query_id,target,native_qerror,reservoir_qerror,qerror_ratio_reservoir_over_native,absolute_log_qerror_difference,is_top20
dmv.1,100,1.7781316348195328,1.4471641791044776,0.8138678547560704,0.2059572667527655,False
dmv.10,100,2.398145574653448,1.0004337960053518,0.4171697525701386,0.8742620595141949,False
dmv.100,100,2.3780885849739324,1.00885814895584,0.4242306848156788,0.8574779037399848,False
dmv.1000,100,2.5939067774482925,1.0719158352697271,0.4132437775285835,0.8837175997964641,False
dmv.1001,100,2.4626465733456238,1.0360656920482318,0.4207122951632831,0.8658060633235735,False
dmv.1002,100,2.3945608990349703,1.0004105444081093,0.41778454864575953,0.872789413200896,False
dmv.1003,100,2.4082266396737437,1.0056169510974449,0.41757571091136236,0.8732894076317027,False
dmv.1004,100,2.290949497736407,1.016383932275928,0.44365182789065194,0.8127151955905989,False
dmv.1005,100,2.467781540815782,1.0015056325823224,0.4058323704987483,0.901815085184,False
dmv.1006,100,2.380689744671187,1.010211910602344,0.42433580976418706,0.8572301330591542,False
dmv.1007,100,1.1175116864437253,2.0711757513353497,1.853381737712725,0.6170119367242209,False
dmv.1008,100,2.4539654549435617,1.0256707346582223,0.4179646182842503,0.8723584952929822,False
dmv.1009,100,2.41084192273395,1.0476956032710172,0.43457664867670226,0.83338294321379,False
dmv.101,100,2.44936704036877,1.026217393909893,0.4189724843179847,0.8699500311018388,False
dmv.1010,100,2.375598239809848,1.013855634691331,0.42677908145465027,0.8514887732799414,False
dmv.1011,100,2.4187512408635676,1.0083492475417397,0.4168883639235792,0.8749368054381799,False
dmv.1012,100,2.414648303965723,1.0083281785463372,0.4175880093553578,0.8732599560554479,False
dmv.1013,100,2.4575331421285505,1.0239166559317403,0.41664408848821965,0.8755229264503753,False
dmv.1014,100,2.432337739557821,1.0123516045278902,0.41620519554653923,0.8765768818075363,False
dmv.1015,100,2.3923697934297943,1.0001608041231962,0.41806279567228893,0.8721236288595351,False
dmv.1016,100,1.4115315181180323,1.6905976820537163,1.1977045218995588,0.18040682645017742,False
dmv.1017,100,1.6761640328668104,1.4434833682787216,0.8611826408241646,0.1494486706572703,False
dmv.1018,100,2.8336315993866528,1.1548757544557557,0.40756030343031596,0.8975663733716777,False
dmv.1019,100,1.9286810886252617,1.2174059869262126,0.6312116575965202,0.4601140406784988,False
dmv.102,100,2.4469384339397138,1.0187075791300115,0.41631925225426814,0.876302879743708,False
dmv.1020,100,2.396500684504169,1.0025625969193797,0.41834438162357873,0.8714503061775405,False
dmv.1021,100,2.553395869035808,1.042618377348154,0.40832617847927316,0.8956889669165089,False
dmv.1022,100,2.4398199290170655,1.017710578619249,0.41712528310614133,0.874368663202669,False
dmv.1023,100,2.4980059850314484,1.0348163464940752,0.4142569524232134,0.8812688396582715,False
dmv.1024,100,2.4121739442290977,1.0067519469776907,0.41736291422359956,0.8737991377746481,False
dmv.1025,100,2.761568398521113,1.1405001848369416,0.4129900188051497,0.8843318538551544,False
dmv.1026,100,2.4474798382686167,1.0211677891963322,0.41723236009115455,0.8741119939278704,False
dmv.1027,100,2.391420401459606,1.0032422779268075,0.4195173200473148,0.868650466567665,False
dmv.1028,100,2.2787052700766104,1.0321789598817477,0.452967293943655,0.7919353549054404,False
dmv.1029,100,2.4815841206712053,1.029157829052607,0.41471809094839235,0.8801562884990265,False
dmv.103,100,2.4410284399593953,1.0173286447274912,0.4167623072611205,0.8752392262668953,False
dmv.1030,100,12.995472800292077,5.579615637834279,0.42935072263849267,0.8454811587662061,False
dmv.1031,100,2.431460976095474,1.012233806971586,0.4163068282498478,0.876332722682122,False
dmv.1032,100,2.5104276702440416,1.0389784163422324,0.41386510699240026,0.8822151867712407,False
dmv.1033,100,2.284137669538408,1.0352861137379497,0.45325031303702734,0.7913107386976029,False
dmv.1034,100,4.353982300884955,1.420323325635104,0.32621247113163976,1.1202063579759394,False
dmv.1035,100,2.175436540489863,1.0650425370567589,0.4895764676348286,0.7142146134105012,False
dmv.1036,100,2.3998728054075253,1.0005646248015059,0.4169240230344619,0.874851272741707,False
dmv.1037,100,23573.0,57709.833333333336,2.44813275074591,0.8953255914256601,True
dmv.1038,100,2.1369417868754477,1.128466063296357,0.5280752476399255,0.638516490960542,False
dmv.1039,100,2.4130394142491967,1.009174895817131,0.41821732784714166,0.8717540584912684,False
dmv.104,100,2.3964187560054464,1.0031895694606605,0.4186203128925855,0.8707909443650014,False
dmv.1040,100,2.311162508176806,1.03443953622368,0.4475840762230574,0.8038908790863704,False
dmv.1041,100,2.400961645932027,1.0019091321274602,0.41729493422979275,0.8739620308549277,False
dmv.1042,100,2.438533888683009,1.0207360990266565,0.4185859806024391,0.870872960686265,False
dmv.1043,100,2.528509625411151,1.0435220545628903,0.412702425205602,0.885028465803741,False
dmv.1044,100,2.6162242469590677,1.1014453658881642,0.421005717368614,0.8651088649439549,False
dmv.1045,100,2.449981546722038,1.0271124360601056,0.4192327233788085,0.8693290875266952,False
dmv.1046,100,2.2346945689991564,1.0515192705828227,0.4705427243481253,0.753868517813401,False
dmv.1047,100,2.3990051265048487,1.0000891414358788,0.4168766170553898,0.8749649833263333,False
dmv.1048,100,2.321570373314277,1.0196447662652228,0.4392047632868335,0.8227895434748765,False
dmv.1049,100,2.5498763101895094,1.0509263516867893,0.4121479726240852,0.8863728372594193,False
dmv.105,100,2.415064759271058,1.0274423154627654,0.42543054446824835,0.8546535770346942,False
dmv.1050,100,2.4893336605980405,1.0300978015315911,0.41380463287678326,0.8823613178010743,False
dmv.1051,100,2.5171895605238137,1.0060378107235974,0.3996670836797235,0.917123369221133,False
dmv.1052,100,1.004586923583511,2.38982402976895,2.3789121415637107,0.8666432998123416,False
dmv.1053,100,1.179255446492698,1.9819722884839872,1.680698015327131,0.5192091924388137,False
dmv.1054,100,2.2527477345404825,1.0449951405588782,0.46387579245398164,0.7681384512676546,False
dmv.1055,100,2.1540429801822896,1.060928799710059,0.4925290764719449,0.7082017815909829,False
dmv.1056,100,4.084090412412975,1.6515553853534546,0.4043875670170773,0.9053815365787686,False
dmv.1057,100,1.0030706243602865,2.0194472876151486,2.0132653061224492,0.6997579343579979,False
dmv.1058,100,2.5070762695866056,1.0482998489551538,0.41813640122245227,0.8719475809737519,False
dmv.1059,100,2.320261437908497,1.0363318091935168,0.446644413539741,0.8059924963797844,False
dmv.106,100,2.4113049656869436,1.0075159733986232,0.41783017400770683,0.8726802112906,False
dmv.1060,100,2.4086956687050174,1.0058980630361256,0.4176111063366194,0.8732046471336985,False
dmv.1061,100,2.319391798348212,1.0542002251756226,0.45451580277484227,0.7885225963874403,False
dmv.1062,100,2.7293728284294323,1.1187119744017306,0.40987876875929513,0.8918938489604327,False
dmv.1063,100,2.3207440955963254,1.00620532296894,0.4335701316134949,0.8357017158845813,False
dmv.1064,100,17.326498422712934,6.818746120422098,0.393544382371198,0.9325614287397483,False
dmv.1065,100,2.3733930032334722,1.0280827525077916,0.4331700443656606,0.8366249159100064,False
dmv.1066,100,2.326277130444594,1.0352758132518256,0.44503546017922874,0.8096013141946216,False
dmv.1067,100,2.390387635351715,1.0000831129441106,0.4183769603531107,0.8713724338252672,False
dmv.1068,100,2.2175165170252416,1.0411153552330024,0.4694960994606885,0.7560952882262884,False
dmv.1069,100,2.445323932082277,1.017821391967317,0.4162317223553312,0.8765131489090298,False
dmv.107,100,2.2354217763341815,1.0681441948555435,0.47782669300429265,0.7385071791705905,False
dmv.1070,100,1.2640997023809524,1.6926925453956856,1.3390498725752973,0.291960312150813,False
dmv.1071,100,1.2318547779151463,1.871756584744933,1.5194620488567565,0.4183563569895927,False
dmv.1072,100,2.3988355654468085,1.0003851822703478,0.41702949409290396,0.8745983304449525,False
dmv.1073,100,2.455877855023105,1.000062457691459,0.40721180642025473,0.8984218200103147,False
dmv.1074,100,1.7988368845591496,1.2811720869064906,0.7122224910461931,0.3393649289597592,False
dmv.1075,100,2.392743503935619,1.005136128649205,0.420076839408797,0.8673176334648854,False
dmv.1076,100,1.749943934964559,1.368984972944893,0.782302190139948,0.24551418067857222,False
dmv.1077,100,2.396522430247519,1.0017447231881889,0.41799931039440597,0.87227549623289,False
dmv.1078,100,2.258483490068125,1.0636900065550556,0.4709753297877641,0.7529495647074418,False
dmv.1079,100,2.400395804098995,1.0001676874278382,0.4166678202486102,0.875465968761068,False
dmv.108,100,2.609096565420096,1.0967893419960468,0.4203713103349436,0.8666168860403444,False
dmv.1080,100,1.349147582197431,1.7871940079050233,1.3246838459244925,0.2811738241176026,False
dmv.1081,100,2.4014959590120264,1.0035927207658075,0.41790314782735877,0.8725055770671443,False
dmv.1082,100,2.5741638057161067,1.0565330162387128,0.4104373676191892,0.8905319375668547,False
dmv.1083,100,2.2757001044644602,1.056641748578011,0.46431502398101365,0.7671920261317009,False
dmv.1084,100,2.3967702945929257,1.0015792067277167,0.4178870244625707,0.8725441593939641,False
dmv.1085,100,2.5266887334499124,1.0154791690093332,0.4019011742783249,0.9115490557140695,False
dmv.1086,100,2.0498658279416517,1.1807233137630258,0.5760002911744887,0.5516471127751086,False
dmv.1087,100,2.6449218380873956,1.1119030188497214,0.42039163609226515,0.8665685352955551,False
dmv.1088,100,2.3005411638378095,1.0534475023591838,0.45791291150026686,0.7810762625114084,False
dmv.1089,100,9.17026825633383,3.767199816331216,0.4108058467896227,0.8896345683376283,False
dmv.109,100,2.3997006585263074,1.0000428637561223,0.41673650428143977,0.8753011411234773,False
dmv.1090,100,2.401830972092325,1.0042635069643289,0.4181241388895394,0.8719769075587707,False
dmv.1091,100,1.0487945936104357,2.3491784696763918,2.239884228988475,0.8064241810440231,False
dmv.1092,100,16.760330578512395,1.9921414538310414,0.118860510805501,2.1298046515137266,False
dmv.1093,100,2.134453170447935,1.101742155827343,0.5161706853451988,0.6613177826453427,False
dmv.1094,100,2.4113754996907226,1.0145768952706236,0.4207461241108035,0.8657256578115157,False
dmv.1095,100,1.2183924264108095,1.956638744437153,1.6059183412696514,0.4736957681980255,False
dmv.1096,100,1.7071109035563061,1.419755413456013,0.8316714576061431,0.18431779883255112,False
dmv.1097,100,2.3736835836696883,1.0248294840645513,0.4317464598546772,0.8399167615149012,False
dmv.1098,100,2.4395666492776913,1.0170128324511127,0.4168825773840738,0.8749506858439815,False
dmv.1099,100,2.361480551697943,1.0055245633534156,0.42580260194411806,0.8537794158225038,False
dmv.11,100,2.093211726384365,1.10301642038169,0.5269492839536812,0.6406509704537052,False
dmv.110,100,2.435710270723096,1.0150584632869937,0.4167402319922272,0.8752921961568688,False
dmv.1100,100,2466.0,6147.0,2.4927007299270074,0.9133667531827196,True
dmv.1101,100,2.4136263518321397,1.0083263720636824,0.4177640716005111,0.8728384278117909,False
dmv.1102,100,2.4229078104195234,1.0087963780843503,0.4163577226281996,0.8762104780678619,False
dmv.1103,100,2.418934170633556,1.0117771316167679,0.41827394225935793,0.8716186968579175,False
dmv.1104,100,2.507033955321745,1.0758525181000291,0.42913360459928734,0.8459869759068247,False
dmv.1105,100,2.4934537954535263,1.0371329328847065,0.4159423105315917,0.8772087049441142,False
dmv.1106,100,2.3835183089187275,1.0213772664770642,0.4285166439272738,0.8474256993946224,False
dmv.1107,100,2.628784489187174,1.1530435351453898,0.4386223138062997,0.824116569221079,False
dmv.1108,100,2.122174966977777,1.1323570651765011,0.5335832731968885,0.628140131954346,False
dmv.1109,100,2.117067645376761,1.1566199650655937,0.5463311328721182,0.6045300166043667,False
dmv.111,100,14.856716417910448,3.683937823834197,0.24796447076239822,1.3944698061351324,False
dmv.1110,100,56.81521739130435,137.08695652173913,2.412856322938588,0.8808112419520295,True
dmv.1111,100,2.3547391473281656,1.0198627876620099,0.4331107285574328,0.8367618595203797,False
dmv.1112,100,2.309499068428666,1.0144329307567248,0.43924370640552945,0.8227008800641813,False
dmv.1113,100,2.127918862451758,1.1353672438770122,0.5335575824394253,0.6281882807199611,False
dmv.1114,100,4.753064798598949,11.654991243432574,2.452100221075903,0.8969448904343973,True
dmv.1115,100,2.3942916037099,1.000468700096035,0.41785582781388525,0.8726188154885152,False
dmv.1116,100,2.5287313703521597,1.0597093237972564,0.4190675752362251,0.8697230946503781,False
dmv.1117,100,2.401135373411099,1.0002777609194888,0.4165853254239785,0.8756639753940574,False
dmv.1118,100,1.727501108319787,3.903206738584306,2.25945252352438,0.8151225377096871,False
dmv.1119,100,1.082291362223344,2.1926440190306917,2.0259276712015493,0.7060277048938355,False
dmv.112,100,2.2356378985631316,1.0373211153477397,0.46399334883991594,0.767885061255353,False
dmv.1120,100,2.1651553039238816,1.0972583993480127,0.5067804592859765,0.6796773883306333,False
dmv.1121,100,2.41588198042691,1.009083218923824,0.4176872989240596,0.873022215113784,False
dmv.1122,100,2.470518587036609,1.0282126047123545,0.41619302526507085,0.8766061232959609,False
dmv.1123,100,1.8746792569023916,1.3240350396934026,0.7062728383100367,0.3477536596141893,False
dmv.1124,100,2.4263709107654265,1.0128881309313496,0.417449832767663,0.8735909029466802,False
dmv.1125,100,1.6236099230111207,1.4909568901340373,0.918297473428182,0.08523389572419132,False
dmv.1126,100,2.3959439730035648,1.000816733413652,0.4177129117752383,0.8729608963569567,False
dmv.1127,100,2.4985520094562648,1.1022879864415618,0.4411707189883319,0.8183233605587142,False
dmv.1128,100,2.400726525261512,1.000546094345509,0.4167680424310382,0.8752254651124995,False
dmv.1129,100,2.406667004020728,1.0015362560775307,0.41615074059032753,0.8767077271680971,False
dmv.113,100,2.410796657854833,1.005907766086794,0.4172511865774144,0.8740668726397679,False
dmv.1130,100,2.293699010955119,1.0225519315162483,0.44580911733944006,0.8078644066032509,False
dmv.1131,100,2.395707616230445,1.000948662487889,0.4178091916169819,0.872730430061023,False
dmv.1132,100,2.3319457883035226,1.0284129754566067,0.44101067040875397,0.8186862078897905,False
dmv.1133,100,3.8727834868099116,1.5783678627309137,0.40755386096501006,0.8975821808881885,False
dmv.1134,100,2.6554615626677527,1.0550174664460379,0.39730097444383156,0.9230611634995234,False
dmv.1135,100,2.3264845071296683,1.0237246642425795,0.4400307249437107,0.8209107250902661,False
dmv.1136,100,4.494864533581301,1.851586168471637,0.4119336978096598,0.8868928702293105,False
dmv.1137,100,2.4566306758090506,1.005470930617356,0.4092886002435921,0.893334747707486,False
dmv.1138,100,2.2640046131238414,1.0413922030233085,0.4599779510106255,0.7765767232333962,False
dmv.1139,100,7.255044464888071,3.014999362813814,0.4155728303810373,0.878097396338154,False
dmv.114,100,2.396642109483527,1.0004460965070148,0.417436584523089,0.8736226395860618,False
dmv.1140,100,2.395299451816179,1.0052038495225526,0.4196568611746563,0.8683178988320266,False
dmv.1141,100,2.073138841219253,1.3032046986479562,0.628614288988728,0.4642374234282058,False
dmv.1142,100,2.216068374561419,1.0677119073902797,0.48180458673870563,0.7302166688410654,False
dmv.1143,100,2.6149848916442466,1.1045239329311918,0.4223825294213041,0.8618439077169787,False
dmv.1144,100,1.7360182515288825,1.3769142314782703,0.7931450203738611,0.23174919843791758,False
dmv.1145,100,2.3951847413789467,1.0000399011438152,0.4175209886182208,0.8734204638153776,False
dmv.1146,100,2.396702763859706,1.0167690467631008,0.42423660626387905,0.8574639457518276,False
dmv.1147,100,2.1631946076818203,1.1098391362282383,0.5130556133447436,0.6673710316076764,False
dmv.1148,100,1.5325045840000253,1.570054407591527,1.0245022585795418,0.024206893262022022,False
dmv.1149,100,2.394827795649751,1.0018594571788835,0.4183430052878039,0.8714535961417407,False
dmv.115,100,2.4155569463446076,1.0103083917160147,0.4182507033191187,0.8716742575407211,False
dmv.1150,100,2.442488411293721,1.0211363481996503,0.41807213638273993,0.8721012862684214,False
dmv.1151,100,2.3951833888468577,1.0021177329798834,0.4183887286653007,0.8713443057307596,False
dmv.1152,100,2.397102245121877,1.0001037135073196,0.4172136234666415,0.8741569018665157,False
dmv.1153,100,2.44400103543905,1.0156999647154674,0.41558900752797884,0.878058469750802,False
dmv.1154,100,2.392318747072417,1.005341235146999,0.4202371596081325,0.8669360613347808,False
dmv.1155,100,2.6092260515965604,1.0368888830019736,0.39739327390492335,0.9228288742594828,False
dmv.1156,100,1.0401915441012448,2.2646542455851404,2.1771511779994963,0.7780172231116627,False
dmv.1157,100,2.2801563930234647,1.0374723746835188,0.45500053323440715,0.7874566880881215,False
dmv.1158,100,2.6295004233700254,1.0557730949559483,0.4015109051029725,0.9125205850601302,False
dmv.1159,100,30.741799437675727,12.372477525617652,0.4024643238825674,0.9101488223685523,False
dmv.116,100,2.2524991536710406,1.0638242305252752,0.4722861843439512,0.7501701543733529,False
dmv.1160,100,2.3981255130024244,1.0003926578815585,0.417156088143643,0.874294815125564,False
dmv.1161,100,2.0794032551027,1.1382518868380531,0.5473935293911213,0.6025873030681457,False
dmv.1162,100,2.487188295414182,1.0386733637962535,0.41760946113783765,0.873208586688939,False
dmv.1163,100,2.435086187381441,1.0171042062965978,0.4176871486386017,0.8730225749176023,False
dmv.1164,100,2.400229338487767,1.0008897599243254,0.4169975526400835,0.8746749261691829,False
dmv.1165,100,1.6488003349937188,1.4682464472941061,0.8904937827415589,0.11597915803809727,False
dmv.1166,100,2.5114537936084833,1.049628694306361,0.4179366934711721,0.8724253089531495,False
dmv.1167,100,2.43529057130692,1.0156251135855985,0.41704473607868253,0.8745617821732786,False
dmv.1168,100,2.4135853568690653,1.0096216602248613,0.41830783293057255,0.8715376750803978,False
dmv.1169,100,2.1792996143177987,1.0803906827487557,0.4957513302212729,0.7016808283356593,False
dmv.117,100,2.30833695534065,1.02117875181559,0.44238721277366144,0.8155697334104146,False
dmv.1170,100,2.2634719480512997,1.0416122736995304,0.46018342511215565,0.7761301187349304,False
dmv.1171,100,2.4179067743812332,1.0090463119472965,0.4173222568539772,0.8738965574271429,False
dmv.1172,100,1.9765977370939614,1.1978059233116303,0.6059937744706071,0.5008855661164052,False
dmv.1173,100,2.395407807442642,1.00073686621601,0.4177730669102249,0.8728168960107504,False
dmv.1174,100,2.371752097549124,1.002993245601138,0.4228912653382248,0.8606401889184025,False
dmv.1175,100,2.054351817847962,1.1725658443570492,0.5707716829074446,0.5607660040924494,False
dmv.1176,100,2.433023263908528,1.0,0.41101127754674693,0.889134625575864,False
dmv.1177,100,2.400960861787828,1.000252885188065,0.41660524380361885,0.8756161630918549,False
dmv.1178,100,2.3931262372442603,1.0047447300386774,0.4198461052333219,0.8678670509626476,False
dmv.1179,100,2.487870623807747,1.035481194368701,0.4162118337101757,0.8765609326777053,False
dmv.118,100,2.4016576472518762,1.004629967189209,0.4183069007936115,0.8715399034345579,False
dmv.1180,100,2.3914583250391015,1.0001489954509768,0.41821719616821,0.8717543733489839,False
dmv.1181,100,2.2734038716446294,1.07518532101019,0.47294074511819045,0.7487851729292846,False
dmv.1182,100,2.2057661331329985,1.0846611957063708,0.49173898330089655,0.7098072250124279,False
dmv.1183,100,2.316222760290557,1.1987648563019668,0.5175516262311439,0.6586459979852656,False
dmv.1184,100,2.4858883200120387,1.027391784443556,0.41328959799713794,0.8836067259468214,False
dmv.1185,100,2.4349327482240706,1.0184251269613946,0.4182559570502256,0.871661696418722,False
dmv.1186,100,3.36265493802479,1.5934065934065933,0.47385373247442214,0.7468565861856504,False
dmv.1187,100,2.302304524345007,1.0552551072189762,0.4583473194186553,0.7801280429199031,False
dmv.1188,100,2.2520079593875786,1.0467740439145412,0.4648180924721091,0.7661091489177769,False
dmv.1189,100,2.43192153299317,1.0121780991804552,0.4162050812283744,0.8765771564753726,False
dmv.119,100,5.039225674987264,1.9883417085427135,0.39457286432160804,0.9299514553162321,False
dmv.1190,100,2.1099036171132606,1.2360917480584495,0.5858522342123155,0.534687681250058,False
dmv.1191,100,1.811124367368775,1.344974153536489,0.7426183302312281,0.2975730536881185,False
dmv.1192,100,2.3859378460175686,1.0093306324116786,0.42303307862624284,0.8603049029312847,False
dmv.1193,100,2.348245356191271,1.0392575682548741,0.4425677093387271,0.8151618107850729,False
dmv.1194,100,2.414074787562939,1.006554674639648,0.4169525649434361,0.8747828167869607,False
dmv.1195,100,3.244037094192134,1.350255665889884,0.41622695015025396,0.876524614235141,False
dmv.1196,100,2.419515381302822,1.0110954689480387,0.4178917302040875,0.8725328986590135,False
dmv.1197,100,2.43759557343113,1.0140585085503848,0.41600769200733667,0.8770515284895675,False
dmv.1198,100,2.41193493909299,1.0088862364108369,0.4182891586579152,0.8715823184937693,False
dmv.1199,100,1.527459168032137,1.6002975984497196,1.0476860082036905,0.04658393051399795,False
dmv.12,100,2.9387335212984835,1.122929721167509,0.3821134897155769,0.9620376210028211,False
dmv.120,100,2.3959689625825438,1.0016005544218383,0.4180356966486923,0.8721884514225584,False
dmv.1200,100,2.4481110783806694,1.0203486804824717,0.41679018958461345,0.8751723262849294,False
dmv.1201,100,4.576923076923077,11.346153846153847,2.4789915966386555,0.9078518632282904,True
dmv.1202,100,2.3992534681120223,1.000453508580345,0.4169853339287257,0.8747042282365403,False
dmv.1203,100,2.412724457357093,1.0100576676911233,0.41863780367093556,0.8707491632750206,False
dmv.1204,100,2.5079382746967687,1.0169922905928683,0.4055092985555362,0.9026114746031804,False
dmv.1205,100,2.41228734008915,1.006329738181768,0.41716827073535007,0.874265611635151,False
dmv.1206,100,2.4875559608561377,1.039829603180064,0.4180125470713783,0.8722438299907064,False
dmv.1207,100,2.395498619425753,1.0008660474693605,0.41781115603785546,0.872725728354371,False
dmv.1208,100,2.563735183849163,1.0719267182802585,0.4181113264088688,0.8720075507955224,False
dmv.1209,100,2.4609036752827143,1.0241949028078723,0.41618650623950587,0.8766217868852694,False
dmv.121,100,2.4097453799071453,1.0047742268590198,0.41696281907499155,0.8747582240482907,False
dmv.1210,100,2.579755023396642,1.0716960635773707,0.4154255167090707,0.878451942587315,False
dmv.1211,100,2.3267914366500606,1.0676809551254898,0.45886405558663074,0.7790012879826519,False
dmv.1212,100,2.3799260652595726,1.0012795394854617,0.42071875849481677,0.8657907006114282,False
dmv.1213,100,2.4879976006107536,1.0898829970713435,0.438056289444893,0.8254078621486318,False
dmv.1214,100,2.3934608581874355,1.0004101850394265,0.4179764133669751,0.8723302754011979,False
dmv.1215,100,2.4130173050243795,1.0050563820727232,0.4165143697809365,0.8758343166956375,False
dmv.1216,100,1.8447326850267467,1.3181875439772903,0.7145683245473465,0.33607666050547713,False
dmv.1217,100,1.6642942354445511,1.4362221758028564,0.8629616958441401,0.1473849737688689,False
dmv.1218,100,2.2960544265584706,1.0361047224777675,0.4512544260681019,0.7957239609219813,False
dmv.1219,100,2.5893484745131654,1.0867648238711953,0.419705896895752,0.8682010584774122,False
dmv.122,100,2.637778257488472,1.1025756429323106,0.4179940598881554,0.8722880573522416,False
dmv.1220,100,2.414249150795393,1.0076436176216095,0.417373499868327,0.8737737749306429,False
dmv.1221,100,2.337292425314029,1.040340509228846,0.44510498470856513,0.8094451039474025,False
dmv.1222,100,3.241423125794155,1.2823797943018627,0.3956224610409902,0.9272949036942034,False
dmv.1223,100,1.469844579226687,1.6271002849811087,1.1069879822512643,0.10164279752598543,False
dmv.1224,100,2.411842958577914,1.009455500029746,0.4185411394384266,0.870980091761061,False
dmv.1225,100,2.298639773905618,1.0083775774374022,0.4386844728280623,0.8239748650354657,False
dmv.1226,100,2.400006698477457,1.0000634998389826,0.41669196193219543,0.8754080305593257,False
dmv.1227,100,1.3884867260708864,1.7835552585507022,1.2845317316052227,0.25039424073112454,False
dmv.1228,100,2.3973989711820343,1.0019548445851487,0.41793412637160526,0.8724314512887974,False
dmv.1229,100,2.477104516064483,1.010368598948551,0.40788291022688905,0.8967751305039927,False
dmv.123,100,2.480872915343101,1.0374347581437844,0.41817327752973943,0.8718593928103288,False
dmv.1230,100,2.317234824483589,1.0354574439577147,0.44685045857986067,0.8055312849051549,False
dmv.1231,100,2.4259714133008323,1.0046103932033739,0.4141064431738204,0.8816322290881988,False
dmv.1232,100,2.436998715665279,1.0236588721911493,0.42004899945616075,0.867383909137787,False
dmv.1233,100,2.348403402381959,1.0260221836846333,0.4369020171934475,0.8280463259755577,False
dmv.1234,100,2.482442645945564,1.033755831635839,0.4164268742821572,0.8760444047414024,False
dmv.1235,100,2.340931793662844,1.0222067130487884,0.43666659396741614,0.8285853179418966,False
dmv.1236,100,1.3273394960111435,1.724371030610298,1.2991183007755698,0.2616858041927215,False
dmv.1237,100,3.5448516579406633,1.6251333475570728,0.45844890121612974,0.7799064412256471,False
dmv.1238,100,3.685481301441127,1.514920974900773,0.41105105439237916,0.8890378522677636,False
dmv.1239,100,1.8638791362899456,1.2887972251867663,0.6914596553466011,0.36895047325747227,False
dmv.124,100,2.4509193276396672,1.0314628792219123,0.42084733984910555,0.8654851242448366,False
dmv.1240,100,2.5084555850756614,1.0300581664875776,0.41063440493665687,0.890051986050225,False
dmv.1241,100,8.799889467139502,3.6482920588853034,0.4145838504572967,0.8804800318440393,False
dmv.1242,100,2.447865275506154,1.0184349562749402,0.4160502485433373,0.8769492362477327,False
dmv.1243,100,2.3912352233861234,1.001116965582883,0.41866101493990426,0.8706937200605822,False
dmv.1244,100,3.973981900452489,1.578876404494382,0.39730337078651684,0.9230551319626974,False
dmv.1245,100,2.3887058972194803,1.0049433993809054,0.42070620772138057,0.8658205327983517,False
dmv.1246,100,1.5759385233021421,1.5789583721992422,1.0019162225254652,0.0019143889131142955,False
dmv.1247,100,1.2991131589777523,3.1606703356116297,2.432944592831853,0.8891022903533562,False
dmv.1248,100,2.2680894800483675,1.1247527602881042,0.49590316880448587,0.7013745955004355,False
dmv.1249,100,2.2107941893754637,1.02064959329031,0.4616664898954875,0.7729125319267423,False
dmv.125,100,1.8096776946491053,1.3480797162960028,0.7449280721545247,0.29446761270717287,False
dmv.1250,100,1.268181430252193,1.9361425730200028,1.5267078722600265,0.4231136996570814,False
dmv.1251,100,2.515383788817651,1.1171537847953694,0.4441285619163843,0.8116412045968121,False
dmv.1252,100,2.398227987467595,1.00043293848891,0.41715505936752717,0.874297281294496,False
dmv.1253,100,2.7087206292068347,1.0347935838144844,0.3820230010643408,0.962274459977928,False
dmv.1254,100,2.24582653663277,1.0108051173678538,0.4500815627921923,0.7983264619923697,False
dmv.1255,100,2.4005719390017415,1.006316332195974,0.41919857340931954,0.8694105491077185,False
dmv.1256,100,2.399703152428705,1.0002906816809567,0.4168393414279499,0.8750544037748337,False
dmv.1257,100,1.049935110934169,2.5411837055604423,2.4203245315793374,0.8839016351358668,False
dmv.1258,100,1.7747473147238682,1.3361124600091407,0.7528465877504514,0.2838938066661384,False
dmv.1259,100,2.3738190304750395,1.0134739565357653,0.42693817158124003,0.8511160734712738,False
dmv.126,100,2.396002303307249,1.0007763761239516,0.41768589902545605,0.8730255666663764,False
dmv.1260,100,2.2335833954014097,1.073118544680519,0.4804470461635317,0.7330382623399271,False
dmv.1261,100,1.3829357642272766,3.3411497768515326,2.4159833473671277,0.8821063874027577,False
dmv.1262,100,2.372263274690581,1.004769945724426,0.42354908767682203,0.8590858620985814,False
dmv.1263,100,1.8145727287713111,1.3444223450307289,0.7409029815746587,0.29988559130704995,False
dmv.1264,100,2.53255782342606,1.0124987923872089,0.399792961495937,0.9168084621334971,False
dmv.1265,100,2.2096495186360805,1.0847629242212067,0.49092080670367266,0.7114724540054371,False
dmv.1266,100,2.405369960703051,1.000272286240749,0.41584966245624244,0.8774314723637122,False
dmv.1267,100,2.4439396005330916,1.0089539609156246,0.41283915555668543,0.8846972157358584,False
dmv.1268,100,2.4136665124305448,1.0090998041179624,0.4180775591495472,0.8720883154646614,False
dmv.1269,100,2.4160250342869283,1.0069679117651684,0.41678703551280355,0.8751798938424751,False
dmv.127,100,2.363554383844798,1.0111453808471051,0.427807114470653,0.849082852105932,False
dmv.1270,100,2.412691877153025,1.0101324241294738,0.41867444147962624,0.8706616503814106,False
dmv.1271,100,2.416171185857703,1.0068752858403565,0.4167234886889571,0.8753323737983353,False
dmv.1272,100,2.277240760862979,1.1102657887454856,0.4875487071137534,0.7183650815068974,False
dmv.1273,100,2.4307284276497625,1.01656892455498,0.4182157549940231,0.8717578193494909,False
dmv.1274,100,2.4169072950688957,1.014793325976498,0.4198726728356251,0.867803773582158,False
dmv.1275,100,2.172033601232284,1.0886446955489166,0.501209877660863,0.6907303481319523,False
dmv.1276,100,2.259597429491648,1.0639171392575228,0.47084366682824436,0.7532291576246593,False
dmv.1277,100,1.6281140498247972,1.471438890281115,0.9037689284970287,0.1011815613334408,False
dmv.1278,100,2.345823514802934,1.0284296869924892,0.43840880633293705,0.8246034561118123,False
dmv.1279,100,2.3818282068449452,1.0258938154631925,0.43071696460515435,0.842304099248382,False
dmv.128,100,2.3914464765641066,1.000244019872065,0.41825900335815097,0.871654413087115,False
dmv.1280,100,2.3979111112751657,1.0001001584786053,0.4170714059316278,0.8744978345966495,False
dmv.1281,100,1.6658975533995817,1.4648446322089939,0.8793125538960658,0.12861486555129215,False
dmv.1282,100,2.0842989667722205,1.162256298837583,0.55762456219871,0.5840693706517748,False
dmv.1283,100,2.590810192037766,1.0564860710317026,0.40778211938433745,0.8970222683348561,False
dmv.1284,100,2.4676854504934735,1.0605459396593009,0.4297735513443251,0.8444968337907008,False
dmv.1285,100,3.8987929433611885,8.967038068709378,2.2999523696118125,0.8328884138562429,True
dmv.1286,100,2.6781586994134736,1.0926365769361395,0.4079805192931363,0.8965358525484398,False
dmv.1287,100,2.2461614254043845,1.0654758096943997,0.4743540680753069,0.7458012570752364,False
dmv.1288,100,2.431362506818595,1.0159386815986546,0.41784747389561283,0.872638808034328,False
dmv.1289,100,2.496401671498141,1.051466454058186,0.4211928176715166,0.864664550929631,False
dmv.129,100,2.410847681356365,1.0161609511123315,0.42149529353120724,0.8639466676020754,False
dmv.1290,100,1.0719984537244838,2.1454844138152094,2.001387601223746,0.6938407406034384,False
dmv.1291,100,1.222318304422772,1.9442981634182908,1.5906643599978378,0.46415176543941583,False
dmv.1292,100,2.4295440380903526,1.0029418632587428,0.41281073630880377,0.8847660566529901,False
dmv.1293,100,1.2562070094988536,1.9969232373800585,1.5896450364312993,0.4635107437812167,False
dmv.1294,100,2.2354532620791896,1.0697828236097087,0.4785529815169145,0.7369883500453169,False
dmv.1295,100,2.3155646564061914,1.0163617562069331,0.43892609666289756,0.8234242248099711,False
dmv.1296,100,2.015893313847278,1.0856970246186377,0.5385686916866718,0.6188402293571914,False
dmv.1297,100,1.973783426131682,1.1688888326671052,0.5922072387434882,0.5238986399116619,False
dmv.1298,100,2.4024560652284763,1.001716107868876,0.41695501631311277,0.8747769375511034,False
dmv.1299,100,2.3954347231074404,1.0021717366316405,0.41836737480852276,0.8713953453507729,False
dmv.13,100,2.0610010427528676,1.1680969099091447,0.5667619208716771,0.5678159560765302,False
dmv.130,100,2.4029347014983142,1.0070785855199154,0.419103600647977,0.8696371327065399,False
dmv.1300,100,2.3932342137072444,1.0000856295628633,0.41788038288725554,0.872560052751989,False
dmv.1301,100,2.4369961022011726,1.0049423090275071,0.41236927220351777,0.8858360393061081,False
dmv.1302,100,2.425875816687352,1.0128891570140783,0.41753545257614477,0.8733858219463687,False
dmv.1303,100,2.1845078457173717,1.0911046441586079,0.49947389582402685,0.694199942871721,False
dmv.1304,100,2.394850743301611,1.0017616439011148,0.41829815352920785,0.8715608147698617,False
dmv.1305,100,13.989071038251366,5.601750547045952,0.40043763676148797,0.9151972380527837,False
dmv.1306,100,2.4167446846524925,1.0160094581541277,0.4204041347877098,0.8665388046620804,False
dmv.1307,100,2.1513060620995565,1.1474822451317297,0.533388654151725,0.6285049382671148,False
dmv.1308,100,2.57323568765322,1.0747247770122772,0.4176550100595028,0.8730995220195296,False
dmv.1309,100,2.220459075703002,1.0894202695811879,0.49062839369659406,0.7120682733807878,False
dmv.131,100,2.418868090839006,1.0030702449750912,0.414685798193802,0.8802341582920895,False
dmv.1310,100,2.1458068614993646,1.1140848049064185,0.5191915567498749,0.6554823757624764,False
dmv.1311,100,3.327857365306758,1.4150499900681983,0.4252135337350195,0.8551638039168823,False
dmv.1312,100,2.3932342137072444,1.0000856295628633,0.41788038288725554,0.872560052751989,False
dmv.1313,100,2.2606680028619217,1.0644890708000214,0.47087368399624263,0.7531654077787375,False
dmv.1314,100,2.4213152126822575,1.0043868624873513,0.41481045393289495,0.879933600598883,False
dmv.1315,100,2.3698015985870167,1.0156342299805003,0.42857352724636005,0.84729296349102,False
dmv.1316,100,2.244540780884228,1.0717437611902965,0.4774891016986054,0.7392139429896579,False
dmv.1317,100,2.2664995147201554,1.0098694439771412,0.44556349446288307,0.8084155181799845,False
dmv.1318,100,2.428675966894988,1.0137057013829271,0.4173902633371585,0.8737336115465272,False
dmv.1319,100,2.444553768285435,1.0079404905890073,0.4123208512185675,0.8859534676191938,False
dmv.132,100,2.2892592580551296,1.0529558554453164,0.459954831127283,0.776626987521823,False
dmv.1320,100,1.6268539229516246,1.466381623071764,0.9013603510334146,0.10385015567767525,False
dmv.1321,100,2.3963950323313576,1.001604346677155,0.41796295400543115,0.8723624771662312,False
dmv.1322,100,2.068362757638819,1.1495808713287505,0.5557926756721716,0.5873599397523389,False
dmv.1323,100,2.3940649882310217,1.0016946313322879,0.4184074518680638,0.8712995559979052,False
dmv.1324,100,2.3947894960813656,1.000031081478062,0.4175862150366158,0.8732642529283389,False
dmv.1325,100,2.4570100761073537,1.0313608609756084,0.41976256874355017,0.8680660400694459,False
dmv.1326,100,2.0275514686087535,1.1925608351357049,0.5881778359757276,0.5307259346743223,False
dmv.1327,100,2.2935334224858956,1.0502268413924014,0.457907798986461,0.7810874273906198,False
dmv.1328,100,2.5003690606313893,1.0308522132648505,0.4122800227757343,0.8860524935701821,False
dmv.1329,100,1.0743083984617292,2.127120512282175,1.9799905830839046,0.6830920886769041,False
dmv.133,100,2.590640036766538,1.0356836902071291,0.39977907988320893,0.9168431847401193,False
dmv.1330,100,2.5106794863521973,1.0493554129133178,0.41795673984573056,0.8723773450052028,False
dmv.1331,100,2.4580157677567724,1.0335135026531657,0.42046658781052815,0.8663902609650418,False
dmv.1332,100,2.396720572945996,1.0007610104081415,0.41755431221505646,0.8733406540142252,False
dmv.1333,100,1.1423268362727863,2.1575157338173496,1.8887026596144305,0.6358901698906582,False
dmv.1334,100,2.4371814073838225,1.0153493719490854,0.41660804110556793,0.8756094485999001,False
dmv.1335,100,2.313585312295745,1.0391417335434083,0.44914779153411877,0.8004032883086152,False
dmv.1336,100,2.6364939360529216,1.0676619412035295,0.40495520456304157,0.9039788240100758,False
dmv.1337,100,4.176744663765897,1.7022512957508504,0.4075545509205349,0.8975804879709897,False
dmv.1338,100,2.473749498519556,1.01601371024835,0.4107181066055375,0.889848171809703,False
dmv.1339,100,1.5991610840224957,1.5181515281516231,0.9493424666969116,0.051985674346284205,False
dmv.134,100,2.570628335887544,1.094878681932086,0.42591870113890434,0.8535067933224323,False
dmv.1340,100,2.401563793789499,1.0008564247617424,0.4167519627627552,0.8752640476736494,False
dmv.1341,100,2.283854842657213,1.0340695180971988,0.45277374848135377,0.7923627297425769,False
dmv.1342,100,2.6044123709386238,1.098839871012369,0.42191470263073194,0.8629521118438925,False
dmv.1343,100,2.4739179776160287,1.0267744031184018,0.4150397921065454,0.8793808787539873,False
dmv.1344,100,4.382802996350598,1.8804252279969234,0.4290462586528953,0.8461905368395238,False
dmv.1345,100,4.172615980429913,1.685511771343434,0.4039460566821135,0.9064739330000605,False
dmv.1346,100,4.260676565130874,1.6515367271864245,0.387623116174202,0.9477217614915484,False
dmv.1347,100,2.256575114113551,1.0633568200509191,0.4712259802034718,0.7524175119094618,False
dmv.1348,100,7.151607298001737,3.1724691675231242,0.4436022610483042,0.8128269264758488,False
dmv.1349,100,2.4060135132788543,1.009251978612664,0.4194706193637628,0.86876179280111,False
dmv.135,100,2.30882912757696,1.026764744677187,0.4447123143126416,0.8103276905679258,False
dmv.1350,100,2.360702404391725,1.0275744621408367,0.43528335474610946,0.8317580697350364,False
dmv.1351,100,2.4287310677305385,1.0150666035438158,0.4179411286126122,0.8724146970160388,False
dmv.1352,100,2.39557176649446,1.001090497460991,0.41789209217719603,0.8725320324706551,False
dmv.1353,100,45.96197858988557,18.481668398396913,0.40210776309930235,0.9110351588755647,False
dmv.1354,100,2.271069954935957,1.0379099022659142,0.45701362039073895,0.7830420846135944,False
dmv.1355,100,2.251146524462082,1.0698361036249944,0.47524054609489924,0.7439341902998328,False
dmv.1356,100,2.4279914278101717,1.0092039598351363,0.4156538397441324,0.877902481121251,False
dmv.1357,100,2.4063789857853553,1.0055157478102394,0.4178542755525582,0.8726225303205383,False
dmv.1358,100,2.4815453828431475,1.0350032165741854,0.41708010811729146,0.8744769698364294,False
dmv.1359,100,2.463507767723037,1.1103948157279604,0.4507372902478292,0.7968706141951317,False
dmv.136,100,1.2477708727370982,1.9105673451710696,1.5311844401208592,0.4260415797793793,False
dmv.1360,100,1.8797291915571486,1.324364406779661,0.7045506409796035,0.3501950680698048,False
dmv.1361,100,2.1854938596953564,1.1135857326745509,0.5095350543925927,0.6742566271304475,False
dmv.1362,100,2.0963122687726816,1.1600228523541039,0.5533635754721109,0.5917400333254885,False
dmv.1363,100,2.2395947946268135,1.0770631630940841,0.48091876516151505,0.7320569105375561,False
dmv.1364,100,2.3943510340086287,1.0017807934999032,0.41839345161629005,0.8713330173665934,False
dmv.1365,100,2.451012011191896,1.02562247968982,0.4184485734898838,0.8712012795426798,False
dmv.1366,100,1.470937637934296,1.5275724892402134,1.038502550920821,0.03777982068230923,False
dmv.1367,100,2.439132447265754,1.0428078095710303,0.4275322608003549,0.8497255295920967,False
dmv.1368,100,2.449794130368453,1.0242087292585533,0.41807950985028713,0.872083649593111,False
dmv.1369,100,1.945041605826575,1.1947730685045495,0.614266072728461,0.4873271014950826,False
dmv.137,100,2.5866021550009513,1.0193017101983162,0.39406976763998763,0.931227310131776,False
dmv.1370,100,2.238194741333897,1.0728435022484981,0.47933429671500144,0.7353570195346928,False
dmv.1371,100,2.1995449484436267,1.0378774540012325,0.47186007939306857,0.751072779308024,False
dmv.1372,100,2.1888507087674256,1.1131689082311487,0.5085631942701065,0.6761657953643758,False
dmv.1373,100,2.3758911109709167,1.0558035870730802,0.44438214453423425,0.8110704008397069,False
dmv.1374,100,2.4324008533738652,1.0176072731729717,0.41835508804459515,0.871424714142634,False
dmv.1375,100,2.620592383638928,1.1216044000268295,0.42799651217385476,0.8486402325600522,False
dmv.1376,100,2.201095234491631,1.1242027526015441,0.5107469840400577,0.6718809502650163,False
dmv.1377,100,2.186993055451695,1.0987960087693553,0.5024231814684081,0.6883125234348138,False
dmv.1378,100,2.424478722891757,1.0076604036021395,0.4156194047354927,0.8779853299531799,False
dmv.1379,100,1.3139275495853742,3.169931946397685,2.4125622051215805,0.8806893384049439,False
dmv.138,100,2.2914421784996875,1.003744557329463,0.43804053479833416,0.8254438276860577,False
dmv.1380,100,2.0527697176287196,1.1813368160785722,0.5754843351075964,0.5525432708125605,False
dmv.1381,100,2.398512397740164,1.0021778706903948,0.41783310006428526,0.8726732083345788,False
dmv.1382,100,2.4227394574934165,1.066930157574497,0.4403817151177909,0.8201133938016477,False
dmv.1383,100,2.399359519386889,1.000069276095265,0.416806763644497,0.8751325611206697,False
dmv.1384,100,1580.0,3830.0,2.4240506329113924,0.8854399561536788,True
dmv.1385,100,2.4450886592798096,1.0106347399186821,0.41333255384545453,0.8835027949107137,False
dmv.1386,100,2.3052259434640634,1.0422604535451152,0.4521294133879607,0.7937868273243724,False
dmv.1387,100,2.386916759878325,1.0034747181819053,0.4204062475279021,0.8665337791765803,False
dmv.1388,100,2.374487186104501,1.0066823675444567,0.4239578016826378,0.8581213530364558,False
dmv.1389,100,2.4124633439955887,1.0012014630598174,0.4150120935730363,0.8794476180361869,False
dmv.139,100,1.5050174019377294,1.619387860545272,1.0759927815188643,0.07324375309149894,False
dmv.1390,100,2.410493036894889,1.0151863124162808,0.42115297446534317,0.8647591515237696,False
dmv.1391,100,2.392142999913566,1.0026411556008468,0.41913930548344086,0.8695519429954806,False
dmv.1392,100,2.395830791487285,1.0075652194996254,0.4205494073620068,0.866193309772147,False
dmv.1393,100,2.4325661602167665,1.0175990165381008,0.41832326420565774,0.8715007860019504,False
dmv.1394,100,2.4035963987806324,1.0129794076656469,0.42144322074186047,0.8640702182253566,False
dmv.1395,100,2.4215939189014972,1.0068640451240891,0.415785667970636,0.8775853727173683,False
dmv.1396,100,2.4558444112447906,1.0087677979484828,0.4107620960552505,0.8897410737941633,False
dmv.1397,100,2.453864857685785,1.0149705735447279,0.4136212189378417,0.8828046540626704,False
dmv.1398,100,2.453135605959458,1.022375116359224,0.4167625767917375,0.8752385795420712,False
dmv.1399,100,2.4057050845791617,1.0355406104129778,0.43045201884923834,0.8429194157991768,False
dmv.14,100,2.144322095814633,1.0612686939485756,0.494920374145283,0.7033583896654141,False
dmv.140,100,2.3994095556254487,1.0000099225415076,0.41677333500526015,0.8752127661047111,False
dmv.1400,100,2.2397272524033087,1.1225058143597217,0.5011796919268774,0.6907905756820198,False
dmv.1401,100,2.46605849136296,1.0466529726298146,0.4244234174880996,0.857023695894383,False
dmv.1402,100,2.575082857000414,1.0925269227585825,0.42426864820622234,0.8573884201326526,False
dmv.1403,100,2.3982323771241747,1.0006630397762204,0.41725024202039973,0.8740691364034532,False
dmv.1404,100,2.4708684966036696,1.0081514569652907,0.40801501915259536,0.8964512936069895,False
dmv.1405,100,2.3999832741734655,1.0025898220488407,0.4177486705169328,0.8728752939965985,False
dmv.1406,100,1.9662681993155402,1.2693491979016194,0.6455625933143205,0.4376331046679889,False
dmv.1407,100,2.4034382366193,1.0004713326199348,0.41626671215283967,0.8764290891773143,False
dmv.1408,100,2.463128227966738,1.002355351516244,0.4069440397521114,0.8990795974593295,False
dmv.1409,100,2.4536591913404857,1.0263849622731835,0.4183078749874989,0.8715375745397891,False
dmv.141,100,1.9983189272902961,1.1216027343724124,0.5612731376634141,0.577547615539928,False
dmv.1410,100,2.433990388868917,1.025314650178571,0.421248438312461,0.8645325045925597,False
dmv.1411,100,2.3206626597302895,1.0041279624841484,0.4326901879831382,0.8377333082664665,False
dmv.1412,100,2.495879776888423,1.034152176114147,0.4143437459168845,0.8810593455215605,False
dmv.1413,100,2.397026297271257,1.0000993862063243,0.41722503726589244,0.8741295450342194,False
dmv.1414,100,2.3491125796439287,1.0236665527041915,0.4357673453263597,0.8306467896912493,False
dmv.1415,100,2.1740122453025164,1.12597113290375,0.5179230868348075,0.6579285287609361,False
dmv.1416,100,2.3962659332699308,1.000546719421673,0.4175441070750994,0.8733650945824788,False
dmv.1417,100,2.3964719259964964,1.001865844258905,0.4180586608968144,0.872133519229988,False
dmv.1418,100,2.227655520679014,1.0729871707215566,0.48166655964585503,0.7305031892922751,False
dmv.1419,100,2.080895008605852,1.1072752313622674,0.5321148961302542,0.6308958427890416,False
dmv.142,100,2.0297034528131777,1.09913922470197,0.5415270014831765,0.6133623495494118,False
dmv.1420,100,2.281002018896363,1.0539553606740726,0.4620580569165901,0.7720647314738741,False
dmv.1421,100,2.5051687213573164,1.004601538206873,0.4010115285419073,0.9137651026077607,False
dmv.1422,100,3.7082815220094503,1.550046036413318,0.4179957824705219,0.8722839362917234,False
dmv.1423,100,2.427090213986088,1.0116994386996245,0.41683635526595364,0.8750615676204587,False
dmv.1424,100,2.9298139369766325,1.1666971576829046,0.39821544397691555,0.9207621036317246,False
dmv.1425,100,2.4086166485663973,1.005767243924826,0.4175704940524496,0.8733019009146316,False
dmv.1426,100,2.3948202074617506,1.0004118297834106,0.4177398481382193,0.8728964130868477,False
dmv.1427,100,2.166230949476171,1.1523484293146913,0.5319600985265894,0.6311867952229098,False
dmv.1428,100,2.399359519386889,1.000069276095265,0.416806763644497,0.8751325611206697,False
dmv.1429,100,1.1102676029607137,2.738175070116615,2.4662298195631527,0.902690595680826,False
dmv.143,100,2.410458174944049,1.0087429115549094,0.4184859633908911,0.8711119298997041,False
dmv.1430,100,1.871011871835241,1.2903504951598397,0.6896538256030191,0.37156550931001214,False
dmv.1431,100,2.397987856789645,1.0002770060135604,0.4171318062272015,0.8743530250471324,False
dmv.1432,100,2.2970384234283827,1.0338212739083363,0.45006703560723826,0.7983587392963197,False
dmv.1433,100,1.2992245919164624,1.8123576600340856,1.394953321627564,0.3328609535146117,False
dmv.1434,100,2.4026201229156734,1.0009667498687513,0.416614653445106,0.8755935768777746,False
dmv.1435,100,1.3069153776160145,1.8568196059319084,1.4207649842784706,0.35119544787779916,False
dmv.1436,100,2.186726325258789,1.0769752242334345,0.4925057204430826,0.7082492033245902,False
dmv.1437,100,3.2020378293177214,1.311101392774666,0.4094584332421927,0.8929198869651795,False
dmv.1438,100,2.4130377834710752,1.0036372655089354,0.41592273124925394,0.877255778162384,False
dmv.1439,100,18.410358565737052,8.326126126126127,0.4522522522522523,0.7935151746146505,False
dmv.144,100,2.428798425374435,1.02005476526711,0.41998329487135333,0.8675403426115597,False
dmv.1440,100,2.200966683619286,1.093377529698677,0.4967715040105554,0.6996251090849446,False
dmv.1441,100,2.378659304411781,1.0073859513541894,0.423509978703447,0.859178202703753,False
dmv.1442,100,2.39320241956973,1.0010720945441696,0.4182981290500912,0.8715608732906014,False
dmv.1443,100,2.4851240627397937,1.034909158076297,0.4164416471567753,0.8760089300554481,False
dmv.1444,100,2.325778224071152,1.0155304306294253,0.43664112945893563,0.8286436353203067,False
dmv.1445,100,1.026431718061674,2.2990699951052376,2.2398664759179785,0.8064162551250752,False
dmv.1446,100,2.449984024680282,1.018591118981578,0.41575418807659453,0.8776610874142106,False
dmv.1447,100,2.410231655783561,1.0136211504285861,0.4205492646303578,0.8661936491654993,False
dmv.1448,100,2.4355665878168304,1.0132259651119953,0.4160124260943409,0.8770401487478972,False
dmv.1449,100,2.408489222998598,1.0009945295649774,0.41561096475189,0.8780056371602135,False
dmv.145,100,2.4089026400921636,1.0048723061810025,0.41714940631330644,0.8743108328322221,False
dmv.1450,100,2.3953353792196403,1.0008960387848647,0.41785215025335604,0.8726276165544994,False
dmv.1451,100,1.5328276764737732,1.5895296835069785,1.0369917688096857,0.036323991713174186,False
dmv.1452,100,2.412919760348277,1.0093471042522952,0.4183094360778113,0.8715338426296511,False
dmv.1453,100,2.4454688387573444,1.0134905721447809,0.4144361016105943,0.8808364740452145,False
dmv.1454,100,2.3640049591176004,1.005031705122057,0.42513942335264804,0.8553381089085718,False
dmv.1455,100,2.149039013934397,1.0780828559892774,0.5016581127652752,0.6898364415788689,False
dmv.1456,100,2.4115205880302115,1.0064118857635151,0.4173349755995974,0.8738660808551403,False
dmv.1457,100,2.401009399683618,1.0005580233668236,0.4167239093269138,0.8753313644054025,False
dmv.1458,100,2.5070316126902648,1.0287237836231289,0.4103353856472588,0.8907804399009036,False
dmv.1459,100,2.007267496734346,1.2054107632208035,0.6005232312992188,0.509953951617202,False
dmv.146,100,2.3992092778617513,1.0001716927224429,0.4168755522710493,0.8749675375250022,False
dmv.1460,100,2.2423449141105674,1.0936599178374302,0.48773046062417813,0.7179923605085592,False
dmv.1461,100,2.400249226734177,1.0002602993053504,0.4167318494114559,0.8753123110016456,False
dmv.1462,100,2.3948278130970047,1.0011798827477885,0.4180592346858779,0.8721321467224348,False
dmv.1463,100,2.398460952974562,1.0075837308857498,0.4200959492945459,0.8672721430943112,False
dmv.1464,100,2.0604624688722875,1.1098764494229933,0.5386540479091766,0.6186817547547792,False
dmv.1465,100,2.397460744365075,1.0025686839505767,0.4181793951400398,0.8718447635504474,False
dmv.1466,100,2.006582955971713,1.2058027194426426,0.6009234334688731,0.5092877511171022,False
dmv.1467,100,2.3049181436051227,1.0208190302760451,0.44288732470099,0.8144398873358697,False
dmv.1468,100,2.463684845320312,1.0262416984455431,0.4165474737545491,0.8757548412668037,False
dmv.1469,100,2.5054869238884607,1.0164243264783588,0.4056793578874044,0.9021921903022749,False
dmv.147,100,2.395992414219048,1.0009370706031642,0.4177546909844498,0.872860882402835,False
dmv.1470,100,2.3977381724659663,1.0000420632955682,0.41707725838433385,0.8744838024391781,False
dmv.1471,100,2.3936719011919734,1.008396849311578,0.4212761359689388,0.864466755397027,False
dmv.1472,100,2.4285129284232063,1.0154748417262653,0.41814677197769606,0.871922778955544,False
dmv.1473,100,2.4102703248441406,1.0070350202022846,0.41780998995098373,0.8727285193006684,False
dmv.1474,100,2.3965120688902863,1.0004745191551312,0.4174710956571166,0.8735399690468717,False
dmv.1475,100,2.169709804440621,1.1157100416648875,0.5142208600345667,0.6651024170335573,False
dmv.1476,100,2.4106404937771932,1.0099914541251056,0.4189722427430755,0.8699506076909654,False
dmv.1477,100,2.1143497757847536,4.910313901345291,2.32237539766702,0.8425905401770889,False
dmv.1478,100,2.3342266253569632,1.0212260835196783,0.43750082893665326,0.8266766784739126,False
dmv.1479,100,2.40937521792681,1.0017007814831504,0.4157512595091277,0.8776681314269114,False
dmv.148,100,2.403342505147059,1.0002689936044267,0.4161991024842382,0.8765915214779839,False
dmv.1480,100,2.278733563383895,1.0748377631469046,0.47168206955743525,0.7514501018005978,False
dmv.1481,100,1.7258956864417372,1.4050578448673396,0.8141035729477568,0.20566768158029575,False
dmv.1482,100,1.4876514978275783,1.6564676043347937,1.1134782620484287,0.10748868534100575,False
dmv.1483,100,2.777605236245596,1.1630724527731555,0.4187320925219903,0.8705239608838626,False
dmv.1484,100,2.473637838465082,1.031255657656361,0.4168984002509704,0.8749127313515599,False
dmv.1485,100,2.4194914801559744,1.0115265822281783,0.4180740418077312,0.8720967286323501,False
dmv.1486,100,2.4008427509550287,1.0007192091395203,0.41681997237905116,0.8751008713151861,False
dmv.1487,100,1.847754510385835,1.3298938430695058,0.7197351355899582,0.3288720018879557,False
dmv.1488,100,2.3150390044463856,1.038295466716277,0.4485002044121382,0.8018461417149659,False
dmv.1489,100,2.3947462954495764,1.0017470162430175,0.41831028954779326,0.8715318023478937,False
dmv.149,100,2.425500193760054,1.0157147985694324,0.41876508655101485,0.8704451689073256,False
dmv.1490,100,2.4460006064085773,1.0162201937455988,0.41546195494926647,0.8783642333812862,False
dmv.1491,100,2.3924709546929797,1.0002361705113092,0.4180766201358826,0.8720905614946112,False
dmv.1492,100,13.129554367201425,5.203441796063693,0.3963151871370643,0.9255454571958701,False
dmv.1493,100,1.3857166208080203,1.8286657950870433,1.3196535046398856,0.2773692056551118,False
dmv.1494,100,7.651264293186163,3.143903125880034,0.4108998206583765,0.8894058395533779,False
dmv.1495,100,2.405960711075202,1.0013997901724871,0.41621618572689434,0.8765504764782092,False
dmv.1496,100,1.6645503073439016,3.713159171789065,2.2307281164208836,0.8023280417851435,False
dmv.1497,100,2.399993746095192,1.0001025926075167,0.41671049944804694,0.8753635442115799,False
dmv.1498,100,2.3122288582045925,1.021343018553811,0.44171363700860783,0.8170934869404481,False
dmv.1499,100,2.4370443445656425,1.0122638623725395,0.41536538497125974,0.8785967004025348,False
dmv.15,100,2.369901603932441,1.0004539464181743,0.42214999338288745,0.8623945935414181,False
dmv.150,100,9.431304326137653,3.808974107147354,0.4038650408715229,0.9066745140792449,False
dmv.1500,100,2.216369228128955,1.064343354618335,0.4802193339946553,0.7335123336259517,False
dmv.1501,100,2.295875996600429,1.050394156054773,0.4575134535184489,0.781948988101224,False
dmv.1502,100,2.7932277924362356,1.0934914094868646,0.3914794963904925,0.9378221368499587,False
dmv.1503,100,2.4542525463790463,1.0266141673411815,0.4183001333158753,0.8715560818252728,False
dmv.1504,100,2.437407742645066,1.01765225389401,0.4175141631369635,0.8734368115852723,False
dmv.1505,100,2.295023562046723,1.029770170445173,0.4486969926909223,0.801407468293838,False
dmv.1506,100,2.3371437995629525,1.0264289492941374,0.4391809136802281,0.8228438467433306,False
dmv.1507,100,2.618415341901686,1.0970531762394558,0.4189759961621272,0.8699416490969198,False
dmv.1508,100,2.4495358411902983,1.0233058600097769,0.4177550059902466,0.8728601283582128,False
dmv.1509,100,2.4120045904999747,1.0244292734368055,0.4247211126677233,0.8563225309424862,False
dmv.151,100,2.41878621979961,1.0054850994909894,0.41569820898611337,0.8777957411617094,False
dmv.1510,100,2.400190698269899,1.0016233624645583,0.4173099092445223,0.8739261455737715,False
dmv.1511,100,2.1282293519067377,1.0572458953610835,0.4967725374212458,0.6996230288335471,False
dmv.1512,100,1.9641689920628889,1.282407765702219,0.6529009320910606,0.4263298731736889,False
dmv.1513,100,2.4006046772511493,1.0001201268504467,0.41661175466659933,0.8756005348389685,False
dmv.1514,100,2.6008917395639597,1.1067379637305776,0.42552250326117863,0.8544374457368897,False
dmv.1515,100,2.2336742540726098,1.0766862418961203,0.4820247356717398,0.7297598474272655,False
dmv.1516,100,2.4831532176502007,1.0665927994064586,0.42953160998086604,0.845059943104461,False
dmv.1517,100,2.501951716437162,1.0563735135835626,0.4222197841163231,0.8622292850818917,False
dmv.1518,100,2.3604852363852866,1.0837478028517604,0.4591207715034687,0.7784419847873173,False
dmv.1519,100,1.5668359829914282,1.5401183490819623,0.9829480340000514,0.017199024932203988,False
dmv.152,100,2.495844600685055,1.0191770434961849,0.4083495595905462,0.8956317076881775,False
dmv.1520,100,2.3327939536200035,1.0373180622323028,0.4446676744093083,0.8104280748894459,False
dmv.1521,100,2.3945946851809627,1.0025582138453506,0.41867553621901815,0.8706590356099984,False
dmv.1522,100,2.5019958654754215,1.0468011063301692,0.4183864253233925,0.8713498110135043,False
dmv.1523,100,7.87821482602118,3.2950171368310044,0.41824413393092535,0.8716899644833127,False
dmv.1524,100,2.398195938156394,1.0003546097120035,0.4171279726547377,0.8743622154038074,False
dmv.1525,100,2.4083396952338245,1.00211924962865,0.4161037795506479,0.8768205797596853,False
dmv.1526,100,6.444679695982628,2.6099507519127605,0.4049775745317034,0.9039235849353158,False
dmv.1527,100,2.606561677521937,1.095346251528573,0.42022648494161885,0.8669614631866837,False
dmv.1528,100,2.4481711495194425,1.0282235832327478,0.4199966098916656,0.8675086394238098,False
dmv.1529,100,3.6685613484907877,1.5161603888213853,0.41328473066018634,0.8836185030775231,False
dmv.153,100,2.892193308550186,1.2209667294413058,0.4221594475831764,0.8623721984340544,False
dmv.1530,100,1.8051479837887416,1.3309303966679364,0.7372971128242396,0.3047643298707222,False
dmv.1531,100,2.4006692551385975,1.000509759329844,0.41676284943803377,0.8752379253417609,False
dmv.1532,100,1.9552155938226048,1.2078059947313466,0.61773545513208,0.48169497930022714,False
dmv.1533,100,2.4207309254561546,1.0122333508557153,0.41815194750113477,0.871910401743148,False
dmv.1534,100,1.7031628532974428,1.4117814918715783,0.8289174984871648,0.18763464811506236,False
dmv.1535,100,1.6457331028237425,1.4675169278545246,0.8917101596465214,0.11461413233603851,False
dmv.1536,100,4.844444444444444,1.744,0.36000000000000004,1.0216512475319814,False
dmv.1537,100,2.4419060758322817,1.0210421948465485,0.41813327914282855,0.8719550476551277,False
dmv.1538,100,2.0919517390474978,1.174892952534375,0.5616252663024264,0.576920437427801,False
dmv.1539,100,2.1211188196013357,1.135613429853335,0.5353841658275293,0.6247707228055206,False
dmv.154,100,2.2900841471219957,1.0504620362791153,0.45870019125683936,0.7793584604250114,False
dmv.1540,100,2.217438350703343,1.0868558193398958,0.490140264325797,0.7130636751141293,False
dmv.1541,100,2.4795254143391348,1.0342586903498483,0.4171196166688649,0.8743822477922255,False
dmv.1542,100,2.319038381676972,1.0344956273239598,0.44608818702512476,0.8072386177519418,False
dmv.1543,100,2.3981134434425377,1.0040362781260372,0.41867755709034515,0.8706542088019454,False
dmv.1544,100,2.4662899117966415,1.0302356522516898,0.4177269052287467,0.872927396748188,False
dmv.1545,100,2.4150202585973837,1.0099058033128692,0.41817694891694657,0.8718506132653702,False
dmv.1546,100,2.266224245798507,1.0643169163815316,0.4696432483920046,0.7557819184737448,False
dmv.1547,100,2.3278063251575993,1.0677256383414502,0.45868319318582573,0.7793955181509389,False
dmv.1548,100,6.25571459089938,2.5954286429305067,0.4148892353091453,0.879743697245878,False
dmv.1549,100,2.4699392835322302,1.0278166049934092,0.4161303121279731,0.8767568174658802,False
dmv.155,100,2.3977420190861274,1.0003304182926336,0.41719685034084625,0.8741971054026026,False
dmv.1550,100,2.4398494960969153,1.0178244912920171,0.4171669166152482,0.8742688576209908,False
dmv.1551,100,1.2510275435037899,2.934984520123839,2.346059073890365,0.8527369306006853,False
dmv.1552,100,2.439852567520213,1.0133660993143545,0.4153390712227776,0.8786600532551524,False
dmv.1553,100,2.4410121286701765,1.0174236768287517,0.4168040235764939,0.8751391350951075,False
dmv.1554,100,2.398181224734267,1.000415492719885,0.4171559189947111,0.8742952206067999,False
dmv.1555,100,2.5351878050639605,1.0608218505662494,0.418439158017126,0.8712237807035971,False
dmv.1556,100,2.3994095556254487,1.0000099225415076,0.41677333500526015,0.8752127661047111,False
dmv.1557,100,2.4004127207703765,1.0000392376883445,0.41661137230075873,0.8756014526383628,False
dmv.1558,100,1.9603402284966531,1.2077620881471973,0.6160982010114676,0.48434891092778454,False
dmv.1559,100,2.1600155763239877,1.0889574754999172,0.5041433438888224,0.6848946388705077,False
dmv.156,100,1.615068293495461,1.486841584258706,0.9206060141523573,0.08272311475876937,False
dmv.1560,100,2.130518507952357,1.1304231387252277,0.5305859275598025,0.6337733593795414,False
dmv.1561,100,1.593201676493571,1.4763199940549177,0.9266372335887226,0.07619312378432508,False
dmv.1562,100,2.1819465338232757,1.0665690881399705,0.4888154093634432,0.7157703467373556,False
dmv.1563,100,1.7056943473408575,1.4543304420439473,0.8526325037725655,0.15942665225716285,False
dmv.1564,100,2.7070278528942042,1.1334022319345711,0.4186887958034123,0.870627365800602,False
dmv.1565,100,2.4129890310186792,1.0090207323218523,0.4181621712121415,0.8718859522910141,False
dmv.1566,100,2.412311243807134,1.0062389299525871,0.4171264933311552,0.8743657618602974,False
dmv.1567,100,2.515918758881211,1.0510478021945047,0.41775903871470355,0.8728504750807305,False
dmv.1568,100,2.4484782135439067,1.0225496066854056,0.417626589866763,0.8731675713881575,False
dmv.1569,100,2.4323451910408433,1.058632949136992,0.43523137794598316,0.8318774859797846,False
dmv.157,100,2.4183918793187775,1.008908369264539,0.4171815072207125,0.8742338827710385,False
dmv.1570,100,2.3948751890791593,1.000222984993698,0.41765140394572653,0.8731081562493542,False
dmv.1571,100,2.5233019123069718,1.007209986275407,0.3991634854960927,0.9183842079265548,False
dmv.1572,100,2.337636602069066,1.0113342662985236,0.4326310879130577,0.8378699050931447,False
dmv.1573,100,2.4019455795042437,1.000232445151518,0.4164259397408845,0.8760466489345107,False
dmv.1574,100,2.4609457324232795,1.0236987054805649,0.4159777649678339,0.8771234697459074,False
dmv.1575,100,2.3997134606979253,1.0046254904423773,0.41864393682660556,0.8707345131151677,False
dmv.1576,100,2.0348435088370795,1.1601076737508162,0.5701213231939501,0.5619060930937164,False
dmv.1577,100,1.8156434569047448,1.3140079259507513,0.7237147364774101,0.32335797462922733,False
dmv.1578,100,2.417906303508348,1.011188005915757,0.41820810196347863,0.8717761187570962,False
dmv.1579,100,2.399359519386889,1.000069276095265,0.416806763644497,0.8751325611206697,False
dmv.158,100,2.1836347094279542,1.0742203843262659,0.49194143126973783,0.7093956117105855,False
dmv.1580,100,1.219336159891112,1.993387569766342,1.6348137907632898,0.4915289084219089,False
dmv.1581,100,4.3560042507970245,10.509032943676939,2.4125396438155646,0.880679986765653,True
dmv.1582,100,2.3998763682605118,1.0008549414898875,0.41704437558811885,0.8745626465666836,False
dmv.1583,100,2.22366986699442,1.0968335066958674,0.49325375271572175,0.7067315259670024,False
dmv.1584,100,8.460666293393057,3.385783105534394,0.4001792516244679,0.9158427031928256,False
dmv.1585,100,2.0139335476956055,4.05037513397642,2.0111761575306013,0.6987197039360238,False
dmv.1586,100,2.2151690287486985,1.0101815133948795,0.45602908865402,0.7851986805943659,False
dmv.1587,100,4.31063829787234,1.9862745098039216,0.4607843137254902,0.7748252115742124,False
dmv.1588,100,59.41706036745407,23.61312193595494,0.3974131636591217,0.9227788249562501,False
dmv.1589,100,2.43909523043636,1.0025201986509524,0.41102134354614733,0.8891101350650433,False
dmv.159,100,2.3953856428270024,1.0010339314343282,0.41790094819676765,0.8725108405747091,False
dmv.1590,100,1.8719315104394165,1.3259753593429158,0.708346086354226,0.34482248218901457,False
dmv.1591,100,2.1390492749819567,1.1334879797553774,0.5299026969656595,0.6350618799216237,False
dmv.1592,100,2.187538142316612,1.026980053005998,0.46946840977978194,0.75615426741164,False
dmv.1593,100,2.2323309599079217,1.0823886535460359,0.4848692568375622,0.7238759979169289,False
dmv.1594,100,2.414108719630864,1.0100001324021628,0.41837392168344417,0.8713796968463929,False
dmv.1595,100,2.3953953579716623,1.0009216013937046,0.4178523591367607,0.8726271166567428,False
dmv.1596,100,3.380323736234576,1.4200713449640487,0.4200992140906304,0.8672643715759145,False
dmv.1597,100,2.438215381481504,1.0168785267112788,0.4170585315942863,0.8745287034979161,False
dmv.1598,100,1.2940817571690055,3.319097010372178,2.5648279113625647,0.9418913852853057,False
dmv.1599,100,1.5105001019427373,1.5962116942062952,1.0567438506977387,0.05519234137779472,False
dmv.16,100,2.392514900561321,1.0087684331506506,0.4216351726436387,0.863614858660692,False
dmv.160,100,2.397838270500186,1.0046815359072745,0.4189947037994765,0.8698969992366007,False
dmv.1600,100,1.5723810199304915,1.4731381659073481,0.9368837115398846,0.06519611166029005,False
dmv.1601,100,1.747207943859173,1.3372990957284985,0.7653920647674701,0.267367073476378,False
dmv.1602,100,2.557884091969856,1.0463787351182547,0.4090798087384899,0.8938450105850377,False
dmv.1603,100,2.438235494336391,1.018387477106377,0.417673961137847,0.8730541480914104,False
dmv.1604,100,1.5852226183471207,1.5317127136161168,0.9662445488023647,0.03433832069811166,False
dmv.1605,100,2.3990082836708515,1.0012902318707482,0.41737672966206696,0.8737660365829895,False
dmv.1606,100,1.9220698582418623,1.1837962734823722,0.6158965910662598,0.48467620118632126,False
dmv.1607,100,2.389760954741151,1.002537601825525,0.41951375924715273,0.8686589544538708,False
dmv.1608,100,2.3926329099924963,1.0057202276948771,0.4203403804631406,0.8666904662513859,False
dmv.1609,100,2.3945157053544364,1.0000155623311862,0.41762748103719943,0.8731654374974828,False
dmv.161,100,1.2129792689258703,2.0098142182604475,1.6569237989039982,0.5049627500025429,False
dmv.1610,100,1.4711328104156662,1.6495415103290225,1.1212730072024886,0.11446465342448892,False
dmv.1611,100,2.4205345509838243,1.0123832413537255,0.4182477961086088,0.871681208445025,False
dmv.1612,100,3.451012810433335,1.443141710583571,0.41817918096987866,0.8718452756995838,False
dmv.1613,100,2.397012777918618,1.0048348932431637,0.41920297734736534,0.869400043549751,False
dmv.1614,100,2.4032047669823964,1.0004328481774787,0.41629113836757253,0.8763704116578492,False
dmv.1615,100,2.393265774555538,1.0000013680229916,0.4178396643844144,0.8726574980699667,False
dmv.1616,100,1.791121085313175,1.368300690538771,0.7639353373474053,0.26927213037736386,False
dmv.1617,100,2.405385735080058,1.154160363086233,0.4798234005689816,0.7343371582589946,False
dmv.1618,100,2.447964796479648,1.015411701261486,0.41479832664330885,0.8799628367638583,False
dmv.1619,100,2.4069806945091656,1.0028206835031626,0.416630131596323,0.8755564253672062,False
dmv.162,100,1.6641365867457552,1.4523896635274605,0.872758687655339,0.13609617870068763,False
dmv.1620,100,2.4461356673618146,1.018328870034862,0.4163010595128362,0.8763465797139771,False
dmv.1621,100,2.4905817533900745,1.0443947499150494,0.4193376702023387,0.8690787881484168,False
dmv.1622,100,2.187887461293448,1.0634831509454168,0.4860776295672451,0.7213869362175342,False
dmv.1623,100,2.430671560936192,1.0325946405260955,0.4248186621019187,0.8560928785176762,False
dmv.1624,100,2.070411203439476,1.164789459303561,0.5625884642473686,0.5752068874960563,False
dmv.1625,100,2.364849982140731,1.0045098921772904,0.42476685614872656,0.8562148343470625,False
dmv.1626,100,2.3472578704210183,1.0314562591645844,0.4394303123497787,0.8222761356354819,False
dmv.1627,100,2.377611487706844,1.0017744512613824,0.42133647841160654,0.8643235283867947,False
dmv.1628,100,2.650761567199923,1.0386773720107054,0.3918411164787977,0.9368988364591515,False
dmv.1629,100,2.4372747403108503,1.0184115278873709,0.417848472740288,0.8726364175843583,False
dmv.163,100,2.4413090159475477,1.0004002078473588,0.40978024547993264,0.8921342496102773,False
dmv.1630,100,2.368674782250237,1.0036397120183962,0.42371359696114136,0.8586975308540467,False
dmv.1631,100,1.316465913324227,1.8794353000361583,1.4276368882885615,0.35602055167280383,False
dmv.1632,100,2.3973556030080854,1.0008267981770667,0.41747114901155163,0.8735398412429778,False
dmv.1633,100,2.328680613892351,1.015711302042183,0.43617458572149936,0.8297126898154433,False
dmv.1634,100,2.4471136524760877,1.0168855504505925,0.415544880566404,0.8781646547163013,False
dmv.1635,100,2.4375147870848752,1.0208030119410845,0.41878843867934235,0.8703894061945435,False
dmv.1636,100,2.4103955837984925,1.0049275392535875,0.41691394807069093,0.8748754380211032,False
dmv.1637,100,2.412932559154503,1.0058224246302367,0.4168464720715937,0.8750372974656497,False
dmv.1638,100,1.1310628147362842,1.7705916813122438,1.5654229440166596,0.44815603924851916,False
dmv.1639,100,1.5448544854485449,3.3997899789979,2.2007185861332297,0.788783937092844,False
dmv.164,100,1.4899397190198598,1.5854298785823215,1.0640899483002433,0.06211992522249621,False
dmv.1640,100,2.3995093365011853,1.0013618138301432,0.4173194071794138,0.8739033859253744,False
dmv.1641,100,2.4010575696212175,1.0015461923306392,0.4171271047401998,0.8743642960972583,False
dmv.1642,100,2.4064185880973716,1.0050693661087138,0.41766190266314773,0.8730830190527152,False
dmv.1643,100,1.8309303057578787,1.2873131965074722,0.7030924074276074,0.35226694854446255,False
dmv.1644,100,2.3636593694997567,1.0242772230061605,0.43334383804335475,0.8362237828559316,False
dmv.1645,100,2.51096765312598,1.0493613518991223,0.4179111389956539,0.8724864551918153,False
dmv.1646,100,2.3949892942608844,1.0002092162061484,0.4176257566591011,0.8731695664921888,False
dmv.1647,100,2.175997949330766,1.1092366612116842,0.5097599754415361,0.6738153004369767,False
dmv.1648,100,2.4236191995015863,1.0000962048792044,0.4126457675714372,0.8851657596992133,False
dmv.1649,100,2.3056677554987117,1.0436456093584123,0.45264353759098896,0.7926503559968255,False
dmv.165,100,2.480227181103152,1.0335166927045727,0.4167024297527803,0.8753829096305316,False
dmv.1650,100,2.442834695921353,1.0030257991344331,0.4105991292857933,0.8901378949894371,False
dmv.1651,100,2.3758911109709167,1.0558035870730802,0.44438214453423425,0.8110704008397069,False
dmv.1652,100,2.0671830862867293,1.1482848489117419,0.5554828967638277,0.587917459280441,False
dmv.1653,100,2.367366765739879,1.0111915642454214,0.42713768685072806,0.8506488660888206,False
dmv.1654,100,2.3972495926487967,1.0014202082941734,0.41773714817390906,0.8729028763750586,False
dmv.1655,100,7.192363548348058,3.15867658782886,0.4391708743024183,0.8228667063263533,False
dmv.1656,100,2.579804152196154,1.036856150244197,0.40191273797335925,0.911520283644169,False
dmv.1657,100,2.0962332583189496,1.0169648724852134,0.48513917449280275,0.7233194714920257,False
dmv.1658,100,1.5727565617762382,1.5426043005918175,0.9808283990560068,0.01935775922752736,False
dmv.1659,100,2.3985894621797086,1.0183388662258268,0.424557383530075,0.8567081032616011,False
dmv.166,100,13.532496722232628,5.79437003769348,0.428181891089903,0.8482071944963998,False
dmv.1660,100,1.781524926686217,4.130865102639296,2.318724279835391,0.8410171550578099,False
dmv.1661,100,2.017317118802619,1.1894948880414298,0.5896419937919606,0.5282397164371588,False
dmv.1662,100,2.4564724330739156,1.0230018897064943,0.41645160594224834,0.8759850163415682,False
dmv.1663,100,2.394405884757268,1.0016487917758665,0.4183287378937462,0.8714877012592502,False
dmv.1664,100,2.472377457315607,1.0344309519621266,0.41839523690094793,0.8713287503761754,False
dmv.1665,100,2.4979272704233257,1.0426313337772024,0.4173985952763576,0.8737136497583136,False
dmv.1666,100,1.559054343029768,3.737130443637351,2.3970495065456454,0.8742386087832483,False
dmv.1667,100,2.394998387172099,1.0025236058041573,0.41859051395349367,0.8708621305899016,False
dmv.1668,100,23.191333982473225,9.823674984532893,0.4235924932975871,0.858983386616849,False
dmv.1669,100,2.399452256813943,1.0000601102184477,0.41678683431957686,0.8751803765668839,False
dmv.167,100,2.3367917143736783,1.002438149595951,0.4289805306266377,0.8463437442386573,False
dmv.1670,100,1.8483530225627927,1.2999776877289706,0.703316775453704,0.35194788346620376,False
dmv.1671,100,2.3232393276867067,1.0321556410325532,0.44427434949643785,0.8113130031028968,False
dmv.1672,100,2.419499205725739,1.0057653091096226,0.41569152274548443,0.877811825653432,False
dmv.1673,100,1.610193487494101,1.4519343493552168,0.9017142105169121,0.10345764890553566,False
dmv.1674,100,2.169671581153372,1.1106812301350684,0.5119121436547752,0.669602263090904,False
dmv.1675,100,2.015323608396055,1.205630637798555,0.5982317841044328,0.513777001291686,False
dmv.1676,100,2.4017207939107252,1.000197851495322,0.4164505108300697,0.875987645971525,False
dmv.1677,100,2.3575472002842517,1.0521849602652587,0.4463049393617213,0.806752840050501,False
dmv.1678,100,1.3816468564279012,1.6789767099640602,1.2151996019481224,0.19490834473857777,False
dmv.1679,100,2.433265371078524,1.0176603028690383,0.4182282438096627,0.8717279576596266,False
dmv.168,100,2.568705259412485,1.0421311980791848,0.4057029097676786,0.9021341365803249,False
dmv.1680,100,1.24822695035461,2.242897727272727,1.796866929235537,0.5860445534376161,False
dmv.1681,100,2.3940041147523776,1.0002506619597131,0.41781493013982285,0.8727166953621515,False
dmv.1682,100,2.392019019258509,1.005551129088878,0.42037756430573203,0.8666020088969377,False
dmv.1683,100,2.2524318291835708,1.0698775103243714,0.4749877427864999,0.744466279940442,False
dmv.1684,100,7.0405344443265045,2.9087146709934877,0.4131383340276712,0.8839727928845285,False
dmv.1685,100,2.051138258179048,1.1880955635242785,0.579237191245724,0.5460432285671841,False
dmv.1686,100,2.3317853457172344,1.033008324665771,0.443011757734513,0.8141589681277829,False
dmv.1687,100,2.3916785041545525,1.002586553385151,0.4191978778266274,0.8694122084245993,False
dmv.1688,100,2.379984397168545,1.0117643845169355,0.4251138728979174,0.8553982097158276,False
dmv.1689,100,2.258933789763714,1.0707749266162143,0.47401784482059484,0.7465103106948694,False
dmv.169,100,2.39632735555146,1.0027056964549024,0.4184343571140148,0.8712352541294481,False
dmv.1690,100,2.491743047395221,1.0452065958187924,0.41946804944892446,0.8687679193868398,False
dmv.1691,100,1.0858044020099356,2.0732246694646825,1.9093905547140264,0.6467841098397116,False
dmv.1692,100,2.510054280642004,1.0490873244878702,0.4179540389140676,0.8723838072538819,False
dmv.1693,100,2.434142156603154,1.0181601345352669,0.4182829387237225,0.8715971885431346,False
dmv.1694,100,2.433227343000253,1.0096905269899892,0.41495938712615565,0.8795746258868834,False
dmv.1695,100,2.40380996002849,1.0011607908992814,0.41648915993651,0.8758948442769378,False
dmv.1696,100,4.209268497726845,1.6976562621988351,0.403313844939003,0.9080402485598785,False
dmv.1697,100,2.408580873727739,1.0021561711359377,0.416077442973675,0.8768838750522704,False
dmv.1698,100,2.4367925314492576,1.0162653159530894,0.4170504065640237,0.8745481854382027,False
dmv.1699,100,2.2476763807625146,1.0792477624430394,0.48016154446438114,0.7336326807333131,False
dmv.17,100,2.3970168950328996,1.0015829415212993,0.4178455911582352,0.872643313845029,False
dmv.170,100,2.127682535422328,1.1377303104444194,0.5347274753179233,0.6259980537993903,False
dmv.1700,100,2.3559281437125748,1.0151250508336722,0.43088115974284075,0.841922958354422,False
dmv.1701,100,2.4103434409525564,1.0576973978373383,0.43881605412187286,0.8236749648285583,False
dmv.1702,100,2.3948948726989885,1.0000912258273116,0.4175929545918786,0.8732481137440583,False
dmv.1703,100,2.4357240361424957,1.0165272347705014,0.41734088906902433,0.8738519113561112,False
dmv.1704,100,2.1343412219595317,1.1157104857591653,0.5227423217431162,0.6486666289819054,False
dmv.1705,100,2.517856031311535,1.0511649759303803,0.41748414637624665,0.8735087081637151,False
dmv.1706,100,1.4183964453876252,1.7250305021952674,1.216183604946813,0.1957177630562032,False
dmv.1707,100,2.393018268555569,1.0011445104162464,0.41836057984652975,0.8714115870980587,False
dmv.1708,100,2.416419487004396,1.0119659214090646,0.4187873532933579,0.8703919979265272,False
dmv.1709,100,2.7029890557558316,1.1321677895520872,0.41885770389680743,0.8702240255783088,False
dmv.171,100,3.772650112080785,1.5350376565703077,0.4068857728562763,0.8992227893036977,False
dmv.1710,100,2.3158029966901346,1.0362071645865005,0.4474504809206575,0.8041894045507242,False
dmv.1711,100,2.434580184552296,1.0177338741488255,0.41803259576598434,0.8721958691962884,False
dmv.1712,100,2.3273813784335577,1.0346840057100366,0.4445700284868782,0.8106476920345682,False
dmv.1713,100,1.1189921982473428,2.708759954493743,2.4207138876718037,0.884062491571857,False
dmv.1714,100,2.4531412090658273,1.027078889913459,0.41867907404505983,0.8706505856032788,False
dmv.1715,100,2.4141799371831607,1.0077472359333126,0.41742838651419717,0.8736422787113731,False
dmv.1716,100,2.4484460911928965,1.050307339779012,0.428968946286784,0.8463707489520258,False
dmv.1717,100,2.410578238734893,1.0096868683218292,0.41885670919012685,0.8702264003892587,False
dmv.1718,100,2.456461380957048,1.026584497528076,0.4179119222009158,0.8724845810983661,False
dmv.1719,100,2.4022315598939814,1.0180018080705695,0.4237733884886174,0.8585564277371805,False
dmv.172,100,2.7373899170389278,1.1076283090779513,0.4046293522831735,0.9047838104557995,False
dmv.1720,100,1.533379460209376,1.583026456247656,1.0323775016730046,0.031864396367025705,False
dmv.1721,100,10.581598181929857,4.433838195364878,0.41901403919651015,0.8698508531857425,False
dmv.1722,100,2.3914464765641066,1.000244019872065,0.41825900335815097,0.871654413087115,False
dmv.1723,100,2.1552651806302845,1.0760520684736092,0.49926666943087217,0.6946149182984488,False
dmv.1724,100,2.394468972860738,1.0023669095195478,0.4186176228969851,0.8707973702458301,False
dmv.1725,100,2.454160367803212,1.0233460645278971,0.41698418650771507,0.8747069799462432,False
dmv.1726,100,2.452866530704736,1.0837911915996046,0.44184678539692873,0.8167920963712185,False
dmv.1727,100,1.4706254956351204,1.6540613410452478,1.124733214509454,0.11754586487535396,False
dmv.1728,100,2.742919124457661,1.1558261212533305,0.4213854178007761,0.8642073823854992,False
dmv.1729,100,1.386431555061803,1.7571113736912973,1.267362508647584,0.2369379761596475,False
dmv.1730,100,2.3093706293706293,1.161700581395349,0.503037739642487,0.6870900825866286,False
dmv.1731,100,2.2468342711408855,1.0720567482200458,0.4771409987776635,0.7399432368516408,False
dmv.1732,100,2.1586251522533497,1.101175425046816,0.5101281359097104,0.6730933379391927,False
dmv.1733,100,2.2276593992851548,1.0786907779689627,0.48422607976565424,0.7252033743721669,False
dmv.1734,100,2.558598690564349,1.0752641534565506,0.4202551019125942,0.8668933665824653,False
dmv.1735,100,2.146094654409261,1.0990106424160886,0.5120979357355534,0.6692393915009535,False
dmv.1736,100,2.4428556419084426,1.0175777323454755,0.41655254403428804,0.8757426691875076,False
dmv.1737,100,56.87523992322457,24.358405260994658,0.4282778462803124,0.84798312047021,False
dmv.1738,100,2.396844210387371,1.0001118911047795,0.41726195084792117,0.874041074914065,False
dmv.1739,100,2.4335181448109524,1.0181733792768377,0.41839563902488774,0.8713277892664134,False
dmv.174,100,2.382854887917732,1.005657783444075,0.422039037518929,0.8626574632555125,False
dmv.1740,100,2.6136792885069644,1.0643544266796443,0.40722457087979036,0.8983904745058837,False
dmv.1741,100,2.3947208806166325,1.0004897168505102,0.41778969939615157,0.8727770845528935,False
dmv.1742,100,2.4337978816035597,1.0125562662644767,0.41603958731253904,0.8769748614394834,False
dmv.1743,100,2.8365851024950994,1.1521950725786725,0.40619090594714957,0.9009320182027936,False
dmv.1744,100,2.3758186066409976,1.0253518726299196,0.43157834935874684,0.8403062105293649,False
dmv.1745,100,1.7856082786737142,1.3556429163348884,0.7592051025557585,0.2754833107451499,False
dmv.1746,100,2.4086606673064335,1.0058957602512577,0.41761621879936073,0.8731924050468138,False
dmv.1747,100,1.933339443025214,1.0678213157785585,0.5523196247978438,0.5936283698476015,False
dmv.1748,100,2.4846311475409837,1.0670597553462995,0.42946404998679927,0.8452172430708161,False
dmv.1749,100,3.2194690265486727,1.1907047785293476,0.3698450796421558,0.9946710646945733,False
dmv.175,100,2.389859845211757,1.0444100983695488,0.4370173006011603,0.8277824951938503,False
dmv.1750,100,2.4341483639035397,1.014930246013167,0.41695496505626584,0.8747770604824704,False
dmv.1751,100,1.37583275901677,3.2359292441994025,2.35197862748372,0.8552569430408932,False
dmv.1752,100,2.3968318415018497,1.0041806505210074,0.4189616614454646,0.8699758633765478,False
dmv.1753,100,2.276988285792484,1.0548716696357954,0.46327496554013115,0.7694345231152497,False
dmv.1754,100,2.337576425364108,1.043106824331628,0.4462343190208853,0.8069110859546896,False
dmv.1755,100,2.3032094647745507,1.0272192113751275,0.44599469873908176,0.8074482132679576,False
dmv.1756,100,2.4006907166583993,1.0002040979212927,0.41663180141484857,0.8755524174593456,False
dmv.1757,100,2.400185831831557,1.0009172694943849,0.417016572725369,0.8746293152263693,False
dmv.1758,100,2.5229705106270086,1.0540803782620973,0.41779338039117125,0.8727682739507912,False
dmv.1759,100,1.8559492709938152,1.2878983282484624,0.693929703993916,0.36538461468066896,False
dmv.176,100,2.3194991610126214,1.046123340685494,0.4510125971456652,0.7962600082826974,False
dmv.1760,100,2.4194500742132856,1.0184336428770484,0.4209360026609372,0.8652744695367136,False
dmv.1761,100,2.477744392377296,1.0283483170437098,0.41503406090127437,0.8793946876584608,False
dmv.1762,100,2.251545790693036,1.0504512239719976,0.4665466846440036,0.7623971894381603,False
dmv.1763,100,2.3350534831325582,1.006065037118404,0.430853102246177,0.8419880770294272,False
dmv.1764,100,2.399081861906191,1.000644409653012,0.4170947334235397,0.8744419045107412,False
dmv.1765,100,2.348295613776251,1.0104141678108236,0.4302755419220816,0.8433294803484555,False
dmv.1766,100,2.3988355654468085,1.0003851822703478,0.41702949409290396,0.8745983304449525,False
dmv.1767,100,2.406695854096359,1.004229715910288,0.4172649045790398,0.8740339960978485,False
dmv.1768,100,2.7212618071644985,1.1423078074034174,0.4197713738516324,0.8680450638881725,False
dmv.1769,100,2.3799663231149593,1.0181003303432699,0.4277793010998386,0.8491478680302573,False
dmv.177,100,2.439856610913001,1.0177265787973029,0.41712556969340375,0.8743679761497005,False
dmv.1770,100,1.8257791483705137,1.3283590587208245,0.7275573608704915,0.31806243648733923,False
dmv.1771,100,2.4347481712714907,1.0300700748055942,0.4230704788937839,0.8602164970447168,False
dmv.1772,100,2.394674751558886,1.0000038196286096,0.41759483995796376,0.8732435989125499,False
dmv.1773,100,2.4945865183956184,1.0387622658324773,0.41640659009916897,0.8760931159996785,False
dmv.1774,100,2.510843924602768,1.0492209080705734,0.4178757977704915,0.8725710251309441,False
dmv.1775,100,2.4826659669378115,1.0064324246626306,0.4053837439532762,0.9029211445514509,False
dmv.1776,100,2.4031972813597315,1.0068484741440216,0.4189620560715455,0.8699749214624506,False
dmv.1777,100,2.5053020721860104,1.0636707213812189,0.42456785279114434,0.856683444328803,False
dmv.1778,100,2.3245537882375653,1.0373836748030612,0.4462721749233373,0.8068262554179225,False
dmv.1779,100,2.4418286335777375,1.0005697023754854,0.4097624577812665,0.8921776584493729,False
dmv.178,100,2.2952614486328358,1.0502594403209862,0.45757725811435096,0.7818095383282249,False
dmv.1780,100,2.399617323654962,1.0000746855308273,0.41676423806091295,0.875234593421539,False
dmv.1781,100,2.3964187560054464,1.0031895694606605,0.4186203128925855,0.8707909443650014,False
dmv.1782,100,2.40135794379291,1.000534732753681,0.41665372517241267,0.8754997974224685,False
dmv.1783,100,2.25643448750903,1.0420743840264761,0.46182346077189435,0.7725725804680281,False
dmv.1784,100,2.2715900462576535,1.0559014015058128,0.46482920773726966,0.7660852360528473,False
dmv.1785,100,2.4398347905791105,1.0051409594117402,0.41197091019968757,0.8868025384367916,False
dmv.1786,100,2.411254845226898,1.009162960101396,0.4185219003702756,0.8710260597879345,False
dmv.1787,100,1.950434229051759,1.200707085867574,0.6156101384927606,0.4851414078665446,False
dmv.1788,100,4.2614056720098645,1.8432,0.4325333333333333,0.8380958842890983,False
dmv.1789,100,2.4801615298465123,1.0266686545277792,0.4139523342220843,0.8820044465145995,False
dmv.179,100,8282.75,19740.25,2.3832966104252815,0.8684846597059313,True
dmv.1790,100,2.4113898726559064,1.0085902305226069,0.4182609547960591,0.8716497474771936,False
dmv.1791,100,12.171270718232044,5.3630629633728,0.4406329534137435,0.8195430552778142,False
dmv.1792,100,2.3726648076743473,1.0050024292372195,0.4235753933663764,0.8590237562566385,False
dmv.1793,100,8.36453034927094,3.4869946282160025,0.4168787107718406,0.8749599609501495,False
dmv.1794,100,2.305030117834761,1.0357375657247856,0.4493379751140561,0.7999799458588239,False
dmv.1795,100,1.9660050444127646,1.5314591700133868,0.7789701121905441,0.24978260074017156,False
dmv.1796,100,2.411792970942031,1.0093336360352019,0.4184992858823047,0.8710800954284843,False
dmv.1797,100,2.4648711372627545,1.0080593756639766,0.4089704165157409,0.8941124568127241,False
dmv.1798,100,2.385659713932238,1.0111264431258913,0.4238351501770848,0.8584106961033913,False
dmv.1799,100,2.3157944339204763,1.0409015065806073,0.4494792332747923,0.7996656257488376,False
dmv.18,100,2.5926467755806066,1.0859883306102702,0.41887245915597976,0.8701887988195632,False
dmv.180,100,2.3954040266961742,1.0005702320387473,0.4177041621737478,0.8729818430236305,False
dmv.1800,100,2.3965370711334653,1.0029922116511951,0.4185172946967268,0.871037064466272,False
dmv.1801,100,2.2674579453426738,1.0460721077499167,0.46134134919614883,0.7736170561984047,False
dmv.1802,100,2.287485299690952,1.0507220632819505,0.4593350013763617,0.7779754846397785,False
dmv.1803,100,2.0855828169903154,1.1639346873755476,0.5580860553191604,0.5832421074895827,False
dmv.1804,100,2.476883053243927,1.0172915012802308,0.41071438554513234,0.8898572317396198,False
dmv.1805,100,1.5159006371475539,1.615073162487216,1.065421520981925,0.06337051520469172,False
dmv.1806,100,2.417615054523943,1.0007913012992353,0.4139580862662616,0.8819905511847784,False
dmv.1807,100,2.348193057536852,1.0175550400385942,0.4333353413053539,0.8362433904297687,False
dmv.1808,100,2.4465607317920153,1.0188501450777232,0.4164417959620619,0.8760085727298516,False
dmv.1809,100,1.3070661164536712,1.8818504486762244,1.4397515358917394,0.3644705541807658,False
dmv.181,100,2.457425689616319,1.0191314988268043,0.41471508299643545,0.8801635415292919,False
dmv.1810,100,2.089248643333212,1.153631601425969,0.552175350266329,0.5938896196234587,False
dmv.1811,100,2.3961707266320906,1.0004104799707676,0.4175038401278204,0.8734615368225804,False
dmv.1812,100,2.43424717269015,1.0174574685677589,0.41797623510982257,0.8723307018778718,False
dmv.1813,100,2.323328490943711,1.0423362772116649,0.448639217947299,0.8015362377406032,False
dmv.1814,100,2.393265774555538,1.0000013680229916,0.4178396643844144,0.8726574980699667,False
dmv.1815,100,2.3952486630059364,1.0018537655257704,0.4182671223239453,0.871635001940122,False
dmv.1816,100,2.437375388722627,1.01700332531262,0.4172534645332611,0.8740614132193952,False
dmv.1817,100,2.327230379559272,1.026321601461228,0.44100558779040666,0.8186977328890184,False
dmv.1818,100,2.4655260174549887,1.0297378651980906,0.4176544307007662,0.8731009091910574,False
dmv.1819,100,2.250969675599436,1.016017231251224,0.4513686889098838,0.795470781404426,False
dmv.182,100,2.3966701937418318,1.0016230881213015,0.4179227875144159,0.8724585823850453,False
dmv.1820,100,3.327234032363312,1.380417787966584,0.41488448799800315,0.8797551396692975,False
dmv.1821,100,2.431173781540459,1.0012649071580868,0.4118442353897292,0.8871100705612855,False
dmv.1822,100,2.4118054377221334,1.005979121862201,0.4171062500017884,0.8744142934710079,False
dmv.1823,100,2.4421452511190007,1.0172985120319191,0.41655938014570953,0.8757262581598335,False
dmv.1824,100,2.399533557340929,1.000882243676875,0.41711533502620163,0.8743925126286595,False
dmv.1825,100,2.399703145400568,1.0009361510618375,0.41710832149397264,0.8744093271415886,False
dmv.1826,100,2.395281700240052,1.0005005934894682,0.41769642100517834,0.8730003758538092,False
dmv.1827,100,2.4139488761568972,1.150120954858734,0.47644793401332186,0.7413968294061315,False
dmv.1828,100,2.20706801107157,1.096625340959479,0.4968697545605078,0.6994273504886201,False
dmv.1829,100,2.2061056986747705,1.0904711002269525,0.4942968511807976,0.7046190289488752,False
dmv.183,100,2.3534489784829384,1.0159441748640288,0.4316831102575755,0.8400635009813457,False
dmv.1830,100,2.427655613059394,1.0161184209887362,0.41855954177462495,0.8709361249202392,False
dmv.1831,100,2.4060843343737726,1.0043827876049107,0.41743457336723805,0.8736274574692332,False
dmv.1832,100,2.323230325142497,1.0083053784638865,0.4340100796515048,0.8346875201479612,False
dmv.1833,100,2.4326978662179,1.021120196864843,0.41974805463712267,0.8681006176102767,False
dmv.1834,100,2.460174244499376,1.0301569885493955,0.4187333441331199,0.870520971838405,False
dmv.1835,100,1.4393114609386495,1.606460186037003,1.116131031840285,0.10986826911013087,False
dmv.1836,100,2.5582481206518186,1.0844099239380456,0.4238877047085439,0.8582867062139514,False
dmv.1837,100,1.911935134089826,1.2624380939995883,0.660293370570111,0.41507104185910515,False
dmv.1838,100,2.320949710295647,1.0676756402101162,0.4600167058656836,0.776492473059134,False
dmv.1839,100,2.0386790306064397,1.2172235105020384,0.5970648111978444,0.5157296100114789,False
dmv.184,100,1.5559312830132794,1.5046559956850738,0.9670452751429331,0.03350996441501608,False
dmv.1840,100,2.1289939633044965,1.1485601345396355,0.53948491838695,0.6171404494718173,False
dmv.1841,100,7.1807909604519775,2.8626126126126126,0.39864864864864863,0.9196748298583957,False
dmv.1842,100,2.394441289495284,1.0050983905546067,0.41976322199424987,0.8680644838320869,False
dmv.1843,100,2.3966820857326563,1.0006942815833964,0.417533175359588,0.8733912759090265,False
dmv.1844,100,2.423716196302808,1.0201699490110192,0.420911470809664,0.8653327505247863,False
dmv.1845,100,1.913935105021456,1.2454174992526394,0.6507104112282207,0.4296905725658282,False
dmv.1846,100,2.4122698873544075,1.0086867651752494,0.4181483881480192,0.8719189138839756,False
dmv.1847,100,2.392458248291129,1.0011318995736158,0.4184532374969128,0.8711901336544338,False
dmv.1848,100,2.3730438550199078,1.0103179939272324,0.4257477129173227,0.8539083313449656,False
dmv.1849,100,2.3887378459586923,1.0007717964572975,0.4189542180823318,0.8699936297497955,False
dmv.185,100,2.9345046670327086,1.2556047791649887,0.42787622499664385,0.8489213191580447,False
dmv.1850,100,3.547107334749469,1.4755184780913768,0.41597796143250687,0.8771229974499266,False
dmv.1851,100,3.7908769675554126,1.5277034607750064,0.4029947354794166,0.9088317804472898,False
dmv.1852,100,1.8818111830287132,1.2733836386502417,0.6766798125839452,0.39055706833916615,False
dmv.1853,100,2.4427955076557364,1.0205557679065864,0.417781907944467,0.8727957339459947,False
dmv.1854,100,2.43366014781363,1.0123528154163761,0.41597953449903896,0.8771192158468043,False
dmv.1855,100,2.329736568124817,1.0005375022792315,0.4294637925885993,0.8452178424184847,False
dmv.1856,100,2.4411913273235935,1.0243277118255465,0.41960156926682635,0.8684496625555815,False
dmv.1857,100,2.398051597154213,1.0010865480675342,0.41745830208805,0.8735706149172943,False
dmv.1858,100,2.405911741944666,1.0020083305789036,0.4164775927187561,0.8759226178170406,False
dmv.1859,100,2.2124969882858663,1.0452947729686797,0.4724502580130166,0.7498228116365666,False
dmv.186,100,2.389669421487603,1.0255825111485095,0.42917338353439277,0.8458942842809055,False
dmv.1860,100,2.2364508919055535,1.0754353621641346,0.48086696920396804,0.7321646184307933,False
dmv.1861,100,2.0979539841238113,1.1213862377468793,0.534514220155889,0.6263969442761923,False
dmv.1862,100,2.4145603178799093,1.0092279380673816,0.41797586525133007,0.8723315867575014,False
dmv.1863,100,1.0069372348277994,2.4345577586669287,2.4177850162460945,0.8828518384988264,False
dmv.1864,100,2.5002244755314047,1.0386123051748202,0.41540762253120117,0.8784950178500293,False
dmv.1865,100,2.826020008212326,1.2343175537421842,0.4367688658096177,0.8283511350002168,False
dmv.1866,100,2.3054640972654794,1.010941359061562,0.4384979840981448,0.8244000644480955,False
dmv.1867,100,2.3931814795202566,1.0013121900133117,0.4184021139149202,0.8713123138662706,False
dmv.1868,100,1.8384805803122422,1.3188374891981753,0.7173518737816572,0.33218880035268905,False
dmv.1869,100,2.3956184644745737,1.0033629233357748,0.41883252204596794,0.8702841476856634,False
dmv.187,100,2.4456929791379918,1.0021152195517142,0.4097469421140995,0.892215524194832,False
dmv.1870,100,1.223840162546563,1.9266433007440202,1.5742605609012428,0.45378567689287275,False
dmv.1871,100,2.418634307997721,1.0085677050117556,0.41699884173341756,0.8746718348048969,False
dmv.1872,100,2.399354748684604,1.000336667403978,0.41691903539999314,0.8748632357470194,False
dmv.1873,100,2.4335668849340015,1.017344495872366,0.4180466549617585,0.8721622379447933,False
dmv.1874,100,2.3984317330707237,1.000216302214602,0.4170292981130717,0.8745988003874412,False
dmv.1875,100,2.2900439536015513,1.0199798193784169,0.4453974858317872,0.8087881689170844,False
dmv.1876,100,2.4009055008779083,1.000487604426613,0.4167126128291087,0.8753584726434157,False
dmv.1877,100,2.416913480524143,1.0106040384944657,0.418138277037249,0.8719430948525156,False
dmv.1878,100,1.8071655710544599,1.3700330115965709,0.7581115054096415,0.27692479939655,False
dmv.1879,100,2.333571255640678,1.028129028475289,0.4405818018156116,0.8196591486543398,False
dmv.188,100,1.930546276787091,1.2599067178013845,0.6526166883179731,0.42676532310272125,False
dmv.1880,100,2.0095865973784224,1.2052085994099766,0.5997296165202407,0.5112763644672518,False
dmv.1881,100,1.6047614627807685,1.5001359190732055,0.9348030556975955,0.0674194074977923,False
dmv.1882,100,2.3964719259964964,1.001865844258905,0.4180586608968144,0.872133519229988,False
dmv.1883,100,2.374437789580744,1.0473552452478179,0.4410960985559239,0.8184925167166975,False
dmv.1884,100,2.634804185996332,1.0991114568831382,0.41715109711939263,0.8743067796018111,False
dmv.1885,100,9.537465990146334,23.626222516361498,2.477201233616037,0.9071293880697109,True
dmv.1886,100,2.4371335112553645,1.0269444002954349,0.4213738785966047,0.864234766726963,False
dmv.1887,100,2.415049302922123,1.0096160462031232,0.41805193996723955,0.8721495958819717,False
dmv.1888,100,2.5091335015761107,1.0274323553788727,0.40947695877221824,0.8928746440065548,False
dmv.1889,100,2.4533548628307313,1.0037153789198798,0.40911952613401076,0.8937479256966512,False
dmv.189,100,2.4191833484079064,1.0013614826972035,0.4139254196488296,0.8820694671607957,False
dmv.1890,100,2.205890094773252,1.0578891949683573,0.479574751922126,0.734855501246788,False
dmv.1891,100,2.509833480321081,1.0484349219901437,0.4177308694822328,0.8729179067329984,False
dmv.1892,100,2.4550616241233607,1.0281799427098135,0.4188000547957529,0.8703616691458572,False
dmv.1893,100,2.1414189112613804,1.1221211773734023,0.5240082505446955,0.6462478494707468,False
dmv.1894,100,2.528665482432474,1.0536902263788814,0.416698149161776,0.8753931822199985,False
dmv.1895,100,2.2683187018883384,1.095586381781174,0.4829949075802779,0.7277491686971995,False
dmv.1896,100,2.8326716463726593,1.193937093790028,0.4214879953766998,0.8639639826653838,False
dmv.1897,100,2.395305274604444,1.0003226175629347,0.4176180080963275,0.8731881205074375,False
dmv.1898,100,2.4371629966563244,1.0040747183376804,0.4119850497136321,0.8867682173938383,False
dmv.1899,100,10.743754488075892,4.343665243068554,0.4042967705460352,0.9056060901337373,False
dmv.19,100,2.8119056005635787,1.3281974195164725,0.47234779832234314,0.7500397038928283,False
dmv.190,100,2.4024612442142894,1.0055456181371214,0.4185481120907651,0.8709634324805221,False
dmv.1900,100,2.9407205466578112,1.2314023581723272,0.4187417126635311,0.8705009866929527,False
dmv.1901,100,2.411366244929844,1.0064158522147182,0.4173633326463018,0.8737981352359024,False
dmv.1902,100,2.4916626762904293,1.0713247289324084,0.4299637904948632,0.8440542819917153,False
dmv.1903,100,2.59623290230959,1.0481663589889236,0.4037258591309287,0.9070191978590442,False
dmv.1904,100,2.3461885348937366,1.0256789506249318,0.4371681710018188,0.8274373272470991,False
dmv.1905,100,2.329367926722453,1.0411156502471741,0.44695199856730244,0.8053040758903067,False
dmv.1906,100,2.3898202203963748,1.002399450035769,0.4194455471924626,0.8688215655705647,False
dmv.1907,100,2.2367869690881155,1.1082332596791238,0.49545766986067696,0.7022733580022855,False
dmv.1908,100,2.3837475103986314,1.0002931908826354,0.41963051309715155,0.8683806856159603,False
dmv.1909,100,2.4158770631176796,1.0067204931703817,0.41671014992427347,0.8753643829807507,False
dmv.191,100,1.544854382167993,1.586460989966201,1.0269323816396332,0.026576088116349705,False
dmv.1910,100,1.162454100367197,2.0654663191976623,1.7768153758029852,0.574822647209324,False
dmv.1911,100,2.38905116238591,1.0079909156625135,0.4219210251888654,0.8629371265619826,False
dmv.1912,100,3.5234737625341035,1.4037690570299266,0.39840485601355163,0.9202865645569414,False
dmv.1913,100,2.482271271312235,1.0126411237183965,0.4079494193167176,0.8966120845261185,False
dmv.1914,100,7.490352919480879,3.0699803484373227,0.4098579040852575,0.8919447547567287,False
dmv.1915,100,1.133381398702235,2.3924936386768447,2.1109342728020253,0.7471306328068643,False
dmv.1916,100,4.563657815508964,1.8796255438941425,0.41186820306870797,0.8870518762743803,False
dmv.1917,100,3.5437760643972456,1.483205301239053,0.4185381001187299,0.8709873534862431,False
dmv.1918,100,1.3860587883245692,1.7283309203245654,1.2469391160628371,0.22069184117783536,False
dmv.1919,100,1.688077744765431,1.430112745167037,0.8471841712277063,0.16583716850061203,False
dmv.192,100,1.551111399768645,1.583090778228435,1.0206170739668083,0.020407418850156067,False
dmv.1920,100,2.4011413055387885,1.0055074396422614,0.4187622932989515,0.8704518391419486,False
dmv.1921,100,1.968227486250188,1.2383796482680949,0.6291852221957438,0.46332959473030855,False
dmv.1922,100,2.408614284056719,1.0030839548826873,0.41645686547753874,0.8759723870180088,False
dmv.1923,100,2.518774846778201,1.0526148421360042,0.41790747731279676,0.872495217099688,False
dmv.1924,100,2.4555813142429974,1.0252092714542151,0.4175016585717362,0.8734667620722047,False
dmv.1925,100,2.340705548871079,1.0285636381335168,0.4394246164920626,0.8222890976330294,False
dmv.1926,100,1.949833236326224,1.225322228635554,0.6284241163845599,0.4645399958950549,False
dmv.1927,100,2.3945946851809627,1.0025582138453506,0.41867553621901815,0.8706590356099984,False
dmv.1928,100,2.0858183883953494,1.1577031477893536,0.55503544998469,0.5887232934292616,False
dmv.1929,100,1.80269945251432,1.3137535439360293,0.7287701464066392,0.31639689654464725,False
dmv.193,100,4.1084402068085675,1.6123481514664417,0.3924477588342249,0.9353518491295958,False
dmv.1930,100,5.236750866765726,2.3370049732915823,0.4462700313133174,0.806831058798659,False
dmv.1931,100,2.4345583786241956,1.0031544002371313,0.41204779028713556,0.8866159405170461,False
dmv.1932,100,2.3995555481437485,1.0005798674787187,0.4169854989407304,0.8747038325104594,False
dmv.1933,100,2.415053322713471,1.0100206350250596,0.4182187720353251,0.871750605296975,False
dmv.1934,100,2.4358144492836913,1.018756207045984,0.4182404810619188,0.871698698341512,False
dmv.1935,100,2.98468606431853,7.4257274119448695,2.487942534633145,0.9114560775977913,True
dmv.1936,100,2.3863645555285933,1.0105390703439594,0.423463828275022,0.8592871799308891,False
dmv.1937,100,1.6482352564717928,1.3982216699994177,0.848314380188934,0.16450398053924775,False
dmv.1938,100,2.456736919173424,1.0309616301180504,0.41964673631595867,0.868342025640796,False
dmv.1939,100,1.5238645644440139,1.5924576806209718,1.045012606617035,0.044028949092366876,False
dmv.194,100,2.1445913128619374,1.0953357853112606,0.510743365760232,0.671888034580255,False
dmv.1940,100,2.2233253224114002,1.033895776273261,0.4650222645563656,0.7656699937746504,False
dmv.1941,100,2.3927823637101104,1.0510257843424717,0.4392483830885529,0.8226902329950058,False
dmv.1942,100,6.821610028319173,2.6603514641633237,0.3899887934254763,0.9416372750777684,False
dmv.1943,100,1.092650225422246,2.1754539925944743,1.9909884627111911,0.6886312303446225,False
dmv.1944,100,2.421862212844646,1.0113963123584977,0.41761100486825065,0.8732048901070762,False
dmv.1945,100,2.5044209807887063,1.0393344459547211,0.4149998957553087,0.8794770099434975,False
dmv.1946,100,2.3799856402187616,1.0049184449151594,0.42223718829782103,0.8621880652635493,False
dmv.1947,100,2.20008929095929,1.0460331751580418,0.4754503280646155,0.7434928649882658,False
dmv.1948,100,2.3162878711156663,1.0430519408832104,0.45031187784997234,0.7978148743854254,False
dmv.1949,100,2.4060750984535733,1.0030300097220328,0.41687394145207596,0.8749714015608677,False
dmv.195,100,2.4617846949556115,1.02225558026488,0.41524979108025223,0.8788750336068553,False
dmv.1950,100,2.416119743376218,1.006666372535823,0.4166458948467246,0.8755185909644315,False
dmv.1951,100,2.543016537519101,1.0413799657625122,0.40950577803888555,0.8928042658034894,False
dmv.1952,100,2.3954555631441266,1.0017574473647626,0.41819078707931356,0.8718175221697367,False
dmv.1953,100,3.183896103896104,1.327485380116959,0.4169374052414988,0.8748191757851043,False
dmv.1954,100,1.5795336916906588,1.5039731289628564,0.952162740734624,0.04901931265058468,False
dmv.1955,100,2.0052713678661718,1.2156115879828326,0.6062080212497007,0.5005320824273347,False
dmv.1956,100,2.476881335167185,1.0128168268556692,0.4089080944151513,0.8942648562213826,False
dmv.1957,100,2.398195938156394,1.0003546097120035,0.4171279726547377,0.8743622154038074,False
dmv.1958,100,1.356614163145089,1.7025052389133266,1.2549664342043618,0.22710882657218084,False
dmv.1959,100,1.9731624686993665,1.2137966958134474,0.615152941061937,0.4858843574389661,False
dmv.196,100,2.3378329076979205,1.0121722846441947,0.43295321975807394,0.8371255943263413,False
dmv.1960,100,3.1139240506329116,1.2886178861788617,0.41382444312247996,0.8823134455204236,False
dmv.1961,100,2.455945208780131,1.0264282261926512,0.41793612598649077,0.8724266667785701,False
dmv.1962,100,1.7976522089850062,1.348432604348716,0.7501076112548325,0.2875386010711817,False
dmv.1963,100,2.4798530247766135,1.031447389849484,0.4159308553951085,0.8772362455283118,False
dmv.1964,100,2.436905663933167,1.0107451309285103,0.4147658015194429,0.8800412517357175,False
dmv.1965,100,2.4517354307296846,1.0204361335015617,0.41620972667424394,0.8765659951028804,False
dmv.197,100,2.4072064837280296,1.004881625751668,0.41744720801657714,0.873597190550918,False
dmv.198,100,2.505631456029573,1.025988781659934,0.4094731406691857,0.8928839683916061,False
dmv.199,100,2.425819330975191,1.0101632173773787,0.416421455826757,0.8760574166073194,False
dmv.2,100,2.425403387004857,1.0109093410080185,0.41680049859928486,0.8751475922882136,False
dmv.20,100,1.3034638831133931,1.8049138310824449,1.38470567114703,0.3254876052482696,False
dmv.200,100,2.349794924805762,1.031228963619867,0.4388591330816285,0.8235767987634393,False
dmv.201,100,2.3985465087934266,1.000656487363499,0.41719286396780064,0.8742066605852166,False
dmv.202,100,2.174411326927224,1.0499923806851579,0.4828858126714037,0.7279750659680544,False
dmv.203,100,1.1940743949841752,2.8683672609807127,2.40216796627544,0.8763716488880033,False
dmv.204,100,2.5553491197829836,1.122269949785226,0.4391845877719191,0.8228354809965317,False
dmv.205,100,2.091044093142122,1.148198853679239,0.5491031286451209,0.5994690069442454,False
dmv.206,100,2.3945133214592764,1.000197207980898,0.4177037559228749,0.8729828156044838,False
dmv.207,100,1.8390287769784173,1.31481183852822,0.7149490290676678,0.33554402684648876,False
dmv.208,100,2.409513402271295,1.0056636491463413,0.41737209189140273,0.8737771483582792,False
dmv.209,100,4.889437907003313,1.9751133571008272,0.4039550955891685,0.9064515567303152,False
dmv.21,100,1.2768659284841148,1.838089041732503,1.4395317477964722,0.36431788556567024,False
dmv.210,100,2.47262978241365,1.0310476188684699,0.416984227158348,0.874706882459019,False
dmv.211,100,2.3253355994662113,1.0378651312444052,0.44632917996122823,0.8066985275410681,False
dmv.212,100,1.8969497607655503,1.2489222393879202,0.65838445762733,0.4179662361747473,False
dmv.213,100,2.1637633712926436,1.0794524366747826,0.498877303773708,0.6953950976861258,False
dmv.214,100,2.7330134830933135,1.1191154348037828,0.40948039288014476,0.8928662574698942,False
dmv.215,100,2.362658339586,1.0366705118086335,0.4387729255810578,0.8237732535305528,False
dmv.216,100,2.3984317330707237,1.000216302214602,0.4170292981130717,0.8745988003874412,False
dmv.217,100,2.300754328763501,1.0643065498008861,0.462590262895595,0.7709135780539786,False
dmv.218,100,2.485455959169026,1.015862129378315,0.40872264327626745,0.8947184867749199,False
dmv.219,100,2.400065243786974,1.000232709888193,0.4167522997458031,0.8752632390801892,False
dmv.22,100,2.449690697001691,1.0047159404250652,0.41013991752297196,0.8912569152493501,False
dmv.220,100,2.451472579574791,1.0188323979185956,0.41560016065744143,0.8780316331896673,False
dmv.221,100,2.4175944767645094,1.0097806276935344,0.4176799034736933,0.8730399209809651,False
dmv.222,100,2.2413265257912824,1.083165987681299,0.4832700524520388,0.7271796667684776,False
dmv.223,100,1.969058452922646,1.3017278156996588,0.6610915048090737,0.41386301480976334,False
dmv.224,100,1.980004928457018,1.2573553980620087,0.6350263981624747,0.45408870904412424,False
dmv.225,100,2.59568345323741,1.074205731393071,0.41384311713868316,0.8822683210837465,False
dmv.226,100,2.413924185838029,1.0056116243009758,0.4165879070273547,0.8756577783553728,False
dmv.227,100,2.3029878006273963,1.0514887233339265,0.456575898077911,0.7840003319171669,False
dmv.228,100,2.3953189313718894,1.00090153514513,0.41785731412888555,0.8726152584904839,False
dmv.229,100,2.4177777007782977,1.0075577786563954,0.416728873929169,0.8753194510676464,False
dmv.23,100,2.380783181191825,1.008797237751615,0.42372495140301225,0.8586707337679488,False
dmv.230,100,2.401995349094055,1.001024076134658,0.4167468835908479,0.8752762352655811,False
dmv.231,100,2.39689984241525,1.0000636666821248,0.41723214670263603,0.8741125053660844,False
dmv.232,100,2.3324224289737736,1.0347540195832818,0.44363919962755466,0.8127436603506529,False
dmv.233,100,2.3987610778459802,1.0012756590875493,0.41741366755319653,0.8736775403777698,False
dmv.234,100,2.3347768309342154,1.0703900208165003,0.45845496093440524,0.7798932234423531,False
dmv.235,100,2.4112784597415486,1.0060392527172595,0.41722234470799824,0.8741359985457345,False
dmv.236,100,4.185095707117636,1.784610507964181,0.426420477058404,0.8523293841634909,False
dmv.237,100,1.6811694290976058,1.4091469259208544,0.838194474353032,0.17650513579035643,False
dmv.238,100,2.428463242371185,1.0090082723401463,0.4154925035451377,0.8782907068586887,False
dmv.239,100,2.6177736999070254,1.093187657134958,0.4176020475619357,0.8732263392601738,False
dmv.24,100,2.396414312627157,1.0002406583826762,0.41739053765128187,0.8737329543341834,False
dmv.240,100,2.460037060861403,1.026267942747101,0.417175805631052,0.8742475497925237,False
dmv.241,100,5.304414516673313,2.1500354385048683,0.4053294537496426,0.9030550765112824,False
dmv.242,100,2.4126802177366407,1.0097567493534978,0.41852075626531254,0.8710287934717055,False
dmv.243,100,5.321372630214428,2.199553488372093,0.4133432558139535,0.8834769033378034,False
dmv.244,100,1.935803135614189,1.2414328873543374,0.6413012069847988,0.44425603073833975,False
dmv.245,100,2.7193514720516494,1.124257224331479,0.4134284353773765,0.8832708499263671,False
dmv.246,100,8.588723051409618,3.2028447742733457,0.37291280148423006,0.9864106628499214,False
dmv.247,100,2.064386825508059,1.1037245237416324,0.5346500520657017,0.6261428543966991,False
dmv.248,100,2.39771164518437,1.001524636504959,0.4177002011549006,0.8729913259016739,False
dmv.249,100,1.5568792677611507,1.5870513349443036,1.01937983747869,0.019194439915850514,False
dmv.25,100,2.3412037750715107,1.0612223507581462,0.45328064223103853,0.7912438260481314,False
dmv.250,100,2.4090737137916127,1.015418092086815,0.4214973108849627,0.8639418814301806,False
dmv.251,100,2.3641123504349295,1.0191125001356962,0.43107617112537333,0.841470473344141,False
dmv.252,100,2.3972306254042586,1.0001103916677003,0.4171940659647822,0.8742037794351446,False
dmv.253,100,2.396498129105059,1.0000621405050587,0.41730144845909767,0.8739464203647791,False
dmv.254,100,6.7559178095563475,2.738806117805346,0.40539364080647394,0.9028967313071146,False
dmv.255,100,8.214285714285714,18.785714285714285,2.2869565217391306,0.8272219038145145,True
dmv.256,100,3.005005857918841,1.0339722212042364,0.344083263092315,1.0668716070236224,False
dmv.257,100,2.328479320611332,1.0309378561428721,0.4427515619388039,0.8147464745133245,False
dmv.258,100,2.290200586004649,1.001289998362263,0.43720624493815863,0.8273502388427043,False
dmv.259,100,2.405090828525917,1.0048719711944702,0.41781040419598514,0.8727275278337192,False
dmv.26,100,2.509833480321081,1.0484349219901437,0.4177308694822328,0.8729179067329984,False
dmv.260,100,2.4727495268981006,1.0304775913417625,0.41673351066592984,0.8753083246224785,False
dmv.261,100,2.491619182872145,1.0481357818586534,0.4206645177014747,0.8659196330372363,False
dmv.262,100,2.287831654568331,1.0611701527142796,0.46383227131040883,0.7682322763518694,False
dmv.263,100,2.4644764666413232,1.026020708304252,0.4163240031675165,0.8762914681020055,False
dmv.264,100,3.862507026419337,1.7728070175438597,0.45897832817337464,0.7787522853448217,False
dmv.265,100,2.477176966292135,5.946278089887641,2.4004252303330973,0.8756459009649579,True
dmv.266,100,2.397465885364517,1.000312892225758,0.4172375917139141,0.8740994551354351,False
dmv.267,100,2.32198063705565,1.0388519965167264,0.44739907815683855,0.8043042903733836,False
dmv.268,100,1.3405583796574094,1.8135063235014675,1.3527992148800887,0.3021759382354838,False
dmv.269,100,2.3881805767155693,1.0063514118296022,0.4213883245016685,0.8642004844465946,False
dmv.27,100,2.4171462459652098,1.0076862514446094,0.41689089070496943,0.8749307444061352,False
dmv.270,100,1.6782250333055269,1.3975257808442763,0.8327403972109929,0.18303333339363703,False
dmv.271,100,2.353567052929138,1.0248251339819527,0.43543485736108684,0.8314100751383925,False
dmv.272,100,2.43718082754977,1.0027901693092747,0.41145497206189413,0.8880556887601573,False
dmv.273,100,2.383734041980141,1.01375964641397,0.42528219531229716,0.8550023414307538,False
dmv.274,100,2.3938051029491025,1.0004930539361028,0.41795092370031406,0.8723912607656875,False
dmv.275,100,2.5558280130946858,1.0640745350264145,0.41633260515757314,0.87627080654724,False
dmv.276,100,2.385565059817512,1.0032843078868832,0.4205646388716102,0.8661570923063389,False
dmv.277,100,2.360771904703503,1.01978459812571,0.4319708295807545,0.8393972171365065,False
dmv.278,100,2.3099991209212747,1.0361564075730187,0.44855272808925506,0.801729038977159,False
dmv.279,100,2.4038097122172153,1.001779371821448,0.41674653643754156,0.8752770682734919,False
dmv.28,100,3.0294418319362095,1.216302741750123,0.40149400755212605,0.9125626708570729,False
dmv.280,100,2.439938684533632,1.0173190078374874,0.4169444971244992,0.8748021664628479,False
dmv.281,100,2.4119366920105327,1.0109986761496648,0.419164681850302,0.8694914008359482,False
dmv.282,100,2.3940677950567526,1.0038979539990895,0.4193272872522357,0.8691035488112087,False
dmv.283,100,2.3926695739788575,1.0010114299685509,0.4183659293597872,0.8713988003315376,False
dmv.284,100,2.3308634181506553,1.0292126058430118,0.4415585219744903,0.8174447151188403,False
dmv.285,100,4.1943648519579755,1.6798546408371813,0.40050274597666596,0.915034656126027,False
dmv.286,100,2.185661260178009,1.0903388416655952,0.4988599384228431,0.6954299071532524,False
dmv.287,100,2.4182164424999835,1.0096863139295116,0.4175334747478951,0.8733905588685196,False
dmv.288,100,12.594691535150645,5.128351564231179,0.40718357809069117,0.8984911434129561,False
dmv.289,100,2.399249017948154,1.0006581586153556,0.4170714048978217,0.8744978370753764,False
dmv.29,100,2.6948135573377043,1.08723980244027,0.40345640962055657,0.907686827788025,False
dmv.290,100,2.4876247530350484,1.0351277191368549,0.41611087760480686,0.8768035215305421,False
dmv.291,100,2.3552093384335913,1.0207128503249925,0.43338519157021127,0.8361283585065098,False
dmv.292,100,2.3955213540992135,1.0017051901785128,0.4181574872895188,0.8718971535645345,False
dmv.293,100,2.396522430247519,1.0017447231881889,0.41799931039440597,0.87227549623289,False
dmv.294,100,3.7376582790021016,1.56735114421026,0.41934040707132786,0.8690722615226152,False
dmv.295,100,2.359540072167679,1.010826396316793,0.42839975817327813,0.847698504896849,False
dmv.296,100,2.5339315577964707,1.0479996861686038,0.41358642183688404,0.8828887855413051,False
dmv.297,100,2.644634363879446,1.0745113749127126,0.4062986511815943,0.9006667957537637,False
dmv.298,100,2.655244238664024,1.0561656130931067,0.3977658995409449,0.9218916388587184,False
dmv.299,100,2.303432881139218,1.059870977827502,0.46012670328093835,0.7762533855110729,False
dmv.3,100,2.277093688338287,1.0310306247806247,0.4527835767412016,0.7923410231988287,False
dmv.30,100,1.2423060965490311,1.8737285679906095,1.5082664193596007,0.41096092464420586,False
dmv.300,100,2.3987268976001737,1.0014803161412043,0.4175049344479956,0.873458915723956,False
dmv.301,100,2.3151936344108655,1.03197436563469,0.4457399805771714,0.8080195001647132,False
dmv.302,100,2.626629680998613,1.0322123507930452,0.3929797787104159,0.9339971220997249,False
dmv.303,100,2.060937689294512,1.1691682178896836,0.5672991590007296,0.5668684971102075,False
dmv.304,100,2.3989475291014584,1.0015019411996986,0.4174755508615971,0.873529297216524,False
dmv.305,100,2.2270881731147965,1.0799743157035326,0.48492660898696477,0.7237577211712951,False
dmv.306,100,2.4233626888888105,1.0112404612578998,0.41728812030261386,0.8739783597922145,False
dmv.307,100,1.3501521077792265,1.7624328065149515,1.3053587046676227,0.2664778724820685,False
dmv.308,100,2.381266113571759,1.0048766133199247,0.42199257260360074,0.8627675655664163,False
dmv.309,100,2.4365726414415527,1.0154601795567266,0.416757605451873,0.8752505080831444,False
dmv.31,100,2.4360387927702125,1.0070139734986459,0.4133817476500407,0.8833837844991235,False
dmv.310,100,2.471329474848923,1.0156444571924277,0.4109708832953226,0.8892329105591182,False
dmv.311,100,2.424129281678959,1.0133874827715759,0.4180418472028442,0.8721737385428807,False
dmv.312,100,2.6894788983554587,1.0751234212424312,0.3997515733995307,0.9169119913170182,False
dmv.313,100,2.41535081412804,1.0096054769085723,0.4179953781467755,0.8722849035836409,False
dmv.314,100,2.149738729609982,1.0952490099215793,0.5094800567324224,0.6743645699070036,False
dmv.315,100,2.689394492295276,1.1236427338008552,0.4178050996311356,0.8727402240195256,False
dmv.316,100,2.4662448455230273,1.0319663072348078,0.4184362753390587,0.8712306698485102,False
dmv.317,100,2.3679347749864816,1.001372780255129,0.42288866688097265,0.8606463334417074,False
dmv.318,100,2.1625193894073576,1.1298280996547307,0.5224591766385791,0.6492084290307991,False
dmv.319,100,1.1467065868263473,2.4850299401197606,2.16710182767624,0.7733907116099976,False
dmv.32,100,2.4889589065412268,1.0097171853325773,0.40567852794955434,0.902194236101951,False
dmv.320,100,2.316880416060246,1.0753076948013356,0.4641187725302842,0.7676147842311793,False
dmv.321,100,2.5202073935370386,1.0141424347250287,0.40240435661198065,0.910297833684686,False
dmv.322,100,1.1025360567751126,2.0340877630121814,1.8449172256205677,0.61243441232377,False
dmv.323,100,2.411842958577914,1.009455500029746,0.4185411394384266,0.870980091761061,False
dmv.324,100,2.444565255967342,1.0177809433853588,0.4163443544413019,0.8762425860384482,False
dmv.325,100,2.424859100266613,1.0243502559057924,0.4224370215131944,0.8617149048029114,False
dmv.326,100,2.394823235157788,1.000641628826782,0.41783527658184455,0.8726679992884545,False
dmv.327,100,1.9559716166538428,1.226102539446654,0.626850885261922,0.46704658918225195,False
dmv.328,100,2.3997931360818265,1.0005515959791038,0.41693243510676814,0.874831096433844,False
dmv.329,100,2.3842462004799394,1.012940555719511,0.4248472978653002,0.8560254737615921,False
dmv.33,100,2.4843021723066294,1.0472268694106002,0.4215376378463128,0.863846210517743,False
dmv.330,100,2.3949262489666507,1.000178127892195,0.41762376955187924,0.8731743246085589,False
dmv.331,100,2.3990352079718917,1.0000078701993662,0.4168375132121374,0.8750587896847996,False
dmv.332,100,1.9116770684812212,1.2573902790865932,0.6577419899091836,0.4189425371530922,False
dmv.333,100,2.3959264886951597,1.0000193069052348,0.41738313409183647,0.8737506922185854,False
dmv.334,100,4.267031900281928,1.725570158404016,0.40439588892925904,0.9053609577399684,False
dmv.335,100,2.372787587405829,1.0157247750665463,0.42807235694326906,0.8484630394104146,False
dmv.336,100,2.4295002769127025,1.0163917991663485,0.41835426355988425,0.871426684921876,False
dmv.337,100,3.8937592867756314,9.731797919762258,2.4993321885136424,0.9160235715954828,True
dmv.338,100,29.49737237237237,11.635424070125563,0.39445628997867804,0.9302469433679548,False
dmv.339,100,2.5649326805385555,1.028061912821645,0.4008143841832856,0.9142568411746131,False
dmv.34,100,2.3152756930159963,1.0387079317677128,0.44863250406893823,0.8015512028357826,False
dmv.340,100,2.391906904011384,1.000602090552394,0.4183281919853649,0.871489006234711,False
dmv.341,100,1.9792598458569883,1.2582323919652643,0.6357085425640359,0.45301508708690524,False
dmv.342,100,1.659163358159214,1.4576694278149667,0.8785569067968099,0.12947459622264923,False
dmv.343,100,2.373841453463821,1.0011743606662176,0.42175283408474534,0.8633358377570715,False
dmv.344,100,2.3977844558981443,1.0022512809906854,0.41799056563458686,0.8722964169642773,False
dmv.345,100,2.304097935538166,1.027673188388929,0.44601975139086103,0.8073920423129193,False
dmv.346,100,2.3986842972957194,1.0008519280370551,0.4172503772861719,0.874068812219698,False
dmv.347,100,2.3018242353099163,1.0272180724903286,0.4462626019540647,0.8068477066140461,False
dmv.348,100,1.6241523116643866,1.5069035497619114,0.9278092571365294,0.07492910920130336,False
dmv.349,100,2.4000864307835212,1.0006763458187693,0.4169334624720548,0.874828632331907,False
dmv.35,100,2.39915223518291,1.0003522778393323,0.41696073436668185,0.8747632238070844,False
dmv.350,100,2.33049410141946,1.0387100086163163,0.4457037707083909,0.8081007388715822,False
dmv.351,100,2.442920978230933,1.021869352858444,0.4182981610802824,0.8715607967179664,False
dmv.352,100,2.3104263011202923,1.0221362742330766,0.44240159218126,0.8155372298174232,False
dmv.353,100,2.476243232135518,1.0051121864418868,0.40590204281954795,0.9016434223350988,False
dmv.354,100,2.4396544377667193,1.000269117508721,0.41000442604665605,0.8915873241063053,False
dmv.355,100,2.420820765289965,1.010993468919919,0.4176242551351473,0.8731731618802346,False
dmv.356,100,2.4540543706994833,1.0214901563588024,0.41624593511660674,0.8764790032207955,False
dmv.357,100,2.499002257188655,1.0600638556459978,0.42419483719816875,0.8575624076041455,False
dmv.358,100,2.399109159931748,1.000099154098731,0.41686271337782005,0.8749983359032444,False
dmv.359,100,2.4049102018857655,1.008678720718224,0.4194246920019248,0.8688712876600314,False
dmv.36,100,1.5847684333723457,1.5066554131279561,0.9507101361943668,0.05054606185178784,False
dmv.360,100,2.3972771440828367,1.0048485045337332,0.419162426427827,0.8694967816054658,False
dmv.361,100,2.2194663761774867,1.088586996937513,0.4904723985106503,0.7123862737095968,False
dmv.362,100,2.598160041144003,1.090079703630467,0.41955833604095116,0.868552701858675,False
dmv.363,100,1.6209120475727299,1.5109869274199377,0.9321831679162346,0.07022595150748473,False
dmv.364,100,2.475805582498114,1.0054257110380336,0.4061004297532718,0.9011547860455008,False
dmv.365,100,2.3982795050446586,1.0004219510483485,0.4171415170517081,0.8743297453275582,False
dmv.366,100,2.3939270578455023,1.0009450790445178,0.41811845342746284,0.8719905051968937,False
dmv.367,100,2.4743166960440885,1.011133773967338,0.4086517201229447,0.8948920257472113,False
dmv.368,100,2.4169892622050275,1.0020224006664773,0.4145746182390272,0.8805023007313952,False
dmv.369,100,1.514325646401118,1.7234656206737424,1.1381076618293149,0.1293669374061594,False
dmv.37,100,2.3994230172668303,1.0008486676854613,0.4171205579354334,0.8743799912080975,False
dmv.370,100,2.4640129780375597,1.020798589559039,0.4142829598129977,0.8812060608122348,False
dmv.371,100,2.3945899243048228,1.0001516296637163,0.41767135972313585,0.8730603764490636,False
dmv.372,100,2.3886660054734863,1.0427877556734022,0.43655653544024825,0.8288373921805287,False
dmv.373,100,1.2150776053215078,3.3422025129342203,2.7506082725060828,1.0118220772217899,False
dmv.374,100,2.605534898041352,1.0709498321573259,0.41102878067854187,0.8890920409557533,False
dmv.375,100,2.4213723274376684,1.0143742928651633,0.41892536780520206,0.870062494721868,False
dmv.376,100,2.2449951689183463,1.1635771940289492,0.5182983064456074,0.657204321309454,False
dmv.377,100,19.266129032258064,9.25968992248062,0.48062015503875966,0.7326780193165807,False
dmv.378,100,2.417664123800755,1.015483600044685,0.42002674815237206,0.8674368836555187,False
dmv.379,100,2.056956230277464,1.1764350525215512,0.5719300368208909,0.5587386083334053,False
dmv.38,100,1.8667028503605447,1.2750713311201782,0.6830606868543133,0.3811715699847625,False
dmv.380,100,2.24238189983681,1.0771601285500845,0.4803642629422201,0.7332105817552624,False
dmv.381,100,2.4078134316223103,1.0066506748840909,0.41807669218201876,0.8720903891670365,False
dmv.382,100,2.4493289765073456,1.0205584449753407,0.4166685875045744,0.8754641273535474,False
dmv.383,100,4.862630628306025,1.9996153591086943,0.4112209032429206,0.888624731398494,False
dmv.384,100,2.2571629134609985,1.0470804835631808,0.4638922947558315,0.7681028770717342,False
dmv.385,100,2.3999580174691424,1.0006274821476877,0.4169354108964339,0.87482395911663,False
dmv.386,100,2.3563560448059824,1.0218541107994026,0.43365862007646644,0.835497644091283,False
dmv.387,100,2.5658940661886596,1.0668501609554104,0.4157810624427273,0.8775964494662094,False
dmv.388,100,2.5126915661659597,1.0502247779099239,0.41796804353207195,0.872350300260109,False
dmv.389,100,2.277807728658334,1.0630504010686723,0.4666989174256716,0.7620709456655015,False
dmv.39,100,2.5226930840299393,1.059384511938799,0.4199418940993245,0.8676389246581657,False
dmv.390,100,3.159593688083009,1.3050955600697114,0.4130580349594064,0.8841671754103582,False
dmv.391,100,1.4992219347570814,1.63795617649119,1.0925374946282305,0.08850296742452979,False
dmv.392,100,2.3988794677145275,1.0011693134449253,0.4173487359074211,0.8738331095448456,False
dmv.393,100,2.4990094051201184,1.0352176340215635,0.41425119565398527,0.8812827363694665,False
dmv.394,100,2.3903731365428205,1.000071045562455,0.4183744496931766,0.8713784347949793,False
dmv.395,100,2.5611467606800753,1.1197419974865084,0.43720337103570633,0.8273568121977998,False
dmv.396,100,2.4477922412557147,1.0225346846825394,0.41773752994575236,0.8729019624710149,False
dmv.397,100,2.4092236112913534,1.0055899186263448,0.41739169162772094,0.8737301895977082,False
dmv.398,100,2.289069436194199,1.066005541619347,0.4656938425562508,0.7642268509917788,False
dmv.399,100,2.542036318096431,1.067539849668349,0.4199546017767998,0.8676086645545965,False
dmv.4,100,1.9413523894926112,1.2513845304025257,0.6445942205936067,0.4391342755212187,False
dmv.40,100,2.202735200016729,1.0485220451186825,0.4760091204384074,0.7423182643493893,False
dmv.400,100,2.393537474893407,1.0001210041904112,0.4178422166692628,0.872651389801004,False
dmv.401,100,2.4333847083932243,1.0142135376855084,0.4167912842499937,0.8751696998700806,False
dmv.402,100,2.0593621350494486,1.1450626716145265,0.5560278360595533,0.5869369211294461,False
dmv.403,100,2.006344663088849,1.2174437681297257,0.606796923044828,0.49956110231028683,False
dmv.404,100,2.2977412201536795,5.737790727657161,2.4971440114015104,0.9151476834036955,True
dmv.405,100,2.233270500291898,1.0755348321862102,0.4815963100061694,0.7306490469642012,False
dmv.406,100,2.54826853528439,1.0818314955741704,0.4245359076544249,0.8567586886940327,False
dmv.407,100,2.2455686253962432,1.0425803471013444,0.46428344932784016,0.7672600310963722,False
dmv.408,100,2.430037474223075,1.0106481458696626,0.41589817300771637,0.8773148251072708,False
dmv.409,100,2.3909529129850404,1.005011899957936,0.4203394782472758,0.8666926126471999,False
dmv.41,100,2.3988355654468085,1.0003851822703478,0.41702949409290396,0.8745983304449525,False
dmv.410,100,2.4885275821661383,1.0432573146123398,0.41922674359278617,0.8693433512717134,False
dmv.411,100,2.400568028176277,1.0000293398507387,0.41658029604371,0.8756760483364328,False
dmv.412,100,2.399993746095192,1.0001025926075167,0.41671049944804694,0.8753635442115799,False
dmv.413,100,2.4849276319864555,1.0496749132755863,0.4224166932525412,0.8617630273602294,False
dmv.414,100,1.7178970236086997,1.4350106887613354,0.8353298649687866,0.17992858427533515,False
dmv.415,100,2.2686846200397683,1.0866720651630266,0.4789877163023118,0.7360803263628612,False
dmv.416,100,2.397101316674185,1.0001412450193596,0.41722944210259233,0.87411898762981,False
dmv.417,100,2.3941098268006358,1.000781369161653,0.4180181535360244,0.8722304178883946,False
dmv.418,100,2.396522430247519,1.0017447231881889,0.41799931039440597,0.87227549623289,False
dmv.419,100,1.9512753089666053,1.1600724998989314,0.5945201553917604,0.5200006603279986,False
dmv.42,100,1.6044896269377615,1.4123423165137614,0.8802439684258218,0.1275561730853937,False
dmv.420,100,2.5506042901198285,1.0666952605371771,0.41821276027378723,0.8717649800815347,False
dmv.421,100,11.069609123124883,4.457033890122623,0.40263697123791753,0.9097199388006263,False
dmv.422,100,2.3992668288588277,1.000768945150863,0.4171144839387716,0.8743945530434485,False
dmv.423,100,16.634171265072553,7.017978012502694,0.42190127182582454,0.8629839453367749,False
dmv.424,100,2.1679021837669117,1.0611563248507947,0.48948533416159334,0.7144007783151707,False
dmv.425,100,2.41122921420538,1.0103546851217728,0.4190205888222597,0.8698352222666116,False
dmv.426,100,1.9585776541113407,1.2446437562546093,0.6354834865198835,0.45336917371009755,False
dmv.427,100,2.3833166585730696,1.0064693174808288,0.4222977730887923,0.8620445903481337,False
dmv.428,100,2.296068440586274,1.021933886018312,0.44507988871506515,0.8095014877262241,False
dmv.429,100,2.394541368591616,1.0021044779712158,0.4184953708110785,0.8710894504971095,False
dmv.43,100,2.399645882593638,1.0002919930660519,0.4168498361870353,0.8750292271037967,False
dmv.430,100,2.1811927760598704,1.0644190052227882,0.4879985927450053,0.7174427568523992,False
dmv.431,100,2.408296022900542,1.005746524687198,0.41761748353339095,0.8731893765913608,False
dmv.432,100,2.548838184638957,1.0463942559982549,0.4105377353119326,0.8902874290722972,False
dmv.433,100,2.4169947735708575,1.0088057510367356,0.41738019546741945,0.8737577328355195,False
dmv.434,100,2.3914464765641066,1.000244019872065,0.41825900335815097,0.871654413087115,False
dmv.435,100,2.530561998492021,1.0505761085683758,0.41515525373194617,0.8791027233332245,False
dmv.436,100,1.9762561206934581,1.2665416659691182,0.6408793135196946,0.4449141182284916,False
dmv.437,100,2.4142044442280475,1.0091598665129369,0.41800928207454285,0.8722516407839696,False
dmv.438,100,2.812941179929382,1.1735482031713924,0.41719614030495084,0.8741988073246068,False
dmv.439,100,2.465625926832293,1.0288833625228562,0.4172909407408413,0.8739716008442393,False
dmv.44,100,1.1821778159290386,2.0879534382361467,1.766192369796151,0.5688260259187573,False
dmv.440,100,2.3778808274454137,1.0015720291164945,0.4212036270095568,0.8646388876255916,False
dmv.441,100,2.3960460935707495,1.0007823013680546,0.41768073830191693,0.8730379222556676,False
dmv.442,100,2.3541121502715607,1.0134371107693156,0.43049652951003614,0.842816016679863,False
dmv.443,100,2.396180011014997,1.0011950864140096,0.41782966296839846,0.8726814343703407,False
dmv.444,100,2.6232664425299435,1.0876844608207938,0.41462980777957265,0.8803691862932779,False
dmv.445,100,1.4321149773071105,1.6117038583266077,1.1254011611254766,0.1181395597612015,False
dmv.446,100,2.5908507223113966,1.0560717089767078,0.407615807380267,0.8974301967852917,False
dmv.447,100,2.343508226439662,1.0244973276023621,0.43716395617642595,0.8274469684927125,False
dmv.448,100,1.8054979571593888,1.3285105859762303,0.7358139513302976,0.30677797572701704,False
dmv.449,100,3.874227690323967,1.5777486051854284,0.40724209605076034,0.8983474397895859,False
dmv.45,100,2.3892634044797445,1.0021919338705014,0.419456445024623,0.8687955843897781,False
dmv.450,100,3.451115993986354,1.417716587803812,0.41079946031203085,0.8896501146773046,False
dmv.451,100,2.4049829840234014,1.0026016355292364,0.41688512650178516,0.8749445711487265,False
dmv.452,100,2.6734278047033895,1.0974532803391788,0.4105041768505653,0.8903691751095917,False
dmv.453,100,2.551783579644995,1.0676347568672442,0.4183876584924862,0.8713468635773501,False
dmv.454,100,3.1046593258643074,1.2752632784787126,0.41075787860353774,0.8897513412297531,False
dmv.455,100,2.549610408019526,1.0583979359266649,0.4151214368272061,0.8791841826952499,False
dmv.456,100,2.22895118982368,1.0214535667722406,0.45826645798064436,0.7803044780558667,False
dmv.457,100,2.415192413651834,1.0069985425982855,0.4169434024826525,0.8748047918561346,False
dmv.458,100,2.4491707637215567,1.0178781828763355,0.4156011487454032,0.8780292556959107,False
dmv.459,100,2.748772893308305,1.1341643386133553,0.4126075098362615,0.8852584772593867,False
dmv.46,100,2.355314351033981,1.0044005808025434,0.4264401396618725,0.8522832743934149,False
dmv.460,100,2.411131586364101,1.0035060880899476,0.4161971473332977,0.8765962191227437,False
dmv.461,100,2.3981909605402327,1.0006840597306732,0.4172662128228739,0.874030860819111,False
dmv.462,100,2.3981291936767883,1.0079867515926513,0.4203221220318059,0.866733904447531,False
dmv.463,100,2.4147825452012275,1.006355785041139,0.41674799540066987,0.8752735674391792,False
dmv.464,100,2.4657423564371324,1.0199433827250532,0.4136455619794834,0.8827458023301694,False
dmv.465,100,2.265011440232515,1.051337110094874,0.4641641500878904,0.7675170175772063,False
dmv.466,100,2.398195938156394,1.0003546097120035,0.4171279726547377,0.8743622154038074,False
dmv.467,100,2.41334090190892,1.0096786991154612,0.41837383948401946,0.8713798933199983,False
dmv.468,100,2.4516579398856955,1.021562635710095,0.41668236791537233,0.8754310550669927,False
dmv.469,100,3.641609317098994,1.5751781778630105,0.43255001860491743,0.8380573093435771,False
dmv.47,100,2.367291803708769,1.0215036414565826,0.43150727758032265,0.8404709028295644,False
dmv.470,100,3.6688134883233845,1.5193312661274585,0.41412060628401676,0.881598028055506,False
dmv.471,100,2.1959471814791622,1.074419121061025,0.4892736629199387,0.7148333081730537,False
dmv.472,100,2.4810354692147167,1.0412682945675837,0.4196910150974827,0.8682365167881547,False
dmv.473,100,1.902115581474703,1.2549617978261047,0.6597715775258712,0.4158615985240149,False
dmv.474,100,2.3900429324811334,1.0077774159012696,0.4216566163751223,0.8635640014561812,False
dmv.475,100,2.3994095556254487,1.0000099225415076,0.41677333500526015,0.8752127661047111,False
dmv.476,100,2.2081912812630993,1.1008572183352026,0.4985334502840285,0.696084589957796,False
dmv.477,100,2.5163997212939417,1.049097001352509,0.4169039570601524,0.8748994025113775,False
dmv.478,100,2.379527413107671,1.0146678947214327,0.42641571983248255,0.852340540411171,False
dmv.479,100,1.9450033920132461,1.1573320327510273,0.5950282850422636,0.5191463366802396,False
dmv.48,100,2.374562675552272,1.013046644481168,0.4266245127623575,0.8518510138306733,False
dmv.480,100,2.3200776881166307,1.0009578676918733,0.4314329096903737,0.8406432621453781,False
dmv.481,100,2.239199911836015,1.0248541969141423,0.4576876729482456,0.7815682642868343,False
dmv.482,100,2.3948202074617506,1.0004118297834106,0.4177398481382193,0.8728964130868477,False
dmv.483,100,2.4344028059707394,1.0155954346843261,0.41718463033045533,0.8742263965857721,False
dmv.484,100,2.4121805482901517,1.0036234534530386,0.41606481495112224,0.8769142256862719,False
dmv.485,100,2.394818592184986,1.0003133733373386,0.417699017621486,0.8729941593575549,False
dmv.486,100,2.3957051406393086,1.0009159755600072,0.4177959793887267,0.8727620531976783,False
dmv.487,100,2.320722988172929,1.0317092716916123,0.44456373162566104,0.8106618560703965,False
dmv.488,100,2.414405190896758,1.007440112019664,0.41726223743144,0.8740403880951021,False
dmv.489,100,1.5217933979306948,1.5374047613908615,1.010258530153564,0.01020626854739537,False
dmv.49,100,16.295454545454547,7.185968819599109,0.44097995545657015,0.8187558570477189,False
dmv.490,100,2.4087782130840147,1.0007273181329825,0.41545017000619916,0.8783925996614599,False
dmv.491,100,1.892635967870501,1.3353419509508537,0.7055461132619779,0.34878314729946824,False
dmv.492,100,2.732759075522677,1.1313113082503818,0.4139813561991385,0.881934339506268,False
dmv.493,100,2.5139462230966436,1.0475551410580584,0.41669751382656656,0.8753947069104612,False
dmv.494,100,2.3955227323479296,1.0009114131899977,0.4178258881346419,0.8726904687954735,False
dmv.495,100,2.311368860216715,1.0898580638691697,0.4715206138785586,0.751792458079453,False
dmv.496,100,1.748350994959907,1.3623334541108865,0.7792105006592954,0.24947405053915367,False
dmv.497,100,17.912135465663216,6.807994851258581,0.3800772311212815,0.9673808071192684,False
dmv.498,100,1.392582028743449,1.7424910682101036,1.2512663758718643,0.22415613917153282,False
dmv.499,100,2.034980480788987,1.2065890274377162,0.5929241281812723,0.5226888339015777,False
dmv.5,100,2.404480187257827,1.0097308122483757,0.4199372561268289,0.8676499690387635,False
dmv.50,100,2.6939585740799106,1.110836162536121,0.412343446266806,0.8858986694466209,False
dmv.500,100,2.404039273076621,1.0003315149190393,0.41610448137099004,0.8768188931137457,False
dmv.501,100,2.442415962235592,1.0179770815347213,0.41679103693825625,0.87517029324096,False
dmv.502,100,2.0542024368296894,1.1313682602917716,0.5507579194764491,0.5964599139633053,False
dmv.503,100,2.5097583857269825,1.0236423076406698,0.40786488191936415,0.8968193311937191,False
dmv.504,100,2.249073867998699,1.0909255925996626,0.48505547466540294,0.7234920138322254,False
dmv.505,100,2.43486682609442,1.0106508537885441,0.41507438639247896,0.8792975304945561,False
dmv.506,100,2.3885925298147117,1.0011520774023048,0.4191389133583058,0.8695528785443862,False
dmv.507,100,2.352636849671302,1.0064824814406186,0.42781038713273534,0.8490752022809198,False
dmv.508,100,2.404396088218474,1.0041461433072614,0.41762925344437685,0.8731611935157123,False
dmv.509,100,2.361357670657138,1.0104831973269934,0.4279246680346344,0.8488081081566615,False
dmv.51,100,1.88936785432355,1.2627977322197863,0.6683704972168618,0.4029126226473065,False
dmv.510,100,2.216812080110743,1.0878753852675962,0.49073865801617716,0.7118435576236107,False
dmv.511,100,2.5865657153950687,1.1051627459437938,0.42727031421082323,0.8503384116899957,False
dmv.512,100,2.4875492484098034,1.013347064693847,0.40736763919011515,0.8980392108673975,False
dmv.513,100,2.3710040295825134,1.0053959696749457,0.4240380687383209,0.8579320430203987,False
dmv.514,100,1.4797036720066326,1.5714796954865202,1.062023245070028,0.060175810593417034,False
dmv.515,100,2.2094428990301482,1.043962849501202,0.4725004886795027,0.7497164978065407,False
dmv.516,100,4.7966417910447765,1.9341734060560467,0.40323490690238856,0.908235991313646,False
dmv.517,100,2.4615956635432554,1.0455182291576282,0.42473191054159337,0.856297107820605,False
dmv.518,100,2.389115134831651,1.000463204010004,0.4187588908646304,0.8704599641527194,False
dmv.519,100,2.4138959644467683,1.0093349410835346,0.418135228671655,0.871950385208059,False
dmv.52,100,2.768999811081424,1.1396732595456662,0.4115830037202388,0.8877445690715287,False
dmv.520,100,2.3950831836556032,1.001092886260572,0.4179783370749608,0.8723256729798715,False
dmv.521,100,2.413082993180547,1.0084204565894916,0.4178971297047476,0.872519977930061,False
dmv.522,100,2.3964257799785567,1.000211694687498,0.4173764541526706,0.8737666966808523,False
dmv.523,100,2.385185693209707,1.0038056395480677,0.42085010085619884,0.8654785636757775,False
dmv.524,100,2.4023963836850677,1.0050571066176004,0.41835606873330783,0.8714223699914779,False
dmv.525,100,2.4921714132833053,1.0008774131580653,0.4016085762894864,0.912277355530133,False
dmv.526,100,6.899707887049659,2.76215892053973,0.4003298350824588,0.9154664839536746,False
dmv.527,100,1.984192831191367,1.2152676241100833,0.6124745564071015,0.4902478779859223,False
dmv.528,100,2.5380632261178335,1.0368304828860497,0.40851247211518965,0.8952328336544237,False
dmv.529,100,2.465743952362253,1.0240987415928915,0.4153305296001135,0.878680618887158,False
dmv.53,100,3.1477987962413367,1.295545820503954,0.41157199184741877,0.8877713243554788,False
dmv.530,100,2.696309821605146,1.1222343594929742,0.41621120484770346,0.8765624435980981,False
dmv.531,100,2.3921504080920886,1.0007321794586328,0.41833999069347333,0.8714608022026862,False
dmv.532,100,2.467425939996066,1.0087284370960625,0.40881812124325434,0.8944849131806366,False
dmv.533,100,2.3547114075373288,1.0314649790991666,0.43804305521156095,0.8254380738670031,False
dmv.534,100,2.304756949144894,1.0228429237718755,0.44379643769004296,0.8123892953521747,False
dmv.535,100,2.3919660495453434,1.0050484842269174,0.4201767347065622,0.867079859294532,False
dmv.536,100,1.9362504715201811,4.802715956242928,2.4804208065458795,0.9084282258416804,True
dmv.537,100,2.412083731286607,1.0059751838356594,0.41705649384694937,0.8745335895082978,False
dmv.538,100,2.62280337211012,1.092511218002167,0.4165433175889242,0.8757648189683174,False
dmv.539,100,2.397284733430362,1.0030105255910529,0.41839440747441314,0.8713307327777032,False
dmv.54,100,1.7613462133452509,1.3611263999000698,0.7727761808480228,0.2577658184428613,False
dmv.540,100,2.3932342137072444,1.0000856295628633,0.41788038288725554,0.872560052751989,False
dmv.541,100,2.4263895969683134,1.0067088694600992,0.41489992815578575,0.8797179248036437,False
dmv.542,100,2.481345237308096,1.0280099104131524,0.41429539709210145,0.8811760400447334,False
dmv.543,100,2.169769413562925,1.0840286071226122,0.4996054421020506,0.6939366078716058,False
dmv.544,100,2.3988290546125204,1.0002825010330487,0.41698782124957334,0.8746982632463433,False
dmv.545,100,2.428612467349383,1.010506682796402,0.4160839559138396,0.8768682219826291,False
dmv.546,100,1.1067440029278355,2.196770346914644,1.984894737268238,0.6855658836490511,False
dmv.547,100,41.83783783783784,96.72972972972973,2.3120155038759687,0.8381196566163531,True
dmv.548,100,2.451566924222503,1.0203593887460511,0.4162070301505845,0.876572473885623,False
dmv.549,100,2.0794018371915772,1.1627895096455323,0.5591942302099656,0.5812584060521659,False
dmv.55,100,2.1554692772311053,1.1116325807202163,0.5157264788984646,0.6621787336966004,False
dmv.550,100,2.4045361887153645,1.0037912395886048,0.41745732266349683,0.8735729610814433,False
dmv.551,100,2.418387672664519,1.003302010864741,0.4148640113432798,0.8798044959615806,False
dmv.552,100,2.0299460970253542,1.1414896407028587,0.5623250993588336,0.5756751277268927,False
dmv.553,100,11.608464182222521,5.043567371318147,0.43447326813843185,0.8336208594410579,False
dmv.554,100,2.4559962971944382,1.0264486851506995,0.4179357624941227,0.8724275365108176,False
dmv.555,100,2.1408372362602948,1.1253943648133795,0.5256795545929807,0.643063463689755,False
dmv.556,100,11.066901408450704,4.287858117326057,0.38744884038199184,0.9481714637254457,False
dmv.557,100,3.6208950071203554,1.459582166402839,0.40309983126619936,0.9085710274495302,False
dmv.558,100,2.4335637407839723,1.0181918327380868,0.41839538273613347,0.8713284018178094,False
dmv.559,100,2.55592305754431,1.122322336610345,0.43910646421753174,0.8230133800071533,False
dmv.56,100,2.4570067080361113,1.0095286238840249,0.4108774390326929,0.8894603108238475,False
dmv.560,100,2.3971271396955873,1.0034413323748872,0.4186016318276363,0.8708355706796127,False
dmv.561,100,1.2900108495445715,1.8739560310599097,1.4526668761906116,0.3734010920883225,False
dmv.562,100,5.158878504672897,13.883177570093459,2.6911231884057973,0.9899586486255674,True
dmv.563,100,2.425537225299811,1.0054813361007722,0.4145396432645921,0.8805866678110121,False
dmv.564,100,1.6161273341829667,1.5207697252817898,0.9409962279059001,0.060816148006385795,False
dmv.565,100,2.1755684624003893,1.0806009496562363,0.4966982047827478,0.6997726711641744,False
dmv.566,100,2.254055732676814,1.0649619129806847,0.47246476541908056,0.7497921053704891,False
dmv.567,100,4.7932788553050445,1.8794765219853045,0.392106651567989,0.9362214058695913,False
dmv.568,100,2.4381886621502598,1.0083752157416774,0.41357554950336883,0.8829150738231472,False
dmv.569,100,2.1731240041969455,1.2775880259652008,0.5879038763999662,0.5311918199573492,False
dmv.57,100,2.2379707653292944,1.07264969175857,0.47929566747523644,0.7354376121329401,False
dmv.570,100,2.4369649744423656,1.0186048618589716,0.4179809199317902,0.8723194935953911,False
dmv.571,100,2.7592838160685047,1.140655542146949,0.41338826238331045,0.8833680250177905,False
dmv.572,100,6.878550091074681,2.8124098854875417,0.408866672227452,0.8943661608578777,False
dmv.573,100,2.458587777797932,1.0249440015257798,0.41688322490718027,0.8749491325946046,False
dmv.574,100,2.3974430578344057,1.0002417722061892,0.41721189954338306,0.8741610338668223,False
dmv.575,100,2.499599351150075,1.0493427447519763,0.41980437555689465,0.8679664486940045,False
dmv.576,100,2.276236484235394,1.0502298598220998,0.4613887296402247,0.7735143599815928,False
dmv.577,100,2.3396285290664394,1.03087368105736,0.4406142548914379,0.8195854917749338,False
dmv.578,100,2.375439718095056,1.0137301995750028,0.4267547569626169,0.8515457704157201,False
dmv.579,100,2.4007046033189336,1.0005209120376972,0.4167613585838482,0.8752415025724428,False
dmv.58,100,2.055748215870136,1.1567510027976209,0.5626909919549672,0.575024661281373,False
dmv.580,100,1.603712898003238,1.4068136542292575,0.8772228844582237,0.1309941747050214,False
dmv.581,100,2.3996815811890353,1.0005732251662434,0.4169608305575535,0.874762993111835,False
dmv.582,100,2.398772025084831,1.0004193428070045,0.41705478150706105,0.8745376952911567,False
dmv.583,100,2.400876406129536,1.0007457207896933,0.416825171939192,0.8750883970383877,False
dmv.584,100,2.63861273554256,1.046284159165204,0.3965281244464484,0.9250083086536727,False
dmv.585,100,2.4125423442749905,1.0069215045670126,0.4173694637760273,0.873783445194366,False
dmv.586,100,2.1578008971416085,1.1018978259130365,0.5106577846791595,0.6720556104268969,False
dmv.587,100,2.9749843652282677,1.165871840694409,0.3918917538932857,0.936769615352132,False
dmv.588,100,2.5274608536233156,1.034258900521139,0.4092086724264974,0.8935300515161059,False
dmv.589,100,2.408018180236375,1.0135958775809508,0.42092534263236114,0.865299794440004,False
dmv.59,100,2.0589653876181937,1.1673276670804942,0.5669486597979464,0.5674865264475895,False
dmv.590,100,5.037386043088999,2.093433571185865,0.4155793408086986,0.8780817303075832,False
dmv.591,100,2.3326161152149356,1.0171547285231413,0.4360574900810102,0.8299811863416343,False
dmv.592,100,2.3951109134924162,1.0377520862452208,0.4332793443507086,0.8363726219224957,False
dmv.593,100,2.4141996665174075,1.006301984833267,0.41682632915151685,0.8750856207887839,False
dmv.594,100,2.399076897387548,1.0015524429155827,0.4174740893075223,0.8735327981559926,False
dmv.595,100,1.5313850352513076,1.9075517932724437,1.2456382616795032,0.21964805853497354,False
dmv.596,100,2.3941218981337085,1.0003352002542922,0.4178296857123625,0.872681379936763,False
dmv.597,100,3.6037931309267672,1.4831187997048454,0.41154382225137326,0.8878397706070853,False
dmv.598,100,2.431443709704319,1.0091661268041023,0.41504811432662125,0.8793608273353083,False
dmv.599,100,2.469497261673704,1.0477836054818905,0.4242902479558751,0.8573375108799062,False
dmv.6,100,2.4429392200852065,1.0184597192989153,0.41689932804115887,0.8749105058952963,False
dmv.60,100,2.340533035990092,1.03990354186803,0.44430201406156616,0.8112507359387635,False
dmv.600,100,2.2310491632827976,1.0229386301898993,0.4585011603620302,0.7797924565101281,False
dmv.601,100,2.3711871493062535,1.0164769980590576,0.4286785201060371,0.8470480113546529,False
dmv.602,100,2.509209428177354,1.0439751013988101,0.41605738033478357,0.8769320947357481,False
dmv.603,100,2.3963990204901084,1.0001005043030597,0.41733471585984894,0.8738667032324738,False
dmv.604,100,2.396053582467719,1.00064815612763,0.4176234469251946,0.8731750971383639,False
dmv.605,100,2.351130122258904,1.0144367936109269,0.4314677371562416,0.8405625403009478,False
dmv.606,100,2.25426152248907,1.0668202810699803,0.4732460144606638,0.7481399105643767,False
dmv.607,100,2.6194926996160377,1.1004545587487218,0.420102166694347,0.867257343252029,False
dmv.608,100,2.508709422011085,1.1017746983141654,0.43917987816657433,0.8228462045754729,False
dmv.609,100,2.4544044352517447,1.0260264897693743,0.418034809191557,0.8721905743467117,False
dmv.61,100,2.509221443304439,1.0434535708296928,0.41584754251723194,0.8774365702262463,False
dmv.610,100,2.432510112206167,1.0003032588427105,0.41122265178806783,0.8886204793251776,False
dmv.611,100,1.9925053843755212,1.2142016162932256,0.6093843589154332,0.49530607912776375,False
dmv.612,100,2.395451727090503,1.0024292666786454,0.4184719129765926,0.8711455048613514,False
dmv.613,100,1.9986939744731373,1.1706442319116075,0.5857045885277127,0.5349397316543041,False
dmv.614,100,2.4664474769201616,1.0172137987083936,0.4124206204376922,0.8857115270280143,False
dmv.615,100,2.426650034467421,1.0147830134428237,0.4181826794260175,0.8718369098084436,False
dmv.616,100,2.4331131296449215,1.0175946029026368,0.4182274101866938,0.8717299508865597,False
dmv.617,100,1.137723589287479,2.0743205828384057,1.8232201585426282,0.600604255570216,False
dmv.618,100,2.398106640679382,1.00998601187734,0.4211597577625705,0.8647430451609714,False
dmv.619,100,2.3431403901503036,1.0231749443020892,0.4366682203947909,0.8285815933053698,False
dmv.62,100,2.4097586088603036,1.0056139668970296,0.4173090048105006,0.8739283128719397,False
dmv.620,100,2.114241165076635,1.1468204488778055,0.5424265064086181,0.6117026748025371,False
dmv.621,100,2.7118364066029153,1.1402184210060886,0.42045988402170115,0.8664062047818952,False
dmv.622,100,2.4094405399909355,1.004990780582426,0.41710544995902116,0.8744162115519155,False
dmv.623,100,1.3752179774169213,3.1097245754851155,2.2612593978200652,0.8159219137475056,False
dmv.624,100,2.4001278271836988,1.006515498693276,0.41935912216572135,0.8690276326805945,False
dmv.625,100,2.4082266396737437,1.0056169510974449,0.41757571091136236,0.8732894076317027,False
dmv.626,100,2.3935837408839356,1.0001670451381721,0.41785337527769834,0.8726246848415816,False
dmv.627,100,2.447190658416675,1.0323267409491867,0.42184156653208993,0.8631254701974791,False
dmv.628,100,2.1906313925232364,1.1154638219040205,0.5091974056937051,0.6749195071789008,False
dmv.629,100,2.0941897944827095,1.102993450581401,0.5266922097926916,0.6411389431989256,False
dmv.63,100,1.7944384607852737,1.3474621588292428,0.7509102085560364,0.2864691968747755,False
dmv.630,100,2.4128983148779715,1.009177661698402,0.41824293028669945,0.8716928423382788,False
dmv.631,100,1.6623625075053976,1.4708769853544388,0.8848112121836115,0.12238097629660316,False
dmv.632,100,2.2810731133538638,1.047354278627532,0.4591498065082211,0.7783787463356946,False
dmv.633,100,2.395694346518101,1.0003160742074144,0.4175474536896881,0.8733570796180223,False
dmv.634,100,2.0649750638784536,1.1557946947324143,0.5597136328424184,0.5803299959713861,False
dmv.635,100,2.395821862087367,1.000526603712347,0.41761310368903437,0.8731998643403096,False
dmv.636,100,2.3884799361516142,1.006536942685417,0.42141318729567284,0.8641414840920307,False
dmv.637,100,2.4360643022091537,1.0043411183684563,0.4122802166829775,0.8860520232413113,False
dmv.638,100,2.400299597985164,1.0001138885693337,0.4166621072672926,0.8754796799722679,False
dmv.639,100,2.3841441237914482,1.0064552070276553,0.42214528768802506,0.8624057405772194,False
dmv.64,100,2.6259029715913775,1.101536754348153,0.4194887496854417,0.8687185718243843,False
dmv.640,100,2.3994095556254487,1.0000099225415076,0.41677333500526015,0.8752127661047111,False
dmv.641,100,2.384307204605346,1.0381002875262546,0.43538864686611656,0.831516205702828,False
dmv.642,100,1.01335790810351,2.3306128487418785,2.2998911145851704,0.832861780329752,False
dmv.643,100,2.3958123215786102,1.0006955496781587,0.4176852838868432,0.8730270393976016,False
dmv.644,100,2.593124982376887,1.067370158462803,0.4116153929011319,0.8876658780025404,False
dmv.645,100,2.3930909400778626,1.0041526024831422,0.4196048656849082,0.8684418065193439,False
dmv.646,100,2.040673975893074,1.1818654828764854,0.5791544836843708,0.5461860257976611,False
dmv.647,100,2.4443476507249695,1.0146221329467473,0.4150891272138889,0.8792620174391883,False
dmv.648,100,2.1801242236024843,1.11568138651472,0.5117512912503417,0.669916531238564,False
dmv.649,100,2.4501169034619568,1.0203257329184028,0.4164396121167553,0.876013816802502,False
dmv.65,100,2.624196989236944,1.0998223079143892,0.41910813571743033,0.8696263118858413,False
dmv.650,100,3.4088993623509842,1.5033500427925175,0.4410074581244651,0.818693491831435,False
dmv.651,100,2.5656388534042747,1.0700632998063453,0.4170747953814732,0.8744897078441928,False
dmv.652,100,2.307956760028092,1.037850178878449,0.44968354557293205,0.7992111756615733,False
dmv.653,100,2.09115675990676,1.124556734500512,0.5377677829139187,0.6203284422710384,False
dmv.654,100,2.431868739926832,1.013749166913704,0.4168601496741164,0.8750044859173973,False
dmv.655,100,2.263495983894066,1.049804384537209,0.463797767704076,0.768306667229477,False
dmv.656,100,2.42255236574099,1.004285002360364,0.41455657122738054,0.8805458330743555,False
dmv.657,100,2.430870012383476,1.0158597131689024,0.4178996441577921,0.8725139610294862,False
dmv.658,100,2.4111719171930877,1.0123853806135195,0.41987274876362424,0.8678035927464018,False
dmv.659,100,2.2337684927493773,1.0623885753630138,0.4756037068350802,0.7431703201776325,False
dmv.66,100,2.4310977464771244,1.0511262412007514,0.43236691849347736,0.83848070286571,False
dmv.660,100,2.453980333590962,1.0259168069451792,0.41806235889589755,0.8721246736227238,False
dmv.661,100,2.4154444441548355,1.0236700508903884,0.42380194393109744,0.8584890462516686,False
dmv.662,100,2.0222676227306193,1.216255399824844,0.6014314753170817,0.5084426730544914,False
dmv.663,100,2.4089820734781067,1.0008178801704786,0.41545260597372985,0.878386736237721,False
dmv.664,100,2.405130232863474,1.0017854127761352,0.4165202362382848,0.8758202321490748,False
dmv.665,100,2.403536516439428,1.001405120755823,0.41663819705110755,0.8755370667656429,False
dmv.666,100,2.5226140760890385,1.0527936481118114,0.41734233471971316,0.8738484474056024,False
dmv.667,100,2.410546400193523,1.0011367720149988,0.41531528782628946,0.8787173174980605,False
dmv.668,100,2.4374780300676036,1.015550959027102,0.4166400461869745,0.8755326285461599,False
dmv.669,100,1.7023196157114973,1.4155197196853044,0.8315240608290103,0.18449504411235734,False
dmv.67,100,2.3935268540831722,1.0002561690085616,0.41790054174750607,0.8725118131723091,False
dmv.670,100,2.414864670431196,1.0004546380417867,0.41429014647978035,0.8811887137206427,False
dmv.671,100,2.3932342137072444,1.0000856295628633,0.41788038288725554,0.872560052751989,False
dmv.672,100,2.4038193362098665,1.0170405795405795,0.4230936011789308,0.8601618450317156,False
dmv.673,100,2.3899352306756882,1.0077098710361831,0.4216473560044056,0.8635859635742794,False
dmv.674,100,2.4398845855770035,1.017736861282868,0.41712500144435544,0.874369338447955,False
dmv.675,100,2.0657073943697286,1.1732022891266485,0.5679421453030167,0.5657357223096341,False
dmv.676,100,2.6019652200942893,1.0974964854647564,0.42179521731846426,0.8632353497441265,False
dmv.677,100,2.2748642367477547,1.0709965306191598,0.47079580104978186,0.7533308223915612,False
dmv.678,100,9.913627803458311,4.114944570778851,0.4150795906765207,0.8792849923770847,False
dmv.679,100,2.399068740351001,1.0007699760159916,0.4171493543238664,0.8743109574624924,False
dmv.68,100,2.4100955207260313,1.0043885613548889,0.41674222150843254,0.8752874221722529,False
dmv.680,100,2.400814603224096,1.0013184704150784,0.41707446675407184,0.8744904957784781,False
dmv.681,100,2.249773480002622,1.0907456568048959,0.48482465746001446,0.7239679844230245,False
dmv.682,100,2.3968521316007227,1.0000419528080267,0.41723139263503706,0.8741143126771614,False
dmv.683,100,2.394860140546207,1.0010958383016701,0.4180184977621889,0.872229594416926,False
dmv.684,100,2.4180792339294315,1.0057932857745548,0.4159471996044227,0.8771969508042398,False
dmv.685,100,2.4106518633792837,1.002144043180011,0.41571496009182857,0.8777554456592075,False
dmv.686,100,2.4108805607456705,1.0059499897517956,0.41725417929483055,0.8740597002055607,False
dmv.687,100,1.979593240744722,1.1413702176831149,0.576568051552718,0.5506619036502249,False
dmv.688,100,2.3964257799785567,1.000211694687498,0.4173764541526706,0.8737666966808523,False
dmv.689,100,2.3914681979978183,1.0019712940915952,0.41897746954379916,0.8699381324776032,False
dmv.69,100,2.3945946851809627,1.0025582138453506,0.41867553621901815,0.8706590356099984,False
dmv.690,100,2.3911801164944455,1.0004697034596595,0.4183999760446249,0.871317423486146,False
dmv.691,100,2.375052523291363,1.0120062347866934,0.42609846513383576,0.8530848206094053,False
dmv.692,100,2.4097653310676588,1.0050745159928698,0.41708398035072003,0.874467685731582,False
dmv.693,100,2.396254394316377,1.000651571618675,0.4175898744273973,0.8732554897685029,False
dmv.694,100,2.3342392906277825,1.0274727599460922,0.44017456310991937,0.8205838964073641,False
dmv.695,100,2.432610826323323,1.012965647566931,0.41641089343417065,0.8760827815984757,False
dmv.696,100,2.4178591399691314,1.0019589881916129,0.4143992392395551,0.8809254238504334,False
dmv.697,100,2.398982354941498,1.0396478848639397,0.4333703758689349,0.8361625450795975,False
dmv.698,100,2.466601601240105,1.021365116976714,0.41407786180922523,0.8817012508371852,False
dmv.699,100,2.399359519386889,1.000069276095265,0.416806763644497,0.8751325611206697,False
dmv.7,100,2.4585162101108833,1.0173528512493946,0.4138076645846115,0.8823539914047955,False
dmv.70,100,118.83600713012478,51.92133956386293,0.43691588785046725,0.8280145787272102,False
dmv.700,100,2.4146788728126114,1.004517066229223,0.4160044126526706,0.8770594114389807,False
dmv.701,100,1.7395712546107263,1.378477356024558,0.7924236229880838,0.23265915265349196,False
dmv.702,100,2.3944940293741808,1.0008925146522678,0.41799749858380675,0.8722798307245526,False
dmv.703,100,2.403502172073604,1.0066199969563232,0.4188138494952427,0.8703287310596569,False
dmv.704,100,1.8624049972273868,1.2776782860370517,0.6860367578153872,0.37682406987049577,False
dmv.705,100,2.434249569126348,1.0011424061655831,0.4112735271120508,0.8884967697558132,False
dmv.706,100,3.4948321541910503,1.4670324969751782,0.41977194676313506,0.8680436990711615,False
dmv.707,100,2.426122216689194,1.0075715732551063,0.4153012434097768,0.8787511343461144,False
dmv.708,100,2.400299597985164,1.0001138885693337,0.4166621072672926,0.8754796799722679,False
dmv.709,100,2.497756679831958,1.0472638842261148,0.4192817870059992,0.869212062414693,False
dmv.71,100,2.4840606747635054,1.0244919644043033,0.4124263045635308,0.8856977447717764,False
dmv.710,100,2.4125409908516375,1.00904084809719,0.41824816735693854,0.8716803208177178,False
dmv.711,100,2.4025410540135788,1.0047826449443746,0.4182166391145863,0.871755705321939,False
dmv.712,100,2.396516001925764,1.0023820974101796,0.41826639029520235,0.87163675208816,False
dmv.713,100,2.396522430247519,1.0017447231881889,0.41799931039440597,0.87227549623289,False
dmv.714,100,2.3972701410133563,1.0009701790559775,0.4175458418018984,0.8733609399957751,False
dmv.715,100,2.2469948661647194,1.0012424725481666,0.4455917935661046,0.8083520071317728,False
dmv.716,100,2.4156823320799,1.0096771536138895,0.4179676856536673,0.8723511564943675,False
dmv.717,100,2.398943778838513,1.000330148821938,0.41698774170783776,0.8746984539994999,False
dmv.718,100,1.329111552343752,1.8450289477960713,1.3881671139962268,0.32798425396994724,False
dmv.719,100,2.308712714871422,1.0584052005039752,0.45843954238495216,0.7799268555546599,False
dmv.72,100,2.4026328208854864,1.0455740121400907,0.4351784438517518,0.8319991162577778,False
dmv.720,100,2.3993302823276603,1.0009686121063968,0.41718667058014536,0.8742215060779424,False
dmv.721,100,2.2359809441316587,1.0770538924011404,0.4816918924232663,0.73045059666206,False
dmv.722,100,7.526133673283555,3.1376508997038948,0.4169007668362311,0.8749070547201738,False
dmv.723,100,2.399103508094385,1.0001485362021179,0.4168842789932556,0.8749466041053784,False
dmv.724,100,2.593516168128425,1.082996363292008,0.41757841211899493,0.8732829388672959,False
dmv.725,100,2.4437601638216493,1.021163226730628,0.4178655671077363,0.8725955079750048,False
dmv.726,100,2.239386969583177,1.0263981437036633,0.458338892583049,0.7801464283510272,False
dmv.727,100,2.1976814517906678,1.0922312296240189,0.4969925139669675,0.6991803154396573,False
dmv.728,100,2.3971587816681144,1.0008237291640474,0.4175041456651456,0.8734608050036506,False
dmv.729,100,1.1657665268684188,2.104847684861661,1.8055482262952618,0.590864272148664,False
dmv.73,100,5.7117417918753475,2.42676439295425,0.42487291642038066,0.85596517496051,False
dmv.730,100,2.47072347457715,1.0270291839805994,0.4156795345769601,0.8778406651671957,False
dmv.731,100,2.9751204770072697,1.2533471889118668,0.42127611254675396,0.8644668109952048,False
dmv.732,100,2.4147375058262104,1.0062365772904696,0.4167064017776882,0.8753733776343309,False
dmv.733,100,2.4689352591258107,1.0304841671772649,0.4173799873319214,0.8737582315068801,False
dmv.734,100,2.409949878525314,1.001834064962945,0.41570742773122854,0.8777735648744476,False
dmv.735,100,2.4393475034867502,1.015761724701007,0.4164071429958623,0.8760917882197168,False
dmv.736,100,5.6810432755354805,13.23663121084074,2.329964861884121,0.8458531867274648,True
dmv.737,100,2.4129157921963515,1.0059161335888953,0.41688820506796975,0.8749371864889681,False
dmv.738,100,2.448351216714155,1.030373834840961,0.42084396544372793,0.8654931423991323,False
dmv.739,100,2.573800965005189,1.0406144396563377,0.4043103774554066,0.9055724349541946,False
dmv.74,100,2.410458174944049,1.0087429115549094,0.4184859633908911,0.8711119298997041,False
dmv.740,100,2.3968257963321893,1.000444657522376,0.41740399283641505,0.8737007184135036,False
dmv.741,100,1.5760864561103365,1.5169051854755427,0.9624504922268993,0.03827265079048486,False
dmv.742,100,2.2830333708286465,1.0248897575075753,0.4489158023719919,0.8009199313812466,False
dmv.743,100,2.4848516466508768,1.0034119390339262,0.40381160798325366,0.9068068266536468,False
dmv.744,100,2.465097916597578,1.0306913413181342,0.4181137529582329,0.8720017472160222,False
dmv.745,100,4.957249263814308,2.0892247043363996,0.4214483866257848,0.864057960696917,False
dmv.746,100,2.591626489556403,1.0852286887212912,0.4187442492560125,0.8704949290571312,False
dmv.747,100,2.4180769260879744,1.0093031605852008,0.41739911154029197,0.873712412898341,False
dmv.748,100,2.480140848040509,1.0151300198095563,0.4093033750932261,0.8932986495045209,False
dmv.749,100,2.4324008533738652,1.0176072731729717,0.41835508804459515,0.871424714142634,False
dmv.75,100,2.3658967233171624,1.0007360375006904,0.42298382158354925,0.8604213475146897,False
dmv.750,100,2.3932342137072444,1.0000856295628633,0.41788038288725554,0.872560052751989,False
dmv.751,100,2.458083588096135,1.0176747208069579,0.4140114379084967,0.881861677740162,False
dmv.752,100,2.4229281388310184,1.0064978154229816,0.41540555796614875,0.878499987836305,False
dmv.753,100,2.352783436604242,1.0464049958998571,0.4447519391798027,0.8102385922887498,False
dmv.754,100,2.315488415111343,1.0183461494867394,0.43979755754371636,0.8214407544382516,False
dmv.755,100,2.444455138312011,1.0193371547412038,0.4169997390277715,0.8746696830162136,False
dmv.756,100,2.462956085690661,1.0286630838927602,0.4176538468830649,0.8731023070407303,False
dmv.757,100,2.2012073281029805,1.0812263501891985,0.4911969610427423,0.7109100889705775,False
dmv.758,100,2.710189185163116,1.2023990483114138,0.44365871389861883,0.812699674512819,False
dmv.759,100,1.6492966707507828,1.431087894372449,0.8676958607580272,0.14191401655476366,False
dmv.76,100,1.2303729090537687,1.8287277020420962,1.486319869842143,0.39630317874522614,False
dmv.760,100,2.444407751378267,1.0167594128934705,0.415953276338686,0.8771823415223866,False
dmv.761,100,3.0828750346009013,1.2585659884948166,0.40824424421009536,0.8958896459202449,False
dmv.762,100,3.066469141628175,1.2809031482825741,0.4177127142399564,0.8729613692543058,False
dmv.763,100,2.1629322043898984,1.001067315922103,0.46282879966849244,0.7703980564101531,False
dmv.764,100,2.3031638036871818,1.043625259161714,0.4531268064785288,0.7915832666699087,False
dmv.765,100,2.3959984447689533,1.001767941974152,0.4181004141138968,0.8720336501539595,False
dmv.766,100,2.340199589693661,1.0551484536922937,0.45087968493764913,0.7965547490441357,False
dmv.767,100,2.3959387618793633,1.001247375084819,0.4178935584728573,0.8725285236866502,False
dmv.768,100,2.3942313612438655,1.001196066511711,0.4181701412479885,0.8718668927958145,False
dmv.769,100,2.3011557584219666,1.0217650815041068,0.4440225646458583,0.8118798965668138,False
dmv.77,100,1.7323690599235633,1.2961597297137921,0.7482006921613932,0.2900840319664165,False
dmv.770,100,2.411259272697952,1.014483504367738,0.42072767364939356,0.8657695105410053,False
dmv.771,100,1.5909195314294464,1.0225708648154386,0.6427546111629262,0.44199225874607867,False
dmv.772,100,2.3951297955433035,1.061289084979858,0.443102952898266,0.813953136618655,False
dmv.773,100,2.427932583384636,1.0214636334588643,0.42071334288652396,0.8658035729710256,False
dmv.774,100,2.4275354948944305,1.0158011605253787,0.4184495603305501,0.8711989212134486,False
dmv.775,100,2.394943476394544,1.0010555583418335,0.41798713339525984,0.8723046282821894,False
dmv.776,100,1.8065599937709258,1.3575715520232396,0.7514677379683974,0.2857270008924078,False
dmv.777,100,2.401303271498385,1.000601429207109,0.41669098655029335,0.875410371336525,False
dmv.778,100,2.379259531427912,1.0065980888645587,0.42307200016151625,0.8602129012726808,False
dmv.779,100,2.5293874761511517,1.0181771288561563,0.40253900932785036,0.9099632692350033,False
dmv.78,100,2.3965299065841243,1.0003062713466384,0.4173977836030502,0.873715594360202,False
dmv.780,100,3.108433734939759,1.263737945813562,0.4065513546609521,0.9000450242444258,False
dmv.781,100,2.398710865561694,1.000127959053103,0.41694393993538187,0.8748035028265448,False
dmv.782,100,2.274274194583906,1.0129608363228624,0.4453996086906269,0.8087834027164472,False
dmv.783,100,2.911782582269688,1.158376511226252,0.39782383419689116,0.9217459993322339,False
dmv.784,100,3.4276355455568055,1.4108983690599222,0.4116243837209733,0.8876440354723394,False
dmv.785,100,12.008946877912395,4.987845474955485,0.415344120151738,0.8786478971672165,False
dmv.786,100,2.599776196946687,1.101742251157182,0.4237834981530817,0.8585325717232088,False
dmv.787,100,2.325095277621585,1.035416737914953,0.4453222832976179,0.8089570268159529,False
dmv.788,100,2.3972169645215247,1.002139552946912,0.41804290883071366,0.8721711990207525,False
dmv.789,100,2.4335408373186564,1.0064312685127368,0.4135666240233104,0.8829366553126285,False
dmv.79,100,1.1871311708925156,2.952098001709332,2.486749631458055,0.9109764888481253,False
dmv.790,100,2.433803937405129,1.0108981426996269,0.4153572632384782,0.878616253818586,False
dmv.791,100,2.3977362148612653,1.002347162479036,0.41803896369686044,0.8721806362157998,False
dmv.792,100,2.387065540382625,1.0002100184233242,0.4190123821497585,0.8698548078265733,False
dmv.793,100,2.1782569319999228,1.1422619310893891,0.524392652817427,0.6455145378363811,False
dmv.794,100,2.304485713717615,1.0481868630437001,0.45484632723227286,0.7877956594256315,False
dmv.795,100,2.4803813032408915,1.0440553187878947,0.42092533007877514,0.8652998242637872,False
dmv.796,100,2.315363462592851,1.0378645975146739,0.4482512634765451,0.8024013478136501,False
dmv.797,100,2.3459760779095022,1.0054740759536496,0.4285951955868309,0.8472424055555791,False
dmv.798,100,2.570135656946691,1.1019155965173288,0.42873830162972776,0.8469085657028484,False
dmv.799,100,1.177203229685621,1.9903684786574243,1.6907602939459858,0.525178305844729,False
dmv.8,100,3.359761082106227,1.3822842254898005,0.4114233696115229,0.8881324982927121,False
dmv.80,100,2.4123445763115745,1.0102187284497675,0.41877049339044725,0.8704322576004823,False
dmv.800,100,2.473787210100508,1.0287300486706925,0.4158522788339972,0.8774251807401752,False
dmv.801,100,2.451885700831195,1.0272720395190342,0.4189722380495904,0.8699506188933427,False
dmv.802,100,2.8388318863456985,1.024029153854914,0.360722013438105,1.0196476631647013,False
dmv.803,100,2.6025318975486758,1.0765437859393288,0.41365248470281,0.8827290665881848,False
dmv.804,100,2.4114831002631125,1.0086648853853875,0.4182757429547542,0.871614391804845,False
dmv.805,100,2.847083653108212,1.252363108500439,0.4398757680102627,0.8212629373680269,False
dmv.806,100,1.6734173930479705,1.4290039048733383,0.8539434995775582,0.15789024712746758,False
dmv.807,100,1.4935564622671909,1.6287838795388183,1.0905405457965445,0.08667348689136517,False
dmv.808,100,2.4124942551165938,1.0099111711701394,0.41861702635280734,0.8707987952804447,False
dmv.809,100,2.4132667470184654,1.0068706480582181,0.41722310610801033,0.8741341736211422,False
dmv.81,100,2.437317303030737,1.0159257166551896,0.41682127944191505,0.8750977355229947,False
dmv.810,100,2.3738951737608853,1.0234760294226046,0.4311378365545706,0.8413274336144377,False
dmv.811,100,3.2951197671815535,1.3901344867968721,0.4218767708057875,0.8630420198985816,False
dmv.812,100,2.348930901384207,1.0254213590400236,0.4365481157558746,0.8288566789507055,False
dmv.813,100,2.236577111101826,1.0129714043740348,0.45291145981325237,0.792058625553398,False
dmv.814,100,2.013051082598462,1.1974249529442644,0.5948308829791934,0.519478144124661,False
dmv.815,100,2.4190154893217555,1.0418156986065645,0.4306775641600663,0.842395579850591,False
dmv.816,100,2.289744772821098,1.0626560355670944,0.4640936615209916,0.7676688903999346,False
dmv.817,100,2.4126168776927504,1.0053746381050388,0.41671541279546437,0.8753517534876648,False
dmv.818,100,2.392918309055092,1.0022540785401874,0.4188417443034043,0.8702621289659601,False
dmv.819,100,2.409564753430881,1.0069699654280733,0.4179053349756589,0.8725003434559877,False
dmv.82,100,2.096018058411813,1.1440783150350509,0.5458341880422241,0.605440034263182,False
dmv.820,100,2.309528915825134,1.0399466995856737,0.4502852042508972,0.7978741097518577,False
dmv.821,100,2.395992414219048,1.0009370706031642,0.4177546909844498,0.872860882402835,False
dmv.822,100,2.4321160250616876,1.0102586652810415,0.4153825947737907,0.8785552683366064,False
dmv.823,100,2.3992411826324047,1.0005548489188458,0.4170297076265817,0.8745978184101297,False
dmv.824,100,2.3932650582931303,1.0004108782758234,0.41801089888025755,0.8722477729210841,False
dmv.825,100,2.3823997740392255,1.023704798163547,0.4296948015688873,0.8446800860893835,False
dmv.826,100,1.984391259105099,1.246230191719851,0.6280163682447703,0.46518904876957173,False
dmv.827,100,2.3666517764388115,1.0011117902943782,0.4230076432286917,0.8603650310005413,False
dmv.828,100,6.980998154569974,2.810007754785519,0.4025223460266928,0.9100046655858507,False
dmv.829,100,2.414443026377448,1.0158173432583295,0.4207253317475993,0.8657750768692001,False
dmv.83,100,2.516648407425648,1.0434692556742198,0.4146265535524744,0.8803770348362618,False
dmv.830,100,2.425985016648169,1.0160071535704167,0.4188019079252888,0.8703572443006004,False
dmv.831,100,2.4386455572302204,1.0168790944841006,0.4169851955193758,0.8747045601651757,False
dmv.832,100,2.3948202074617506,1.0004118297834106,0.4177398481382193,0.8728964130868477,False
dmv.833,100,2.3964257799785567,1.000211694687498,0.4173764541526706,0.8737666966808523,False
dmv.834,100,2.235573152770605,1.0723917247043926,0.47969431166917936,0.7346062286449491,False
dmv.835,100,2.2403191299308496,1.064716007554201,0.47525193769472696,0.743910220410491,False
dmv.836,100,10.450915141430949,4.328738800827016,0.414197105444521,0.8814133183489803,False
dmv.837,100,11.888728323699421,4.8999404407385345,0.4121500893388922,0.8863677014598714,False
dmv.838,100,2.602514113726283,1.0922034600080277,0.41967244452104413,0.8682807659777729,False
dmv.839,100,2.455532296928931,1.0215655310683294,0.4160261025057476,0.8770072742813002,False
dmv.84,100,2.48551996989978,1.0375710943656744,0.4174462916938506,0.8735993856158618,False
dmv.840,100,2.461854924569615,1.0036169001227835,0.4076669547447997,0.8973047253121391,False
dmv.841,100,2.0512586534357,1.1619504324157224,0.5664572970695554,0.5683535816385333,False
dmv.842,100,2.2936303930859485,1.0063884390586841,0.43877533280532005,0.8237677672812456,False
dmv.843,100,2.482493825871959,1.0280475145593613,0.41411886057693076,0.8816022435201292,False
dmv.844,100,1.7544482144627866,1.3552522613954425,0.7724663801549833,0.25816679199226866,False
dmv.845,100,2.4384338439510485,1.0030753691756817,0.4113605016039215,0.8882853160858731,False
dmv.846,100,2.327607495895094,1.0312770231617598,0.4430631130809178,0.8140430516332433,False
dmv.847,100,2.1287850889176636,1.1760752013125073,0.5524630961740051,0.593368642076259,False
dmv.848,100,1.968948720468296,1.0336299211475668,0.524965384015551,0.644422953772809,False
dmv.849,100,2.3977667747383715,1.0021835854858996,0.41796541517064406,0.8723565887066367,False
dmv.85,100,1.8440570522979398,1.2371949123410106,0.6709092383011153,0.39912141449600436,False
dmv.850,100,2.3743195129866854,1.0059212077581512,0.4236671611618062,0.8588071292817583,False
dmv.851,100,1.4723729808914732,1.6705237021404356,1.134579161544372,0.12626179939614568,False
dmv.852,100,2.3443955423346754,1.04299206809868,0.44488741309412844,0.8099340331097373,False
dmv.853,100,2.4000483939163972,1.0002853841305412,0.41677717277120246,0.8752035578662025,False
dmv.854,100,2.2956336083359443,1.0153060569903647,0.4422770486124475,0.8158187864502894,False
dmv.855,100,1.9694183188045877,1.190064882227893,0.6042722721043071,0.5037304009891901,False
dmv.856,100,2.357819996642234,1.0155872346015025,0.4307314536511684,0.8422704604472459,False
dmv.857,100,2.4480761344319624,1.0226110661586933,0.4177202872801888,0.8729432396371639,False
dmv.858,100,2.399006582467999,1.0011893566263397,0.4173349768787868,0.8738660777900021,False
dmv.859,100,4.102007713657499,1.768649757553152,0.43116685316424225,0.8412601334825272,False
dmv.86,100,2.0736805700175527,1.1381368348753007,0.5488486757946847,0.599932511542467,False
dmv.860,100,27.56146637265711,11.138799153392002,0.404143923359697,0.9059842185216613,False
dmv.861,100,2.405014610678694,1.0003048385400806,0.41592464099741794,0.8772511865792938,False
dmv.862,100,2.292358803986711,1.0474826477276584,0.4569453289362684,0.7831915255806049,False
dmv.863,100,2.3966825902835183,1.0001039683705695,0.41728678316650225,0.8739815641447682,False
dmv.864,100,2.806024035914452,1.151636776868489,0.4104158632031045,0.8905843328435793,False
dmv.865,100,2.2882585078230187,1.0204876877175328,0.44596695881550313,0.807510413079693,False
dmv.866,100,2.3480734276840547,1.0141307768545353,0.4318990900786225,0.8395633058048682,False
dmv.867,100,2.229250418015582,1.0360009589233605,0.46473063346807864,0.7662973241082708,False
dmv.868,100,1.4708092523254752,1.7027086160660168,1.1576678711898833,0.14640752556827874,False
dmv.869,100,2.3978358225348035,1.0001576922184092,0.417108495426981,0.8744089101444608,False
dmv.87,100,2.2771634124221687,1.0231739333515872,0.44931950327765874,0.8000210557073347,False
dmv.870,100,2.404566674292747,1.0030271175682854,0.41713425054570585,0.8743471652414156,False
dmv.871,100,1.9862721671074357,1.2157551328269782,0.6120788243221751,0.490894206851499,False
dmv.872,100,2.4009725338118018,1.0008525733759235,0.41685298739630416,0.8750216675533676,False
dmv.873,100,2.4145985035886,1.008714696242362,0.41775669733216536,0.8728560797209238,False
dmv.874,100,2.254528039010798,1.0024974348053357,0.4446595551081254,0.81044633431278,False
dmv.875,100,2.3994462005878607,1.0011030696351477,0.41722255301655814,0.8741354992711617,False
dmv.876,100,2.4150766066967533,1.0086564105510143,0.4176498616044378,0.8731118491475991,False
dmv.877,100,2.409710961619494,1.0143381092523172,0.42093766655342396,0.8652705167049585,False
dmv.878,100,2.4006654616683307,1.0023779207512253,0.4175416928165525,0.873370876643549,False
dmv.879,100,2.3665780033675787,1.1002784079191585,0.46492378715321914,0.7658817854228509,False
dmv.88,100,2.531437186290942,1.0191117852606801,0.40258229229613285,0.90985575011152,False
dmv.880,100,1.7691369509043928,1.3972525375273617,0.7897933152168227,0.2359839940590222,False
dmv.881,100,2.2867045691779375,1.0514246812076145,0.4597990905251036,0.7769656446343433,False
dmv.882,100,1.98933875948442,1.1700893918330009,0.5881800604620274,0.5307221526853432,False
dmv.883,100,2.1101208563801555,1.151387053358489,0.5456498142640306,0.6057778748170657,False
dmv.884,100,2.5564516976070455,1.062822393177761,0.41574123781513683,0.8776922367412074,False
dmv.885,100,2.4150139517168925,1.0071032295486866,0.4170175616719366,0.8746269437489278,False
dmv.886,100,2.6584382040583754,1.1262610060096307,0.4236551386788977,0.8588355068729335,False
dmv.887,100,2.398145574653448,1.0004337960053518,0.4171697525701386,0.8742620595141949,False
dmv.888,100,2.373578945144113,1.0541072526193793,0.44410035519394897,0.8117047168781653,False
dmv.889,100,2.3963575440441316,1.0035386477123298,0.41877667637974497,0.8704174930844739,False
dmv.89,100,3.2233398789724683,1.3317548492851288,0.41315992085503056,0.8839205434038191,False
dmv.890,100,2.4386132569752172,1.0005470603434947,0.4102934557095549,0.8908826296744705,False
dmv.891,100,2.500051174153849,1.032632621455847,0.41304459369930496,0.8841997167911415,False
dmv.892,100,2.502961677253448,1.039207487961188,0.4151911303338579,0.8790163097530066,False
dmv.893,100,1.8632908562486028,1.0808086867838502,0.5800536632052506,0.5446346569539657,False
dmv.894,100,2.3423705840650295,1.0201176091724484,0.43550649761068194,0.8312455629141247,False
dmv.895,100,2.3994230172668303,1.0008486676854613,0.4171205579354334,0.8743799912080975,False
dmv.896,100,2.4147645820344414,1.0102713518101865,0.4183726063097347,0.8713828408659149,False
dmv.897,100,2.3455348801544837,1.0246505783191933,0.4368515629371953,0.8281618145010542,False
dmv.898,100,2.3949801529286403,1.001236049814268,0.4180560947822186,0.8721396574175475,False
dmv.899,100,2.447742256850297,1.0203689048040683,0.4168612532420213,0.8750018385872436,False
dmv.9,100,2.3986715377329926,1.0077647802177818,0.4201345471294623,0.8671802686976835,False
dmv.90,100,1.957723440842176,1.2277732550666267,0.6271433591960577,0.4665801214281429,False
dmv.900,100,2.4456854330520237,1.014052039134304,0.41462897289650474,0.8803711998578909,False
dmv.901,100,1.2602192833158932,1.913851632997419,1.5186655674413156,0.41783203310707034,False
dmv.902,100,2.509224103042027,1.042406724281842,0.4154299024220647,0.8784413854846156,False
dmv.903,100,2.414122752477509,1.0247105720439873,0.42446498256659543,0.8569257676425034,False
dmv.904,100,2.39779834495326,1.0029537493814236,0.41828110837276183,0.8716015644207905,False
dmv.905,100,2.5293492821458403,1.046793512148416,0.41385882113534794,0.882230375064919,False
dmv.906,100,2.3963990204901084,1.0001005043030597,0.41733471585984894,0.8738667032324738,False
dmv.907,100,2.4183993667771198,1.0011240669455492,0.41396143279664244,0.8819824669922844,False
dmv.908,100,2.557087325371913,1.0715460422913434,0.4190494519523276,0.8697663422716826,False
dmv.909,100,2.3890084622005903,1.0026537881624351,0.41969453186400996,0.868228137405069,False
dmv.91,100,3.80386542591267,1.5456660849331005,0.40634089586969163,0.9005628266858329,False
dmv.910,100,1.0335883098486542,2.433495862223216,2.354415040336076,0.8562923060988811,False
dmv.911,100,2.4257032672030823,1.0119162473144092,0.4171640698992762,0.8742756815698026,False
dmv.912,100,2.351130624637829,1.0392807153704686,0.44203444269735576,0.8163674752857562,False
dmv.913,100,2.53281914893617,1.0084003612155323,0.39813358235193336,0.9209676959601234,False
dmv.914,100,1.4040996209536183,1.7416565164433617,1.2404080810594378,0.2154404231047779,False
dmv.915,100,2.2272178560679405,1.0602690713345897,0.4760509028993015,0.742230491604191,False
dmv.916,100,2.515136664716948,1.0271024512884979,0.4083684460160686,0.8955854581249351,False
dmv.917,100,3.1154955793392274,1.297905062227794,0.4165966630910995,0.8756367600502839,False
dmv.918,100,1.6909723951518334,1.4181053871693263,0.8386330795435568,0.1759819988708699,False
dmv.919,100,1.640658009097426,1.4860795322722844,0.9057826335726238,0.09895592051828922,False
dmv.92,100,2.4599799588330393,1.009144634500725,0.4102247381638999,0.8910501275954885,False
dmv.920,100,2.3253783135685464,1.0089313262779023,0.43387835879899783,0.8349910634322881,False
dmv.921,100,2.255829008369597,1.0658275794879208,0.47247711397161657,0.7497659692603091,False
dmv.922,100,176.0,71.38461538461539,0.4055944055944056,0.9024016197134879,False
dmv.923,100,2.404800175809081,1.0057494400523281,0.4182257844828831,0.8717338380229135,False
dmv.924,100,1.7883880431159018,1.3513398780044668,0.7556189403112047,0.28021807708450175,False
dmv.925,100,2.4610676605588107,1.0293680124804259,0.41826075283387265,0.8716502303389881,False
dmv.926,100,5.166882276843467,2.1652977691035753,0.41907240248299044,0.869711575699144,False
dmv.927,100,2.390813096374947,1.0051369576689673,0.4204163676336719,0.8665097072603692,False
dmv.928,100,1.3950928917609047,1.6988653269322012,1.2177435187042427,0.1969995713370296,False
dmv.929,100,2.4148428376256734,1.0030385862425202,0.4153639195951691,0.8786002283293399,False
dmv.93,100,2.1495781810678682,1.1187491076635667,0.5204505318842575,0.6530604350512377,False
dmv.930,100,2.4677771010288385,1.0296017666005017,0.41721829989072007,0.8741456932251689,False
dmv.931,100,2.172484816267126,1.1159869020365445,0.5136914622741023,0.6661324617091237,False
dmv.932,100,2.399232769121684,1.0013455399541547,0.4173607299973354,0.8738043711863986,False
dmv.933,100,2.9256050194203764,1.092979127134725,0.3735908025449269,0.9845941913862518,False
dmv.934,100,2.4230021114594664,1.0259684016784132,0.4234286040553359,0.8593703645677137,False
dmv.935,100,2.4738347539964245,1.0036178872043255,0.4056931796204267,0.9021581202977216,False
dmv.936,100,2.4701906749549307,1.0282327296179528,0.41625642102981103,0.8764538119090174,False
dmv.937,100,2.537204501564893,1.0667196743387806,0.42043109795873795,0.8664746704060756,False
dmv.938,100,2.357481678733203,1.019019848791627,0.43224931840793746,0.8387527312668573,False
dmv.939,100,2.4544629980094115,1.0260508666693753,0.4180347666685179,0.8721906760680045,False
dmv.94,100,2.3164749371894535,1.0363379661251033,0.4473771546099599,0.8043532937914006,False
dmv.940,100,2.5483848976557777,1.040332486115638,0.4082320873399559,0.8959194247874835,False
dmv.941,100,1.4116656658047675,1.7278352345787305,1.2239691567434416,0.2020989850336225,False
dmv.942,100,2.502679695025938,1.0453359447499608,0.41768666874453025,0.8730237238501195,False
dmv.944,100,2.4110966120057538,1.007905718010822,0.4180279267915195,0.8722070381830757,False
dmv.945,100,1.7429795494862268,4.090537871941628,2.346865098415747,0.8530804369109151,False
dmv.946,100,1.9166584165767406,1.2720425775343203,0.6636772450076209,0.4099593244750763,False
dmv.947,100,2.393571926727152,1.000261999818958,0.41789510841508953,0.872524814753295,False
dmv.948,100,2.1273657354472073,1.0855325301978023,0.5102707597993749,0.6728137925747416,False
dmv.949,100,2.3958867359000338,1.000236548183191,0.4174807319543193,0.8735168867638359,False
dmv.95,100,2.214623896817636,1.0614124686132835,0.47927436804890844,0.7354820521332369,False
dmv.950,100,2.3938784257197705,1.0008246455858307,0.4180766386600905,0.872090517186447,False
dmv.951,100,2.392319357516002,1.0006133964481625,0.4182607950332858,0.8716501294463973,False
dmv.952,100,2.319253551022076,1.0063584282701241,0.43391479462287774,0.8349070899098936,False
dmv.953,100,2.420599276965004,1.0053633543728395,0.4153365507211852,0.878666121813145,False
dmv.954,100,2.146675426474253,1.095999848031373,0.5105568520116092,0.6722532822272267,False
dmv.955,100,2.380592829415027,1.0013782813043905,0.42064240004892184,0.8659722123090604,False
dmv.956,100,2.543144771227675,1.066666363878594,0.41942809388852553,0.8688631768528481,False
dmv.957,100,2.398830357073009,1.0013196485446922,0.41741995034883445,0.873662488766279,False
dmv.958,100,2.3923999361183568,1.0004479341817316,0.41817754593529527,0.8718491855971926,False
dmv.959,100,2.2277879631094524,1.0789315565395687,0.4843062151362204,0.725037896419246,False
dmv.96,100,2.4280168963778275,1.0041309900791182,0.41356013278865744,0.8829523511768952,False
dmv.960,100,2.4243086474366846,1.0184448673124158,0.42009703194733766,0.8672695659416428,False
dmv.961,100,2.4550317866355815,1.0317351108537098,0.4202532596401196,0.8668977502925123,False
dmv.962,100,2.4052846706785234,1.0020670832989842,0.4166105972879726,0.8756033129176506,False
dmv.963,100,2.4157128915442994,1.0074602092357112,0.4170446797556598,0.874561917226,False
dmv.964,100,2.271896296394095,1.0604509032302432,0.46676906200048307,0.7619206575431673,False
dmv.965,100,2.3627394677531206,1.0006164393514692,0.4234984233378126,0.8592054878301042,False
dmv.966,100,2.4304550802655194,1.005671781836345,0.4137792094995142,0.882422757805036,False
dmv.967,100,2.2706005371824576,1.0191512758152936,0.44884657566404784,0.8010741519406617,False
dmv.968,100,2.483800861553195,1.0343436237525894,0.4164358100374373,0.8760229468097441,False
dmv.969,100,2.4562403735361897,1.024498862180644,0.41710040809470844,0.8744282993699619,False
dmv.97,100,2.394028524648511,1.001051038143252,0.4181449919399876,0.8719270359332766,False
dmv.970,100,2.4045792089440763,1.0086399584079686,0.4194663060614639,0.8687720755820157,False
dmv.971,100,2.389277487026169,1.00042745813845,0.41871547510525414,0.8705636467516845,False
dmv.972,100,2.2778947248645944,1.0329011616435346,0.4534455215900874,0.790880145441031,False
dmv.973,100,2.435793889981566,1.0004000062079,0.4107079873722283,0.8898728100172882,False
dmv.974,100,2.3953836349469864,1.0009310209572377,0.4178583364912193,0.8726128118153906,False
dmv.975,100,2.4138959644467683,1.0093349410835346,0.418135228671655,0.871950385208059,False
dmv.976,100,3.496487119437939,9.775175644028103,2.7957133288680507,1.0280872900979559,True
dmv.977,100,2.4620036571934465,1.025214458068214,0.41641467715645236,0.8760736951284744,False
dmv.978,100,2.46154782846625,1.0315289673721897,0.4190570483511256,0.8697482147454183,False
dmv.979,100,2.4808130341978867,1.0312824328952845,0.41570340798726324,0.8777832345679194,False
dmv.98,100,2.3932877444340868,1.0016230430920539,0.4185134217235112,0.8710463185429497,False
dmv.980,100,1.0455248967804527,2.26916237958775,2.170357096780112,0.7748917147418991,False
dmv.981,100,2.3964257799785567,1.000211694687498,0.4173764541526706,0.8737666966808523,False
dmv.982,100,2.397018392823445,1.0033616016846953,0.4185873603175973,0.8708696645584721,False
dmv.983,100,2.4350759801297817,1.0171003669980803,0.41768732281769383,0.8730221579091872,False
dmv.984,100,2.415647631926642,1.0095840775428198,0.41793515916789914,0.8724289800978785,False
dmv.985,100,1.3434487682970369,1.706085570023917,1.2699297586066944,0.23896159075724077,False
dmv.986,100,2.2840306345535026,1.0542644593688295,0.4615807001095342,0.7730983755169072,False
dmv.987,100,2.4202480379276317,1.005531838312467,0.41546644085846113,0.8783534360388984,False
dmv.988,100,2.4538967688084505,1.0204391778922137,0.41584437897430904,0.8774441777136853,False
dmv.989,100,5.137315270935961,2.2788855503960668,0.4435946462715105,0.812844092398613,False
dmv.99,100,2.4849835657890162,1.0279973223002319,0.4136837508516193,0.8826534838988731,False
dmv.990,100,2.413840670031009,1.0028762277493792,0.41546910705440054,0.8783470187037724,False
dmv.991,100,2.2960070173964198,1.0270964922916432,0.44734031059553536,0.8044356527837712,False
dmv.992,100,5.509971891313077,2.2723634456680744,0.41240926278601203,0.8857390664077384,False
dmv.993,100,2.3953807154639994,1.0004715674562377,0.41766703764350893,0.8730707245418619,False
dmv.994,100,2.2830815776052718,1.0619844087214345,0.46515394769001284,0.7653868578853571,False
dmv.995,100,2.4167727524407616,1.0095904779047737,0.41774323915443107,0.8728882955886881,False
dmv.996,100,2.436012801872407,1.0182307181395518,0.417990708980225,0.8722960740244472,False
dmv.997,100,2.3308527185976198,1.0260939201166128,0.44022254685142537,0.8204748916389236,False
dmv.998,100,2.4181756342015337,1.0021684885790882,0.41443163780367753,0.8808472448997298,False
dmv.999,100,2.560620265304583,1.1005421127344388,0.429795127237865,0.8444466321161122,False
dmv.1,300,1.947674418604651,1.3074626865671641,0.6712942748941858,0.3985476764602337,False
dmv.10,300,2.4019018360216458,1.000255195421205,0.4164429954714397,0.8760056923569832,False
dmv.100,300,2.385652549606025,1.009553057954479,0.423176903158509,0.8599649765849948,False
dmv.1000,300,2.605520560134882,1.0795835983387014,0.41434468599350216,0.8810570766914877,False
dmv.1001,300,2.4303564871411667,1.018643870811241,0.4191335206175757,0.8695657448644786,False
dmv.1002,300,2.4033517366091077,1.0012405284738073,0.41660174548002654,0.8756245603416074,False
dmv.1003,300,2.4206446706516656,1.0055183515238597,0.41539279338060076,0.8785307163169966,False
dmv.1004,300,2.370634142774825,1.0111561426711442,0.42653403341588036,0.8520631182448452,False
dmv.1005,300,2.4451571765231344,1.0378765295978987,0.42446209166549215,0.8569325783596806,False
dmv.1006,300,2.343843577667368,1.0435125374761516,0.44521424015619365,0.80919967411701,False
dmv.1007,300,1.104720602872174,2.1910032820644827,1.9833098761515549,0.6847671036690108,False
dmv.1008,300,2.4225376480671272,1.0078761269502619,0.4160414711219935,0.8769703334925114,False
dmv.1009,300,2.4692384335295,1.0507608570133453,0.42554045925463757,0.8543952491092548,False
dmv.101,300,2.4648300271589414,1.0254290036207567,0.4160242257364521,0.8770117854730679,False
dmv.1010,300,2.378930151910021,1.0099861379192918,0.42455476765821953,0.8567142646899868,False
dmv.1011,300,2.42901472739776,1.0087526022771716,0.41529291317136785,0.8787711928508445,False
dmv.1012,300,2.4248484734741442,1.0089038938709247,0.41606884096367536,0.8769045493259312,False
dmv.1013,300,2.4564547664036476,1.0208549152620285,0.4155805876110647,0.8780787301572549,False
dmv.1014,300,2.4401846222117274,1.0148243205046368,0.41588013925963657,0.877358187017089,False
dmv.1015,300,2.3991029704364375,1.0020509913077171,0.41767735843594367,0.8730460142726993,False
dmv.1016,300,1.4590804155444401,1.6507917672033015,1.1313919024725765,0.1234486468150206,False
dmv.1017,300,1.6928395709522017,1.4207945087636744,0.8392966073946952,0.1751911100858508,False
dmv.1018,300,2.7598986157145644,1.1833304911038216,0.4287586813392585,0.8468610326853816,False
dmv.1019,300,2.100684063845959,1.2299973466483345,0.5855222914370283,0.5352510241891235,False
dmv.102,300,2.454152019048425,1.0217980751748668,0.4163548416088175,0.8762173976689482,False
dmv.1020,300,2.403295630362743,1.0002611139829476,0.41620394151508217,0.8765798948245762,False
dmv.1021,300,2.575947315441967,1.057273904975316,0.410440810895977,0.8905235483152508,False
dmv.1022,300,2.401316294719649,1.0002727393862463,0.41655184766196196,0.8757443409403708,False
dmv.1023,300,2.5052661005695915,1.0378517842651793,0.4142680827514553,0.8812419718443372,False
dmv.1024,300,2.4256841356721512,1.0064103990555662,0.4148975475641194,0.8797236625691494,False
dmv.1025,300,2.702940690986198,1.1215543402668016,0.41493856820720326,0.8796247981251039,False
dmv.1026,300,2.4620529333820094,1.0222820159109829,0.4152152872305312,0.8789581288522593,False
dmv.1027,300,2.3986363281561998,1.003517654919424,0.41837007266992193,0.8713888968252352,False
dmv.1028,300,2.3585388376367304,1.011037460788217,0.42867110969488315,0.8470652981438379,False
dmv.1029,300,2.4531659744636647,1.0239016168854693,0.41737967489514227,0.8737589800739065,False
dmv.103,300,2.400099291990529,1.000063603657219,0.4166759296144842,0.8754465065262446,False
dmv.1030,300,12.929386124228115,5.524195300617686,0.42725890058043886,0.8503651249496187,False
dmv.1031,300,2.405437558747852,1.0055942223995142,0.4180504369121829,0.8721531912671738,False
dmv.1032,300,2.5051351042368997,1.0440507297894013,0.41676424078829644,0.8752345868773511,False
dmv.1033,300,2.3309514294594886,1.0272813241987386,0.44071331183290646,0.8193607014798705,False
dmv.1034,300,4.712643678160919,1.4081282198053806,0.2987979393245564,1.207987722251418,False
dmv.1035,300,2.0812871398138806,1.1294966413751093,0.5426914046449711,0.6112144361716627,False
dmv.1036,300,2.401588309134868,1.000203755864947,0.4164759430500616,0.875926578827166,False
dmv.1037,300,23714.166666666668,55663.166666666664,2.3472537512738514,0.8532460283121726,True
dmv.1038,300,2.114982312349806,1.1310697888098122,0.5347892425413059,0.6258825488756808,False
dmv.1039,300,2.4246112624214007,1.0083057064226788,0.4158628321373498,0.8773998035329705,False
dmv.104,300,2.398779700196236,1.0025557672121397,0.417944076786261,0.8724076430004161,False
dmv.1040,300,2.387637873192866,1.0156671902752539,0.42538577632673175,0.8547588127723352,False
dmv.1041,300,2.4172500427388344,1.0004776045112365,0.4138908209006206,0.8821530575677831,False
dmv.1042,300,2.4385362920910887,1.0158340210460624,0.4165753137817631,0.875688008315789,False
dmv.1043,300,2.5233569237853866,1.0496774729023213,0.4159845414685367,0.8771071793427234,False
dmv.1044,300,2.631338491373713,1.094599084740813,0.41598566217505833,0.8771044852401779,False
dmv.1045,300,2.451417024445145,1.025198354424139,0.4182064268139701,0.8717801243056631,False
dmv.1046,300,2.28506576510925,1.0477571676530248,0.45852385679715046,0.779742956366293,False
dmv.1047,300,2.399386274776884,1.0000222182625895,0.41678250341562045,0.875190767793529,False
dmv.1048,300,2.338477853351348,1.0172069683818767,0.43498678720608136,0.8324396225936529,False
dmv.1049,300,2.498961748711475,1.0396089300219067,0.41601634381076624,0.8770307314859777,False
dmv.105,300,2.426222585207466,1.0163225117376116,0.4188908791526668,0.8701448245947487,False
dmv.1050,300,2.49334960080808,1.0401094725684776,0.4171534839042966,0.8743010579865684,False
dmv.1051,300,2.3330869812393407,1.0242721475546903,0.4390201290354785,0.823210014941102,False
dmv.1052,300,1.0369532879860366,2.4434716932471825,2.356395144850619,0.8571329702535879,False
dmv.1053,300,1.1734961286480048,2.0355986398010457,1.7346445293741846,0.5508025102025154,False
dmv.1054,300,2.3070842056226883,1.0459925727791015,0.45338291954401605,0.7910182135547581,False
dmv.1055,300,2.3755694498238626,1.0168392964284587,0.4280402311554615,0.8485380897910987,False
dmv.1056,300,4.051770863983399,1.7162358065426018,0.42357671846608985,0.8590206278935149,False
dmv.1057,300,1.0429887410440122,2.437052200614125,2.336604514229637,0.848698813264138,False
dmv.1058,300,2.5210527255360016,1.04748756963709,0.41549609773210255,0.8782820564705623,False
dmv.1059,300,2.2888677773737864,1.0538074768022687,0.46040557135694055,0.7756475010848201,False
dmv.106,300,2.4308188781451356,1.0150217719345769,0.41756371939529324,0.873318125030582,False
dmv.1060,300,2.4201455411257067,1.0049176480829034,0.41523025413400383,0.8789220833737089,False
dmv.1061,300,2.3325270871821266,1.0401524772405901,0.4459337183934592,0.8075849514737289,False
dmv.1062,300,2.7495070999756317,1.1364587386974934,0.4133318072564954,0.8835046011793624,False
dmv.1063,300,2.443367846334827,1.0072512505007516,0.41223889068184244,0.8861522659180436,False
dmv.1064,300,15.047945205479452,6.465567981165392,0.429664508534432,0.8447505875294952,False
dmv.1065,300,2.2419454257746376,1.0652528514652808,0.4751466468445432,0.7441317923958188,False
dmv.1066,300,2.335398899079031,1.032935811012441,0.4422952376229094,0.8157776614665034,False
dmv.1067,300,2.397365904392682,1.003592125058994,0.4186228406853193,0.8707849059931783,False
dmv.1068,300,2.164280281736715,1.100305576776165,0.5083932917843851,0.6764999345131637,False
dmv.1069,300,2.45344815838855,1.020537573329385,0.41596052064115535,0.8771649255292975,False
dmv.107,300,2.24764551445147,1.074383953194238,0.47800418094685077,0.7381357997781999,False
dmv.1070,300,1.5837333954789095,1.3773507166190884,0.8696859714842267,0.139623084809456,False
dmv.1071,300,1.244652976661995,1.896896112797415,1.5240361356662284,0.4213621680504306,False
dmv.1072,300,2.4011386740378615,1.0001953276482647,0.4165504218739236,0.8757477637807364,False
dmv.1073,300,2.4344633056424563,1.0093863748071874,0.41462377866517475,0.880383727356462,False
dmv.1074,300,1.775819007460266,1.3088303789144908,0.7370291529801501,0.30512783129270055,False
dmv.1075,300,2.39702962832659,1.0002438084452099,0.41728470796729294,0.8739865372339077,False
dmv.1076,300,1.7325600528119802,1.4135363639172178,0.8158657251868525,0.20350549002536517,False
dmv.1077,300,2.4009213805293834,1.0001301110863763,0.41656095830420564,0.8757224696111132,False
dmv.1078,300,2.274976492347471,1.0615357564727517,0.46661394526208444,0.7622530328673798,False
dmv.1079,300,2.40142084472167,1.0000006990617107,0.4164204292886502,0.8760598817525652,False
dmv.108,300,2.6383616395096685,1.1006875377843746,0.41718599956180913,0.8742231145158988,False
dmv.1080,300,1.346940776411877,1.7859662786945307,1.3259426917434158,0.2821236719333392,False
dmv.1081,300,2.4142072097223566,1.0056050246462076,0.41653633565358134,0.8757815807156865,False
dmv.1082,300,2.578908222796273,1.0564435104156757,0.40964757918767236,0.8924580518767509,False
dmv.1083,300,2.2855685200243148,1.055732297348758,0.4619123373897041,0.7723801518141622,False
dmv.1084,300,2.403029142156513,1.0003629635733668,0.4162924810290177,0.8763671863687277,False
dmv.1085,300,2.4553826546094557,1.019422715823912,0.41517875591006714,0.8790461143593553,False
dmv.1086,300,2.0239561486164726,1.185219244847776,0.585595318188076,0.5351263112644058,False
dmv.1087,300,2.6837229131852176,1.1260295504784155,0.41957742542875637,0.8685072041247324,False
dmv.1088,300,2.292169016481802,1.0483547593632525,0.45736363759612647,0.7822764985944184,False
dmv.1089,300,9.279170593779453,3.818929402637704,0.4115593483320404,0.8878020448851491,False
dmv.109,300,2.3992190762288796,1.0000090054135524,0.4168060413163179,0.8751342941271082,False
dmv.1090,300,2.423030777787808,1.0090504651657746,0.4164414560540675,0.8760093889498765,False
dmv.1091,300,1.0678945703972693,2.357158904081612,2.2072955228199365,0.7917680208115635,False
dmv.1092,300,6.805369127516778,2.61340206185567,0.38402061855670105,0.9570590336778142,False
dmv.1093,300,2.084156526524128,1.1331827240827173,0.543712868808656,0.6093339861593723,False
dmv.1094,300,2.432023121602571,1.0131437612168355,0.4165847570352163,0.8756653397943741,False
dmv.1095,300,1.2571545436898588,1.9385894770510155,1.542045476255517,0.43310976644136046,False
dmv.1096,300,1.6892005550820295,1.4167395744631164,0.8387041847700067,0.17589721541317743,False
dmv.1097,300,2.395142078837731,1.014230010581633,0.4234529632053391,0.859312837869881,False
dmv.1098,300,2.450656527675509,1.020337781627601,0.4163528303965996,0.8762222282050068,False
dmv.1099,300,2.400161355993546,1.0096153664916039,0.42064478872241234,0.8659665336929532,False
dmv.11,300,2.08907440638735,1.164664434125512,0.5575026100384685,0.5842880939754708,False
dmv.110,300,2.443478272941958,1.0153002002216138,0.41551431476376016,0.8782382133817476,False
dmv.1100,300,2383.0,5927.0,2.487201007133865,0.9111579846890958,True
dmv.1101,300,2.420748391281977,1.0076658854762548,0.4162621316222857,0.8764400930736677,False
dmv.1102,300,2.428814035672553,1.0121949180621181,0.4167445111876733,0.8752819279534467,False
dmv.1103,300,2.434742607765198,1.0131825818227178,0.41613539706059444,0.8767445979725976,False
dmv.1104,300,2.5267857998004017,1.052617047355183,0.4165834110031536,0.8756685709117267,False
dmv.1105,300,2.4925783438538827,1.0351392949339153,0.4152885695594394,0.8787816520580838,False
dmv.1106,300,2.4498673451453343,1.0123976188646049,0.41324589303611703,0.8837124805370011,False
dmv.1107,300,2.7092435683132554,1.1128842587111796,0.4107730555226708,0.8897143933352691,False
dmv.1108,300,2.0463713345930437,1.1840386312182376,0.5786039958645649,0.5471369803724095,False
dmv.1109,300,2.1325555251044506,1.1418908640757857,0.5354565687192866,0.6246354965491188,False
dmv.111,300,12.696428571428571,4.69971671388102,0.3701605288007554,0.9938185058109437,False
dmv.1110,300,55.90217391304348,135.59782608695653,2.425627065914836,0.8860900748448035,True
dmv.1111,300,2.3209797538241745,1.0382380617056495,0.44732749606927463,0.8044642992292254,False
dmv.1112,300,2.348804287434022,1.019918400495964,0.43422877161476303,0.8341837602262203,False
dmv.1113,300,2.1124267124267124,1.129783241494158,0.5348271894347928,0.6258115946674835,False
dmv.1114,300,5.047285464098073,12.103327495621716,2.3979875086745315,0.874629847531927,True
dmv.1115,300,2.4029966749974743,1.0016585087751446,0.4168372429296838,0.8750594380970288,False
dmv.1116,300,2.564764551994768,1.0743756934836508,0.41889837125518825,0.8701269391837866,False
dmv.1117,300,2.3956115973084593,1.0014239888311065,0.41802435334519006,0.8722155865631576,False
dmv.1118,300,1.7394709620215754,3.991133441702379,2.2944524679296574,0.830494238983203,False
dmv.1119,300,1.072183997599482,2.2021299055830235,2.053873132329323,0.7197273434494522,False
dmv.112,300,2.322515435001967,1.038356462969754,0.44708269633905556,0.805011698483862,False
dmv.1120,300,2.1641410489382973,1.1333937186663317,0.5237152722658079,0.6468071158805301,False
dmv.1121,300,2.4250519516840487,1.0084673627217604,0.4158539209939161,0.8774212318459161,False
dmv.1122,300,2.4820624032688867,1.0313526078098911,0.4155224326558411,0.8782186765992732,False
dmv.1123,300,1.8661558109833971,1.3029770052012044,0.6982144778760903,0.35922894852491427,False
dmv.1124,300,2.433404175818527,1.0101588964863402,0.4151217074929822,0.8791835306795651,False
dmv.1125,300,1.5641170597252105,1.5288394106244403,0.9774456464869913,0.022812593285499005,False
dmv.1126,300,2.4012065807928984,1.0012830473800884,0.41699163053661814,0.8746891280403459,False
dmv.1127,300,2.380310239013541,1.0093713439820453,0.42405033068309345,0.8579031263537358,False
dmv.1128,300,2.400577237427239,1.0000544012605894,0.41658913767439276,0.8756548242484496,False
dmv.1129,300,2.4123277922367996,1.0032146784808051,0.4158699666393958,0.8773826477780053,False
dmv.113,300,2.4246496996766105,1.0061308799976698,0.41495927437759905,0.8795748975967794,False
dmv.1130,300,2.341042986120469,1.019085839538407,0.4353127411928545,0.8316905609398711,False
dmv.1131,300,2.4043174349840686,1.0007295876496887,0.41622190692815886,0.8765367308283762,False
dmv.1132,300,2.341266427408782,1.0286877483015706,0.43937235688297127,0.8224080320643855,False
dmv.1133,300,3.8197162952530133,1.5843714568064804,0.41478773142797865,0.8799883801423367,False
dmv.1134,300,2.506219426974144,1.0453386187096492,0.417097803751257,0.8744345433139419,False
dmv.1135,300,2.378118837530201,1.019930247468536,0.42888111030136167,0.8465755306269928,False
dmv.1136,300,4.475945957321436,1.804857351368782,0.4032348398703349,0.9082361575494009,False
dmv.1137,300,2.4202730690418597,1.0107210179977288,0.4176061911881101,0.8732164168815808,False
dmv.1138,300,2.316778888006233,1.0353413135474854,0.44688827186200597,0.8054466667032579,False
dmv.1139,300,7.072009326239015,2.9886812950821744,0.42260709187605006,0.8613123924075059,False
dmv.114,300,2.402838018857419,1.0012316852400338,0.4166871330411746,0.8754196192613941,False
dmv.1140,300,2.4075764181645907,1.000236043399182,0.4154534974892756,0.8783845903501363,False
dmv.1141,300,2.231811383830386,1.4909929441444283,0.6680640465169978,0.40337123202203706,False
dmv.1142,300,2.241724873646451,1.0645771797396346,0.4748919870831269,0.7446678964202684,False
dmv.1143,300,2.6218116974403003,1.1049635705801866,0.42145039312280624,0.8640531997527332,False
dmv.1144,300,1.7494890790650146,1.3597568766313177,0.7772308457952862,0.252017873903977,False
dmv.1145,300,2.3992948043330333,1.0007050364937256,0.41708298400283744,0.8744700745768017,False
dmv.1146,300,2.4172816678039046,1.02057896403155,0.4222010937429331,0.8622735529911373,False
dmv.1147,300,2.1472199213691567,1.1139208354104044,0.5187735193422209,0.6562878699739589,False
dmv.1148,300,1.5467979040247184,1.5707298689852016,1.015471940386144,0.015353470328282492,False
dmv.1149,300,2.4011356344566654,1.0004611246685877,0.4166616455612989,0.8754807880793923,False
dmv.115,300,2.4161424201036095,1.0088296351367754,0.4175373217831731,0.8733813451939568,False
dmv.1150,300,2.4649596343448574,1.0270743211309483,0.41666983378570677,0.8754611362970917,False
dmv.1151,300,2.4036180148159696,1.0004638501423109,0.4162324645494514,0.8765113657833843,False
dmv.1152,300,2.400990689325113,1.0011094158715808,0.4169568088383464,0.8747726384749193,False
dmv.1153,300,2.3906351272172937,1.0005657308791096,0.4185355261820197,0.8709935033316794,False
dmv.1154,300,2.39356131861759,1.0048038104606558,0.4197944722138908,0.867990039348114,False
dmv.1155,300,2.5655100435624396,1.0632407515755338,0.41443640193243175,0.8808357493937484,False
dmv.1156,300,1.0192288636959752,2.3250869246957637,2.2812216250081705,0.8247110999187248,False
dmv.1157,300,2.2917971953695364,1.0318689506109207,0.45024444252561313,0.7979646380880601,False
dmv.1158,300,2.5921004307034825,1.0745272811582256,0.4145392163167862,0.8805876977439333,False
dmv.1159,300,31.676967648478996,12.491051028179742,0.39432597105864436,0.9305773740271026,False
dmv.116,300,2.262040583340221,1.0639009062130347,0.4703279481582225,0.754325065562012,False
dmv.1160,300,2.4015294994463923,1.000415228709796,0.41657419945930907,0.8756906832797331,False
dmv.1161,300,2.0079517211975415,1.1757314302681279,0.5855376988680396,0.5352247105397123,False
dmv.1162,300,2.448854641564521,1.0171874211085876,0.41537272316772883,0.8785790337121605,False
dmv.1163,300,2.40078703571964,1.0005739461207526,0.4167691391339211,0.8752228336692788,False
dmv.1164,300,2.3997130144457155,1.0001585221233649,0.4167825552900045,0.8751906433296169,False
dmv.1165,300,1.6243542617187259,1.465369409392259,0.9021242741972767,0.10300299213786684,False
dmv.1166,300,2.522376820583373,1.0482598318516576,0.41558415193857395,0.878070153451965,False
dmv.1167,300,2.401177820456971,1.000276571185348,0.4165774657184632,0.8756828425484696,False
dmv.1168,300,2.425648328928538,1.0071892332478745,0.41522475506281326,0.8789353268875171,False
dmv.1169,300,2.2104661473000933,1.0770000227053127,0.487227557870896,0.7190240004117028,False
dmv.117,300,2.343686484009352,1.0212611294700626,0.4357498907972486,0.8306868451907621,False
dmv.1170,300,2.266656670165442,1.052566760016759,0.4643697362159099,0.7670741987756281,False
dmv.1171,300,2.417868181511594,1.0093311828382237,0.4174467369876275,0.8735983189072858,False
dmv.1172,300,1.975562424866907,1.2107582777714996,0.612867638365347,0.48960629072416584,False
dmv.1173,300,2.39927933471215,1.000810858489504,0.41712977893404596,0.8743578851370409,False
dmv.1174,300,2.4088436748846016,1.0103838073990203,0.4194476453302533,0.8688165634134142,False
dmv.1175,300,1.8405352050888353,1.338636634489334,0.7273083561717165,0.3184047425823823,False
dmv.1176,300,2.344355521644713,1.0291599644855183,0.4389948346074651,0.8232676322461999,False
dmv.1177,300,2.400720391476177,1.0001415405104428,0.4166005937473904,0.8756273249345087,False
dmv.1178,300,2.414957153542045,1.0102371870674387,0.4183250976464375,0.8714964031790983,False
dmv.1179,300,2.495979032035508,1.0385747936109788,0.41609916601102437,0.8768316672946387,False
dmv.118,300,2.396025376778755,1.0046310344066476,0.41929064864800614,0.8691909273484053,False
dmv.1180,300,2.400464658186906,1.0021304316970945,0.4174735205033234,0.8735341606467457,False
dmv.1181,300,2.262583790939857,1.0461334970558787,0.46236232277670664,0.7714064468280833,False
dmv.1182,300,2.212330772888126,1.0814988661347409,0.4888504374609766,0.7156986901531307,False
dmv.1183,300,2.2895279475660946,1.217661911577864,0.5318397239362427,0.6314131058281923,False
dmv.1184,300,2.476976291656585,1.0281797768194494,0.41509471862236097,0.8792485471494441,False
dmv.1185,300,2.401302838148198,1.001417912219654,0.4170310784257071,0.8745945313616357,False
dmv.1186,300,3.879151291512915,1.7177287581699345,0.44281045751633985,0.8146134616326253,False
dmv.1187,300,2.332420967643074,1.0427489452088559,0.44706721457000115,0.805046327507177,False
dmv.1188,300,2.2445351635378654,1.0682801684278571,0.4759471741774899,0.7424484095280184,False
dmv.1189,300,2.4493956301784165,1.0180531492503955,0.41563442700199454,0.8779491863206818,False
dmv.119,300,5.441144114411441,2.0997665039269795,0.3859053279558481,0.9521632039626169,False
dmv.1190,300,2.024902578120551,1.1579556366236907,0.5718574558280565,0.558865521756394,False
dmv.1191,300,1.82410862231335,1.322702409504702,0.7251226123953296,0.32141451788144737,False
dmv.1192,300,2.393999502828646,1.0005819802807745,0.4179541303573916,0.8723835884659161,False
dmv.1193,300,2.427946784835443,1.0162749756860234,0.4185738262607361,0.8709019977747736,False
dmv.1194,300,2.4226754436460585,1.009240205468721,0.4165808540783502,0.8756747087765165,False
dmv.1195,300,3.291922538797923,1.3401896377292568,0.40711457269545587,0.8986606277605107,False
dmv.1196,300,2.4319034524516527,1.010582190283883,0.41555193700847537,0.8781476736813069,False
dmv.1197,300,2.43855722146117,1.015906185322711,0.41660133146844325,0.8756255541247433,False
dmv.1198,300,2.4209774371148614,1.008105955160048,0.4164045231092417,0.8760980798861938,False
dmv.1199,300,1.5369805018668425,1.5651048515468198,1.0182984427231294,0.018133040903465347,False
dmv.12,300,2.8190377333664713,1.1993767532701793,0.4254560834976457,0.8545935478167805,False
dmv.120,300,2.398792122165683,1.0000725313729881,0.4169067098945199,0.874892799491108,False
dmv.1200,300,2.455256177752377,1.0200546714175664,0.41545753174781064,0.8783748799036669,False
dmv.1201,300,3.576923076923077,9.615384615384615,2.6881720430107525,0.9888614247089904,True
dmv.1202,300,2.4021738447278564,1.004838840120596,0.41830396343959647,0.8715469254662828,False
dmv.1203,300,2.4231231170706256,1.0081544499998571,0.41605580950366255,0.8769358702584539,False
dmv.1204,300,2.492908357228251,1.0563183110366805,0.42372929914325125,0.8586604730601025,False
dmv.1205,300,2.4183572331701,1.007955561220098,0.41679349411038874,0.8751643978049459,False
dmv.1206,300,2.5023985692149955,1.0400149686401863,0.41560724236125174,0.878014593630624,False
dmv.1207,300,2.398943726482982,1.001021953393693,0.417276129632795,0.8740070949550749,False
dmv.1208,300,2.5683571819577584,1.0707639692017656,0.4169061751705283,0.8748940820906003,False
dmv.1209,300,2.464395565876528,1.0277248739420677,0.41702918483239926,0.8745990720246819,False
dmv.121,300,2.415432798922227,1.0062728123196965,0.41660145244723773,0.8756252637301435,False
dmv.1210,300,2.5150275057024016,1.1073401270122583,0.4402894697976666,0.8203228824781065,False
dmv.1211,300,2.2860466387866367,1.0500038192057441,0.45930988519247967,0.7780301655817955,False
dmv.1212,300,2.4018139878029503,1.0082361878446096,0.4197811291651647,0.8680218245708035,False
dmv.1213,300,2.472653074496797,1.058611840700901,0.4281279293158974,0.8483332277913385,False
dmv.1214,300,2.4005769808433857,1.001188048449309,0.41706142166603855,0.8745217738668939,False
dmv.1215,300,2.3886922134182287,1.0004699172246023,0.41883584314654154,0.8702762182932892,False
dmv.1216,300,1.7868572545881154,1.3515409388014257,0.75637879597325,0.27921297541301177,False
dmv.1217,300,1.7173233086401554,1.4297609815979009,0.832552015339524,0.1832595781910703,False
dmv.1218,300,2.3105639572216194,1.012875651640601,0.438367286252726,0.8246981669064911,False
dmv.1219,300,2.606513441896292,1.0846915978833909,0.41614655825225877,0.8767177772741701,False
dmv.122,300,2.6706182540163206,1.1229644786507622,0.42048858048579024,0.8663379569276893,False
dmv.1220,300,2.4246719440475117,1.008627352775317,0.4159850800647334,0.8771058845930527,False
dmv.1221,300,2.4074401859143397,1.011221861577231,0.4200402849025184,0.8674046558698426,False
dmv.1222,300,3.1183758424739,1.3849077090119435,0.44411186430730404,0.8116788016450645,False
dmv.1223,300,1.4208318065225358,1.6500664096248823,1.1613383104530821,0.14957305600735077,False
dmv.1224,300,2.4222885929532127,1.0079759433644333,0.41612545519835287,0.876768489189432,False
dmv.1225,300,2.4450055418885674,1.0108952359049657,0.4134531470730866,0.8832110791049052,False
dmv.1226,300,2.4007444296032214,1.0000745782469298,0.4165685301255558,0.8757042927935704,False
dmv.1227,300,1.3224774495124711,1.812472731088492,1.3705131469399776,0.31518522952022177,False
dmv.1228,300,2.40473861811758,1.0000351629674333,0.41586023338796674,0.8774060526067087,False
dmv.1229,300,2.403487035861766,1.0009349015422337,0.41645113395976785,0.8759861496851338,False
dmv.123,300,2.4981086383308546,1.0370558823322413,0.4151364221794471,0.8791480846274508,False
dmv.1230,300,2.3637245016675714,1.0150913575385692,0.4294457145164074,0.8452599378244503,False
dmv.1231,300,2.4197572767464846,1.000114544529765,0.4133119276634563,0.8835526983031973,False
dmv.1232,300,2.439700829984231,1.017571943610444,0.41708882134414044,0.8744560790395138,False
dmv.1233,300,2.359474348107071,1.0303285652765977,0.4366771633280085,0.8285611135882167,False
dmv.1234,300,2.485289171807447,1.0412597042493912,0.41896923547617865,0.8699577854401879,False
dmv.1235,300,2.3203952710061984,1.004320534594147,0.43282303973953595,0.8374263187181018,False
dmv.1236,300,1.3041136793836146,1.8271390410772208,1.4010581055639357,0.3372277408445371,False
dmv.1237,300,3.640143369175627,1.549903347237766,0.4257808525791027,0.8538304956430536,False
dmv.1238,300,3.704596922536229,1.5280068598964351,0.4124623789975877,0.8856102797966863,False
dmv.1239,300,1.8769280076919994,1.2954258271077908,0.6901840783444518,0.3707969367609938,False
dmv.124,300,2.4542362550515464,1.023756099500679,0.41713836530345644,0.8743373009412517,False
dmv.1240,300,2.488407287328153,1.0306705779574443,0.41418886016207324,0.881433225210734,False
dmv.1241,300,8.798673788911401,3.642102855400099,0.41393770729289775,0.8820397819539803,False
dmv.1242,300,2.454593827982093,1.0212547479926588,0.4160585496266102,0.8769292843296866,False
dmv.1243,300,2.4003914749526576,1.0019716162826136,0.4174200861558947,0.8736621634175791,False
dmv.1244,300,3.938340807174888,1.6133180252583237,0.4096440872560275,0.8924665761466486,False
dmv.1245,300,2.3922957554064417,1.0009524724482934,0.4184066582011034,0.8713014528754813,False
dmv.1246,300,1.5564277525519272,1.5531653468340099,0.997903914452458,0.002098285409456724,False
dmv.1247,300,1.317790079323451,3.166984740524358,2.4032543500026025,0.8768237980121254,False
dmv.1248,300,2.2818023673101955,1.0344616172009533,0.45335285475244025,0.7910845278933761,False
dmv.1249,300,2.2822220195202045,1.0135451638689048,0.4441045416264909,0.8116952901511635,False
dmv.125,300,1.7742858577237812,1.3507928872792208,0.761316380558961,0.27270626433904027,False
dmv.1250,300,1.257476388364186,1.9207051740402699,1.527428420774452,0.4235855505888406,False
dmv.1251,300,2.592878391493312,1.0884580128332868,0.4197875289501769,0.8680065791588876,False
dmv.1252,300,2.4007175366217437,1.0003430853265205,0.41668504106242726,0.875424639776387,False
dmv.1253,300,2.572271455496892,1.0472917580217727,0.4071466702255438,0.898581789352362,False
dmv.1254,300,2.3516801869037574,1.0214598101831718,0.43435319813959683,0.8338972552560099,False
dmv.1255,300,2.3990333361590848,1.0041586870381207,0.4185680423456746,0.8709158160182005,False
dmv.1256,300,2.4012908369718766,1.0000560719431066,0.41646603424523837,0.8759503711322575,False
dmv.1257,300,1.057149084713871,2.560916209144076,2.422474035284452,0.8847893465765115,False
dmv.1258,300,1.768594415044773,1.3420753827696525,0.7588372842032735,0.27596790638344204,False
dmv.1259,300,2.379044345760181,1.0102516717675223,0.4246460027396902,0.8564993918707382,False
dmv.126,300,2.40253141732476,1.0014744064144447,0.4168413362642289,0.8750496181624705,False
dmv.1260,300,2.2539428056994244,1.070650139405109,0.47501211508021113,0.7444149698407305,False
dmv.1261,300,1.408529119250741,3.376133859094112,2.3969215921428924,0.8741852440882387,False
dmv.1262,300,2.417609233920919,1.003432535472962,0.4150515812870132,0.8793524742172183,False
dmv.1263,300,1.7981086218332656,1.3394024899692367,0.7448952047199718,0.29451173530220615,False
dmv.1264,300,2.4074329896742763,1.011175924325324,0.4200224590517617,0.8674470952016369,False
dmv.1265,300,2.217774623391241,1.086778655631117,0.49003115292630733,0.7132863124977948,False
dmv.1266,300,2.3928417498048096,1.0010028369473876,0.41833223489561816,0.871479341835336,False
dmv.1267,300,2.4158725649762385,1.012497448880423,0.4191021759835174,0.8696405320256555,False
dmv.1268,300,2.4229540657328297,1.008304143928414,0.4161466196113996,0.8767176298281921,False
dmv.1269,300,2.425883226472299,1.0072058368225651,0.4151913933166669,0.879015676351408,False
dmv.127,300,2.3947915131559556,1.0046192056415073,0.41950173955543146,0.8686876063482379,False
dmv.1270,300,2.4231085031096207,1.008189867512338,0.4160729353301798,0.8768947087756281,False
dmv.1271,300,2.4208364650478225,1.0090787182301675,0.416830600827154,0.875075372746733,False
dmv.1272,300,2.1693686482908827,1.0837827003171585,0.49958438422672274,0.6939787577710066,False
dmv.1273,300,2.4421970300016493,1.0160766956180527,0.41605025439629106,0.8769492221798315,False
dmv.1274,300,2.430714298807058,1.0071731670112338,0.4143527552808377,0.8810376020631518,False
dmv.1275,300,2.2059165939046195,1.1082141948373843,0.5023826367232549,0.6883932250876926,False
dmv.1276,300,2.269314772744209,1.0624927051937518,0.468199792269855,0.7588601676036503,False
dmv.1277,300,1.654439919030315,1.4561375060807524,0.8801392479300247,0.12767514774380617,False
dmv.1278,300,2.351037829665521,1.0239183888660441,0.4355176152191969,0.8312200352430722,False
dmv.1279,300,2.4440537859583378,1.013916746428985,0.41485042279109186,0.8798372507302822,False
dmv.128,300,2.4003725895544794,1.0021466607773784,0.41749629417463957,0.873479610959029,False
dmv.1280,300,2.402155230355416,1.0003949545104802,0.4164572471706854,0.8759714704933856,False
dmv.1281,300,1.6666821275343187,1.447052073978852,0.8682231902970087,0.14130646569588984,False
dmv.1282,300,2.095411967231087,1.1580467562758727,0.5526582716839855,0.5930154220269754,False
dmv.1283,300,2.555754187462872,1.068022905378662,0.41788952576808697,0.8725381738096221,False
dmv.1284,300,2.37614960147149,1.0114837530993084,0.42568184784027147,0.8540630477894451,False
dmv.1285,300,3.5459610027855155,9.355153203342619,2.638256087981147,0.9701181261495126,True
dmv.1286,300,2.669089597844034,1.1081258442143178,0.41516996848266546,0.8790672799904783,False
dmv.1287,300,2.195004651326067,1.085096733806112,0.49434826169984336,0.7045150269800751,False
dmv.1288,300,2.405238574906165,1.0049074191208982,0.4177994771932769,0.8727536811929656,False
dmv.1289,300,2.494594584224857,1.0449798775078112,0.4188976774486652,0.87012859544971,False
dmv.129,300,2.426634975522665,1.0117624809471915,0.4169405333528877,0.8748116732208941,False
dmv.1290,300,1.0976218486471034,2.194416619921468,1.9992464824076175,0.6927703507723272,False
dmv.1291,300,1.247068905075371,1.9629294727636182,1.5740344938237247,0.4536420645096768,False
dmv.1292,300,2.416885587315414,1.0091953172793315,0.41756023643647444,0.8733264662086658,False
dmv.1293,300,1.1839229486942027,1.9106591572799332,1.6138374202369148,0.47861483381799086,False
dmv.1294,300,2.258679465683431,1.0611984984467298,0.46983138358927456,0.7553814069678872,False
dmv.1295,300,2.291772448434793,1.0173297453549626,0.44390521670236766,0.812144215234703,False
dmv.1296,300,2.0755485893416927,1.1330312641594926,0.5458948395512433,0.6053289233417928,False
dmv.1297,300,1.9572171329537014,1.200956332540606,0.6136040362206533,0.4884054510161533,False
dmv.1298,300,2.405173524817399,1.0015601666131577,0.4164190883853989,0.8760631018285171,False
dmv.1299,300,2.412139013879816,1.003278570322574,0.4159290010026602,0.8772407039534514,False
dmv.13,300,2.0734630913532075,1.1723927737633055,0.5654273657691032,0.57017343417036,False
dmv.130,300,2.4071921184099594,1.0071397666156992,0.41838778006674127,0.8713465729993779,False
dmv.1300,300,2.4025410008811177,1.0017269429544393,0.41694478578599153,0.8748014741371442,False
dmv.1301,300,2.4247567874340357,1.007844649989788,0.4156477281403242,0.8779171848197508,False
dmv.1302,300,2.4142703243139,1.0102763890033446,0.41846034341264177,0.8711731524131414,False
dmv.1303,300,2.224299687889654,1.1040438879986965,0.49635572670793243,0.7004624183723227,False
dmv.1304,300,2.402191784298406,1.0010848595823258,0.41673810814181383,0.8752972925110537,False
dmv.1305,300,15.14792899408284,5.804988662131519,0.3832199546485261,0.9591461605237726,False
dmv.1306,300,2.3895827665520737,1.014464145628432,0.42453609886557775,0.85675823829371,False
dmv.1307,300,2.277755745267069,1.089209621993127,0.4781942156249139,0.7377383201730334,False
dmv.1308,300,2.5408855548923217,1.056483434790967,0.4157933964230589,0.8775667853027638,False
dmv.1309,300,2.2211772079833,1.082412542549815,0.4873148070579127,0.7188449436761729,False
dmv.131,300,2.383866574092622,1.0032203579269292,0.42083746163888713,0.8655085967138686,False
dmv.1310,300,2.1750229990800367,1.1076874273025272,0.5092761905373151,0.6747647955711406,False
dmv.1311,300,3.0254105322763305,1.329941815240051,0.4395905286412148,0.8219116020869264,False
dmv.1312,300,2.4025410008811177,1.0017269429544393,0.41694478578599153,0.8748014741371442,False
dmv.1313,300,2.2620216982022154,1.0644628712373236,0.4705803096775445,0.7537886444534251,False
dmv.1314,300,2.3920735798512314,1.001799268036655,0.41879952041398294,0.8703629451297181,False
dmv.1315,300,2.375103088627154,1.011941171928527,0.42606199990815746,0.8531704036121294,False
dmv.1316,300,2.2384353858509267,1.0733929760511427,0.47952823782005183,0.7349524962569342,False
dmv.1317,300,2.2582542825566403,1.0484219595128492,0.4642621371787671,0.7673059354642062,False
dmv.1318,300,2.4410418495009605,1.0168500740519877,0.41656396602125834,0.8757152492844494,False
dmv.1319,300,2.4357650456948985,1.0168095721130228,0.41744977575328396,0.8735910395244878,False
dmv.132,300,2.294687611895976,1.048617397113174,0.4569761006583194,0.7831241856078978,False
dmv.1320,300,1.6166419479629335,1.5130832614736036,0.9359421010819248,0.06620166223627522,False
dmv.1321,300,2.401997396004516,1.0000157479649596,0.41632674108156253,0.8762848917215363,False
dmv.1322,300,2.066007382888589,1.158696606752211,0.5608385605728954,0.5783221856882103,False
dmv.1323,300,2.402161995771137,1.000205822151906,0.4163773400431397,0.8761633624465242,False
dmv.1324,300,2.399337027352735,1.0023035471866362,0.4177418744262492,0.8728915625007125,False
dmv.1325,300,2.496368505803681,1.037874785921712,0.4157538374277713,0.8776619308187539,False
dmv.1326,300,2.0292526476754107,1.1882200023061038,0.5855456212745401,0.5352111804921668,False
dmv.1327,300,2.300409237076823,1.0479411205795177,0.4555455193316637,0.7862596346040098,False
dmv.1328,300,2.403683878703967,1.0105167094901921,0.4204033310882164,0.8665407163946136,False
dmv.1329,300,1.0712036703850305,2.183025404157044,2.0379181518043,0.7119287729559315,False
dmv.133,300,2.455891616100111,1.077927762917499,0.43891503837177426,0.823449419097827,False
dmv.1330,300,2.8859219700341194,1.0839392673074244,0.37559548683660676,0.9792425475971991,False
dmv.1331,300,2.4732195923862172,1.028177205112481,0.41572418732154415,0.8777332498563162,False
dmv.1332,300,2.3989023004384022,1.0000053420409203,0.41685955357922166,0.8750059158821503,False
dmv.1333,300,1.1346372163079177,2.0779940756857913,1.8314171664909196,0.605090075072769,False
dmv.1334,300,2.4288331163862353,1.0110366940693636,0.41626437289921553,0.8764347087960077,False
dmv.1335,300,2.3222483482765797,1.0381159249971283,0.4470305364917365,0.805128372402697,False
dmv.1336,300,2.9226350525543876,1.1809476017229121,0.404069471722363,0.9061684560955435,False
dmv.1337,300,4.202130557721393,1.7236873540541164,0.4101936697056806,0.8911258656772677,False
dmv.1338,300,2.4575552011006394,1.017446778787573,0.41400770095902617,0.8818707039795208,False
dmv.1339,300,1.5799186882035543,1.52075770653379,0.9625544136470509,0.03816468075889118,False
dmv.134,300,2.4401304238776023,1.005138236469081,0.41191988208229446,0.8869264095079005,False
dmv.1340,300,2.4002426430397747,1.0000001730418755,0.4166246174909344,0.8755696604682236,False
dmv.1341,300,2.3133653362181006,1.0349809540201145,0.44739191766057396,0.8043202952198744,False
dmv.1342,300,2.5260257730063604,1.0853543910366534,0.42966877164713735,0.8447406656218869,False
dmv.1343,300,2.290400884009927,1.0476126450327041,0.45739270026764606,0.7822129567082867,False
dmv.1344,300,4.1873623684854415,1.795964949102739,0.42890124881939345,0.8465285757839109,False
dmv.1345,300,4.133048224877504,1.751415542163463,0.4237587966240998,0.8585908615080162,False
dmv.1346,300,4.247024717729631,1.670668027129224,0.3933737470740052,0.9329951086703089,False
dmv.1347,300,2.2687035135962668,1.0621795236866571,0.46818789556284,0.7588855773931428,False
dmv.1348,300,7.349553571428571,3.0400714021913084,0.41364028068447617,0.8827585700937042,False
dmv.1349,300,2.403640667434012,1.004083524933507,0.4177344552941886,0.8729093227454898,False
dmv.135,300,2.363175097950083,1.0219535117191652,0.43244934012957836,0.8382900921191412,False
dmv.1350,300,2.3142228930698012,1.0218368868775305,0.4415464430576394,0.8174720706820633,False
dmv.1351,300,2.399627313850767,1.000546311569309,0.4169590443458059,0.8747672770048118,False
dmv.1352,300,2.4026676808334004,1.0007665812285487,0.4165230960618816,0.8758133661830778,False
dmv.1353,300,44.09029745042493,18.1980415083309,0.4127448114586379,0.8849257669244168,False
dmv.1354,300,2.3127088698005753,1.036537618337647,0.44819200197343795,0.8025335625459761,False
dmv.1355,300,2.2555101330781944,1.0696633047085777,0.4742445130356213,0.74603224000596,False
dmv.1356,300,2.411655546394691,1.014819032566696,0.4207976690882749,0.865603156812869,False
dmv.1357,300,2.4201194465632905,1.0048953374643657,0.41522551248095424,0.8789335027731285,False
dmv.1358,300,2.500645771893497,1.045288471503841,0.4180074136259392,0.8722561106674378,False
dmv.1359,300,2.5738086315657984,1.0705265379682096,0.41593089899498303,0.8772361407035032,False
dmv.136,300,1.2455832771409305,2.032156777825899,1.6314900939344998,0.4894937652795105,False
dmv.1360,300,1.895582329317269,1.2675847457627119,0.6687046646078713,0.402412774310417,False
dmv.1361,300,2.252298312081585,1.0599054030019022,0.47058837513505586,0.7537715052144306,False
dmv.1362,300,2.1046891131610033,1.1526837633014415,0.5476741225549657,0.6020748357890937,False
dmv.1363,300,2.240406144027113,1.0618641873748036,0.4739605763917924,0.7466311329152716,False
dmv.1364,300,2.4010492621187187,1.0003559296835622,0.41663282193587087,0.8755499680069301,False
dmv.1365,300,2.4577164053248017,1.0232403429921875,0.416337841410535,0.8762582295355698,False
dmv.1366,300,1.432512097467515,1.5871842795658362,1.107972688238906,0.10253193841741004,False
dmv.1367,300,2.436344145022965,1.0235191414520866,0.4201045010586708,0.867251786608852,False
dmv.1368,300,2.4603388403662003,1.0207433475261622,0.41487917468076607,0.8797679464900253,False
dmv.1369,300,1.9502652549137205,1.2252695320272788,0.6282578889923794,0.46480454554634076,False
dmv.137,300,2.413321661112949,1.0060762925365705,0.4168844579435794,0.8749461748488812,False
dmv.1370,300,2.241464353292069,1.0736783724966412,0.47900756080270257,0.7360388971390063,False
dmv.1371,300,2.109737033540219,1.1076899374944977,0.52503696900829,0.6442866017110374,False
dmv.1372,300,2.1922139211828067,1.1143859448364153,0.5083381389326957,0.6766084250153301,False
dmv.1373,300,2.344570512521206,1.0275975133360316,0.43828816742688487,0.8248786684381336,False
dmv.1374,300,2.400645035746245,1.0020294184328582,0.4174000751932805,0.8737101041922382,False
dmv.1375,300,2.4060431654676258,1.0562486182610618,0.4389981997915548,0.8232599666179823,False
dmv.1376,300,2.1707347852635865,1.1122050504993677,0.5123633978917032,0.6687211441969751,False
dmv.1377,300,2.1951349796091972,1.0985344325991153,0.5004404935475489,0.6922665813062063,False
dmv.1378,300,2.394241836613694,1.003727292004324,0.4192255254481519,0.8693462569699367,False
dmv.1379,300,1.3348811082553385,3.2352577469569854,2.4236298850505116,0.8852663688636841,False
dmv.138,300,2.4120258216291153,1.0518519593613933,0.4360865252474611,0.8299146029197421,False
dmv.1380,300,2.0188678809651894,1.187122457988623,0.5880139404769164,0.531004623070472,False
dmv.1381,300,2.4021417049852847,1.000519563035751,0.41651146598026373,0.875841288389787,False
dmv.1382,300,2.3098661322464786,1.0099434587638916,0.4372302986154713,0.8272952235817433,False
dmv.1383,300,2.400812273651688,1.0000805039039606,0.41655922659159694,0.8757266267846882,False
dmv.1384,300,1716.0,4472.333333333333,2.606254856254856,0.9579142698744549,True
dmv.1385,300,2.4129613511533896,1.0016065845248836,0.41509433379283844,0.8792494742383317,False
dmv.1386,300,2.317755367806997,1.0394434982298344,0.44846989145939514,0.8019137313768602,False
dmv.1387,300,2.397207431422797,1.0028606265241042,0.41834536860620514,0.8714479469216128,False
dmv.1388,300,2.3901078327919896,1.002302705472325,0.41935459635789374,0.8690384249395684,False
dmv.1389,300,2.399072968691851,1.0016322032702103,0.4175080192814531,0.8734515270159275,False
dmv.139,300,1.4811320405389894,1.626258762587626,1.0979836490444326,0.09347545139579566,False
dmv.1390,300,2.414416992419498,1.0002426321450695,0.41427915529318815,0.8812152442391383,False
dmv.1391,300,2.402389154877999,1.0004490218578233,0.4164392017115267,0.8760148023125709,False
dmv.1392,300,2.388755952078582,1.0030913523529812,0.4199220734458615,0.867686124333905,False
dmv.1393,300,2.3996266556859513,1.0023311909980734,0.4177029741785184,0.8729846871344303,False
dmv.1394,300,2.3970979202523006,1.0062155577630651,0.4197640610597828,0.8680624849321108,False
dmv.1395,300,2.4281926262922084,1.0105709270888854,0.41618235561154915,0.8766317599348318,False
dmv.1396,300,2.423610593559563,1.0082691134256756,0.41601943649900797,0.8770232974589444,False
dmv.1397,300,2.429592595040252,1.0136241943815179,0.417199244206918,0.8741913674417291,False
dmv.1398,300,2.4174706810030564,1.0049746724216029,0.4157132826134706,0.8777594808321104,False
dmv.1399,300,2.396635397372317,1.0010495210499781,0.4176895334799502,0.8730168652984579,False
dmv.14,300,2.311645569620253,1.0737292982392095,0.46448699244823977,0.7668217244610556,False
dmv.140,300,2.400942405554124,1.0001124681180742,0.4165499621334123,0.875748867466487,False
dmv.1400,300,2.0632040694441582,1.1249812842498228,0.5452593376053687,0.6064937486818481,False
dmv.1401,300,2.4595409688273078,1.0376121470889865,0.42187227626613305,0.8630526736342395,False
dmv.1402,300,2.6482674525399696,1.0946661813691838,0.4133518237817267,0.8834561750959521,False
dmv.1403,300,2.4039017274933765,1.0008356812514885,0.41633801823300454,0.8762578048265609,False
dmv.1404,300,2.3921302951610284,1.0025731149320631,0.41911308801202823,0.8696144956863517,False
dmv.1405,300,2.4054426710439003,1.0001700953744224,0.4157946092061193,0.8775638685145171,False
dmv.1406,300,1.8649085228452358,1.2198493553887761,0.6541068049427369,0.4244846305486202,False
dmv.1407,300,2.4084338156928515,1.0031775610044928,0.41652693732665497,0.8758041440124531,False
dmv.1408,300,2.407111676973445,1.0012266742752896,0.4159452525003621,0.8772016319479519,False
dmv.1409,300,2.4247647365142506,1.006806651382086,0.4152182833331009,0.8789509130973189,False
dmv.141,300,2.061348771795677,1.1552988401438724,0.5604577235794365,0.5790014655778972,False
dmv.1410,300,2.3879574041681684,1.0043743207540745,0.42059976404978744,0.8660735766985085,False
dmv.1411,300,2.413814600523949,1.0087971305945136,0.4179265177928501,0.8724496566650368,False
dmv.1412,300,2.504598087098087,1.0369774499693312,0.4140294825389764,0.8818180938301475,False
dmv.1413,300,2.4023968114892242,1.0000574637106958,0.41627488803182733,0.8764094484074451,False
dmv.1414,300,2.3264646003692535,1.0263602112104542,0.4411673450984604,0.8183310081713672,False
dmv.1415,300,2.112021790197843,1.1316249308792163,0.5358017308965414,0.6239910913868478,False
dmv.1416,300,2.3991466358484126,1.00038629975901,0.41697588834758426,0.8747268805635061,False
dmv.1417,300,2.40095106247591,1.0001398290779506,0.4165598560957698,0.875725115586143,False
dmv.1418,300,2.260953975731017,1.0628035859128493,0.4700686512511698,0.7548765284528536,False
dmv.1419,300,2.181938911022576,1.1233691496168672,0.5148490381384668,0.6638815511175663,False
dmv.142,300,2.1348352042646983,1.1025847269409463,0.5164729927342142,0.6607322807843059,False
dmv.1420,300,2.2888107300259444,1.053844246746532,0.4604331117997627,0.7755876850859179,False
dmv.1421,300,2.4642801396725185,1.0180276093565543,0.41311358760203354,0.8840326933216645,False
dmv.1422,300,3.7213705077010837,1.5181888263443442,0.4079649750549083,0.8965739537165633,False
dmv.1423,300,2.4231466338699033,1.0130355546759495,0.41806613785401586,0.8721156344424232,False
dmv.1424,300,2.793373949747143,1.159561631155264,0.41511149313189083,0.8792081366844424,False
dmv.1425,300,2.417920422287426,1.0043654575575185,0.4153840003581914,0.8785518845115731,False
dmv.1426,300,2.402678046522695,1.0014116260046755,0.416789768173052,0.8751733373734458,False
dmv.1427,300,2.0427684441197953,1.1756315817703957,0.5755089790791053,0.5525004487193149,False
dmv.1428,300,2.400812273651688,1.0000805039039606,0.41655922659159694,0.8757266267846882,False
dmv.1429,300,1.1190105649395836,2.6376795090782563,2.3571533564749383,0.8574546861033965,False
dmv.143,300,2.4281670972858205,1.0127420332817534,0.41708086499227576,0.8744751551387662,False
dmv.1430,300,1.844360041274129,1.2909997919066467,0.6999716774468788,0.35671540554746534,False
dmv.1431,300,2.3950703151433097,1.0009279595158793,0.41791172191785464,0.8724850603455434,False
dmv.1432,300,2.4258639910813824,1.0197525712739084,0.4203667538753198,0.8666277252299037,False
dmv.1433,300,1.2949946721922172,1.8297326342527762,1.4129267660656348,0.3456632736724964,False
dmv.1434,300,2.4072988147939216,1.002884694106926,0.41660166488005296,0.8756247538117075,False
dmv.1435,300,1.2643485915492958,1.9199331615957669,1.5185156802706894,0.41773333160819814,False
dmv.1436,300,2.23419018382217,1.064778547755348,0.47658366573510064,0.7411119873867644,False
dmv.1437,300,3.2229169537985634,1.325419807138107,0.41124851373410454,0.8885575909295005,False
dmv.1438,300,2.3966438472745786,1.0030217206945404,0.4185109614159647,0.8710521972427726,False
dmv.1439,300,22.763546798029555,10.268888888888888,0.45111111111111113,0.7960416037225779,False
dmv.144,300,2.4356123572461734,1.0183872976900787,0.4181237193432205,0.8719779109606085,False
dmv.1440,300,2.206830025188399,1.0921075147402057,0.4948761355768538,0.7034477788843578,False
dmv.1441,300,2.375158911418533,1.0024314817597775,0.4220481740992598,0.8626358148281807,False
dmv.1442,300,2.401912035565902,1.00148202826426,0.41695200050417586,0.874784170513235,False
dmv.1443,300,2.4956512432492235,1.0382797099336412,0.4160355789865288,0.8769844959681237,False
dmv.1444,300,2.3520525830258303,1.0104680163275117,0.429611150541363,0.844874780488004,False
dmv.1445,300,1.0494371023005384,2.386441507586882,2.2740205223880596,0.8215494200844811,False
dmv.1446,300,2.4440742865254483,1.0220576520004043,0.41817781793097,0.8718485351663195,False
dmv.1447,300,2.425353582193369,1.0030237415814656,0.413557738115191,0.8829581415812636,False
dmv.1448,300,2.4567922846334693,1.0210762111464287,0.4156135695854173,0.8779993696995705,False
dmv.1449,300,2.4136051733532575,1.0073972494501708,0.4173827851266075,0.8737515282978287,False
dmv.145,300,2.418931622870771,1.0043502252462897,0.4152040577543626,0.8789851741667432,False
dmv.1450,300,2.403556549254805,1.0012272107825353,0.41656070504892184,0.8757230775782203,False
dmv.1451,300,1.533585815763194,1.5641524965598586,1.0199315098525823,0.01973547783835461,False
dmv.1452,300,2.4237188967156915,1.008212570962246,0.4159775179904091,0.877124063473551,False
dmv.1453,300,2.3972427970457026,1.0015756075006785,0.41780315649920535,0.8727448748398495,False
dmv.1454,300,2.4063328655213416,1.001688036567226,0.4162716018717578,0.8764173426454471,False
dmv.1455,300,2.2427208150371714,1.0738462162456144,0.47881404098343655,0.7364429803660673,False
dmv.1456,300,2.421796206828547,1.0061884014773947,0.41547195368475887,0.8783401671218907,False
dmv.1457,300,2.4027778288060233,1.0001648977269753,0.41625359021394515,0.8764606125860729,False
dmv.1458,300,2.4661349070423904,1.0335426067272477,0.41909410704816813,0.8696597851183089,False
dmv.1459,300,2.0275368950920947,1.1919948239639935,0.5879029017175299,0.5311934778529397,False
dmv.146,300,2.3994497383570006,1.0001159834340023,0.41681055762344155,0.8751234586731851,False
dmv.1460,300,2.2000168987524686,1.0948382825378136,0.4976499422157382,0.6978583764043318,False
dmv.1461,300,2.4007883799027154,1.0001437306255,0.41658970819661656,0.8756534547412264,False
dmv.1462,300,2.4008366866535242,1.0017405948946339,0.41724645431461604,0.8740782142243729,False
dmv.1463,300,2.4064320839331392,1.007244024095403,0.41856324590267907,0.8709272752553904,False
dmv.1464,300,2.0518783035043717,1.1464996305223103,0.5587561545751621,0.5820421182154029,False
dmv.1465,300,2.401896563801018,1.0005326516942148,0.416559425069856,0.875726150314119,False
dmv.1466,300,2.0245966846636967,1.1950833341140539,0.5902821747989614,0.5271545940422467,False
dmv.1467,300,2.378966630512689,1.0070254395565574,0.42330372634925706,0.8596653284010292,False
dmv.1468,300,2.46167145251279,1.0263822394030178,0.41694525821279765,0.8748003410697583,False
dmv.1469,300,2.4903547804801547,1.0551269022305607,0.42368537627683966,0.8587641362788899,False
dmv.147,300,2.4011751376607844,1.0012740443401562,0.41699334156674367,0.8746850247766595,False
dmv.1470,300,2.4022884887933653,1.003895164353449,0.4178911771157389,0.8725342221805732,False
dmv.1471,300,2.40237357762861,1.003860522117369,0.4178619559695136,0.8726041498783119,False
dmv.1472,300,2.438571461132785,1.0165844648996893,0.41687704506615414,0.8749639566183648,False
dmv.1473,300,2.407824151994806,1.004506025778639,0.41718413072085747,0.8742275941608041,False
dmv.1474,300,2.402060805871008,1.0010764917889874,0.4167573482495538,0.8752511252342058,False
dmv.1475,300,2.179996276397681,1.125168520133962,0.5161332302792915,0.6613903486123159,False
dmv.1476,300,2.3920136225446686,1.0009779905945007,0.41846667642705215,0.871158018442651,False
dmv.1477,300,2.1117339312406576,4.997384155455904,2.3664838081755444,0.8614052282429534,False
dmv.1478,300,2.292513725630307,1.0183251037037229,0.44419585903405795,0.8114896898658979,False
dmv.1479,300,2.4027490585961937,1.0016076579929134,0.4168590366977826,0.8750071558243682,False
dmv.148,300,2.400633991971009,1.0005094933385714,0.4167688605113503,0.875223502199258,False
dmv.1480,300,2.3007619938839965,1.0543997327222745,0.45828283652334917,0.7802687384774178,False
dmv.1481,300,1.706235088248495,1.429851849406322,0.8380157337369675,0.17671840333386524,False
dmv.1482,300,1.486767529024591,1.6276765813542386,1.0947754437589126,0.09054926804510283,False
dmv.1483,300,2.7883008439003425,1.161569031356802,0.4165866943295728,0.8756606893845374,False
dmv.1484,300,2.48857814013833,1.0353642409588757,0.4160465063400919,0.8769582308826077,False
dmv.1485,300,2.4344458776738684,1.0008241636837687,0.41110963807503653,0.8888953407531818,False
dmv.1486,300,2.4004158291121414,1.0000466256499096,0.4166139106072317,0.8755953599128418,False
dmv.1487,300,1.8286155510437652,1.3330318242158976,0.7289841888608075,0.3161032360141611,False
dmv.1488,300,2.3196851500456814,1.0389002560979244,0.4478626144920854,0.8032687576783628,False
dmv.1489,300,2.397076030315382,1.002768011069214,0.4183296643024212,0.8714854867146462,False
dmv.149,300,2.4276660809181076,1.016676864467441,0.41878777005565315,0.8703910027625507,False
dmv.1490,300,2.3804731350217856,1.0505350245762195,0.441313539363512,0.8179996825438934,False
dmv.1491,300,2.4001620810199933,1.0018524465182526,0.417410330094248,0.8736855359767415,False
dmv.1492,300,12.602107856556255,5.553890003166895,0.4407111942211699,0.8193655064557295,False
dmv.1493,300,1.3558709849393575,1.7598372177605646,1.2979385482161305,0.26077727372212556,False
dmv.1494,300,7.7998161426732855,3.1432508928174503,0.40299038276306626,0.9088425814317047,False
dmv.1495,300,2.4033977126181183,1.0036954752839684,0.41761522448592264,0.8731947859759469,False
dmv.1496,300,1.672355224846328,3.7786315108379167,2.259467040673212,0.8151289627626785,False
dmv.1497,300,2.400073765402825,1.0000085422665308,0.41665741973505166,0.8754909302360361,False
dmv.1498,300,2.3616270563855104,1.0308927090279245,0.4365179956083812,0.828925677499872,False
dmv.1499,300,2.3986270149366478,1.002532498476814,0.4179609802749148,0.8723671994392405,False
dmv.15,300,2.4568631859218506,1.0271449515347706,0.41807169297030716,0.8721023468812422,False
dmv.150,300,9.245669156570534,3.9445044255634314,0.4266326599800759,0.8518319170847475,False
dmv.1500,300,2.246520454253437,1.0603327288357658,0.47198890480974287,0.7507998004318892,False
dmv.1501,300,2.2462937151545868,1.0510957397300842,0.46792444489288404,0.7594484386343119,False
dmv.1502,300,2.361790733992712,1.018929064134236,0.43142224646283167,0.8406679782926169,False
dmv.1503,300,2.4240552704577127,1.0082296983695131,0.41592686052044436,0.8772458502349526,False
dmv.1504,300,2.402220981308351,1.0013159325808552,0.4168292344343343,0.8750786508051495,False
dmv.1505,300,2.3690213341429085,1.0144539155870056,0.42821645418150117,0.8481264771717861,False
dmv.1506,300,2.3515164220283453,1.0231095120271971,0.4350849955556315,0.8322138748980881,False
dmv.1507,300,2.6287308295914418,1.0975320619401374,0.41751405263151886,0.8734370762600283,False
dmv.1508,300,2.4207208665645292,1.0056171995756331,0.41542055239222947,0.8784638926151862,False
dmv.1509,300,2.446867243159336,1.0336501730606842,0.42243819150811796,0.8617121351751472,False
dmv.151,300,2.4219916707529663,1.007560004974271,0.4160047357475154,0.8770586347772207,False
dmv.1510,300,2.3999638205499276,1.0000624299556555,0.41669896078954277,0.875391234462424,False
dmv.1511,300,2.182055875966244,1.1055760420807088,0.5066671547038843,0.679900990579038,False
dmv.1512,300,1.8757958481096664,1.267482227553649,0.6757037173480016,0.392000586962152,False
dmv.1513,300,2.399835423952695,1.0001422263189015,0.41675450588674035,0.8752579454438988,False
dmv.1514,300,2.648158548439356,1.1028121312797694,0.416444903546161,0.8760011105285678,False
dmv.1515,300,2.239491072347371,1.0744435770859926,0.47977131516750876,0.7344457153418336,False
dmv.1516,300,2.577815790249801,1.0724241502174148,0.41602047526968267,0.8770208005338329,False
dmv.1517,300,2.53373124082302,1.0538800094861684,0.4159399357383467,0.8772144143897854,False
dmv.1518,300,2.4419486468799323,1.0339168748866943,0.42339828735044266,0.8594419652814222,False
dmv.1519,300,1.5431313677038034,1.5517724621238935,1.0055997140625481,0.005584093948740931,False
dmv.152,300,2.4509524483942924,1.0111940163747928,0.4125718624354636,0.8853448764157832,False
dmv.1520,300,2.4129567065127926,1.017409323114365,0.4216442509591173,0.8635933276824068,False
dmv.1521,300,2.4027826577961946,1.000700766976103,0.416475773923695,0.8759269849164101,False
dmv.1522,300,2.503738765436108,1.0425183186042646,0.41638462166905654,0.8761458745538205,False
dmv.1523,300,7.670308088867068,3.2256232901460797,0.4205337325143241,0.8662305827763039,False
dmv.1524,300,2.40203171334103,1.0002871664073367,0.4164337884681876,0.8760278012773661,False
dmv.1525,300,2.389871468518749,1.0018531928414145,0.4192079808636599,0.8693881078367317,False
dmv.1526,300,6.37716894977169,2.634860389754517,0.4131708616327074,0.8838940630211216,False
dmv.1527,300,2.611718684771214,1.0889012115502559,0.41692898163174236,0.8748393795249104,False
dmv.1528,300,2.454667135062544,1.0224475855027924,0.4165320710487049,0.8757918190222703,False
dmv.1529,300,3.736673986823717,1.592936170212766,0.42629787234042554,0.8526169462146882,False
dmv.153,300,2.8256658595641646,1.186940602115541,0.42005695687550854,0.8673649652907922,False
dmv.1530,300,1.7872579387693028,1.3386717617204902,0.7490087091974498,0.2890046677655639,False
dmv.1531,300,2.400618500716126,1.0000903210854142,0.41659693982491525,0.8756360957777432,False
dmv.1532,300,2.047195292097449,1.1969934600547836,0.5846992051395383,0.5366577432344133,False
dmv.1533,300,2.4197722366905263,1.010628074845979,0.41765421535218317,0.8731014248054569,False
dmv.1534,300,1.6899706196581197,1.3970612123048016,0.8266778108766332,0.1903402476829324,False
dmv.1535,300,1.6679588223416664,1.4564577964175378,0.8731976934375395,0.13559329581517426,False
dmv.1536,300,13.625,3.694915254237288,0.2711864406779661,1.3049487216659381,False
dmv.1537,300,2.454914048382771,1.0236575676022044,0.41698305823642234,0.8747096857390663,False
dmv.1538,300,2.071510930090707,1.2020338068624359,0.5802691114981475,0.5442632977079525,False
dmv.1539,300,2.1261987073500674,1.1228839120763112,0.5281180485128733,0.6384354435365013,False
dmv.154,300,2.2953494998598916,1.0491908235380454,0.45709414779844554,0.7828658966175674,False
dmv.1540,300,2.2369998955395385,1.0886769897454096,0.4866683239083627,0.7201724476625064,False
dmv.1541,300,2.375768567257929,1.0269787186505055,0.43227220563652236,0.8386997835311361,False
dmv.1542,300,2.3251765190872313,1.0365972812440651,0.44581444580000773,0.8078524543382187,False
dmv.1543,300,2.4035450419159963,1.0007571250540133,0.4163671192349511,0.8761879097324896,False
dmv.1544,300,2.474141534645021,1.0285756089959233,0.41573030264960115,0.877718539903743,False
dmv.1545,300,2.4274700033945815,1.009427059173974,0.41583502896529645,0.8774666623608312,False
dmv.1546,300,2.2761527355523667,1.0614742199784029,0.4663457787338726,0.762827905562738,False
dmv.1547,300,2.2290308671722423,1.021460106504028,0.45825301100466886,0.7803338216245119,False
dmv.1548,300,6.268475728766606,2.536707041779834,0.404676854715837,0.9046664199494441,False
dmv.1549,300,2.4714135540571256,1.0307347287550581,0.4170628291096736,0.8745183992050642,False
dmv.155,300,2.4059874473318468,1.0013182157386677,0.41617765580992266,0.8766430526484702,False
dmv.1550,300,2.4011631681184076,1.0002499664573443,0.416568927817245,0.8757033381091173,False
dmv.1551,300,1.3155225792676417,3.069072275008007,2.3329681476973017,0.8471413400088004,False
dmv.1552,300,2.4000518767789982,1.0048571807779452,0.41868144205554375,0.8706449297108921,False
dmv.1553,300,2.400105154213064,1.000069372906032,0.41667731563783517,0.8754431801496837,False
dmv.1554,300,2.401803408619637,1.0002142830578324,0.4164430275468195,0.8760056153347283,False
dmv.1555,300,2.5420189544276326,1.0590593688687189,0.41662135013748525,0.8755775029386971,False
dmv.1556,300,2.400942405554124,1.0001124681180742,0.4165499621334123,0.875748867466487,False
dmv.1557,300,2.407544932060138,1.0018171138327894,0.41611564564883685,0.8767920630059773,False
dmv.1558,300,1.9512398764298238,1.2120325203252031,0.621160183822634,0.47616628534675676,False
dmv.1559,300,2.2862960398324925,1.066930837293489,0.4666634673310542,0.762146907789567,False
dmv.156,300,1.6267074707039295,1.488727474978337,0.9151783598400246,0.08863630391585109,False
dmv.1560,300,2.0758860319666437,1.1295527584359937,0.544130429629551,0.6085663005156741,False
dmv.1561,300,1.5650368681817124,1.5037193921153347,0.9608204271011088,0.03996774792913743,False
dmv.1562,300,2.2315734382586436,1.0714461307194345,0.48013034765080936,0.7336976543394403,False
dmv.1563,300,1.669779878759023,1.4312671688871124,0.8571591903184431,0.15413162463729257,False
dmv.1564,300,2.7213694429681654,1.1375762377748548,0.4180160987381831,0.8722353334713046,False
dmv.1565,300,2.423817101771189,1.0081235568814249,0.41592393920512605,0.8772528738870768,False
dmv.1566,300,2.418461726965601,1.007976700270658,0.41678422653202285,0.8751866334720872,False
dmv.1567,300,2.5271473515177276,1.0506439147795699,0.41574303696560677,0.8776879091777777,False
dmv.1568,300,2.4194380940433846,1.0047394003282937,0.4152779948377042,0.8788071159334405,False
dmv.1569,300,2.758123552700381,1.0541898643825838,0.3822127052105639,0.9617780054193101,False
dmv.157,300,2.430652496221836,1.008983929692019,0.41510826054335875,0.8792159239926046,False
dmv.1570,300,2.401617361443168,1.0006660115947374,0.41666338179426804,0.875476621078733,False
dmv.1571,300,2.4410205032321466,1.0225398497165143,0.4188985091942378,0.8701266098938292,False
dmv.1572,300,2.316172436693327,1.016916824573651,0.43905056828387423,0.8231406828280936,False
dmv.1573,300,2.3980466131369558,1.000342846013555,0.41714904144626985,0.8743117075001243,False
dmv.1574,300,2.4199974999218727,1.0059042447185007,0.41566334045839937,0.8778796241071205,False
dmv.1575,300,2.4108084421136637,1.0007174682459343,0.41509621866454083,0.8792449334212944,False
dmv.1576,300,2.1071261190891066,1.2209821237620797,0.5794537463613713,0.5456694358479353,False
dmv.1577,300,1.843347116715044,1.3282566708933796,0.7205678511925705,0.3277156956065197,False
dmv.1578,300,2.3857988165680473,1.0039304768878992,0.4207942723066839,0.8656112290897622,False
dmv.1579,300,2.400812273651688,1.0000805039039606,0.41655922659159694,0.8757266267846882,False
dmv.158,300,2.2230708520110145,1.0797358082431023,0.4856956346066799,0.7221731175096595,False
dmv.1580,300,1.20135336319521,2.0213251888590076,1.6825400841954932,0.5203046064404689,False
dmv.1581,300,4.267800212539851,10.538788522848034,2.4693725099601593,0.90396407381456,True
dmv.1582,300,2.3996360396762046,1.000170767496849,0.41680102772244043,0.8751463228012011,False
dmv.1583,300,2.247132068405942,1.1262903241485909,0.5012123408249665,0.6907254337075549,False
dmv.1584,300,8.348480662983425,3.723005851555282,0.4459501077918079,0.8075481991571845,False
dmv.1585,300,2.0610932475884245,4.538049303322615,2.201768070722829,0.7892607061060306,False
dmv.1586,300,2.422645674780689,1.0000431644325076,0.41278969303797886,0.884817033542249,False
dmv.1587,300,4.778301886792453,2.0758196721311477,0.43442622950819676,0.8337291311811347,False
dmv.1588,300,59.912399100172024,24.15095748653118,0.4031044967194751,0.9085594535764714,False
dmv.1589,300,2.394306530480068,1.0037095437362282,0.41920678532960454,0.8693909597284292,False
dmv.159,300,2.4031431421853555,1.0007662182559542,0.416440536016462,0.8760115982367005,False
dmv.1590,300,1.8486756966612026,1.3622985501835605,0.7369051005776391,0.30529615956447326,False
dmv.1591,300,2.101662409244381,1.1530041026034277,0.5486152759509896,0.6003578555309282,False
dmv.1592,300,2.2302623801494517,1.0671111731064304,0.4784688934379651,0.7371640786913727,False
dmv.1593,300,2.2157296063171765,1.0788436550789873,0.4869022158674687,0.7196919648334767,False
dmv.1594,300,2.4238870794127694,1.008427933124232,0.41603750508400006,0.8769798663327992,False
dmv.1595,300,2.400817046834824,1.0015348074279264,0.4171641519908085,0.8742754847850598,False
dmv.1596,300,3.205523402113739,1.4109877329493534,0.4401738985960735,0.8205854060683103,False
dmv.1597,300,2.404254559484938,1.0012916413803372,0.4164665664998649,0.875949093106578,False
dmv.1598,300,1.176327028676022,2.9225137278828552,2.4844398340248963,0.91004721523447,False
dmv.1599,300,1.4996407606531705,1.5920303183126168,1.0616077930685253,0.059784544879795676,False
dmv.16,300,2.3887035625956137,1.0001974728860663,0.4187197978635873,0.870553322948824,False
dmv.160,300,2.394621423273678,1.00312486084888,0.4189074945623395,0.8701051601356232,False
dmv.1600,300,1.6193571950328707,1.50390184491858,0.9287029751876656,0.07396631660062664,False
dmv.1601,300,1.7331927234379119,1.380412197632194,0.7964562618830107,0.2275830640299329,False
dmv.1602,300,2.5510211019602647,1.0547916519492577,0.4134782151110906,0.8831504500390405,False
dmv.1603,300,2.4001074802838924,1.0050707508854015,0.4187607259848707,0.8704555818786727,False
dmv.1604,300,1.5729904862216217,1.5210879501586654,0.9670039097390677,0.03355274037355427,False
dmv.1605,300,2.394758538116239,1.000823340721919,0.4179224438674243,0.8724594046592623,False
dmv.1606,300,1.917086534828064,1.21834020488729,0.6355165417697528,0.4533171591559812,False
dmv.1607,300,2.3994178589913417,1.002372857106419,0.41775668766914686,0.8728561028516568,False
dmv.1608,300,2.392204532173806,1.0051625001377482,0.42018250806688046,0.8670661190748152,False
dmv.1609,300,2.401762578079184,1.001883679128029,0.41714517840863696,0.8743209681123664,False
dmv.161,300,1.2279389850713918,1.9804509951017166,1.6128252455365883,0.47798745200689374,False
dmv.1610,300,1.4965196685507451,1.6341455732146966,1.0919639798635128,0.08797789130570688,False
dmv.1611,300,2.42610229713304,1.0094550828148388,0.41608100532600223,0.876875313335846,False
dmv.1612,300,3.428615734518764,1.4255523397426713,0.4157807261369172,0.8775972583196577,False
dmv.1613,300,2.401122490879808,1.0017545023387437,0.4172025817690315,0.8741833675500471,False
dmv.1614,300,2.4008095229247726,1.0002619479728974,0.4166352800676723,0.8755440680287704,False
dmv.1615,300,2.402652997901653,1.0017027326168055,0.4169152738625338,0.8748722580129961,False
dmv.1616,300,1.8103428427681536,1.3361548389527929,0.7380672916681954,0.3037202774161944,False
dmv.1617,300,2.625099285146942,1.2987897125567323,0.49475832015398663,0.7036858777555957,False
dmv.1618,300,2.3811813878537618,1.0506137865911238,0.4412153529967228,0.8182221939382381,False
dmv.1619,300,2.4070535626957765,1.0036450021448171,0.4169599786640336,0.8747650362159535,False
dmv.162,300,1.6167078356290263,1.4812461031057624,0.9162113713201875,0.08750818621141948,False
dmv.1620,300,2.441727620112919,1.0181355027125654,0.41697341436694774,0.874732813731454,False
dmv.1621,300,2.5046631597944002,1.0446498006963196,0.417081952362038,0.8744725480463865,False
dmv.1622,300,2.29695420504519,1.0503112798798295,0.45726261219002656,0.7824974093905701,False
dmv.1623,300,2.5140452070145454,1.057522981918736,0.4206459688823796,0.8659637280993898,False
dmv.1624,300,2.1113931515454536,1.1615531740489997,0.550135901122342,0.5975899383283428,False
dmv.1625,300,2.4469942897974017,1.0089799142520421,0.41233439671638156,0.8859206163207896,False
dmv.1626,300,2.3335703768154743,1.016147594173386,0.43544758892597873,0.831380836829716,False
dmv.1627,300,2.416536510135019,1.0037194422665834,0.4153545531205331,0.8786227786275311,False
dmv.1628,300,2.5674825564133017,1.0584349515751466,0.4122462093973286,0.8861345124971859,False
dmv.1629,300,2.453136491565287,1.018904220721263,0.4153475455705789,0.8786396500185278,False
dmv.163,300,2.4001053357608653,1.0003073623849443,0.4167764420505459,0.8752053111323237,False
dmv.1630,300,2.3862397976681113,1.0009373743950436,0.4194621912572168,0.8687818852481799,False
dmv.1631,300,1.243796562445005,1.8042887012844095,1.45063007549853,0.37199799687613844,False
dmv.1632,300,2.4037019064578358,1.0010185577853254,0.41644870984042076,0.8759919705995334,False
dmv.1633,300,2.35762517968504,1.0116536507730256,0.4290985944204136,0.8460685626357616,False
dmv.1634,300,2.460184236026509,1.0199484399417036,0.41458213779511166,0.8804841628918857,False
dmv.1635,300,2.4540489257615556,1.0212270439912974,0.41613964304904144,0.8767343946425866,False
dmv.1636,300,2.417815248586742,1.007825594409901,0.41683316994505426,0.8750692093077295,False
dmv.1637,300,2.4245507114401113,1.0063482572009608,0.41506587280379864,0.8793180416999488,False
dmv.1638,300,1.314695009242144,1.7493848857644991,1.3306393296289547,0.28565952570406383,False
dmv.1639,300,1.5142514251425143,3.472397239723972,2.2931444422429164,0.8299239945838809,False
dmv.164,300,1.48291543604256,1.6011758431320262,1.0797485845889274,0.07672822198856427,False
dmv.1640,300,2.4020494623107895,1.0002494577984788,0.4164150128849684,0.8760728888927698,False
dmv.1641,300,2.4082605461400592,1.0018929729986965,0.41602349654588766,0.8770135382344657,False
dmv.1642,300,2.4095514463696412,1.0030724201233432,0.41629010313709036,0.8763728984553666,False
dmv.1643,300,1.8229475929713443,1.289457572421697,0.7073475822307781,0.34623310414937003,False
dmv.1644,300,2.325974363924821,1.0228144063382307,0.43973588969929406,0.8215809829758169,False
dmv.1645,300,2.522132043775162,1.048253033494157,0.4156217895416441,0.8779795920129339,False
dmv.1646,300,2.4001707367767353,1.0005339747461253,0.41685950062443217,0.8750060429148461,False
dmv.1647,300,2.1842837441341714,1.086745239885047,0.4975293355560919,0.6981007581800192,False
dmv.1648,300,2.382505741702818,1.0028046278987521,0.42090334153068204,0.8653520642238638,False
dmv.1649,300,2.3036375034685466,1.0422858107513673,0.4524521801637696,0.7930732006226853,False
dmv.165,300,2.4797387100029664,1.0315837255356466,0.41600500946908736,0.8770579768003794,False
dmv.1650,300,2.4086727749536823,1.0110654045593548,0.41976038217926764,0.8680712491331889,False
dmv.1651,300,2.344570512521206,1.0275975133360316,0.43828816742688487,0.8248786684381336,False
dmv.1652,300,2.0286645137321027,1.185489892230753,0.5843696107494016,0.537221601228724,False
dmv.1653,300,2.379391811284688,1.0060641614994847,0.42282408333425664,0.8607990650797845,False
dmv.1654,300,2.402583587125431,1.0006802445744525,0.4165017400171769,0.8758646396716567,False
dmv.1655,300,6.847620693628298,2.873398443165885,0.4196199777595127,0.8684057921550785,False
dmv.1656,300,2.423640488815949,1.0146695317739485,0.41865513324117537,0.8707077689923788,False
dmv.1657,300,2.3162488079861907,1.048633295984574,0.4527291249407201,0.7924612905356558,False
dmv.1658,300,1.5848385133945013,1.5315130879340437,0.9663527703234306,0.034226324763823646,False
dmv.1659,300,2.3969626815215266,1.0086557693940015,0.42080578774540384,0.8655838635054016,False
dmv.166,300,13.459388971684053,5.7241324671209,0.4252891776263667,0.8549859234926673,False
dmv.1660,300,1.6473607038123168,3.8192815249266863,2.3184245660881175,0.8408878886669092,False
dmv.1661,300,2.0472385928671244,1.2003346144143876,0.5863188680579426,0.5338914939538963,False
dmv.1662,300,2.4519349158489376,1.0227507965022444,0.4171198794435111,0.8743816178181055,False
dmv.1663,300,2.4011179643251905,1.0008038385294649,0.4168074427824834,0.8751309317386818,False
dmv.1664,300,2.442124826499165,1.0161335376927139,0.4160858309398385,0.8768637156282086,False
dmv.1665,300,2.514512811728575,1.0462054745654061,0.416066869767191,0.8769092870062374,False
dmv.1666,300,1.5784206238756322,3.7605342656393197,2.3824665040208077,0.8681362972745905,False
dmv.1667,300,2.391255110601532,1.000992814790159,0.4186056144124055,0.8708260567037432,False
dmv.1668,300,23.98539778449144,10.066568047337277,0.41969568892645814,0.8682253804931594,False
dmv.1669,300,2.4005556628720175,1.000231280376944,0.4166665642654877,0.8754689831167596,False
dmv.167,300,2.3910176626280535,1.0049436615473377,0.42029955581455974,0.8667875938011278,False
dmv.1670,300,1.8538528254052973,1.313257087744805,0.7083933901051154,0.34475570385511073,False
dmv.1671,300,2.331760363275049,1.0312819611741868,0.44227613498228896,0.8158208521941598,False
dmv.1672,300,2.4152645169256695,1.0064332737153396,0.41669691524984753,0.8753961433892714,False
dmv.1673,300,1.6098136352913424,1.5052754982415006,0.935061963224754,0.06714248106065052,False
dmv.1674,300,2.1749843934643747,1.1080535782560483,0.5094535765799727,0.6744165461134806,False
dmv.1675,300,2.0293849225478477,1.1931467062595391,0.5879351388703381,0.5311386452115325,False
dmv.1676,300,2.399652523083859,1.0003569146319669,0.4168757372198125,0.8749670938704842,False
dmv.1677,300,2.3795103145299983,1.0279536839955565,0.4320021971405483,0.8393246047774686,False
dmv.1678,300,1.4298951968599523,1.7303959023120241,1.2101557555490576,0.19074907491874138,False
dmv.1679,300,2.400135317504734,1.0016775345909756,0.41734210870758537,0.8738489889566751,False
dmv.168,300,2.4875070324651687,1.0484278566634557,0.4214773437743583,0.8639892544098965,False
dmv.1680,300,1.3643410852713178,2.5568181818181817,1.8740315082644627,0.628091997049734,False
dmv.1681,300,2.4006357135764502,1.0005815471053598,0.4167985760799586,0.875152204863694,False
dmv.1682,300,2.4084694804716413,1.0029146705082248,0.41641161685462913,0.8760810443244479,False
dmv.1683,300,2.255389234429771,1.066099715721226,0.47268990179017484,0.749315704241313,False
dmv.1684,300,6.936443613642008,2.8308774887433046,0.40811655747850023,0.8962024652824001,False
dmv.1685,300,2.0631251053943154,1.1770022173069823,0.5704948353493219,0.5612511625705513,False
dmv.1686,300,2.345981405446222,1.029722172231577,0.43893023612253085,0.8234147939737883,False
dmv.1687,300,2.394366259580312,1.0050575427991228,0.4197593157595241,0.8680737896804713,False
dmv.1688,300,2.429884702933379,1.0001622895357796,0.4116089493169674,0.8876815325060194,False
dmv.1689,300,2.2608056822534035,1.0456781339419645,0.4625245513801567,0.7710556393733626,False
dmv.169,300,2.402214602299952,1.000658068057382,0.4165564837959615,0.8757332112137207,False
dmv.1690,300,2.5133620962134144,1.0733675294435259,0.42706442142206325,0.8508204072923249,False
dmv.1691,300,1.0565946629961815,2.1626701265410535,2.0468304471729755,0.7162924733379531,False
dmv.1692,300,2.5226042423935806,1.0483791933445283,0.4155940023115836,0.8780464512577729,False
dmv.1693,300,2.4714533355700947,1.020627090553496,0.41296636107356083,0.8843891395234336,False
dmv.1694,300,2.4665436747051706,1.0231364056846766,0.4148057122106194,0.8799450317220197,False
dmv.1695,300,2.410534186428463,1.0026380387839924,0.4159401863823131,0.8772138117934264,False
dmv.1696,300,4.183998724559919,1.7689918949010164,0.422799338947476,0.86085758849845,False
dmv.1697,300,2.4083639991185315,1.0028493139902694,0.4164027175116865,0.8761024160578001,False
dmv.1698,300,2.4289573920619163,1.014803979950422,0.4177940639333182,0.872766637875114,False
dmv.1699,300,2.1551738713858986,1.1051624530641508,0.5127950314066627,0.6678790625671902,False
dmv.17,300,2.404307763074156,1.0005737147072036,0.4161587505868494,0.8766884795285903,False
dmv.170,300,2.248013516946399,1.0761880484285935,0.47872845973383615,0.7366217322225418,False
dmv.1700,300,2.349989846017847,1.0157462383082554,0.43223430945009333,0.8387874547881872,False
dmv.1701,300,2.4106802635301174,1.0117433153870514,0.41969203908671376,0.8682340769265778,False
dmv.1702,300,2.4019020970117007,1.0017140470618158,0.4170503237030714,0.8745483841215255,False
dmv.1703,300,2.4429440208917246,1.0162907900249205,0.41601067455240076,0.8770443590683529,False
dmv.1704,300,2.212025977750917,1.0717672860911058,0.4845183993638393,0.7245998723892291,False
dmv.1705,300,2.480140200018693,1.0392535584077685,0.41903016547207106,0.8698123676846838,False
dmv.1706,300,1.3929747734448172,1.717732239707179,1.233139517278722,0.20956337048061685,False
dmv.1707,300,2.398642380051357,1.0027712876748265,0.4180578547325409,0.8721354475838918,False
dmv.1708,300,2.4333865188217536,1.000158956889567,0.4110152452779447,0.8891249720401504,False
dmv.1709,300,2.6987571825166246,1.1380566944911816,0.4216965875492102,0.8634692103913417,False
dmv.171,300,3.6416049577228087,1.5174815074189172,0.41670678863745786,0.8753724492598483,False
dmv.1710,300,2.3275360353703483,1.0332030195274338,0.4439041990441341,0.8121465077497756,False
dmv.1711,300,2.400104157222874,1.001896723567427,0.4174388517899603,0.8736172081964851,False
dmv.1712,300,2.3429938305494176,1.031208960027181,0.4401244879869653,0.8206976648430919,False
dmv.1713,300,1.1018559507999295,2.6825272156929945,2.4345534584130744,0.889763355082247,False
dmv.1714,300,2.4223748722111837,1.0080564764598579,0.4161438793078659,0.8767242147971117,False
dmv.1715,300,2.422776289577163,1.0072061877177847,0.4157239742071143,0.8777337624906323,False
dmv.1716,300,2.3875786080709553,1.0258568797041825,0.42966412759621087,0.8447514741244604,False
dmv.1717,300,2.4219000411696623,1.0076664129822068,0.41606441052602317,0.8769151977110168,False
dmv.1718,300,2.422124334363917,1.0092418320559025,0.4166763108471651,0.8754455915885689,False
dmv.1719,300,2.3907761118745787,1.0106669074562826,0.4227359067360895,0.8610076288706977,False
dmv.172,300,2.622995829613414,1.107499619171058,0.4222269843769767,0.8622122318799079,False
dmv.1720,300,1.4936764064544266,1.6347964571131819,1.094478328805993,0.09027783769886588,False
dmv.1721,300,10.093092741226785,4.295377480801835,0.4255759449486387,0.8543118628794828,False
dmv.1722,300,2.4003725895544794,1.0021466607773784,0.41749629417463957,0.873479610959029,False
dmv.1723,300,2.150471661937265,1.117305634807418,0.5195630589248903,0.6547670919307635,False
dmv.1724,300,2.400396505102575,1.0006287852478812,0.41685979092238423,0.8750053465222952,False
dmv.1725,300,2.4249614091976928,1.0064877183570453,0.41505308684068726,0.8793488468344752,False
dmv.1726,300,2.5327873647265284,1.0399298675409205,0.41058711916513546,0.8901671456513456,False
dmv.1727,300,1.4271173938588873,1.7095323066940387,1.1978918581263376,0.1805632269429503,False
dmv.1728,300,2.7360366843994046,1.152306230364991,0.42115891096611413,0.8647450557930225,False
dmv.1729,300,1.3683913664736407,1.7828913742408838,1.3029104230870838,0.2646005491080844,False
dmv.1730,300,2.499545867393279,1.3253391472868217,0.5302319771667117,0.6344406754281271,False
dmv.1731,300,2.250473299687656,1.071919710352288,0.47630856606966193,0.7416893867272137,False
dmv.1732,300,2.277383342703397,1.0830485581382228,0.47556708518495444,0.7432473234886069,False
dmv.1733,300,2.1991617462854856,1.096605941090998,0.4986472427247475,0.695856361629649,False
dmv.1734,300,2.5664887275512034,1.0692983216134238,0.4166386199691931,0.8755360516933959,False
dmv.1735,300,2.1402822977165177,1.1066018517930916,0.5170354644215546,0.6596438102662775,False
dmv.1736,300,2.453406974910801,1.0202129257252857,0.4158351778397376,0.8774663043476669,False
dmv.1737,300,54.36066776738213,23.487634749524414,0.4320703868103995,0.8391667715785935,False
dmv.1738,300,2.399422696880625,1.0005458543451398,0.41699441104975027,0.874682460031546,False
dmv.1739,300,2.4004631195572483,1.002017455032365,0.4174267235637352,0.8736462625175255,False
dmv.174,300,2.4096786105684473,1.0010178572399606,0.4154155051423305,0.8784760424246542,False
dmv.1740,300,2.56133307391249,1.0740165460932487,0.4193193603097725,0.8691224529408239,False
dmv.1741,300,2.403413844517108,1.0012335004847315,0.4165880556812298,0.875657421518686,False
dmv.1742,300,2.440672345331083,1.0152521028107608,0.4159723056447544,0.8771365939062926,False
dmv.1743,300,2.7965059387577127,1.1592998309491964,0.414552965857169,0.8805545300439365,False
dmv.1744,300,2.454993708980855,1.0261213652812404,0.41797311395442055,0.872338169209249,False
dmv.1745,300,1.7972390059927184,1.3496863804785173,0.7509776807525986,0.2863793470303391,False
dmv.1746,300,2.4202541010109306,1.005007326997482,0.41524868259811826,0.8788777030449556,False
dmv.1747,300,2.1351289804283744,1.136092956561413,0.5320957033394192,0.6309319123242382,False
dmv.1748,300,2.4470232088799193,1.0316701030927835,0.42160209161441176,0.8636933206325381,False
dmv.1749,300,3.768646408839779,1.475662520281233,0.39156300703082747,0.9376088390014083,False
dmv.175,300,2.441805225653207,1.0013518269840807,0.4100866917901731,0.8913866982441206,False
dmv.1750,300,2.427266999223383,1.0023690424374556,0.41296200325640686,0.8843996920539972,False
dmv.1751,300,1.5196416264645072,3.4849529060418103,2.293272864701436,0.8299799957935219,False
dmv.1752,300,2.3973121736061884,1.001321478027747,0.417685059564644,0.8730275764580824,False
dmv.1753,300,2.2834548809419206,1.0550225389631467,0.46202907172308655,0.7721274640725972,False
dmv.1754,300,2.331183852871436,1.0351556477807764,0.44404719366330686,0.8118244301640354,False
dmv.1755,300,2.367056406453289,1.0203488332379305,0.43106232300006064,0.8415025984038809,False
dmv.1756,300,2.402586434359254,1.0011241030915494,0.41668598838923326,0.8754223662948942,False
dmv.1757,300,2.4010882223259404,1.0003470108153583,0.41662234711489254,0.8755751099355202,False
dmv.1758,300,2.5361235653919385,1.0557887786906652,0.4163002122995932,0.876348614813542,False
dmv.1759,300,1.8846309068730813,1.2811095444789853,0.6797668125927961,0.3860054622810576,False
dmv.176,300,2.336803131086693,1.0228493619608907,0.43771310828620424,0.8261915871272476,False
dmv.1760,300,2.426897996606742,1.0112450477444566,0.4166821387459904,0.8754316050529354,False
dmv.1761,300,2.499570054094002,1.033941908356043,0.413647901831184,0.8827401456876285,False
dmv.1762,300,2.2825094554343797,1.0688976869802633,0.4682993467717502,0.7586475576863103,False
dmv.1763,300,2.4046385914260346,1.0082961945588007,0.4193129887185441,0.8691376481362774,False
dmv.1764,300,2.4019251530638273,1.000338018535001,0.4164734347608619,0.8759326014961697,False
dmv.1765,300,2.4238644833565712,1.015724841568277,0.4190518275847252,0.8697606731897813,False
dmv.1766,300,2.4011386740378615,1.0001953276482647,0.4165504218739236,0.8757477637807364,False
dmv.1767,300,2.4093724510873282,1.0028811722698106,0.41624165322269674,0.8764892902063796,False
dmv.1768,300,2.6427013742254837,1.0396693539601263,0.3934115916766532,0.9328989080910318,False
dmv.1769,300,2.4288903483382613,1.0140047856638157,0.41747655935046746,0.873526881535773,False
dmv.177,300,2.4017933172699992,1.000560630365865,0.4165889808966382,0.8756552005851561,False
dmv.1770,300,1.8078973306467208,1.348939943807576,0.7461374719354408,0.2928454170217816,False
dmv.1771,300,2.6152691239396444,1.0114878008652144,0.3867624144705643,0.9499446905727376,False
dmv.1772,300,2.4000224702860313,1.0007390665662161,0.41697070713131673,0.8747393063382395,False
dmv.1773,300,2.499525716846342,1.0459855335931842,0.41847360342941653,0.871141465284603,False
dmv.1774,300,2.5144112264220806,1.0465015163896894,0.41620141741047845,0.8765859594289824,False
dmv.1775,300,2.3502829349721535,1.0324439226024975,0.4392849504371396,0.8226069866406276,False
dmv.1776,300,2.4267651334233205,1.0021510621069711,0.41295758221698403,0.8844103977921843,False
dmv.1777,300,2.5035971223021583,1.0285782757174524,0.4108401733469135,0.8895510127517204,False
dmv.1778,300,2.320037066652537,1.034475885514491,0.4458876542895427,0.8076882549050401,False
dmv.1779,300,2.4026253512373597,1.0004018767708287,0.4163786402468527,0.8761602397941656,False
dmv.178,300,2.300389138158884,1.0461004831906666,0.4547493577664486,0.7880088738631905,False
dmv.1780,300,2.401411915690553,1.000063455874839,0.41644811093862644,0.8759934087171475,False
dmv.1781,300,2.398779700196236,1.0025557672121397,0.417944076786261,0.8724076430004161,False
dmv.1782,300,2.3999559536075052,1.000154461849391,0.416738674035248,0.8752959346005604,False
dmv.1783,300,2.35553655595747,1.0058242234834032,0.4270042937519003,0.8509612101790106,False
dmv.1784,300,2.31623868736664,1.0462354681484571,0.4516958782593926,0.794746161314744,False
dmv.1785,300,2.403951658893965,1.0043542852351541,0.41779304567931613,0.8727690750931856,False
dmv.1786,300,2.424212490567697,1.0082915639217735,0.4159254058152526,0.8772493477434661,False
dmv.1787,300,1.9026489706002339,1.237936300330434,0.650638304521248,0.42980139099008896,False
dmv.1788,300,4.825130890052356,1.9904967602591792,0.41252699784017277,0.8854536260396042,False
dmv.1789,300,2.507830477062321,1.0406712345144216,0.4149687325490463,0.8795521048451944,False
dmv.179,300,8087.5,19485.916666666668,2.4093869139618755,0.8793723225923511,True
dmv.1790,300,2.423757829624187,1.0078167972690963,0.4158075468395134,0.877532753555757,False
dmv.1791,300,11.71808510638298,5.0349054643673385,0.4296696447122377,0.8447386336747897,False
dmv.1792,300,2.3775880463876313,1.0278676245658862,0.4323152726678486,0.8386001590687362,False
dmv.1793,300,8.114144736842105,3.375650031931393,0.41602043609159745,0.8770208947072919,False
dmv.1794,300,2.3422414799854363,1.0486702531325363,0.44772081021255616,0.8035854323215119,False
dmv.1795,300,2.182615047479912,1.5609103078982598,0.71515602794937,0.3352545391866385,False
dmv.1796,300,2.4223191954325465,1.007966296686134,0.41611621564438145,0.8767906932061149,False
dmv.1797,300,2.453627321700553,1.009052978949249,0.41124948765646185,0.888555222723485,False
dmv.1798,300,2.4502764278389586,1.0115963903934029,0.41284990497402313,0.8846711782894342,False
dmv.1799,300,2.3222727315685514,1.020549238570417,0.43946140550042073,0.8222053802738746,False
dmv.18,300,2.6110700993034857,1.0845252761934598,0.41535662963731296,0.8786177792563347,False
dmv.180,300,2.399736079470249,1.0003740437422446,0.41686835994193205,0.8749847906143791,False
dmv.1800,300,2.3937038998378792,1.0002222176146527,0.4178554489059385,0.8726197222800287,False
dmv.1801,300,2.225807610857986,1.0779281736416801,0.4842863185404282,0.7250789799401347,False
dmv.1802,300,2.340916814937726,1.0582322046201802,0.4520588676485421,0.7939428694696675,False
dmv.1803,300,2.203308033168078,1.130800477897252,0.5132285004522514,0.6670341129965064,False
dmv.1804,300,2.483292733686789,1.0250369847744545,0.4127733194195943,0.8848567000925659,False
dmv.1805,300,1.4840073303931207,1.6179179933702856,1.0902358500760851,0.08639404905168685,False
dmv.1806,300,2.4057426974429443,1.0035278596468036,0.4171384831442905,0.8743370184430996,False
dmv.1807,300,2.3867810536491056,1.0148768665568795,0.4252073582556946,0.8551783272649873,False
dmv.1808,300,2.448675433619643,1.0222933118656996,0.41748828686313116,0.8734987905024374,False
dmv.1809,300,1.3011386256867585,1.807667273061068,1.3892964495669757,0.3287974676140804,False
dmv.181,300,2.451789887710731,1.0207320255581955,0.41632116629344074,0.8762982822268689,False
dmv.1810,300,2.0068569229558237,1.1884048496892679,0.592172185318977,0.5239578328084809,False
dmv.1811,300,2.4017785282852975,1.0015923757810634,0.41702112163361316,0.8746184070665225,False
dmv.1812,300,2.402738993510834,1.0016222664044918,0.41686686282180885,0.874988381970681,False
dmv.1813,300,2.309554571270213,1.036749151516773,0.44889571539614237,0.8009646779131309,False
dmv.1814,300,2.402652997901653,1.0017027326168055,0.4169152738625338,0.8748722580129961,False
dmv.1815,300,2.4032955762770984,1.000442602194772,0.4162794672740752,0.8763984479431061,False
dmv.1816,300,2.398876804288781,1.000655626589868,0.4171350628764542,0.8743452178349002,False
dmv.1817,300,2.363249078969951,1.0241438863807748,0.4333626512306352,0.8361803698031478,False
dmv.1818,300,2.4694964555537173,1.0271912793588844,0.4159517123617676,0.8771861015116635,False
dmv.1819,300,2.3829595296606216,1.0284707264538868,0.43159387041724556,0.8402702476979743,False
dmv.182,300,2.403436835034141,1.000688954176997,0.4163575008880074,0.8762110106393484,False
dmv.1820,300,3.37773597863179,1.3711613873342898,0.4059409604565074,0.9015475475493775,False
dmv.1821,300,2.3877758637060347,1.0248550469416893,0.42920906544009774,0.845811146733608,False
dmv.1822,300,2.4222506859662793,1.0061535963522032,0.4153796310933154,0.8785624031830955,False
dmv.1823,300,2.4224295598460928,1.011338459432843,0.41748931576656356,0.8734963259969725,False
dmv.1824,300,2.4021174688135196,1.0006189723817547,0.41655705242258256,0.8757318461497855,False
dmv.1825,300,2.4027494660969984,1.0002583739285582,0.41629740763333417,0.8763553519604949,False
dmv.1826,300,2.400216624809276,1.0013947570327253,0.41721015790076754,0.87416520835526,False
dmv.1827,300,2.387901907356948,1.1677849285681683,0.48904225293773995,0.7153063864144757,False
dmv.1828,300,2.176892570122048,1.092394980001523,0.501813913554897,0.689525918142665,False
dmv.1829,300,2.2119840831733053,1.0902874493201544,0.49290022365623515,0.7074485115151052,False
dmv.183,300,2.449598099722169,1.019816346351944,0.416319863437031,0.876301411682092,False
dmv.1830,300,2.3922530583462636,1.0007058823529411,0.4183110473457676,0.8715299907804835,False
dmv.1831,300,2.4211027214429786,1.00490830006971,0.41506223225042854,0.879326812763952,False
dmv.1832,300,2.368325927032376,1.005373580526447,0.42450811733764504,0.8568241512989666,False
dmv.1833,300,2.3692978505117233,1.0454637049469038,0.4412546547159968,0.8181331218588327,False
dmv.1834,300,2.477219500543876,1.0301595355291997,0.41585315120562677,0.8774230829502653,False
dmv.1835,300,1.3884473460119218,1.670653173873045,1.2032528123386972,0.18502856648378319,False
dmv.1836,300,2.62996207939327,1.0879525509477292,0.41367613604479003,0.8826718913826056,False
dmv.1837,300,1.9303330985768177,1.2708764553102796,0.6583715816960619,0.417985793223865,False
dmv.1838,300,2.2085884691848907,1.0276767604027892,0.4653093026343958,0.7650529275645789,False
dmv.1839,300,1.9812522460262612,1.204797423812434,0.6080989567223761,0.49741765249251235,False
dmv.184,300,1.533206046528597,1.5283642939860718,0.9968420731489497,0.0031629236244514747,False
dmv.1840,300,2.1368504793505925,1.1310717680542044,0.5293172259754678,0.636167355823531,False
dmv.1841,300,6.973936899862826,2.8228761799000557,0.4047751249305941,0.9044236131672978,False
dmv.1842,300,2.406533487130455,1.002798250587187,0.4166982325198896,0.8753929821756609,False
dmv.1843,300,2.3958313774686757,1.0005088173958498,0.41760402121994955,0.8732216131019532,False
dmv.1844,300,2.419370382675252,1.0126941731855497,0.418577568956494,0.8708930562720076,False
dmv.1845,300,1.9177755650101083,1.2454647009770756,0.6494319375533972,0.4316572404281481,False
dmv.1846,300,2.4224788935556405,1.0079363423026269,0.41607641865692735,0.876886336896876,False
dmv.1847,300,2.3941657030260197,1.0007156596269904,0.41798095192917173,0.8723194170431402,False
dmv.1848,300,2.405075909719982,1.0001702072171899,0.4158580621821777,0.8774112736191613,False
dmv.1849,300,2.3974876939332725,1.0033456438510342,0.4184987670176377,0.871081335251361,False
dmv.185,300,2.872763572141596,1.220221787345075,0.4247553816046966,0.856241848458102,False
dmv.1850,300,3.3738412170192538,1.4378149770810646,0.42616557347987943,0.8529273380848779,False
dmv.1851,300,3.9886210004506535,1.6753265190232822,0.4200265000946432,0.867437474231722,False
dmv.1852,300,1.8436976198457928,1.3058926920920648,0.7083009046794181,0.3448862689687972,False
dmv.1853,300,2.417637424704125,1.0036825298445253,0.4151501460014659,0.8791150265905127,False
dmv.1854,300,2.4398853862264986,1.0150931378328387,0.4160413204502082,0.8769706956482654,False
dmv.1855,300,2.3893209544652527,1.0066992678558515,0.4213327916345831,0.864332278621684,False
dmv.1856,300,2.357920613251141,1.0009758584567097,0.42451635259956744,0.8568047519477953,False
dmv.1857,300,2.401598492202693,1.0005674095832118,0.41662559867178856,0.8755673053992775,False
dmv.1858,300,2.4055479793188503,1.0000852825699926,0.41574114969561926,0.8776924486988361,False
dmv.1859,300,2.299388309922972,1.0461495380897685,0.45496862516658343,0.7875268180865773,False
dmv.186,300,2.41068681673536,1.0110352587598912,0.4193971824714552,0.8689368785353211,False
dmv.1860,300,2.239732761480961,1.0691029701298667,0.4773350591268541,0.7395366046469722,False
dmv.1861,300,2.17709102415357,1.1171971642200798,0.5131605210004639,0.6671665763227228,False
dmv.1862,300,2.4239637786715758,1.0082508200817617,0.4159512732629699,0.8771871571607122,False
dmv.1863,300,1.0082795468225731,2.4177215378472283,2.397868275188443,0.8745801239824764,False
dmv.1864,300,2.4950705773445088,1.0390288094521611,0.41643263276263487,0.8760305765256492,False
dmv.1865,300,2.7655503703230164,1.176874079428556,0.42554787360141155,0.8543778258959691,False
dmv.1866,300,2.3595847861358505,1.0122384445267234,0.42899007082699714,0.8463215052473826,False
dmv.1867,300,2.403981375016833,1.0019489752094715,0.4167873285634152,0.8751791907243749,False
dmv.1868,300,1.8441547745770424,1.305996994469019,0.708181879565152,0.3450543262383525,False
dmv.1869,300,2.4089124507240465,1.0072812688812245,0.41814772827400437,0.8719204919709758,False
dmv.187,300,2.3834827541341133,1.0075244190051162,0.4227110170013108,0.8610665083439966,False
dmv.1870,300,1.165681109558112,2.096907089712845,1.7988685520585843,0.5871578850718324,False
dmv.1871,300,2.4276426229435413,1.0115258058805214,0.4166699811251609,0.8754607826851523,False
dmv.1872,300,2.4005656074005572,1.00010112579988,0.4166106198958817,0.8756032586513679,False
dmv.1873,300,2.3990031483726186,1.0022258429165596,0.41776762302143156,0.8728299268274636,False
dmv.1874,300,2.4003693393795276,1.0006383094366642,0.41686847645509406,0.8749845111181235,False
dmv.1875,300,2.328964598045176,1.0231273939387855,0.4393056875134773,0.8225597813200931,False
dmv.1876,300,2.3951138062896713,1.0018093813507665,0.4182721416911264,0.8716230016254994,False
dmv.1877,300,2.405323478348248,1.0047787257350278,0.4177312260823298,0.8729170530734514,False
dmv.1878,300,1.785881218971163,1.3563625878430083,0.7594920498824674,0.27510542456861636,False
dmv.1879,300,2.3407087371830455,1.0286210572347854,0.43944854859331706,0.8222346367569642,False
dmv.188,300,1.9546833071931375,1.2967119260891637,0.6633872204859622,0.4103964163177372,False
dmv.1880,300,1.943416991813261,1.2294460179028062,0.6326208029887088,0.45788408374975365,False
dmv.1881,300,1.6066851901757255,1.5030451656188366,0.9354945043430981,0.06668000785168521,False
dmv.1882,300,2.40095106247591,1.0001398290779506,0.4165598560957698,0.875725115586143,False
dmv.1883,300,2.3899403976523046,1.0447852118373835,0.4371595261805277,0.827457102032501,False
dmv.1884,300,2.667176322830776,1.0440995823437884,0.3914625266452747,0.937865485513643,False
dmv.1885,300,9.543128171189059,23.423045812192072,2.454441079698251,0.8978990692159288,True
dmv.1886,300,2.4616700531883104,1.0308508541701207,0.41876077292932956,0.8704554697753801,False
dmv.1887,300,2.423703429183349,1.0083948517863988,0.41605538022701516,0.8769369020355834,False
dmv.1888,300,2.460499345558617,1.0227563994903113,0.4156702586962529,0.8778629803966757,False
dmv.1889,300,2.4721350142778364,1.015666569460957,0.410845913995379,0.8895370399011293,False
dmv.189,300,2.4078727311377413,1.000899866257677,0.41567806027054544,0.8778442119115178,False
dmv.1890,300,2.246898144343231,1.0656700362058564,0.47428497766522126,0.7459469192436196,False
dmv.1891,300,2.521488156216156,1.0479378314099215,0.41560291640730845,0.8780250024397505,False
dmv.1892,300,2.4766626938003586,1.0302463798995305,0.4159817089660485,0.8771139885191453,False
dmv.1893,300,2.1534589522470844,1.1110513270589482,0.5159380102878636,0.6617686558184132,False
dmv.1894,300,2.520106916150939,1.054230902774168,0.4183278479249355,0.8714898287003672,False
dmv.1895,300,2.186872288257848,1.1105317084977795,0.5078173583618248,0.6776334268341523,False
dmv.1896,300,2.8310060079253483,1.1916988263249313,0.42094535405039507,0.865252254079907,False
dmv.1897,300,2.4012347529581675,1.001487605324547,0.41707192688710604,0.8744965855176059,False
dmv.1898,300,2.4003067636337745,1.0017912751691702,0.41735968516481586,0.8738068746174892,False
dmv.1899,300,10.736247757529979,4.539189307869798,0.4227910356005142,0.8608772276694054,False
dmv.19,300,2.371657754010695,1.2489039208317676,0.5265953397870137,0.6413228815849623,False
dmv.190,300,2.4040391232485354,1.0047429684540432,0.41793952466811435,0.8724185347517048,False
dmv.1900,300,2.895780542452754,1.2132872482003918,0.41898452952954984,0.8699212821054896,False
dmv.1901,300,2.425587169355506,1.006337323684712,0.41488400680817517,0.8797562994863574,False
dmv.1902,300,2.465480442515703,1.046446008867066,0.42443898188026324,0.8569870247161637,False
dmv.1903,300,2.5044002324170953,1.0693857001728597,0.42700271559260855,0.850964906072076,False
dmv.1904,300,2.348575391209828,1.0234004847652611,0.4357537290885408,0.830678036756225,False
dmv.1905,300,2.450064020486556,1.016816579397584,0.4150163305510913,0.8794374088001372,False
dmv.1906,300,2.399122504092617,1.0005894984118995,0.41706477960379806,0.8745137224766978,False
dmv.1907,300,2.392736049652319,1.0556249399558075,0.44117901768111745,0.8183045501200845,False
dmv.1908,300,2.3872462520386915,1.0011214840796574,0.4193624697178629,0.8690196501696541,False
dmv.1909,300,2.4212515057796544,1.0084460570305216,0.41649785436304654,0.8758739689778332,False
dmv.191,300,1.533803241077562,1.5871294686587185,1.0347673196620009,0.03417658952257241,False
dmv.1910,300,1.1380312350215689,2.117244465503172,1.860444951199467,0.6208156801912932,False
dmv.1911,300,2.396283507998546,1.001650378229465,0.4180016157879733,0.8722699809433846,False
dmv.1912,300,3.4108386211627506,1.4983576422372227,0.43929303278688525,0.8225885879329429,False
dmv.1913,300,2.4336320089481105,1.0155742171288484,0.417308045503482,0.8739306116675807,False
dmv.1914,300,7.236465269581097,2.9803808265918224,0.4118558875864473,0.8870817782340323,False
dmv.1915,300,1.307820299500832,2.648854961832061,2.025396732902123,0.7057655988517088,False
dmv.1916,300,4.430977273325784,1.8754458513531589,0.4232578358375318,0.8597737446434386,False
dmv.1917,300,3.4619775690751684,1.4418488795939608,0.4164812887505611,0.8759137433530372,False
dmv.1918,300,1.3773218083717889,1.7350186764406568,1.259704642658437,0.23087728289638848,False
dmv.1919,300,1.6596085895390278,1.4432293231679292,0.8696203021995687,0.13969859685202485,False
dmv.192,300,1.549273006839504,1.5659878141522416,1.0107888069042368,0.010731022968648196,False
dmv.1920,300,2.4049693716702913,1.0048280241740932,0.4178132312247384,0.872720761560882,False
dmv.1921,300,1.97353917328774,1.2209204551824653,0.6186451587624282,0.48022341983983496,False
dmv.1922,300,2.4102036112487397,1.0060601298470722,0.41741707013949203,0.8736693888180777,False
dmv.1923,300,2.5796983379427956,1.0703213616130185,0.41490175260823564,0.8797135274819892,False
dmv.1924,300,2.425634363206717,1.0077550941507571,0.4154604294187575,0.8783679052778139,False
dmv.1925,300,2.3526396609128426,1.0264582191824638,0.4363006525122466,0.829423703295024,False
dmv.1926,300,1.973565072846387,1.2420907516727648,0.6293639712023031,0.463045539075275,False
dmv.1927,300,2.4027826577961946,1.000700766976103,0.416475773923695,0.8759269849164101,False
dmv.1928,300,2.0552841416876904,1.1677366852652054,0.568163136950165,0.5653466885582953,False
dmv.1929,300,1.7174493103188362,1.4346467474786486,0.83533571492268,0.1799215811336367,False
dmv.193,300,4.11313525141167,1.708465963031217,0.41536829172949125,0.8785897023517442,False
dmv.1930,300,5.030769230769231,2.2429728105222217,0.44585086447689426,0.8077707674620175,False
dmv.1931,300,2.39419606293393,1.005186762720408,0.41984312742065816,0.8678741436168057,False
dmv.1932,300,2.4003489548890897,1.0000417882371726,0.41662350226214523,0.8755723372910396,False
dmv.1933,300,2.4274223503726486,1.0094296989771312,0.41584427976539284,0.8774444162859326,False
dmv.1934,300,2.444976452119309,1.0180053669380442,0.41636612330381984,0.8761903016896746,False
dmv.1935,300,2.86676875957121,7.294027565084226,2.5443376068376065,0.9338703437633229,True
dmv.1936,300,2.3712124256550395,1.0202342871963344,0.4302584939915276,0.8433691020945916,False
dmv.1937,300,1.6730219566064701,1.449921372963948,0.8666481436411895,0.14312221659077767,False
dmv.1938,300,2.433291717958344,1.0149267022547244,0.4171002986466003,0.8744285617723005,False
dmv.1939,300,1.530538331062481,1.595864123794687,1.0426815790277253,0.04179583604924547,False
dmv.194,300,2.221285553205543,1.09354410932077,0.49230235515765797,0.7086622082406828,False
dmv.1940,300,2.2857396394107803,1.0406356523764648,0.45527304791578127,0.786857934712963,False
dmv.1941,300,2.271808989524191,1.082919476616332,0.47667716855154235,0.7409158127126805,False
dmv.1942,300,6.51786638016792,2.6773755914971518,0.41077485105304884,0.8897100222441527,False
dmv.1943,300,1.0746620559572462,2.1918046542420115,2.03952921022198,0.712719001919533,False
dmv.1944,300,2.4278845822488964,1.0103376160058044,0.416139063361056,0.8767357876566839,False
dmv.1945,300,2.5097011081279703,1.0424021086939252,0.4153491048467804,0.8786358958774687,False
dmv.1946,300,2.4073153077146165,1.0014391927378266,0.41599834867022145,0.8770739882714893,False
dmv.1947,300,2.259254880196897,1.0612793080872325,0.4697474894885435,0.7555599850593235,False
dmv.1948,300,2.3185290836499917,1.0394186258767668,0.4483095050248155,0.8022714256702806,False
dmv.1949,300,2.409653942155802,1.0041382168356254,0.4167146988489439,0.8753534667603448,False
dmv.195,300,2.4377120149274125,1.000614915545193,0.4104729801625022,0.8904451740282256,False
dmv.1950,300,2.4198556871186847,1.008668304247671,0.4168299413956745,0.8750769547611048,False
dmv.1951,300,2.413258549728142,1.019153441326355,0.42231423625999975,0.862005606362523,False
dmv.1952,300,2.4048309465816557,1.0003997682344368,0.4159958809813446,0.8770799202570463,False
dmv.1953,300,3.1048632218844983,1.2490319951090278,0.40228245363766046,0.9106008160964765,False
dmv.1954,300,1.6087263087598689,1.5237660753156061,0.9471878883426997,0.054257801734506894,False
dmv.1955,300,1.9554156831890899,1.2276555793991417,0.6278233267501244,0.46549647892476687,False
dmv.1956,300,2.46420491513454,1.0198252324384773,0.41385569283421264,0.882237933954083,False
dmv.1957,300,2.40203171334103,1.0002871664073367,0.4164337884681876,0.8760278012773661,False
dmv.1958,300,1.3913762986117495,1.730785931393834,1.2439380583963746,0.21828220079143823,False
dmv.1959,300,1.946309569934134,1.2322120863753316,0.6331017970676841,0.4571240529150231,False
dmv.196,300,2.3301818181818184,1.035892634207241,0.444554423231884,0.8106827945558535,False
dmv.1960,300,2.664259927797834,1.010840108401084,0.3794074661613825,0.9691445428098456,False
dmv.1961,300,2.4232976757215763,1.00821464034447,0.41605067773783,0.8769482046553401,False
dmv.1962,300,1.810895223612852,1.3346552411842194,0.7370140601075178,0.30514830948831767,False
dmv.1963,300,2.4905411991230078,1.0336326480145621,0.41502330833898043,0.8794205956563729,False
dmv.1964,300,2.4246152887870585,1.011183911621362,0.41704921861117944,0.8745510339057201,False
dmv.1965,300,2.454170346201296,1.0218911975143004,0.4163896769008074,0.8761337338531298,False
dmv.197,300,2.4192779796825357,1.004624856008683,0.41525813256916955,0.8788549459263406,False
dmv.198,300,2.4568378481529676,1.01533842492667,0.41327042632870287,0.8836531149999434,False
dmv.199,300,2.425810582554574,1.010827704562699,0.41669688137736455,0.8753962246773327,False
dmv.2,300,2.481609897636466,1.0224991304285462,0.4120305658848293,0.8866577433436338,False
dmv.20,300,1.3009062676453982,1.821954464268275,1.4005270860643624,0.3368486558125922,False
dmv.200,300,2.4800668690334784,1.0397689336790967,0.41925036242442576,0.8692870138202162,False
dmv.201,300,2.4044196322099336,1.0020997933701932,0.41677408549902334,0.8752109653822934,False
dmv.202,300,2.357002770777984,1.050246357846564,0.44558554231139297,0.808366036336646,False
dmv.203,300,1.235906745816851,2.9495615279217575,2.386556702522322,0.869851616880833,False
dmv.204,300,2.6422088712770035,1.1017519599900096,0.4169814021771575,0.8747136572734504,False
dmv.205,300,2.1157120607806235,1.1401662324363828,0.538904255249035,0.618217357898253,False
dmv.206,300,2.4015079450387957,1.0006519939410414,0.41667652859873267,0.8754450689970393,False
dmv.207,300,1.8650488687638516,1.3039034315317934,0.6991256118645387,0.3579248506545871,False
dmv.208,300,2.418574703247017,1.0046469592923137,0.4153880208635035,0.8785422055498134,False
dmv.209,300,4.82168206399279,1.985628784188183,0.41181246665274784,0.8871872112848864,False
dmv.21,300,1.2619047619047619,1.8962775350869039,1.5027104995028295,0.40727047711692194,False
dmv.210,300,2.486550236125694,1.0320263624313386,0.41504343947594796,0.8793720907933014,False
dmv.211,300,2.292112179602125,1.0503793665712615,0.45825827196363095,0.7803223412225575,False
dmv.212,300,1.880759332540056,1.255070361845908,0.667321086824477,0.40448395935534276,False
dmv.213,300,2.2497610172320486,1.0784362656163236,0.47935592152057,0.7353119063059128,False
dmv.214,300,2.7049246317807323,1.1228265513776616,0.4151045608388991,0.8792248366578018,False
dmv.215,300,2.317590945661703,1.0213522134474111,0.44069563499084236,0.8194008119011004,False
dmv.216,300,2.4003693393795276,1.0006383094366642,0.41686847645509406,0.8749845111181235,False
dmv.217,300,2.280711120772885,1.0624717028473067,0.4658510642449349,0.7638893005655374,False
dmv.218,300,2.476363419664761,1.02217547077053,0.41277280331854826,0.8848579504189422,False
dmv.219,300,2.401599220119071,1.0004983318322138,0.4165967091639084,0.875636649456968,False
dmv.22,300,2.4036639252888743,1.0084716250711416,0.4195560013448813,0.8685582665260052,False
dmv.220,300,2.4490112397154498,1.0226916057829583,0.41759367584682244,0.8732463865733457,False
dmv.221,300,2.4272415433313532,1.0086180394609197,0.4155408604603093,0.8781743290637153,False
dmv.222,300,2.2116718674241955,1.0811789190852739,0.48885141372461344,0.7156966930951613,False
dmv.223,300,1.9194104200075062,1.2600255972696246,0.6564649145046827,0.42088602992000546,False
dmv.224,300,1.9734872855903358,1.233478847269889,0.6250249780053254,0.4699636652357866,False
dmv.225,300,2.6314478349530614,1.06280950282179,0.40388773385688187,0.9066183261314594,False
dmv.226,300,2.421264935416124,1.0083327626317529,0.4164487528327661,0.8759918673639076,False
dmv.227,300,2.177869250160853,1.0938505331701192,0.5022572099263211,0.6886429201361297,False
dmv.228,300,2.3891215293155086,1.0035202230698614,0.42003732784467157,0.8674116958332982,False
dmv.229,300,2.426617345120109,1.0078559235480433,0.4153336847998826,0.8786730220755596,False
dmv.23,300,2.4061027656896843,1.0017317751059789,0.41632958882321175,0.8762780515846228,False
dmv.230,300,2.377542889626322,1.0115935942747782,0.4254785891302134,0.8545406515527149,False
dmv.231,300,2.399828599525243,1.0005222695491076,0.41691405367326667,0.8748751847252785,False
dmv.232,300,2.3374805716789706,1.0306451464063766,0.44092137444636925,0.8188887086679645,False
dmv.233,300,2.4016656020001994,1.0003332141558527,0.41651644313960146,0.8758293388277536,False
dmv.234,300,2.2570250458155163,1.0387632690264008,0.460235596832321,0.7760167535849773,False
dmv.235,300,2.4043895939586712,1.001738682137251,0.41662910397476527,0.8755588918782602,False
dmv.236,300,4.002843938855315,1.8184754521963824,0.4542958656330749,0.7890066067797061,False
dmv.237,300,1.7396379228203906,1.3788853895659319,0.7926278057507575,0.23240151714703317,False
dmv.238,300,2.425262145463289,1.007981618677184,0.4156175943960206,0.8779896857252978,False
dmv.239,300,2.635264102090759,1.0961709001326272,0.415962445381831,0.8771602983203989,False
dmv.24,300,2.399852565863027,1.0005369467485594,0.41691600600003925,0.8748705019323042,False
dmv.240,300,2.4692273863976815,1.025416714108982,0.4152783659203404,0.8788062223573905,False
dmv.241,300,5.326802218114603,2.1919551741186316,0.4114955060025608,0.8879571799390803,False
dmv.242,300,2.4223142156499975,1.0078969385408734,0.4160884380849893,0.8768574497648003,False
dmv.243,300,5.285591659364438,2.159110831896678,0.40848990445022354,0.8952880786956112,False
dmv.244,300,1.871584487242021,1.2970784502506556,0.6930376155030216,0.3666710020401583,False
dmv.245,300,2.726124511983366,1.133284413523201,0.41571263841455675,0.8777610304564308,False
dmv.246,300,7.62739322533137,3.1105105105105104,0.4078078078078078,0.8969592748558481,False
dmv.247,300,2.173375435283008,1.1190932032921523,0.5149102106909701,0.663762741691684,False
dmv.248,300,2.4042400081990323,1.0001860060332561,0.4160092181406112,0.8770478599745266,False
dmv.249,300,1.5560820519091436,1.5664377910060705,1.0066550083809664,0.006632961573097229,False
dmv.25,300,2.4077029443108655,1.0134139070061783,0.4209048750805255,0.8653484207577792,False
dmv.250,300,2.4267259681862225,1.0021086871179408,0.4129467851975616,0.8844365437234787,False
dmv.251,300,2.327863825550059,1.0340327585919162,0.44419813016664794,0.8114845769709039,False
dmv.252,300,2.4016476035434153,1.0010472635393224,0.4168168810704647,0.8751082877545473,False
dmv.253,300,2.3999443657055823,1.000394064327805,0.41684052289840884,0.8750515694243606,False
dmv.254,300,6.773770491803279,2.8684335951260955,0.42346188117786016,0.859291777966207,False
dmv.255,300,7.642857142857143,19.0,2.485981308411215,0.9106674743197924,True
dmv.256,300,3.0580966832863647,1.0945841092489137,0.3579298572315332,1.0274182412989898,False
dmv.257,300,2.338830099700909,1.0296705347101098,0.4402502494053692,0.8204119650974772,False
dmv.258,300,2.233950326849729,1.0434449443438671,0.4670851145626464,0.761243779756116,False
dmv.259,300,2.4102287754819836,1.0023197489370137,0.41586083409720126,0.8774046081098503,False
dmv.26,300,2.521488156216156,1.0479378314099215,0.41560291640730845,0.8780250024397505,False
dmv.260,300,2.4351776222370223,1.0252226243835658,0.4210052749424363,0.8651099158237694,False
dmv.261,300,2.515241022092867,1.0456781873766123,0.4157367736100815,0.8777029747402741,False
dmv.262,300,2.276373608964587,1.0548008973622585,0.4633689712481057,0.769231628120603,False
dmv.263,300,2.45023604507482,1.0219273317798678,0.4170730137751534,0.874493979524344,False
dmv.264,300,3.922479735129581,1.6415977829805533,0.41851020115629034,0.8710540138268889,False
dmv.265,300,2.519662921348315,6.123244382022472,2.430183946488294,0.887966952630828,True
dmv.266,300,2.4040508906966815,1.0011533494819265,0.41644432460071484,0.8760025007385179,False
dmv.267,300,2.3296266884364396,1.0313548737822547,0.4427125079316731,0.8148346859009685,False
dmv.268,300,1.3650656406265762,1.7920929839748327,1.3128255013086751,0.27218168573356377,False
dmv.269,300,2.39160743935973,1.005509903714819,0.4204326710005591,0.8664709289157672,False
dmv.27,300,2.415063044401876,1.0095615741557238,0.41802700616693667,0.8722092404895189,False
dmv.270,300,1.6783608619047323,1.4083648638623043,0.8391311402864722,0.17538827926276374,False
dmv.271,300,2.356707156874616,1.0143983644435137,0.4304303831235332,0.8429696798669755,False
dmv.272,300,2.4028172154696765,1.0004979333930182,0.41638536920397906,0.8761440792563656,False
dmv.273,300,2.4306176908113057,1.0133220671854744,0.41689899280180165,0.8749113100210634,False
dmv.274,300,2.403555995850527,1.0015078993435909,0.4166775814969917,0.8754425421042185,False
dmv.275,300,2.5329323825426884,1.0383214096449391,0.40992859375212315,0.8917722960318601,False
dmv.276,300,2.397830130085525,1.002511065285784,0.418090945103783,0.8720562981041202,False
dmv.277,300,2.336929345330493,1.0337856049345133,0.4423692171096911,0.8156104127733781,False
dmv.278,300,2.3240719672148282,1.0322308231203674,0.44414752971586957,0.8115984976058959,False
dmv.279,300,2.397672650992895,1.0044377282570232,0.41892196077770566,0.8700706275340887,False
dmv.28,300,3.0,1.2135135135135136,0.40450450450450454,0.9050924065641256,False
dmv.280,300,2.400674993744616,1.0002380651686344,0.41664867913188247,0.8755119083692369,False
dmv.281,300,2.412570166453998,1.0085956979169433,0.4180585965710502,0.8721336730977945,False
dmv.282,300,2.396223562682115,1.0033944587035089,0.4187399182321704,0.8705052719961629,False
dmv.283,300,2.401352307668395,1.0018681363764304,0.41720997505326457,0.8741656466177031,False
dmv.284,300,2.338080433793359,1.0297484038909799,0.440424712942955,0.8200157609419673,False
dmv.285,300,4.03816091954023,1.8055563713253648,0.4471234324983113,0.8049205871439366,False
dmv.286,300,2.250911905242614,1.063552620170243,0.4724985538941419,0.7497205925945216,False
dmv.287,300,2.4255382252970787,1.0090470489965744,0.41600954314912386,0.8770470787216805,False
dmv.288,300,11.952790102589384,4.992136561069114,0.41765449892637585,0.8731007458368605,False
dmv.289,300,2.4001866491937176,1.0003454296385594,0.4167781826361714,0.8752011348358365,False
dmv.29,300,2.6269785224654583,1.1608929460790185,0.4419118527811576,0.8166448448897946,False
dmv.290,300,2.4366767255252206,1.0143215225635323,0.41627250424239076,0.8764151749029183,False
dmv.291,300,2.3220729267151583,1.0376423810548865,0.4468603759670684,0.8055090911780011,False
dmv.292,300,2.4027839492178646,1.0008602958104216,0.41654194341368633,0.8757681179709579,False
dmv.293,300,2.4009213805293834,1.0001301110863763,0.41656095830420564,0.8757224696111132,False
dmv.294,300,3.638877814381938,1.5285515964831096,0.4200612591172517,0.86735472329946,False
dmv.295,300,2.4262171381625945,1.0303846817515563,0.42468774354297073,0.8564011011728899,False
dmv.296,300,2.3977160537565836,1.007601909658465,0.42023404234201156,0.8669434792358673,False
dmv.297,300,2.6247899189841415,1.08633654890123,0.413875617642447,0.8821897907752857,False
dmv.298,300,2.565068359603491,1.037304947762665,0.40439660950128126,0.9053591758935157,False
dmv.299,300,2.273927889851047,1.0524315691647739,0.4628253929519784,0.7704054170779733,False
dmv.3,300,2.28131021194605,1.045432607932608,0.4582597327001888,0.7803191536440256,False
dmv.30,300,1.233239047613279,1.9292320084082728,1.5643617611216314,0.44747792044120893,False
dmv.300,300,2.4026095814737203,1.0001602800935383,0.41628081724374744,0.8763952050075556,False
dmv.301,300,2.324434830107048,1.030737292400604,0.4434356597354614,0.8132025616339366,False
dmv.302,300,2.7776474039307715,1.0826663617653784,0.38977818431282873,0.9421774598349629,False
dmv.303,300,2.034158396109849,1.17442931321642,0.5773539147504019,0.5492998300575036,False
dmv.304,300,2.403359110321201,1.0004643057440166,0.41627749321669527,0.8764031900988349,False
dmv.305,300,2.2268930561617313,1.081303286748964,0.4855658801203037,0.7224403050491237,False
dmv.306,300,2.4320887832133455,1.0108546259522577,0.41563228815055325,0.8779543323259343,False
dmv.307,300,1.3225627926777352,1.8018959024044807,1.3624274872849407,0.3092680257976815,False
dmv.308,300,2.425337283385374,1.0028571398742232,0.4134918251346875,0.8831175346420229,False
dmv.309,300,2.4455020674930994,1.0178917479340461,0.4162301727176595,0.8765168719327041,False
dmv.31,300,2.3950829410014856,1.0010114875809406,0.41794439367614356,0.8724068847894972,False
dmv.310,300,2.3840554720792175,1.014104213268861,0.425369386386142,0.8547973431070546,False
dmv.311,300,2.431193164571569,1.0118776142158004,0.4162061776749508,0.8765745220886687,False
dmv.312,300,2.683311588186455,1.103697156320579,0.4113190436696637,0.8883861036514109,False
dmv.313,300,2.423049183392513,1.0082577537807222,0.41611113826796525,0.8768028951035708,False
dmv.314,300,2.2455741651619867,1.0653484105602202,0.4744213872283173,0.7456593496244331,False
dmv.315,300,2.7014672204655263,1.127226346554864,0.41726449168634233,0.8740349856200853,False
dmv.316,300,2.4769535340044357,1.03247832480129,0.41683394969953486,0.8750673386462576,False
dmv.317,300,2.3976458150891893,1.0101228731197434,0.42129778583755,0.8644153655591608,False
dmv.318,300,2.1687863671783902,1.1154691952325815,0.5143287564481589,0.6648926140016783,False
dmv.319,300,1.0479041916167664,2.6646706586826348,2.542857142857143,0.9332883082427262,False
dmv.32,300,2.41333729200821,1.0026206837374596,0.41544987808278927,0.8783933023293935,False
dmv.320,300,2.2739476719042813,1.0648844321018338,0.46829768567632135,0.7586511047729898,False
dmv.321,300,2.4567617835980338,1.0841920256799105,0.4413093825043405,0.818009101875906,False
dmv.322,300,1.0928482281305547,2.128576042820229,1.9477325286617413,0.666665890177942,False
dmv.323,300,2.4222885929532127,1.0079759433644333,0.41612545519835287,0.876768489189432,False
dmv.324,300,2.4088656081016664,1.0025106717221866,0.41617542645404215,0.8766484094037417,False
dmv.325,300,2.466116574728449,1.0278713229590946,0.4167975405105399,0.8751546894468107,False
dmv.326,300,2.4016976975333124,1.0016851601412204,0.4170737895822656,0.8744921194030584,False
dmv.327,300,2.000612102133613,1.1613269810743476,0.5804858322289541,0.5438898842936983,False
dmv.328,300,2.4004946654673245,1.0003506421452213,0.41672687572937167,0.8753242460427803,False
dmv.329,300,2.339239983477902,1.0056239295110625,0.4298934425769926,0.8442179089644773,False
dmv.33,300,2.477723427914185,1.037515243898305,0.4187373103105836,0.8705115000379481,False
dmv.330,300,2.402013541663032,1.001689763674584,0.4170208644956535,0.8746190236732735,False
dmv.331,300,2.3997056729574564,1.0000842730336639,0.41675288944961963,0.8752618240828401,False
dmv.332,300,1.7910427465284444,1.303650143585117,0.7278721549845562,0.31762985749186856,False
dmv.333,300,2.4002695083927734,1.0006659531115591,0.41689733157573944,0.8749152947497404,False
dmv.334,300,4.231266288792287,1.79253640368668,0.4236406506569258,0.8588697051355842,False
dmv.335,300,2.4035956670299106,1.0079587457058057,0.41935453601117784,0.8690385688433689,False
dmv.336,300,2.3989831297238915,1.0023583385159647,0.4178263390419632,0.8726893896208918,False
dmv.337,300,3.609212481426449,9.202080237741455,2.5496088925483735,0.9359399719358883,True
dmv.338,300,29.334403464237717,12.200881905412539,0.41592398223767973,0.8772527704245268,False
dmv.339,300,2.4621666079191633,1.0335635018495684,0.41977805178791616,0.8680291555066527,False
dmv.34,300,2.32116981940255,1.0384326868263947,0.4473747151742989,0.8043587465560014,False
dmv.340,300,2.398182576661594,1.0025234691611282,0.4180346729716875,0.8721909002044841,False
dmv.341,300,1.9012540780303315,1.2587987343234464,0.6620886439478628,0.4123558287648623,False
dmv.342,300,1.6250866316434347,1.4617099906409154,0.8994658882663393,0.10595414930526409,False
dmv.343,300,2.3929890049878653,1.0030407982353062,0.4191581307497034,0.8695070299003141,False
dmv.344,300,2.4039753195884104,1.0004966497036578,0.41618424347008476,0.8766272238120761,False
dmv.345,300,2.381902176662002,1.0024608624939861,0.4208656729550644,0.8654415628273869,False
dmv.346,300,2.4021374984042163,1.0003979174456625,0.4164615548070188,0.875961127020953,False
dmv.347,300,2.340339784227364,1.0170463118126203,0.4345720731096259,0.833393472061067,False
dmv.348,300,1.5984423765761093,1.4948927789986939,0.9352184357128842,0.06697515589530723,False
dmv.349,300,2.401127588005954,1.0001127331336825,0.41651794687188554,0.8758257285751587,False
dmv.35,300,2.3997175685593732,1.0006022723203642,0.4169666820087739,0.8747489596349866,False
dmv.350,300,2.3281620562622445,1.0280684554246555,0.44157942212801604,0.8173973835469852,False
dmv.351,300,2.4715297270001866,1.0177116559274337,0.4117739895294235,0.8872806492550315,False
dmv.352,300,2.296962555508102,1.0289699234308705,0.44796982909599764,0.8030293946028423,False
dmv.353,300,2.4136761862738836,1.0243538253049156,0.4243957127017371,0.8570889743156319,False
dmv.354,300,2.4016644763835577,1.0003235828704662,0.41651262809897577,0.8758384982695004,False
dmv.355,300,2.427779509639009,1.0109062346127693,0.4163912870172806,0.8761298670104833,False
dmv.356,300,2.416543773843186,1.0058866602495793,0.4162501300979343,0.8764689251399423,False
dmv.357,300,2.447971159623473,1.0331038057994206,0.42202450046769513,0.8626919086511043,False
dmv.358,300,2.402437069036084,1.0002102757194258,0.4163315196100993,0.8762734139550568,False
dmv.359,300,2.4204404900175214,1.0095016478004193,0.41707352523800806,0.8744927532101876,False
dmv.36,300,1.5392589384794435,1.5363893724393805,0.9981357483342616,0.0018659915455939147,False
dmv.360,300,2.3983579950092397,1.0020349439808205,0.4178004059719033,0.8727514581705713,False
dmv.361,300,2.2233328272982384,1.069963290719921,0.48124296892612556,0.7313830035105057,False
dmv.362,300,2.6223190989307263,1.0882450684479672,0.41499338081765436,0.8794927087156161,False
dmv.363,300,1.5956033448473337,1.5046223779119763,0.9429802104456841,0.05870998231046959,False
dmv.364,300,2.4580350057510723,1.043444689210365,0.4245035920029675,0.8568348115398745,False
dmv.365,300,2.4023081994964572,1.0002772927769406,0.41638175026277086,0.8761527706206708,False
dmv.366,300,2.401408751826606,1.0014560372835988,0.4170285614732819,0.8746005667871732,False
dmv.367,300,2.4319599294730656,1.0219575961376306,0.4202197510544752,0.8669774877385358,False
dmv.368,300,2.4079208094462685,1.0025376994243589,0.4163499461823684,0.8762291555608709,False
dmv.369,300,1.826957529771314,1.4235117674203968,0.7791706945692285,0.24952513700015233,False
dmv.37,300,2.401774129793793,1.0003115633907464,0.4164886077262516,0.8758961701472786,False
dmv.370,300,2.4562886079666155,1.0212307052441993,0.4157616910048704,0.8776430410281707,False
dmv.371,300,2.40138199677693,1.0019085302477502,0.41722163803696566,0.8741376922988137,False
dmv.372,300,2.4778571097049675,1.0234517904355676,0.41303906767950294,0.884213095629292,False
dmv.373,300,1.604982206405694,1.0265553869499242,0.6396054628224583,0.44690375706059704,False
dmv.374,300,2.5992352885584675,1.093531889937925,0.42071292843380725,0.8658045580905324,False
dmv.375,300,2.4203333446773754,1.0116010136055373,0.41795937564971297,0.8723710386212642,False
dmv.376,300,2.3203567111095538,1.027725971956901,0.44291723209465517,0.8143723613936128,False
dmv.377,300,16.59027777777778,6.2539267015706805,0.37696335078534027,0.9756073090305744,False
dmv.378,300,2.3985569138429454,1.01192745617345,0.4218901166502442,0.8630103859374577,False
dmv.379,300,2.0305947865386167,1.167917936815163,0.5751605118646119,0.5531061260713066,False
dmv.38,300,1.8553711904296122,1.2817523332385448,0.6908333706215166,0.36985662666514074,False
dmv.380,300,2.224407959996393,1.0854263043812302,0.48796188644415317,0.7175179777279411,False
dmv.381,300,2.415822018814439,1.0056031059607902,0.4162571158508972,0.8764521426963131,False
dmv.382,300,2.4114363644056853,1.004463917316118,0.4165417475421023,0.8757685882036274,False
dmv.383,300,4.916867784228034,2.043302657793801,0.4155699822452327,0.8781042498794742,False
dmv.384,300,2.296437186544063,1.0388248787733279,0.4523637244947546,0.7932687225378977,False
dmv.385,300,2.4056774651000037,1.0020858012181861,0.41655035463223644,0.8757479252058341,False
dmv.386,300,2.3627300947439798,1.0199540204463764,0.4316845257591288,0.8400602219574532,False
dmv.387,300,2.5322763764519443,1.0653329524379722,0.42070169052030776,0.8658312700426354,False
dmv.388,300,2.525564912834504,1.049891067969234,0.41570543787406167,0.8777783515628649,False
dmv.389,300,2.275181672578839,1.0603217412774686,0.4660382746823162,0.7634875137179374,False
dmv.39,300,2.535535017172039,1.0578105548810341,0.41719422043748505,0.8742034091693933,False
dmv.390,300,3.1624418172679793,1.3113040641713654,0.41464922991190256,0.880322345286932,False
dmv.391,300,1.4821816637368601,1.6232687421595908,1.0951887895219425,0.09092675892980018,False
dmv.392,300,2.406060432798894,1.0001285223234297,0.41567057447514394,0.8778622207109286,False
dmv.393,300,2.5055962361026802,1.0377744998216707,0.4141826543592965,0.8814482083497437,False
dmv.394,300,2.399214859702279,1.0024959528379693,0.4178433410346459,0.872648698919553,False
dmv.395,300,2.5371865525385684,1.0505954651703162,0.4140789190763874,0.8816986975352342,False
dmv.396,300,2.4504617562001454,1.0178145860819858,0.41535624194367315,0.8786187126561965,False
dmv.397,300,2.422176626700248,1.0052774205659358,0.41503060077639087,0.8794030246592832,False
dmv.398,300,2.3068391747932155,1.02649987862012,0.44498111954949576,0.8097234256946502,False
dmv.399,300,2.5607004087399705,1.072603333298105,0.4188710751313134,0.8701921029922837,False
dmv.4,300,1.876591200532597,1.2703989066614603,0.6769715782003599,0.3901259889299189,False
dmv.40,300,2.2628219128056224,1.0516675052450706,0.46475928984669035,0.7662356636687071,False
dmv.400,300,2.398363377338952,1.002132010252873,0.4178399402365647,0.8726568378835778,False
dmv.401,300,2.444034532499642,1.0171507747218858,0.41617692434222375,0.87664481023524,False
dmv.402,300,2.14166203268556,1.1145138497949243,0.5203966978848514,0.653163877704327,False
dmv.403,300,1.930583368238649,1.2220505016881449,0.6329954571208557,0.4572920336080176,False
dmv.404,300,2.336831519777216,5.68371925119901,2.4322332196806693,0.8888098557564443,True
dmv.405,300,2.2416716481474785,1.074793025640728,0.4794605073088822,0.7350937502844215,False
dmv.406,300,2.6497805898561078,1.1054807409835787,0.4171970861344449,0.8741965402172908,False
dmv.407,300,2.3397571681261327,1.0299408742399283,0.4401913533038937,0.8205457527362761,False
dmv.408,300,2.4305861292183373,1.0129027904968246,0.4167319060701496,0.8753121750420593,False
dmv.409,300,2.4127064226207113,1.001885147762088,0.41525364974733564,0.8788657412502103,False
dmv.41,300,2.4011386740378615,1.0001953276482647,0.4165504218739236,0.8757477637807364,False
dmv.410,300,2.503814392638076,1.0417408364828538,0.41606152578476546,0.8769221311357109,False
dmv.411,300,2.4012178442424976,1.0000599057837463,0.4164802906915058,0.87591613976382,False
dmv.412,300,2.400073765402825,1.0000085422665308,0.41665741973505166,0.8754909302360361,False
dmv.413,300,2.457602891477696,1.01643920071618,0.41358968295525567,0.8828809005979352,False
dmv.414,300,1.6576878662549712,1.4364052915527308,0.866511314218545,0.14328011253313688,False
dmv.415,300,2.168010905373168,1.1030866696834734,0.5088012550811432,0.6756978002117374,False
dmv.416,300,2.402101563411193,1.0015503722973835,0.4169475544052746,0.874794833905187,False
dmv.417,300,2.4033573627787863,1.0013646390641995,0.4166524107369582,0.8755029521705204,False
dmv.418,300,2.4009213805293834,1.0001301110863763,0.41656095830420564,0.8757224696111132,False
dmv.419,300,1.8956228526177308,1.2481504440281914,0.6584381710236177,0.41788465586901924,False
dmv.42,300,1.5628640559189892,1.5115969036697248,0.9671966655992235,0.03335342716555345,False
dmv.420,300,2.553916121258101,1.0634346150835094,0.4163937124762125,0.8761240420762367,False
dmv.421,300,10.777842633667989,4.586440060497003,0.4255434242628308,0.8543882815041792,False
dmv.422,300,2.401969127709697,1.0003626147323865,0.4164760500840587,0.8759263218279678,False
dmv.423,300,16.889603652210003,7.031316141851324,0.4163103105697378,0.876324357925435,False
dmv.424,300,2.218669626184688,1.0713724244709992,0.4828895712217297,0.7279672824805299,False
dmv.425,300,2.417998302009021,1.0054205869539177,0.41580698634839924,0.8775341015146773,False
dmv.426,300,1.962745934242576,1.244426477132417,0.6340232097399001,0.4556697167924277,False
dmv.427,300,2.3816073854213156,1.0045292461065745,0.4217862491759402,0.8632566118104013,False
dmv.428,300,2.462330338109501,1.0239119356942077,0.4158304512790655,0.8774776708404175,False
dmv.429,300,2.401125068736546,1.000450069044792,0.41665887465463064,0.8754874383576491,False
dmv.43,300,2.4033933154532905,1.0002737786246794,0.41619229453337453,0.8766078790494057,False
dmv.430,300,2.2189876011886462,1.0810017039865898,0.48715986669214784,0.7191629414061175,False
dmv.431,300,2.4206337802041893,1.0055362561611483,0.41540205890885634,0.8785084111035485,False
dmv.432,300,2.486766815558671,1.0462952102868643,0.42074520366792256,0.8657278454582579,False
dmv.433,300,2.430301764548604,1.0089173415205366,0.4151407682115268,0.8791376157572227,False
dmv.434,300,2.4003725895544794,1.0021466607773784,0.41749629417463957,0.873479610959029,False
dmv.435,300,2.5406654271998224,1.0559719102445397,0.41562808661838335,0.8779644411493487,False
dmv.436,300,1.874456723552701,1.2158270972494267,0.6486290571409095,0.43289428632684734,False
dmv.437,300,2.4257759416450164,1.0084646334079974,0.4157286813241774,0.8777224398566091,False
dmv.438,300,2.801829054022396,1.1682596890449157,0.41696322884785725,0.8747572412924056,False
dmv.439,300,2.4377114281511987,1.0123298089589623,0.41527877224037557,0.8788052439297386,False
dmv.44,300,1.1724799039083433,2.0106356930368436,1.714857275024154,0.539329855594537,False
dmv.440,300,2.3930439318738697,1.0026489738632343,0.41898477520975197,0.8699206957350801,False
dmv.441,300,2.402432133054681,1.0015602907370207,0.4168943117920844,0.8749225382467917,False
dmv.442,300,2.4087308613569056,1.002239207512334,0.4160860076113878,0.8768632910246805,False
dmv.443,300,2.3979131398147877,1.0003389372145193,0.41717063083101685,0.8742599542322363,False
dmv.444,300,2.3549213635041775,1.0505611871009366,0.44611306491256986,0.8071828503174141,False
dmv.445,300,1.4550255767055236,1.620657745175507,1.1138345408642292,0.1078086034219985,False
dmv.446,300,2.609700889248181,1.0941863933403835,0.4192765530518724,0.8692245456347073,False
dmv.447,300,2.356964747619713,1.0063111333037564,0.42695213592822084,0.8510833658814131,False
dmv.448,300,1.8310635709119127,1.3244909758247854,0.7233451622682645,0.3238687678831921,False
dmv.449,300,3.7585218388408212,1.5639246134160358,0.4161009781170704,0.8768273123181134,False
dmv.45,300,2.4008778655708247,1.0025466669037169,0.41757503839761323,0.8732910181523175,False
dmv.450,300,3.538105852224225,1.4478017446317157,0.409202495657827,0.8935451460527186,False
dmv.451,300,2.4017020135109983,1.0050328467186729,0.4184669209855207,0.8711574340271864,False
dmv.452,300,2.6740002879790885,1.0956055426133786,0.4097252896862615,0.8922683690064139,False
dmv.453,300,2.5549764634649255,1.0637654794205895,0.41635040268745427,0.8762280591158257,False
dmv.454,300,3.1653266922895913,1.2731962218760475,0.4022321692662631,0.9107258215843353,False
dmv.455,300,2.5537074645407594,1.0628308707995693,0.4161913161775173,0.8766102297825163,False
dmv.456,300,2.2958998874522036,1.037106023940555,0.45172092633858174,0.794690709436789,False
dmv.457,300,2.4201089645731226,1.0085531654451823,0.4167387420190308,0.8752957714676874,False
dmv.458,300,2.4221469608777277,1.0060401168451802,0.41535056835717993,0.8786323723166759,False
dmv.459,300,2.7354329565749698,1.1453811564395158,0.4187202445179447,0.8705522562351855,False
dmv.46,300,2.3687049307108667,1.0063229119191148,0.4248409748600935,0.8560403568791065,False
dmv.460,300,2.4214086788511553,1.0104994078588372,0.4173188180436653,0.873904797640608,False
dmv.461,300,2.40131052975771,1.0005452324052035,0.4166663244949655,0.8754695585663199,False
dmv.462,300,2.406767876977554,1.003307389665916,0.41686919593005395,0.8749827852156393,False
dmv.463,300,2.424860662897574,1.0067587153099287,0.41518208889862884,0.8790380865517279,False
dmv.464,300,2.412550154625685,1.0113021709502854,0.41918389510422105,0.869445564880713,False
dmv.465,300,2.310223737387276,1.0624162173230496,0.45987589865411843,0.7767986114321855,False
dmv.466,300,2.40203171334103,1.0002871664073367,0.4164337884681876,0.8760278012773661,False
dmv.467,300,2.422249026687019,1.0084785295456868,0.4163397398181691,0.8762536697691563,False
dmv.468,300,2.4607299890201064,1.0227792102690851,0.4156405679748588,0.877934411491891,False
dmv.469,300,3.822463013127735,1.5852513322771136,0.4147198617312401,0.8801520186610187,False
dmv.47,300,2.3254387244823516,1.0277822256175198,0.4419734714129295,0.8165054181334382,False
dmv.470,300,3.5750293382315426,1.5217400747111458,0.42565806619755014,0.8541189165260927,False
dmv.471,300,2.188513364258891,1.0884654399741607,0.4973538008723808,0.6984536331642364,False
dmv.472,300,2.5002698168400768,1.0396845502208685,0.4158289410279951,0.8774813027384862,False
dmv.473,300,1.8809572195999187,1.297432667139607,0.6897725549630375,0.37139336621925473,False
dmv.474,300,2.401691439868312,1.0038371759799791,0.4179709180439186,0.8723434229353788,False
dmv.475,300,2.400942405554124,1.0001124681180742,0.4165499621334123,0.875748867466487,False
dmv.476,300,2.212999460893796,1.094002951779689,0.4943530132347336,0.7045054153106847,False
dmv.477,300,2.512647370974925,1.0508108388598496,0.41820863961986343,0.8717748331386764,False
dmv.478,300,2.3793494842771477,1.0022385407743997,0.4212237619556264,0.8645910854141794,False
dmv.479,300,1.9219865811465677,1.187889805208241,0.6180531211095143,0.4811808687306063,False
dmv.48,300,2.3794350988573276,1.0093253591579505,0.42418696758850755,0.8575809596513888,False
dmv.480,300,2.40370112758016,1.0020787932054094,0.4168899293291992,0.8749330504696644,False
dmv.481,300,2.268069431266395,1.0596254644781848,0.46719269254757084,0.7610134885417017,False
dmv.482,300,2.402678046522695,1.0014116260046755,0.416789768173052,0.8751733373734458,False
dmv.483,300,2.401315361678015,1.0001752390678673,0.4165114066354679,0.8758414308703786,False
dmv.484,300,2.406402592663388,1.0035875412377007,0.4170488946020199,0.8745518108147059,False
dmv.485,300,2.3993900063353966,1.000575186723765,0.4170123173314162,0.8746395196545459,False
dmv.486,300,2.402198735515952,1.000952387631329,0.41668175610638697,0.875432523354306,False
dmv.487,300,2.335927475613593,1.0274342129467449,0.4398399452349702,0.8213443790764628,False
dmv.488,300,2.4198945576891,1.0065261950929882,0.41593803824831915,0.8772189763329716,False
dmv.489,300,1.4934162812061824,1.5798385530206558,1.0578688426676808,0.056256358518719185,False
dmv.49,300,16.981578947368423,6.983766233766234,0.4112554112554112,0.8885408189212529,False
dmv.490,300,2.398897008963792,1.001684949578099,0.417560631338141,0.8733255204733076,False
dmv.491,300,1.8444577233343293,1.3240515761168885,0.717854120138534,0.3314889058713301,False
dmv.492,300,2.715303836305845,1.1389129028412845,0.4194421587790959,0.8688296439184593,False
dmv.493,300,2.5133348592246088,1.035471278887362,0.4119909748941357,0.8867538354692996,False
dmv.494,300,2.4035289024727353,1.0011868957021843,0.4165487232844047,0.8757518415415377,False
dmv.495,300,2.266003275925733,1.0661755796317265,0.47050928432403105,0.7539395872629111,False
dmv.496,300,1.7613021055651576,1.3526450284145086,0.767980134776753,0.2639914123451031,False
dmv.497,300,14.653378482376482,6.291085706733629,0.42932663715059804,0.8455372578064955,False
dmv.498,300,1.3806663216851334,1.7665928459697537,1.279521936780198,0.24648652127745574,False
dmv.499,300,1.958843616248706,1.229151942347982,0.6274885509757415,0.4660298535996341,False
dmv.5,300,2.3936736082754866,1.0057739731981499,0.4201800820800945,0.8670718927415978,False
dmv.50,300,2.6818990240808076,1.1120458988735913,0.4146486832235353,0.8803236637235485,False
dmv.500,300,2.409163861747845,1.002452406299523,0.4160997191665681,0.8768303379115945,False
dmv.501,300,2.3999816828982294,1.000209497254947,0.41675713793244,0.875251629885576,False
dmv.502,300,2.2215814944372845,1.1107891566799954,0.4999992840511812,0.693148612458608,False
dmv.503,300,2.4667711690026013,1.0366838441247654,0.42025942947271094,0.8668830691754481,False
dmv.504,300,2.2300840812371785,1.0840548209582543,0.48610490971123194,0.7213308147734806,False
dmv.505,300,2.392248651227425,1.0037932646529146,0.41960239548588907,0.868447693501341,False
dmv.506,300,2.3990733371510107,1.0024064673085007,0.41783068978578863,0.8726789768709828,False
dmv.507,300,2.380750867523484,1.0022745669363238,0.42099094895171224,0.8651439444579101,False
dmv.508,300,2.4178356761647186,1.0037893412751697,0.4151602820533388,0.8790906115006115,False
dmv.509,300,2.2439298690812617,1.0551082696138276,0.470205546150078,0.7545853476456936,False
dmv.51,300,1.9173144833917894,1.2793334992074037,0.6672528217406581,0.40458626179575496,False
dmv.510,300,2.269735387816137,1.0434536017507476,0.45972477996861283,0.7771272729705659,False
dmv.511,300,2.726294250051156,1.0635067609636168,0.3900924344258369,0.9413715565928975,False
dmv.512,300,2.43416206500229,1.0200101682787364,0.41903954668596677,0.8697899800151142,False
dmv.513,300,2.39721480612195,1.0040855315492005,0.41885505169790826,0.8702303575790606,False
dmv.514,300,1.4720111529702233,1.5897273693418836,1.079969649777539,0.07693293868342393,False
dmv.515,300,2.2926671065184245,1.0520760315505073,0.45888739301021264,0.7789504301526314,False
dmv.516,300,4.683415559772296,1.9878865979381444,0.42445231958762886,0.856955600887592,False
dmv.517,300,2.4569644274792557,1.0362283942548267,0.421751484337913,0.863339038088837,False
dmv.518,300,2.3989439345731056,1.0023508776600354,0.4178300556400476,0.8726804945819547,False
dmv.519,300,2.422106143411709,1.008158899914916,0.41623233674427346,0.8765116728358333,False
dmv.52,300,2.7341948407269885,1.1521190076705186,0.42137414295031894,0.8642341393657412,False
dmv.520,300,2.4036959319940077,1.0003575068570636,0.41617473056469667,0.8766500815109421,False
dmv.521,300,2.4231339957655442,1.0078384016191169,0.41592351202216904,0.8772539009575004,False
dmv.522,300,2.401983436291167,1.0014219130217028,0.41691457896477807,0.8748739247745143,False
dmv.523,300,2.390575667581615,1.00520020206126,0.42048457854427745,0.8663474743337323,False
dmv.524,300,2.4068872711807408,1.007434016462703,0.41856302475208507,0.8709278036119877,False
dmv.525,300,2.390767859165379,1.0037211696600343,0.4198321329325696,0.8679003310933417,False
dmv.526,300,6.802727451752658,2.775669676486245,0.40802306077558936,0.8964315846664583,False
dmv.527,300,1.9351605780545529,1.2408616990748964,0.6412189836578596,0.444384252231696,False
dmv.528,300,2.332247804655524,1.0048246710204614,0.4308395827470294,0.8420194559638993,False
dmv.529,300,2.4517354248406984,1.0228347531279018,0.4171880631020211,0.8742181681967253,False
dmv.53,300,3.162658004479945,1.3020527111407898,0.41169570320167903,0.887470786982434,False
dmv.530,300,2.730627811191869,1.127155832743004,0.41278266782576317,0.8848340525524506,False
dmv.531,300,2.401323535326574,1.0018607048485484,0.4172118792448756,0.8741610825195762,False
dmv.532,300,2.406765531303373,1.0029042068170393,0.41670208159991434,0.8753837451260472,False
dmv.533,300,2.409426877937044,1.01360357534891,0.42068243889466345,0.8658770318414967,False
dmv.534,300,2.345081052229833,1.0181550308579848,0.43416624337562515,0.8343277689737755,False
dmv.535,300,2.409266261460586,1.0014911257583565,0.41568304084049873,0.8778322301867374,False
dmv.536,300,1.979630328178046,4.910222557525462,2.480373475609756,0.9084091438425353,True
dmv.537,300,2.4232123938541306,1.0060438837997698,0.41516950241396394,0.8790684025884467,False
dmv.538,300,2.63448537730125,1.094525283746616,0.41546075494556006,0.8783671217454918,False
dmv.539,300,2.3992047926889613,1.0024257537562493,0.41781583498454034,0.872714529705368,False
dmv.54,300,1.7812515210019955,1.3657260483229825,0.7667227408483726,0.26563002817061465,False
dmv.540,300,2.4025410008811177,1.0017269429544393,0.41694478578599153,0.8748014741371442,False
dmv.541,300,2.4218655161666036,1.0102711533574018,0.4171458516641697,0.8743193541539072,False
dmv.542,300,2.4783844928448078,1.033578776007259,0.4170372994953935,0.8745796139523412,False
dmv.543,300,2.2044914102688535,1.0751198384176375,0.4876951814870165,0.7180646963907709,False
dmv.544,300,2.401212560841851,1.0002038632077876,0.4165411590455458,0.8757700010199316,False
dmv.545,300,2.425536314989862,1.0103207569143249,0.41653499503203595,0.8757847992193033,False
dmv.546,300,1.0823174699579194,2.146662123975389,1.9833941367118941,0.6848095875851683,False
dmv.547,300,46.75675675675676,102.37837837837837,2.189595375722543,0.7837167668141438,True
dmv.548,300,2.4631883372972996,1.022258328242837,0.41501427753774456,0.8794423556378241,False
dmv.549,300,2.1009044832425094,1.1526580290036461,0.5486484693605148,0.6002973533778639,False
dmv.55,300,2.143627397241932,1.1173181696807106,0.521227789455524,0.6515681169342327,False
dmv.550,300,2.412715334383895,1.0026606016100956,0.4155735188984209,0.8780957395483862,False
dmv.551,300,2.4076635425714006,1.0027368923023332,0.4164771674165916,0.8759236390061492,False
dmv.552,300,2.0210693699065794,1.1913847364280095,0.5894823572943858,0.528510487706369,False
dmv.553,300,11.687224370717145,5.001829321408868,0.4279740991317983,0.8486926012787104,False
dmv.554,300,2.4229358363403266,1.0081399056915252,0.41608196575863493,0.8768730050556989,False
dmv.555,300,2.101690015463894,1.1580057421700163,0.5509878876759171,0.596042452510192,False
dmv.556,300,10.237785016286646,4.3774373259052926,0.4275766016713092,0.8496218214610269,False
dmv.557,300,3.762983227195264,1.508169317875438,0.40079086905724814,0.9143155112642841,False
dmv.558,300,2.4003035698248305,1.0020464494031451,0.41746654964824825,0.873550858504052,False
dmv.559,300,2.7553659348553605,1.1125756128621458,0.40378506491209454,0.9068725601368557,False
dmv.56,300,2.4203442440993723,1.0073638050128724,0.41620682986263374,0.8765729551076699,False
dmv.560,300,2.398166081435036,1.0026121628512459,0.41807453229064684,0.8720955554367463,False
dmv.561,300,1.2848723973712979,1.858567879985135,1.4464999666796117,0.36914682239887214,False
dmv.562,300,3.1728971962616823,6.593457943925234,2.078055964653903,0.7314328242941179,True
dmv.563,300,2.391370628447277,1.0296695799587556,0.43057716261545065,0.8426287316509796,False
dmv.564,300,1.6098030124904101,1.5158102258603694,0.9416122432988672,0.06016172046675167,False
dmv.565,300,2.1995306413638773,1.0942028568037765,0.49747106779348477,0.6982178792635435,False
dmv.566,300,2.2182856084026255,1.0854005876453452,0.4892970425151592,0.7147855250234149,False
dmv.567,300,4.64761662317826,1.869122041424851,0.40216786214751443,0.9108857099890453,False
dmv.568,300,2.4314940067415094,1.0143107066153134,0.4171553389821471,0.8742966110053076,False
dmv.569,300,2.1508076923076924,1.2994939289354626,0.6041888047839278,0.5038685391917493,False
dmv.57,300,2.2445334600143494,1.0695167603555706,0.4764984703541613,0.7412907660626837,False
dmv.570,300,2.4520008893260155,1.0190190168635198,0.41558672400955726,0.878063964421387,False
dmv.571,300,2.7720528351141005,1.1487668466511214,0.4144101555711643,0.8808990816499752,False
dmv.572,300,6.796350154776474,2.8181943014074835,0.41466290541649875,0.8802893649312498,False
dmv.573,300,2.4147331129213203,1.0102418589648434,0.41836584488737255,0.8713990022419162,False
dmv.574,300,2.401683507903374,1.0009067618399363,0.41675214846010655,0.875263602091321,False
dmv.575,300,2.505756383308802,1.0441944238701237,0.41671825354836994,0.8753449365014538,False
dmv.576,300,2.293323365170425,1.046584036884019,0.45636130202085284,0.7844704542015637,False
dmv.577,300,2.342422147733943,1.027077777204431,0.4384682659349107,0.8244678393784178,False
dmv.578,300,2.381006714087802,1.0102378285810611,0.42429020573681914,0.8573376103850405,False
dmv.579,300,2.4017118974701717,1.0004426252066405,0.41655396979981263,0.8757392464186279,False
dmv.58,300,2.0883068564801484,1.1743619255205193,0.5623512281618959,0.5756286631531703,False
dmv.580,300,1.6900806078575599,1.4287944866203628,0.8454002016102546,0.16794515237034824,False
dmv.581,300,2.4060812674219694,1.0056038315803297,0.4179425878901416,0.8724112054358091,False
dmv.582,300,2.401812842648448,1.0002405204283769,0.4164523157955241,0.8759833118153746,False
dmv.583,300,2.400351430905774,1.0000008634597313,0.4166060230115473,0.8756142927188547,False
dmv.584,300,2.5816618455767824,1.0720411833616579,0.41525236358836437,0.8788688385401773,False
dmv.585,300,2.42008674062239,1.005556478114743,0.4155043128148941,0.8782622849212645,False
dmv.586,300,2.212870013582033,1.0945637825513022,0.4946353720883505,0.7039344098965077,False
dmv.587,300,3.022316346790205,1.1929780564263324,0.39472309299895514,0.9295707903001053,False
dmv.588,300,2.4377528231412806,1.0341154299853268,0.42420848421078594,0.8575302365546599,False
dmv.589,300,2.43157149900383,1.011176614375253,0.41585312822983544,0.8774231382000378,False
dmv.59,300,2.044231019514473,1.2000425062589062,0.5870385953461997,0.5326647111516041,False
dmv.590,300,5.241152700978307,2.164917027575483,0.41306123883232454,0.8841594189688375,False
dmv.591,300,2.3645442921732407,1.0174583619034876,0.43029786554277094,0.8432775995431674,False
dmv.592,300,2.3169962816750624,1.0375812921931442,0.44781310198867874,0.8033793166732,False
dmv.593,300,2.424148131909488,1.0091906151973946,0.4163073212866991,0.8763315383715948,False
dmv.594,300,2.4055042051887185,1.0001081171745798,0.41575820778750977,0.8776514189812797,False
dmv.595,300,2.5395059400339433,1.0865741487816685,0.4278683233822817,0.8489397863849228,False
dmv.596,300,2.400834317695999,1.0005304105593646,0.4167427977785408,0.875286039375694,False
dmv.597,300,3.6971877043819488,1.4897387752412952,0.4029383667687848,0.9089716647889714,False
dmv.598,300,2.426966228187652,1.0146350574567353,0.418067233763866,0.8721130130667256,False
dmv.599,300,2.4628729487314285,1.038930126609342,0.42183667133315667,0.8631370746189602,False
dmv.6,300,2.445471361300414,1.0176582010668693,0.41613989726942263,0.8767337837411554,False
dmv.60,300,2.310487934550591,1.0404368581928083,0.4503104485569114,0.7978180483974815,False
dmv.600,300,2.307690071794673,1.0589766520138215,0.4588903271531014,0.7789440361362495,False
dmv.601,300,2.377880253795629,1.006643390383002,0.42333645219357613,0.8595880208383485,False
dmv.602,300,2.5141348168230553,1.0467855103575108,0.41636013444985576,0.8762046854176005,False
dmv.603,300,2.4020366291563726,1.0014220334574622,0.41690539657139825,0.8748959496567422,False
dmv.604,300,2.402815298992908,1.001463357112735,0.4167874898800912,0.8751788036765121,False
dmv.605,300,2.420523602867157,1.013349392258029,0.4186488374076159,0.8707228073387387,False
dmv.606,300,2.262077017216184,1.0657611679072296,0.4711427417351175,0.7525941698706885,False
dmv.607,300,2.62563018285778,1.0958688216796333,0.4173736380829044,0.8737734437774801,False
dmv.608,300,2.379944917376064,1.0286909917650016,0.4322331093692511,0.83879023125105,False
dmv.609,300,2.423221120816567,1.0079195956923932,0.41594206448347093,0.8772092964881512,False
dmv.61,300,2.4913975386167446,1.0468955586245674,0.4202041394027454,0.8670146395899022,False
dmv.610,300,2.3980378159988063,1.0171792545998106,0.4241714821232481,0.8576174665436499,False
dmv.611,300,1.9658331544680547,1.208993519905228,0.6150031182236195,0.48612794090616485,False
dmv.612,300,2.403121579957575,1.000411131952266,0.4162965121265015,0.8763575030855786,False
dmv.613,300,2.2261674518555252,1.0789547938695496,0.48466919816397175,0.7242886863985416,False
dmv.614,300,2.4433148224877574,1.0154941102501989,0.4156214749338906,0.8779803489700532,False
dmv.615,300,2.393561592637012,1.0044619847531602,0.4196516136635255,0.8683304032002966,False
dmv.616,300,2.40157584223836,1.001701408596991,0.4171017175386671,0.8744251599774373,False
dmv.617,300,1.1438986524250139,2.0720621925929144,1.8114036485664489,0.5941020411812872,False
dmv.618,300,2.409407822854398,1.0046881871448718,0.4169855254950693,0.8747037688287771,False
dmv.619,300,2.3737942048825005,1.0180030641059403,0.42885059792128444,0.846646677303273,False
dmv.62,300,2.4210929530981558,1.005254090095528,0.41520673083169024,0.8789787362028718,False
dmv.620,300,2.2362622415669207,1.1148500699470836,0.4985327969254278,0.6960859005198626,False
dmv.621,300,2.7289113894915835,1.138374457282645,0.4171533240933604,0.874301441085291,False
dmv.622,300,2.4206995718318787,1.0052266884587229,0.41526288522371724,0.8788435009311004,False
dmv.623,300,1.3412691541857849,3.1309348603089404,2.3343076596804084,0.8477153416642276,False
dmv.624,300,2.3994917002407656,1.0036078687685597,0.4182585289492176,0.8716555473345516,False
dmv.625,300,2.4206446706516656,1.0055183515238597,0.41539279338060076,0.8785307163169966,False
dmv.626,300,2.400293622683489,1.0019222131412648,0.4174165209092762,0.8736707046017781,False
dmv.627,300,2.4390542796569825,1.0300265846700642,0.4223057245019256,0.8620257616003102,False
dmv.628,300,2.1856203599704136,1.1072514122912898,0.5066073836840898,0.6800189665423123,False
dmv.629,300,2.1929108297750144,1.1160941856117756,0.5089555719537777,0.6753945512042772,False
dmv.63,300,1.7780386525923626,1.3122346752807394,0.7380237057093862,0.30377933334011675,False
dmv.630,300,2.424940543733387,1.008286124132959,0.4157982869883577,0.8775550233638304,False
dmv.631,300,1.5773987568679861,1.5001604229787184,0.9510343636617106,0.05020508285012942,False
dmv.632,300,2.3051383002733403,1.0406344509475425,0.45144122191026254,0.7953100986301995,False
dmv.633,300,2.4008265829132287,1.000639989803701,0.4167897827045455,0.8751733025081627,False
dmv.634,300,2.045270425281753,1.1726656910255624,0.5733548368617407,0.5562504923918874,False
dmv.635,300,2.4027805212904463,1.0015152100105602,0.41681510280959105,0.8751125540516856,False
dmv.636,300,2.395852861648937,1.0008781479600155,0.4177544305751584,0.8728615057575887,False
dmv.637,300,2.406753475146998,1.0033557449359771,0.41689178193653376,0.8749286066030995,False
dmv.638,300,2.400123069728885,1.0001045897359122,0.4166888783119287,0.8754154308260892,False
dmv.639,300,2.3823550206023683,1.0052808940502083,0.4219693896823267,0.8628225038748137,False
dmv.64,300,2.647413030925944,1.1018782054301133,0.4162094061479809,0.8765667652107512,False
dmv.640,300,2.400942405554124,1.0001124681180742,0.4165499621334123,0.875748867466487,False
dmv.641,300,2.3790903577926015,1.0077183466220763,0.4235729606995972,0.8590294994461696,False
dmv.642,300,1.011718220260624,2.3926435959710526,2.364930815770714,0.8607487681421027,False
dmv.643,300,2.4036199410170744,1.0010749258934082,0.41648636242791803,0.8759015611816172,False
dmv.644,300,2.5880563943258097,1.0761372508242986,0.41580904233141064,0.877529156965894,False
dmv.645,300,2.3960575763765495,1.003303734611252,0.4187310624348616,0.8705264209016498,False
dmv.646,300,2.065637780568705,1.1734644960382263,0.5680882229580211,0.5654785502130235,False
dmv.647,300,2.402301516142298,1.0073573692395852,0.41933011425528127,0.8690968070760485,False
dmv.648,300,2.279529157082939,1.0540716999050332,0.46240764090681985,0.7713084373080316,False
dmv.649,300,2.4417427104082514,1.0187017024039424,0.4172027208524435,0.8741830341786951,False
dmv.65,300,2.5977211611707154,1.100065099485617,0.42347312557204964,0.8592652248208049,False
dmv.650,300,3.4193270300333705,1.4494070773510621,0.4238866492208313,0.8582891962343389,False
dmv.651,300,2.5701796850959364,1.0728877774138519,0.4174368755754151,0.8736219423490793,False
dmv.652,300,2.329351842313264,1.0340166499222923,0.4439074557733696,0.8121391712179382,False
dmv.653,300,2.029953542310439,1.1546953050432989,0.5688284391617433,0.564176403216719,False
dmv.654,300,2.4264330419131928,1.0107548434253961,0.4165599569269122,0.8757248735293803,False
dmv.655,300,2.3086530607924667,1.0426411143968395,0.45162312696691775,0.7949072368422404,False
dmv.656,300,2.373960183678455,1.0073888156572253,0.4243494994495968,0.8571978721368492,False
dmv.657,300,2.4029452092537786,1.0002547295313062,0.4162619795404864,0.8764404584247663,False
dmv.658,300,2.4333894618945884,1.0128057599897826,0.4162119446351314,0.8765606661669242,False
dmv.659,300,2.321782260654431,1.0334335386620437,0.4451035552191505,0.8094483155306452,False
dmv.66,300,2.4531517891637344,1.0311847391849744,0.4203509720597026,0.8666652689027257,False
dmv.660,300,2.459220931695711,1.0236090146115024,0.41623304413958917,0.8765099733169538,False
dmv.661,300,2.405019697811181,1.0166098779463033,0.4227033478651025,0.8610846512488897,False
dmv.662,300,1.9547523787540715,1.2543370802732958,0.6416859208902923,0.4436563147962769,False
dmv.663,300,2.403129216649873,1.0044614766943827,0.4179806353046096,0.8723201745529755,False
dmv.664,300,2.410312253891173,1.0012844917169033,0.41541691957149707,0.8784726375763972,False
dmv.665,300,2.4162478745512943,1.0011861860296476,0.41435574411651427,0.8810303888254966,False
dmv.666,300,2.5616009337158974,1.0583796408667934,0.4131711645386902,0.883893329896161,False
dmv.667,300,2.3998005674157716,1.0006577641054957,0.4169753844099867,0.8747280891175643,False
dmv.668,300,2.40090516273952,1.000095667779149,0.4165494261497624,0.8757501541884732,False
dmv.669,300,1.692671058170922,1.40595888181356,0.8306155381027314,0.18558824087795095,False
dmv.67,300,2.3985762263746473,1.0038507364690674,0.4185194222433981,0.871031980945733,False
dmv.670,300,2.414228126476959,1.00800849221473,0.4175282696609534,0.8734030252208022,False
dmv.671,300,2.4025410008811177,1.0017269429544393,0.41694478578599153,0.8748014741371442,False
dmv.672,300,2.3177676537585423,1.03489040989041,0.44650308593797533,0.8063089672942253,False
dmv.673,300,2.401404352479894,1.003856466064221,0.4180289192145228,0.8722046641267945,False
dmv.674,300,2.4010737729906553,1.000227988017019,0.4165752836370313,0.8756880806790133,False
dmv.675,300,2.10110564374325,1.1630602200523126,0.5535467593053763,0.5914090510784493,False
dmv.676,300,2.527629592350277,1.0408975350945064,0.41180778158505577,0.8871985880515507,False
dmv.677,300,2.2356328962832377,1.0684994799522356,0.4779404891244116,0.7382690539811416,False
dmv.678,300,9.334703582799339,3.9922437864111138,0.42767761729118553,0.8493855978491316,False
dmv.679,300,2.4020174479943046,1.0002143179445229,0.41640593359540595,0.8760946925940365,False
dmv.68,300,2.4002070709831744,1.007115900870335,0.41959542284732937,0.868464310890966,False
dmv.680,300,2.410183261751168,1.0030519743358042,0.4161724920481841,0.8766554603154888,False
dmv.681,300,2.2855335466762763,1.068467983664068,0.467491708978799,0.760373665215367,False
dmv.682,300,2.3999579492162755,1.0004332887053609,0.41685450740170676,0.8750180211776014,False
dmv.683,300,2.404530471094412,1.0006437741641012,0.4161493423323774,0.8767110871532248,False
dmv.684,300,2.415833061975933,1.0071855559591374,0.4169102459154817,0.8748843179630287,False
dmv.685,300,2.4090824433176286,1.0020622595017152,0.4159518335627159,0.87718581012945,False
dmv.686,300,2.4209070205540977,1.005930495682144,0.415518021609895,0.8782292923182158,False
dmv.687,300,2.0874812967581047,1.1410357215776052,0.546608835896951,0.6040218404213294,False
dmv.688,300,2.401983436291167,1.0014219130217028,0.41691457896477807,0.8748739247745143,False
dmv.689,300,2.3971796410815416,1.0014611767874604,0.4177664283581303,0.872832786467473,False
dmv.69,300,2.4027826577961946,1.000700766976103,0.416475773923695,0.8759269849164101,False
dmv.690,300,2.398714098369051,1.0021672315880152,0.4177935304042341,0.8727679148904446,False
dmv.691,300,2.376453941426258,1.010744331041551,0.42531618788072967,0.8549224151832503,False
dmv.692,300,2.419526748145808,1.0050084208197447,0.41537396583440456,0.8785760420260252,False
dmv.693,300,2.399215542560376,1.0003926682027033,0.41696656697009893,0.8747492355291905,False
dmv.694,300,2.3432207737311828,1.0273576368742807,0.4384382591651351,0.8245362771626705,False
dmv.695,300,2.4403828741735594,1.0143688530615245,0.41565971626687576,0.8778883432001238,False
dmv.696,300,2.404799656742424,1.0083891472718782,0.4193235575548345,0.8691124433289316,False
dmv.697,300,2.489437227174112,1.037596622633801,0.41679967315810973,0.8751495727128896,False
dmv.698,300,2.467100898840063,1.0267631841048104,0.416182080184704,0.8766324217287128,False
dmv.699,300,2.400812273651688,1.0000805039039606,0.41655922659159694,0.8757266267846882,False
dmv.7,300,2.4542576175497905,1.0223177612479335,0.4165486760385672,0.8757519549636599,False
dmv.70,300,110.92678868552413,47.281560283687945,0.42624113475177305,0.8527500488370068,False
dmv.700,300,2.3886776575171975,1.0048293252796585,0.4206634252710693,0.8659222299565815,False
dmv.701,300,1.7530356994947403,1.3807722111004983,0.7876463733730376,0.2387060546043247,False
dmv.702,300,2.403360247750984,1.0015536168962547,0.41673054126341996,0.8753154500707879,False
dmv.703,300,2.3942651172551526,1.003417634831991,0.4190921162408008,0.8696645353929185,False
dmv.704,300,1.8508661385416456,1.2905492090041728,0.6972677181403493,0.360585841337599,False
dmv.705,300,2.3840600936788525,1.0120832604857437,0.4245208680641913,0.8567941152771901,False
dmv.706,300,3.6190605402797877,1.5034694388777554,0.41543086172344684,0.8784390763097849,False
dmv.707,300,2.4224266035476307,1.012822130983228,0.4181022985381499,0.8720291430548445,False
dmv.708,300,2.400123069728885,1.0001045897359122,0.4166888783119287,0.8754154308260892,False
dmv.709,300,2.5135400663914806,1.0479644333324503,0.41692768193543933,0.8748424968383764,False
dmv.71,300,2.487823443343533,1.0290954889184185,0.41365294296582245,0.8827279587433743,False
dmv.710,300,2.4247806302063473,1.0082081828245864,0.41579356510233606,0.8775663796223357,False
dmv.711,300,2.418691294856565,1.0069872710662569,0.4163355915687347,0.8762636334351328,False
dmv.712,300,2.402962029103845,1.0004906313795947,0.41635723713566763,0.876211644115202,False
dmv.713,300,2.4009213805293834,1.0001301110863763,0.41656095830420564,0.8757224696111132,False
dmv.714,300,2.4008617794664135,1.0006442794399295,0.41678545928717337,0.8751836756986185,False
dmv.715,300,2.316165289043637,1.0289647667286206,0.4442535995146911,0.811359709527323,False
dmv.716,300,2.4237097525708697,1.0083373384021836,0.4160305652657556,0.8769965472234424,False
dmv.717,300,2.401461143873746,1.000453060709786,0.41660181063599316,0.8756244039429312,False
dmv.718,300,1.324396789793722,1.8233019479311674,1.376703690300511,0.3196920116239618,False
dmv.719,300,2.3138825918460695,1.0447533344918973,0.4515152748776111,0.7951460752962338,False
dmv.72,300,2.278280292109557,1.0577193177630526,0.46426215484823646,0.7673058974049556,False
dmv.720,300,2.4014039231259603,1.0002534282460276,0.41652860587650564,0.875800138157467,False
dmv.721,300,2.249797369728345,1.0895081814801042,0.48426947072644966,0.7251137694982932,False
dmv.722,300,7.354689446520733,3.06459028550241,0.4166852057842047,0.875424244461632,False
dmv.723,300,2.3862661716404685,1.002803338068396,0.4202395147641918,0.8669304570006428,False
dmv.724,300,2.612454255870805,1.0848073228944592,0.41524452359563413,0.8788877187860915,False
dmv.725,300,2.4483865067399786,1.0174178830509124,0.41554627108511644,0.8781613084679152,False
dmv.726,300,2.3049187614441764,1.0459860945461863,0.4538060568741305,0.7900853597132792,False
dmv.727,300,2.216836630325928,1.0771557116137176,0.4858976511297316,0.7217572716430225,False
dmv.728,300,2.4027837090100794,1.0011957909741538,0.416681612755996,0.8754328673828445,False
dmv.729,300,1.1437325163181031,2.097820741776018,1.8341882493026516,0.6066020126794047,False
dmv.73,300,5.625650863250206,2.334849863512284,0.4150363967242948,0.8793890596470095,False
dmv.730,300,2.481859110660004,1.0311659423817627,0.4154812567533471,0.878317775804373,False
dmv.731,300,2.9949596691306457,1.2494477298610063,0.41718349089611834,0.8742291278366626,False
dmv.732,300,2.4248969874157353,1.006751348194003,0.4151728314310454,0.8790603841677405,False
dmv.733,300,2.4802967952978783,1.0342587145523394,0.41698990077037423,0.8746932762526959,False
dmv.734,300,2.397941962282622,1.0011686464432832,0.41751162546497245,0.8734428896538198,False
dmv.735,300,2.4437920010730814,1.0189145579262822,0.4169399676727281,0.8748130299624388,False
dmv.736,300,5.618534168730876,13.387877021710622,2.3828060165975105,0.8682787917807526,True
dmv.737,300,2.4244535297499583,1.0063302258771554,0.4150750730128209,0.8792958762855839,False
dmv.738,300,2.3559018507964122,1.002002834271512,0.42531603510255955,0.8549227743941196,False
dmv.739,300,2.598361009855542,1.0379744514328058,0.39947276282848504,0.9176096942515203,False
dmv.74,300,2.4281670972858205,1.0127420332817534,0.41708086499227576,0.8744751551387662,False
dmv.740,300,2.4004380909976133,1.0005887521324386,0.4168358917003344,0.8750626797256559,False
dmv.741,300,1.571363211688775,1.5409188219419716,0.9806254915984165,0.019564654183642283,False
dmv.742,300,2.1376761985008863,1.1136832078307068,0.5209784384612192,0.6520466229964369,False
dmv.743,300,2.425373590337233,1.0123669629265062,0.41740660777366795,0.8736944536697377,False
dmv.744,300,2.461858490993788,1.025583310584656,0.4165890583624303,0.8756550146326022,False
dmv.745,300,4.968610021181291,2.1017758258544967,0.4230108253404033,0.8603575084420397,False
dmv.746,300,2.6099703776220498,1.0841851955840855,0.41540134128721,0.8785101386401623,False
dmv.747,300,2.418031608513707,1.0096940875981533,0.4175686058209895,0.873306422871418,False
dmv.748,300,2.434862553546931,1.0168602946184475,0.4176253370594407,0.8731705712191831,False
dmv.749,300,2.400645035746245,1.0020294184328582,0.4174000751932805,0.8737101041922382,False
dmv.75,300,2.4162902617922475,1.0127848055120119,0.4191486517686802,0.8695296444877688,False
dmv.750,300,2.4025410008811177,1.0017269429544393,0.41694478578599153,0.8748014741371442,False
dmv.751,300,2.3984186966755487,1.0042516858354904,0.4187140832530554,0.8705669708574193,False
dmv.752,300,2.400752825028144,1.0040178685089927,0.41820959577428496,0.8717725468317045,False
dmv.753,300,2.312661664988505,1.038978908952824,0.44925676967019224,0.8001606846057536,False
dmv.754,300,2.358489016430666,1.0121900259327388,0.4291688529737508,0.8459048408175626,False
dmv.755,300,2.4567642443230384,1.0209923816397792,0.41558419127884766,0.8780700587893757,False
dmv.756,300,2.477269942440628,1.02870605868729,0.41525795839342394,0.8788553653661261,False
dmv.757,300,2.2319400033818932,1.0712831916392287,0.47997848957229705,0.7340139894753982,False
dmv.758,300,2.719303490023167,1.1456503258713517,0.4213028557035359,0.8644033317065006,False
dmv.759,300,1.6452011628841523,1.4388586887858323,0.8745791829270366,0.13401244210794688,False
dmv.76,300,1.2236656471145924,1.8698555590400119,1.5280771863205749,0.42401020407621504,False
dmv.760,300,2.4407672621048007,1.01363302903317,0.41529278304030576,0.8787715061985524,False
dmv.761,300,3.127980795726731,1.29163867596505,0.41293050063785974,0.884475979508875,False
dmv.762,300,3.091931978826877,1.2846727677234024,0.4154919243116162,0.8782921009486431,False
dmv.763,300,2.3938533121097096,1.0257724400615156,0.42850262999511,0.8474584032849348,False
dmv.764,300,2.3160120407294125,1.0353494279322522,0.44703974319847484,0.8051077773623566,False
dmv.765,300,2.403155576162454,1.0007502332685811,0.4164317296787988,0.8760327451472801,False
dmv.766,300,2.4098324262389,1.012399684103644,0.42011206799292994,0.8672337747425356,False
dmv.767,300,2.4033734758575487,1.001248714551901,0.4166013832680104,0.875625429786293,False
dmv.768,300,2.4009782813759513,1.0010035794364982,0.4169148830712636,0.8748731953532133,False
dmv.769,300,2.3345177522390936,1.0241585958965624,0.43870242362229483,0.8239339462701918,False
dmv.77,300,1.6863326606416893,1.3557600585527616,0.8039695192980861,0.21819392184261133,False
dmv.770,300,2.405555485727932,1.0071504649801926,0.41867687981240814,0.8706558264632538,False
dmv.771,300,1.568344780738169,1.407478704461235,0.8974293929162568,0.10822083255981269,False
dmv.772,300,2.321766944691878,1.0317213958111713,0.4443690604562773,0.8110998445757817,False
dmv.773,300,2.4394941045089147,1.0175621731927489,0.41712016082022485,0.8743809432479576,False
dmv.774,300,2.435610930835323,1.0049123321532565,0.4125914855410052,0.8852973146679343,False
dmv.775,300,2.3988000456128074,1.0003671717586895,0.4170281610542206,0.8746015269594264,False
dmv.776,300,1.8167022934235355,1.3368855232278738,0.7358858565145214,0.3066802585378217,False
dmv.777,300,2.398516032945145,1.0002862944802788,0.41704382240548304,0.8745639730034732,False
dmv.778,300,2.3918413908609506,1.0008033182360574,0.41842378096643573,0.8712605299727443,False
dmv.779,300,2.4685129088736346,1.088525534385407,0.4409640842761862,0.8187918484024324,False
dmv.78,300,2.4030099826139018,1.0006391123731198,0.41641071806312807,0.8760832027475914,False
dmv.780,300,3.072571641235579,1.2689824777128804,0.4130033814940055,0.8842994984178056,False
dmv.781,300,2.552670259676629,1.066384662618544,0.41775260967455824,0.8728658645493461,False
dmv.782,300,2.3436517514052526,1.0195722404586316,0.43503572569913446,0.8323271232217888,False
dmv.783,300,2.7279752704791345,1.2047348757005316,0.44162235953441586,0.8173001522973997,False
dmv.784,300,3.517434988179669,1.4764898788249978,0.4197632319536077,0.8680644601059546,False
dmv.785,300,12.104837952090183,4.894814814814815,0.40436847103513773,0.905428759674596,False
dmv.786,300,2.713864356010196,1.133551964368485,0.41768924885950576,0.8730175467149612,False
dmv.787,300,2.3328987318946033,1.0338577090878383,0.44316441813495155,0.8138144307635303,False
dmv.788,300,2.4028030214622116,1.0003684357181581,0.41633393448514555,0.8762676136062267,False
dmv.789,300,2.431769211184165,1.003942934842511,0.4128446606796353,0.8846838810359605,False
dmv.79,300,1.2203003540759432,2.914818281714216,2.388607257203842,0.8707104585142749,False
dmv.790,300,2.432412815673315,1.011131633182395,0.4156908016053616,0.877813560451254,False
dmv.791,300,2.4023636915384525,1.0006740931665974,0.4165373031115761,0.875779258092692,False
dmv.792,300,2.3985534173549454,1.0001108282274584,0.41696416723141044,0.8747549907762154,False
dmv.793,300,2.0489374235352757,1.1675748595691982,0.5698440792567702,0.5623925007374049,False
dmv.794,300,2.3341971085906477,1.036219598301402,0.4439297754623025,0.8120888924322502,False
dmv.795,300,2.3871310472438596,1.010391218119576,0.4232659196847011,0.8597546457177041,False
dmv.796,300,2.335980915810003,1.03357925192873,0.44246048627085444,0.815404115084369,False
dmv.797,300,2.2950804821422564,1.0299968987002734,0.4487846533986737,0.8012121201027923,False
dmv.798,300,2.651823910943466,1.112330282546196,0.4194585763993851,0.8687905031247923,False
dmv.799,300,1.1380999833914631,2.143232396935425,1.88316705756267,0.632954964572802,False
dmv.8,300,3.3369562864009352,1.3963353038436275,0.4184457883173654,0.8712079355141991,False
dmv.80,300,2.421776405003299,1.0079532539382021,0.4162040937618389,0.876579529026193,False
dmv.800,300,2.482044057739141,1.0315639417779237,0.41561064903801936,0.8780063967984747,False
dmv.801,300,2.46884353647053,1.0300661006414011,0.41722615687261755,0.8741268615777561,False
dmv.802,300,2.6950397122733403,1.144457171948581,0.4246531755122821,0.8564825008321603,False
dmv.803,300,2.5610430678245946,1.0743868436757096,0.4195114315622646,0.8686645029997633,False
dmv.804,300,2.421149732546585,1.0075010170238412,0.41612503492881603,0.8767694991486734,False
dmv.805,300,3.007133303611235,1.2103786358668167,0.4025024878056738,0.910054001258959,False
dmv.806,300,1.6785253717922932,1.4186390741080113,0.8451698722868984,0.16821763953705915,False
dmv.807,300,1.5052930699399703,1.6119854399140257,1.0708781380215284,0.0684790016318767,False
dmv.808,300,2.423288951703835,1.0081679972120756,0.4160329276883073,0.8769908687564224,False
dmv.809,300,2.4260304076021755,1.0067808150584359,0.41499101243892134,0.8794984157596336,False
dmv.81,300,2.4459552013410337,1.0160537018054943,0.4154015990351854,0.8785095181609539,False
dmv.810,300,2.4054834173838104,1.0030581406710424,0.41698817519264486,0.8746974144375693,False
dmv.811,300,3.209336298622013,1.3583827831559907,0.42325972000479883,0.8597692930706293,False
dmv.812,300,2.358802500079985,1.022577646543166,0.43351558534828216,0.8358275310472987,False
dmv.813,300,2.216633308026779,1.0518731629552134,0.47453638774903123,0.7454169773623383,False
dmv.814,300,2.077970600244998,1.19953035498482,0.5772605035140499,0.5494616351329957,False
dmv.815,300,2.4921767566407653,1.0396601852388865,0.4171695215712776,0.8742626132430391,False
dmv.816,300,2.2324309478598927,1.0722902044132214,0.4803240187299707,0.7332943637957863,False
dmv.817,300,2.420659684523176,1.0125559827290007,0.41829753649507945,0.8715622898769793,False
dmv.818,300,2.3984335075971823,1.0016861871986162,0.41764184165444446,0.8731310519002717,False
dmv.819,300,2.4227218349858104,1.0075417421925343,0.41587182137169926,0.8773781879027648,False
dmv.82,300,2.115374936810905,1.1396273529935035,0.538735395395949,0.6185307462454003,False
dmv.820,300,2.320336006174426,1.0385231689318284,0.44757447463139516,0.8039123313568166,False
dmv.821,300,2.4011751376607844,1.0012740443401562,0.41699334156674367,0.8746850247766595,False
dmv.822,300,2.3893240897970256,1.0008935706416582,0.41890238955682424,0.8701173466844144,False
dmv.823,300,2.4002587290769783,1.0003532520038148,0.4167689257351442,0.8752233457005486,False
dmv.824,300,2.396464163913565,1.0030730470951712,0.4185637583067776,0.8709260510585937,False
dmv.825,300,2.3529540988808475,1.0085939248257578,0.42865006389435417,0.8471143947978844,False
dmv.826,300,1.8801279276679652,1.2535331960556102,0.666727608057204,0.40537370020018854,False
dmv.827,300,2.4035007944362037,1.0100166434202629,0.4202272975146594,0.8669595295335607,False
dmv.828,300,6.850956275996577,2.8088154899352955,0.40998882152794214,0.8916253842214634,False
dmv.829,300,2.3991234046608523,1.0001230017871847,0.4168701784344292,0.8749804283535181,False
dmv.83,300,2.5261188458434223,1.0474016260543502,0.41462880013653636,0.8803716165195709,False
dmv.830,300,2.4063865388524874,1.0211054236014987,0.42433142270170127,0.8572404717698242,False
dmv.831,300,2.3986228011208777,1.0003709659122657,0.4170605588526849,0.8745238426610841,False
dmv.832,300,2.402678046522695,1.0014116260046755,0.416789768173052,0.8751733373734458,False
dmv.833,300,2.401983436291167,1.0014219130217028,0.41691457896477807,0.8748739247745143,False
dmv.834,300,2.3066508782316952,1.0318793956090966,0.44734962076278617,0.8044148407305116,False
dmv.835,300,2.2634687464506116,1.0686389795993785,0.47212446881589665,0.7505126230422398,False
dmv.836,300,10.246329526916803,4.3831123517097,0.42777390090718775,0.8491604918919606,False
dmv.837,300,12.098529411764705,4.917513448894202,0.40645546921697556,0.9002809028166716,False
dmv.838,300,2.603778707101395,1.0860645204631012,0.41711091557090924,0.8744031079684471,False
dmv.839,300,2.4369622877388832,1.0185266318725266,0.41794927931263093,0.872395195177181,False
dmv.84,300,2.4901129673263163,1.03525032153083,0.4157443196813672,0.8776848238253663,False
dmv.840,300,2.4194959646638274,1.014869968515526,0.41945511930479096,0.8687987449608999,False
dmv.841,300,2.104909821547603,1.165501745496769,0.5537062602709752,0.5911209489664981,False
dmv.842,300,2.378945858147189,1.0141811284952107,0.42631534678350874,0.8525759558976401,False
dmv.843,300,2.4816222915280237,1.0344479919835086,0.4168434477377949,0.8750445527621983,False
dmv.844,300,1.7374814270831553,1.359616551866496,0.782521488099582,0.24523389611473378,False
dmv.845,300,2.398215814927315,1.0026046773011539,0.41806274108468455,0.8721237594322827,False
dmv.846,300,2.3399717414643617,1.0288025330264612,0.4396645116674073,0.821743316383745,False
dmv.847,300,2.0206235552799234,1.1281033934341151,0.5582946860568669,0.582868344789452,False
dmv.848,300,2.1789287267756166,1.1332720195063524,0.5201051349593113,0.653724305228754,False
dmv.849,300,2.4026629489605087,1.0003759569317117,0.41636133664295927,0.876201798034135,False
dmv.85,300,1.8737520128824476,1.374355448607769,0.7334777703552978,0.3099579881224241,False
dmv.850,300,2.3920451991429372,1.0026650803998358,0.4191664441621286,0.869487196502429,False
dmv.851,300,1.449727565884577,1.6601031318689747,1.145113862035198,0.1355040748875933,False
dmv.852,300,2.309970737791423,1.0379472791782138,0.449333518471581,0.7999898641493383,False
dmv.853,300,2.401297228321894,1.0000707180649298,0.4164710250233422,0.8759383875662764,False
dmv.854,300,2.365205748033379,1.0241558835422564,0.4330092146925575,0.8369962701609179,False
dmv.855,300,1.8933287088942483,1.2377381961633005,0.6537365595043297,0.4250508228899402,False
dmv.856,300,2.3712890289075053,1.0077401030745914,0.424975652815665,0.8557233991912643,False
dmv.857,300,2.4472381825380842,1.021653282215758,0.41747194429443685,0.8735379362439627,False
dmv.858,300,2.4020274512178412,1.000352058093213,0.4164615427629809,0.8759611559408806,False
dmv.859,300,4.2209858684766886,1.7927503583862379,0.4247231367853936,0.856317765196714,False
dmv.86,300,2.002654063158802,1.1769642821916677,0.5877022416618638,0.5315348510746287,False
dmv.860,300,27.179396575156293,11.305031091011871,0.41594120972300735,0.8772113514891116,False
dmv.861,300,2.3998369143013196,1.000882197914721,0.4170625895243863,0.8745189736637295,False
dmv.862,300,2.309048731171335,1.0390759172521467,0.4500017272156244,0.7985038579681946,False
dmv.863,300,2.3999247051685693,1.0005292878275067,0.41690028261000384,0.8749082162112216,False
dmv.864,300,2.7669261496364013,1.1584374286282628,0.4186730566627128,0.8706649580091675,False
dmv.865,300,2.401996188916668,1.0103820901336666,0.42064266995750826,0.8659715706512062,False
dmv.866,300,2.3318349795509756,1.0191801669351845,0.437072166715434,0.8276569562956086,False
dmv.867,300,2.368581202396477,1.0254460438543296,0.43293683274054795,0.8371634444378667,False
dmv.868,300,1.4283797728165373,1.6916072620043738,1.18428396578929,0.16913834367644937,False
dmv.869,300,2.4015028748392453,1.0010665593963803,0.41685003581908725,0.8750287481975173,False
dmv.87,300,2.396449413957138,1.0187356947885742,0.4251021068316174,0.8554258875449471,False
dmv.870,300,2.3927018401175557,1.0036131372741095,0.4194476388352679,0.8688165788980295,False
dmv.871,300,1.9532490917539709,1.2466163014989247,0.6382269966292384,0.44906126482733966,False
dmv.872,300,2.400233297998381,1.0000260707657591,0.416637029241994,0.8755398697029599,False
dmv.873,300,2.4231888270207427,1.0081210748009666,0.416030754004602,0.8769960935577281,False
dmv.874,300,2.310046395431834,1.066548221389672,0.4616999136895232,0.7728401364098152,False
dmv.875,300,2.401752118418284,1.0004633609499496,0.4165556275677701,0.8757352667070444,False
dmv.876,300,2.4244246115577996,1.0076642618238665,0.41563027244489065,0.877959182070788,False
dmv.877,300,2.4164233698151873,1.0090995367068545,0.4176004707254724,0.873230115198174,False
dmv.878,300,2.4078779707531157,1.001697580622406,0.4160084492608666,0.8770497082038967,False
dmv.879,300,2.3750397962432346,1.1007939781398226,0.46348443503179393,0.7689824759170221,False
dmv.88,300,2.412270240758781,1.0144263668614264,0.42052766299614014,0.8662450157730305,False
dmv.880,300,1.7708941171601795,1.3672170160391983,0.7720489908406714,0.2587072713326631,False
dmv.881,300,2.294792038039233,1.0512770024351288,0.4581142800780258,0.7806366061718282,False
dmv.882,300,2.0469241288810087,1.167357574535213,0.5702984092397073,0.5615955301629917,False
dmv.883,300,2.0657018595339554,1.1570191188846457,0.5601094434536075,0.5796230796092381,False
dmv.884,300,2.5368097726959213,1.0605341466852918,0.41805820763542695,0.8721346034358077,False
dmv.885,300,2.421401207923916,1.000501526297219,0.41319114032946175,0.8838449835699604,False
dmv.886,300,2.7222812964249656,1.136844855833817,0.4176074152685021,0.873213485702341,False
dmv.887,300,2.4019018360216458,1.000255195421205,0.4164429954714397,0.8760056923569832,False
dmv.888,300,2.3415291291228693,1.026267162164323,0.4382892996717747,0.8248760851070936,False
dmv.889,300,2.377719444611209,1.0048960636383282,0.42263020808270463,0.8612576948529576,False
dmv.89,300,3.1715463023205377,1.3306037031982167,0.4195441517674356,0.8685865100614227,False
dmv.890,300,2.402393091911352,1.0011500715508028,0.41673033231804896,0.875315951462941,False
dmv.891,300,2.49138543828028,1.0386050678980059,0.4168785174464696,0.874960424695145,False
dmv.892,300,2.4998343182295617,1.043065401458786,0.4172538131237066,0.8740605777792384,False
dmv.893,300,2.7716993681410043,1.0042594036834842,0.3623262375518912,1.0152102642942353,False
dmv.894,300,2.3702742945410584,1.0139475103327242,0.4277764445524009,0.8491545456721344,False
dmv.895,300,2.401774129793793,1.0003115633907464,0.4164886077262516,0.8758961701472786,False
dmv.896,300,2.423979106971998,1.0090051953790826,0.41625985656267406,0.8764455585379892,False
dmv.897,300,2.3490306858074224,1.0241066683924118,0.43596989795831464,0.8301820793965808,False
dmv.898,300,2.401942397119535,1.000183846779078,0.41640625852581714,0.8760939122730608,False
dmv.899,300,2.414201128581857,1.0103707698111963,0.41851143131753293,0.8710510744494704,False
dmv.9,300,2.408599804870005,1.0027572512824425,0.41632372852266447,0.8762921277923923,False
dmv.90,300,1.9699514665541253,1.2054286816058957,0.6119078069037169,0.491173650131692,False
dmv.900,300,2.3980218649155547,1.0014772497236952,0.4176264046528874,0.8731680148798343,False
dmv.901,300,1.239057767714372,1.9472652211899506,1.5715693585311794,0.452074711522521,False
dmv.902,300,2.5121454735779354,1.045307251146231,0.41610140102971305,0.8768262959484099,False
dmv.903,300,2.401449544272066,1.001124494779808,0.4168834182536496,0.874948668804236,False
dmv.904,300,2.3987068152879174,1.002330260680248,0.4178627643411844,0.8726022153377839,False
dmv.905,300,2.3977208215559846,1.012206151133266,0.42215346425377487,0.8623863716850321,False
dmv.906,300,2.4020366291563726,1.0014220334574622,0.41690539657139825,0.8748959496567422,False
dmv.907,300,2.404201938156467,1.0069571081061004,0.4188321671840225,0.8702849949505655,False
dmv.908,300,2.571603203302821,1.0746572139670945,0.41789386970231873,0.8725277789291894,False
dmv.909,300,2.3907329563116813,1.002027587912185,0.4191298677950504,0.8695744600787558,False
dmv.91,300,3.9924868519909844,1.6250764525993884,0.40703363914373086,0.8988594454961873,False
dmv.910,300,1.0349929173190189,2.452331320360844,2.369418456227904,0.862644547918121,False
dmv.911,300,2.4007938234014787,1.0011557665276123,0.41701030582841164,0.8746443432719124,False
dmv.912,300,2.401084275129273,1.0014272904591548,0.4170729452656294,0.8744941437870206,False
dmv.913,300,2.369004975124378,1.049387341325811,0.4429654442877292,0.8142635158446322,False
dmv.914,300,1.3914233799672449,1.7537266935257192,1.260383229701806,0.23141582527597138,False
dmv.915,300,2.254683069233528,1.0599646500545665,0.4701169155516381,0.7547738587199522,False
dmv.916,300,2.382360648373451,1.0097464906767233,0.42384283478075596,0.8583925651531774,False
dmv.917,300,3.080613496932515,1.2931587283192336,0.4197731164934781,0.8680409124897277,False
dmv.918,300,1.6994516870293268,1.4168523080218485,0.8337114369508983,0.18186793535464063,False
dmv.919,300,1.6232033240858137,1.4944859480611883,0.9207016310805556,0.08261925712418922,False
dmv.92,300,2.4288390493237073,1.0091344206479274,0.4154801533386552,0.8783204315587283,False
dmv.920,300,2.4142049542022352,1.008706137963353,0.41782125258568864,0.8727015633082825,False
dmv.921,300,2.270010166045408,1.0636319780761991,0.46855824435762583,0.7580948640967672,False
dmv.922,300,145.82857142857142,68.51006711409396,0.4697986577181208,0.7554510638960998,False
dmv.923,300,2.419383753106935,1.0095068819738353,0.41725785778194235,0.8740508843060928,False
dmv.924,300,1.8047286689572886,1.3426935154269024,0.7439863612310572,0.29573257599575903,False
dmv.925,300,2.473567437419213,1.0294138594192042,0.41616567385494013,0.8766718435441412,False
dmv.926,300,5.350301406563966,2.189152895393132,0.4091644057113102,0.8936382337533101,False
dmv.927,300,2.397700307654752,1.0011848777355743,0.41756047431751686,0.8733258965160707,False
dmv.928,300,1.3480146126245272,1.752610176942521,1.300141823782061,0.2624733537340106,False
dmv.929,300,2.420247799597469,1.0058659480377152,0.4156045295052056,0.878021121103256,False
dmv.93,300,2.0960669673954944,1.1409472115948482,0.544327652380569,0.6082039112671838,False
dmv.930,300,2.4740605676928107,1.0304531565071442,0.41650280108869564,0.8758620920948637,False
dmv.931,300,2.1367994869309364,1.121475088025426,0.5248387108311175,0.6446642810560042,False
dmv.932,300,2.3966963615967347,1.003934890399476,0.41888280321443444,0.8701641041171368,False
dmv.933,300,2.554490315006848,1.033265623763421,0.40448993589574483,0.9051284231497377,False
dmv.934,300,2.3573158205982137,1.0404542170031899,0.4413724321160984,0.8178662426692909,False
dmv.935,300,2.4404747907965834,1.0028277403422194,0.4109150170794804,0.8893688569621475,False
dmv.936,300,2.4827598521591683,1.031224462431437,0.4153540913490355,0.878623890380733,False
dmv.937,300,2.6166519584782693,1.077897571836357,0.4119376932586844,0.8868831710236628,False
dmv.938,300,2.321882362674659,1.0374890126202416,0.4468309976846204,0.8055748371017613,False
dmv.939,300,2.422284552121178,1.0081386363428277,0.4161933144724915,0.8766054284084865,False
dmv.94,300,2.322076597581513,1.037757192925499,0.4469091131646315,0.8054000312957741,False
dmv.940,300,2.4863602699933613,1.0392601142965905,0.4179845241411315,0.8723108707285803,False
dmv.941,300,1.430563606072989,1.7040780900767558,1.1911935148095834,0.17495575812299607,False
dmv.942,300,2.5032271428940396,1.0422535489460918,0.4163639531892891,0.8761955137375926,False
dmv.944,300,2.418148934091564,1.006257231848177,0.41612707044704916,0.8767646075582046,False
dmv.945,300,1.7216588010844462,4.113799912976537,2.3894397138302423,0.8710589091008303,False
dmv.946,300,1.9022866035272428,1.2722401501034997,0.6687952003365301,0.40227739376770455,False
dmv.947,300,2.4002013527121497,1.001938499085986,0.4174393527250654,0.8736160081768839,False
dmv.948,300,2.2356235260359223,1.0971323368676913,0.4907500409127751,0.7118203624577146,False
dmv.949,300,2.400963240624226,1.000629605510979,0.4167617348655557,0.8752405997019396,False
dmv.95,300,2.270800843377126,1.0525983380585158,0.46353617541074,0.7688708486707302,False
dmv.950,300,2.4014397205554494,1.0014652160314932,0.41702700569967077,0.8746042974105808,False
dmv.951,300,2.3929850409640676,1.0001331565576252,0.4179437562027965,0.8724084100494192,False
dmv.952,300,2.391220992088991,1.0032488843661482,0.41955506734227077,0.8685604926975943,False
dmv.953,300,2.421482225188691,1.00762922053928,0.41612084121772225,0.8767795772066463,False
dmv.954,300,2.230727580053581,1.0694623265552512,0.47942309770051045,0.7351717777075525,False
dmv.955,300,2.3965435753746926,1.0016853503786083,0.41797084796256945,0.8723435906057883,False
dmv.956,300,2.392404074702886,1.022902547663432,0.4275626172349112,0.8496545282673343,False
dmv.957,300,2.4068465170435203,1.0012011724024763,0.4159804812283228,0.8771169399458811,False
dmv.958,300,2.4051778499465972,1.0030519491231833,0.4170385774779417,0.8745765495247908,False
dmv.959,300,2.2508403657647915,1.0717359595347753,0.4761492533348185,0.7420239164734838,False
dmv.96,300,2.411149857801179,1.0065422156073367,0.41745319659444213,0.8735828449407542,False
dmv.960,300,2.4291115240226007,1.017640938995511,0.41893545394338294,0.8700384187944119,False
dmv.961,300,2.4686731850730173,1.0233967868427134,0.41455336940942383,0.8805535565807323,False
dmv.962,300,2.404718219658561,1.0028987761347148,0.4170545920665555,0.8745381495253651,False
dmv.963,300,2.4257319357103646,1.0076764393584752,0.4154112927830097,0.8784861825870354,False
dmv.964,300,2.2838096224017783,1.0580802567845178,0.46329617250311045,0.7693887479726572,False
dmv.965,300,2.4097749207986445,1.0019106768161001,0.4157694016020584,0.8776244954866828,False
dmv.966,300,2.4455201375903735,1.009489702657675,0.4127914087235234,0.8848128772321279,False
dmv.967,300,2.3142325758508036,1.0367163106905215,0.4479741239099028,0.8030198073649558,False
dmv.968,300,2.4915606625659295,1.0375493634909405,0.4164254874783671,0.876047734992606,False
dmv.969,300,2.4194043506175307,1.0077123585560104,0.4165125843056375,0.8758386034123884,False
dmv.97,300,2.402079901265591,1.0008427396514736,0.4166567228359708,0.8754926028323482,False
dmv.970,300,2.411609312184522,1.0069895283210193,0.4175591474262687,0.8733290742434613,False
dmv.971,300,2.3984365511378067,1.0025735722878995,0.4180112964890747,0.8722468217290719,False
dmv.972,300,2.359575327005867,1.0171386754116705,0.4310685332950769,0.8414881915537581,False
dmv.973,300,2.4006444056855214,1.0006597174208918,0.41682962918248034,0.8750777037795415,False
dmv.974,300,2.40150485229754,1.0000547378420375,0.41642836444210246,0.8760408263045362,False
dmv.975,300,2.422106143411709,1.008158899914916,0.41623233674427346,0.8765116728358333,False
dmv.976,300,2.1475409836065573,4.360655737704918,2.030534351145038,0.7082989855805475,True
dmv.977,300,2.409932364677773,1.0040873532632473,0.4166454494657578,0.8755196599326136,False
dmv.978,300,2.4650086864933773,1.0283028274656978,0.4171599204092543,0.8742856285210352,False
dmv.979,300,2.476025933982686,1.0306624191226126,0.4162567140259282,0.8764531080255475,False
dmv.98,300,2.3997550692666523,1.0009253146805002,0.41709478083793594,0.8744417908329847,False
dmv.980,300,1.0609934793757785,2.2927398750129475,2.1609368196700425,0.7705418404800635,False
dmv.981,300,2.401983436291167,1.0014219130217028,0.41691457896477807,0.8748739247745143,False
dmv.982,300,2.417508994922492,1.0005979011664918,0.4138962474464638,0.8821399465974605,False
dmv.983,300,2.4008794069895973,1.0005936974081497,0.4167613310752534,0.875241568578072,False
dmv.984,300,2.4241779756064905,1.0084651810172935,0.41600294663389625,0.8770629354914016,False
dmv.985,300,1.4428680981595092,1.6481530693595536,1.1422756324447823,0.13302244152006332,False
dmv.986,300,2.2935790730238454,1.0496908548800843,0.45766499495313934,0.7816178145769161,False
dmv.987,300,2.4124666952136264,1.0090953506792284,0.4182836400109855,0.8715955119586744,False
dmv.988,300,2.459160192385812,1.0235019087553456,0.41619977093170624,0.8765899154030854,False
dmv.989,300,5.606854838709677,2.403630077787381,0.428694900605013,0.8470098004687491,False
dmv.99,300,2.4758909035935037,1.0323633310828066,0.41696640574285254,0.8747496221963489,False
dmv.990,300,2.370330152155458,1.0096767667862603,0.4259646133548575,0.8533990034051596,False
dmv.991,300,2.2867882281854968,1.0342512290590977,0.45227241259666073,0.7934705979542338,False
dmv.992,300,5.68616617169694,2.31491635034444,0.4071137354140307,0.8986626843861939,False
dmv.993,300,2.3897338538150326,1.0018039137075099,0.41921150010416613,0.8693797128970001,False
dmv.994,300,2.307698573484902,1.0484978519131083,0.4543478355276489,0.7888922167397725,False
dmv.995,300,2.4234269205435663,1.0084486138104347,0.41612503569294473,0.8767694973123774,False
dmv.996,300,2.3783813962184452,1.0057782347214514,0.42288349392599883,0.8606585659440612,False
dmv.997,300,2.293281333828567,1.0367429388952374,0.4520783924772217,0.7938996795038432,False
dmv.998,300,2.4181257887275236,1.0011233140226246,0.4140079555371021,0.8818700890682594,False
dmv.999,300,2.6052439712968494,1.0952791400862865,0.4204132711383164,0.8665170725938749,False
dmv.1,1000,1.95906432748538,1.380873866446826,0.7048639736191261,0.34975044000728983,False
dmv.10,1000,2.3998820322833843,1.6999165732480197,0.7083333890502203,0.34484040763259816,False
dmv.100,1000,2.383388770355396,1.694247979662278,0.7108567434467027,0.34128435549019276,False
dmv.1000,1000,2.608831694404194,1.8410970849528498,0.7057170797571594,0.3485408586932558,False
dmv.1001,1000,2.438346590215655,1.7233834172351201,0.7067836148275781,0.3470307209960565,False
dmv.1002,1000,2.3996770215705774,1.6998288958836985,0.7083573666806079,0.3448065574358733,False
dmv.1003,1000,2.416209816217455,1.7115625769377492,0.7083667012069251,0.3447933798150099,False
dmv.1004,1000,2.3751866296430664,1.6579626612901261,0.6980346894000823,0.3594864791737631,False
dmv.1005,1000,2.485620321526504,1.72904229876555,0.6956180249217171,0.36295458406931325,False
dmv.1006,1000,2.333060432878411,1.6541892376257041,0.7090211699252256,0.3438698940449644,False
dmv.1007,1000,1.0929103952735968,1.2901731128129224,1.1804930380316707,0.1659321800518097,False
dmv.1008,1000,2.4205056578602675,1.7142361229132284,0.7082140532687773,0.34500889585707994,False
dmv.1009,1000,2.4752034071716253,1.7646688491563838,0.7129389221279564,0.33835952545179115,False
dmv.101,1000,2.4627635673835626,1.7446727307768521,0.7084207164191529,0.3447171295440349,False
dmv.1010,1000,2.3820929854561825,1.6889115769992127,0.7090032115920016,0.34389522271132433,False
dmv.1011,1000,2.4261202372199264,1.7169974071986736,0.7077132373151334,0.3457162993768217,False
dmv.1012,1000,2.423914820476033,1.7159037369778738,0.7079059554744945,0.34544402536198315,False
dmv.1013,1000,2.453751045717748,1.7404719396653068,0.709310727631784,0.34346158663669124,False
dmv.1014,1000,2.4388920177448874,1.7257612301993455,0.707600507789215,0.3458755990749228,False
dmv.1015,1000,2.3957351939777807,1.6989016059656608,0.7091358052577064,0.34370822600011963,False
dmv.1016,1000,1.4580986253965202,1.0077330888507992,0.6911282071723734,0.3694299338249523,False
dmv.1017,1000,1.6961641690683866,1.1915596015988503,0.7025025191124695,0.35310629185544207,False
dmv.1018,1000,2.7802804729543937,1.979931463738723,0.7121337156444507,0.3394895823314934,False
dmv.1019,1000,1.9952353450765232,1.4275334871388727,0.7154712303295342,0.3348138899770834,False
dmv.102,1000,2.4516398892293885,1.737484431123592,0.7087029537889133,0.34431880527717573,False
dmv.1020,1000,2.3997172327174274,1.7020991723478778,0.7092915569975007,0.34348861413339316,False
dmv.1021,1000,2.5847818395553475,1.7865180504774414,0.6911678282236658,0.369372607390833,False
dmv.1022,1000,2.400547396278704,1.7002866976279474,0.7082912423490195,0.3448999106234102,False
dmv.1023,1000,2.506720185731668,1.7709208320835612,0.7064692908940134,0.3474755443358494,False
dmv.1024,1000,2.4199548184955875,1.712920165477845,0.7078314654414563,0.3455492567869727,False
dmv.1025,1000,2.7044859741843683,1.930475827733493,0.713805080211479,0.33714535081568087,False
dmv.1026,1000,2.4563128112201733,1.7406485989170137,0.7086428857781948,0.34440356653879267,False
dmv.1027,1000,2.393522409661251,1.6958253609797738,0.7085061556702865,0.3445965315754026,False
dmv.1028,1000,2.3605870442180743,1.6636704626625676,0.7047698015362298,0.3498840521336396,False
dmv.1029,1000,2.4603360877172884,1.7430456992939565,0.7084583720068759,0.34466397668428916,False
dmv.103,1000,2.4004015679918864,1.7002014749988776,0.7082987687019476,0.34488928460901014,False
dmv.1030,1000,13.26177347242921,9.250155925155925,0.6975051975051975,0.3602453136940249,False
dmv.1031,1000,2.4128118657804536,1.7102327920532752,0.7088131554343461,0.3441633197134665,False
dmv.1032,1000,2.5063342554137136,1.7762300606605257,0.7086963986642429,0.3443280547870744,False
dmv.1033,1000,2.316401097472378,1.6550707633478625,0.7145009407713763,0.33617096492816056,False
dmv.1034,1000,3.813953488372093,2.7765237020316027,0.7279909706546275,0.3174666338093086,False
dmv.1035,1000,2.1143109974066028,1.4979918681523325,0.7085011949470809,0.3446035332655541,False
dmv.1036,1000,2.3998758137967444,1.7000004735924832,0.7083701847484277,0.34478846211781833,False
dmv.1037,1000,23365.666666666668,33664.666666666664,1.4407749261737306,0.3651811120169999,True
dmv.1038,1000,2.1242060412079047,1.5059017449234597,0.7089245184836903,0.3440062200586827,False
dmv.1039,1000,2.422090580007541,1.7150379032695446,0.7080816536862156,0.34519586187314166,False
dmv.104,1000,2.402363688246312,1.7032685906018683,0.7089969761594372,0.3439040173964285,False
dmv.1040,1000,2.3802080409345,1.71980158431218,0.7225425486912329,0.32497896980743046,False
dmv.1041,1000,2.4104585346485083,1.7084077330313248,0.708748028009718,0.34425520629365014,False
dmv.1042,1000,2.4427410863305554,1.7325473466911148,0.7092636040660856,0.3435280245591361,False
dmv.1043,1000,2.5229786038250293,1.787380261972642,0.708440515215958,0.3446891821397806,False
dmv.1044,1000,2.6332744248264013,1.86288070314195,0.7074388774594811,0.3461040454801916,False
dmv.1045,1000,2.4580359862577534,1.7409318360871815,0.7082613297039927,0.3449421436412614,False
dmv.1046,1000,2.2837016607567127,1.6011880246578736,0.7011371284493064,0.35505179274835136,False
dmv.1047,1000,2.400036066803782,1.6997689937138993,0.7082264376041421,0.3449914092977152,False
dmv.1048,1000,2.3295601174145033,1.669147657414467,0.7165076552164686,0.3333663475888945,False
dmv.1049,1000,2.4990516474637308,1.7703275736613207,0.7083997545460948,0.3447467195640681,False
dmv.105,1000,2.4360572019067304,1.725112388355235,0.7081575863674175,0.34508863044058813,False
dmv.1050,1000,2.4926644740106143,1.7648441333572558,0.7080151186644387,0.34528983147059433,False
dmv.1051,1000,2.398849312551929,1.7072450331912972,0.7116933207343092,0.3401081896664203,False
dmv.1052,1000,1.033863101515619,1.4483717802882026,1.4009318817597065,0.3371376450162968,False
dmv.1053,1000,1.1772825047801148,1.214358219560473,1.031492623588493,0.031006902353326343,False
dmv.1054,1000,2.311371706669741,1.6167009005696036,0.699455174563407,0.3574535690408737,False
dmv.1055,1000,2.4273222396019825,1.7054088050314467,0.7025885468387951,0.35298384039515196,False
dmv.1056,1000,4.121945583732886,2.8703155169387395,0.6963496869697502,0.36190332101318656,False
dmv.1057,1000,1.0470829068577276,1.4575230296827022,1.3919843597262953,0.33073032602029473,False
dmv.1058,1000,2.514773349732839,1.783273408804566,0.7091189386884568,0.34373201096445316,False
dmv.1059,1000,2.2907779268986657,1.6229040219668815,0.7084510475286555,0.3446743153525476,False
dmv.106,1000,2.4356720281412594,1.7191178563803289,0.7058084325467431,0.34841142031057704,False
dmv.1060,1000,2.4151603680546274,1.7112618856964092,0.7085500028616332,0.3445346466725403,False
dmv.1061,1000,2.317420326050975,1.643569199708798,0.7092236057623348,0.3435844202791458,False
dmv.1062,1000,2.7742126556248463,1.9128829911842673,0.6895228407619752,0.37175545573911317,False
dmv.1063,1000,2.4012761338263715,1.7139266659527694,0.7137565904266376,0.3372132845321112,False
dmv.1064,1000,15.110041265474553,10.542226487523992,0.6976967370441458,0.35997074477979263,False
dmv.1065,1000,2.2557982384278223,1.5952820492677913,0.7071918144504016,0.34645334231505376,False
dmv.1066,1000,2.3337068914651735,1.6552923916753906,0.7092974690733962,0.34348027898376643,False
dmv.1067,1000,2.402416353503628,1.6986774477085058,0.7070703815478089,0.34662506846772156,False
dmv.1068,1000,2.189988623435722,1.534008343880373,0.7004640697510899,0.35601220681023443,False
dmv.1069,1000,2.4506167666759024,1.7365720235666966,0.7086265168756845,0.3444266657498253,False
dmv.107,1000,2.2514410199583894,1.5932709792750557,0.7076672074245597,0.34578134180518233,False
dmv.1070,1000,1.7098072762038947,1.2181472718147273,0.7124471212447122,0.3390495853903551,False
dmv.1071,1000,1.2559412180649923,1.133971408988544,0.9028857343623413,0.10215927359157095,False
dmv.1072,1000,2.4001445264005024,1.700085403159475,0.7083262630476231,0.3448504679213721,False
dmv.1073,1000,2.428671992442787,1.7255006985741344,0.7104708680065953,0.34182733438749746,False
dmv.1074,1000,1.798452795479929,1.28807876905703,0.716214944475814,0.33377495529116696,False
dmv.1075,1000,2.4029058572168576,1.6994385815072919,0.7072430975201209,0.346380828452015,False
dmv.1076,1000,1.726672475209967,1.2254041298431433,0.7096911240761695,0.3429254401150504,False
dmv.1077,1000,2.3999079190736294,1.6999287382011998,0.7083308174829377,0.34484403808683106,False
dmv.1078,1000,2.273275919052163,1.6125708606879032,0.7093599361050112,0.34339221398452496,False
dmv.1079,1000,2.400445650689651,1.7002705982981412,0.7083145572613366,0.3448669940388168,False
dmv.108,1000,2.6388817210727855,1.8646590649285464,0.7066095649677341,0.3472770075399735,False
dmv.1080,1000,1.356331409239599,1.043822168519179,0.7695922703024165,0.26189442346692077,False
dmv.1081,1000,2.4142914629412666,1.7071658401443572,0.707108427606567,0.34657126189316256,False
dmv.1082,1000,2.533699053974093,1.8182187922862252,0.7176143470687093,0.3318229753093319,False
dmv.1083,1000,2.285618140299562,1.6194442214757199,0.7085366505113007,0.34455349146273156,False
dmv.1084,1000,2.401085116543421,1.6993696684149397,0.7077506985097372,0.3456633680464438,False
dmv.1085,1000,2.4608728339732266,1.740370121825315,0.7072166012801983,0.3464182932733152,False
dmv.1086,1000,2.0319359084685695,1.438783506580312,0.7080850830894047,0.34519101865362517,False
dmv.1087,1000,2.6923247369379335,1.8988042094347646,0.7052656699928163,0.3491807102858058,False
dmv.1088,1000,2.297058563731119,1.6297885644265826,0.7095111070130107,0.34317912779983656,False
dmv.1089,1000,9.148113733506783,6.47540121020784,0.7078400420941858,0.3455371400597742,False
dmv.109,1000,2.4001978981067915,1.700117519918986,0.7083238933172931,0.3448538134620046,False
dmv.1090,1000,2.429582358798263,1.720514586073133,0.7081524031661746,0.34509594974396285,False
dmv.1091,1000,1.0532333091339303,1.3524972683733802,1.2841383353945894,0.2500879373107179,False
dmv.1092,1000,8.485355648535565,6.45859872611465,0.7611464968152866,0.27292943397674296,False
dmv.1093,1000,2.0981415296640455,1.4750760861713188,0.7030393637971162,0.35234239471757645,False
dmv.1094,1000,2.433015380946703,1.721372643198075,0.7075058615240964,0.34600936465935117,False
dmv.1095,1000,1.263214723584485,1.1345450735371159,0.8981411096268277,0.10742808535569456,False
dmv.1096,1000,1.6944284674575865,1.202449219462981,0.7096488536144591,0.34298500366203316,False
dmv.1097,1000,2.380633464464512,1.6969768643174623,0.7128257624065499,0.33851826093299864,False
dmv.1098,1000,2.44915322834504,1.7342535223963367,0.7081033160053523,0.3451652693734302,False
dmv.1099,1000,2.4036592088074724,1.6927723016578675,0.704248046251824,0.3506246464548153,False
dmv.11,1000,2.1076563811922755,1.4465774640278053,0.686344072466639,0.3763762136346646,False
dmv.110,1000,2.4393347801330303,1.7294030445686674,0.7089650254871345,0.3439490830219827,False
dmv.1100,1000,2480.0,3467.0,1.397983870967742,0.33503110652599677,True
dmv.1101,1000,2.420347193029174,1.714967637874272,0.7085626569665455,0.344516787676186,False
dmv.1102,1000,2.4285481266557896,1.7196373820171786,0.7080927749145288,0.34518015585827677,False
dmv.1103,1000,2.432350916797017,1.7238084073927948,0.7087005396666821,0.344322211678024,False
dmv.1104,1000,2.5478647171305506,1.7876317747358408,0.7016195807872808,0.3543639295518033,False
dmv.1105,1000,2.4915670627591733,1.7645555534744952,0.7082111414333829,0.34501300738433216,False
dmv.1106,1000,2.4172550476898302,1.706782699960642,0.7060830017055145,0.3480224822441341,False
dmv.1107,1000,2.6270703306939915,1.826173670918863,0.695136955254808,0.3636463949101195,False
dmv.1108,1000,2.009994775770574,1.4439232030339542,0.7183716198866218,0.33076826738663845,False
dmv.1109,1000,2.1383920809848296,1.4792516954018529,0.6917588727323515,0.36851783389594905,False
dmv.111,1000,11.85,8.507692307692308,0.717948717948718,0.3313571359544425,False
dmv.1110,1000,56.78260869565217,79.8804347826087,1.4067764165390506,0.3413008575726044,True
dmv.1111,1000,2.3231145049768256,1.6471746528756117,0.7090372210869749,0.343847255820965,False
dmv.1112,1000,2.3534762614459437,1.6609524791764891,0.7057443095500027,0.3485022748636831,False
dmv.1113,1000,2.1198548438572686,1.5017306469268819,0.7084120175862355,0.34472940880990544,False
dmv.1114,1000,4.954465849387041,6.949211908931699,1.4026157652880875,0.338338897103196,True
dmv.1115,1000,2.398379403026558,1.6990063185432756,0.7083976440088123,0.34474969887117946,False
dmv.1116,1000,2.576504018746852,1.8239509771242084,0.707916992891528,0.3454284338403929,False
dmv.1117,1000,2.397587884013689,1.699426966938982,0.7088069548024456,0.34417206765920416,False
dmv.1118,1000,1.7124279592138318,2.399142899364563,1.4010182947877112,0.33719932564770516,False
dmv.1119,1000,1.0858515311780261,1.3046432727290582,1.2014932385034884,0.18356514863255802,False
dmv.112,1000,2.3310869266684975,1.6271360685554892,0.6980160413326719,0.35951319463187775,False
dmv.1120,1000,2.148182013937217,1.515590597643246,0.7055224314374792,0.34881671310261786,False
dmv.1121,1000,2.422901696548873,1.715740530278126,0.7081346027046777,0.34512108654381213,False
dmv.1122,1000,2.4771822804071855,1.7530468504900552,0.7076777774310169,0.34576640550827853,False
dmv.1123,1000,1.871701593482605,1.3028165874622182,0.6960599873391764,0.36231943365603736,False
dmv.1124,1000,2.4318070640040528,1.7203520715525862,0.7074377309851088,0.3461056660799887,False
dmv.1125,1000,1.5630180300453913,1.1144010821101147,0.7129803116076349,0.3383014724026271,False
dmv.1126,1000,2.398301277977909,1.7006247199749773,0.709095531737711,0.3437650200067891,False
dmv.1127,1000,2.5566508421275436,1.7746410880698513,0.6941272773066913,0.36509993859492995,False
dmv.1128,1000,2.400174253000103,1.7001348804954113,0.7083381043565167,0.3448337507522722,False
dmv.1129,1000,2.4100759254982855,1.7063425735273405,0.7080036589198129,0.3453060173359338,False
dmv.113,1000,2.419291617038237,1.712376612351696,0.7078008290906387,0.34559253970859105,False
dmv.1130,1000,2.343230548610804,1.6535571569547154,0.705674120685664,0.348601733483314,False
dmv.1131,1000,2.401412469619493,1.700978820290031,0.7083243057197721,0.3448532312391501,False
dmv.1132,1000,2.3431644979359088,1.661009822330618,0.7088746111482143,0.3440766211958447,False
dmv.1133,1000,3.822685038816876,2.7146389682312,0.7101393237124718,0.34229409761653196,False
dmv.1134,1000,2.5018486222532266,1.7950399159138117,0.7174854225581221,0.3320026485469182,False
dmv.1135,1000,2.3711063927585707,1.6683980487457495,0.7036369408985976,0.3514927647985475,False
dmv.1136,1000,4.4182973949894055,3.1274887509925593,0.7078493074140516,0.34552405057814584,False
dmv.1137,1000,2.4208937098520193,1.7203318351679677,0.7106184910832477,0.34161957394479325,False
dmv.1138,1000,2.3216134590563144,1.631702002534673,0.7028310402705558,0.35263875706716774,False
dmv.1139,1000,7.170389452947417,5.0687076870340215,0.7068943354186304,0.3468740791084761,False
dmv.114,1000,2.3999267868384764,1.700079554373119,0.708388090710344,0.3447631847473206,False
dmv.1140,1000,2.4033129575449674,1.6978124534728753,0.7064466773429395,0.3475075540966338,False
dmv.1141,1000,1.8708702064896756,1.3805507183282542,0.737919024814976,0.3039211828745477,False
dmv.1142,1000,2.2431151216356398,1.5813610421309394,0.7049843438163972,0.34957968376908344,False
dmv.1143,1000,2.631870957598649,1.8651932158975888,0.7086947825129746,0.34433033524611745,False
dmv.1144,1000,1.7274246437129523,1.2497889910349704,0.7234984145812898,0.3236569242311891,False
dmv.1145,1000,2.4013058641213503,1.6999750248329224,0.7079377309791194,0.34539913975076164,False
dmv.1146,1000,2.4170508843993628,1.7313102233549444,0.7162903497520595,0.33366967780755985,False
dmv.1147,1000,2.1308378484764288,1.5129923509126706,0.7100457465566776,0.34242587925244483,False
dmv.1148,1000,1.5405998769027722,1.0875736013778492,0.7059416385027313,0.3482227099161308,False
dmv.1149,1000,2.398564382566057,1.6989793433136162,0.7083317653103798,0.3448426999736436,False
dmv.115,1000,2.4175077139294547,1.7138985898895545,0.7089526871059109,0.34396648654422435,False
dmv.1150,1000,2.470068293087757,1.7526060441125684,0.7095374848610719,0.3431419509924808,False
dmv.1151,1000,2.400242354380581,1.698720525376304,0.7077287517554388,0.3456943776867407,False
dmv.1152,1000,2.4030538418812046,1.7009952673580435,0.7078473389620092,0.3455268314733998,False
dmv.1153,1000,2.408231399174196,1.701017843779765,0.7063348830860103,0.34766581530316965,False
dmv.1154,1000,2.3971801792154377,1.6995501557430357,0.7089788954868106,0.34392951948428363,False
dmv.1155,1000,2.545456819335813,1.8202348480105888,0.7150916229195918,0.3353446005543781,False
dmv.1156,1000,1.0289749323290573,1.3758435126727055,1.3371010988173642,0.29050391142960735,False
dmv.1157,1000,2.294789983844911,1.641040628580152,0.715115823292289,0.33531075878860694,False
dmv.1158,1000,2.443919790978059,1.680251055080619,0.6875229953468239,0.37466000222357665,False
dmv.1159,1000,31.424077917930703,21.497433096668487,0.6841070453304205,0.37964087458319806,False
dmv.116,1000,2.2644708874483137,1.606556154028327,0.7094620482573974,0.3432482746409176,False
dmv.1160,1000,2.399390629496113,1.700085238083997,0.7085487528310576,0.34453641088349674,False
dmv.1161,1000,2.030438562054848,1.448472452128165,0.7133791089262406,0.3377422903013192,False
dmv.1162,1000,2.446057773284721,1.7326445429908743,0.708341627051666,0.34482877758145414,False
dmv.1163,1000,2.4004765938002888,1.6995968787607048,0.7080247660611455,0.34527620558786176,False
dmv.1164,1000,2.4001185720055735,1.7002541407207419,0.7084042265878494,0.3447404067052475,False
dmv.1165,1000,1.636719525511217,1.1590011466428844,0.7081244700620769,0.3451353955679107,False
dmv.1166,1000,2.5169254758138035,1.7849780483662758,0.7091898689567416,0.3436319900550975,False
dmv.1167,1000,2.39934799598182,1.6994934111333422,0.708314681313206,0.3448668189021389,False
dmv.1168,1000,2.4219088515630847,1.7149434966881703,0.7080958045061674,0.3451758773438437,False
dmv.1169,1000,2.2154141085007026,1.576103747383154,0.7114262481833672,0.3404835236297926,False
dmv.117,1000,2.342625354812783,1.654989868572349,0.7064680082849234,0.3474773598574451,False
dmv.1170,1000,2.287341291708016,1.6195521937648545,0.7080500840150066,0.3452404476561925,False
dmv.1171,1000,2.418210580629746,1.7142845669757572,0.708906238649128,0.3440320056956091,False
dmv.1172,1000,1.9739691473480103,1.4106488123704766,0.7146255625452181,0.335996562208921,False
dmv.1173,1000,2.4005576114126495,1.699878429281837,0.70811815604855,0.34514431213829266,False
dmv.1174,1000,2.413518130347539,1.700026271542665,0.7043768390079865,0.35044178335496634,False
dmv.1175,1000,1.9363101419176185,1.3678376395794278,0.7064145407123645,0.34755304565683787,False
dmv.1176,1000,2.3479088729620905,1.6655403392980532,0.7093717982320283,0.34337549182806604,False
dmv.1177,1000,2.3989230352254634,1.7007151868648742,0.7089494585244299,0.3439710405700305,False
dmv.1178,1000,2.417004595836713,1.7119029815927278,0.7082746075623846,0.3449233966994535,False
dmv.1179,1000,2.492756171698648,1.7655726437561492,0.7082813248248939,0.3449139127640074,False
dmv.118,1000,2.4030719460106127,1.7020198575078753,0.708268373043692,0.34493219914142403,False
dmv.1180,1000,2.3955440679943703,1.6986699511210108,0.7090956805245475,0.34376481018058913,False
dmv.1181,1000,2.2580366031802153,1.623221266876018,0.7188640186743986,0.33008306477430255,False
dmv.1182,1000,2.22236150280907,1.5738450599963134,0.708185890552446,0.34504866247308125,False
dmv.1183,1000,2.156746444675685,1.4827117512399848,0.6874761541396414,0.3747281349307398,False
dmv.1184,1000,2.477832519032548,1.7498955137353696,0.706220255119827,0.3478281140529098,False
dmv.1185,1000,2.3977646901745002,1.7002711368604353,0.7091067542314571,0.34374919364145684,False
dmv.1186,1000,4.004761904761905,2.8547182620502376,0.7128309572301426,0.33851097331106117,False
dmv.1187,1000,2.3256327580029925,1.640718829961061,0.705493515394897,0.3488576992341369,False
dmv.1188,1000,2.233877626059198,1.5983344554154713,0.7154977679932747,0.33477679949675193,False
dmv.1189,1000,2.448476477625309,1.7274646604655701,0.7055263451585114,0.3488111658513857,False
dmv.119,1000,4.792635658914729,3.2486042692939243,0.6778325123152709,0.3888550535425441,False
dmv.1190,1000,2.003614409337895,1.4504181113603916,0.7239008187407127,0.3231008866701256,False
dmv.1191,1000,1.8211301029941374,1.287538011312099,0.706999466537424,0.34672536762980377,False
dmv.1192,1000,2.4018514192402884,1.703145186813288,0.7090968130543217,0.3437632130352377,False
dmv.1193,1000,2.408747835897835,1.7395760164086427,0.7221910033435419,0.32546562750861563,False
dmv.1194,1000,2.4230386448190675,1.7146365923836606,0.7076389788705559,0.3458212321897235,False
dmv.1195,1000,3.273163562281723,2.320836910225509,0.7090500874962855,0.34382910967547287,False
dmv.1196,1000,2.4272233176540436,1.7196579194402504,0.7084877221360627,0.34462254937902703,False
dmv.1197,1000,2.4377581009351097,1.728233971884955,0.7089439970364634,0.3439787442348512,False
dmv.1198,1000,2.4192403908738114,1.7150772423891703,0.7089321296300354,0.3439954839291096,False
dmv.1199,1000,1.5245099073624682,1.082289669223394,0.7099262943432406,0.3425941251196565,False
dmv.12,1000,2.7956997042278027,2.0260047281323876,0.7246861045442605,0.32201667713067605,False
dmv.120,1000,2.398835366880067,1.6998743752237528,0.7086248596687212,0.3444290043708923,False
dmv.1200,1000,2.4517628350018144,1.7383737972310782,0.7090301608351901,0.343857213389801,False
dmv.1201,1000,4.173076923076923,5.884615384615385,1.4101382488479264,0.3436877484119214,True
dmv.1202,1000,2.411959504921248,1.7033795268284682,0.7062222741936477,0.34782525507099915,False
dmv.1203,1000,2.4199965552285385,1.7154292965242428,0.7088560902361458,0.344102748741861,False
dmv.1204,1000,2.5324537467764796,1.7593498333156201,0.6947214082606913,0.3642443652032188,False
dmv.1205,1000,2.4198581182175034,1.713043231422243,0.7079106078682379,0.3454374533330017,False
dmv.1206,1000,2.5021863871116934,1.770326582202267,0.7075118749430086,0.34600086523385676,False
dmv.1207,1000,2.401220181566511,1.6998901226391039,0.7079276343288633,0.3454134019122689,False
dmv.1208,1000,2.56618667223907,1.8200520690465527,0.7092438320001507,0.3435559018411769,False
dmv.1209,1000,2.4679065428320603,1.7451093128192496,0.7071213121452482,0.3465530406122498,False
dmv.121,1000,2.414163692356669,1.7099913883587983,0.7083162561729736,0.3448645955146271,False
dmv.1210,1000,2.5838445103039493,1.7929599693911713,0.6939117126596203,0.36541054175573795,False
dmv.1211,1000,2.298684369213743,1.6269323321295288,0.7077667355810209,0.3456407090937555,False
dmv.1212,1000,2.409548034546232,1.6970413189710833,0.7042986048172605,0.350552858182244,False
dmv.1213,1000,2.4946770992241194,1.7884332702235497,0.7168997024824488,0.33281933312904755,False
dmv.1214,1000,2.400786267208453,1.6996456385878447,0.7079537490707705,0.34537651359349275,False
dmv.1215,1000,2.396796117756654,1.6984092087500942,0.7086164718673552,0.3444408411712727,False
dmv.1216,1000,1.7871985773670376,1.2665294716757343,0.708667457391125,0.34436889295717216,False
dmv.1217,1000,1.7198756862233662,1.1993753807346141,0.6973616699985414,0.36045110753787657,False
dmv.1218,1000,2.328994589961969,1.6727419618554817,0.7182249237782886,0.3309724946757683,False
dmv.1219,1000,2.6016722097104745,1.8455944474745207,0.7093877701372329,0.34335297651883234,False
dmv.122,1000,2.6696200365880944,1.9024432335093462,0.7126269684208552,0.3387971814228674,False
dmv.1220,1000,2.4217879014473307,1.7151751408811475,0.708226818647541,0.34499087127304384,False
dmv.1221,1000,2.4354237024901106,1.6980922149204294,0.6972471415073307,0.3606153521497324,False
dmv.1222,1000,3.231435516450409,2.26831847348057,0.7019538102905483,0.353887674427975,False
dmv.1223,1000,1.4278165448419347,1.0198582306448007,0.714278199345073,0.33648275759345603,False
dmv.1224,1000,2.4196486662329213,1.7151424761438232,0.7088394691672644,0.34412619675052813,False
dmv.1225,1000,2.388443763699263,1.697998295303072,0.7109224513091247,0.3411919250161626,False
dmv.1226,1000,2.400036842088737,1.6999753573554142,0.7083121923561541,0.3448703328225623,False
dmv.1227,1000,1.3030058793474428,1.0547697813516543,0.8094896562399954,0.2113512839077966,False
dmv.1228,1000,2.4018404962370816,1.6998648503431295,0.70773427836123,0.34568656878509696,False
dmv.1229,1000,2.4068457744330933,1.7012379632914207,0.706832976737834,0.346960883233016,False
dmv.123,1000,2.4938081240374363,1.7658309596693074,0.7080861364788782,0.34518953099527006,False
dmv.1230,1000,2.3634342585711052,1.6594261755777495,0.7021249563256362,0.35364389033265964,False
dmv.1231,1000,2.4170492492671833,1.7100466528761937,0.7074935082082654,0.3460268251842046,False
dmv.1232,1000,2.4420633031712944,1.7350412777451028,0.7104816961509377,0.3418120937037257,False
dmv.1233,1000,2.346970737188301,1.6498918878091182,0.7029878394588372,0.35241568538817325,False
dmv.1234,1000,2.4931157397748693,1.762940829155371,0.7071235406482036,0.34654988910287565,False
dmv.1235,1000,2.3454888478533933,1.6795805814666032,0.7160897750606515,0.3339497357185074,False
dmv.1236,1000,1.31877493799202,1.0794831956823943,0.8185499773949498,0.20022082429775429,False
dmv.1237,1000,3.6466786355475764,2.590816326530612,0.7104591836734693,0.341843780423124,False
dmv.1238,1000,3.6920449971400124,2.6162479283260875,0.7086175629908966,0.34443930137824674,False
dmv.1239,1000,1.8682905042191065,1.3140217479714702,0.703328387637818,0.3519313729994293,False
dmv.124,1000,2.458755325474965,1.7433502862493249,0.709037726603625,0.34384654285914173,False
dmv.1240,1000,2.488327448676678,1.7584407563980131,0.7066757863130806,0.3471832949074398,False
dmv.1241,1000,8.696950386891215,6.239289446185998,0.7174111807732497,0.332106128874025,False
dmv.1242,1000,2.4528577082806966,1.7380785886934622,0.7085933206911335,0.3444735126590728,False
dmv.1243,1000,2.395689592309825,1.6988691911277565,0.7091357730906102,0.34370827136110205,False
dmv.1244,1000,3.7432072456046885,2.6704675028506273,0.7134169517293805,0.3376892444537839,False
dmv.1245,1000,2.3972637156685805,1.6938112057103598,0.706560231416996,0.3473468272472505,False
dmv.1246,1000,1.5495855616972283,1.0954788742816268,0.7069495879154759,0.34679591984922303,False
dmv.1247,1000,1.3136403250405493,1.8552145283764918,1.4122697765990286,0.3451981807357556,False
dmv.1248,1000,2.190303256769854,1.5663025869699552,0.7151076373231793,0.3353222059076553,False
dmv.1249,1000,2.3499356632322415,1.68015310747742,0.7149783433502335,0.33550302576750357,False
dmv.125,1000,1.7895942049370561,1.2618187155613916,0.7050865006605073,0.3494347877240529,False
dmv.1250,1000,1.2544490289396049,1.1254111412210759,0.8971358064443593,0.10854802766492369,False
dmv.1251,1000,2.6308722317959474,1.8353693595477931,0.6976277058863062,0.36006969116928067,False
dmv.1252,1000,2.4003784539924915,1.7002058637551671,0.7083074174937939,0.34487707402863776,False
dmv.1253,1000,2.541448350046844,1.8090549074173177,0.7118204496990754,0.33992957676116464,False
dmv.1254,1000,2.3680625261396906,1.654535459445046,0.698687404230916,0.3585518410215853,False
dmv.1255,1000,2.4000089946834997,1.6954636394004532,0.706440535496427,0.3475162481331523,False
dmv.1256,1000,2.400227941315625,1.7000129125673238,0.7082714451009616,0.34492786173102397,False
dmv.1257,1000,1.0634589486303236,1.5033078410679395,1.4136021357515651,0.34614115288211567,False
dmv.1258,1000,1.7849613134313138,1.2563261754058577,0.7038394423186481,0.35120501372313,False
dmv.1259,1000,2.382755035509799,1.688693768776326,0.7087148043378382,0.34430208395580497,False
dmv.126,1000,2.3989630156639694,1.6995104585401528,0.7084354562547407,0.34469632314763055,False
dmv.1260,1000,2.253825906881631,1.5984660065165492,0.709223370640978,0.3435847517985621,False
dmv.1261,1000,1.4015522937063636,1.9868659759809286,1.417618154458383,0.3489781072612702,False
dmv.1262,1000,2.418282057501073,1.6913285444925068,0.6993925870831783,0.3575430533750329,False
dmv.1263,1000,1.80112205231947,1.271062194159708,0.70570575299039,0.3485569088328835,False
dmv.1264,1000,2.4163331049102426,1.723619892551714,0.7133204809589943,0.3378244771438682,False
dmv.1265,1000,2.219936609214094,1.5750087296139414,0.709483650603667,0.34321782619417496,False
dmv.1266,1000,2.399755083796108,1.6961080389689742,0.706783809073527,0.34703044616523415,False
dmv.1267,1000,2.4302749404426924,1.7104663142254366,0.703815969856424,0.3512383634506604,False
dmv.1268,1000,2.4222552459297284,1.7152083521214538,0.7081038858326879,0.3451644646503149,False
dmv.1269,1000,2.422529537090839,1.7146510408165767,0.7077936572346865,0.34560267235041986,False
dmv.127,1000,2.3977637681880384,1.6935108600952467,0.7062876178894857,0.3477327336716788,False
dmv.1270,1000,2.419903141841933,1.715443144180006,0.7088891759834154,0.34405607498732405,False
dmv.1271,1000,2.420991270652407,1.7145230214886507,0.7081905012514242,0.34504215191698184,False
dmv.1272,1000,2.1893436893203884,1.5588053940313942,0.7119966598370288,0.3396820588212933,False
dmv.1273,1000,2.440755878396876,1.7296966046198163,0.708672514088507,0.3443617574815857,False
dmv.1274,1000,2.4279449398507817,1.7169557090680532,0.7071641868343089,0.34649240972958173,False
dmv.1275,1000,2.198278920531499,1.5471477338796251,0.7037995585680985,0.3512616813069853,False
dmv.1276,1000,2.266407865755817,1.6089204834670896,0.709898914390917,0.34263269318022976,False
dmv.1277,1000,1.628153126125045,1.1656843371423662,0.7159549789500816,0.3341379925597696,False
dmv.1278,1000,2.353535855346261,1.6672322025344082,0.7083946474608176,0.34475392891677303,False
dmv.1279,1000,2.4334639843877173,1.7318255124235122,0.7116709035080525,0.3401396885981437,False
dmv.128,1000,2.3954047615087717,1.6986331291495447,0.7091215465730485,0.34372833333062613,False
dmv.1280,1000,2.400020602143275,1.7002229428362006,0.7084201449428649,0.344717936234897,False
dmv.1281,1000,1.6630655744124863,1.1775648515419297,0.7080688035755475,0.345214009818655,False
dmv.1282,1000,2.0821185455476816,1.473387537638882,0.7076386408398861,0.34582170987786764,False
dmv.1283,1000,2.5544749715888915,1.8204391246611973,0.7126470781308452,0.3387689626953322,False
dmv.1284,1000,2.4112614714574585,1.7024875075503816,0.7060567788699137,0.3480596213941878,False
dmv.1285,1000,3.680594243268338,5.067316620241411,1.3767658930373359,0.3197371929742203,True
dmv.1286,1000,2.6669998862177144,1.8868368244622435,0.7074754049345378,0.3460524134124129,False
dmv.1287,1000,2.1943058821170207,1.5678924782026207,0.7145277652402547,0.33613342268877955,False
dmv.1288,1000,2.391701346243278,1.6989551745752087,0.7103542326653001,0.34199151411870043,False
dmv.1289,1000,2.5040548329989076,1.7751969027072187,0.7089289257221282,0.3440000032829561,False
dmv.129,1000,2.4316554951656455,1.719189171038778,0.7070035925963543,0.34671953163262725,False
dmv.1290,1000,1.0956222083209868,1.3278107220129818,1.2119238839159878,0.1922090836254764,False
dmv.1291,1000,1.2361676332270246,1.1462331334332834,0.9272473268378929,0.07553494550913176,False
dmv.1292,1000,2.421453387200179,1.7162685223653233,0.7087761967409869,0.34421546273120407,False
dmv.1293,1000,1.2162419291413495,1.1644868585732164,0.957446730516295,0.04348519340050072,False
dmv.1294,1000,2.2633737319042537,1.6023123798571532,0.7079309781107485,0.3454086785848749,False
dmv.1295,1000,2.324264592127655,1.6581812448263629,0.7134218928613663,0.3376823184691088,False
dmv.1296,1000,2.1314061292814834,1.4676804397942897,0.6885972690193296,0.3730986940755149,False
dmv.1297,1000,1.9806574463820406,1.3927659049666132,0.7031836360753361,0.3521372035370324,False
dmv.1298,1000,2.4065340110157694,1.7038850345883387,0.7080244978001159,0.3452765844744393,False
dmv.1299,1000,2.4084751551926797,1.706024196802173,0.7083420367131377,0.34482819924278607,False
dmv.13,1000,2.061242945680053,1.4498117466822213,0.7033677178717495,0.3518754544058003,False
dmv.130,1000,2.410657152335737,1.7057486392413688,0.70758657554793,0.34589528868550434,False
dmv.1300,1000,2.3980796606277948,1.698805204735188,0.7084023240038894,0.3447430924409385,False
dmv.1301,1000,2.4228576308822274,1.7169178960378282,0.7086334228448464,0.3444169202275419,False
dmv.1302,1000,2.4286312949028885,1.715330141132162,0.7062950002877038,0.34772228132981486,False
dmv.1303,1000,2.2054835335801926,1.5562114338846469,0.7056100896652023,0.34869247497965633,False
dmv.1304,1000,2.3982714772481,1.7006826555064989,0.7091285001053966,0.34371852753881327,False
dmv.1305,1000,12.8,9.309090909090909,0.7272727272727272,0.3184537311185345,False
dmv.1306,1000,2.4011460300779643,1.7138447893569846,0.7137611656636047,0.337206874472485,False
dmv.1307,1000,2.190077668733819,1.5371125525576286,0.7018529865410214,0.3540313177696767,False
dmv.1308,1000,2.5363274217534983,1.7995524497458932,0.7095110963637994,0.3431791428090609,False
dmv.1309,1000,2.225634354116129,1.5781958389179533,0.7090993343085349,0.3437596574562469,False
dmv.131,1000,2.395888348322169,1.6983127858246667,0.7088447118222301,0.3441188006674851,False
dmv.1310,1000,2.1681913015567327,1.5425896323361499,0.7114638045215802,0.3404307348171217,False
dmv.1311,1000,3.1814663193152213,2.25223943513542,0.7079249657498157,0.3454171714841121,False
dmv.1312,1000,2.3980796606277948,1.698805204735188,0.7084023240038894,0.3447430924409385,False
dmv.1313,1000,2.268756306628891,1.6071011848781842,0.7083621895320041,0.34479974895867654,False
dmv.1314,1000,2.3976754046841093,1.6943110002752737,0.7066473622598206,0.3472235179141776,False
dmv.1315,1000,2.3787313208590377,1.6857122475309747,0.7086602142701046,0.34437911377084174,False
dmv.1316,1000,2.2454275330931175,1.5913849950262855,0.7087224911837273,0.34429123783807764,False
dmv.1317,1000,2.3032918259154234,1.6199202266026937,0.7033065495115325,0.35196242316846826,False
dmv.1318,1000,2.4401409563403536,1.72640596671679,0.7075025572727566,0.3460140349514794,False
dmv.1319,1000,2.4394558812275196,1.7245301229327492,0.7069322860903621,0.34682039406511445,False
dmv.132,1000,2.294989578427426,1.628100427581399,0.709415172463226,0.34331434913066733,False
dmv.1320,1000,1.6121719989959646,1.141457252770388,0.7080244871398769,0.3452765995307533,False
dmv.1321,1000,2.399835374673555,1.6998092934980247,0.7083024575088809,0.34488407664100207,False
dmv.1322,1000,2.076182836617698,1.4651760373578264,0.7057066514164714,0.34855563574490644,False
dmv.1323,1000,2.39923897154663,1.699295936079693,0.7082645606511927,0.34493758185072587,False
dmv.1324,1000,2.4063119103233994,1.7005766971016616,0.706714989775831,0.34712782056386304,False
dmv.1325,1000,2.5035424008702503,1.7717515312530383,0.7076978327337952,0.3457380663131766,False
dmv.1326,1000,2.0297899502358185,1.4322692681104057,0.7056243765242833,0.3486722276580045,False
dmv.1327,1000,2.3024102991595354,1.6312546812091289,0.7084986901789819,0.3446070685772012,False
dmv.1328,1000,2.4194520554763344,1.7232531386871663,0.7122493437250186,0.3393272270155392,False
dmv.1329,1000,1.0807131390711948,1.292394499265169,1.1958719224750993,0.17887556156256354,False
dmv.133,1000,2.510797351107104,1.7746905736383534,0.7068235008515626,0.34697428944084896,False
dmv.1330,1000,2.491068570331007,1.7587126519911405,0.7060073226958369,0.3481296694522642,False
dmv.1331,1000,2.4689310394478987,1.7523339473599333,0.7097541078959376,0.3428366958389194,False
dmv.1332,1000,2.3989684754005602,1.7001027340115769,0.7086807315080318,0.34435016203838853,False
dmv.1333,1000,1.1527894653051014,1.2475585455836802,1.0822084891741242,0.07900385056287576,False
dmv.1334,1000,2.4305866180278977,1.720272853560573,0.7077603574384643,0.3456497207793503,False
dmv.1335,1000,2.322220598999881,1.6463700976587692,0.7089636955110196,0.34395095896411604,False
dmv.1336,1000,2.372556801269967,1.717641143513863,0.7239620744145957,0.3230162713737338,False
dmv.1337,1000,4.226987951807229,2.9265741128441327,0.6923544959698524,0.36765717712066515,False
dmv.1338,1000,2.454276625843873,1.738859464783729,0.7085018234999665,0.34460264610740765,False
dmv.1339,1000,1.5829143577700397,1.124438925695765,0.7103599257763,0.3419834996831911,False
dmv.134,1000,2.4547014297729186,1.734353830429512,0.7065436999358228,0.3473702246503817,False
dmv.1340,1000,2.4001369738985394,1.7002614700992305,0.708401848973435,0.34474376300708076,False
dmv.1341,1000,2.3008854186124705,1.637892090463594,0.7118529576545846,0.339883909046439,False
dmv.1342,1000,2.5585378001834034,1.8261110797332811,0.7137323042881681,0.3372473109102664,False
dmv.1343,1000,2.2843179765130985,1.642358901084627,0.7189712281613301,0.3299339385272363,False
dmv.1344,1000,4.234242592936228,3.0297866690271755,0.715543949721165,0.33471225668526783,False
dmv.1345,1000,4.211564782270692,2.931848498014376,0.6961423246667124,0.36220115008917064,False
dmv.1346,1000,4.016015005049776,2.82617524621789,0.7037262666260534,0.3513658242517175,False
dmv.1347,1000,2.267374374696898,1.6094731915440437,0.7098400729518686,0.34271558368278937,False
dmv.1348,1000,7.26950250220783,5.146832013338892,0.7080033347228013,0.345306475239056,False
dmv.1349,1000,2.41108162546168,1.7075854296306818,0.7082238160658327,0.3449951108584338,False
dmv.135,1000,2.359255517436992,1.659532519413753,0.7034136434770778,0.35181016266025067,False
dmv.1350,1000,2.3119532281504984,1.65583054975407,0.7162041729878293,0.33378999486701966,False
dmv.1351,1000,2.39926861933621,1.6992726171005588,0.7082460894148174,0.34496366176248017,False
dmv.1352,1000,2.4002821298926027,1.699784489749356,0.7081602902344694,0.3450848122764648,False
dmv.1353,1000,44.15283687943263,31.034646061814556,0.7028913260219342,0.35255298514966693,False
dmv.1354,1000,2.3093102082719454,1.6305040072512165,0.7060567269874587,0.34805969487617744,False
dmv.1355,1000,2.252202309757659,1.5996867388972822,0.7102766620772231,0.34210071994892843,False
dmv.1356,1000,2.4179468993133115,1.71702668193963,0.7101176135949303,0.3423246697151049,False
dmv.1357,1000,2.4141215985042335,1.7102030254627583,0.7084162730337956,0.3447234018045564,False
dmv.1358,1000,2.502388230215451,1.7707640744962296,0.7076296368065039,0.34583443401437886,False
dmv.1359,1000,2.623143086752759,1.8122619054163254,0.6908742090999543,0.36979751360960145,False
dmv.136,1000,1.1905130188192834,1.2269380684278908,1.030596095156299,0.030137368001547565,False
dmv.1360,1000,1.8153846153846154,1.272580210299272,0.700997573469938,0.3552508534800174,False
dmv.1361,1000,2.227210774736305,1.5935656501604505,0.7154983570646222,0.33477597619424654,False
dmv.1362,1000,2.0903135824768784,1.481935582818261,0.7089537164382145,0.34396503463978123,False
dmv.1363,1000,2.2309592335593753,1.5928178856181783,0.7139610001196316,0.3369269398155594,False
dmv.1364,1000,2.399042452318347,1.6992982828807779,0.708323556858545,0.3448542884690332,False
dmv.1365,1000,2.454077252554603,1.7418758586191307,0.7097885190068499,0.342788213869774,False
dmv.1366,1000,1.4701218820504418,1.054736175792377,0.7174481168332053,0.33205464499678994,False
dmv.1367,1000,2.433512811274124,1.7005610247389922,0.6988091522923287,0.3583776036524092,False
dmv.1368,1000,2.4609230603413796,1.7382477247233448,0.7063397278589502,0.3476589562955791,False
dmv.1369,1000,1.9463941482479072,1.378879431297353,0.7084276494247498,0.3447073430266289,False
dmv.137,1000,2.383352124908864,1.711897049060232,0.7182728188457225,0.33090581156721843,False
dmv.1370,1000,2.2422814509793385,1.592281803699508,0.7101168334617687,0.34232576831282335,False
dmv.1371,1000,2.2186991340582067,1.5446715924028829,0.6962059743438648,0.36210972228013477,False
dmv.1372,1000,2.17299846917763,1.5392207048773372,0.7083395256416607,0.3448317442475967,False
dmv.1373,1000,2.396388896253679,1.7159439109683445,0.7160540234729483,0.33399966308997275,False
dmv.1374,1000,2.395901237078106,1.6989015134617211,0.7090866214225079,0.3437775858329538,False
dmv.1375,1000,2.516099909720132,1.755406256560991,0.6976695360067184,0.360009732446266,False
dmv.1376,1000,2.1671970445151616,1.5323663066259499,0.7070729034557012,0.34662150177413525,False
dmv.1377,1000,2.1942520231503,1.556893359166012,0.7095326073487089,0.3431488252298985,False
dmv.1378,1000,2.3966634634247583,1.696863513573358,0.7080107572335551,0.34529599157113744,False
dmv.1379,1000,1.3328645555501673,1.8848342304770218,1.4141228548905465,0.3465094483469084,False
dmv.138,1000,2.3699616816064832,1.6910216323144662,0.7135227735699945,0.3375409244667069,False
dmv.1380,1000,2.034784713156431,1.4378177680433053,0.7066191124528899,0.3472634959472519,False
dmv.1381,1000,2.401470997877507,1.6993935512916525,0.7076469184069382,0.3458100124970841,False
dmv.1382,1000,2.421309792165795,1.688240086238819,0.697242497305037,0.36062201294112806,False
dmv.1383,1000,2.3997869418003606,1.699866153331359,0.708340446279823,0.3448304445353392,False
dmv.1384,1000,1745.3333333333333,2526.8333333333335,1.4477654698242934,0.3700213124918452,True
dmv.1385,1000,2.408264206080594,1.7115046880008988,0.7106797849170966,0.34153332345828824,False
dmv.1386,1000,2.3164843875025545,1.6443998986706023,0.7098687595488009,0.3426751717387631,False
dmv.1387,1000,2.3983862916891066,1.6936004781568468,0.7061416603428375,0.3479394095731446,False
dmv.1388,1000,2.400675157722746,1.6976019178549342,0.7071352041919993,0.3465333948880249,False
dmv.1389,1000,2.4007711520664397,1.7014808282722789,0.7087226230654039,0.34429105175443286,False
dmv.139,1000,1.483365741078393,1.0500502716594724,0.7078835937629891,0.34547561439514035,False
dmv.1390,1000,2.392867080479452,1.7100600767115743,0.7146490043938983,0.3359637597660252,False
dmv.1391,1000,2.399808558072863,1.6989306254148395,0.7079442315095105,0.34538995744522594,False
dmv.1392,1000,2.4102694835718745,1.6954339090956532,0.7034208915855841,0.3517998585223785,False
dmv.1393,1000,2.395337153880864,1.6985611238190053,0.7091115006783241,0.3437425001063109,False
dmv.1394,1000,2.410262731584287,1.7055785428752113,0.7076317948766189,0.34583138430205473,False
dmv.1395,1000,2.4263615112768493,1.7174364960696018,0.7078238292552775,0.3455600449869072,False
dmv.1396,1000,2.422355870102823,1.715310708001178,0.7081167260235661,0.3451463316126073,False
dmv.1397,1000,2.4389725120921746,1.7273402845565096,0.708224580634892,0.34499403130049,False
dmv.1398,1000,2.415227318167298,1.7112260909648511,0.708515541412205,0.3445832844360851,False
dmv.1399,1000,2.4059696369614967,1.7001762588615115,0.7066490918017848,0.3472210703852685,False
dmv.14,1000,2.263302364864865,1.6225517295845837,0.7168956984152055,0.33282491839908085,False
dmv.140,1000,2.399964906050573,1.699929969761082,0.7083145113811344,0.34486705881258606,False
dmv.1400,1000,2.091022938364885,1.5001048155246766,0.7174023718255869,0.3321184077483734,False
dmv.1401,1000,2.484613904270919,1.7517662594284906,0.7050456638020489,0.3494927069170177,False
dmv.1402,1000,2.646491671660477,1.860636416745369,0.7030577260717233,0.35231627664260057,False
dmv.1403,1000,2.401615511979233,1.701023977063407,0.7082832237628036,0.34491123171722904,False
dmv.1404,1000,2.3973988722637145,1.6977114074805426,0.7081472453841189,0.3451032332055679,False
dmv.1405,1000,2.4008522105372747,1.7039934408351554,0.7097452451910096,0.34284918292446676,False
dmv.1406,1000,1.9097904998962871,1.3491689593400031,0.7064486703715779,0.34750473289881245,False
dmv.1407,1000,2.413411016745873,1.7042848788786304,0.706172660625626,0.3478955095965839,False
dmv.1408,1000,2.407305582479491,1.7169245880979298,0.7132142261430399,0.33797344627251547,False
dmv.1409,1000,2.4210521904028366,1.7143427195452914,0.7080982088453217,0.3451724818498201,False
dmv.141,1000,2.1112789315432487,1.4564091185351689,0.6898231667904724,0.3713199942499747,False
dmv.1410,1000,2.3899662513979445,1.6968087722654008,0.7099718547376557,0.34252995094707916,False
dmv.1411,1000,2.367610685134801,1.691617045716726,0.7144827721625243,0.33619639364185183,False
dmv.1412,1000,2.5046108293184233,1.7694563213995094,0.7064795459185288,0.3474610285596963,False
dmv.1413,1000,2.4002708412030316,1.69996359859544,0.7082382410409181,0.3449747432460244,False
dmv.1414,1000,2.3383321610811745,1.6588527255416194,0.7094170593687664,0.34331168932988476,False
dmv.1415,1000,2.1219750726059203,1.5043844846354593,0.7089548336625743,0.34396345876331197,False
dmv.1416,1000,2.400476439457164,1.6996780489165113,0.7080586257705038,0.3452283839559438,False
dmv.1417,1000,2.399986047570944,1.6999212462502347,0.7083046370085136,0.3448809995709503,False
dmv.1418,1000,2.2625159136220603,1.5990398033430326,0.7067529530800651,0.3470741040230173,False
dmv.1419,1000,2.141449924387371,1.5277571639322276,0.7134218486894064,0.33768238038473214,False
dmv.142,1000,2.1451712593355654,1.4908807789371945,0.6949938250613018,0.3638523182606972,False
dmv.1420,1000,2.2908152287393238,1.6228401380237982,0.7084116246760224,0.34472996344521983,False
dmv.1421,1000,2.4553500638951578,1.7467044742400446,0.7113871459408437,0.34053848831130984,False
dmv.1422,1000,3.6184219649171463,2.6133450175262896,0.7222333500250375,0.32540699282635066,False
dmv.1423,1000,2.4254584740155165,1.7206848198639921,0.7094266252331576,0.3432982053013125,False
dmv.1424,1000,2.7573601666601157,1.9657568794485232,0.7129126268004259,0.33839640913376123,False
dmv.1425,1000,2.4161723914372586,1.7087496653745955,0.7072134717830075,0.3464227183732198,False
dmv.1426,1000,2.399240862569851,1.6996107322895324,0.7083952090033439,0.34475313621978454,False
dmv.1427,1000,2.051215285736552,1.4547464383018291,0.70921197224769,0.3436008235826521,False
dmv.1428,1000,2.3997869418003606,1.699866153331359,0.708340446279823,0.3448304445353392,False
dmv.1429,1000,1.1015794690116194,1.583804643512368,1.4377579539798615,0.36308492383767665,False
dmv.143,1000,2.426877638112517,1.7181650794248424,0.707973509847464,0.345348601458077,False
dmv.1430,1000,1.8534287081198535,1.31815592801662,0.7111986138133025,0.3408035438657498,False
dmv.1431,1000,2.394082319230045,1.6978384261783368,0.7091813061483928,0.34364406419831073,False
dmv.1432,1000,2.3740194372305963,1.6673232140422791,0.7023207931217652,0.35336500907651236,False
dmv.1433,1000,1.3077010433671659,1.083474994843738,0.8285341671471992,0.18809720319856602,False
dmv.1434,1000,2.4077648147328405,1.7052769277177227,0.7082406542712669,0.3449713358809633,False
dmv.1435,1000,1.2809810479375696,1.1416138689688784,0.8912027783759346,0.11518329224672544,False
dmv.1436,1000,2.24203485955223,1.58292388282247,0.7060210844083865,0.34811017733371924,False
dmv.1437,1000,3.2050855639974842,2.269834113996611,0.7081976654519021,0.34503203576288466,False
dmv.1438,1000,2.397056797297668,1.6986719243297943,0.7086490091702454,0.3443949255636024,False
dmv.1439,1000,24.579787234042552,17.114814814814814,0.6962962962962963,0.3619799961684258,False
dmv.144,1000,2.439206945277371,1.727835403407363,0.7083594964144728,0.34480355085930126,False
dmv.1440,1000,2.2082359372643645,1.5668636340698685,0.7095544491549897,0.3431180423315803,False
dmv.1441,1000,2.3724859815161636,1.6907830378112487,0.7126630256127942,0.3387465851342558,False
dmv.1442,1000,2.396911652974975,1.6996845770071467,0.7091144034856475,0.34373840653092935,False
dmv.1443,1000,2.491978473495209,1.764880087790256,0.7082244516000428,0.34499421349532555,False
dmv.1444,1000,2.345087072864531,1.6761931776008143,0.7147679917715546,0.3357972759782287,False
dmv.1445,1000,1.0372001957905042,1.4473813020068527,1.3954695611137329,0.33323096158417814,False
dmv.1446,1000,2.4498583188795844,1.732295960559737,0.7071004666718782,0.3465825203921312,False
dmv.1447,1000,2.424133927516181,1.7037697588624758,0.7028364809068921,0.3526310160668893,False
dmv.1448,1000,2.459773511542236,1.74297015700081,0.7085896928404589,0.3444786324645458,False
dmv.1449,1000,2.4188318878487682,1.7074980515927545,0.7059184477311272,0.3482555612897652,False
dmv.145,1000,2.414415383775346,1.7110629560300716,0.7086862383035912,0.3443423915799586,False
dmv.1450,1000,2.3995078717317506,1.6997835809419106,0.7083884162110119,0.34476272525259255,False
dmv.1451,1000,1.530428242372961,1.0893589683532867,0.7118000950271363,0.3399581724034739,False
dmv.1452,1000,2.4214684235583133,1.7147255790785805,0.7081346022917845,0.34512108712688383,False
dmv.1453,1000,2.4025955613140293,1.6934722813273941,0.7048511653793279,0.3497686113944648,False
dmv.1454,1000,2.409356895822085,1.699241492750017,0.7052676569820625,0.34917789292699797,False
dmv.1455,1000,2.195800374055752,1.5702941346766255,0.7151351977302994,0.3352836664282774,False
dmv.1456,1000,2.4178036702592482,1.7127631350434083,0.7083962838305055,0.3447516189504234,False
dmv.1457,1000,2.399576020327887,1.700287698752551,0.7085783839931095,0.34449459224734724,False
dmv.1458,1000,2.474043665079549,1.7495226668571893,0.7071510869234945,0.34651093446880765,False
dmv.1459,1000,2.034924486562206,1.431088872260593,0.7032638713185222,0.3520231072158381,False
dmv.146,1000,2.400059319982947,1.7000647190762785,0.7083427917474798,0.3448271333256152,False
dmv.1460,1000,2.204317605691389,1.5660134408730757,0.710430038225772,0.34188480465956994,False
dmv.1461,1000,2.400302932239888,1.7001374686227282,0.7083012088962508,0.34488583946663876,False
dmv.1462,1000,2.3966592583375492,1.6996930088992637,0.7091925992342614,0.3436281402084149,False
dmv.1463,1000,2.409889609623208,1.7065683034476877,0.7081520649879535,0.3450964272941349,False
dmv.1464,1000,2.100880692947202,1.4736611777158093,0.7014492458629322,0.3546067329295849,False
dmv.1465,1000,2.401047263176953,1.69929779953516,0.707731924146603,0.34568989520097726,False
dmv.1466,1000,2.0205634888112884,1.4233451882484167,0.704429826694424,0.3503665598516249,False
dmv.1467,1000,2.3340427584189776,1.6734395670340898,0.7169703986775444,0.33272072420332177,False
dmv.1468,1000,2.4667287484062626,1.7461002230509066,0.7078606531743916,0.34550802220982735,False
dmv.1469,1000,2.5292201505356195,1.7572932037149553,0.694796458640743,0.3641363415758696,False
dmv.147,1000,2.3982220107353096,1.7006305964960624,0.709121419486363,0.34372851254771164,False
dmv.1470,1000,2.4038803039378482,1.7026050716779573,0.7082736477722635,0.34492475181053783,False
dmv.1471,1000,2.4023963480158588,1.7028581330163757,0.7088164841837059,0.3441586234948396,False
dmv.1472,1000,2.4422612365746135,1.7253808119921126,0.706468573530668,0.3474765597567868,False
dmv.1473,1000,2.4007592526054786,1.700394044592107,0.7082734525532769,0.34492502743707587,False
dmv.1474,1000,2.399455058757455,1.700200597711877,0.7085778045754759,0.3444954099661538,False
dmv.1475,1000,2.165124649166254,1.5263719022500732,0.7049810748022514,0.3495843207823075,False
dmv.1476,1000,2.395703405459434,1.6962586612973505,0.7080420128100339,0.34525184692180655,False
dmv.1477,1000,2.108931240657698,3.031390134529148,1.4374058651546027,0.36284000643528336,False
dmv.1478,1000,2.378998819741826,1.6723542520057861,0.7029655660725689,0.35244736977569646,False
dmv.1479,1000,2.405698889294047,1.7026938446708104,0.7077751302327226,0.3456288484036485,False
dmv.148,1000,2.4007205533485707,1.7018464438177954,0.7088898545247291,0.34405511779822895,False
dmv.1480,1000,2.3147643785410468,1.5963050132170848,0.6896187914483143,0.37161631022388414,False
dmv.1481,1000,1.6987741027394534,1.2020259562037068,0.7075843423003167,0.3458984448380018,False
dmv.1482,1000,1.4970831559447237,1.035915891050088,0.6919561461476605,0.3682326979915845,False
dmv.1483,1000,2.7770221743688683,1.9663796602017145,0.7080892901579412,0.3451850771980868,False
dmv.1484,1000,2.4903498768331027,1.7597066648678128,0.7066102161940292,0.34727608591928316,False
dmv.1485,1000,2.444298742647456,1.6909307430414526,0.6917856289571138,0.36847915610172843,False
dmv.1486,1000,2.4000014919521613,1.7001373068654313,0.7083901041588685,0.34476034245551823,False
dmv.1487,1000,1.816516547696301,1.2856032743879813,0.7077300099569025,0.34569259988649986,False
dmv.1488,1000,2.321967101405518,1.6464765649899344,0.7090869478698901,0.34377712545576256,False
dmv.1489,1000,2.404950832746494,1.6980568011958146,0.7060671586606224,0.3480449204314281,False
dmv.149,1000,2.4386928047256475,1.7204166173197837,0.705466721345959,0.3488956791122987,False
dmv.1490,1000,2.4570645376604694,1.7194471024121245,0.6997972890241303,0.35696457298556106,False
dmv.1491,1000,2.3958501248125534,1.699057776922861,0.7091669713921658,0.34366427750762896,False
dmv.1492,1000,13.040294596699951,9.10377218569239,0.6981262668710139,0.35935529448384385,False
dmv.1493,1000,1.3570647244010459,1.036901239543502,0.764076481319746,0.2690873883864736,False
dmv.1494,1000,7.773233655819408,5.355788410554223,0.6890039136472668,0.3725083277998986,False
dmv.1495,1000,2.4086365473192126,1.7036578472494175,0.7073121302363243,0.3462832250288279,False
dmv.1496,1000,1.630135878356519,2.2764477515367196,1.3964773009178864,0.33395285200524694,False
dmv.1497,1000,2.400121978369031,1.700023939187423,0.7083073087571367,0.34487722754484107,False
dmv.1498,1000,2.3582427812576814,1.650395910349792,0.699841391847541,0.3569015526874969,False
dmv.1499,1000,2.401223965826343,1.7023933843576777,0.7089690127142415,0.34394345902679035,False
dmv.15,1000,2.4441601213891335,1.7263944193797693,0.7063344190390344,0.34766647228208925,False
dmv.150,1000,9.440958741651583,6.57687257041978,0.6966318517423405,0.36149819751569834,False
dmv.1500,1000,2.236326499288653,1.6000374498088088,0.7154757815183785,0.33480752889060456,False
dmv.1501,1000,2.2601835915088926,1.607603761073232,0.7112713175658443,0.34070132201767944,False
dmv.1502,1000,2.340268225584594,1.7181267356728098,0.7341580408987629,0.30903095896850663,False
dmv.1503,1000,2.422030081208953,1.7150663773319688,0.7081110968183747,0.34515428118837566,False
dmv.1504,1000,2.399878366063743,1.7000564948594878,0.7083927747754583,0.344756572482533,False
dmv.1505,1000,2.3882184367761727,1.6950050354455877,0.7097361821449023,0.34286195244146467,False
dmv.1506,1000,2.3578534792196324,1.6701511546777965,0.7083354285570613,0.34483752833319414,False
dmv.1507,1000,2.6208503699111296,1.8535134509243891,0.7072183411169863,0.3464158331576378,False
dmv.1508,1000,2.4164939628869484,1.7118056389290304,0.7083839915262864,0.34476897140010543,False
dmv.1509,1000,2.4655884783378585,1.7389693446913914,0.7052958593737804,0.3491379055157334,False
dmv.151,1000,2.4197492118968675,1.7139819694770289,0.7083304174871163,0.3448446027889793,False
dmv.1510,1000,2.399952186951224,1.7003220591052062,0.7084816390718216,0.3446311353998792,False
dmv.1511,1000,2.1634560461977843,1.566131098974,0.723902434591372,0.32309865452890657,False
dmv.1512,1000,1.8858471289771068,1.3488375561089818,0.7152422565876791,0.3351339732724514,False
dmv.1513,1000,2.4001894313629064,1.6999920410550402,0.7082741132185257,0.3449240946547749,False
dmv.1514,1000,2.6582452767458333,1.878983950525829,0.7068512326394654,0.3469350558218993,False
dmv.1515,1000,2.2407101153727966,1.5888295900551517,0.7090741364332223,0.3437951931305987,False
dmv.1516,1000,2.54062098513519,1.817489956666029,0.7153723311347512,0.33495212898182714,False
dmv.1517,1000,2.5422853540306,1.8018672121799353,0.7087588375251471,0.3442399548466313,False
dmv.1518,1000,2.3187666776327815,1.6196318235204004,0.6984884849103814,0.35883658587500655,False
dmv.1519,1000,1.5539376065619095,1.099862593717187,0.7077907047700812,0.3456068437225887,False
dmv.152,1000,2.4149753608652045,1.716313529445492,0.7106960829739458,0.34151039066870303,False
dmv.1520,1000,2.4476782370531844,1.702929266905506,0.6957324868630206,0.36279005048759916,False
dmv.1521,1000,2.3999136347292698,1.6984952807627856,0.7077318350893032,0.34569002103577784,False
dmv.1522,1000,2.5023518318863505,1.7747909393194072,0.709249161810118,0.343548387091382,False
dmv.1523,1000,7.763697353708535,5.341938792956061,0.6880663361258335,0.37387002690923743,False
dmv.1524,1000,2.400060173748552,1.6999805022918724,0.7083074503239413,0.3448770276784995,False
dmv.1525,1000,2.3995815528644124,1.6991917997240291,0.7081200460537301,0.3451416430884431,False
dmv.1526,1000,6.460111014366565,4.454948024167824,0.6896085863324202,0.3716311085320656,False
dmv.1527,1000,2.610851579222006,1.852097166549455,0.7093843178559203,0.34335784309513706,False
dmv.1528,1000,2.4570872809740965,1.7387979095668094,0.7076663181771362,0.3457825983958125,False
dmv.1529,1000,3.689532820816085,2.6522601672098625,0.7188607056823012,0.33008767343414025,False
dmv.153,1000,2.850512945774304,1.97095085289647,0.6914372572200641,0.36898286631054134,False
dmv.1530,1000,1.793418183795503,1.27400623776527,0.710378789105966,0.34195694542733884,False
dmv.1531,1000,2.400136938098923,1.7001367366545979,0.708349890236357,0.34481711211358035,False
dmv.1532,1000,2.054951072807254,1.431024781814999,0.6963790042261621,0.36186122055729497,False
dmv.1533,1000,2.422125354982533,1.7172176079950072,0.7089714016917141,0.3439400893824126,False
dmv.1534,1000,1.6893940517688941,1.2029754737309082,0.7120751209413355,0.339571866195549,False
dmv.1535,1000,1.6647807048955614,1.1762637466093169,0.7065577725344364,0.34735030732825245,False
dmv.1536,1000,9.083333333333334,19.818181818181817,2.1818181818181817,0.7801585575495746,False
dmv.1537,1000,2.45284383674395,1.7389158556029682,0.7089386733691567,0.34398625355479395,False
dmv.1538,1000,2.0449705337337276,1.448662661577286,0.7084027068753422,0.3447425519693217,False
dmv.1539,1000,2.1375079331499895,1.5256913585573149,0.7137710858967168,0.33719297603607284,False
dmv.154,1000,2.296269494107966,1.6293605426744895,0.7095685183534821,0.3430982143127052,False
dmv.1540,1000,2.225781473301286,1.571140343797918,0.7058825687265684,0.34830638857229057,False
dmv.1541,1000,2.3747181323782995,1.6958416216728238,0.7141233304916169,0.3366995997779929,False
dmv.1542,1000,2.326014663928437,1.6494533038972876,0.7091328053416069,0.3437124563921299,False
dmv.1543,1000,2.403517004209613,1.70524113122811,0.7094774566776455,0.34322655642080313,False
dmv.1544,1000,2.468770364712381,1.7513342842529023,0.7093953772638298,0.3433422530666811,False
dmv.1545,1000,2.4250803082912693,1.7168087948330701,0.7079389449344657,0.34539742497522086,False
dmv.1546,1000,2.271910351081972,1.612411180091981,0.7097160234883776,0.3428903558726562,False
dmv.1547,1000,2.2867402164862614,1.6088604118993135,0.7035606407322654,0.3516012075181812,False
dmv.1548,1000,6.213705298633215,4.389016240235581,0.7063444481670222,0.3476522735448946,False
dmv.1549,1000,2.4731924052463956,1.7518445839735746,0.7083333186117577,0.3448405070751306,False
dmv.155,1000,2.4038222820978814,1.7025181500385724,0.7082545838425036,0.34495166822397105,False
dmv.1550,1000,2.4004234904054256,1.7002623374166586,0.7083176548690949,0.344862620839151,False
dmv.1551,1000,1.2875120102487456,1.8160563681007793,1.410516060156922,0.34395563753966657,False
dmv.1552,1000,2.404705319130747,1.6995377479026257,0.7067550998377525,0.3470710665338669,False
dmv.1553,1000,2.400282102460641,1.7001782567278272,0.708324348619229,0.3448531706744409,False
dmv.1554,1000,2.399989687195812,1.6999246581591307,0.7083049844873922,0.34488050899277944,False
dmv.1555,1000,2.540228941806336,1.8007668256700364,0.7088994208488649,0.34404162309305364,False
dmv.1556,1000,2.399964906050573,1.699929969761082,0.7083145113811344,0.34486705881258606,False
dmv.1557,1000,2.4063490116991257,1.7027761834987165,0.7076181282183935,0.34585069772225396,False
dmv.1558,1000,1.958664387005934,1.3755473936996752,0.7022884588218675,0.35341104935406104,False
dmv.1559,1000,2.2285379101983094,1.5826818384140426,0.7101884294502334,0.3422249505655476,False
dmv.156,1000,1.627280301372901,1.1448730207761182,0.7035499783351484,0.3516163625414932,False
dmv.1560,1000,2.1054412179306454,1.4521413640561955,0.6897088133780566,0.3714857800589616,False
dmv.1561,1000,1.582950040583938,1.1104005413166538,0.7014754179525688,0.35456942217396886,False
dmv.1562,1000,2.249960265237487,1.5851560657049608,0.7045262488391746,0.350229689516807,False
dmv.1563,1000,1.6711296608294617,1.185581261979143,0.7094489971476434,0.3432666705929353,False
dmv.1564,1000,2.727559420522663,1.929821016599197,0.7075266636095499,0.34597996309424883,False
dmv.1565,1000,2.421691099379977,1.7148491830701094,0.7081205292901148,0.34514096066711863,False
dmv.1566,1000,2.4200110072048195,1.7130887773583237,0.7078847047629709,0.3454740449293132,False
dmv.1567,1000,2.5217718508593165,1.7887977610359618,0.7093416323234842,0.3434180175529926,False
dmv.1568,1000,2.414786572194414,1.7108842017319459,0.7085032778599545,0.34460059338369264,False
dmv.1569,1000,2.4251559934318556,1.7494906420279555,0.7213930348258706,0.3265711656385014,False
dmv.157,1000,2.4258840286803105,1.7175978714696918,0.7080296713128826,0.34526927753254455,False
dmv.1570,1000,2.401086476669491,1.699824843818314,0.707939868195049,0.3453961208232347,False
dmv.1571,1000,2.3983059348706566,1.718217303226444,0.7164295756617513,0.33347532592110907,False
dmv.1572,1000,2.338522535129147,1.6759501075987715,0.7166704970436454,0.3331391018307579,False
dmv.1573,1000,2.4013405469706153,1.698190433221108,0.7071843414143993,0.346463909568993,False
dmv.1574,1000,2.422931942863228,1.7127294188724578,0.7068830075550907,0.34689010406968557,False
dmv.1575,1000,2.4089074951185347,1.7011988098635014,0.7062117633453545,0.3478401383830888,False
dmv.1576,1000,2.0748004709418244,1.454525470547735,0.7010435417375219,0.3551852801282778,False
dmv.1577,1000,1.8303231518370962,1.2907655292210471,0.7052118244395834,0.34925706110100363,False
dmv.1578,1000,2.3983719518726123,1.7040833429216227,0.710516707632067,0.3417628164053935,False
dmv.1579,1000,2.3997869418003606,1.699866153331359,0.708340446279823,0.3448304445353392,False
dmv.158,1000,2.202913016790863,1.574821813767706,0.7148815235845575,0.33563845129844255,False
dmv.1580,1000,1.1967969826554443,1.1790505020473803,0.9851716867060542,0.014939351774321263,False
dmv.1581,1000,4.348565356004251,6.140276301806589,1.4120234604105573,0.34502375395466345,True
dmv.1582,1000,2.400145174466002,1.7001881273672326,0.708368870956108,0.3447903167886759,False
dmv.1583,1000,2.199865577025892,1.5565434308454873,0.7075629743476672,0.3459286437471892,False
dmv.1584,1000,8.606435996013099,6.038261738261738,0.7015984015984017,0.35439411615024596,False
dmv.1585,1000,2.102893890675241,2.9088960342979635,1.3832823649337411,0.32445920026950614,False
dmv.1586,1000,2.38422220189361,1.7181055970994787,0.7206147127289207,0.3276506635452945,False
dmv.1587,1000,4.84688995215311,3.3993288590604025,0.7013422818791946,0.35475923454059344,False
dmv.1588,1000,60.20718085106383,40.83315295815296,0.6782106782106782,0.38829730448579935,False
dmv.1589,1000,2.402299142966824,1.697467786647973,0.7066013371472177,0.3472886516908983,False
dmv.159,1000,2.400109238978677,1.6999007576908909,0.7082597450498765,0.3449443810299516,False
dmv.1590,1000,1.8319227152261264,1.2943260983368905,0.7065396850964443,0.347375907031791,False
dmv.1591,1000,2.1018148410805235,1.4832655614638723,0.7057070549094321,0.3485550639877256,False
dmv.1592,1000,2.191979355217455,1.5971501263194479,0.7286337448926397,0.3165840807771199,False
dmv.1593,1000,2.22832711647765,1.576653752123146,0.707550404276095,0.3459464092093246,False
dmv.1594,1000,2.4208152730857684,1.7165417457328878,0.7090758905964947,0.34379271925514265,False
dmv.1595,1000,2.3978244353113314,1.7003602201352377,0.7091262375572815,0.34372171814774255,False
dmv.1596,1000,3.268022062596203,2.347507601584815,0.7183267299364231,0.33083075781856364,False
dmv.1597,1000,2.4024134133968245,1.7020422726532975,0.7084718488341867,0.34464495411406937,False
dmv.1598,1000,1.1439902379499696,1.7071384990848077,1.4922666666666664,0.4002962168209152,False
dmv.1599,1000,1.5025250836865776,1.0669819278729207,0.710125867087015,0.3423130470712455,False
dmv.16,1000,2.3953202447449438,1.6951891380253425,0.7077087674370022,0.3457226153421187,False
dmv.160,1000,2.3997739262861577,1.7015559653758017,0.7090484427460614,0.34383142933125,False
dmv.1600,1000,1.6285168588848895,1.1286528866714185,0.6930556969758681,0.3666449122052464,False
dmv.1601,1000,1.7355584514795426,1.213324746518806,0.6990975990952429,0.3579649197495355,False
dmv.1602,1000,2.5417862354085603,1.798363443184772,0.7075195459525759,0.3459900230582639,False
dmv.1603,1000,2.4093313135416765,1.702163668146464,0.7064880029489643,0.34744905796569014,False
dmv.1604,1000,1.5762459474156385,1.1168971790615514,0.7085805238026335,0.34449157238907696,False
dmv.1605,1000,2.3983886438149744,1.6975522404716081,0.7077886416987919,0.34560975853099496,False
dmv.1606,1000,1.9943544776526858,1.4008590604026845,0.7024122722914669,0.35323476487270833,False
dmv.1607,1000,2.4042984627501722,1.7018991402796244,0.7078568516543059,0.34551339265989645,False
dmv.1608,1000,2.3951300124785,1.6989240881063592,0.7093243703911918,0.3434423529952465,False
dmv.1609,1000,2.3982556229760483,1.698958103821626,0.7084141021270082,0.3447264662600136,False
dmv.161,1000,1.2254886055139145,1.1609328802788932,0.9473224598380092,0.05411573706258249,False
dmv.1610,1000,1.4841853250129269,1.048946126921321,0.7067487524930115,0.3470800475419208,False
dmv.1611,1000,2.4236966547296928,1.7188389453681014,0.7091807227665617,0.34364488681174654,False
dmv.1612,1000,3.442733564013841,2.4207243885032117,0.7031402063193408,0.35219896705792253,False
dmv.1613,1000,2.4018331942524114,1.7037156947792604,0.7093397238643605,0.3434207080220192,False
dmv.1614,1000,2.4005075697721594,1.7017647354456027,0.7089187123901147,0.34401441009471656,False
dmv.1615,1000,2.3982391916344543,1.698855811981809,0.7083763028757779,0.3447798252481967,False
dmv.1616,1000,1.802633925159844,1.274523400001801,0.7070339585941089,0.3466765822813407,False
dmv.1617,1000,2.1384665156907148,1.5512790424782914,0.7254165688805445,0.3210092113677957,False
dmv.1618,1000,2.4573629814407005,1.719629057187017,0.6997863442131103,0.35698021308131567,False
dmv.1619,1000,2.411516257559772,1.704674264179184,0.7068889785981184,0.3468816571021601,False
dmv.162,1000,1.6235749315158579,1.151181713876873,0.7090413208105321,0.34384147373846946,False
dmv.1620,1000,2.447762841943831,1.7308490710732893,0.7071146932268887,0.346562401027816,False
dmv.1621,1000,2.503101178883501,1.7750901886121044,0.7091563871197076,0.3436792025561306,False
dmv.1622,1000,2.2990404833515212,1.6151507006205663,0.7025325183774118,0.3530635893403498,False
dmv.1623,1000,2.48028278899164,1.7765412546148915,0.7162656058816362,0.33370422287412904,False
dmv.1624,1000,2.083191034543822,1.4668893342240035,0.7041549766199064,0.3507568098065571,False
dmv.1625,1000,2.3889557085726314,1.7055617333510795,0.7139361048975368,0.3369618095859508,False
dmv.1626,1000,2.3514727950226777,1.6837114123939105,0.7160241938404704,0.3340413223123835,False
dmv.1627,1000,2.4132059230339116,1.7055036990882486,0.7067377395394707,0.34709563022149104,False
dmv.1628,1000,2.552208520489573,1.818745275888133,0.712616254231161,0.3388122163158934,False
dmv.1629,1000,2.448404957824924,1.7339716150674085,0.7082045841827601,0.34502226631940935,False
dmv.163,1000,2.4015354136537406,1.700765225161653,0.708199102745721,0.34503000625554436,False
dmv.1630,1000,2.392641355683452,1.6950137338723716,0.7084278343037314,0.3447070820557907,False
dmv.1631,1000,1.280735311883381,1.1047964910625854,0.8626267120236816,0.1477732283759804,False
dmv.1632,1000,2.4005329258342702,1.7004863638979528,0.7083786877478356,0.3447764585798969,False
dmv.1633,1000,2.3617537926017174,1.6627273379691707,0.7040223003675179,0.35094524666738336,False
dmv.1634,1000,2.4601976505338525,1.7456226164815123,0.7095456806499753,0.3431304001699462,False
dmv.1635,1000,2.4497504692312915,1.7370868937223432,0.7090872787004403,0.343776658897361,False
dmv.1636,1000,2.418964693426467,1.7118554925444007,0.7076810576013638,0.3457617704005368,False
dmv.1637,1000,2.4202434929286376,1.7130044442539083,0.7077818613122565,0.34561933825382884,False
dmv.1638,1000,1.3018608907870652,1.0767428236672525,0.8270797834753963,0.18985411524362888,False
dmv.1639,1000,1.5177017701770177,2.157815781578158,1.4217653454581398,0.3518993005055112,False
dmv.164,1000,1.5029087789390627,1.0603943816302817,0.705561373045434,0.3487615192043661,False
dmv.1640,1000,2.399426369928395,1.700417206533695,0.7086765519645597,0.3443560596952755,False
dmv.1641,1000,2.3999885787647512,1.7014647414679203,0.7089470160494039,0.34397448577928214,False
dmv.1642,1000,2.4080384813891653,1.7075043825560825,0.7090851727465111,0.3437796288520051,False
dmv.1643,1000,1.848899520997485,1.3010661549750628,0.7036975996798004,0.3514065610147402,False
dmv.1644,1000,2.3130817326554975,1.654567674672728,0.7153087810577395,0.33504096789430304,False
dmv.1645,1000,2.5172530267058546,1.785037441371174,0.7091211818730524,0.34372884762904443,False
dmv.1646,1000,2.4005065591157813,1.6996825511275326,0.708051617136012,0.3452382823865594,False
dmv.1647,1000,2.17896344391015,1.5467149572279855,0.7098397917371232,0.34271597984921026,False
dmv.1648,1000,2.398391007166697,1.6977924323730837,0.707888091349519,0.3454692608473513,False
dmv.1649,1000,2.3105227915752358,1.6395007685839622,0.7095800026565444,0.34308202953303973,False
dmv.165,1000,2.4794088733214794,1.7580066807346424,0.709042667246557,0.34383957478743943,False
dmv.1650,1000,2.403285098630041,1.7005398715573767,0.7075897372836647,0.3458908203578396,False
dmv.1651,1000,2.396388896253679,1.7159439109683445,0.7160540234729483,0.33399966308997275,False
dmv.1652,1000,2.078928100746815,1.4234293849886703,0.6846938980127935,0.37878340480837946,False
dmv.1653,1000,2.3762980103716864,1.6930897699861234,0.7124905052297293,0.3389886929214857,False
dmv.1654,1000,2.400243665698364,1.700973359607158,0.7086669507415407,0.3443696078901919,False
dmv.1655,1000,7.2813648615535405,5.061145411965084,0.6950819672131148,0.3637255019353991,False
dmv.1656,1000,2.4093364272760955,1.7261967685676964,0.7164614908177307,0.3334307794001189,False
dmv.1657,1000,2.3235693008161586,1.6933170959856687,0.7287568721926596,0.31641511125190214,False
dmv.1658,1000,1.5723973858182028,1.1153930403975305,0.7093582388634738,0.3433946066253854,False
dmv.1659,1000,2.4166736936386655,1.7094666563077208,0.7073634561453193,0.34621066293825187,False
dmv.166,1000,13.566801239320252,9.720820719811638,0.7165153044063235,0.3333556719890325,False
dmv.1660,1000,1.6147360703812317,2.278225806451613,1.4108967082860386,0.3442254655745317,False
dmv.1661,1000,2.0338773323675654,1.4364335880465944,0.7062537967196342,0.34778062064972864,False
dmv.1662,1000,2.454757094483837,1.7379284744527825,0.7079838890610143,0.34533394111086835,False
dmv.1663,1000,2.4005512640320426,1.6999601753143272,0.7081540814333703,0.3450935798230256,False
dmv.1664,1000,2.4409720915864868,1.729893287875051,0.708690318024375,0.34433663485883104,False
dmv.1665,1000,2.5118397069031633,1.7778270467126764,0.7077788609785741,0.3456235773283315,False
dmv.1666,1000,1.5683853229693494,2.2094141407284207,1.4087189597932745,0.3426807522645209,False
dmv.1667,1000,2.398362936736909,1.695850717711199,0.7070867764569809,0.34660188164003414,False
dmv.1668,1000,24.106781376518217,16.927860696517413,0.7022032693674485,0.3535323593665214,False
dmv.1669,1000,2.3994280064193996,1.6998862290625003,0.7084547752692083,0.3446690535482797,False
dmv.167,1000,2.396655412098798,1.6859856530393285,0.7034743687090493,0.3517238370515551,False
dmv.1670,1000,1.8545704522398418,1.3013956538029225,0.7017234919445486,0.3542158386687159,False
dmv.1671,1000,2.3364352438552425,1.6540364712739697,0.7079316559806389,0.3454077210486364,False
dmv.1672,1000,2.4187782550345336,1.71092728119362,0.7073518532062347,0.34622706615239396,False
dmv.1673,1000,1.6263107721639656,1.1085120207927226,0.681611435997401,0.38329552544258194,False
dmv.1674,1000,2.1861844131246686,1.5444050242001044,0.7064385853857214,0.34751900861092694,False
dmv.1675,1000,2.0194684528350395,1.4318631212858897,0.7090297049581351,0.3438578563486294,False
dmv.1676,1000,2.4028388344042106,1.699460965457237,0.7072721404049649,0.34633976437003233,False
dmv.1677,1000,2.4313714875826573,1.724431331549507,0.7092422282470658,0.3435581630591471,False
dmv.1678,1000,1.4094770850783773,1.0009621643037043,0.7101656173772016,0.3422570722370206,False
dmv.1679,1000,2.396484098598796,1.699675692395929,0.7092372085380059,0.34356524065072847,False
dmv.168,1000,2.491921471043081,1.7876524038360648,0.7173791086955,0.33215083516732846,False
dmv.1680,1000,1.1086614173228346,1.2443181818181819,1.1223608600206612,0.11543437751299834,False
dmv.1681,1000,2.400122752528389,1.6994907638150567,0.7080849352495586,0.345191227441898,False
dmv.1682,1000,2.409444369702677,1.6970251523925506,0.7043221971553391,0.35051936110759074,False
dmv.1683,1000,2.258679162738287,1.6012167824636345,0.7089173216272183,0.3440163719053393,False
dmv.1684,1000,6.914299489210883,4.891149251530123,0.7073962097190473,0.34616436026999775,False
dmv.1685,1000,2.0464113338623857,1.4533665950615573,0.7102025731642528,0.34220503532531593,False
dmv.1686,1000,2.346246757151064,1.6626080505595413,0.7086245491835511,0.3444294425226646,False
dmv.1687,1000,2.4036501127781373,1.6993587287978824,0.706990888467442,0.34673750076770204,False
dmv.1688,1000,2.4393804581301644,1.7085641729581331,0.7004090597117364,0.356090743600219,False
dmv.1689,1000,2.2701377947250165,1.6096437590068353,0.7090511257717784,0.34382764535757626,False
dmv.169,1000,2.400340340666309,1.6988142783663847,0.7077389191796076,0.34568001151734273,False
dmv.1690,1000,2.538678266421901,1.8245862612935608,0.7187150437401406,0.330290322849613,False
dmv.1691,1000,1.078735026462222,1.2949630462302952,1.2004459060509107,0.18269307614785107,False
dmv.1692,1000,2.5174463777631866,1.785085481563808,0.7090858011243523,0.3437787426713502,False
dmv.1693,1000,2.4740819525302284,1.741553076114006,0.7039189119555762,0.35109211133932083,False
dmv.1694,1000,2.463535971870933,1.739124101709364,0.7059462989649734,0.3482161081708811,False
dmv.1695,1000,2.4077640666803504,1.7047343507130255,0.708015529554517,0.34528925112993747,False
dmv.1696,1000,4.25573163639617,2.961038809454333,0.695776675420679,0.3627265387855265,False
dmv.1697,1000,2.4087835155628814,1.7034061922846158,0.7071645007860186,0.34649196577095687,False
dmv.1698,1000,2.432458946210837,1.723677698025843,0.7086153296485855,0.3444424530724006,False
dmv.1699,1000,2.161880375302407,1.540228380392315,0.712448476792739,0.33904768272741087,False
dmv.17,1000,2.4030207160002446,1.7011477433562867,0.7079205485118729,0.3454234112015082,False
dmv.170,1000,2.2063932924354352,1.5743702833311266,0.7135492519528663,0.3375038157820698,False
dmv.1700,1000,2.3738843757089554,1.6722516062014081,0.7044368391792435,0.3503566050631566,False
dmv.1701,1000,2.423931705946257,1.7166503649085847,0.7082090475970885,0.3450159639029001,False
dmv.1702,1000,2.3984346170350292,1.6990736742230288,0.7084094192750778,0.34473307661318686,False
dmv.1703,1000,2.4392847088219614,1.7307088705946017,0.7095149099796709,0.3431737678323453,False
dmv.1704,1000,2.2092378960808308,1.5698782147468333,0.7105971781182027,0.34164956652861933,False
dmv.1705,1000,2.4906419140129876,1.7604114642737916,0.7068103424941445,0.34699290579964703,False
dmv.1706,1000,1.4000087276898427,1.0095647759758477,0.7211132016596301,0.3269591475586802,False
dmv.1707,1000,2.3954640090867096,1.6979890920939826,0.7088351507904119,0.3441322889479783,False
dmv.1708,1000,2.4423086255331308,1.689165100390823,0.6916263910021182,0.3687093665573288,False
dmv.1709,1000,2.699532760073751,1.9447414210212892,0.7203992667857674,0.32794968346851716,False
dmv.171,1000,3.646852779063407,2.5955380872169194,0.7117200074864308,0.3400706928247148,False
dmv.1710,1000,2.3294489425613345,1.6476775444282368,0.7073250305355655,0.3462649867135916,False
dmv.1711,1000,2.3965368829677898,1.699434709748168,0.7091210328645748,0.3437290577602562,False
dmv.1712,1000,2.342270500744359,1.6597524770976142,0.7086083680643014,0.34445227732850836,False
dmv.1713,1000,1.1026889628286232,1.5636254587516243,1.4180113445051672,0.3492554284341864,False
dmv.1714,1000,2.419990591565599,1.7153643908008767,0.7088310164425604,0.3441381215592758,False
dmv.1715,1000,2.4193012447369027,1.7145885186750571,0.7087122872379282,0.34430563560219996,False
dmv.1716,1000,2.3999788230934165,1.6977895627813606,0.7074185598825494,0.346132765797019,False
dmv.1717,1000,2.4183424065146863,1.7143084813514007,0.7088774843187161,0.3440725680605877,False
dmv.1718,1000,2.4261063026713954,1.7151581129045985,0.7069591761152556,0.34678235716395833,False
dmv.1719,1000,2.417044138882023,1.7038798447621912,0.7049436199168055,0.3496374511169913,False
dmv.172,1000,2.6350646558343827,1.869987706311632,0.7096553407792978,0.3429758623308592,False
dmv.1720,1000,1.486504336727692,1.0536001322889639,0.7087770323013659,0.34421428385430286,False
dmv.1721,1000,10.224576396925725,7.25461627539741,0.7095273186651226,0.3431562790146039,False
dmv.1722,1000,2.3954047615087717,1.6986331291495447,0.7091215465730485,0.34372833333062613,False
dmv.1723,1000,2.1503479744627008,1.5252393385552654,0.7092988468233246,0.34347833657081517,False
dmv.1724,1000,2.3984071074448203,1.6988203453173054,0.7083119208761726,0.34487071609993136,False
dmv.1725,1000,2.4205988037144843,1.7132308761864694,0.7077715123867132,0.3456339599922045,False
dmv.1726,1000,2.5450698016164583,1.712263218254439,0.6727765254874046,0.3963420617058703,False
dmv.1727,1000,1.4220407526902248,1.006331686239278,0.7076672622324599,0.34578126435649237,False
dmv.1728,1000,2.7666704364972046,1.9522261390920572,0.7056229442216146,0.3486742574973497,False
dmv.1729,1000,1.360624845770177,1.0383215630238245,0.7631211250122999,0.27033851191902,False
dmv.1730,1000,2.1018329938900204,1.5449101796407185,0.7350299401197604,0.30784404574212515,False
dmv.1731,1000,2.2474660134249222,1.5959378202450198,0.7101054301653105,0.3423418267802204,False
dmv.1732,1000,2.230870297232231,1.5672280286742313,0.7025186675436221,0.35308330511146035,False
dmv.1733,1000,2.200149460499308,1.5602488417608429,0.7091558413521396,0.34367997215757246,False
dmv.1734,1000,2.5705118641250526,1.8213572167457277,0.7085581833584257,0.344523101334122,False
dmv.1735,1000,2.163128648066902,1.525023323874744,0.7050081488392259,0.349545917599469,False
dmv.1736,1000,2.449609717166605,1.7357774495400602,0.7085934699621397,0.3444733020008769,False
dmv.1737,1000,55.73067519277788,39.46197895858303,0.7080836329737648,0.34519306659554516,False
dmv.1738,1000,2.4006749770576215,1.699864289546937,0.7080776472416809,0.3452015200565566,False
dmv.1739,1000,2.395624832787114,1.6986634304186183,0.7090690525370628,0.34380236292304156,False
dmv.174,1000,2.4062590329414646,1.7071765271318746,0.7094732960004659,0.3432324208627814,False
dmv.1740,1000,2.569186886599486,1.8238795922463573,0.7099053796979325,0.34262358585883,False
dmv.1741,1000,2.399661833862599,1.6998169245318822,0.7083568611814706,0.344807271057756,False
dmv.1742,1000,2.440538507630733,1.7268335418773895,0.7075625057659073,0.3459293059948364,False
dmv.1743,1000,2.8112040367788085,1.9791114923011839,0.7040084840547292,0.35096487168260615,False
dmv.1744,1000,2.456697950766676,1.6906784821035474,0.6881914325592723,0.37368823475281177,False
dmv.1745,1000,1.7849350644795865,1.2647619982492424,0.7085759159636403,0.3444980753253286,False
dmv.1746,1000,2.4153704410269268,1.7113198553491584,0.7085123781764788,0.34458774904215594,False
dmv.1747,1000,2.1429641668994592,1.5613851676411812,0.7286100214639922,0.3166166400910758,False
dmv.1748,1000,2.394825202449141,1.6854323046983597,0.7037809285515707,0.3512881522856601,False
dmv.1749,1000,3.621101526211015,2.5523854069223573,0.7048643592142189,0.349749892958495,False
dmv.175,1000,2.429850210390889,1.712131491894834,0.7046242951821314,0.3500905328546162,False
dmv.1750,1000,2.4180092671757634,1.7160034600155833,0.7096761304061819,0.3429465673743143,False
dmv.1751,1000,1.445210199862164,2.0372157133011717,1.4096328087744396,0.3433292511661725,False
dmv.1752,1000,2.4028011484053478,1.6978747872649447,0.7066230962939912,0.3472578580727578,False
dmv.1753,1000,2.284975572726418,1.6216148758267814,0.7096858693731597,0.34293284435371857,False
dmv.1754,1000,2.3320123311899765,1.6410728410571376,0.703715335938954,0.35138135695599426,False
dmv.1755,1000,2.364892166597384,1.6649056872709849,0.7040091344488055,0.350963947838944,False
dmv.1756,1000,2.4016880090902943,1.700938204785313,0.708226130266433,0.3449918432518285,False
dmv.1757,1000,2.4001738444980316,1.7000212099143306,0.7082908656018082,0.3449004425335752,False
dmv.1758,1000,2.5358009631228686,1.7964383699550315,0.7084303524132654,0.3447035275581598,False
dmv.1759,1000,1.889304327863934,1.326896983280176,0.7023204063584497,0.35336555976990736,False
dmv.176,1000,2.339755304795781,1.6581972040342225,0.7087053935235992,0.3443153627481538,False
dmv.1760,1000,2.429803508762899,1.7206842303031813,0.7081577683535587,0.3450883734552487,False
dmv.1761,1000,2.500089272253975,1.7718435750889203,0.7087121227041229,0.34430586776104277,False
dmv.1762,1000,2.2742615379846884,1.6010524650557236,0.7039878388281052,0.3509941973651946,False
dmv.1763,1000,2.4208586471682265,1.6973392670396255,0.7011310920714309,0.355060402196654,False
dmv.1764,1000,2.400444722170374,1.7002208879172527,0.7082941224241105,0.34489584440168786,False
dmv.1765,1000,2.4273938546758203,1.7000590407488514,0.7003639057065567,0.35615521372679915,False
dmv.1766,1000,2.4001445264005024,1.700085403159475,0.7083262630476231,0.3448504679213721,False
dmv.1767,1000,2.40704013943568,1.7081469894343864,0.7096462420584535,0.34298868373675984,False
dmv.1768,1000,2.4937936891618215,1.721808750563825,0.6904375281912495,0.37042978351864997,False
dmv.1769,1000,2.4386963094245204,1.6965797475653162,0.6956912761169808,0.3628492858508986,False
dmv.177,1000,2.400376960480551,1.7003509737618054,0.7083683112095019,0.34479110697984616,False
dmv.1770,1000,1.8015363623365885,1.2756605372332817,0.708095914077889,0.3451757226024762,False
dmv.1771,1000,2.4730017509819695,1.7616005663334964,0.7123329231910196,0.33920988810428365,False
dmv.1772,1000,2.4007871371006866,1.6996711065669678,0.7079641007322197,0.3453618917544491,False
dmv.1773,1000,2.50667337388431,1.7701793845285172,0.7061866946731353,0.34787563640006747,False
dmv.1774,1000,2.5108001599358567,1.7808155286558156,0.7092621535842621,0.34353006961445587,False
dmv.1775,1000,2.4061441432277095,1.7004683663969575,0.7067192425620326,0.34712180289978756,False
dmv.1776,1000,2.423971437757335,1.7108528763187512,0.705805707802249,0.3484152807769979,False
dmv.1777,1000,2.377949120458008,1.7079188221249502,0.7182318609895212,0.33096283589409636,False
dmv.1778,1000,2.330048692110088,1.647791041686802,0.707191676837691,0.3464535369054338,False
dmv.1779,1000,2.4033138637269063,1.7000656403040046,0.7073839442958362,0.3461816992511484,False
dmv.178,1000,2.3029701362323345,1.6337800689457982,0.7094230373384984,0.34330326277111206,False
dmv.1780,1000,2.400388398602684,1.7001894784134601,0.7082976569138459,0.3448908542700394,False
dmv.1781,1000,2.402363688246312,1.7032685906018683,0.7089969761594372,0.3439040173964285,False
dmv.1782,1000,2.4000360090233888,1.699940522303109,0.7082979238277515,0.3448904774314988,False
dmv.1783,1000,2.380502740569737,1.6513409255075537,0.6936941921404092,0.365724060918838,False
dmv.1784,1000,2.3086226919629027,1.626471926401752,0.7045204623796048,0.35023790281381656,False
dmv.1785,1000,2.3981891751925923,1.6961015637486225,0.7072426067524106,0.34638152236883424,False
dmv.1786,1000,2.4205837324199466,1.7143122743465797,0.7082226701708512,0.344996728843995,False
dmv.1787,1000,1.9109819168502904,1.343396649117473,0.7029876302187515,0.35241598303217947,False
dmv.1788,1000,4.791681109185442,3.335102533172497,0.6960193003618818,0.36237788862719555,False
dmv.1789,1000,2.5115580186681954,1.775042593197447,0.706749587309434,0.3470788663358323,False
dmv.179,1000,8043.916666666667,11354.5,1.4115636039657298,0.3446980289542232,True
dmv.1790,1000,2.4206463280316917,1.7140639590394375,0.7081017739725738,0.345167447070417,False
dmv.1791,1000,11.934498891898548,8.464198393293747,0.709221096751659,0.34358795797176267,False
dmv.1792,1000,2.3846467420455277,1.6604103370425631,0.6962919529197347,0.36198623401592156,False
dmv.1793,1000,8.238810955243821,5.728961833243013,0.6953627003174112,0.36332169858433216,False
dmv.1794,1000,2.32582859384193,1.6469081626245599,0.7080952426954678,0.3451766707547336,False
dmv.1795,1000,1.7659574468085106,1.2651189048055889,0.716392632841719,0.3335268924306469,False
dmv.1796,1000,2.419727846061357,1.7151356485338565,0.7088134524407858,0.3441629006941874,False
dmv.1797,1000,2.4127052733417935,1.7255568695252097,0.7151958793272635,0.3351988167064558,False
dmv.1798,1000,2.441730534266356,1.7093879518821782,0.7000723167004922,0.35657163970266703,False
dmv.1799,1000,2.3288624189188676,1.6514862717792516,0.709138615644768,0.34370426289252864,False
dmv.18,1000,2.60379005495592,1.8449953926786586,0.7085807049485382,0.3444913167429289,False
dmv.180,1000,2.4000408228638466,1.6993869298782254,0.7080658435844577,0.34521819019951894,False
dmv.1800,1000,2.3976831255509063,1.6987417065576214,0.7084929982844618,0.34461510234982884,False
dmv.1801,1000,2.2085226578100166,1.5748305064737174,0.713069662611172,0.33817615981853894,False
dmv.1802,1000,2.3144140191090607,1.6379878327698285,0.707733283347625,0.3456879747001909,False
dmv.1803,1000,2.138659398688357,1.4966740576496673,0.6998188017070786,0.3569338321515675,False
dmv.1804,1000,2.4852598728463433,1.7502359519896313,0.7042466548921114,0.3506266221238916,False
dmv.1805,1000,1.488695112387718,1.0554953683327821,0.7090070757603774,0.34388977258390263,False
dmv.1806,1000,2.4084940395721715,1.7057589093113106,0.7082263361607944,0.34499155253347924,False
dmv.1807,1000,2.3472902788360046,1.6755338523691752,0.7138162107500629,0.33712975769073317,False
dmv.1808,1000,2.4555038034317764,1.7359961435426208,0.7069816552987691,0.3467505606658079,False
dmv.1809,1000,1.3236645605973578,1.0873180121390145,0.8214452849355713,0.19668994757496228,False
dmv.181,1000,2.4517105286754615,1.7386607135102405,0.7091623147083165,0.3436708439430751,False
dmv.1810,1000,2.019005886545416,1.4282655379540008,0.7074102891288786,0.3461444573223602,False
dmv.1811,1000,2.3983914730117704,1.6989580661520118,0.7083739603270655,0.34478313218065093,False
dmv.1812,1000,2.3985789244315785,1.699076328361068,0.7083679052853011,0.34479168002117333,False
dmv.1813,1000,2.3165425435543394,1.64549181160667,0.7103222931023504,0.3420364779966496,False
dmv.1814,1000,2.3982391916344543,1.698855811981809,0.7083763028757779,0.3447798252481967,False
dmv.1815,1000,2.4004528232059386,1.6989110786557724,0.7077460811692945,0.3456698920322402,False
dmv.1816,1000,2.4002931289737814,1.700106932478834,0.7082913798972944,0.34489971642608963,False
dmv.1817,1000,2.319770326624526,1.6569744344641029,0.714283830363133,0.33647487411630483,False
dmv.1818,1000,2.468831973113805,1.7474836755507994,0.7078179862304652,0.3455682999349434,False
dmv.1819,1000,2.3355182926829268,1.6710293828937897,0.7154854612481731,0.3347939999011318,False
dmv.182,1000,2.3994870294448543,1.7014768291594111,0.7091002402930534,0.34375837980176904,False
dmv.1820,1000,3.3495320287592887,2.379020970040964,0.7102547309936263,0.3421315972441512,False
dmv.1821,1000,2.378891416473344,1.6835102059032614,0.7076868638245917,0.3457535658579016,False
dmv.1822,1000,2.417344462897962,1.7123559968859365,0.7083624295865262,0.34479941007203796,False
dmv.1823,1000,2.4304602227973446,1.7208828221170431,0.7080481326027992,0.34524320369695927,False
dmv.1824,1000,2.4001240491937432,1.7002991572040964,0.708421365877012,0.34471621277586817,False
dmv.1825,1000,2.399992226651933,1.7004126346973414,0.7085075592388365,0.34459455055216315,False
dmv.1826,1000,2.398934454455502,1.6992566576611348,0.7083380934002316,0.3448337662198647,False
dmv.1827,1000,2.2493070052359605,1.5461902185419558,0.6874073725563998,0.3748281893454787,False
dmv.1828,1000,2.169099127325896,1.5419524154839601,0.7108722676888015,0.3412625169513744,False
dmv.1829,1000,2.21127996345494,1.569679185116038,0.7098509510589268,0.34270025907077944,False
dmv.183,1000,2.4459323050859423,1.6857030269418256,0.6891862965449469,0.37224365765872924,False
dmv.1830,1000,2.4007957997925597,1.694239019261998,0.7056989267510333,0.3485665818054259,False
dmv.1831,1000,2.416002000964582,1.7106240037352194,0.708039150237565,0.34525588987152367,False
dmv.1832,1000,2.4007252740597176,1.669318074141144,0.6953390678135627,0.36335568502828763,False
dmv.1833,1000,2.4453103310240634,1.7111018744832633,0.6997483520902137,0.35703450558725536,False
dmv.1834,1000,2.474392375007359,1.7530704640375347,0.7084852353023926,0.3446260594441374,False
dmv.1835,1000,1.4157742402315485,1.0038994356080042,0.7090815802975886,0.34378469517994553,False
dmv.1836,1000,2.6294297828300532,1.854429280725661,0.705259099457579,0.3491900267265795,False
dmv.1837,1000,1.9205303067093096,1.3599011627621373,0.7080862811752396,0.3451893266467605,False
dmv.1838,1000,2.267060296038311,1.5991925887064784,0.7054036416680528,0.3489850986360224,False
dmv.1839,1000,1.9734729167125582,1.4008028957408218,0.7098161235849646,0.3427493233543586,False
dmv.184,1000,1.5427557513460597,1.08348229632176,0.7023031969749055,0.3533900636775795,False
dmv.1840,1000,2.1283009857518587,1.5074032753119826,0.7082660231816162,0.3449355169035369,False
dmv.1841,1000,6.9170068027210885,4.926356589147287,0.7122093023255813,0.3393834468286714,False
dmv.1842,1000,2.4093549525437896,1.7046899582141652,0.707529605139483,0.3459758056200929,False
dmv.1843,1000,2.3962688415201363,1.6989085825995005,0.7089807926233156,0.3439268436162446,False
dmv.1844,1000,2.431859548585442,1.7151320106795156,0.7052759324349834,0.349166159219535,False
dmv.1845,1000,1.917688768197933,1.3485608801281574,0.7032219734985519,0.3520826852345394,False
dmv.1846,1000,2.420937199266691,1.7143725691581921,0.7081441722971916,0.345107572830717,False
dmv.1847,1000,2.401619212790234,1.69756918867726,0.7068436076945773,0.34694584307905063,False
dmv.1848,1000,2.3997753165192197,1.6975429116462717,0.7073757697068455,0.34619325540292445,False
dmv.1849,1000,2.391990313717146,1.6966010414747648,0.7092842440646224,0.3434989243795892,False
dmv.185,1000,2.90015503875969,2.07729039422543,0.7162687395891171,0.3336998478202384,False
dmv.1850,1000,3.4236869082795636,2.4418304589049935,0.7132166358436196,0.3379700676291558,False
dmv.1851,1000,4.0553264604810995,2.830428525743524,0.6979533098816758,0.35960306974408396,False
dmv.1852,1000,1.831799825138432,1.2977995398501563,0.7084832753229898,0.3446288258844473,False
dmv.1853,1000,2.4128397660488248,1.7083016801406328,0.7080046110720742,0.3453046724959614,False
dmv.1854,1000,2.440226841712965,1.7266476009024285,0.7075766774577295,0.3459092773050926,False
dmv.1855,1000,2.4066834307565963,1.6895289654267638,0.7020154557243208,0.3537998584973783,False
dmv.1856,1000,2.408702944911701,1.7109438561016874,0.7103175008425159,0.34204322461863645,False
dmv.1857,1000,2.399610611943949,1.6999626442888889,0.7084327081349803,0.3447002022943705,False
dmv.1858,1000,2.4072407667378277,1.6999764933923807,0.7061929645268112,0.3478667579747303,False
dmv.1859,1000,2.3055462566653118,1.607370289899366,0.6971754677454309,0.36071815278059893,False
dmv.186,1000,2.4172720743209033,1.6718977136225748,0.6916464767799337,0.3686803256091764,False
dmv.1860,1000,2.252827206951426,1.593087854680617,0.7071504861823902,0.3465117839921565,False
dmv.1861,1000,2.122562444941848,1.5159148661153625,0.7141909392243554,0.3366049305105602,False
dmv.1862,1000,2.4215702686590075,1.714619423486234,0.708060982444973,0.34522505560083083,False
dmv.1863,1000,1.0069713873641928,1.4228126322313803,1.4129623245360294,0.3456884398904593,False
dmv.1864,1000,2.4992776834668757,1.7625415023097288,0.7052203578534809,0.34924496067674404,False
dmv.1865,1000,2.7901909114362584,2.0024929905306035,0.717690313706819,0.3317171209353351,False
dmv.1866,1000,2.369511780653014,1.6674858880964187,0.7037255107619158,0.3513668983405779,False
dmv.1867,1000,2.402432835253078,1.702196645162426,0.7085303781169443,0.3445623441058736,False
dmv.1868,1000,1.8395680409449207,1.3035610329731744,0.7086234398286141,0.3444310080284133,False
dmv.1869,1000,2.4171529114036368,1.7133135956108658,0.7088147330389402,0.3441610940171368,False
dmv.187,1000,2.382538011333726,1.7116069541617076,0.7183964939990879,0.33073364229685787,False
dmv.1870,1000,1.162639405204461,1.2183791428395745,1.0479424122265244,0.04682863422350461,False
dmv.1871,1000,2.4263504610161415,1.7181209340090293,0.7081091382361517,0.3451570471172539,False
dmv.1872,1000,2.399063980510764,1.6999833929613635,0.7086027745702033,0.3444601709922397,False
dmv.1873,1000,2.3956900103373613,1.698898131466765,0.7091477295209517,0.3436914109374706,False
dmv.1874,1000,2.400243043713637,1.6999368160433972,0.708235284962338,0.3449789171024725,False
dmv.1875,1000,2.31851035681447,1.6571060961288633,0.7147287874985615,0.33585212643129925,False
dmv.1876,1000,2.4044125682938726,1.6972862482210742,0.705904748046396,0.3482749683724262,False
dmv.1877,1000,2.4242840263320766,1.6963908169974526,0.6997492037119426,0.357033288548004,False
dmv.1878,1000,1.784338040803942,1.2572083209399167,0.7045796772754312,0.3501538564154167,False
dmv.1879,1000,2.343054392698692,1.660922759964303,0.708870765074847,0.34408204681518606,False
dmv.188,1000,1.9248795877435694,1.3568491171583954,0.7049007770657255,0.34969822782566196,False
dmv.1880,1000,1.960215963410021,1.3846461788403015,0.7063742999172145,0.34761001212486725,False
dmv.1881,1000,1.5958004522589875,1.1387538694592636,0.7135941513534875,0.33744089372317654,False
dmv.1882,1000,2.399986047570944,1.6999212462502347,0.7083046370085136,0.3448809995709503,False
dmv.1883,1000,2.3691901765780394,1.6658791069389827,0.7031428390206774,0.3521952228595616,False
dmv.1884,1000,2.4477073415184165,1.7063406113537118,0.697117903930131,0.3608007233737065,False
dmv.1885,1000,9.540775056989485,13.712331789102139,1.437234575513507,0.3627208335196901,True
dmv.1886,1000,2.4652058770722367,1.7415414513053051,0.706448685484078,0.34750471150660023,False
dmv.1887,1000,2.421245602402914,1.7162405710077162,0.7088254778055021,0.34414593535208227,False
dmv.1888,1000,2.4599617446266593,1.7437970423786382,0.7088716099702147,0.3440808549267548,False
dmv.1889,1000,2.4796490613156914,1.7152609407200874,0.691735361862044,0.36855182156242694,False
dmv.189,1000,2.411204394865988,1.7005313304061174,0.7052622059029678,0.3491856220495613,False
dmv.1890,1000,2.261919358513905,1.5902442838643727,0.7030508306490524,0.352326084452443,False
dmv.1891,1000,2.516300481763522,1.7843086794623653,0.7091000031172159,0.3437587142761688,False
dmv.1892,1000,2.4778830613371174,1.7522326639696992,0.7071490544933778,0.346513808583088,False
dmv.1893,1000,2.1488059135708872,1.5251977613948233,0.7097885163859441,0.3427882175622905,False
dmv.1894,1000,2.5266897282342753,1.7873350953244727,0.7073821036877032,0.3461843012476207,False
dmv.1895,1000,2.17145961667293,1.5428387336452396,0.7105076796266413,0.3417755227396503,False
dmv.1896,1000,2.865792620121014,2.020789155769027,0.70514144728438,0.34935686184833803,False
dmv.1897,1000,2.398755323955619,1.6995971248110442,0.7085329244870034,0.34455875023670146,False
dmv.1898,1000,2.404551340030929,1.7074609415394615,0.7100954398908775,0.34235589559913704,False
dmv.1899,1000,10.941839876828329,7.583135486968816,0.6930402539547044,0.36666719496446554,False
dmv.19,1000,2.421292083712466,1.6375384615384616,0.6763076923076923,0.3911071403602165,False
dmv.190,1000,2.3997173919169934,1.697157732969913,0.7072323343934067,0.3463960469937749,False
dmv.1900,1000,2.8902983524627914,2.045623147940599,0.7077550129721196,0.3456572720450679,False
dmv.1901,1000,2.4196115678269727,1.7125866425668874,0.7077940382409988,0.3456021340491706,False
dmv.1902,1000,2.4785565706827635,1.7577355637072856,0.7091771010992439,0.34364999365750426,False
dmv.1903,1000,2.522162543113114,1.7999631164468641,0.7136586503362957,0.3373505117210871,False
dmv.1904,1000,2.356651979432441,1.6674334413673686,0.7075433521452502,0.3459563762250263,False
dmv.1905,1000,2.410430908671941,1.7198303264133985,0.7134949689808624,0.3375798932731997,False
dmv.1906,1000,2.3995808987803553,1.699532446247191,0.7082621999162517,0.3449409149821663,False
dmv.1907,1000,2.2748431933911752,1.5831058318948146,0.6959186622154965,0.3625224901098281,False
dmv.1908,1000,2.3978518579640786,1.69454999094205,0.7066950301011613,0.3471560638540483,False
dmv.1909,1000,2.421207662548938,1.7150649854449498,0.7083510481044022,0.3448154775158838,False
dmv.191,1000,1.523221270818491,1.076812334445936,0.7069309988478032,0.34682221495200305,False
dmv.1910,1000,1.1405938810436453,1.2410083620697219,1.0880370153609777,0.08437516932652056,False
dmv.1911,1000,2.4001497301510213,1.6974950192177998,0.7072454680196101,0.3463774767112562,False
dmv.1912,1000,3.5356253999857783,2.467445784328321,0.6978809984616148,0.3597066800647265,False
dmv.1913,1000,2.432339721273408,1.7361089066919229,0.7137608663410776,0.33720729383207504,False
dmv.1914,1000,7.230024697950737,5.113203984327055,0.7072180522116792,0.3464162416670744,False
dmv.1915,1000,1.060013486176669,1.3193384223918576,1.2446430536940996,0.21884878494910104,False
dmv.1916,1000,4.446668780887444,3.1624674604591716,0.7111992406657331,0.3408026624633649,False
dmv.1917,1000,3.444436589015754,2.468243380167522,0.716588422048095,0.3332536310264904,False
dmv.1918,1000,1.3796925378700027,1.0192516074593696,0.738752714451084,0.3027920358847095,False
dmv.1919,1000,1.6708204411924097,1.1840630654327777,0.7086716419316433,0.3443629881733129,False
dmv.192,1000,1.5434036874794772,1.0922705905184296,0.7077024626669188,0.3457315240888479,False
dmv.1920,1000,2.3993512407346764,1.6969211676149942,0.7072416654992958,0.34638285324699714,False
dmv.1921,1000,1.9756785147348532,1.3981104785790115,0.7076609216285603,0.3457902242627132,False
dmv.1922,1000,2.416196237217447,1.7068078139103233,0.7064028110050891,0.34756965036127685,False
dmv.1923,1000,2.5793701419062547,1.8260570973948156,0.7079469005736759,0.34538618729072046,False
dmv.1924,1000,2.4224358040638063,1.7161043978610384,0.7084210012839773,0.34471672743161696,False
dmv.1925,1000,2.3501693858751236,1.6664208949203332,0.7090641657302562,0.34380925480984525,False
dmv.1926,1000,1.9569367552526202,1.3829272261667196,0.7066795707397289,0.34717793967016075,False
dmv.1927,1000,2.3999136347292698,1.6984952807627856,0.7077318350893032,0.34569002103577784,False
dmv.1928,1000,2.0636971685624963,1.4617230496361406,0.7083030746484615,0.34488320534752376,False
dmv.1929,1000,1.7092297536531942,1.2087232372100918,0.7071742313323571,0.34647820591821754,False
dmv.193,1000,4.068014094807526,2.819547486290954,0.6931017003824709,0.36657853676085983,False
dmv.1930,1000,5.174388254486134,3.7148211044094395,0.7179246940329097,0.33139059839703666,False
dmv.1931,1000,2.409944758091759,1.7047693716286425,0.7073893979953765,0.346173989606957,False
dmv.1932,1000,2.3990933970739974,1.7006824244821204,0.7088854592140186,0.3440613180905714,False
dmv.1933,1000,2.424984165989814,1.7168037030941279,0.7079649125846453,0.34536074501274383,False
dmv.1934,1000,2.4432375520682887,1.7317516345948754,0.7087938023582214,0.34419062358076125,False
dmv.1935,1000,3.2067381316998467,4.572741194486984,1.4259789875835722,0.35485858666865355,True
dmv.1936,1000,2.4074563304857834,1.7237561394219358,0.7160072303675438,0.3340650137937864,False
dmv.1937,1000,1.7007528230865747,1.1656784647415588,0.6853896985606952,0.377767699475565,False
dmv.1938,1000,2.432451910234907,1.723246449844219,0.7084400898506568,0.3446897825648265,False
dmv.1939,1000,1.5207174974616835,1.067412952207344,0.7019140333355958,0.35394434209102277,False
dmv.194,1000,2.166410177156708,1.5485946857375428,0.7148206291063434,0.3357236361436024,False
dmv.1940,1000,2.311146218913175,1.6023697538032182,0.6933225343728959,0.3662599704998891,False
dmv.1941,1000,2.2459664142245637,1.5847703131466409,0.7056073069969724,0.34869641862184286,False
dmv.1942,1000,6.395958609918001,4.573325143439476,0.7150335739114654,0.3354257808710204,False
dmv.1943,1000,1.0910534007491894,1.2982071237769721,1.1898657965646202,0.17384052476762973,False
dmv.1944,1000,2.4248227489051613,1.7203152714934222,0.7094602161210203,0.3432508570746746,False
dmv.1945,1000,2.5100786717902808,1.7738766050127126,0.7067015966266581,0.34714677201710364,False
dmv.1946,1000,2.409784461609886,1.695050195050617,0.7034032387768896,0.3518249544932456,False
dmv.1947,1000,2.2766914038944113,1.5846953748978152,0.6960518989034276,0.36233105403774496,False
dmv.1948,1000,2.3200366187968036,1.6435760071285876,0.7084267523246958,0.3447086093530108,False
dmv.1949,1000,2.4074880228240376,1.7058467558543564,0.7085587715004953,0.34452227127973933,False
dmv.195,1000,2.418640319450953,1.7212987553525627,0.7116803360589427,0.34012643459501635,False
dmv.1950,1000,2.4200992749174772,1.7139484237580211,0.7082140974636113,0.3450088334538667,False
dmv.1951,1000,2.414563790271347,1.7228001755980031,0.7135036906208206,0.3375676695196598,False
dmv.1952,1000,2.4022080721735555,1.7006915284120445,0.7079701163743206,0.3453533946900681,False
dmv.1953,1000,2.908875177978168,2.101131299280082,0.7223174494343504,0.3252905560635325,False
dmv.1954,1000,1.5947141152947897,1.1261206319676138,0.7061583146264718,0.3479158249467476,False
dmv.1955,1000,1.9930499866345897,1.3850497845147867,0.6949398127507802,0.36393003752596215,False
dmv.1956,1000,2.4574278694775105,1.7461241218037118,0.7105494909907433,0.34171667730404287,False
dmv.1957,1000,2.400060173748552,1.6999805022918724,0.7083074503239413,0.3448770276784995,False
dmv.1958,1000,1.3947836161836926,1.0393626460760068,0.7451784162190238,0.29413160441674846,False
dmv.1959,1000,1.934163284295638,1.375712319794788,0.7112700002966811,0.34070317401191924,False
dmv.196,1000,2.361090641120118,1.6257769884561715,0.6885703412406444,0.3731378001051484,False
dmv.1960,1000,2.484848484848485,1.7804583835946923,0.7165259348612786,0.33334083577265006,False
dmv.1961,1000,2.4223533590238366,1.7153135121590561,0.7081186176942804,0.3451436602053124,False
dmv.1962,1000,1.8048507869149053,1.2754425482209377,0.7066747885575053,0.3471847068084827,False
dmv.1963,1000,2.4853450882033474,1.7597699416427184,0.7080585911370777,0.34522843286916305,False
dmv.1964,1000,2.4259277403827157,1.7201415370583772,0.7090654467667725,0.3438074481533804,False
dmv.1965,1000,2.4548553091781335,1.7376054595468546,0.7078239817435885,0.34555982955435416,False
dmv.197,1000,2.414497180294529,1.7106381514774986,0.7084862908263281,0.3446245696133031,False
dmv.198,1000,2.460797814549698,1.7228804592807774,0.7001308474406491,0.3564880364918044,False
dmv.199,1000,2.430834588323727,1.7186592439339554,0.7070243496572596,0.346690172862144,False
dmv.2,1000,2.4741081763014456,1.7481865043553324,0.706592590049439,0.34730103088049236,False
dmv.20,1000,1.3130432056900885,1.0790744410034268,0.8218118309643161,0.19624382623305245,False
dmv.200,1000,2.472908478382931,1.6982593973863849,0.6867457539297613,0.37579113687295707,False
dmv.201,1000,2.4046463170169448,1.7027733335056179,0.7081179970025584,0.3451445367420656,False
dmv.202,1000,2.3008977120308995,1.634380163982384,0.7103228254939633,0.34203572848981517,False
dmv.203,1000,1.2247683000417757,1.728559910191016,1.41133625856585,0.3445369567154317,False
dmv.204,1000,2.659791540285667,1.857510019950035,0.6983667674010778,0.35901085949342226,False
dmv.205,1000,2.1157622281099577,1.4913527531320978,0.7048772935436822,0.34973154302971426,False
dmv.206,1000,2.400208279591466,1.6994722699308111,0.7080519988124008,0.3452377433350601,False
dmv.207,1000,1.8606315782776266,1.3134733934446479,0.7059287871812435,0.34824091459165113,False
dmv.208,1000,2.4138873836205765,1.7109437566548975,0.7087918716774029,0.3441933474807751,False
dmv.209,1000,4.858492975734355,3.3585568264307155,0.6912754311275039,0.3692169367644582,False
dmv.21,1000,1.2645002056766763,1.1224788549121665,0.8876857827883788,0.11913744682030257,False
dmv.210,1000,2.4785482734815654,1.7571118304177669,0.7089278224747216,0.34400155950139355,False
dmv.211,1000,2.2977686928787686,1.6289877868835299,0.7089433292098023,0.3439796862372922,False
dmv.212,1000,1.9062224537222534,1.342382149538248,0.7042106480893652,0.35067775154425507,False
dmv.213,1000,2.217194953568242,1.5745770691663157,0.7101662696066806,0.34225615381860724,False
dmv.214,1000,2.697933456835451,1.9129282960568592,0.7090346469481252,0.34385088629824556,False
dmv.215,1000,2.3430442077618907,1.6671701638961343,0.7115402084063275,0.3403233508826752,False
dmv.216,1000,2.400243043713637,1.6999368160433972,0.708235284962338,0.3449789171024725,False
dmv.217,1000,2.278605900520935,1.6242162491974665,0.7128113943820378,0.3385384175688498,False
dmv.218,1000,2.467211019432767,1.7441436273746838,0.7069292466826276,0.3468246935069822,False
dmv.219,1000,2.400266691073631,1.7002355043101098,0.7083527470647857,0.34481307904643765,False
dmv.22,1000,2.417841889387059,1.7075556188809053,0.7062312992326325,0.34781247583470454,False
dmv.220,1000,2.4511497559341624,1.7359976993484505,0.7082381217816865,0.34497491163461835,False
dmv.221,1000,2.4249652588261283,1.7174571362445448,0.7082398933318853,0.34497241028947945,False
dmv.222,1000,2.2254082724025994,1.576591766108199,0.7084505731643013,0.34467498493235105,False
dmv.223,1000,1.9145764557737468,1.3370092214088791,0.6983315904553664,0.3590612310650948,False
dmv.224,1000,1.9407574850613822,1.386780152594424,0.7145561273208554,0.3360937300146798,False
dmv.225,1000,2.6033260027989313,1.8496638679335433,0.7105002853829685,0.34178592978008215,False
dmv.226,1000,2.4193005899199624,1.7133367134335478,0.7081950546253659,0.34503572234853164,False
dmv.227,1000,2.189294073675477,1.559699054446293,0.7124209914056022,0.3390862622432945,False
dmv.228,1000,2.3933117965858273,1.6980270499977828,0.70948843874839,0.3432110774430771,False
dmv.229,1000,2.4228822216820878,1.7160146869762942,0.7082534477408273,0.34495327231184203,False
dmv.23,1000,2.405935877462294,1.7002659292252287,0.7066962777988148,0.34715429831658307,False
dmv.230,1000,2.376521010647985,1.6812013697841826,0.7074212103539468,0.3461290191234335,False
dmv.231,1000,2.400647216622586,1.69985576048045,0.7080822824404567,0.3451949739049833,False
dmv.232,1000,2.341644854442671,1.6595114137872946,0.7086947496067976,0.3443303816782045,False
dmv.233,1000,2.3996896991617502,1.700105527947432,0.708468902684087,0.3446491125802531,False
dmv.234,1000,2.196717728115273,1.5643632786231974,0.7121366840178326,0.33948541405925714,False
dmv.235,1000,2.409150276604045,1.7006486476294034,0.7059122314389825,0.34826436729212296,False
dmv.236,1000,4.189767441860465,2.969017798286091,0.7086354647330256,0.3444140387867691,False
dmv.237,1000,1.7067071745734985,1.2055133707494223,0.7063387256520304,0.34766037517036574,False
dmv.238,1000,2.423966121783055,1.7180850546080733,0.7087908692982311,0.34419476168982666,False
dmv.239,1000,2.630263278078218,1.8621844201009605,0.7079840393245924,0.34533372886936875,False
dmv.24,1000,2.4006667591498645,1.6998414569637637,0.7080705601829217,0.34521152897895924,False
dmv.240,1000,2.4660138465952315,1.745802173364173,0.7079450002985839,0.3453888715000035,False
dmv.241,1000,5.3704808050689525,3.7125434791944003,0.6912869841542492,0.36920022427955645,False
dmv.242,1000,2.4198542000457772,1.7150822083676165,0.708754357322508,0.34424627606135494,False
dmv.243,1000,5.272485639872989,3.7387734965972625,0.7091102284514382,0.3437442942219413,False
dmv.244,1000,1.8763295677172394,1.3277966228711107,0.7076563977438787,0.34579661701240944,False
dmv.245,1000,2.728103825729319,1.9370403725585423,0.7100317642935392,0.3424455715059056,False
dmv.246,1000,7.153314917127072,5.18937875751503,0.7254509018036072,0.32096188392574754,False
dmv.247,1000,2.132373440104565,1.5224905421887782,0.713988700831933,0.33688814193313177,False
dmv.248,1000,2.402552839285365,1.7003404013734267,0.707722374954796,0.3457033879598932,False
dmv.249,1000,1.562518706112582,1.081286046585731,0.6920147850747219,0.3681479578777951,False
dmv.25,1000,2.4198296923131397,1.6739103812287985,0.6917471864016557,0.36853472768635775,False
dmv.250,1000,2.4379405957921563,1.6853433446376385,0.6912979535049018,0.3691843563927396,False
dmv.251,1000,2.3313926079933758,1.651775412945392,0.7084930299950943,0.34461505759196687,False
dmv.252,1000,2.402825165169002,1.7011751749239308,0.7079895780949502,0.3453259056016331,False
dmv.253,1000,2.4003800321679605,1.699485237657403,0.7080067384673553,0.3453016677244506,False
dmv.254,1000,6.905217998603213,4.7621701585990985,0.6896480544947878,0.3715738774683024,False
dmv.255,1000,7.857142857142857,10.904761904761905,1.387878787878788,0.3277765296536588,True
dmv.256,1000,2.8109993025804525,1.9595777191276567,0.6971107098208085,0.360811043215448,False
dmv.257,1000,2.3400835940698146,1.658680194637126,0.7088123684301342,0.34416443002673147,False
dmv.258,1000,2.256950695322377,1.6165687503169301,0.7162623240584455,0.33370880473689374,False
dmv.259,1000,2.4077176637907804,1.7059265861962667,0.7085243472901247,0.3445708558827465,False
dmv.26,1000,2.516300481763522,1.7843086794623653,0.7091000031172159,0.3437587142761688,False
dmv.260,1000,2.4580946879738352,1.7338039384097843,0.7053446504287957,0.34906872976940306,False
dmv.261,1000,2.51901665673272,1.777202421364936,0.705514358793502,0.34882815524790156,False
dmv.262,1000,2.2835623230662305,1.6191101239736678,0.7090282177188945,0.3438599539205506,False
dmv.263,1000,2.457827016045646,1.7385160928565482,0.7073386700963258,0.34624570359951357,False
dmv.264,1000,3.940474825094621,2.828900782214903,0.7179086043639357,0.331413010008458,False
dmv.265,1000,2.538623595505618,3.542134831460674,1.3952973720608575,0.3331075624919452,True
dmv.266,1000,2.4006312928383142,1.7005674930395513,0.7083834565152805,0.3447697266560322,False
dmv.267,1000,2.331543913027346,1.650143723814981,0.7077472204554729,0.3456682822949464,False
dmv.268,1000,1.3586866096375727,1.0442497308025251,0.768572916959178,0.26321983831950924,False
dmv.269,1000,2.394715834244156,1.6978895883256233,0.7090150589251555,0.3438785130068015,False
dmv.27,1000,2.4171169307033127,1.7131017514155116,0.7087376409700823,0.34426986187693154,False
dmv.270,1000,1.7015931527255284,1.1955191314991218,0.7025881184254873,0.3529844501594877,False
dmv.271,1000,2.36666651371832,1.68080076188552,0.7101975509193217,0.34221210691711046,False
dmv.272,1000,2.400782202848777,1.6990374366877141,0.707701612695908,0.34573272511832853,False
dmv.273,1000,2.434803580385824,1.7154056275132057,0.7045355285872297,0.3502165179891935,False
dmv.274,1000,2.39853024035395,1.6990461626406002,0.7083697066041046,0.34478913711020887,False
dmv.275,1000,2.5158054373503,1.7891510462473676,0.7111643132990999,0.34085177419227963,False
dmv.276,1000,2.393825546084543,1.6941072648460995,0.7076987158137165,0.34573681849337345,False
dmv.277,1000,2.3339619593983625,1.6549059493701406,0.7090543797023728,0.3438230562341552,False
dmv.278,1000,2.3326562595831355,1.6510360797242756,0.7077922745545583,0.3456046258597012,False
dmv.279,1000,2.4058251340361863,1.7035189129438408,0.7080809360761371,0.3451968753303304,False
dmv.28,1000,3.0,2.033626132308537,0.677875377436179,0.38879181702788435,False
dmv.280,1000,2.3998825718937633,1.7002220912975268,0.7084605351985495,0.3446609233102922,False
dmv.281,1000,2.416747821431622,1.7117990377453824,0.7083068504563107,0.3448778745817537,False
dmv.282,1000,2.3984959699708193,1.7013649271813043,0.7093465857280568,0.3434110344759367,False
dmv.283,1000,2.39601795544073,1.6990908289605304,0.7091310919028547,0.34371487264027034,False
dmv.284,1000,2.340101009946372,1.659284403131944,0.7090652908055323,0.34380766810664143,False
dmv.285,1000,4.158336151504904,2.948587597717136,0.7090787012613303,0.3437887554209431,False
dmv.286,1000,2.2529537503985484,1.580852163336558,0.7016798116947162,0.35427808770252295,False
dmv.287,1000,2.424505779922541,1.7165434021747719,0.7079972406704729,0.34531508265410116,False
dmv.288,1000,11.89582019111703,8.462189203563357,0.7113581970482649,0.34057918272331467,False
dmv.289,1000,2.4005988172815527,1.700241887420256,0.7082574044361217,0.34494768577462875,False
dmv.29,1000,2.714117265572031,1.8987038965591907,0.6995659033026406,0.3572952744430058,False
dmv.290,1000,2.439090822893662,1.726286443161184,0.707758164213488,0.3456528196084263,False
dmv.291,1000,2.3230942919281694,1.6472040638286602,0.7090560506097581,0.34382069970768214,False
dmv.292,1000,2.3988058796170035,1.7010110399736023,0.7091074164972399,0.34374825969819733,False
dmv.293,1000,2.3999079190736294,1.6999287382011998,0.7083308174829377,0.34484403808683106,False
dmv.294,1000,3.6355212678979476,2.591596864702498,0.7128542714318805,0.3384782673514688,False
dmv.295,1000,2.438684516409886,1.7037049810471268,0.6986163932164704,0.35865348107242667,False
dmv.296,1000,2.404850118682693,1.714462077852331,0.7129184744334351,0.3383882067134265,False
dmv.297,1000,2.6054593091647953,1.86145945285162,0.7144457970630631,0.33624814584313867,False
dmv.298,1000,2.525546072005867,1.787579523497648,0.7077992135292535,0.34559482221966287,False
dmv.299,1000,2.2916041774188654,1.622041262767025,0.7078191245898328,0.3455666916705672,False
dmv.3,1000,2.2668456909841366,1.6229283489096573,0.7159412550066755,0.3341571614675172,False
dmv.30,1000,1.2346000157653152,1.1584311106090595,0.938304791686691,0.06368044492448333,False
dmv.300,1000,2.4005177062267107,1.700050593912815,0.7082016472959346,0.3450264132749369,False
dmv.301,1000,2.3361177217950297,1.6552237482432546,0.7085361036392512,0.3445542632961437,False
dmv.302,1000,2.6259012756516915,1.8260534181853245,0.6954006363899335,0.3632671442665263,False
dmv.303,1000,2.025653916886072,1.440344316658435,0.7110515299042781,0.341010376552951,False
dmv.304,1000,2.4004245595685187,1.702136193088165,0.7090979744825339,0.34376157513863514,False
dmv.305,1000,2.2278689829638934,1.5827831140597055,0.7104471251060805,0.3418607534878708,False
dmv.306,1000,2.4275515182283653,1.7211882852830735,0.7090223512698928,0.3438682278835955,False
dmv.307,1000,1.3190531790680395,1.0528535101554704,0.7981888273066828,0.22541008382617558,False
dmv.308,1000,2.413013988836396,1.704887278097057,0.7065384974909275,0.34737758790908624,False
dmv.309,1000,2.4422658530425743,1.7302571968584874,0.708463902364656,0.3446561705288209,False
dmv.31,1000,2.4124649442936823,1.7080781879288953,0.708021972285688,0.34528015146815205,False
dmv.310,1000,2.3825833649595354,1.6889268269274116,0.7088636862685791,0.3440920328972218,False
dmv.311,1000,2.429473885284215,1.7224384182084256,0.708975893357637,0.3439337539340662,False
dmv.312,1000,2.670103307506457,1.8933368997646811,0.7090875077537061,0.3437763358719228,False
dmv.313,1000,2.4207406645658276,1.7158765336458237,0.7088229477706465,0.34414950469242056,False
dmv.314,1000,2.2443304978043837,1.5833054080433615,0.7054689180547609,0.3488925652795475,False
dmv.315,1000,2.702595192231575,1.9135645484661292,0.7080470482470107,0.345244735169989,False
dmv.316,1000,2.479074051535099,1.7537095971971743,0.70740508784368,0.34615180992155214,False
dmv.317,1000,2.384967683407258,1.7097849300240566,0.7169006699417374,0.33281798362557813,False
dmv.318,1000,2.1679170350491668,1.5201845926900497,0.7012189895244645,0.35493504483503335,False
dmv.319,1000,1.0479041916167664,1.5449101796407185,1.4742857142857144,0.38817361099810344,False
dmv.32,1000,2.4117149606118633,1.7192314176675845,0.7128667548802731,0.3384607555828094,False
dmv.320,1000,2.273631091114274,1.6135798551417024,0.709692905523609,0.34292292994528323,False
dmv.321,1000,2.5363080239555154,1.7746251660656671,0.699688345936011,0.3571202631700373,False
dmv.322,1000,1.131785779564979,1.263531284606866,1.1164049835407241,0.11011368660837205,False
dmv.323,1000,2.4196486662329213,1.7151424761438232,0.7088394691672644,0.34412619675052813,False
dmv.324,1000,2.407150331426694,1.7041951218282239,0.70797203630326,0.3453506828152423,False
dmv.325,1000,2.4759291604658022,1.740440841958332,0.7029445227063358,0.3524773053546537,False
dmv.326,1000,2.398160660023614,1.699236684852884,0.7085583185390725,0.34452291055143547,False
dmv.327,1000,2.0393083162492203,1.3979591836734695,0.6855065379445191,0.37759724254236243,False
dmv.328,1000,2.40115262709381,1.700508962832802,0.7082052776007751,0.3450212871988402,False
dmv.329,1000,2.3578907925141035,1.6521796208911028,0.7007023506502031,0.35567208889427404,False
dmv.33,1000,2.487880468745428,1.7629914101009765,0.7086318785202756,0.34441909952956706,False
dmv.330,1000,2.3985941910097996,1.699124302679325,0.7083833976784542,0.3447698097139129,False
dmv.331,1000,2.3992830887228096,1.7004411214975756,0.7087288404982496,0.344282279062026,False
dmv.332,1000,1.8239573150863473,1.3006924354908043,0.713115611167265,0.33811172421265573,False
dmv.333,1000,2.400477639328913,1.7000197386481974,0.7082006142425312,0.3450278719755214,False
dmv.334,1000,4.306659231619103,2.997482688952487,0.6960111138920023,0.3623896505395727,False
dmv.335,1000,2.412153460427317,1.7027958669930123,0.7059235222502631,0.348248372781074,False
dmv.336,1000,2.3943298820181216,1.6976680668172823,0.7090368288710325,0.34384780898804723,False
dmv.337,1000,3.790490341753343,5.462109955423477,1.4410035280282243,0.3653397653337662,True
dmv.338,1000,29.842397083396627,20.358826882221877,0.6822115135499249,0.38241553205128787,False
dmv.339,1000,2.4463576932056967,1.7890805088363357,0.7313241697259456,0.3128984568945582,False
dmv.34,1000,2.3167843049588366,1.6471736863075985,0.7109741216659635,0.3411192469355713,False
dmv.340,1000,2.394108656619751,1.6980049766503584,0.7092430713014406,0.3435569743906778,False
dmv.341,1000,1.8725643826075946,1.3563643173254045,0.724335211073828,0.3225009950264989,False
dmv.342,1000,1.6456077318291238,1.162209207908733,0.706249238764159,0.3477870743781253,False
dmv.343,1000,2.397266127401759,1.6985900063502382,0.7085529582780321,0.34453047560455163,False
dmv.344,1000,2.400289797328777,1.701692131975758,0.7089527830637488,0.3439663511926935,False
dmv.345,1000,2.4123334266804184,1.6811329645954514,0.6968907971021391,0.3611265561032053,False
dmv.346,1000,2.4000401775883025,1.7000738885313211,0.7083522619357366,0.34481376391597074,False
dmv.347,1000,2.342631134339577,1.6533386106736425,0.7057613921535041,0.3484780700680784,False
dmv.348,1000,1.60871573819925,1.1383027758211548,0.7075847825640955,0.3458978226314102,False
dmv.349,1000,2.4002134016040735,1.7000490803591672,0.7082908041522544,0.3449005292910916,False
dmv.35,1000,2.400663904379665,1.7001556379583291,0.7082022747360179,0.34502552731285563,False
dmv.350,1000,2.3366606768211797,1.657188848808357,0.7092124523030088,0.3436001466973553,False
dmv.351,1000,2.460426205453582,1.7425886515154674,0.708246663790601,0.34496285077946254,False
dmv.352,1000,2.325089848429606,1.6390002111195763,0.704919086127608,0.3496722542068168,False
dmv.353,1000,2.4538009555878872,1.7061493507559466,0.695308780800105,0.36339924316342975,False
dmv.354,1000,2.400510143041046,1.700254748646823,0.7082889249919535,0.3449031823860954,False
dmv.355,1000,2.427175950487888,1.7191833184014143,0.7083060122014806,0.3448790580452845,False
dmv.356,1000,2.4161444168888613,1.7105180587003164,0.7079535671559145,0.34537677055219873,False
dmv.357,1000,2.4743683869574604,1.7445443974811075,0.7050463490710205,0.349491734967719,False
dmv.358,1000,2.4004356745535538,1.7001780884338669,0.7082789622138387,0.34491724846539173,False
dmv.359,1000,2.4190369351575347,1.7134861211125352,0.708334005243681,0.34483953771286513,False
dmv.36,1000,1.5541921731526016,1.0841864455247354,0.6975884091125727,0.36012602190302356,False
dmv.360,1000,2.4021641320561464,1.703172585620357,0.7090159089847522,0.3438773140772775,False
dmv.361,1000,2.2149796649356404,1.571272875601766,0.709384785998666,0.34335718316711294,False
dmv.362,1000,2.6202145455177046,1.864384092295065,0.7115387155927333,0.34032544888801985,False
dmv.363,1000,1.5993457210834172,1.1304096798710526,0.7067950756171083,0.34701450571266557,False
dmv.364,1000,2.4979702790866254,1.7368152464955111,0.6952905969444008,0.36342539570742816,False
dmv.365,1000,2.400294975505737,1.6998581335910947,0.7081871815496087,0.34504683951105486,False
dmv.366,1000,2.3974622342574885,1.7000751501080162,0.7091144652105612,0.34373831948586187,False
dmv.367,1000,2.431101572484912,1.7279557728684998,0.7107707026417235,0.34140540099381034,False
dmv.368,1000,2.4099315457276647,1.7073279329651785,0.7084549500967924,0.34466880677520584,False
dmv.369,1000,1.8152879581151833,1.241655923220169,0.6839994270161868,0.3797981990555709,False
dmv.37,1000,2.4002679880974656,1.7002294729346514,0.7083498515023364,0.3448171667956269,False
dmv.370,1000,2.455668225076978,1.7403700408074305,0.7087154620624189,0.3443011559036867,False
dmv.371,1000,2.398073321324805,1.6988119750244168,0.7084070198845779,0.34473646362992905,False
dmv.372,1000,2.4851815071415824,1.7209565331850503,0.6924872602824363,0.36746543779392804,False
dmv.373,1000,3.84375,2.4871323529411766,0.6470588235294118,0.4353180712578455,False
dmv.374,1000,2.6014069519981082,1.852505346347925,0.7121167047412704,0.33951346984865693,False
dmv.375,1000,2.424984450107791,1.71800040703998,0.7084583189651441,0.34466405155352053,False
dmv.376,1000,2.23714527027027,1.5911646682845952,0.7112478073864047,0.3407343763071148,False
dmv.377,1000,16.94326241134752,13.970760233918128,0.8245614035087718,0.19290366612449183,False
dmv.378,1000,2.422365439957534,1.7076952443034097,0.7049701156293523,0.3495998662465387,False
dmv.379,1000,2.0226452406408515,1.442040088031667,0.7129476089315463,0.3383473410270131,False
dmv.38,1000,1.8705295242648816,1.3181364476770876,0.7046862562595024,0.3500026018058527,False
dmv.380,1000,2.2189053787996396,1.575286167055845,0.709938414727728,0.3425770525289931,False
dmv.381,1000,2.413779971275917,1.7119265890457653,0.7092305882962672,0.3435745750067899,False
dmv.382,1000,2.409252714557695,1.7072432705133722,0.7086194238559976,0.3444366753317659,False
dmv.383,1000,4.931987699555091,3.4291140680086434,0.6952803366314113,0.36344015268636665,False
dmv.384,1000,2.297639667758513,1.6201527389579473,0.7051378689585842,0.3493619364824969,False
dmv.385,1000,2.4053928386130594,1.7034601510375498,0.7081837626238875,0.34505166723748526,False
dmv.386,1000,2.3612024643618708,1.6676648481322518,0.7062777857056609,0.3477466547032996,False
dmv.387,1000,2.5490881781619117,1.8035463974837451,0.7075260922453614,0.3459807706460323,False
dmv.388,1000,2.520310930416169,1.7875119467057237,0.7092426276191879,0.34355759996237467,False
dmv.389,1000,2.27472169571474,1.6141840481537877,0.7096182584422026,0.34302811770589614,False
dmv.39,1000,2.52838967396324,1.7877290283177125,0.7070623040140228,0.34663649247887485,False
dmv.390,1000,3.166957539814972,2.2288165286328687,0.7037721537507845,0.3513006204488812,False
dmv.391,1000,1.482657451925914,1.0435247758972417,0.7038205450232243,0.35123186295603415,False
dmv.392,1000,2.4035076016201673,1.7024216762210524,0.7083071736796157,0.34487741824954254,False
dmv.393,1000,2.5063948550667625,1.7707157556893327,0.7064791695170338,0.3474615613445411,False
dmv.394,1000,2.3943776389613878,1.6980296528202738,0.7091737014203116,0.34365478750529754,False
dmv.395,1000,2.554602644538892,1.7499061317621234,0.685001299714063,0.37833454332891914,False
dmv.396,1000,2.4498493908452343,1.7352580080953859,0.7083121168916822,0.344870439363826,False
dmv.397,1000,2.416311588694131,1.7120037734386193,0.7085194564513316,0.3445777587586918,False
dmv.398,1000,2.303695513830054,1.6055543608766554,0.6969472967403186,0.3610454855133568,False
dmv.399,1000,2.5624460322670237,1.8123162966111077,0.7072602793541497,0.34635653464782845,False
dmv.4,1000,1.8722996406950723,1.3329546031584827,0.7119344437109633,0.33976944524883895,False
dmv.40,1000,2.2752282348875386,1.6014977198878653,0.7038844258923436,0.351141104067655,False
dmv.400,1000,2.3952947070174666,1.699071402382188,0.7093371005264775,0.3434244063102242,False
dmv.401,1000,2.440128783354271,1.7287370632635592,0.7084614037818069,0.3446596972960234,False
dmv.402,1000,2.1356190868763005,1.4992025243634834,0.7019990285609956,0.353823258773529,False
dmv.403,1000,1.9365614729802063,1.381725596484744,0.7134943123485689,0.33758081357765063,False
dmv.404,1000,2.3402093754834716,3.3163581042751793,1.4171202538619185,0.34862682221844365,True
dmv.405,1000,2.2412982170014435,1.590936306169689,0.7098280336376426,0.3427325444275865,False
dmv.406,1000,2.6640264297293417,1.8624661975568992,0.6991170120433532,0.35793715155435757,False
dmv.407,1000,2.3366190886390648,1.6373687669055732,0.7007426990846157,0.35561450770772474,False
dmv.408,1000,2.4298275205008752,1.7224930731876853,0.7088952029124344,0.344047573089421,False
dmv.409,1000,2.4080084776702884,1.7001345023248744,0.7060334372118693,0.34809268112051517,False
dmv.41,1000,2.4001445264005024,1.700085403159475,0.7083262630476231,0.3448504679213721,False
dmv.410,1000,2.5007143961175093,1.772223906696321,0.7086870493678894,0.3443412471188555,False
dmv.411,1000,2.4002007432824986,1.7001592971329484,0.7083404593933347,0.34483042602233227,False
dmv.412,1000,2.400121978369031,1.700023939187423,0.7083073087571367,0.34487722754484107,False
dmv.413,1000,2.4162559351127797,1.7092490679921888,0.7073957038878039,0.34616507533097374,False
dmv.414,1000,1.669959318005211,1.1829386556404076,0.7083637564617106,0.34479753691518167,False
dmv.415,1000,2.136460315683421,1.5533251450219012,0.7270554634781579,0.3187525134670684,False
dmv.416,1000,2.4034816621451753,1.7013728532555428,0.707878441534278,0.34548289277749944,False
dmv.417,1000,2.3989685046252553,1.699406605643997,0.7083905446726415,0.34475972060375404,False
dmv.418,1000,2.3999079190736294,1.6999287382011998,0.7083308174829377,0.34484403808683106,False
dmv.419,1000,1.938000287277523,1.3601239025641965,0.7018182151432394,0.35408086127779653,False
dmv.42,1000,1.5990830945558738,1.1177874985979586,0.699017769872935,0.3580791152217641,False
dmv.420,1000,2.549756269814861,1.8102150001856314,0.7099560933002714,0.3425521512811266,False
dmv.421,1000,11.025835987261146,7.667527937471739,0.6954146557531351,0.36324698434553415,False
dmv.422,1000,2.3998350667680874,1.700206475178914,0.7084680521268576,0.34465031313787353,False
dmv.423,1000,17.181971712054043,11.82235456460164,0.6880673977776164,0.3738684839606754,False
dmv.424,1000,2.1743646701348927,1.574903088658247,0.7243049476887166,0.3225427768105159,False
dmv.425,1000,2.420720686245088,1.7116285918789294,0.7070739724763248,0.3466199898793785,False
dmv.426,1000,1.9270288985691626,1.384497236194713,0.7184621036159423,0.3306423186036162,False
dmv.427,1000,2.3877965333369806,1.7090911125158734,0.7157607813959733,0.33440927204230086,False
dmv.428,1000,2.404265690045845,1.7123247827963446,0.7122028109812163,0.33939256124760175,False
dmv.429,1000,2.398696361798133,1.6989946277932957,0.7082991640174414,0.34488872648946955,False
dmv.43,1000,2.3992660725910926,1.6997862968603719,0.7084609399009606,0.3446603520684579,False
dmv.430,1000,2.2314493276315113,1.5344297375432232,0.6876381724392041,0.3744924915414143,False
dmv.431,1000,2.4161509656581432,1.7115833332488046,0.7083925456547707,0.3447568959199433,False
dmv.432,1000,2.4948012452479333,1.7694082398567708,0.7092381580404923,0.34356390188587016,False
dmv.433,1000,2.4261106982055254,1.7171740545817344,0.7077888308442989,0.3456094912965826,False
dmv.434,1000,2.3954047615087717,1.6986331291495447,0.7091215465730485,0.34372833333062613,False
dmv.435,1000,2.547607599585963,1.8046211630250193,0.7083591536303732,0.344804034772038,False
dmv.436,1000,1.9186599284781258,1.3547918848118061,0.7061136080985556,0.3479791364481826,False
dmv.437,1000,2.422669548224526,1.7154965951753884,0.708101769980394,0.34516745270827853,False
dmv.438,1000,2.804890428749057,1.990516012606086,0.7096590983391209,0.3429705674367618,False
dmv.439,1000,2.4336011299816285,1.7223259565747395,0.7077272998257285,0.34569642922300525,False
dmv.44,1000,1.191358024691358,1.2061168603456671,1.0123882454714925,0.012312139063835686,False
dmv.440,1000,2.3982731683580423,1.69297520030631,0.7059142480693271,0.34826151052413645,False
dmv.441,1000,2.3987629732316056,1.6994591862147528,0.7084731610331833,0.3446431019617453,False
dmv.442,1000,2.4038479995335758,1.6967963698227269,0.7058667478775531,0.3483288016860493,False
dmv.443,1000,2.3999777720276847,1.700272753748844,0.7084535421810693,0.34467079408169854,False
dmv.444,1000,2.4763947433672207,1.7576157541840451,0.7097478133854248,0.3428455644574375,False
dmv.445,1000,1.4560371612268126,1.018764690182438,0.699683165589028,0.35712766698945253,False
dmv.446,1000,2.6225912325740097,1.855116770871644,0.7073602427363002,0.3462152057461819,False
dmv.447,1000,2.350242028536853,1.6732918171927316,0.711965745176654,0.33972547943446507,False
dmv.448,1000,1.8164413049831425,1.285276934845288,0.7075796676277497,0.3459050513832986,False
dmv.449,1000,3.7719890153001177,2.666481779355483,0.7069166343113873,0.34684253473198445,False
dmv.45,1000,2.395613840026254,1.6973716644706163,0.7085330849699943,0.344558523736327,False
dmv.450,1000,3.5477803932757923,2.445768518366745,0.6893799072237612,0.37196277063341554,False
dmv.451,1000,2.4131716665438194,1.7026324460453153,0.7055579466850989,0.34876637543485944,False
dmv.452,1000,2.6262274276597286,1.8872365595880845,0.7186112442934273,0.3304347569252407,False
dmv.453,1000,2.5501690643490766,1.8107014363877065,0.7100319197268135,0.3424453525956188,False
dmv.454,1000,3.141058571706558,2.2204660504016727,0.706916474083856,0.3468427613889077,False
dmv.455,1000,2.553167842779538,1.8097321999994855,0.7088183431095145,0.3441560009212785,False
dmv.456,1000,2.313772324562376,1.61850298820869,0.6995083185268939,0.35737759284310316,False
dmv.457,1000,2.420251355990177,1.7146050866503617,0.7084409156126182,0.34468861695958763,False
dmv.458,1000,2.4061349647256396,1.7120410329725433,0.7115315882406287,0.34033546575378615,False
dmv.459,1000,2.7389966350888093,1.9422911900915696,0.7091250734700493,0.34372335972878443,False
dmv.46,1000,2.3821034222546396,1.6769378402494262,0.7039735657917906,0.35101447212026715,False
dmv.460,1000,2.4273019218537595,1.7124780197275833,0.7055068033809916,0.3488388643892143,False
dmv.461,1000,2.40105478610874,1.7006021811805982,0.7082729602920358,0.3449257224531186,False
dmv.462,1000,2.4038903208405973,1.70128808276238,0.707722839105018,0.3457027321235283,False
dmv.463,1000,2.421538394367933,1.7139662205826374,0.7078005554522767,0.34559292631228467,False
dmv.464,1000,2.420402605110167,1.7129864503651024,0.7077278989654426,0.34569558265475686,False
dmv.465,1000,2.2888182068138074,1.6161466853604753,0.7061053082106782,0.34799089084090706,False
dmv.466,1000,2.400060173748552,1.6999805022918724,0.7083074503239413,0.3448770276784995,False
dmv.467,1000,2.420635587728706,1.7161390507157492,0.7089621665547811,0.34395311557368136,False
dmv.468,1000,2.456655843833763,1.74188617334338,0.709047699015528,0.3438324782453701,False
dmv.469,1000,3.7926946933149552,2.6860601327606406,0.7082194455290902,0.34500128200112756,False
dmv.47,1000,2.3429848158832773,1.658288656241449,0.7077675642623804,0.3456395382547873,False
dmv.470,1000,3.5909696596965968,2.5348938171556745,0.7059078904525886,0.3482705167814618,False
dmv.471,1000,2.1861832705367044,1.5653695522081492,0.716028511106415,0.33403529283325933,False
dmv.472,1000,2.4951242263271864,1.7681972439462674,0.7086610058486135,0.3443779967643402,False
dmv.473,1000,1.8821191239890116,1.3305558493974432,0.7069456085103842,0.34680154884506614,False
dmv.474,1000,2.4030764276101144,1.702804923784439,0.708593744343744,0.34447291478089426,False
dmv.475,1000,2.399964906050573,1.699929969761082,0.7083145113811344,0.34486705881258606,False
dmv.476,1000,2.216087078454743,1.5632304139032724,0.705401168167678,0.34898860514572166,False
dmv.477,1000,2.5196862150501413,1.7824700075541071,0.7074174541684494,0.34613432882494466,False
dmv.478,1000,2.3868959769193783,1.6899037294019548,0.7079921981279682,0.3453222049423986,False
dmv.479,1000,1.964565694575102,1.4063084558915224,0.7158368181704812,0.33430304557949814,False
dmv.48,1000,2.383905002856078,1.6897528309062126,0.708817183940541,0.3441576362767015,False
dmv.480,1000,2.4067190457974084,1.6832335633325695,0.6993893060645434,0.35754774462625794,False
dmv.481,1000,2.2720004472772,1.610342777887854,0.7087774915791559,0.34421363586823633,False
dmv.482,1000,2.399240862569851,1.6996107322895324,0.7083952090033439,0.34475313621978454,False
dmv.483,1000,2.3989776893887016,1.6995646782012834,0.7084537241504568,0.34467053722736274,False
dmv.484,1000,2.4146739639798693,1.702697634958595,0.7051459784459705,0.3493504359786781,False
dmv.485,1000,2.400303842042808,1.69959612676463,0.7080754098690138,0.345204679845897,False
dmv.486,1000,2.40034388151063,1.700289845018009,0.7083526065223414,0.344813277453882,False
dmv.487,1000,2.34045572099668,1.6560257987405789,0.7075655325943797,0.3459250281791332,False
dmv.488,1000,2.419732595815515,1.7111610921482165,0.7071695009222742,0.34648489511261227,False
dmv.489,1000,1.511516377397886,1.0662447500143835,0.7054139577699787,0.3489704743473401,False
dmv.49,1000,16.981578947368423,11.840366972477064,0.6972477064220183,0.36061454194281284,False
dmv.490,1000,2.4036946640835803,1.696976712077927,0.7059868033300757,0.34815873383062723,False
dmv.491,1000,1.8070956033019143,1.2849471317958538,0.71105653151278,0.3410033424763748,False
dmv.492,1000,2.7126991565135894,1.9364717364654398,0.7138542185246332,0.3370765132250638,False
dmv.493,1000,2.5029572662560606,1.7762089946064712,0.7096441551570458,0.34299162450407816,False
dmv.494,1000,2.3995084670968447,1.699839943735935,0.7084117297542043,0.3447298151159569,False
dmv.495,1000,2.2334798473268194,1.5949259957749953,0.7140991210124019,0.33673350133050234,False
dmv.496,1000,1.7661169794004101,1.2563974830360503,0.711389731082588,0.3405348543729378,False
dmv.497,1000,14.499390801096558,10.634830205540661,0.733467381590706,0.3099721519302232,False
dmv.498,1000,1.372695977181076,1.0290259746702044,0.7496386612739835,0.28816397351547096,False
dmv.499,1000,1.9670193948797516,1.384922273566458,0.7040714886551087,0.35087538159448217,False
dmv.5,1000,2.4164800224247904,1.7008786649322263,0.7038662224178035,0.3511669658558386,False
dmv.50,1000,2.679703725635209,1.90333672634479,0.71027879244136,0.34209772060929666,False
dmv.500,1000,2.4074075458299853,1.7039102181278494,0.7077780499106993,0.3456247232630073,False
dmv.501,1000,2.400315412958872,1.7001180134981608,0.7082894207650915,0.3449024824274387,False
dmv.502,1000,2.1688727692900245,1.5384373705132117,0.7093257807911045,0.34344036462635713,False
dmv.503,1000,2.4771016423268732,1.7572629696297817,0.709402851947202,0.3433317164262789,False
dmv.504,1000,2.2291060546138253,1.5788897569003055,0.7083062529179822,0.344878718197173,False
dmv.505,1000,2.4017494520277873,1.7000302908910612,0.707829990116468,0.34555134107765173,False
dmv.506,1000,2.3941376019374174,1.6974886693893119,0.7090188416971717,0.34387317777184767,False
dmv.507,1000,2.3723557081522695,1.6952924224365897,0.7146029647286677,0.33602818460676875,False
dmv.508,1000,2.4119785925792216,1.7089337391443953,0.7085194472298224,0.34457777177387316,False
dmv.509,1000,2.258584158128465,1.602706362732932,0.7096066608653564,0.3430444612419892,False
dmv.51,1000,1.9034993655389345,1.3436169474633681,0.7058667692715265,0.3483287713772509,False
dmv.510,1000,2.270591602060461,1.599622440937666,0.7044958853393449,0.3502727882007777,False
dmv.511,1000,2.666066354504342,1.9015499671738076,0.7132418005880171,0.33793478480035777,False
dmv.512,1000,2.437470470379808,1.7302137592137592,0.7098398853398854,0.342715847984588,False
dmv.513,1000,2.4003274501970187,1.6938371484779615,0.7056691987332526,0.34860870833109736,False
dmv.514,1000,1.4773014915170966,1.0404227312046335,0.7042724434916695,0.35059000409068125,False
dmv.515,1000,2.301068461156426,1.598076229895344,0.6944931265070723,0.3645730138747673,False
dmv.516,1000,4.745001537988311,3.3099452848406825,0.6975646389872332,0.36016009719730624,False
dmv.517,1000,2.4805348089713077,1.749019721689988,0.7050978342913546,0.3494187137533432,False
dmv.518,1000,2.3938800474444073,1.6977571197798254,0.7092072644125466,0.34360746172604684,False
dmv.519,1000,2.4205169322167404,1.7157121943547118,0.7088205711428098,0.3441528576197328,False
dmv.52,1000,2.7514380723796243,1.951768437772962,0.7093630263264273,0.3433878576422398,False
dmv.520,1000,2.3996569798063057,1.7016087001897888,0.7091049739647116,0.3437517042210977,False
dmv.521,1000,2.42102567017696,1.714349168786163,0.7081086292905172,0.3451577658564847,False
dmv.522,1000,2.3995405711542745,1.69983963974598,0.7084021250485836,0.34474337329170224,False
dmv.523,1000,2.3918012569926272,1.6903648708583283,0.706732997115211,0.34710234054684375,False
dmv.524,1000,2.412044684209711,1.7054665151923978,0.7070625707546465,0.3466361152270091,False
dmv.525,1000,2.405417159775686,1.6998549727787673,0.7066778275321213,0.34718040643137726,False
dmv.526,1000,6.741656908665106,4.772458812558284,0.7079059164853383,0.3454440804387302,False
dmv.527,1000,1.9468468588302585,1.3728859664756259,0.705184365297489,0.3492959992976575,False
dmv.528,1000,2.389349742311537,1.6944917555860393,0.7091853174858911,0.3436384079209682,False
dmv.529,1000,2.4609330300176366,1.7410108335052754,0.7074596554514115,0.3460746751876248,False
dmv.53,1000,3.148223083850023,2.2307657136818917,0.7085793014876967,0.34449329740966383,False
dmv.530,1000,2.726933987614662,1.9320247672392252,0.708497079875861,0.34460934141831345,False
dmv.531,1000,2.3958494742415044,1.6989403779276149,0.7091181629703501,0.3437331048832425,False
dmv.532,1000,2.401521931062649,1.6990273161989857,0.7074794088793449,0.3460467539457387,False
dmv.533,1000,2.3957219251336896,1.689908036553503,0.7053857206149667,0.34901050434656444,False
dmv.534,1000,2.342754963090375,1.6516096500180881,0.7049860852026184,0.349577213665902,False
dmv.535,1000,2.405423858375101,1.6985553543650969,0.7061355729266341,0.3479480302831016,False
dmv.536,1000,1.974349302150132,2.836288193134666,1.4365685899885365,0.3622573462879358,True
dmv.537,1000,2.418459565992933,1.7134282389187603,0.7084791753445289,0.34463461288107367,False
dmv.538,1000,2.6314952641827474,1.8648715982555983,0.7086737428861624,0.34436002354021567,False
dmv.539,1000,2.401571097149993,1.7028365714526659,0.7090510763863982,0.3438277150075355,False
dmv.54,1000,1.7664593446601942,1.2472625649364877,0.7060805382851412,0.3480259711040339,False
dmv.540,1000,2.3980796606277948,1.698805204735188,0.7084023240038894,0.3447430924409385,False
dmv.541,1000,2.4281439006812016,1.7175366042975846,0.7073454764422075,0.3462360811747507,False
dmv.542,1000,2.483054700545195,1.7579744723196917,0.7079886206025586,0.34532725801283903,False
dmv.543,1000,2.213171012445075,1.5728661268053685,0.7106844062030668,0.3415268208518498,False
dmv.544,1000,2.4002660791514754,1.7001092448550683,0.7083003253772926,0.34488708684487,False
dmv.545,1000,2.427846675486396,1.7181336303515033,0.7076779797090323,0.3457661196748203,False
dmv.546,1000,1.1051384274640088,1.2764845581898712,1.1550449486396515,0.14413925978765352,False
dmv.547,1000,45.270270270270274,62.270270270270274,1.3755223880597014,0.3188335775566151,True
dmv.548,1000,2.4587828888447523,1.740640422389078,0.7079276622129536,0.3454133625239356,False
dmv.549,1000,2.102771989000129,1.4889565010696457,0.7080922272403136,0.34518092930837596,False
dmv.55,1000,2.1481539252412474,1.524693283303136,0.7097691023849262,0.34281556974689004,False
dmv.550,1000,2.406935331178794,1.7072917433347365,0.7093218173413044,0.3434459522716685,False
dmv.551,1000,2.4095421406310322,1.7077145054608203,0.7087298772096133,0.3442808162873423,False
dmv.552,1000,2.0073703606212163,1.4147766801168777,0.7047910579286675,0.34985389182903626,False
dmv.553,1000,11.948255531664008,8.364068948773975,0.7000242777373149,0.35664026205827737,False
dmv.554,1000,2.4223023586239885,1.7152819796109526,0.7081205091941266,0.34514098904645185,False
dmv.555,1000,2.105845138093859,1.4885357253124034,0.7068590649831813,0.3469239752720453,False
dmv.556,1000,10.009554140127388,7.159453302961276,0.7152619589977222,0.33510642716691774,False
dmv.557,1000,3.671114805740287,2.5563476830271457,0.6963409804100783,0.3619158242342906,False
dmv.558,1000,2.395619007564399,1.6986615200102468,0.7090699792607082,0.343801055965649,False
dmv.559,1000,2.701453308596166,1.9337333841594628,0.7158122548356554,0.3343373603222538,False
dmv.56,1000,2.408755497737281,1.7055181264958446,0.708049500290902,0.3452412720672877,False
dmv.560,1000,2.4030748612255617,1.7037200725108672,0.7089750302834821,0.34393497128812334,False
dmv.561,1000,1.2747689766405386,1.1020815811606393,0.8645343598375049,0.14556422931894056,False
dmv.562,1000,2.383177570093458,3.4018691588785046,1.4274509803921567,0.35589032247831454,True
dmv.563,1000,2.413299576627923,1.6930741872293775,0.7015598907099182,0.3544490078737301,False
dmv.564,1000,1.595492987024354,1.1300827813607295,0.7082969280036576,0.344891883372079,False
dmv.565,1000,2.178714249493537,1.5540687419981556,0.7132962674473781,0.3378584225067635,False
dmv.566,1000,2.2200414715912373,1.5769769210942293,0.7103366947302633,0.3420162034226151,False
dmv.567,1000,4.555850151283571,3.224763755188554,0.7078291972092201,0.3455524612727594,False
dmv.568,1000,2.4345920808972727,1.7237906912577028,0.7080408684408425,0.3452534631678703,False
dmv.569,1000,2.0246560463432295,1.3920392313053869,0.687543562680474,0.37463008754994653,False
dmv.57,1000,2.2516277403564557,1.5942518808163673,0.7080441638918433,0.34524880885555764,False
dmv.570,1000,2.4467408061968867,1.7330625726515176,0.7083147378186408,0.34486673912766286,False
dmv.571,1000,2.774289839817551,1.9680529043597466,0.7093897963051957,0.3433501203023107,False
dmv.572,1000,6.805609821151808,4.81428352881183,0.7073992860785313,0.3461600114301926,False
dmv.573,1000,2.418385054934816,1.7135190570936747,0.708538556999915,0.3445508007253534,False
dmv.574,1000,2.4005626335750683,1.7001461618681062,0.7082282037091204,0.3449889155998207,False
dmv.575,1000,2.5050913241535193,1.775166616757816,0.7086235138983015,0.34443090350225813,False
dmv.576,1000,2.296862823000871,1.641465545484329,0.7146554548432893,0.3359547337683109,False
dmv.577,1000,2.34599796640822,1.6619865534079805,0.708434780083174,0.3446972776056315,False
dmv.578,1000,2.3835152149744356,1.6900336630212331,0.7090509229408715,0.3438279314172533,False
dmv.579,1000,2.400432727646609,1.70072313011908,0.7085068914997146,0.34459549301131953,False
dmv.58,1000,2.0706268232824487,1.4620169012365323,0.7060745494057102,0.34803445300447544,False
dmv.580,1000,1.694281848174783,1.1702783451563952,0.6907223532006279,0.3700173403000863,False
dmv.581,1000,2.4067637457002875,1.7047747263568775,0.7083265772980327,0.34485002426940503,False
dmv.582,1000,2.400111054180017,1.7000109457174322,0.7083051189471857,0.34488031915960893,False
dmv.583,1000,2.3999753813099383,1.7001529081617375,0.7084043117283026,0.3447402865189966,False
dmv.584,1000,2.5443167845367043,1.8138197491987984,0.7128906904291313,0.3384271796769788,False
dmv.585,1000,2.4165033151482493,1.7127520605338797,0.7087728991709679,0.3442201152261738,False
dmv.586,1000,2.1670188213113155,1.552027999705103,0.716204208492261,0.33378994529396205,False
dmv.587,1000,2.8502808638122583,2.007667147328808,0.7043751978335032,0.35044411332424474,False
dmv.588,1000,2.45438139112918,1.7503713288878222,0.7131619133090534,0.33804679695830275,False
dmv.589,1000,2.4343192219496674,1.7184163650853497,0.7059124988994069,0.3482639884059643,False
dmv.59,1000,2.028934905959656,1.439262310655827,0.7093684013362062,0.3433802804367532,False
dmv.590,1000,5.213433467315422,3.6840224833318382,0.706640356384728,0.34723343220834435,False
dmv.591,1000,2.3702410105530207,1.669584010185986,0.7043941956756715,0.35041714249103806,False
dmv.592,1000,2.3255902308731424,1.6484962738385245,0.7088507046314848,0.34411034637020055,False
dmv.593,1000,2.4249960007517033,1.7140197749819144,0.7068134440018047,0.3469885177754928,False
dmv.594,1000,2.402682381720131,1.700301574314549,0.7076680576886185,0.34578014030320625,False
dmv.595,1000,2.3275146906325612,1.8169185105234755,0.780626011872639,0.24765910186916984,False
dmv.596,1000,2.4001931757995303,1.6994155657547143,0.7080328295611542,0.3452648169267879,False
dmv.597,1000,3.6219766138074645,2.5343383115245595,0.699711395668133,0.3570873208570742,False
dmv.598,1000,2.4348754557617167,1.7202530653017498,0.7065055673509152,0.3474241967033024,False
dmv.599,1000,2.487572362939283,1.753857406970114,0.7050477940258907,0.3494896855231804,False
dmv.6,1000,2.4462439616756515,1.7310755861834892,0.7076463399822643,0.3458108298890561,False
dmv.60,1000,2.3152331090636675,1.6361252972124245,0.7066784294019147,0.3471795547426534,False
dmv.600,1000,2.2624567202883887,1.619758442936224,0.7159290290113298,0.33417423842690736,False
dmv.601,1000,2.3881450356769194,1.6908377430995265,0.7080130050058953,0.34529281680472457,False
dmv.602,1000,2.516428130489969,1.7802306568797124,0.7074434732745922,0.34609754908830603,False
dmv.603,1000,2.399641318997895,1.6998491785107364,0.7083763581886495,0.3447797471641766,False
dmv.604,1000,2.3989825716023625,1.6994844683567385,0.7084188474206358,0.3447197678081896,False
dmv.605,1000,2.4323158952428963,1.694334006565784,0.6965929096132409,0.36155409966471275,False
dmv.606,1000,2.2600895014388236,1.6050186174987116,0.7101571050513357,0.3422690587042249,False
dmv.607,1000,2.6273350960660222,1.8628928979861044,0.7090427485917052,0.34383946006212396,False
dmv.608,1000,2.401692845412052,1.7003627329192545,0.7079850931677019,0.3453322403579525,False
dmv.609,1000,2.4213690887176913,1.7145720708841037,0.7081002557078594,0.3451695912061864,False
dmv.61,1000,2.498317123082785,1.7748410637283785,0.7104146416521866,0.3419064770827476,False
dmv.610,1000,2.389164413807175,1.6907758013430405,0.7076849929506358,0.3457562095079739,False
dmv.611,1000,1.9602233002782337,1.396246214200053,0.7122893672378398,0.33927103547434256,False
dmv.612,1000,2.401040677896249,1.699185227325439,0.7076869804697504,0.3457534010319664,False
dmv.613,1000,2.1594855924185814,1.5133725895626378,0.7008023553737583,0.355529378387067,False
dmv.614,1000,2.44722443107835,1.7294678858632055,0.7067058762163179,0.34714071631166543,False
dmv.615,1000,2.389546306900649,1.6954652042804665,0.7095343577917779,0.34314635819611927,False
dmv.616,1000,2.398132609133218,1.6988472593383022,0.7084042195449459,0.34474041664717514,False
dmv.617,1000,1.147819042871386,1.245719373296707,1.0852924779679674,0.08184951561375572,False
dmv.618,1000,2.413986399264548,1.7089896456480427,0.7079533033693596,0.3453771431565845,False
dmv.619,1000,2.33394199881557,1.666109926993974,0.7138608962174263,0.3370671588479556,False
dmv.62,1000,2.416297882756383,1.7118625059435741,0.7084650109409414,0.34465460576960816,False
dmv.620,1000,2.1696234896284383,1.5172835447272643,0.6993303455555363,0.3576320510260053,False
dmv.621,1000,2.729336505870119,1.9338160682824905,0.7085297339200706,0.3445632533077745,False
dmv.622,1000,2.4152732805573134,1.7106693183512185,0.7082715368575142,0.3449277321810508,False
dmv.623,1000,1.304648948143018,1.8639944593541684,1.4287325812873257,0.3567877444776404,False
dmv.624,1000,2.3999508393240028,1.7026599072584583,0.7094561602512027,0.34325657392999476,False
dmv.625,1000,2.416209816217455,1.7115625769377492,0.7083667012069251,0.3447933798150099,False
dmv.626,1000,2.3963659440438696,1.6992694858084285,0.7091026685769494,0.3437549553497661,False
dmv.627,1000,2.454978461772017,1.7383043705516164,0.7080731654553493,0.34520784958910566,False
dmv.628,1000,2.1931184060783657,1.5480710646108948,0.7058766459304333,0.3483147792327851,False
dmv.629,1000,2.1554852855752,1.5358966735457693,0.7125526134760456,0.33890152609047486,False
dmv.63,1000,1.8225630009746008,1.2653083768874405,0.6942467153183879,0.3649278840726965,False
dmv.630,1000,2.4216548913164,1.7147551970217985,0.7080923062863288,0.34518081767600994,False
dmv.631,1000,1.5801139019932848,1.127072529043015,0.7132856230308673,0.3378733454727452,False
dmv.632,1000,2.2951867545237317,1.61762169733957,0.7047887036430892,0.3498572322367838,False
dmv.633,1000,2.4006809713613384,1.699845712033671,0.7080681407949639,0.3452149458588962,False
dmv.634,1000,2.022211668302918,1.4457237550581898,0.7149220715710098,0.3355817330378358,False
dmv.635,1000,2.3988305663535816,1.6993939631579988,0.7084260084868005,0.3447096593391714,False
dmv.636,1000,2.402013363901123,1.699540501186602,0.7075483120653288,0.34594936619139516,False
dmv.637,1000,2.4130222306904026,1.7095757830479585,0.7084790853994009,0.34463473983629955,False
dmv.638,1000,2.398934476259836,1.699903109907027,0.7086075617027003,0.34445341528015583,False
dmv.639,1000,2.3895469160845817,1.6902095406719575,0.7073347375164615,0.3462512632995025,False
dmv.64,1000,2.64168538658109,1.8729006748303023,0.7089794584714871,0.3439287254064112,False
dmv.640,1000,2.399964906050573,1.699929969761082,0.7083145113811344,0.34486705881258606,False
dmv.641,1000,2.356352768194355,1.7123273321507884,0.726685475648421,0.3192615282822495,False
dmv.642,1000,1.0045699990092143,1.4120116380851404,1.405588101852312,0.3404557930372742,False
dmv.643,1000,2.4002910720938107,1.7001955211794084,0.7083288943354282,0.34484675313193813,False
dmv.644,1000,2.586560993337192,1.832584728460596,0.7085024220117799,0.34460180135085117,False
dmv.645,1000,2.3990914971473996,1.7012577340969717,0.7091258237211145,0.3437223017339447,False
dmv.646,1000,2.0527802224177933,1.4553926962914223,0.7089861254495332,0.34391932182409324,False
dmv.647,1000,2.3928454397971572,1.6942175557639023,0.7080346802121587,0.34526220313755585,False
dmv.648,1000,2.311111111111111,1.5617352614015574,0.6757508342602894,0.3919308592569166,False
dmv.649,1000,2.445854615144627,1.7316702021016717,0.7080020992986434,0.3453082201817348,False
dmv.65,1000,2.615607606786189,1.854922921555816,0.709174769465887,0.34365328146415564,False
dmv.650,1000,3.4877038717912354,2.4133741584721977,0.6919664762802018,0.36821776921973826,False
dmv.651,1000,2.576433507689716,1.822836911569454,0.7075039608547823,0.3460120510990975,False
dmv.652,1000,2.330274894673793,1.652668726556997,0.7092162089264359,0.34359484981704,False
dmv.653,1000,2.049284363065282,1.43613114950924,0.700796422103715,0.35553784481860046,False
dmv.654,1000,2.427355568621114,1.7194554162841285,0.7083656957850983,0.34479479916820444,False
dmv.655,1000,2.304575375176538,1.6315226497516606,0.7079493547164543,0.3453827207333802,False
dmv.656,1000,2.388615250976712,1.6885510965162553,0.70691631723686,0.3468429832637956,False
dmv.657,1000,2.4010978320292935,1.6997154899756566,0.7078909769116479,0.34546518455862285,False
dmv.658,1000,2.4349202121228752,1.7215544293410125,0.7070270396417148,0.34668636821335186,False
dmv.659,1000,2.3079084021452285,1.6292450688425635,0.7059400916120244,0.34822490116299515,False
dmv.66,1000,2.467608935625392,1.7497691212307178,0.7090949850152231,0.3437657910209533,False
dmv.660,1000,2.460886434728893,1.7416852619482526,0.7077471098905578,0.34566843851586904,False
dmv.661,1000,2.431025708289612,1.7137692282086467,0.704957262428293,0.3496180986764633,False
dmv.662,1000,1.955316542563767,1.3863065897888285,0.7089934338565634,0.34390901362609094,False
dmv.663,1000,2.40862314810133,1.7053737176822024,0.7080284514522394,0.34527100042883485,False
dmv.664,1000,2.409337255080384,1.70966375782207,0.7095991871694315,0.34305499346454915,False
dmv.665,1000,2.4158387856875003,1.7089923574810273,0.7074115903784042,0.34614261786886524,False
dmv.666,1000,2.554590913294065,1.8112519049811016,0.7090183776804987,0.34387383222106316,False
dmv.667,1000,2.4023307937308562,1.7011357868982881,0.7081188782733782,0.3451432922174593,False
dmv.668,1000,2.4002711761135163,1.7001042253671268,0.7082967300886022,0.34489216279596935,False
dmv.669,1000,1.6823648496894104,1.2017969349248456,0.7143497649435051,0.3363825697205024,False
dmv.67,1000,2.4038366857337237,1.6995690498383218,0.7070235095108227,0.3466913611478607,False
dmv.670,1000,2.416803747028743,1.7094986362569016,0.7073386237333447,0.34624576914517735,False
dmv.671,1000,2.3980796606277948,1.698805204735188,0.7084023240038894,0.3447430924409385,False
dmv.672,1000,2.3240674125477976,1.6476462196861625,0.7089494094665278,0.34397110976805745,False
dmv.673,1000,2.4029155750831688,1.702735987421147,0.7086124893764578,0.34444646128066403,False
dmv.674,1000,2.4005357675610965,1.7002816776879295,0.708292582291072,0.3448980188298869,False
dmv.675,1000,2.0856966013242317,1.4721572264167968,0.7058347918302729,0.3483740747786781,False
dmv.676,1000,2.5214539125778166,1.795766590389016,0.7121948893974066,0.3394036839611638,False
dmv.677,1000,2.2514627183096962,1.5875315200187776,0.7051111737753445,0.3493997953037886,False
dmv.678,1000,9.518842723872929,6.751450141370566,0.7092721602005423,0.34351596122640626,False
dmv.679,1000,2.400176052084526,1.6999209313495445,0.7082484344734554,0.3449603506891247,False
dmv.68,1000,2.4141157407251552,1.7050091874796665,0.7062665466766368,0.34776256787326765,False
dmv.680,1000,2.4073431617097127,1.7046647951524587,0.7081104274065328,0.3451552265374336,False
dmv.681,1000,2.257878403268996,1.6100699215796648,0.7130897391323543,0.33814800515201426,False
dmv.682,1000,2.4004657030599263,1.6995062240632823,0.7079902128561489,0.3453250090334721,False
dmv.683,1000,2.4011886937086637,1.700462200700292,0.7081751655568178,0.34506380691041516,False
dmv.684,1000,2.4197308623340144,1.7109677666135856,0.7070901120644579,0.34659716425636866,False
dmv.685,1000,2.415348326149437,1.7002111293607105,0.7039196421292979,0.35109107404179885,False
dmv.686,1000,2.4174246454522104,1.7125027583289754,0.708399644038803,0.3447468755597466,False
dmv.687,1000,2.092814153499282,1.4454072246187077,0.6906524510080936,0.37011854699993496,False
dmv.688,1000,2.3995405711542745,1.69983963974598,0.7084021250485836,0.34474337329170224,False
dmv.689,1000,2.4037517216178994,1.700031856361109,0.7072410353665245,0.3463837442197476,False
dmv.69,1000,2.3999136347292698,1.6984952807627856,0.7077318350893032,0.34569002103577784,False
dmv.690,1000,2.3946424524225844,1.698314655484994,0.7092142936691289,0.3435975503473846,False
dmv.691,1000,2.3821177318589846,1.6885622950866113,0.7088492195425083,0.3441124414383475,False
dmv.692,1000,2.4157451768122975,1.7115395367744062,0.7084934094881946,0.3446145219579062,False
dmv.693,1000,2.400592976269425,1.6996986598731618,0.7080328388340665,0.3452648038300614,False
dmv.694,1000,2.3467485730713324,1.6637723059225802,0.708969135004139,0.3439432865370413,False
dmv.695,1000,2.4370701073385064,1.7271060217247867,0.7086813040478911,0.34434935414337664,False
dmv.696,1000,2.4137180712078115,1.7097279242027872,0.7083378728433054,0.34483407759230467,False
dmv.697,1000,2.49913142965105,1.7510470790264279,0.700662261396522,0.3557293034883169,False
dmv.698,1000,2.4678764771090735,1.7467541504242206,0.7077964260473879,0.34559876046556814,False
dmv.699,1000,2.3997869418003606,1.699866153331359,0.708340446279823,0.3448304445353392,False
dmv.7,1000,2.4570804424274106,1.7395970317675313,0.7079935201669426,0.3453203376368781,False
dmv.70,1000,114.94310344827586,80.32168674698795,0.6987951807228916,0.35839759725017917,False
dmv.700,1000,2.3980047038750687,1.7012148352375769,0.7094293153339064,0.3432944133719533,False
dmv.701,1000,1.7517075406830163,1.2344811124352109,0.7047301468793522,0.3499403198290484,False
dmv.702,1000,2.3985691821386608,1.6992598945675454,0.7084473140159405,0.34467958533212606,False
dmv.703,1000,2.400085071854509,1.691186986784471,0.7046362675293493,0.3500735418913624,False
dmv.704,1000,1.8630582860872047,1.3139543246065466,0.7052674274437831,0.34917821838969915,False
dmv.705,1000,2.3945816825914705,1.7115194823041464,0.714746752949309,0.3358269907081056,False
dmv.706,1000,3.6091584232839233,2.5366539168656623,0.7028380634390651,0.3526287644330679,False
dmv.707,1000,2.4298681810796277,1.7160714170656117,0.7062405403008878,0.34779939087542,False
dmv.708,1000,2.398934476259836,1.699903109907027,0.7086075617027003,0.34445341528015583,False
dmv.709,1000,2.5110450010378695,1.7806341282118248,0.7091207554925738,0.3437294489093584,False
dmv.71,1000,2.4872835896089627,1.756608457689849,0.7062356962544885,0.3478062498175728,False
dmv.710,1000,2.421729370506829,1.7147334468037787,0.7080615479527809,0.3452242569301004,False
dmv.711,1000,2.415858501506026,1.7091796546847215,0.707483345410848,0.34604118979715437,False
dmv.712,1000,2.4005708268603376,1.6990060841941808,0.7077508670786771,0.34566312987088266,False
dmv.713,1000,2.3999079190736294,1.6999287382011998,0.7083308174829377,0.34484403808683106,False
dmv.714,1000,2.399987464491579,1.6998998195789292,0.7082952910085476,0.3448941945454541,False
dmv.715,1000,2.3424178282399684,1.6350524495363288,0.6980191278534046,0.35950877279380267,False
dmv.716,1000,2.4224856353252933,1.715492002591871,0.7081536326061696,0.34509421362201753,False
dmv.717,1000,2.4000982146635668,1.700178741354552,0.7083788200696087,0.34477627178466574,False
dmv.718,1000,1.3169963796891277,1.0695765222311633,0.812133228857951,0.2080908773310658,False
dmv.719,1000,2.3081368165471456,1.632608186802664,0.7073273018732755,0.3462617755532833,False
dmv.72,1000,2.248837045665992,1.6170428065875315,0.7190573499773725,0.3298141609130016,False
dmv.720,1000,2.4001347404835616,1.7002150463166437,0.7083831660109619,0.344770136750841,False
dmv.721,1000,2.2402207729657255,1.5838124045180964,0.7069894287344545,0.3467395654824223,False
dmv.722,1000,7.37832529905374,5.10765047583735,0.6922506488691139,0.36780717959800713,False
dmv.723,1000,2.3961864119697664,1.69623178544959,0.7078880745572779,0.34546928456895576,False
dmv.724,1000,2.6063656156029045,1.8472943036467708,0.7087625360724592,0.34423473651640935,False
dmv.725,1000,2.4495894689326194,1.7332495734346667,0.7075673680904214,0.3459224340820828,False
dmv.726,1000,2.2869421408369686,1.642545558459086,0.7182278594324,0.33096840730979893,False
dmv.727,1000,2.2173454319010766,1.5719338209603957,0.7089259969803952,0.3440041345120206,False
dmv.728,1000,2.3997098487935595,1.700061884075598,0.7084447667414019,0.3446831809123021,False
dmv.729,1000,1.1411146224046782,1.2335455651318685,1.0810005769029671,0.07788707233219899,False
dmv.73,1000,5.533153638814016,3.879062736205593,0.701058201058201,0.35516436963336573,False
dmv.730,1000,2.4783371934897835,1.7534355495259895,0.7075048359569469,0.3460108142132682,False
dmv.731,1000,3.006628311060117,2.1173160651277967,0.7042161005865222,0.35067000886660116,False
dmv.732,1000,2.4216223654700872,1.7139634374867183,0.7077748628052509,0.3456292262461451,False
dmv.733,1000,2.481994747596136,1.757517731947706,0.7081069505283598,0.3451601366285356,False
dmv.734,1000,2.398996628790627,1.7003592400621463,0.7087793370177952,0.34421103217912563,False
dmv.735,1000,2.443888705439374,1.7316397954473377,0.7085591874921389,0.34452168418444373,False
dmv.736,1000,5.568993151682937,7.904852105493225,1.419440083725798,0.3502624866182764,True
dmv.737,1000,2.4200980808180437,1.7129640408098257,0.7078076935752984,0.34558284142753404,False
dmv.738,1000,2.3717529035881886,1.6909716465823679,0.7129628234139074,0.33832600100169785,False
dmv.739,1000,2.559915618549022,1.8016809145613109,0.7038048057156338,0.35125422587750743,False
dmv.74,1000,2.426877638112517,1.7181650794248424,0.707973509847464,0.345348601458077,False
dmv.740,1000,2.40074270105234,1.6998502697604316,0.7080518328829326,0.3452379776815315,False
dmv.741,1000,1.5657921526853609,1.1061772661180627,0.7064649444186761,0.34748169674581836,False
dmv.742,1000,2.142150999155643,1.5550433527856877,0.7259261151051576,0.32030703916384784,False
dmv.743,1000,2.4270571356423725,1.7297907163678976,0.7127111640534459,0.33867904014709505,False
dmv.744,1000,2.4644431244314022,1.7455137896177553,0.7082791939134246,0.34491692133503704,False
dmv.745,1000,5.0341612721643685,3.5244956772334293,0.7001157663981871,0.3565095770437525,False
dmv.746,1000,2.6033770030329486,1.8445921436444157,0.7085382337999666,0.3445512568755783,False
dmv.747,1000,2.4206444427028786,1.7156622705611295,0.708762608954428,0.3442346336865315,False
dmv.748,1000,2.4403766926204984,1.7251919640050652,0.7069367484216293,0.3468140818379444,False
dmv.749,1000,2.395901237078106,1.6989015134617211,0.7090866214225079,0.3437775858329538,False
dmv.75,1000,2.419917366649923,1.7220951495428483,0.7116338653856088,0.34019173384279067,False
dmv.750,1000,2.3980796606277948,1.698805204735188,0.7084023240038894,0.3447430924409385,False
dmv.751,1000,2.373988925071657,1.7001722252523597,0.7161668731041116,0.33384207618188266,False
dmv.752,1000,2.39886894269722,1.6999495420710105,0.7086462756734161,0.3443987829063293,False
dmv.753,1000,2.3213432627886066,1.6464103236655265,0.7092489723763259,0.3435486541820288,False
dmv.754,1000,2.350423043344289,1.6788362669295536,0.7142698297157727,0.3364944752664081,False
dmv.755,1000,2.452247226446018,1.7373968796545738,0.708491729919312,0.34461689258104955,False
dmv.756,1000,2.4734065596689208,1.7517997422789486,0.7082538596135352,0.34495269077907387,False
dmv.757,1000,2.2209711086755832,1.5814431431809597,0.7120502995304657,0.33960672465747305,False
dmv.758,1000,2.762450652900091,1.904280929453632,0.6893447770567301,0.3720137310135976,False
dmv.759,1000,1.6631729648556572,1.1719416904556026,0.7046420999016856,0.3500652647866098,False
dmv.76,1000,1.252518484288355,1.1135789260085964,0.8890718500184849,0.1175772255659376,False
dmv.760,1000,2.4397756457649336,1.727668490952645,0.708125968037924,0.34513328015695377,False
dmv.761,1000,3.1068576932591543,2.2060334936634116,0.7100529575106607,0.3424157236851415,False
dmv.762,1000,3.10054796129404,2.1957035346650327,0.7081662861130641,0.3450763454741117,False
dmv.763,1000,2.3638862467555497,1.6934843996327287,0.7163984315899498,0.3335187980917377,False
dmv.764,1000,2.3211703968709743,1.6461388699702117,0.709184845795582,0.3436390730369179,False
dmv.765,1000,2.399035349397263,1.7011679211920825,0.7091049832256479,0.34375169116106197,False
dmv.766,1000,2.426671762661263,1.7012072434607646,0.7010454687926555,0.35518253129404675,False
dmv.767,1000,2.3995209798585027,1.699945002277994,0.7084518187368539,0.3446732267695307,False
dmv.768,1000,2.3979891403897198,1.700186982355453,0.7090052885223407,0.3438922933489984,False
dmv.769,1000,2.326396164396708,1.6648557152995582,0.7156372335798173,0.334581897426953,False
dmv.77,1000,1.7203563798679986,1.2334663979702294,0.7169830695572926,0.33270305155211066,False
dmv.770,1000,2.4190553231290366,1.7060252906391118,0.705244429231315,0.3492108281297185,False
dmv.771,1000,1.524840390401409,1.1123066217011937,0.7294577378084685,0.3154538457907409,False
dmv.772,1000,2.279828246551016,1.6321227301189731,0.7158972315515835,0.3342186536756388,False
dmv.773,1000,2.4453325906753274,1.7298492024156442,0.7074085582517476,0.346146904105048,False
dmv.774,1000,2.436879128508275,1.6926693662196566,0.6946053853954656,0.36441138546947327,False
dmv.775,1000,2.3994308587289033,1.6999353979908514,0.7084744250106839,0.34464131787669783,False
dmv.776,1000,1.8082777379430746,1.27954744742923,0.707605596518996,0.34586840757148657,False
dmv.777,1000,2.3974884579965368,1.7000887048653583,0.709112362645549,0.3437412845475444,False
dmv.778,1000,2.3997828242431116,1.7025425454313372,0.7094569259484207,0.3432554946570987,False
dmv.779,1000,2.545807598056778,1.781531734809511,0.6997904068513894,0.35697440755721566,False
dmv.78,1000,2.401156537814244,1.7009553537954978,0.7083900308073482,0.34476044600231215,False
dmv.780,1000,3.0921348314606742,2.180665610142631,0.705229793977813,0.3492315803749729,False
dmv.781,1000,2.4583202264863164,1.803392177223953,0.7335871697242414,0.30980884766359695,False
dmv.782,1000,2.3623193431533123,1.6383298337788714,0.6935259784106782,0.365966580072072,False
dmv.783,1000,2.7550936575747618,1.9790498672174683,0.7183239893773975,0.33083457302429,False
dmv.784,1000,3.4979887960326934,2.4740735929329998,0.7072845961482251,0.34632215356243623,False
dmv.785,1000,11.923382992504857,8.259470546759824,0.6927120056406642,0.3671409424440837,False
dmv.786,1000,2.7125742760044202,1.9153216071228778,0.7060900134849457,0.34801255176202495,False
dmv.787,1000,2.3309716401593046,1.6531742753430885,0.7092211019908017,0.34358795058458447,False
dmv.788,1000,2.400850790317152,1.6992210443911562,0.7077578711864428,0.34565323362993916,False
dmv.789,1000,2.428077386703354,1.7166162872582387,0.7069858220577231,0.3467446669532286,False
dmv.79,1000,1.2225794635952953,1.710960074885027,1.399467376830892,0.3360917191128164,False
dmv.790,1000,2.4332249465147764,1.7202101895174335,0.7069671844279635,0.3467710293990457,False
dmv.791,1000,2.4005689618924673,1.6988912367732656,0.7077035751699297,0.3457299520975168,False
dmv.792,1000,2.397077032775951,1.6985332815386363,0.7085851886752419,0.3444849890056838,False
dmv.793,1000,2.0437514124293785,1.4570752801819975,0.7129415404048541,0.33835585294632314,False
dmv.794,1000,2.3398756367894373,1.6482468636007026,0.7044164389276157,0.350385565142884,False
dmv.795,1000,2.400629078052499,1.7112220753158842,0.7128223560068291,0.33852303967142205,False
dmv.796,1000,2.3349856512966856,1.656422089518957,0.7093928344266688,0.34334583758640025,False
dmv.797,1000,2.322595093535054,1.637135545905707,0.7048734195911615,0.34973703896950664,False
dmv.798,1000,2.6727385122604574,1.8773297824993578,0.702399345797436,0.3532531680434463,False
dmv.799,1000,1.1309622049843209,1.2453119299525721,1.1011083522192826,0.09631726544991914,False
dmv.8,1000,3.3303945719348285,2.3801280219907497,0.7146684786385502,0.335936510054349,False
dmv.80,1000,2.4197451266996106,1.7153596165947391,0.7089009489748982,0.34403946746371994,False
dmv.800,1000,2.4783247336624186,1.7537266522914987,0.7076258524442343,0.34583978197069976,False
dmv.801,1000,2.4667150203947275,1.74798781964316,0.7086298194930699,0.3444220051710708,False
dmv.802,1000,2.618901995048784,1.8105305547166013,0.6913319238900635,0.3691352175946795,False
dmv.803,1000,2.558179514176831,1.8217084353497754,0.712111259297596,0.3395211167195399,False
dmv.804,1000,2.4185280096158768,1.7143196529515714,0.7088277026917081,0.34414279652202606,False
dmv.805,1000,2.99656704361874,2.0691338055664006,0.6905014222767583,0.3703372463568403,False
dmv.806,1000,1.6901935322464394,1.1950580054709825,0.7070539454038903,0.3466483141521441,False
dmv.807,1000,1.4949700095449372,1.0608130144099144,0.7095881573790377,0.3430705372762051,False
dmv.808,1000,2.420002780762066,1.715402831578908,0.7088433307662244,0.34412074898892686,False
dmv.809,1000,2.4210874466384054,1.7136139817584939,0.7077869013520295,0.3456122173849514,False
dmv.81,1000,2.44116755378322,1.7308131524440618,0.7090103871656493,0.34388510211212264,False
dmv.810,1000,2.389276615961795,1.692540024255366,0.7083901516250516,0.3447602754498088,False
dmv.811,1000,3.2087066466112963,2.295228442226727,0.7153126461874318,0.3350355644666475,False
dmv.812,1000,2.3584221239190115,1.6721931598539346,0.709030475458412,0.3438567696524688,False
dmv.813,1000,2.240665289948094,1.6110921604430444,0.7190240182996569,0.32986051667347077,False
dmv.814,1000,2.0483323318603532,1.4457244318181819,0.7058056006493507,0.34841543259343294,False
dmv.815,1000,2.5073631141883244,1.7488218801562625,0.6974745182539648,0.3602892989231876,False
dmv.816,1000,2.2042903163968077,1.582546726462216,0.717939336161985,0.3313702035284867,False
dmv.817,1000,2.4290363357755473,1.7149467855876679,0.7060194037978919,0.3481125577335855,False
dmv.818,1000,2.4047091316031826,1.6984604505983618,0.7063059844855433,0.34770672959516624,False
dmv.819,1000,2.4197834605833686,1.7138143792714877,0.7082511337019868,0.3449565395640216,False
dmv.82,1000,2.0987132523518937,1.4899076323677263,0.7099148159940774,0.3426102936177791,False
dmv.820,1000,2.319530946799758,1.6449418639534494,0.7091700441517994,0.34365994460282573,False
dmv.821,1000,2.3982220107353096,1.7006305964960624,0.709121419486363,0.34372851254771164,False
dmv.822,1000,2.3915526300756933,1.703137462553985,0.7121471805118,0.33947067473063164,False
dmv.823,1000,2.4007186624252936,1.7002645532400815,0.7082314891168514,0.3449842766994021,False
dmv.824,1000,2.3937218645326412,1.6984778271380876,0.7095552128691879,0.3431169660029235,False
dmv.825,1000,2.3764468056257475,1.6855190226283225,0.709260152021162,0.3435328916541125,False
dmv.826,1000,1.896729901508903,1.349540872687103,0.7115092515879591,0.3403668586021797,False
dmv.827,1000,2.414605244609601,1.6990348609046697,0.7036491222313127,0.35147545299104166,False
dmv.828,1000,6.814609521924181,4.818184363015424,0.7070374828541836,0.3466715977240242,False
dmv.829,1000,2.4086818657929014,1.6965268183911388,0.7043382700241603,0.3504965410324963,False
dmv.83,1000,2.52931621591863,1.7862899025915193,0.7062343139814771,0.3478082070598525,False
dmv.830,1000,2.447648284528146,1.7015179527099349,0.6951644006475183,0.3636069136960687,False
dmv.831,1000,2.4002741459209975,1.7001587188716332,0.7083185567618875,0.3448613475513652,False
dmv.832,1000,2.399240862569851,1.6996107322895324,0.7083952090033439,0.34475313621978454,False
dmv.833,1000,2.3995405711542745,1.69983963974598,0.7084021250485836,0.34474337329170224,False
dmv.834,1000,2.393471494102228,1.624117614362737,0.6785615029737091,0.3877801583123811,False
dmv.835,1000,2.265579214259968,1.6041862580957973,0.7080689335419202,0.34521382626818614,False
dmv.836,1000,10.556302521008403,7.161915621436716,0.6784492588369441,0.38794558682655333,False
dmv.837,1000,11.522408963585434,8.218781218781219,0.7132867132867133,0.3378718169756363,False
dmv.838,1000,2.6049674171176553,1.8478730999344943,0.7093651489810683,0.34338486530772794,False
dmv.839,1000,2.4476775278071616,1.7325316589749222,0.7078267620192076,0.34555590164257044,False
dmv.84,1000,2.4909203199155363,1.7630530606204036,0.7077918336144073,0.3456052488394993,False
dmv.840,1000,2.4232434719679206,1.7268123599780192,0.7126037395555931,0.33882977806162085,False
dmv.841,1000,2.0890945004678243,1.4761953523782387,0.7066197110985956,0.34726264875045015,False
dmv.842,1000,2.3851465230170708,1.6582795830540706,0.6952527096559435,0.3634798884920639,False
dmv.843,1000,2.486911645749367,1.7572170744338993,0.7065860491816576,0.34731028783867135,False
dmv.844,1000,1.7598579793628966,1.24090981167057,0.7051192915690866,0.3493882825844966,False
dmv.845,1000,2.402337343234209,1.7030412203267424,0.7089101058696357,0.3440265505172674,False
dmv.846,1000,2.3415024669384303,1.6598020722408167,0.7088619788690835,0.3440944415430375,False
dmv.847,1000,2.0693322555501026,1.4608157625508986,0.7059358199404094,0.3482309522211369,False
dmv.848,1000,2.1735936773593676,1.580505943996845,0.7271395571581498,0.3186368567925613,False
dmv.849,1000,2.4012798189992717,1.699447366710018,0.7077256691468216,0.3456987333319268,False
dmv.85,1000,1.7967881408276714,1.2812155912794538,0.7130587976216692,0.3381913968603707,False
dmv.850,1000,2.396658429444682,1.7020634792502143,0.7101819175979078,0.3422341197971345,False
dmv.851,1000,1.452551863323391,1.025307496303753,0.7058663598818999,0.34832935135886084,False
dmv.852,1000,2.3174998887058718,1.6365321741967496,0.7061627843747663,0.34790949529791965,False
dmv.853,1000,2.4008219532104396,1.7002400714947017,0.7081908215730441,0.3450416996071205,False
dmv.854,1000,2.3994857551758013,1.649429527823285,0.6874095936037083,0.3748249583011096,False
dmv.855,1000,1.9193684227740664,1.3648695793745858,0.7111034875742811,0.3409373076267265,False
dmv.856,1000,2.3865162965464832,1.6907857347961857,0.7084744140414687,0.3446413333595648,False
dmv.857,1000,2.447013100967574,1.7365173696018557,0.7096477615568216,0.3429865425336486,False
dmv.858,1000,2.399632862947386,1.7004440580817444,0.7086267588422455,0.34442632429136455,False
dmv.859,1000,4.185281894744585,2.981763873604779,0.7124403919719121,0.33905903072935595,False
dmv.86,1000,2.023665396479768,1.4440341313721174,0.713573565019228,0.3374697429383384,False
dmv.860,1000,27.576668505239933,19.042658541230242,0.6905351361645401,0.3702884223230627,False
dmv.861,1000,2.402393287365672,1.6993289448503122,0.7073483570684214,0.3462320087371027,False
dmv.862,1000,2.312319736299959,1.6398186003199575,0.7091660269024478,0.3436656093383333,False
dmv.863,1000,2.400644410238893,1.6997809727149962,0.7080519569934339,0.34523780239706126,False
dmv.864,1000,2.7747660407533017,1.961691126618507,0.7069753261381062,0.3467595130748925,False
dmv.865,1000,2.3814650173946657,1.7067780351905142,0.7166924656561774,0.33310844858645705,False
dmv.866,1000,2.3377394871614676,1.672953098503672,0.7156285410291832,0.33459404408872384,False
dmv.867,1000,2.3891716709560575,1.6577687240403185,0.6938675626339321,0.3654741686256431,False
dmv.868,1000,1.424117550461278,1.008869170782247,0.708417061818717,0.344722288356839,False
dmv.869,1000,2.401399265147653,1.7005371396835423,0.7081442742004765,0.34510742892883717,False
dmv.87,1000,2.412998309687957,1.6694295234991747,0.6918486087605512,0.368388120766285,False
dmv.870,1000,2.4084819918304294,1.6986272407650838,0.7052688151818561,0.3491762507152347,False
dmv.871,1000,1.9559654809558307,1.3855666743455615,0.7083799217501887,0.34477471657198566,False
dmv.872,1000,2.4000152579910092,1.7001752378596242,0.7084018454460981,0.34474376798636885,False
dmv.873,1000,2.4221143407593155,1.7151032470095613,0.7081016854356631,0.34516757210458504,False
dmv.874,1000,2.3571558630735616,1.6387227443906454,0.6952118737934745,0.3635386254968993,False
dmv.875,1000,2.3997757783019513,1.7004456711177227,0.7085852297088084,0.34448493109653466,False
dmv.876,1000,2.418875902940587,1.7156645661897945,0.7092817635266405,0.34350242162676503,False
dmv.877,1000,2.4229096277344166,1.7148900371569804,0.707781263290665,0.3456201831777762,False
dmv.878,1000,2.4039051019326036,1.7049451029800402,0.709239770575536,0.343561628272709,False
dmv.879,1000,2.2531480879141306,1.5858843537414966,0.7038526949241234,0.3511861848824694,False
dmv.88,1000,2.391974574759887,1.707044613664393,0.7136549993788086,0.3373556275657902,False
dmv.880,1000,1.7758487721033502,1.246563703189408,0.7019537489743304,0.353887761778766,False
dmv.881,1000,2.2952499166623928,1.626615428036965,0.7086877190272536,0.3443403021897103,False
dmv.882,1000,2.0616289344134486,1.4492621996732487,0.7029694701513182,0.3524418160642537,False
dmv.883,1000,2.08161894631128,1.473159619033979,0.7076989867163164,0.3457364356997608,False
dmv.884,1000,2.5425321555065614,1.8072851763573332,0.7108209713073457,0.34133467932799844,False
dmv.885,1000,2.408222284270045,1.7041014740891354,0.7076180156707024,0.3458508567737193,False
dmv.886,1000,2.729710691630227,1.9253775918288667,0.7053412648206321,0.3490735297154819,False
dmv.887,1000,2.3998820322833843,1.6999165732480197,0.7083333890502203,0.34484040763259816,False
dmv.888,1000,2.3933022968423745,1.713709785075424,0.7160440147224288,0.33401364083486573,False
dmv.889,1000,2.373636025460858,1.705727464981169,0.7186137414012285,0.33043128202350147,False
dmv.89,1000,3.1789105496655368,2.266743697775022,0.7130567728662618,0.3381942363993945,False
dmv.890,1000,2.399947270035766,1.6999541694615539,0.7083297998610694,0.34484547473560323,False
dmv.891,1000,2.4938552266618244,1.7676588535185958,0.7088057216074702,0.344173807478544,False
dmv.892,1000,2.5034964881450885,1.7745132363307052,0.7088139507020009,0.3441621977433075,False
dmv.893,1000,2.1924240431408655,1.664902117459049,0.7593887335197762,0.2752414673232283,False
dmv.894,1000,2.3663731685174385,1.6769422005214991,0.7086550096289859,0.3443864581371917,False
dmv.895,1000,2.4002679880974656,1.7002294729346514,0.7083498515023364,0.3448171667956269,False
dmv.896,1000,2.422717805635242,1.7169843900129502,0.708701767089524,0.3443204797451266,False
dmv.897,1000,2.3524843118090004,1.6678465380825662,0.7089724380776146,0.3439386275672528,False
dmv.898,1000,2.399248033169538,1.6995153287267175,0.708353327888974,0.34481225908215773,False
dmv.899,1000,2.420517252996708,1.721773133923805,0.7113244624851045,0.3406266065995259,False
dmv.9,1000,2.408860478979167,1.7036922288115104,0.7072606502861906,0.346356010184693,False
dmv.90,1000,1.9901087188232787,1.3497773408131397,0.6782430165982303,0.3882496237021763,False
dmv.900,1000,2.4041140466292075,1.693939722079805,0.7046004013224193,0.35012444350034055,False
dmv.901,1000,1.237677008225646,1.14076057596756,0.9216948916284492,0.08154103033437596,False
dmv.902,1000,2.507197197447251,1.7777539855991262,0.7090602954602769,0.3438147131036484,False
dmv.903,1000,2.4022318435436767,1.6930195887196453,0.7047694389989312,0.3498845665390399,False
dmv.904,1000,2.403143411331391,1.7039358973764633,0.7090446160399756,0.3438368263058168,False
dmv.905,1000,2.4056562483137376,1.7134615179305412,0.7122636574247068,0.3393071307444949,False
dmv.906,1000,2.399641318997895,1.6998491785107364,0.7083763581886495,0.3447797471641766,False
dmv.907,1000,2.4077518646610505,1.7097219738226315,0.7100906031541238,0.34236270701201843,False
dmv.908,1000,2.574479195565995,1.8186363768997702,0.7064094283737049,0.3475602827065646,False
dmv.909,1000,2.3970864790499706,1.696381667648733,0.7076848008925629,0.34575648089722333,False
dmv.91,1000,3.87600291757841,2.708460754332314,0.6987767584097859,0.3584239605629941,False
dmv.910,1000,1.0256378140609856,1.4529754715574443,1.4166555207285374,0.34829882651623256,False
dmv.911,1000,2.405567813461905,1.7090781009297176,0.7104676456699619,0.3418318698921693,False
dmv.912,1000,2.411533718295186,1.6817572140909967,0.6973807586982036,0.36042373517252724,False
dmv.913,1000,2.4608268733850127,1.7239419282430035,0.700553926360378,0.3558839334980276,False
dmv.914,1000,1.382262284041754,1.0225229551203974,0.7397459707361226,0.3014484345079697,False
dmv.915,1000,2.254727711119031,1.5917319343300922,0.7059530631927652,0.34820652642876393,False
dmv.916,1000,2.380495200855841,1.6986158042801702,0.7135556516431875,0.3374948470085688,False
dmv.917,1000,3.044102937164681,2.187640229158952,0.7186485721131854,0.3303828138884418,False
dmv.918,1000,1.69227492897502,1.1972086075413757,0.70745514634936,0.34608104886050706,False
dmv.919,1000,1.622775532742652,1.1415429978900533,0.7034509547729821,0.35175712088784483,False
dmv.92,1000,2.424627298886345,1.7180996149076186,0.7086035926827841,0.3444590164496133,False
dmv.920,1000,2.422706666477184,1.69193742717801,0.6983666040091544,0.35901109345636284,False
dmv.921,1000,2.2689074581634245,1.6093559147154104,0.7093087507491863,0.3434643736879448,False
dmv.922,1000,150.11764705882354,108.59574468085107,0.723404255319149,0.32378707709389687,False
dmv.923,1000,2.4201846817022834,1.7134436045932746,0.7079805179942265,0.3453387026243231,False
dmv.924,1000,1.7930185299072168,1.2702742466300094,0.7084557272789268,0.34466770976585065,False
dmv.925,1000,2.470865064501131,1.7502077079472669,0.7083380363794308,0.34483384671928097,False
dmv.926,1000,5.2750445750511785,3.685861941675895,0.6987356958287191,0.35848272580827567,False
dmv.927,1000,2.40439262687631,1.6998959041198045,0.7069959727535186,0.3467303093485794,False
dmv.928,1000,1.3631510483275722,1.0279634052522524,0.7541082160435881,0.28221939866833634,False
dmv.929,1000,2.4226202516835946,1.7075275794688296,0.7048267586643788,0.3498032387579715,False
dmv.93,1000,2.10264560046065,1.4920835705353563,0.7096219972630998,0.3430228489420173,False
dmv.930,1000,2.4725010454258816,1.7515764996128953,0.7084229561210119,0.3447139680070179,False
dmv.931,1000,2.1499055738518873,1.521765264553991,0.7078288847019052,0.3455529027738801,False
dmv.932,1000,2.4055458383108896,1.700572761922001,0.7069384149071539,0.346811724507442,False
dmv.933,1000,2.647917793401839,1.8073089700996678,0.6825396825396826,0.3819346106979702,False
dmv.934,1000,2.433762427779099,1.7030919025882036,0.6997773830136493,0.3569930187853888,False
dmv.935,1000,2.442310053408091,1.6965033225542803,0.6946306101417861,0.3643750709103857,False
dmv.936,1000,2.477307818001175,1.7528399350360144,0.7075583915325871,0.3459351206688026,False
dmv.937,1000,2.6126865594881763,1.8374997287241353,0.7032989556482047,0.35197322060001546,False
dmv.938,1000,2.325308537590761,1.6487179843228195,0.709031923149023,0.3438547278655736,False
dmv.939,1000,2.422525967757123,1.715197934096842,0.7080204534132795,0.3452822967038893,False
dmv.94,1000,2.323828479121922,1.647571230104221,0.7089900330022505,0.34391381037357427,False
dmv.940,1000,2.4983407193386524,1.762056965496361,0.7052908964165637,0.3491449422431042,False
dmv.941,1000,1.4216350959616153,1.005045709071411,0.7069646155517729,0.34677466306255145,False
dmv.942,1000,2.5007878983033267,1.7738086278432335,0.7092999086594604,0.34347683954971353,False
dmv.944,1000,2.415131291052832,1.7124311271425696,0.7090426650867774,0.3438395778334896,False
dmv.945,1000,1.7060949894567727,2.4365230779529403,1.4281286171110195,0.35636492786642904,False
dmv.946,1000,1.8990304975765504,1.3373115409755099,0.7042075115076463,0.3506822055932142,False
dmv.947,1000,2.3962258201932887,1.6992325029854434,0.7091287009203402,0.34371824435330434,False
dmv.948,1000,2.1931736711310506,1.5623069162368954,0.7123498411465025,0.33918613831814587,False
dmv.949,1000,2.401366043340195,1.7002400100300017,0.7080303374595247,0.34526833668732904,False
dmv.95,1000,2.2743910965347163,1.594647438861216,0.7011315869512661,0.35505969636622337,False
dmv.950,1000,2.397540981754709,1.7000686622177736,0.7090884682077592,0.34377498137985796,False
dmv.951,1000,2.4014551025196322,1.6944277277575555,0.7055837629359566,0.3487297862664087,False
dmv.952,1000,2.3978957765001967,1.667791380054552,0.6955228815193734,0.3630913687789734,False
dmv.953,1000,2.420242674212701,1.7143484717663136,0.7083374283217228,0.3448347051483611,False
dmv.954,1000,2.231273871251831,1.5720628052665109,0.7045584253557018,0.35018401942029387,False
dmv.955,1000,2.4094368745442294,1.706062469562704,0.7080751886830087,0.34520499222228596,False
dmv.956,1000,2.417813695715585,1.7247986486817304,0.7133711963573159,0.337753382037407,False
dmv.957,1000,2.4050170464756797,1.7016911942848663,0.7075588910184776,0.34593441474018927,False
dmv.958,1000,2.4044169472942283,1.703359916328932,0.7084295085533233,0.34470471872740016,False
dmv.959,1000,2.256445100780796,1.5964243438054007,0.7074953178577184,0.34602426735559183,False
dmv.96,1000,2.4209324479237546,1.7113219852605492,0.7068854757712124,0.3468866123860742,False
dmv.960,1000,2.4373579497412656,1.7243657711586828,0.7074733406891386,0.3460553311794423,False
dmv.961,1000,2.4653349490254906,1.7451667610900405,0.7078822136439831,0.3454775640382223,False
dmv.962,1000,2.4054148048003414,1.703932562738518,0.7083736906158898,0.3447835129276039,False
dmv.963,1000,2.422358719599057,1.7158833182280313,0.7083522784404287,0.344813740615852,False
dmv.964,1000,2.278157546337158,1.6174266326365003,0.7099713692922657,0.342530634700319,False
dmv.965,1000,2.4147028858718524,1.6827743657352325,0.696886716614682,0.36113241139562735,False
dmv.966,1000,2.435367645258441,1.7248212105657446,0.7082385338919565,0.34497432975383946,False
dmv.967,1000,2.3219313551681644,1.6201328361459961,0.6977522537606022,0.3598911765306465,False
dmv.968,1000,2.490481404009231,1.764150835999398,0.7083573614159213,0.34480656486811967,False
dmv.969,1000,2.423314135495555,1.7122641304044364,0.7065795165901128,0.3473195331694423,False
dmv.97,1000,2.3998802279768428,1.699683536141118,0.7082368179573664,0.3449767525769233,False
dmv.970,1000,2.4195689138778578,1.7098524262418175,0.7066764730008978,0.3471823231924088,False
dmv.971,1000,2.3946946617042997,1.6979703503582237,0.709055053035355,0.3438221066135312,False
dmv.972,1000,2.3103213484053757,1.6522275593410585,0.7151505397642864,0.33526221332476747,False
dmv.973,1000,2.400898103503155,1.699871132714524,0.7080146925995062,0.3452904332445529,False
dmv.974,1000,2.3996122321545643,1.699776114458966,0.7083544964816131,0.34481060935224306,False
dmv.975,1000,2.4205169322167404,1.7157121943547118,0.7088205711428098,0.3441528576197328,False
dmv.976,1000,1.5714285714285714,2.243559718969555,1.427719821162444,0.35607864099917874,True
dmv.977,1000,2.4037773282101838,1.7057018683973024,0.7095922939198958,0.3430647077978547,False
dmv.978,1000,2.4682703458957955,1.7505527948874797,0.7092224714356244,0.343586019672635,False
dmv.979,1000,2.4788717269712244,1.7542619821063465,0.7076856632068524,0.34575526239745746,False
dmv.98,1000,2.4002110983563565,1.6993990470960538,0.708020660457652,0.34528200427682554,False
dmv.980,1000,1.0555990888382687,1.3377455719366087,1.2672856447885477,0.23687732564375208,False
dmv.981,1000,2.3995405711542745,1.69983963974598,0.7084021250485836,0.34474337329170224,False
dmv.982,1000,2.41706847872643,1.7127893807215633,0.7086226128041038,0.3444321751151146,False
dmv.983,1000,2.400491972273742,1.6996069767305508,0.7080244368077123,0.345276670618925,False
dmv.984,1000,2.4229845993330077,1.715776458959216,0.7081252020469012,0.3451343618733034,False
dmv.985,1000,1.467056530214425,1.0047834174860484,0.6848975460674234,0.37848601969107176,False
dmv.986,1000,2.2918220968233225,1.6257449860928121,0.7093678817157079,0.3433810129485027,False
dmv.987,1000,2.430818111324312,1.7205139972464434,0.7077921582166861,0.3456047902269682,False
dmv.988,1000,2.4563195477396396,1.7403319311658378,0.7085120226997055,0.3445882507650241,False
dmv.989,1000,5.428106701366298,3.853579676674365,0.7099307159353349,0.3425878968979943,False
dmv.99,1000,2.476409028597375,1.7569706627516728,0.7094832244844511,0.34321842679905634,False
dmv.990,1000,2.383692600108263,1.688879494511601,0.7085139646088993,0.34458550994133963,False
dmv.991,1000,2.312147258734231,1.6299034824256728,0.7049306553761425,0.3496558421762375,False
dmv.992,1000,5.594590921446045,3.9083788274388795,0.6985995727510088,0.35867755818845204,False
dmv.993,1000,2.403598067401985,1.695555837285557,0.7054240308648023,0.34895619475619655,False
dmv.994,1000,2.302188004977804,1.6317684540344133,0.7087902684342869,0.3441956094211179,False
dmv.995,1000,2.420530578998521,1.7172637157125052,0.7094575588559646,0.34325460255605855,False
dmv.996,1000,2.387739797212982,1.6896744898800014,0.7076459888352254,0.3458113261074439,False
dmv.997,1000,2.2897613136505517,1.6413433563231972,0.716818537608365,0.33293255603700944,False
dmv.998,1000,2.404326083342632,1.7067672272344443,0.7098734398212736,0.342668578608722,False
dmv.999,1000,2.6293437788732317,1.8472583384835446,0.7025548934780834,0.3530317406446961,False
