query_id,column,operator,constant,mechanism,target,in_mcv,mcv_frequency,n_distinct,implied_ndistinct,selectivity,selectivity_path
dmv.1037,record_type,IN,TRL,native,100,True,0.038966667,4.0,4.0,0.038966667,MCV_EXACT
dmv.1037,record_type,IN,TRL,native,300,True,0.038733333,4.0,4.0,0.038733333,MCV_EXACT
dmv.1037,record_type,IN,TRL,native,1000,True,0.038576666,4.0,4.0,0.038576666,MCV_EXACT
dmv.1037,record_type,IN,TRL,reservoir,100,True,0.03973333,4.0,4.0,0.03973333,MCV_EXACT
dmv.1037,record_type,IN,TRL,reservoir,300,True,0.03926667,4.0,4.0,0.03926667,MCV_EXACT
dmv.1037,record_type,IN,TRL,reservoir,1000,True,0.039506666,4.0,4.0,0.039506666,MCV_EXACT
dmv.1037,record_type,IN,BOAT,native,100,True,0.032366667,4.0,4.0,0.032366667,MCV_EXACT
dmv.1037,record_type,IN,BOAT,native,300,True,0.033277776,4.0,4.0,0.033277776,MCV_EXACT
dmv.1037,record_type,IN,BOAT,native,1000,True,0.032226667,4.0,4.0,0.032226667,MCV_EXACT
dmv.1037,record_type,IN,BOAT,reservoir,100,True,0.033533335,4.0,4.0,0.033533335,MCV_EXACT
dmv.1037,record_type,IN,BOAT,reservoir,300,True,0.03141111,4.0,4.0,0.03141111,MCV_EXACT
dmv.1037,record_type,IN,BOAT,reservoir,1000,True,0.03262,4.0,4.0,0.03262,MCV_EXACT
dmv.1037,registration_class,IN,PAS,native,100,True,0.738,47.0,47.0,0.738,MCV_EXACT
dmv.1037,registration_class,IN,PAS,native,300,True,0.7391,53.0,53.0,0.7391,MCV_EXACT
dmv.1037,registration_class,IN,PAS,native,1000,True,0.73775333,61.0,61.0,0.73775333,MCV_EXACT
dmv.1037,registration_class,IN,PAS,reservoir,100,True,0.73483336,45.0,45.0,0.73483336,MCV_EXACT
dmv.1037,registration_class,IN,PAS,reservoir,300,True,0.7368889,51.0,51.0,0.7368889,MCV_EXACT
dmv.1037,registration_class,IN,PAS,reservoir,1000,True,0.7375467,62.0,62.0,0.7375467,MCV_EXACT
dmv.1037,registration_class,IN,COM,native,100,True,0.0611,47.0,47.0,0.0611,MCV_EXACT
dmv.1037,registration_class,IN,COM,native,300,True,0.061277777,53.0,53.0,0.061277777,MCV_EXACT
dmv.1037,registration_class,IN,COM,native,1000,True,0.06229,61.0,61.0,0.06229,MCV_EXACT
dmv.1037,registration_class,IN,COM,reservoir,100,True,0.062233333,45.0,45.0,0.062233333,MCV_EXACT
dmv.1037,registration_class,IN,COM,reservoir,300,True,0.06218889,51.0,51.0,0.06218889,MCV_EXACT
dmv.1037,registration_class,IN,COM,reservoir,1000,True,0.061466668,62.0,62.0,0.061466668,MCV_EXACT
dmv.1037,registration_class,IN,LTR,native,100,True,0.020233333,47.0,47.0,0.020233333,MCV_EXACT
dmv.1037,registration_class,IN,LTR,native,300,True,0.020477777,53.0,53.0,0.020477777,MCV_EXACT
dmv.1037,registration_class,IN,LTR,native,1000,True,0.020816667,61.0,61.0,0.020816667,MCV_EXACT
dmv.1037,registration_class,IN,LTR,reservoir,100,True,0.022,45.0,45.0,0.022,MCV_EXACT
dmv.1037,registration_class,IN,LTR,reservoir,300,True,0.020622222,51.0,51.0,0.020622222,MCV_EXACT
dmv.1037,registration_class,IN,LTR,reservoir,1000,True,0.020843333,62.0,62.0,0.020843333,MCV_EXACT
dmv.1037,registration_class,IN,BOT,native,100,True,0.032366667,47.0,47.0,0.032366667,MCV_EXACT
dmv.1037,registration_class,IN,BOT,native,300,True,0.033277776,53.0,53.0,0.033277776,MCV_EXACT
dmv.1037,registration_class,IN,BOT,native,1000,True,0.032226667,61.0,61.0,0.032226667,MCV_EXACT
dmv.1037,registration_class,IN,BOT,reservoir,100,True,0.033533335,45.0,45.0,0.033533335,MCV_EXACT
dmv.1037,registration_class,IN,BOT,reservoir,300,True,0.03141111,51.0,51.0,0.03141111,MCV_EXACT
dmv.1037,registration_class,IN,BOT,reservoir,1000,True,0.03262,62.0,62.0,0.03262,MCV_EXACT
dmv.1037,registration_class,IN,MOT,native,100,True,0.031133333,47.0,47.0,0.031133333,MCV_EXACT
dmv.1037,registration_class,IN,MOT,native,300,True,0.029577779,53.0,53.0,0.029577779,MCV_EXACT
dmv.1037,registration_class,IN,MOT,native,1000,True,0.030103333,61.0,61.0,0.030103333,MCV_EXACT
dmv.1037,registration_class,IN,MOT,reservoir,100,True,0.029833334,45.0,45.0,0.029833334,MCV_EXACT
dmv.1037,registration_class,IN,MOT,reservoir,300,True,0.031266667,51.0,51.0,0.031266667,MCV_EXACT
dmv.1037,registration_class,IN,MOT,reservoir,1000,True,0.029883333,62.0,62.0,0.029883333,MCV_EXACT
dmv.1037,registration_class,IN,TRL,native,100,True,0.012633333,47.0,47.0,0.012633333,MCV_EXACT
dmv.1037,registration_class,IN,TRL,native,300,True,0.0125222225,53.0,53.0,0.0125222225,MCV_EXACT
dmv.1037,registration_class,IN,TRL,native,1000,True,0.012476667,61.0,61.0,0.012476667,MCV_EXACT
dmv.1037,registration_class,IN,TRL,reservoir,100,True,0.012666667,45.0,45.0,0.012666667,MCV_EXACT
dmv.1037,registration_class,IN,TRL,reservoir,300,True,0.013266667,51.0,51.0,0.013266667,MCV_EXACT
dmv.1037,registration_class,IN,TRL,reservoir,1000,True,0.01319,62.0,62.0,0.01319,MCV_EXACT
dmv.1037,registration_class,IN,SRF,native,100,True,0.0191,47.0,47.0,0.0191,MCV_EXACT
dmv.1037,registration_class,IN,SRF,native,300,True,0.0173,53.0,53.0,0.0173,MCV_EXACT
dmv.1037,registration_class,IN,SRF,native,1000,True,0.017606666,61.0,61.0,0.017606666,MCV_EXACT
dmv.1037,registration_class,IN,SRF,reservoir,100,True,0.018833334,45.0,45.0,0.018833334,MCV_EXACT
dmv.1037,registration_class,IN,SRF,reservoir,300,True,0.018533334,51.0,51.0,0.018533334,MCV_EXACT
dmv.1037,registration_class,IN,SRF,reservoir,1000,True,0.018103333,62.0,62.0,0.018103333,MCV_EXACT
dmv.1037,registration_class,IN,PSD,native,100,True,0.013966667,47.0,47.0,0.013966667,MCV_EXACT
dmv.1037,registration_class,IN,PSD,native,300,True,0.0143444445,53.0,53.0,0.0143444445,MCV_EXACT
dmv.1037,registration_class,IN,PSD,native,1000,True,0.014146667,61.0,61.0,0.014146667,MCV_EXACT
dmv.1037,registration_class,IN,PSD,reservoir,100,True,0.014733333,45.0,45.0,0.014733333,MCV_EXACT
dmv.1037,registration_class,IN,PSD,reservoir,300,True,0.013866667,51.0,51.0,0.013866667,MCV_EXACT
dmv.1037,registration_class,IN,PSD,reservoir,1000,True,0.01397,62.0,62.0,0.01397,MCV_EXACT
dmv.1037,registration_class,IN,OMT,native,100,True,0.011033333,47.0,47.0,0.011033333,MCV_EXACT
dmv.1037,registration_class,IN,OMT,native,300,True,0.011777778,53.0,53.0,0.011777778,MCV_EXACT
dmv.1037,registration_class,IN,OMT,native,1000,True,0.01224,61.0,61.0,0.01224,MCV_EXACT
dmv.1037,registration_class,IN,OMT,reservoir,100,True,0.0125,45.0,45.0,0.0125,MCV_EXACT
dmv.1037,registration_class,IN,OMT,reservoir,300,True,0.011655555,51.0,51.0,0.011655555,MCV_EXACT
dmv.1037,registration_class,IN,OMT,reservoir,1000,True,0.01184,62.0,62.0,0.01184,MCV_EXACT
dmv.1037,registration_class,IN,OMS,native,100,True,0.010233333,47.0,47.0,0.010233333,MCV_EXACT
dmv.1037,registration_class,IN,OMS,native,300,True,0.009311111,53.0,53.0,0.009311111,MCV_EXACT
dmv.1037,registration_class,IN,OMS,native,1000,True,0.009596666,61.0,61.0,0.009596666,MCV_EXACT
dmv.1037,registration_class,IN,OMS,reservoir,100,True,0.009666666,45.0,45.0,0.009666666,MCV_EXACT
dmv.1037,registration_class,IN,OMS,reservoir,300,True,0.010144444,51.0,51.0,0.010144444,MCV_EXACT
dmv.1037,registration_class,IN,OMS,reservoir,1000,True,0.009406666,62.0,62.0,0.009406666,MCV_EXACT
dmv.1037,registration_class,IN,ATV,native,100,True,0.008366667,47.0,47.0,0.008366667,MCV_EXACT
dmv.1037,registration_class,IN,ATV,native,300,True,0.009322222,53.0,53.0,0.009322222,MCV_EXACT
dmv.1037,registration_class,IN,ATV,native,1000,True,0.00911,61.0,61.0,0.00911,MCV_EXACT
dmv.1037,registration_class,IN,ATV,reservoir,100,True,0.0085,45.0,45.0,0.0085,MCV_EXACT
dmv.1037,registration_class,IN,ATV,reservoir,300,True,0.008722222,51.0,51.0,0.008722222,MCV_EXACT
dmv.1037,registration_class,IN,ATV,reservoir,1000,True,0.00897,62.0,62.0,0.00897,MCV_EXACT
dmv.1037,registration_class,IN,SNO,native,100,True,0.0071333335,47.0,47.0,0.0071333335,MCV_EXACT
dmv.1037,registration_class,IN,SNO,native,300,True,0.008444444,53.0,53.0,0.008444444,MCV_EXACT
dmv.1037,registration_class,IN,SNO,native,1000,True,0.00852,61.0,61.0,0.00852,MCV_EXACT
dmv.1037,registration_class,IN,SNO,reservoir,100,True,0.0076,45.0,45.0,0.0076,MCV_EXACT
dmv.1037,registration_class,IN,SNO,reservoir,300,True,0.008155555,51.0,51.0,0.008155555,MCV_EXACT
dmv.1037,registration_class,IN,SNO,reservoir,1000,True,0.00822,62.0,62.0,0.00822,MCV_EXACT
dmv.1037,registration_class,IN,HOU,native,100,True,0.0020333333,47.0,47.0,0.0020333333,MCV_EXACT
dmv.1037,registration_class,IN,HOU,native,300,True,0.0018111111,53.0,53.0,0.0018111111,MCV_EXACT
dmv.1037,registration_class,IN,HOU,native,1000,True,0.0017666667,61.0,61.0,0.0017666667,MCV_EXACT
dmv.1037,registration_class,IN,HOU,reservoir,100,True,0.0016333334,45.0,45.0,0.0016333334,MCV_EXACT
dmv.1037,registration_class,IN,HOU,reservoir,300,True,0.0018222223,51.0,51.0,0.0018222223,MCV_EXACT
dmv.1037,registration_class,IN,HOU,reservoir,1000,True,0.0017333333,62.0,62.0,0.0017333333,MCV_EXACT
dmv.1037,registration_class,IN,ORG,native,100,True,0.0049666665,47.0,47.0,0.0049666665,MCV_EXACT
dmv.1037,registration_class,IN,ORG,native,300,True,0.0044,53.0,53.0,0.0044,MCV_EXACT
dmv.1037,registration_class,IN,ORG,native,1000,True,0.0044166665,61.0,61.0,0.0044166665,MCV_EXACT
dmv.1037,registration_class,IN,ORG,reservoir,100,True,0.0048666666,45.0,45.0,0.0048666666,MCV_EXACT
dmv.1037,registration_class,IN,ORG,reservoir,300,True,0.004288889,51.0,51.0,0.004288889,MCV_EXACT
dmv.1037,registration_class,IN,ORG,reservoir,1000,True,0.0044733332,62.0,62.0,0.0044733332,MCV_EXACT
dmv.1037,registration_class,IN,SEM,native,100,True,0.0040666666,47.0,47.0,0.0040666666,MCV_EXACT
dmv.1037,registration_class,IN,SEM,native,300,True,0.003922222,53.0,53.0,0.003922222,MCV_EXACT
dmv.1037,registration_class,IN,SEM,native,1000,True,0.0035166666,61.0,61.0,0.0035166666,MCV_EXACT
dmv.1037,registration_class,IN,SEM,reservoir,100,True,0.0034333332,45.0,45.0,0.0034333332,MCV_EXACT
dmv.1037,registration_class,IN,SEM,reservoir,300,True,0.0035555556,51.0,51.0,0.0035555556,MCV_EXACT
dmv.1037,registration_class,IN,SEM,reservoir,1000,True,0.00374,62.0,62.0,0.00374,MCV_EXACT
dmv.1037,registration_class,IN,HIS,native,100,True,0.0033333334,47.0,47.0,0.0033333334,MCV_EXACT
dmv.1037,registration_class,IN,HIS,native,300,True,0.0035,53.0,53.0,0.0035,MCV_EXACT
dmv.1037,registration_class,IN,HIS,native,1000,True,0.0035466666,61.0,61.0,0.0035466666,MCV_EXACT
dmv.1037,registration_class,IN,HIS,reservoir,100,True,0.0033,45.0,45.0,0.0033,MCV_EXACT
dmv.1037,registration_class,IN,HIS,reservoir,300,True,0.0036666666,51.0,51.0,0.0036666666,MCV_EXACT
dmv.1037,registration_class,IN,HIS,reservoir,1000,True,0.00357,62.0,62.0,0.00357,MCV_EXACT
dmv.1037,registration_class,IN,IRP,native,100,True,0.0027666667,47.0,47.0,0.0027666667,MCV_EXACT
dmv.1037,registration_class,IN,IRP,native,300,True,0.0028,53.0,53.0,0.0028,MCV_EXACT
dmv.1037,registration_class,IN,IRP,native,1000,True,0.00312,61.0,61.0,0.00312,MCV_EXACT
dmv.1037,registration_class,IN,IRP,reservoir,100,True,0.0027666667,45.0,45.0,0.0027666667,MCV_EXACT
dmv.1037,registration_class,IN,IRP,reservoir,300,True,0.0029888889,51.0,51.0,0.0029888889,MCV_EXACT
dmv.1037,registration_class,IN,IRP,reservoir,1000,True,0.00327,62.0,62.0,0.00327,MCV_EXACT
dmv.1037,registration_class,IN,OMR,native,100,True,0.0024666667,47.0,47.0,0.0024666667,MCV_EXACT
dmv.1037,registration_class,IN,OMR,native,300,True,0.0021444445,53.0,53.0,0.0021444445,MCV_EXACT
dmv.1037,registration_class,IN,OMR,native,1000,True,0.00213,61.0,61.0,0.00213,MCV_EXACT
dmv.1037,registration_class,IN,OMR,reservoir,100,True,0.0021,45.0,45.0,0.0021,MCV_EXACT
dmv.1037,registration_class,IN,OMR,reservoir,300,True,0.0021555556,51.0,51.0,0.0021555556,MCV_EXACT
dmv.1037,registration_class,IN,OMR,reservoir,1000,True,0.0022933334,62.0,62.0,0.0022933334,MCV_EXACT
dmv.1037,registration_class,IN,STA,native,100,True,0.0018,47.0,47.0,0.0018,MCV_EXACT
dmv.1037,registration_class,IN,STA,native,300,True,0.0016222222,53.0,53.0,0.0016222222,MCV_EXACT
dmv.1037,registration_class,IN,STA,native,1000,True,0.0017566667,61.0,61.0,0.0017566667,MCV_EXACT
dmv.1037,registration_class,IN,STA,reservoir,100,True,0.0018,45.0,45.0,0.0018,MCV_EXACT
dmv.1037,registration_class,IN,STA,reservoir,300,True,0.0017555555,51.0,51.0,0.0017555555,MCV_EXACT
dmv.1037,registration_class,IN,STA,reservoir,1000,True,0.0017,62.0,62.0,0.0017,MCV_EXACT
dmv.1037,registration_class,IN,AGR,native,100,True,0.0017333333,47.0,47.0,0.0017333333,MCV_EXACT
dmv.1037,registration_class,IN,AGR,native,300,True,0.0017111112,53.0,53.0,0.0017111112,MCV_EXACT
dmv.1037,registration_class,IN,AGR,native,1000,True,0.0015733333,61.0,61.0,0.0015733333,MCV_EXACT
dmv.1037,registration_class,IN,AGR,reservoir,100,True,0.0015666666,45.0,45.0,0.0015666666,MCV_EXACT
dmv.1037,registration_class,IN,AGR,reservoir,300,True,0.0013555556,51.0,51.0,0.0013555556,MCV_EXACT
dmv.1037,registration_class,IN,AGR,reservoir,1000,True,0.0015366666,62.0,62.0,0.0015366666,MCV_EXACT
dmv.1037,registration_class,IN,SPO,native,100,True,0.0009666667,47.0,47.0,0.0009666667,MCV_EXACT
dmv.1037,registration_class,IN,SPO,native,300,True,0.0010333334,53.0,53.0,0.0010333334,MCV_EXACT
dmv.1037,registration_class,IN,SPO,native,1000,True,0.00113,61.0,61.0,0.00113,MCV_EXACT
dmv.1037,registration_class,IN,SPO,reservoir,100,True,0.0010666667,45.0,45.0,0.0010666667,MCV_EXACT
dmv.1037,registration_class,IN,SPO,reservoir,300,True,0.0013666666,51.0,51.0,0.0013666666,MCV_EXACT
dmv.1037,registration_class,IN,SPO,reservoir,1000,True,0.0010766666,62.0,62.0,0.0010766666,MCV_EXACT
dmv.1037,registration_class,IN,FAR,native,100,True,0.0011666666,47.0,47.0,0.0011666666,MCV_EXACT
dmv.1037,registration_class,IN,FAR,native,300,True,0.0010222222,53.0,53.0,0.0010222222,MCV_EXACT
dmv.1037,registration_class,IN,FAR,native,1000,True,0.0010533333,61.0,61.0,0.0010533333,MCV_EXACT
dmv.1037,registration_class,IN,FAR,reservoir,100,True,0.00086666667,45.0,45.0,0.00086666667,MCV_EXACT
dmv.1037,registration_class,IN,FAR,reservoir,300,True,0.0009,51.0,51.0,0.0009,MCV_EXACT
dmv.1037,registration_class,IN,FAR,reservoir,1000,True,0.0010766666,62.0,62.0,0.0010766666,MCV_EXACT
dmv.1037,registration_class,IN,RGL,native,100,True,0.0010666667,47.0,47.0,0.0010666667,MCV_EXACT
dmv.1037,registration_class,IN,RGL,native,300,True,0.0011111111,53.0,53.0,0.0011111111,MCV_EXACT
dmv.1037,registration_class,IN,RGL,native,1000,True,0.00095666666,61.0,61.0,0.00095666666,MCV_EXACT
dmv.1037,registration_class,IN,RGL,reservoir,100,True,0.0015,45.0,45.0,0.0015,MCV_EXACT
dmv.1037,registration_class,IN,RGL,reservoir,300,True,0.0009777778,51.0,51.0,0.0009777778,MCV_EXACT
dmv.1037,registration_class,IN,RGL,reservoir,1000,True,0.0011633333,62.0,62.0,0.0011633333,MCV_EXACT
dmv.1037,registration_class,IN,MED,native,100,True,0.0010666667,47.0,47.0,0.0010666667,MCV_EXACT
dmv.1037,registration_class,IN,MED,native,300,True,0.00086666667,53.0,53.0,0.00086666667,MCV_EXACT
dmv.1037,registration_class,IN,MED,native,1000,True,0.0009966666,61.0,61.0,0.0009966666,MCV_EXACT
dmv.1037,registration_class,IN,MED,reservoir,100,True,0.0009,45.0,45.0,0.0009,MCV_EXACT
dmv.1037,registration_class,IN,MED,reservoir,300,True,0.0009777778,51.0,51.0,0.0009777778,MCV_EXACT
dmv.1037,registration_class,IN,MED,reservoir,1000,True,0.0010466666,62.0,62.0,0.0010466666,MCV_EXACT
dmv.1037,state,IN,NY,native,100,True,0.9827667,34.0,34.0,0.9827667,MCV_EXACT
dmv.1037,state,IN,NY,native,300,True,0.9819,43.0,43.0,0.9819,MCV_EXACT
dmv.1037,state,IN,NY,native,1000,True,0.98188,57.0,57.0,0.98188,MCV_EXACT
dmv.1037,state,IN,NY,reservoir,100,True,0.9824333,36.0,36.0,0.9824333,MCV_EXACT
dmv.1037,state,IN,NY,reservoir,300,True,0.9819667,47.0,47.0,0.9819667,MCV_EXACT
dmv.1037,state,IN,NY,reservoir,1000,True,0.98213,56.0,56.0,0.98213,MCV_EXACT
dmv.1037,state,IN,NJ,native,100,True,0.0036666666,34.0,34.0,0.0036666666,MCV_EXACT
dmv.1037,state,IN,NJ,native,300,True,0.003911111,43.0,43.0,0.003911111,MCV_EXACT
dmv.1037,state,IN,NJ,native,1000,True,0.0040566665,57.0,57.0,0.0040566665,MCV_EXACT
dmv.1037,state,IN,NJ,reservoir,100,True,0.0038666667,36.0,36.0,0.0038666667,MCV_EXACT
dmv.1037,state,IN,NJ,reservoir,300,True,0.004033333,47.0,47.0,0.004033333,MCV_EXACT
dmv.1037,state,IN,NJ,reservoir,1000,True,0.0040233335,56.0,56.0,0.0040233335,MCV_EXACT
dmv.1037,state,IN,OK,native,100,True,0.004466667,34.0,34.0,0.004466667,MCV_EXACT
dmv.1037,state,IN,OK,native,300,True,0.0044555557,43.0,43.0,0.0044555557,MCV_EXACT
dmv.1037,state,IN,OK,native,1000,True,0.004393333,57.0,57.0,0.004393333,MCV_EXACT
dmv.1037,state,IN,OK,reservoir,100,True,0.0045666667,36.0,36.0,0.0045666667,MCV_EXACT
dmv.1037,state,IN,OK,reservoir,300,True,0.004644444,47.0,47.0,0.004644444,MCV_EXACT
dmv.1037,state,IN,OK,reservoir,1000,True,0.004273333,56.0,56.0,0.004273333,MCV_EXACT
dmv.1037,state,IN,PA,native,100,True,0.0009666667,34.0,34.0,0.0009666667,MCV_EXACT
dmv.1037,state,IN,PA,native,300,True,0.0015555555,43.0,43.0,0.0015555555,MCV_EXACT
dmv.1037,state,IN,PA,native,1000,True,0.0014266666,57.0,57.0,0.0014266666,MCV_EXACT
dmv.1037,state,IN,PA,reservoir,100,True,0.0013,36.0,36.0,0.0013,MCV_EXACT
dmv.1037,state,IN,PA,reservoir,300,True,0.0013888889,47.0,47.0,0.0013888889,MCV_EXACT
dmv.1037,state,IN,PA,reservoir,1000,True,0.0014966667,56.0,56.0,0.0014966667,MCV_EXACT
dmv.1037,state,IN,MD,native,100,True,0.0013333333,34.0,34.0,0.0013333333,MCV_EXACT
dmv.1037,state,IN,MD,native,300,True,0.0013222222,43.0,43.0,0.0013222222,MCV_EXACT
dmv.1037,state,IN,MD,native,1000,True,0.0014033334,57.0,57.0,0.0014033334,MCV_EXACT
dmv.1037,state,IN,MD,reservoir,100,True,0.0015333333,36.0,36.0,0.0015333333,MCV_EXACT
dmv.1037,state,IN,MD,reservoir,300,True,0.0013333333,47.0,47.0,0.0013333333,MCV_EXACT
dmv.1037,state,IN,MD,reservoir,1000,True,0.0013333333,56.0,56.0,0.0013333333,MCV_EXACT
dmv.1037,state,IN,IL,native,100,True,0.0013,34.0,34.0,0.0013,MCV_EXACT
dmv.1037,state,IN,IL,native,300,True,0.0014,43.0,43.0,0.0014,MCV_EXACT
dmv.1037,state,IN,IL,native,1000,True,0.0013566667,57.0,57.0,0.0013566667,MCV_EXACT
dmv.1037,state,IN,IL,reservoir,100,True,0.0012,36.0,36.0,0.0012,MCV_EXACT
dmv.1037,state,IN,IL,reservoir,300,True,0.0014111111,47.0,47.0,0.0014111111,MCV_EXACT
dmv.1037,state,IN,IL,reservoir,1000,True,0.00129,56.0,56.0,0.00129,MCV_EXACT
dmv.1037,state,IN,TX,native,100,True,0.0006,34.0,34.0,0.0006,MCV_EXACT
dmv.1037,state,IN,TX,native,300,True,0.00076666666,43.0,43.0,0.00076666666,MCV_EXACT
dmv.1037,state,IN,TX,native,1000,True,0.0008066667,57.0,57.0,0.0008066667,MCV_EXACT
dmv.1037,state,IN,TX,reservoir,100,True,0.00083333335,36.0,36.0,0.00083333335,MCV_EXACT
dmv.1037,state,IN,TX,reservoir,300,True,0.00077777775,47.0,47.0,0.00077777775,MCV_EXACT
dmv.1037,state,IN,TX,reservoir,1000,True,0.0008166667,56.0,56.0,0.0008166667,MCV_EXACT
dmv.1037,state,IN,FL,native,100,True,0.00056666665,34.0,34.0,0.00056666665,MCV_EXACT
dmv.1037,state,IN,FL,native,300,True,0.00056666665,43.0,43.0,0.00056666665,MCV_EXACT
dmv.1037,state,IN,FL,native,1000,True,0.0005533333,57.0,57.0,0.0005533333,MCV_EXACT
dmv.1037,state,IN,FL,reservoir,100,True,0.0005,36.0,36.0,0.0005,MCV_EXACT
dmv.1037,state,IN,FL,reservoir,300,True,0.00063333334,47.0,47.0,0.00063333334,MCV_EXACT
dmv.1037,state,IN,FL,reservoir,1000,True,0.00051333336,56.0,56.0,0.00051333336,MCV_EXACT
dmv.1037,state,IN,GA,native,100,True,0.00043333333,34.0,34.0,0.00043333333,MCV_EXACT
dmv.1037,state,IN,GA,native,300,True,0.00055555557,43.0,43.0,0.00055555557,MCV_EXACT
dmv.1037,state,IN,GA,native,1000,True,0.0005533333,57.0,57.0,0.0005533333,MCV_EXACT
dmv.1037,state,IN,GA,reservoir,100,True,0.00046666668,36.0,36.0,0.00046666668,MCV_EXACT
dmv.1037,state,IN,GA,reservoir,300,True,0.00043333333,47.0,47.0,0.00043333333,MCV_EXACT
dmv.1037,state,IN,GA,reservoir,1000,True,0.0005533333,56.0,56.0,0.0005533333,MCV_EXACT
dmv.1037,state,IN,CT,native,100,True,0.00053333334,34.0,34.0,0.00053333334,MCV_EXACT
dmv.1037,state,IN,CT,native,300,True,0.00055555557,43.0,43.0,0.00055555557,MCV_EXACT
dmv.1037,state,IN,CT,native,1000,True,0.00057,57.0,57.0,0.00057,MCV_EXACT
dmv.1037,state,IN,CT,reservoir,100,True,0.0005,36.0,36.0,0.0005,MCV_EXACT
dmv.1037,state,IN,CT,reservoir,300,True,0.00044444445,47.0,47.0,0.00044444445,MCV_EXACT
dmv.1037,state,IN,CT,reservoir,1000,True,0.00056666665,56.0,56.0,0.00056666665,MCV_EXACT
dmv.1037,state,IN,IN,native,100,True,0.00046666668,34.0,34.0,0.00046666668,MCV_EXACT
dmv.1037,state,IN,IN,native,300,True,0.0004111111,43.0,43.0,0.0004111111,MCV_EXACT
dmv.1037,state,IN,IN,native,1000,True,0.0004,57.0,57.0,0.0004,MCV_EXACT
dmv.1037,state,IN,IN,reservoir,100,True,0.00036666667,36.0,36.0,0.00036666667,MCV_EXACT
dmv.1037,state,IN,IN,reservoir,300,True,0.0004111111,47.0,47.0,0.0004111111,MCV_EXACT
dmv.1037,state,IN,IN,reservoir,1000,True,0.00042333335,56.0,56.0,0.00042333335,MCV_EXACT
dmv.1037,state,IN,OH,native,100,True,0.00053333334,34.0,34.0,0.00053333334,MCV_EXACT
dmv.1037,state,IN,OH,native,300,True,0.0002888889,43.0,43.0,0.0002888889,MCV_EXACT
dmv.1037,state,IN,OH,native,1000,True,0.00026333332,57.0,57.0,0.00026333332,MCV_EXACT
dmv.1037,state,IN,OH,reservoir,100,False,,36.0,36.0,0.027777777777777776,MCV_MISS_NDISTINCT_FALLBACK
dmv.1037,state,IN,OH,reservoir,300,True,0.00024444444,47.0,47.0,0.00024444444,MCV_EXACT
dmv.1037,state,IN,OH,reservoir,1000,True,0.0003,56.0,56.0,0.0003,MCV_EXACT
dmv.1037,state,IN,WI,native,100,False,,34.0,34.0,0.029411764705882353,MCV_MISS_NDISTINCT_FALLBACK
dmv.1037,state,IN,WI,native,300,True,0.00016666666,43.0,43.0,0.00016666666,MCV_EXACT
dmv.1037,state,IN,WI,native,1000,True,0.00026333332,57.0,57.0,0.00026333332,MCV_EXACT
dmv.1037,state,IN,WI,reservoir,100,False,,36.0,36.0,0.027777777777777776,MCV_MISS_NDISTINCT_FALLBACK
dmv.1037,state,IN,WI,reservoir,300,True,0.00015555555,47.0,47.0,0.00015555555,MCV_EXACT
dmv.1037,state,IN,WI,reservoir,1000,True,0.00022,56.0,56.0,0.00022,MCV_EXACT
dmv.1037,state,IN,MA,native,100,True,0.00033333333,34.0,34.0,0.00033333333,MCV_EXACT
dmv.1037,state,IN,MA,native,300,True,0.00032222221,43.0,43.0,0.00032222221,MCV_EXACT
dmv.1037,state,IN,MA,native,1000,True,0.00028333333,57.0,57.0,0.00028333333,MCV_EXACT
dmv.1037,state,IN,MA,reservoir,100,False,,36.0,36.0,0.027777777777777776,MCV_MISS_NDISTINCT_FALLBACK
dmv.1037,state,IN,MA,reservoir,300,True,0.00025555555,47.0,47.0,0.00025555555,MCV_EXACT
dmv.1037,state,IN,MA,reservoir,1000,True,0.00024333333,56.0,56.0,0.00024333333,MCV_EXACT
dmv.1037,state,IN,AZ,native,100,True,0.00033333333,34.0,34.0,0.00033333333,MCV_EXACT
dmv.1037,state,IN,AZ,native,300,True,0.00026666667,43.0,43.0,0.00026666667,MCV_EXACT
dmv.1037,state,IN,AZ,native,1000,True,0.00022333334,57.0,57.0,0.00022333334,MCV_EXACT
dmv.1037,state,IN,AZ,reservoir,100,False,,36.0,36.0,0.027777777777777776,MCV_MISS_NDISTINCT_FALLBACK
dmv.1037,state,IN,AZ,reservoir,300,True,0.00026666667,47.0,47.0,0.00026666667,MCV_EXACT
dmv.1037,state,IN,AZ,reservoir,1000,True,0.00023,56.0,56.0,0.00023,MCV_EXACT
dmv.1037,state,IN,CA,native,100,False,,34.0,34.0,0.029411764705882353,MCV_MISS_NDISTINCT_FALLBACK
dmv.1037,state,IN,CA,native,300,True,0.00026666667,43.0,43.0,0.00026666667,MCV_EXACT
dmv.1037,state,IN,CA,native,1000,True,0.00023,57.0,57.0,0.00023,MCV_EXACT
dmv.1037,state,IN,CA,reservoir,100,False,,36.0,36.0,0.027777777777777776,MCV_MISS_NDISTINCT_FALLBACK
dmv.1037,state,IN,CA,reservoir,300,True,0.0002,47.0,47.0,0.0002,MCV_EXACT
dmv.1037,state,IN,CA,reservoir,1000,True,0.00020666666,56.0,56.0,0.00020666666,MCV_EXACT
dmv.1037,state,IN,VA,native,100,False,,34.0,34.0,0.029411764705882353,MCV_MISS_NDISTINCT_FALLBACK
dmv.1037,state,IN,VA,native,300,False,,43.0,43.0,0.023255813953488372,MCV_MISS_NDISTINCT_FALLBACK
dmv.1037,state,IN,VA,native,1000,True,0.00013333333,57.0,57.0,0.00013333333,MCV_EXACT
dmv.1037,state,IN,VA,reservoir,100,False,,36.0,36.0,0.027777777777777776,MCV_MISS_NDISTINCT_FALLBACK
dmv.1037,state,IN,VA,reservoir,300,True,0.00017777778,47.0,47.0,0.00017777778,MCV_EXACT
dmv.1037,state,IN,VA,reservoir,1000,True,0.00014,56.0,56.0,0.00014,MCV_EXACT
dmv.1037,state,IN,NC,native,100,False,,34.0,34.0,0.029411764705882353,MCV_MISS_NDISTINCT_FALLBACK
dmv.1037,state,IN,NC,native,300,True,0.00014444445,43.0,43.0,0.00014444445,MCV_EXACT
dmv.1037,state,IN,NC,native,1000,True,0.00018666667,57.0,57.0,0.00018666667,MCV_EXACT
dmv.1037,state,IN,NC,reservoir,100,False,,36.0,36.0,0.027777777777777776,MCV_MISS_NDISTINCT_FALLBACK
dmv.1037,state,IN,NC,reservoir,300,True,0.0001888889,47.0,47.0,0.0001888889,MCV_EXACT
dmv.1037,state,IN,NC,reservoir,1000,True,0.00013333333,56.0,56.0,0.00013333333,MCV_EXACT
dmv.1037,state,IN,TN,native,100,False,,34.0,34.0,0.029411764705882353,MCV_MISS_NDISTINCT_FALLBACK
dmv.1037,state,IN,TN,native,300,False,,43.0,43.0,0.023255813953488372,MCV_MISS_NDISTINCT_FALLBACK
dmv.1037,state,IN,TN,native,1000,True,0.00011666667,57.0,57.0,0.00011666667,MCV_EXACT
dmv.1037,state,IN,TN,reservoir,100,False,,36.0,36.0,0.027777777777777776,MCV_MISS_NDISTINCT_FALLBACK
dmv.1037,state,IN,TN,reservoir,300,True,0.00012222222,47.0,47.0,0.00012222222,MCV_EXACT
dmv.1037,state,IN,TN,reservoir,1000,True,0.00010666667,56.0,56.0,0.00010666667,MCV_EXACT
dmv.1037,state,IN,NH,native,100,False,,34.0,34.0,0.029411764705882353,MCV_MISS_NDISTINCT_FALLBACK
dmv.1037,state,IN,NH,native,300,False,,43.0,43.0,0.023255813953488372,MCV_MISS_NDISTINCT_FALLBACK
dmv.1037,state,IN,NH,native,1000,True,6e-05,57.0,57.0,6e-05,MCV_EXACT
dmv.1037,state,IN,NH,reservoir,100,False,,36.0,36.0,0.027777777777777776,MCV_MISS_NDISTINCT_FALLBACK
dmv.1037,state,IN,NH,reservoir,300,False,,47.0,47.0,0.02127659574468085,MCV_MISS_NDISTINCT_FALLBACK
dmv.1037,state,IN,NH,reservoir,1000,True,8e-05,56.0,56.0,8e-05,MCV_EXACT
dmv.1037,state,IN,AL,native,100,False,,34.0,34.0,0.029411764705882353,MCV_MISS_NDISTINCT_FALLBACK
dmv.1037,state,IN,AL,native,300,False,,43.0,43.0,0.023255813953488372,MCV_MISS_NDISTINCT_FALLBACK
dmv.1037,state,IN,AL,native,1000,True,4.3333333e-05,57.0,57.0,4.3333333e-05,MCV_EXACT
dmv.1037,state,IN,AL,reservoir,100,False,,36.0,36.0,0.027777777777777776,MCV_MISS_NDISTINCT_FALLBACK
dmv.1037,state,IN,AL,reservoir,300,False,,47.0,47.0,0.02127659574468085,MCV_MISS_NDISTINCT_FALLBACK
dmv.1037,state,IN,AL,reservoir,1000,True,7.3333336e-05,56.0,56.0,7.3333336e-05,MCV_EXACT
dmv.1037,state,IN,VT,native,100,False,,34.0,34.0,0.029411764705882353,MCV_MISS_NDISTINCT_FALLBACK
dmv.1037,state,IN,VT,native,300,False,,43.0,43.0,0.023255813953488372,MCV_MISS_NDISTINCT_FALLBACK
dmv.1037,state,IN,VT,native,1000,True,6e-05,57.0,57.0,6e-05,MCV_EXACT
dmv.1037,state,IN,VT,reservoir,100,False,,36.0,36.0,0.027777777777777776,MCV_MISS_NDISTINCT_FALLBACK
dmv.1037,state,IN,VT,reservoir,300,True,0.0001,47.0,47.0,0.0001,MCV_EXACT
dmv.1037,state,IN,VT,reservoir,1000,True,6.666667e-05,56.0,56.0,6.666667e-05,MCV_EXACT
dmv.1037,state,IN,SC,native,100,False,,34.0,34.0,0.029411764705882353,MCV_MISS_NDISTINCT_FALLBACK
dmv.1037,state,IN,SC,native,300,False,,43.0,43.0,0.023255813953488372,MCV_MISS_NDISTINCT_FALLBACK
dmv.1037,state,IN,SC,native,1000,True,7.666666e-05,57.0,57.0,7.666666e-05,MCV_EXACT
dmv.1037,state,IN,SC,reservoir,100,False,,36.0,36.0,0.027777777777777776,MCV_MISS_NDISTINCT_FALLBACK
dmv.1037,state,IN,SC,reservoir,300,False,,47.0,47.0,0.02127659574468085,MCV_MISS_NDISTINCT_FALLBACK
dmv.1037,state,IN,SC,reservoir,1000,True,6e-05,56.0,56.0,6e-05,MCV_EXACT
dmv.1037,state,IN,MO,native,100,False,,34.0,34.0,0.029411764705882353,MCV_MISS_NDISTINCT_FALLBACK
dmv.1037,state,IN,MO,native,300,False,,43.0,43.0,0.023255813953488372,MCV_MISS_NDISTINCT_FALLBACK
dmv.1037,state,IN,MO,native,1000,True,5.6666668e-05,57.0,57.0,5.6666668e-05,MCV_EXACT
dmv.1037,state,IN,MO,reservoir,100,False,,36.0,36.0,0.027777777777777776,MCV_MISS_NDISTINCT_FALLBACK
dmv.1037,state,IN,MO,reservoir,300,False,,47.0,47.0,0.02127659574468085,MCV_MISS_NDISTINCT_FALLBACK
dmv.1037,state,IN,MO,reservoir,1000,True,4.6666668e-05,56.0,56.0,4.6666668e-05,MCV_EXACT
dmv.1037,state,IN,MN,native,100,False,,34.0,34.0,0.029411764705882353,MCV_MISS_NDISTINCT_FALLBACK
dmv.1037,state,IN,MN,native,300,False,,43.0,43.0,0.023255813953488372,MCV_MISS_NDISTINCT_FALLBACK
dmv.1037,state,IN,MN,native,1000,True,7.3333336e-05,57.0,57.0,7.3333336e-05,MCV_EXACT
dmv.1037,state,IN,MN,reservoir,100,False,,36.0,36.0,0.027777777777777776,MCV_MISS_NDISTINCT_FALLBACK
dmv.1037,state,IN,MN,reservoir,300,False,,47.0,47.0,0.02127659574468085,MCV_MISS_NDISTINCT_FALLBACK
dmv.1037,state,IN,MN,reservoir,1000,True,8.333333e-05,56.0,56.0,8.333333e-05,MCV_EXACT
dmv.1037,state,IN,CO,native,100,False,,34.0,34.0,0.029411764705882353,MCV_MISS_NDISTINCT_FALLBACK
dmv.1037,state,IN,CO,native,300,False,,43.0,43.0,0.023255813953488372,MCV_MISS_NDISTINCT_FALLBACK
dmv.1037,state,IN,CO,native,1000,False,,57.0,57.0,0.017543859649122806,MCV_MISS_NDISTINCT_FALLBACK
dmv.1037,state,IN,CO,reservoir,100,False,,36.0,36.0,0.027777777777777776,MCV_MISS_NDISTINCT_FALLBACK
dmv.1037,state,IN,CO,reservoir,300,False,,47.0,47.0,0.02127659574468085,MCV_MISS_NDISTINCT_FALLBACK
dmv.1037,state,IN,CO,reservoir,1000,True,4e-05,56.0,56.0,4e-05,MCV_EXACT
dmv.1037,state,IN,MI,native,100,False,,34.0,34.0,0.029411764705882353,MCV_MISS_NDISTINCT_FALLBACK
dmv.1037,state,IN,MI,native,300,False,,43.0,43.0,0.023255813953488372,MCV_MISS_NDISTINCT_FALLBACK
dmv.1037,state,IN,MI,native,1000,True,0.0001,57.0,57.0,0.0001,MCV_EXACT
dmv.1037,state,IN,MI,reservoir,100,False,,36.0,36.0,0.027777777777777776,MCV_MISS_NDISTINCT_FALLBACK
dmv.1037,state,IN,MI,reservoir,300,True,0.00015555555,47.0,47.0,0.00015555555,MCV_EXACT
dmv.1037,state,IN,MI,reservoir,1000,True,9e-05,56.0,56.0,9e-05,MCV_EXACT
dmv.1037,state,IN,DE,native,100,False,,34.0,34.0,0.029411764705882353,MCV_MISS_NDISTINCT_FALLBACK
dmv.1037,state,IN,DE,native,300,False,,43.0,43.0,0.023255813953488372,MCV_MISS_NDISTINCT_FALLBACK
dmv.1037,state,IN,DE,native,1000,False,,57.0,57.0,0.017543859649122806,MCV_MISS_NDISTINCT_FALLBACK
dmv.1037,state,IN,DE,reservoir,100,False,,36.0,36.0,0.027777777777777776,MCV_MISS_NDISTINCT_FALLBACK
dmv.1037,state,IN,DE,reservoir,300,False,,47.0,47.0,0.02127659574468085,MCV_MISS_NDISTINCT_FALLBACK
dmv.1037,state,IN,DE,reservoir,1000,True,6.333333e-05,56.0,56.0,6.333333e-05,MCV_EXACT
dmv.1037,state,IN,WA,native,100,False,,34.0,34.0,0.029411764705882353,MCV_MISS_NDISTINCT_FALLBACK
dmv.1037,state,IN,WA,native,300,False,,43.0,43.0,0.023255813953488372,MCV_MISS_NDISTINCT_FALLBACK
dmv.1037,state,IN,WA,native,1000,False,,57.0,57.0,0.017543859649122806,MCV_MISS_NDISTINCT_FALLBACK
dmv.1037,state,IN,WA,reservoir,100,False,,36.0,36.0,0.027777777777777776,MCV_MISS_NDISTINCT_FALLBACK
dmv.1037,state,IN,WA,reservoir,300,False,,47.0,47.0,0.02127659574468085,MCV_MISS_NDISTINCT_FALLBACK
dmv.1037,state,IN,WA,reservoir,1000,False,,56.0,56.0,0.017857142857142856,MCV_MISS_NDISTINCT_FALLBACK
dmv.1037,state,IN,NT,native,100,False,,34.0,34.0,0.029411764705882353,MCV_MISS_NDISTINCT_FALLBACK
dmv.1037,state,IN,NT,native,300,False,,43.0,43.0,0.023255813953488372,MCV_MISS_NDISTINCT_FALLBACK
dmv.1037,state,IN,NT,native,1000,True,3.6666668e-05,57.0,57.0,3.6666668e-05,MCV_EXACT
dmv.1037,state,IN,NT,reservoir,100,False,,36.0,36.0,0.027777777777777776,MCV_MISS_NDISTINCT_FALLBACK
dmv.1037,state,IN,NT,reservoir,300,False,,47.0,47.0,0.02127659574468085,MCV_MISS_NDISTINCT_FALLBACK
dmv.1037,state,IN,NT,reservoir,1000,False,,56.0,56.0,0.017857142857142856,MCV_MISS_NDISTINCT_FALLBACK
dmv.1037,state,IN,RI,native,100,False,,34.0,34.0,0.029411764705882353,MCV_MISS_NDISTINCT_FALLBACK
dmv.1037,state,IN,RI,native,300,False,,43.0,43.0,0.023255813953488372,MCV_MISS_NDISTINCT_FALLBACK
dmv.1037,state,IN,RI,native,1000,False,,57.0,57.0,0.017543859649122806,MCV_MISS_NDISTINCT_FALLBACK
dmv.1037,state,IN,RI,reservoir,100,False,,36.0,36.0,0.027777777777777776,MCV_MISS_NDISTINCT_FALLBACK
dmv.1037,state,IN,RI,reservoir,300,False,,47.0,47.0,0.02127659574468085,MCV_MISS_NDISTINCT_FALLBACK
dmv.1037,state,IN,RI,reservoir,1000,True,4.6666668e-05,56.0,56.0,4.6666668e-05,MCV_EXACT
dmv.1037,state,IN,AR,native,100,False,,34.0,34.0,0.029411764705882353,MCV_MISS_NDISTINCT_FALLBACK
dmv.1037,state,IN,AR,native,300,False,,43.0,43.0,0.023255813953488372,MCV_MISS_NDISTINCT_FALLBACK
dmv.1037,state,IN,AR,native,1000,False,,57.0,57.0,0.017543859649122806,MCV_MISS_NDISTINCT_FALLBACK
dmv.1037,state,IN,AR,reservoir,100,False,,36.0,36.0,0.027777777777777776,MCV_MISS_NDISTINCT_FALLBACK
dmv.1037,state,IN,AR,reservoir,300,False,,47.0,47.0,0.02127659574468085,MCV_MISS_NDISTINCT_FALLBACK
dmv.1037,state,IN,AR,reservoir,1000,False,,56.0,56.0,0.017857142857142856,MCV_MISS_NDISTINCT_FALLBACK
dmv.1037,body_type,=,SUBN,native,100,True,0.41933334,44.0,44.0,0.41933334,MCV_EXACT
dmv.1037,body_type,=,SUBN,native,300,True,0.41893333,51.0,51.0,0.41893333,MCV_EXACT
dmv.1037,body_type,=,SUBN,native,1000,True,0.41974333,57.0,57.0,0.41974333,MCV_EXACT
dmv.1037,body_type,=,SUBN,reservoir,100,True,0.41733333,44.0,44.0,0.41733333,MCV_EXACT
dmv.1037,body_type,=,SUBN,reservoir,300,True,0.41766667,51.0,51.0,0.41766667,MCV_EXACT
dmv.1037,body_type,=,SUBN,reservoir,1000,True,0.42038,55.0,55.0,0.42038,MCV_EXACT
dmv.1037,fuel_type,IN,GAS,native,100,True,0.90966666,8.0,8.0,0.90966666,MCV_EXACT
dmv.1037,fuel_type,IN,GAS,native,300,True,0.908,9.0,9.0,0.908,MCV_EXACT
dmv.1037,fuel_type,IN,GAS,native,1000,True,0.9083833,9.0,9.0,0.9083833,MCV_EXACT
dmv.1037,fuel_type,IN,GAS,reservoir,100,True,0.9099333,9.0,9.0,0.9099333,MCV_EXACT
dmv.1037,fuel_type,IN,GAS,reservoir,300,True,0.90846664,9.0,9.0,0.90846664,MCV_EXACT
dmv.1037,fuel_type,IN,GAS,reservoir,1000,True,0.90838665,9.0,9.0,0.90838665,MCV_EXACT
dmv.1037,fuel_type,IN,NONE,native,100,True,0.0409,8.0,8.0,0.0409,MCV_EXACT
dmv.1037,fuel_type,IN,NONE,native,300,True,0.04081111,9.0,9.0,0.04081111,MCV_EXACT
dmv.1037,fuel_type,IN,NONE,native,1000,True,0.040763333,9.0,9.0,0.040763333,MCV_EXACT
dmv.1037,fuel_type,IN,NONE,reservoir,100,True,0.042066667,9.0,9.0,0.042066667,MCV_EXACT
dmv.1037,fuel_type,IN,NONE,reservoir,300,True,0.0416,9.0,9.0,0.0416,MCV_EXACT
dmv.1037,fuel_type,IN,NONE,reservoir,1000,True,0.041566666,9.0,9.0,0.041566666,MCV_EXACT
dmv.1037,fuel_type,IN,DIESEL,native,100,True,0.039533332,8.0,8.0,0.039533332,MCV_EXACT
dmv.1037,fuel_type,IN,DIESEL,native,300,True,0.0401,9.0,9.0,0.0401,MCV_EXACT
dmv.1037,fuel_type,IN,DIESEL,native,1000,True,0.039216667,9.0,9.0,0.039216667,MCV_EXACT
dmv.1037,fuel_type,IN,DIESEL,reservoir,100,True,0.0371,9.0,9.0,0.0371,MCV_EXACT
dmv.1037,fuel_type,IN,DIESEL,reservoir,300,True,0.03811111,9.0,9.0,0.03811111,MCV_EXACT
dmv.1037,fuel_type,IN,DIESEL,reservoir,1000,True,0.038793333,9.0,9.0,0.038793333,MCV_EXACT
dmv.1037,revocation_indicator,=,N,native,100,True,0.99616665,2.0,2.0,0.99616665,MCV_EXACT
dmv.1037,revocation_indicator,=,N,native,300,True,0.9952111,2.0,2.0,0.9952111,MCV_EXACT
dmv.1037,revocation_indicator,=,N,native,1000,True,0.99562335,2.0,2.0,0.99562335,MCV_EXACT
dmv.1037,revocation_indicator,=,N,reservoir,100,True,0.9953,2.0,2.0,0.9953,MCV_EXACT
dmv.1037,revocation_indicator,=,N,reservoir,300,True,0.9954889,2.0,2.0,0.9954889,MCV_EXACT
dmv.1037,revocation_indicator,=,N,reservoir,1000,True,0.9956333,2.0,2.0,0.9956333,MCV_EXACT
dmv.179,record_type,=,VEH,native,100,True,0.92153335,4.0,4.0,0.92153335,MCV_EXACT
dmv.179,record_type,=,VEH,native,300,True,0.91954446,4.0,4.0,0.91954446,MCV_EXACT
dmv.179,record_type,=,VEH,native,1000,True,0.92067665,4.0,4.0,0.92067665,MCV_EXACT
dmv.179,record_type,=,VEH,reservoir,100,True,0.9191333,4.0,4.0,0.9191333,MCV_EXACT
dmv.179,record_type,=,VEH,reservoir,300,True,0.92116666,4.0,4.0,0.92116666,MCV_EXACT
dmv.179,record_type,=,VEH,reservoir,1000,True,0.91965336,4.0,4.0,0.91965336,MCV_EXACT
dmv.179,registration_class,IN,BOT,native,100,True,0.032366667,47.0,47.0,0.032366667,MCV_EXACT
dmv.179,registration_class,IN,BOT,native,300,True,0.033277776,53.0,53.0,0.033277776,MCV_EXACT
dmv.179,registration_class,IN,BOT,native,1000,True,0.032226667,61.0,61.0,0.032226667,MCV_EXACT
dmv.179,registration_class,IN,BOT,reservoir,100,True,0.033533335,45.0,45.0,0.033533335,MCV_EXACT
dmv.179,registration_class,IN,BOT,reservoir,300,True,0.03141111,51.0,51.0,0.03141111,MCV_EXACT
dmv.179,registration_class,IN,BOT,reservoir,1000,True,0.03262,62.0,62.0,0.03262,MCV_EXACT
dmv.179,registration_class,IN,MOT,native,100,True,0.031133333,47.0,47.0,0.031133333,MCV_EXACT
dmv.179,registration_class,IN,MOT,native,300,True,0.029577779,53.0,53.0,0.029577779,MCV_EXACT
dmv.179,registration_class,IN,MOT,native,1000,True,0.030103333,61.0,61.0,0.030103333,MCV_EXACT
dmv.179,registration_class,IN,MOT,reservoir,100,True,0.029833334,45.0,45.0,0.029833334,MCV_EXACT
dmv.179,registration_class,IN,MOT,reservoir,300,True,0.031266667,51.0,51.0,0.031266667,MCV_EXACT
dmv.179,registration_class,IN,MOT,reservoir,1000,True,0.029883333,62.0,62.0,0.029883333,MCV_EXACT
dmv.179,state,IN,NY,native,100,True,0.9827667,34.0,34.0,0.9827667,MCV_EXACT
dmv.179,state,IN,NY,native,300,True,0.9819,43.0,43.0,0.9819,MCV_EXACT
dmv.179,state,IN,NY,native,1000,True,0.98188,57.0,57.0,0.98188,MCV_EXACT
dmv.179,state,IN,NY,reservoir,100,True,0.9824333,36.0,36.0,0.9824333,MCV_EXACT
dmv.179,state,IN,NY,reservoir,300,True,0.9819667,47.0,47.0,0.9819667,MCV_EXACT
dmv.179,state,IN,NY,reservoir,1000,True,0.98213,56.0,56.0,0.98213,MCV_EXACT
dmv.179,state,IN,NJ,native,100,True,0.0036666666,34.0,34.0,0.0036666666,MCV_EXACT
dmv.179,state,IN,NJ,native,300,True,0.003911111,43.0,43.0,0.003911111,MCV_EXACT
dmv.179,state,IN,NJ,native,1000,True,0.0040566665,57.0,57.0,0.0040566665,MCV_EXACT
dmv.179,state,IN,NJ,reservoir,100,True,0.0038666667,36.0,36.0,0.0038666667,MCV_EXACT
dmv.179,state,IN,NJ,reservoir,300,True,0.004033333,47.0,47.0,0.004033333,MCV_EXACT
dmv.179,state,IN,NJ,reservoir,1000,True,0.0040233335,56.0,56.0,0.0040233335,MCV_EXACT
dmv.179,state,IN,OK,native,100,True,0.004466667,34.0,34.0,0.004466667,MCV_EXACT
dmv.179,state,IN,OK,native,300,True,0.0044555557,43.0,43.0,0.0044555557,MCV_EXACT
dmv.179,state,IN,OK,native,1000,True,0.004393333,57.0,57.0,0.004393333,MCV_EXACT
dmv.179,state,IN,OK,reservoir,100,True,0.0045666667,36.0,36.0,0.0045666667,MCV_EXACT
dmv.179,state,IN,OK,reservoir,300,True,0.004644444,47.0,47.0,0.004644444,MCV_EXACT
dmv.179,state,IN,OK,reservoir,1000,True,0.004273333,56.0,56.0,0.004273333,MCV_EXACT
dmv.179,state,IN,PA,native,100,True,0.0009666667,34.0,34.0,0.0009666667,MCV_EXACT
dmv.179,state,IN,PA,native,300,True,0.0015555555,43.0,43.0,0.0015555555,MCV_EXACT
dmv.179,state,IN,PA,native,1000,True,0.0014266666,57.0,57.0,0.0014266666,MCV_EXACT
dmv.179,state,IN,PA,reservoir,100,True,0.0013,36.0,36.0,0.0013,MCV_EXACT
dmv.179,state,IN,PA,reservoir,300,True,0.0013888889,47.0,47.0,0.0013888889,MCV_EXACT
dmv.179,state,IN,PA,reservoir,1000,True,0.0014966667,56.0,56.0,0.0014966667,MCV_EXACT
dmv.179,state,IN,MD,native,100,True,0.0013333333,34.0,34.0,0.0013333333,MCV_EXACT
dmv.179,state,IN,MD,native,300,True,0.0013222222,43.0,43.0,0.0013222222,MCV_EXACT
dmv.179,state,IN,MD,native,1000,True,0.0014033334,57.0,57.0,0.0014033334,MCV_EXACT
dmv.179,state,IN,MD,reservoir,100,True,0.0015333333,36.0,36.0,0.0015333333,MCV_EXACT
dmv.179,state,IN,MD,reservoir,300,True,0.0013333333,47.0,47.0,0.0013333333,MCV_EXACT
dmv.179,state,IN,MD,reservoir,1000,True,0.0013333333,56.0,56.0,0.0013333333,MCV_EXACT
dmv.179,state,IN,IL,native,100,True,0.0013,34.0,34.0,0.0013,MCV_EXACT
dmv.179,state,IN,IL,native,300,True,0.0014,43.0,43.0,0.0014,MCV_EXACT
dmv.179,state,IN,IL,native,1000,True,0.0013566667,57.0,57.0,0.0013566667,MCV_EXACT
dmv.179,state,IN,IL,reservoir,100,True,0.0012,36.0,36.0,0.0012,MCV_EXACT
dmv.179,state,IN,IL,reservoir,300,True,0.0014111111,47.0,47.0,0.0014111111,MCV_EXACT
dmv.179,state,IN,IL,reservoir,1000,True,0.00129,56.0,56.0,0.00129,MCV_EXACT
dmv.179,state,IN,TX,native,100,True,0.0006,34.0,34.0,0.0006,MCV_EXACT
dmv.179,state,IN,TX,native,300,True,0.00076666666,43.0,43.0,0.00076666666,MCV_EXACT
dmv.179,state,IN,TX,native,1000,True,0.0008066667,57.0,57.0,0.0008066667,MCV_EXACT
dmv.179,state,IN,TX,reservoir,100,True,0.00083333335,36.0,36.0,0.00083333335,MCV_EXACT
dmv.179,state,IN,TX,reservoir,300,True,0.00077777775,47.0,47.0,0.00077777775,MCV_EXACT
dmv.179,state,IN,TX,reservoir,1000,True,0.0008166667,56.0,56.0,0.0008166667,MCV_EXACT
dmv.179,state,IN,FL,native,100,True,0.00056666665,34.0,34.0,0.00056666665,MCV_EXACT
dmv.179,state,IN,FL,native,300,True,0.00056666665,43.0,43.0,0.00056666665,MCV_EXACT
dmv.179,state,IN,FL,native,1000,True,0.0005533333,57.0,57.0,0.0005533333,MCV_EXACT
dmv.179,state,IN,FL,reservoir,100,True,0.0005,36.0,36.0,0.0005,MCV_EXACT
dmv.179,state,IN,FL,reservoir,300,True,0.00063333334,47.0,47.0,0.00063333334,MCV_EXACT
dmv.179,state,IN,FL,reservoir,1000,True,0.00051333336,56.0,56.0,0.00051333336,MCV_EXACT
dmv.179,state,IN,GA,native,100,True,0.00043333333,34.0,34.0,0.00043333333,MCV_EXACT
dmv.179,state,IN,GA,native,300,True,0.00055555557,43.0,43.0,0.00055555557,MCV_EXACT
dmv.179,state,IN,GA,native,1000,True,0.0005533333,57.0,57.0,0.0005533333,MCV_EXACT
dmv.179,state,IN,GA,reservoir,100,True,0.00046666668,36.0,36.0,0.00046666668,MCV_EXACT
dmv.179,state,IN,GA,reservoir,300,True,0.00043333333,47.0,47.0,0.00043333333,MCV_EXACT
dmv.179,state,IN,GA,reservoir,1000,True,0.0005533333,56.0,56.0,0.0005533333,MCV_EXACT
dmv.179,state,IN,CT,native,100,True,0.00053333334,34.0,34.0,0.00053333334,MCV_EXACT
dmv.179,state,IN,CT,native,300,True,0.00055555557,43.0,43.0,0.00055555557,MCV_EXACT
dmv.179,state,IN,CT,native,1000,True,0.00057,57.0,57.0,0.00057,MCV_EXACT
dmv.179,state,IN,CT,reservoir,100,True,0.0005,36.0,36.0,0.0005,MCV_EXACT
dmv.179,state,IN,CT,reservoir,300,True,0.00044444445,47.0,47.0,0.00044444445,MCV_EXACT
dmv.179,state,IN,CT,reservoir,1000,True,0.00056666665,56.0,56.0,0.00056666665,MCV_EXACT
dmv.179,state,IN,IN,native,100,True,0.00046666668,34.0,34.0,0.00046666668,MCV_EXACT
dmv.179,state,IN,IN,native,300,True,0.0004111111,43.0,43.0,0.0004111111,MCV_EXACT
dmv.179,state,IN,IN,native,1000,True,0.0004,57.0,57.0,0.0004,MCV_EXACT
dmv.179,state,IN,IN,reservoir,100,True,0.00036666667,36.0,36.0,0.00036666667,MCV_EXACT
dmv.179,state,IN,IN,reservoir,300,True,0.0004111111,47.0,47.0,0.0004111111,MCV_EXACT
dmv.179,state,IN,IN,reservoir,1000,True,0.00042333335,56.0,56.0,0.00042333335,MCV_EXACT
dmv.179,state,IN,OH,native,100,True,0.00053333334,34.0,34.0,0.00053333334,MCV_EXACT
dmv.179,state,IN,OH,native,300,True,0.0002888889,43.0,43.0,0.0002888889,MCV_EXACT
dmv.179,state,IN,OH,native,1000,True,0.00026333332,57.0,57.0,0.00026333332,MCV_EXACT
dmv.179,state,IN,OH,reservoir,100,False,,36.0,36.0,0.027777777777777776,MCV_MISS_NDISTINCT_FALLBACK
dmv.179,state,IN,OH,reservoir,300,True,0.00024444444,47.0,47.0,0.00024444444,MCV_EXACT
dmv.179,state,IN,OH,reservoir,1000,True,0.0003,56.0,56.0,0.0003,MCV_EXACT
dmv.179,state,IN,WI,native,100,False,,34.0,34.0,0.029411764705882353,MCV_MISS_NDISTINCT_FALLBACK
dmv.179,state,IN,WI,native,300,True,0.00016666666,43.0,43.0,0.00016666666,MCV_EXACT
dmv.179,state,IN,WI,native,1000,True,0.00026333332,57.0,57.0,0.00026333332,MCV_EXACT
dmv.179,state,IN,WI,reservoir,100,False,,36.0,36.0,0.027777777777777776,MCV_MISS_NDISTINCT_FALLBACK
dmv.179,state,IN,WI,reservoir,300,True,0.00015555555,47.0,47.0,0.00015555555,MCV_EXACT
dmv.179,state,IN,WI,reservoir,1000,True,0.00022,56.0,56.0,0.00022,MCV_EXACT
dmv.179,state,IN,MA,native,100,True,0.00033333333,34.0,34.0,0.00033333333,MCV_EXACT
dmv.179,state,IN,MA,native,300,True,0.00032222221,43.0,43.0,0.00032222221,MCV_EXACT
dmv.179,state,IN,MA,native,1000,True,0.00028333333,57.0,57.0,0.00028333333,MCV_EXACT
dmv.179,state,IN,MA,reservoir,100,False,,36.0,36.0,0.027777777777777776,MCV_MISS_NDISTINCT_FALLBACK
dmv.179,state,IN,MA,reservoir,300,True,0.00025555555,47.0,47.0,0.00025555555,MCV_EXACT
dmv.179,state,IN,MA,reservoir,1000,True,0.00024333333,56.0,56.0,0.00024333333,MCV_EXACT
dmv.179,state,IN,AZ,native,100,True,0.00033333333,34.0,34.0,0.00033333333,MCV_EXACT
dmv.179,state,IN,AZ,native,300,True,0.00026666667,43.0,43.0,0.00026666667,MCV_EXACT
dmv.179,state,IN,AZ,native,1000,True,0.00022333334,57.0,57.0,0.00022333334,MCV_EXACT
dmv.179,state,IN,AZ,reservoir,100,False,,36.0,36.0,0.027777777777777776,MCV_MISS_NDISTINCT_FALLBACK
dmv.179,state,IN,AZ,reservoir,300,True,0.00026666667,47.0,47.0,0.00026666667,MCV_EXACT
dmv.179,state,IN,AZ,reservoir,1000,True,0.00023,56.0,56.0,0.00023,MCV_EXACT
dmv.179,state,IN,CA,native,100,False,,34.0,34.0,0.029411764705882353,MCV_MISS_NDISTINCT_FALLBACK
dmv.179,state,IN,CA,native,300,True,0.00026666667,43.0,43.0,0.00026666667,MCV_EXACT
dmv.179,state,IN,CA,native,1000,True,0.00023,57.0,57.0,0.00023,MCV_EXACT
dmv.179,state,IN,CA,reservoir,100,False,,36.0,36.0,0.027777777777777776,MCV_MISS_NDISTINCT_FALLBACK
dmv.179,state,IN,CA,reservoir,300,True,0.0002,47.0,47.0,0.0002,MCV_EXACT
dmv.179,state,IN,CA,reservoir,1000,True,0.00020666666,56.0,56.0,0.00020666666,MCV_EXACT
dmv.179,body_type,IN,4DSD,native,100,True,0.3166,44.0,44.0,0.3166,MCV_EXACT
dmv.179,body_type,IN,4DSD,native,300,True,0.3141111,51.0,51.0,0.3141111,MCV_EXACT
dmv.179,body_type,IN,4DSD,native,1000,True,0.31395,57.0,57.0,0.31395,MCV_EXACT
dmv.179,body_type,IN,4DSD,reservoir,100,True,0.3175,44.0,44.0,0.3175,MCV_EXACT
dmv.179,body_type,IN,4DSD,reservoir,300,True,0.31611112,51.0,51.0,0.31611112,MCV_EXACT
dmv.179,body_type,IN,4DSD,reservoir,1000,True,0.31391,55.0,55.0,0.31391,MCV_EXACT
dmv.179,body_type,IN,PICK,native,100,True,0.039966665,44.0,44.0,0.039966665,MCV_EXACT
dmv.179,body_type,IN,PICK,native,300,True,0.038844444,51.0,51.0,0.038844444,MCV_EXACT
dmv.179,body_type,IN,PICK,native,1000,True,0.03935,57.0,57.0,0.03935,MCV_EXACT
dmv.179,body_type,IN,PICK,reservoir,100,True,0.038833335,44.0,44.0,0.038833335,MCV_EXACT
dmv.179,body_type,IN,PICK,reservoir,300,True,0.038455557,51.0,51.0,0.038455557,MCV_EXACT
dmv.179,body_type,IN,PICK,reservoir,1000,True,0.038766667,55.0,55.0,0.038766667,MCV_EXACT
dmv.179,suspension_indicator,=,N,native,100,True,0.99156666,2.0,2.0,0.99156666,MCV_EXACT
dmv.179,suspension_indicator,=,N,native,300,True,0.9909667,2.0,2.0,0.9909667,MCV_EXACT
dmv.179,suspension_indicator,=,N,native,1000,True,0.99139,2.0,2.0,0.99139,MCV_EXACT
dmv.179,suspension_indicator,=,N,reservoir,100,True,0.99123335,2.0,2.0,0.99123335,MCV_EXACT
dmv.179,suspension_indicator,=,N,reservoir,300,True,0.9912222,2.0,2.0,0.9912222,MCV_EXACT
dmv.179,suspension_indicator,=,N,reservoir,1000,True,0.99138,2.0,2.0,0.99138,MCV_EXACT
dmv.179,revocation_indicator,=,N,native,100,True,0.99616665,2.0,2.0,0.99616665,MCV_EXACT
dmv.179,revocation_indicator,=,N,native,300,True,0.9952111,2.0,2.0,0.9952111,MCV_EXACT
dmv.179,revocation_indicator,=,N,native,1000,True,0.99562335,2.0,2.0,0.99562335,MCV_EXACT
dmv.179,revocation_indicator,=,N,reservoir,100,True,0.9953,2.0,2.0,0.9953,MCV_EXACT
dmv.179,revocation_indicator,=,N,reservoir,300,True,0.9954889,2.0,2.0,0.9954889,MCV_EXACT
dmv.179,revocation_indicator,=,N,reservoir,1000,True,0.9956333,2.0,2.0,0.9956333,MCV_EXACT
dmv.1100,record_type,=,VEH,native,100,True,0.92153335,4.0,4.0,0.92153335,MCV_EXACT
dmv.1100,record_type,=,VEH,native,300,True,0.91954446,4.0,4.0,0.91954446,MCV_EXACT
dmv.1100,record_type,=,VEH,native,1000,True,0.92067665,4.0,4.0,0.92067665,MCV_EXACT
dmv.1100,record_type,=,VEH,reservoir,100,True,0.9191333,4.0,4.0,0.9191333,MCV_EXACT
dmv.1100,record_type,=,VEH,reservoir,300,True,0.92116666,4.0,4.0,0.92116666,MCV_EXACT
dmv.1100,record_type,=,VEH,reservoir,1000,True,0.91965336,4.0,4.0,0.91965336,MCV_EXACT
dmv.1100,registration_class,IN,COM,native,100,True,0.0611,47.0,47.0,0.0611,MCV_EXACT
dmv.1100,registration_class,IN,COM,native,300,True,0.061277777,53.0,53.0,0.061277777,MCV_EXACT
dmv.1100,registration_class,IN,COM,native,1000,True,0.06229,61.0,61.0,0.06229,MCV_EXACT
dmv.1100,registration_class,IN,COM,reservoir,100,True,0.062233333,45.0,45.0,0.062233333,MCV_EXACT
dmv.1100,registration_class,IN,COM,reservoir,300,True,0.06218889,51.0,51.0,0.06218889,MCV_EXACT
dmv.1100,registration_class,IN,COM,reservoir,1000,True,0.061466668,62.0,62.0,0.061466668,MCV_EXACT
dmv.1100,registration_class,IN,LTR,native,100,True,0.020233333,47.0,47.0,0.020233333,MCV_EXACT
dmv.1100,registration_class,IN,LTR,native,300,True,0.020477777,53.0,53.0,0.020477777,MCV_EXACT
dmv.1100,registration_class,IN,LTR,native,1000,True,0.020816667,61.0,61.0,0.020816667,MCV_EXACT
dmv.1100,registration_class,IN,LTR,reservoir,100,True,0.022,45.0,45.0,0.022,MCV_EXACT
dmv.1100,registration_class,IN,LTR,reservoir,300,True,0.020622222,51.0,51.0,0.020622222,MCV_EXACT
dmv.1100,registration_class,IN,LTR,reservoir,1000,True,0.020843333,62.0,62.0,0.020843333,MCV_EXACT
dmv.1100,county,IN,HERKIMER,native,100,True,0.0048,63.0,63.0,0.0048,MCV_EXACT
dmv.1100,county,IN,HERKIMER,native,300,True,0.0045444444,63.0,63.0,0.0045444444,MCV_EXACT
dmv.1100,county,IN,HERKIMER,native,1000,True,0.004773333,63.0,63.0,0.004773333,MCV_EXACT
dmv.1100,county,IN,HERKIMER,reservoir,100,True,0.0053666667,63.0,63.0,0.0053666667,MCV_EXACT
dmv.1100,county,IN,HERKIMER,reservoir,300,True,0.0046,63.0,63.0,0.0046,MCV_EXACT
dmv.1100,county,IN,HERKIMER,reservoir,1000,True,0.0048533333,63.0,63.0,0.0048533333,MCV_EXACT
dmv.1100,county,IN,GENESEE,native,100,True,0.0040666666,63.0,63.0,0.0040666666,MCV_EXACT
dmv.1100,county,IN,GENESEE,native,300,True,0.0044555557,63.0,63.0,0.0044555557,MCV_EXACT
dmv.1100,county,IN,GENESEE,native,1000,True,0.00468,63.0,63.0,0.00468,MCV_EXACT
dmv.1100,county,IN,GENESEE,reservoir,100,True,0.004,63.0,63.0,0.004,MCV_EXACT
dmv.1100,county,IN,GENESEE,reservoir,300,True,0.004222222,63.0,63.0,0.004222222,MCV_EXACT
dmv.1100,county,IN,GENESEE,reservoir,1000,True,0.0045633335,63.0,63.0,0.0045633335,MCV_EXACT
dmv.1100,county,IN,OTSEGO,native,100,True,0.0043,63.0,63.0,0.0043,MCV_EXACT
dmv.1100,county,IN,OTSEGO,native,300,True,0.004388889,63.0,63.0,0.004388889,MCV_EXACT
dmv.1100,county,IN,OTSEGO,native,1000,True,0.0046066665,63.0,63.0,0.0046066665,MCV_EXACT
dmv.1100,county,IN,OTSEGO,reservoir,100,True,0.0047,63.0,63.0,0.0047,MCV_EXACT
dmv.1100,county,IN,OTSEGO,reservoir,300,True,0.0041888887,63.0,63.0,0.0041888887,MCV_EXACT
dmv.1100,county,IN,OTSEGO,reservoir,1000,True,0.0044233333,63.0,63.0,0.0044233333,MCV_EXACT
dmv.1100,county,IN,FULTON,native,100,True,0.0046666665,63.0,63.0,0.0046666665,MCV_EXACT
dmv.1100,county,IN,FULTON,native,300,True,0.004388889,63.0,63.0,0.004388889,MCV_EXACT
dmv.1100,county,IN,FULTON,native,1000,True,0.00438,63.0,63.0,0.00438,MCV_EXACT
dmv.1100,county,IN,FULTON,reservoir,100,True,0.0045,63.0,63.0,0.0045,MCV_EXACT
dmv.1100,county,IN,FULTON,reservoir,300,True,0.0043222224,63.0,63.0,0.0043222224,MCV_EXACT
dmv.1100,county,IN,FULTON,reservoir,1000,True,0.0043766666,63.0,63.0,0.0043766666,MCV_EXACT
dmv.1100,county,IN,GREENE,native,100,True,0.004033333,63.0,63.0,0.004033333,MCV_EXACT
dmv.1100,county,IN,GREENE,native,300,True,0.0040111113,63.0,63.0,0.0040111113,MCV_EXACT
dmv.1100,county,IN,GREENE,native,1000,True,0.0041166665,63.0,63.0,0.0041166665,MCV_EXACT
dmv.1100,county,IN,GREENE,reservoir,100,True,0.0043,63.0,63.0,0.0043,MCV_EXACT
dmv.1100,county,IN,GREENE,reservoir,300,True,0.0044222223,63.0,63.0,0.0044222223,MCV_EXACT
dmv.1100,county,IN,GREENE,reservoir,1000,True,0.00428,63.0,63.0,0.00428,MCV_EXACT
dmv.1100,county,IN,FRANKLIN,native,100,True,0.0029666666,63.0,63.0,0.0029666666,MCV_EXACT
dmv.1100,county,IN,FRANKLIN,native,300,True,0.004022222,63.0,63.0,0.004022222,MCV_EXACT
dmv.1100,county,IN,FRANKLIN,native,1000,True,0.0039233332,63.0,63.0,0.0039233332,MCV_EXACT
dmv.1100,county,IN,FRANKLIN,reservoir,100,True,0.0031,63.0,63.0,0.0031,MCV_EXACT
dmv.1100,county,IN,FRANKLIN,reservoir,300,True,0.0034111112,63.0,63.0,0.0034111112,MCV_EXACT
dmv.1100,county,IN,FRANKLIN,reservoir,1000,True,0.00386,63.0,63.0,0.00386,MCV_EXACT
dmv.1100,county,IN,MONTGOMERY,native,100,True,0.004166667,63.0,63.0,0.004166667,MCV_EXACT
dmv.1100,county,IN,MONTGOMERY,native,300,True,0.0040666666,63.0,63.0,0.0040666666,MCV_EXACT
dmv.1100,county,IN,MONTGOMERY,native,1000,True,0.0040866667,63.0,63.0,0.0040866667,MCV_EXACT
dmv.1100,county,IN,MONTGOMERY,reservoir,100,True,0.0038333333,63.0,63.0,0.0038333333,MCV_EXACT
dmv.1100,county,IN,MONTGOMERY,reservoir,300,True,0.0042444444,63.0,63.0,0.0042444444,MCV_EXACT
dmv.1100,county,IN,MONTGOMERY,reservoir,1000,True,0.0038033333,63.0,63.0,0.0038033333,MCV_EXACT
dmv.1100,county,IN,CHENANGO,native,100,True,0.0041333335,63.0,63.0,0.0041333335,MCV_EXACT
dmv.1100,county,IN,CHENANGO,native,300,True,0.0037111111,63.0,63.0,0.0037111111,MCV_EXACT
dmv.1100,county,IN,CHENANGO,native,1000,True,0.0038466668,63.0,63.0,0.0038466668,MCV_EXACT
dmv.1100,county,IN,CHENANGO,reservoir,100,True,0.0031333333,63.0,63.0,0.0031333333,MCV_EXACT
dmv.1100,county,IN,CHENANGO,reservoir,300,True,0.0039555556,63.0,63.0,0.0039555556,MCV_EXACT
dmv.1100,county,IN,CHENANGO,reservoir,1000,True,0.0037133333,63.0,63.0,0.0037133333,MCV_EXACT
dmv.1100,county,IN,TIOGA,native,100,True,0.0048,63.0,63.0,0.0048,MCV_EXACT
dmv.1100,county,IN,TIOGA,native,300,True,0.0038333333,63.0,63.0,0.0038333333,MCV_EXACT
dmv.1100,county,IN,TIOGA,native,1000,True,0.0039433334,63.0,63.0,0.0039433334,MCV_EXACT
dmv.1100,county,IN,TIOGA,reservoir,100,True,0.0040666666,63.0,63.0,0.0040666666,MCV_EXACT
dmv.1100,county,IN,TIOGA,reservoir,300,True,0.003788889,63.0,63.0,0.003788889,MCV_EXACT
dmv.1100,county,IN,TIOGA,reservoir,1000,True,0.0036533333,63.0,63.0,0.0036533333,MCV_EXACT
dmv.1100,county,IN,DELAWARE,native,100,True,0.0042,63.0,63.0,0.0042,MCV_EXACT
dmv.1100,county,IN,DELAWARE,native,300,True,0.0039,63.0,63.0,0.0039,MCV_EXACT
dmv.1100,county,IN,DELAWARE,native,1000,True,0.0037966666,63.0,63.0,0.0037966666,MCV_EXACT
dmv.1100,county,IN,DELAWARE,reservoir,100,True,0.0034666667,63.0,63.0,0.0034666667,MCV_EXACT
dmv.1100,county,IN,DELAWARE,reservoir,300,True,0.0038666667,63.0,63.0,0.0038666667,MCV_EXACT
dmv.1100,county,IN,DELAWARE,reservoir,1000,True,0.00369,63.0,63.0,0.00369,MCV_EXACT
dmv.1100,county,IN,WYOMING,native,100,True,0.0032666668,63.0,63.0,0.0032666668,MCV_EXACT
dmv.1100,county,IN,WYOMING,native,300,True,0.0034222223,63.0,63.0,0.0034222223,MCV_EXACT
dmv.1100,county,IN,WYOMING,native,1000,True,0.0032933333,63.0,63.0,0.0032933333,MCV_EXACT
dmv.1100,county,IN,WYOMING,reservoir,100,True,0.0032666668,63.0,63.0,0.0032666668,MCV_EXACT
dmv.1100,county,IN,WYOMING,reservoir,300,True,0.0036555557,63.0,63.0,0.0036555557,MCV_EXACT
dmv.1100,county,IN,WYOMING,reservoir,1000,True,0.0034566666,63.0,63.0,0.0034566666,MCV_EXACT
dmv.1100,county,IN,ALLEGANY,native,100,True,0.0036666666,63.0,63.0,0.0036666666,MCV_EXACT
dmv.1100,county,IN,ALLEGANY,native,300,True,0.0033444446,63.0,63.0,0.0033444446,MCV_EXACT
dmv.1100,county,IN,ALLEGANY,native,1000,True,0.0032466666,63.0,63.0,0.0032466666,MCV_EXACT
dmv.1100,county,IN,ALLEGANY,reservoir,100,True,0.0033333334,63.0,63.0,0.0033333334,MCV_EXACT
dmv.1100,county,IN,ALLEGANY,reservoir,300,True,0.0031222221,63.0,63.0,0.0031222221,MCV_EXACT
dmv.1100,county,IN,ALLEGANY,reservoir,1000,True,0.00311,63.0,63.0,0.00311,MCV_EXACT
dmv.1100,county,IN,CORTLAND,native,100,True,0.0035,63.0,63.0,0.0035,MCV_EXACT
dmv.1100,county,IN,CORTLAND,native,300,True,0.0031,63.0,63.0,0.0031,MCV_EXACT
dmv.1100,county,IN,CORTLAND,native,1000,True,0.0031233334,63.0,63.0,0.0031233334,MCV_EXACT
dmv.1100,county,IN,CORTLAND,reservoir,100,True,0.0033666666,63.0,63.0,0.0033666666,MCV_EXACT
dmv.1100,county,IN,CORTLAND,reservoir,300,True,0.0030777778,63.0,63.0,0.0030777778,MCV_EXACT
dmv.1100,county,IN,CORTLAND,reservoir,1000,True,0.0032766666,63.0,63.0,0.0032766666,MCV_EXACT
dmv.1100,county,IN,ESSEX,native,100,True,0.0034333332,63.0,63.0,0.0034333332,MCV_EXACT
dmv.1100,county,IN,ESSEX,native,300,True,0.003,63.0,63.0,0.003,MCV_EXACT
dmv.1100,county,IN,ESSEX,native,1000,True,0.00311,63.0,63.0,0.00311,MCV_EXACT
dmv.1100,county,IN,ESSEX,reservoir,100,True,0.0034333332,63.0,63.0,0.0034333332,MCV_EXACT
dmv.1100,county,IN,ESSEX,reservoir,300,True,0.0032333334,63.0,63.0,0.0032333334,MCV_EXACT
dmv.1100,county,IN,ESSEX,reservoir,1000,True,0.0032166666,63.0,63.0,0.0032166666,MCV_EXACT
dmv.1100,county,IN,ORLEANS,native,100,True,0.0027666667,63.0,63.0,0.0027666667,MCV_EXACT
dmv.1100,county,IN,ORLEANS,native,300,True,0.0027,63.0,63.0,0.0027,MCV_EXACT
dmv.1100,county,IN,ORLEANS,native,1000,True,0.00297,63.0,63.0,0.00297,MCV_EXACT
dmv.1100,county,IN,ORLEANS,reservoir,100,True,0.0028666668,63.0,63.0,0.0028666668,MCV_EXACT
dmv.1100,county,IN,ORLEANS,reservoir,300,True,0.0028777777,63.0,63.0,0.0028777777,MCV_EXACT
dmv.1100,county,IN,ORLEANS,reservoir,1000,True,0.0028966668,63.0,63.0,0.0028966668,MCV_EXACT
dmv.1100,county,IN,SENECA,native,100,True,0.0028333333,63.0,63.0,0.0028333333,MCV_EXACT
dmv.1100,county,IN,SENECA,native,300,True,0.0024666667,63.0,63.0,0.0024666667,MCV_EXACT
dmv.1100,county,IN,SENECA,native,1000,True,0.00259,63.0,63.0,0.00259,MCV_EXACT
dmv.1100,county,IN,SENECA,reservoir,100,True,0.0028333333,63.0,63.0,0.0028333333,MCV_EXACT
dmv.1100,county,IN,SENECA,reservoir,300,True,0.0022777778,63.0,63.0,0.0022777778,MCV_EXACT
dmv.1100,county,IN,SENECA,reservoir,1000,True,0.0027033333,63.0,63.0,0.0027033333,MCV_EXACT
dmv.1100,county,IN,SCHOHARIE,native,100,True,0.0027,63.0,63.0,0.0027,MCV_EXACT
dmv.1100,county,IN,SCHOHARIE,native,300,True,0.0026,63.0,63.0,0.0026,MCV_EXACT
dmv.1100,county,IN,SCHOHARIE,native,1000,True,0.00269,63.0,63.0,0.00269,MCV_EXACT
dmv.1100,county,IN,SCHOHARIE,reservoir,100,True,0.0025,63.0,63.0,0.0025,MCV_EXACT
dmv.1100,county,IN,SCHOHARIE,reservoir,300,True,0.0023666667,63.0,63.0,0.0023666667,MCV_EXACT
dmv.1100,county,IN,SCHOHARIE,reservoir,1000,True,0.00255,63.0,63.0,0.00255,MCV_EXACT
dmv.1100,county,IN,LEWIS,native,100,True,0.0022666666,63.0,63.0,0.0022666666,MCV_EXACT
dmv.1100,county,IN,LEWIS,native,300,True,0.0024,63.0,63.0,0.0024,MCV_EXACT
dmv.1100,county,IN,LEWIS,native,1000,True,0.0024366667,63.0,63.0,0.0024366667,MCV_EXACT
dmv.1100,county,IN,LEWIS,reservoir,100,True,0.0024333333,63.0,63.0,0.0024333333,MCV_EXACT
dmv.1100,county,IN,LEWIS,reservoir,300,True,0.002788889,63.0,63.0,0.002788889,MCV_EXACT
dmv.1100,county,IN,LEWIS,reservoir,1000,True,0.00257,63.0,63.0,0.00257,MCV_EXACT
dmv.1100,county,IN,YATES,native,100,True,0.0020666667,63.0,63.0,0.0020666667,MCV_EXACT
dmv.1100,county,IN,YATES,native,300,True,0.0017333333,63.0,63.0,0.0017333333,MCV_EXACT
dmv.1100,county,IN,YATES,native,1000,True,0.0018866666,63.0,63.0,0.0018866666,MCV_EXACT
dmv.1100,county,IN,YATES,reservoir,100,True,0.0017333333,63.0,63.0,0.0017333333,MCV_EXACT
dmv.1100,county,IN,YATES,reservoir,300,True,0.0020444444,63.0,63.0,0.0020444444,MCV_EXACT
dmv.1100,county,IN,YATES,reservoir,1000,True,0.00202,63.0,63.0,0.00202,MCV_EXACT
dmv.1100,county,IN,SCHUYLER,native,100,True,0.0012,63.0,63.0,0.0012,MCV_EXACT
dmv.1100,county,IN,SCHUYLER,native,300,True,0.0013777778,63.0,63.0,0.0013777778,MCV_EXACT
dmv.1100,county,IN,SCHUYLER,native,1000,True,0.00158,63.0,63.0,0.00158,MCV_EXACT
dmv.1100,county,IN,SCHUYLER,reservoir,100,True,0.002,63.0,63.0,0.002,MCV_EXACT
dmv.1100,county,IN,SCHUYLER,reservoir,300,True,0.0015111112,63.0,63.0,0.0015111112,MCV_EXACT
dmv.1100,county,IN,SCHUYLER,reservoir,1000,True,0.00148,63.0,63.0,0.00148,MCV_EXACT
dmv.1100,county,IN,HAMILTON,native,100,True,0.0006,63.0,63.0,0.0006,MCV_EXACT
dmv.1100,county,IN,HAMILTON,native,300,True,0.0007111111,63.0,63.0,0.0007111111,MCV_EXACT
dmv.1100,county,IN,HAMILTON,native,1000,True,0.00069666666,63.0,63.0,0.00069666666,MCV_EXACT
dmv.1100,county,IN,HAMILTON,reservoir,100,True,0.00093333336,63.0,63.0,0.00093333336,MCV_EXACT
dmv.1100,county,IN,HAMILTON,reservoir,300,True,0.00087777775,63.0,63.0,0.00087777775,MCV_EXACT
dmv.1100,county,IN,HAMILTON,reservoir,1000,True,0.00073,63.0,63.0,0.00073,MCV_EXACT
dmv.1100,body_type,IN,BOAT,native,100,True,0.0327,44.0,44.0,0.0327,MCV_EXACT
dmv.1100,body_type,IN,BOAT,native,300,True,0.033666667,51.0,51.0,0.033666667,MCV_EXACT
dmv.1100,body_type,IN,BOAT,native,1000,True,0.032623332,57.0,57.0,0.032623332,MCV_EXACT
dmv.1100,body_type,IN,BOAT,reservoir,100,True,0.033833332,44.0,44.0,0.033833332,MCV_EXACT
dmv.1100,body_type,IN,BOAT,reservoir,300,True,0.031744443,51.0,51.0,0.031744443,MCV_EXACT
dmv.1100,body_type,IN,BOAT,reservoir,1000,True,0.0329,55.0,55.0,0.0329,MCV_EXACT
dmv.1100,body_type,IN,LTRL,native,100,True,0.019766666,44.0,44.0,0.019766666,MCV_EXACT
dmv.1100,body_type,IN,LTRL,native,300,True,0.019988889,51.0,51.0,0.019988889,MCV_EXACT
dmv.1100,body_type,IN,LTRL,native,1000,True,0.0202,57.0,57.0,0.0202,MCV_EXACT
dmv.1100,body_type,IN,LTRL,reservoir,100,True,0.021766666,44.0,44.0,0.021766666,MCV_EXACT
dmv.1100,body_type,IN,LTRL,reservoir,300,True,0.01991111,51.0,51.0,0.01991111,MCV_EXACT
dmv.1100,body_type,IN,LTRL,reservoir,1000,True,0.020406667,55.0,55.0,0.020406667,MCV_EXACT
dmv.1100,body_type,IN,MCY,native,100,True,0.0317,44.0,44.0,0.0317,MCV_EXACT
dmv.1100,body_type,IN,MCY,native,300,True,0.030122222,51.0,51.0,0.030122222,MCV_EXACT
dmv.1100,body_type,IN,MCY,native,1000,True,0.030603332,57.0,57.0,0.030603332,MCV_EXACT
dmv.1100,body_type,IN,MCY,reservoir,100,True,0.0305,44.0,44.0,0.0305,MCV_EXACT
dmv.1100,body_type,IN,MCY,reservoir,300,True,0.031911112,51.0,51.0,0.031911112,MCV_EXACT
dmv.1100,body_type,IN,MCY,reservoir,1000,True,0.030536667,55.0,55.0,0.030536667,MCV_EXACT
dmv.1100,body_type,IN,TRLR,native,100,True,0.013366667,44.0,44.0,0.013366667,MCV_EXACT
dmv.1100,body_type,IN,TRLR,native,300,True,0.013366667,51.0,51.0,0.013366667,MCV_EXACT
dmv.1100,body_type,IN,TRLR,native,1000,True,0.01357,57.0,57.0,0.01357,MCV_EXACT
dmv.1100,body_type,IN,TRLR,reservoir,100,True,0.0138,44.0,44.0,0.0138,MCV_EXACT
dmv.1100,body_type,IN,TRLR,reservoir,300,True,0.014644444,51.0,51.0,0.014644444,MCV_EXACT
dmv.1100,body_type,IN,TRLR,reservoir,1000,True,0.014033333,55.0,55.0,0.014033333,MCV_EXACT
dmv.1100,suspension_indicator,=,N,native,100,True,0.99156666,2.0,2.0,0.99156666,MCV_EXACT
dmv.1100,suspension_indicator,=,N,native,300,True,0.9909667,2.0,2.0,0.9909667,MCV_EXACT
dmv.1100,suspension_indicator,=,N,native,1000,True,0.99139,2.0,2.0,0.99139,MCV_EXACT
dmv.1100,suspension_indicator,=,N,reservoir,100,True,0.99123335,2.0,2.0,0.99123335,MCV_EXACT
dmv.1100,suspension_indicator,=,N,reservoir,300,True,0.9912222,2.0,2.0,0.9912222,MCV_EXACT
dmv.1100,suspension_indicator,=,N,reservoir,1000,True,0.99138,2.0,2.0,0.99138,MCV_EXACT
dmv.1384,registration_class,IN,PAS,native,100,True,0.738,47.0,47.0,0.738,MCV_EXACT
dmv.1384,registration_class,IN,PAS,native,300,True,0.7391,53.0,53.0,0.7391,MCV_EXACT
dmv.1384,registration_class,IN,PAS,native,1000,True,0.73775333,61.0,61.0,0.73775333,MCV_EXACT
dmv.1384,registration_class,IN,PAS,reservoir,100,True,0.73483336,45.0,45.0,0.73483336,MCV_EXACT
dmv.1384,registration_class,IN,PAS,reservoir,300,True,0.7368889,51.0,51.0,0.7368889,MCV_EXACT
dmv.1384,registration_class,IN,PAS,reservoir,1000,True,0.7375467,62.0,62.0,0.7375467,MCV_EXACT
dmv.1384,registration_class,IN,COM,native,100,True,0.0611,47.0,47.0,0.0611,MCV_EXACT
dmv.1384,registration_class,IN,COM,native,300,True,0.061277777,53.0,53.0,0.061277777,MCV_EXACT
dmv.1384,registration_class,IN,COM,native,1000,True,0.06229,61.0,61.0,0.06229,MCV_EXACT
dmv.1384,registration_class,IN,COM,reservoir,100,True,0.062233333,45.0,45.0,0.062233333,MCV_EXACT
dmv.1384,registration_class,IN,COM,reservoir,300,True,0.06218889,51.0,51.0,0.06218889,MCV_EXACT
dmv.1384,registration_class,IN,COM,reservoir,1000,True,0.061466668,62.0,62.0,0.061466668,MCV_EXACT
dmv.1384,body_type,=,TRAC,native,100,True,0.0027,44.0,44.0,0.0027,MCV_EXACT
dmv.1384,body_type,=,TRAC,native,300,True,0.0029333334,51.0,51.0,0.0029333334,MCV_EXACT
dmv.1384,body_type,=,TRAC,native,1000,True,0.0029833333,57.0,57.0,0.0029833333,MCV_EXACT
dmv.1384,body_type,=,TRAC,reservoir,100,True,0.0027333333,44.0,44.0,0.0027333333,MCV_EXACT
dmv.1384,body_type,=,TRAC,reservoir,300,True,0.0031888888,51.0,51.0,0.0031888888,MCV_EXACT
dmv.1384,body_type,=,TRAC,reservoir,1000,True,0.0030633332,55.0,55.0,0.0030633332,MCV_EXACT
dmv.1384,fuel_type,=,GAS,native,100,True,0.90966666,8.0,8.0,0.90966666,MCV_EXACT
dmv.1384,fuel_type,=,GAS,native,300,True,0.908,9.0,9.0,0.908,MCV_EXACT
dmv.1384,fuel_type,=,GAS,native,1000,True,0.9083833,9.0,9.0,0.9083833,MCV_EXACT
dmv.1384,fuel_type,=,GAS,reservoir,100,True,0.9099333,9.0,9.0,0.9099333,MCV_EXACT
dmv.1384,fuel_type,=,GAS,reservoir,300,True,0.90846664,9.0,9.0,0.90846664,MCV_EXACT
dmv.1384,fuel_type,=,GAS,reservoir,1000,True,0.90838665,9.0,9.0,0.90838665,MCV_EXACT
dmv.1110,record_type,=,VEH,native,100,True,0.92153335,4.0,4.0,0.92153335,MCV_EXACT
dmv.1110,record_type,=,VEH,native,300,True,0.91954446,4.0,4.0,0.91954446,MCV_EXACT
dmv.1110,record_type,=,VEH,native,1000,True,0.92067665,4.0,4.0,0.92067665,MCV_EXACT
dmv.1110,record_type,=,VEH,reservoir,100,True,0.9191333,4.0,4.0,0.9191333,MCV_EXACT
dmv.1110,record_type,=,VEH,reservoir,300,True,0.92116666,4.0,4.0,0.92116666,MCV_EXACT
dmv.1110,record_type,=,VEH,reservoir,1000,True,0.91965336,4.0,4.0,0.91965336,MCV_EXACT
dmv.1110,registration_class,IN,COM,native,100,True,0.0611,47.0,47.0,0.0611,MCV_EXACT
dmv.1110,registration_class,IN,COM,native,300,True,0.061277777,53.0,53.0,0.061277777,MCV_EXACT
dmv.1110,registration_class,IN,COM,native,1000,True,0.06229,61.0,61.0,0.06229,MCV_EXACT
dmv.1110,registration_class,IN,COM,reservoir,100,True,0.062233333,45.0,45.0,0.062233333,MCV_EXACT
dmv.1110,registration_class,IN,COM,reservoir,300,True,0.06218889,51.0,51.0,0.06218889,MCV_EXACT
dmv.1110,registration_class,IN,COM,reservoir,1000,True,0.061466668,62.0,62.0,0.061466668,MCV_EXACT
dmv.1110,registration_class,IN,LTR,native,100,True,0.020233333,47.0,47.0,0.020233333,MCV_EXACT
dmv.1110,registration_class,IN,LTR,native,300,True,0.020477777,53.0,53.0,0.020477777,MCV_EXACT
dmv.1110,registration_class,IN,LTR,native,1000,True,0.020816667,61.0,61.0,0.020816667,MCV_EXACT
dmv.1110,registration_class,IN,LTR,reservoir,100,True,0.022,45.0,45.0,0.022,MCV_EXACT
dmv.1110,registration_class,IN,LTR,reservoir,300,True,0.020622222,51.0,51.0,0.020622222,MCV_EXACT
dmv.1110,registration_class,IN,LTR,reservoir,1000,True,0.020843333,62.0,62.0,0.020843333,MCV_EXACT
dmv.1110,registration_class,IN,BOT,native,100,True,0.032366667,47.0,47.0,0.032366667,MCV_EXACT
dmv.1110,registration_class,IN,BOT,native,300,True,0.033277776,53.0,53.0,0.033277776,MCV_EXACT
dmv.1110,registration_class,IN,BOT,native,1000,True,0.032226667,61.0,61.0,0.032226667,MCV_EXACT
dmv.1110,registration_class,IN,BOT,reservoir,100,True,0.033533335,45.0,45.0,0.033533335,MCV_EXACT
dmv.1110,registration_class,IN,BOT,reservoir,300,True,0.03141111,51.0,51.0,0.03141111,MCV_EXACT
dmv.1110,registration_class,IN,BOT,reservoir,1000,True,0.03262,62.0,62.0,0.03262,MCV_EXACT
dmv.1110,state,IN,NY,native,100,True,0.9827667,34.0,34.0,0.9827667,MCV_EXACT
dmv.1110,state,IN,NY,native,300,True,0.9819,43.0,43.0,0.9819,MCV_EXACT
dmv.1110,state,IN,NY,native,1000,True,0.98188,57.0,57.0,0.98188,MCV_EXACT
dmv.1110,state,IN,NY,reservoir,100,True,0.9824333,36.0,36.0,0.9824333,MCV_EXACT
dmv.1110,state,IN,NY,reservoir,300,True,0.9819667,47.0,47.0,0.9819667,MCV_EXACT
dmv.1110,state,IN,NY,reservoir,1000,True,0.98213,56.0,56.0,0.98213,MCV_EXACT
dmv.1110,state,IN,NJ,native,100,True,0.0036666666,34.0,34.0,0.0036666666,MCV_EXACT
dmv.1110,state,IN,NJ,native,300,True,0.003911111,43.0,43.0,0.003911111,MCV_EXACT
dmv.1110,state,IN,NJ,native,1000,True,0.0040566665,57.0,57.0,0.0040566665,MCV_EXACT
dmv.1110,state,IN,NJ,reservoir,100,True,0.0038666667,36.0,36.0,0.0038666667,MCV_EXACT
dmv.1110,state,IN,NJ,reservoir,300,True,0.004033333,47.0,47.0,0.004033333,MCV_EXACT
dmv.1110,state,IN,NJ,reservoir,1000,True,0.0040233335,56.0,56.0,0.0040233335,MCV_EXACT
dmv.1110,state,IN,OK,native,100,True,0.004466667,34.0,34.0,0.004466667,MCV_EXACT
dmv.1110,state,IN,OK,native,300,True,0.0044555557,43.0,43.0,0.0044555557,MCV_EXACT
dmv.1110,state,IN,OK,native,1000,True,0.004393333,57.0,57.0,0.004393333,MCV_EXACT
dmv.1110,state,IN,OK,reservoir,100,True,0.0045666667,36.0,36.0,0.0045666667,MCV_EXACT
dmv.1110,state,IN,OK,reservoir,300,True,0.004644444,47.0,47.0,0.004644444,MCV_EXACT
dmv.1110,state,IN,OK,reservoir,1000,True,0.004273333,56.0,56.0,0.004273333,MCV_EXACT
dmv.1110,state,IN,PA,native,100,True,0.0009666667,34.0,34.0,0.0009666667,MCV_EXACT
dmv.1110,state,IN,PA,native,300,True,0.0015555555,43.0,43.0,0.0015555555,MCV_EXACT
dmv.1110,state,IN,PA,native,1000,True,0.0014266666,57.0,57.0,0.0014266666,MCV_EXACT
dmv.1110,state,IN,PA,reservoir,100,True,0.0013,36.0,36.0,0.0013,MCV_EXACT
dmv.1110,state,IN,PA,reservoir,300,True,0.0013888889,47.0,47.0,0.0013888889,MCV_EXACT
dmv.1110,state,IN,PA,reservoir,1000,True,0.0014966667,56.0,56.0,0.0014966667,MCV_EXACT
dmv.1110,state,IN,MD,native,100,True,0.0013333333,34.0,34.0,0.0013333333,MCV_EXACT
dmv.1110,state,IN,MD,native,300,True,0.0013222222,43.0,43.0,0.0013222222,MCV_EXACT
dmv.1110,state,IN,MD,native,1000,True,0.0014033334,57.0,57.0,0.0014033334,MCV_EXACT
dmv.1110,state,IN,MD,reservoir,100,True,0.0015333333,36.0,36.0,0.0015333333,MCV_EXACT
dmv.1110,state,IN,MD,reservoir,300,True,0.0013333333,47.0,47.0,0.0013333333,MCV_EXACT
dmv.1110,state,IN,MD,reservoir,1000,True,0.0013333333,56.0,56.0,0.0013333333,MCV_EXACT
dmv.1110,state,IN,IL,native,100,True,0.0013,34.0,34.0,0.0013,MCV_EXACT
dmv.1110,state,IN,IL,native,300,True,0.0014,43.0,43.0,0.0014,MCV_EXACT
dmv.1110,state,IN,IL,native,1000,True,0.0013566667,57.0,57.0,0.0013566667,MCV_EXACT
dmv.1110,state,IN,IL,reservoir,100,True,0.0012,36.0,36.0,0.0012,MCV_EXACT
dmv.1110,state,IN,IL,reservoir,300,True,0.0014111111,47.0,47.0,0.0014111111,MCV_EXACT
dmv.1110,state,IN,IL,reservoir,1000,True,0.00129,56.0,56.0,0.00129,MCV_EXACT
dmv.1110,state,IN,TX,native,100,True,0.0006,34.0,34.0,0.0006,MCV_EXACT
dmv.1110,state,IN,TX,native,300,True,0.00076666666,43.0,43.0,0.00076666666,MCV_EXACT
dmv.1110,state,IN,TX,native,1000,True,0.0008066667,57.0,57.0,0.0008066667,MCV_EXACT
dmv.1110,state,IN,TX,reservoir,100,True,0.00083333335,36.0,36.0,0.00083333335,MCV_EXACT
dmv.1110,state,IN,TX,reservoir,300,True,0.00077777775,47.0,47.0,0.00077777775,MCV_EXACT
dmv.1110,state,IN,TX,reservoir,1000,True,0.0008166667,56.0,56.0,0.0008166667,MCV_EXACT
dmv.1110,state,IN,FL,native,100,True,0.00056666665,34.0,34.0,0.00056666665,MCV_EXACT
dmv.1110,state,IN,FL,native,300,True,0.00056666665,43.0,43.0,0.00056666665,MCV_EXACT
dmv.1110,state,IN,FL,native,1000,True,0.0005533333,57.0,57.0,0.0005533333,MCV_EXACT
dmv.1110,state,IN,FL,reservoir,100,True,0.0005,36.0,36.0,0.0005,MCV_EXACT
dmv.1110,state,IN,FL,reservoir,300,True,0.00063333334,47.0,47.0,0.00063333334,MCV_EXACT
dmv.1110,state,IN,FL,reservoir,1000,True,0.00051333336,56.0,56.0,0.00051333336,MCV_EXACT
dmv.1110,state,IN,GA,native,100,True,0.00043333333,34.0,34.0,0.00043333333,MCV_EXACT
dmv.1110,state,IN,GA,native,300,True,0.00055555557,43.0,43.0,0.00055555557,MCV_EXACT
dmv.1110,state,IN,GA,native,1000,True,0.0005533333,57.0,57.0,0.0005533333,MCV_EXACT
dmv.1110,state,IN,GA,reservoir,100,True,0.00046666668,36.0,36.0,0.00046666668,MCV_EXACT
dmv.1110,state,IN,GA,reservoir,300,True,0.00043333333,47.0,47.0,0.00043333333,MCV_EXACT
dmv.1110,state,IN,GA,reservoir,1000,True,0.0005533333,56.0,56.0,0.0005533333,MCV_EXACT
dmv.1110,county,IN,JEFFERSON,native,100,True,0.008133333,63.0,63.0,0.008133333,MCV_EXACT
dmv.1110,county,IN,JEFFERSON,native,300,True,0.008633333,63.0,63.0,0.008633333,MCV_EXACT
dmv.1110,county,IN,JEFFERSON,native,1000,True,0.008503334,63.0,63.0,0.008503334,MCV_EXACT
dmv.1110,county,IN,JEFFERSON,reservoir,100,True,0.0079333335,63.0,63.0,0.0079333335,MCV_EXACT
dmv.1110,county,IN,JEFFERSON,reservoir,300,True,0.0083111115,63.0,63.0,0.0083111115,MCV_EXACT
dmv.1110,county,IN,JEFFERSON,reservoir,1000,True,0.00858,63.0,63.0,0.00858,MCV_EXACT
dmv.1110,county,IN,ST LAWRENCE,native,100,True,0.0079666665,63.0,63.0,0.0079666665,MCV_EXACT
dmv.1110,county,IN,ST LAWRENCE,native,300,True,0.007977778,63.0,63.0,0.007977778,MCV_EXACT
dmv.1110,county,IN,ST LAWRENCE,native,1000,True,0.008006667,63.0,63.0,0.008006667,MCV_EXACT
dmv.1110,county,IN,ST LAWRENCE,reservoir,100,True,0.0077,63.0,63.0,0.0077,MCV_EXACT
dmv.1110,county,IN,ST LAWRENCE,reservoir,300,True,0.008344444,63.0,63.0,0.008344444,MCV_EXACT
dmv.1110,county,IN,ST LAWRENCE,reservoir,1000,True,0.007913333,63.0,63.0,0.007913333,MCV_EXACT
dmv.1110,county,IN,WAYNE,native,100,True,0.008633333,63.0,63.0,0.008633333,MCV_EXACT
dmv.1110,county,IN,WAYNE,native,300,True,0.007511111,63.0,63.0,0.007511111,MCV_EXACT
dmv.1110,county,IN,WAYNE,native,1000,True,0.00785,63.0,63.0,0.00785,MCV_EXACT
dmv.1110,county,IN,WAYNE,reservoir,100,True,0.008533333,63.0,63.0,0.008533333,MCV_EXACT
dmv.1110,county,IN,WAYNE,reservoir,300,True,0.007922222,63.0,63.0,0.007922222,MCV_EXACT
dmv.1110,county,IN,WAYNE,reservoir,1000,True,0.007856667,63.0,63.0,0.007856667,MCV_EXACT
dmv.1110,body_type,=,SUBN,native,100,True,0.41933334,44.0,44.0,0.41933334,MCV_EXACT
dmv.1110,body_type,=,SUBN,native,300,True,0.41893333,51.0,51.0,0.41893333,MCV_EXACT
dmv.1110,body_type,=,SUBN,native,1000,True,0.41974333,57.0,57.0,0.41974333,MCV_EXACT
dmv.1110,body_type,=,SUBN,reservoir,100,True,0.41733333,44.0,44.0,0.41733333,MCV_EXACT
dmv.1110,body_type,=,SUBN,reservoir,300,True,0.41766667,51.0,51.0,0.41766667,MCV_EXACT
dmv.1110,body_type,=,SUBN,reservoir,1000,True,0.42038,55.0,55.0,0.42038,MCV_EXACT
dmv.1110,scofflaw_indicator,=,N,native,100,True,0.9998,2.0,2.0,0.9998,MCV_EXACT
dmv.1110,scofflaw_indicator,=,N,native,300,True,0.99976665,2.0,2.0,0.99976665,MCV_EXACT
dmv.1110,scofflaw_indicator,=,N,native,1000,True,0.9997467,2.0,2.0,0.9997467,MCV_EXACT
dmv.1110,scofflaw_indicator,=,N,reservoir,100,True,0.9999,2.0,2.0,0.9999,MCV_EXACT
dmv.1110,scofflaw_indicator,=,N,reservoir,300,True,0.9997889,2.0,2.0,0.9997889,MCV_EXACT
dmv.1110,scofflaw_indicator,=,N,reservoir,1000,True,0.99978334,2.0,2.0,0.99978334,MCV_EXACT
dmv.547,record_type,=,VEH,native,100,True,0.92153335,4.0,4.0,0.92153335,MCV_EXACT
dmv.547,record_type,=,VEH,native,300,True,0.91954446,4.0,4.0,0.91954446,MCV_EXACT
dmv.547,record_type,=,VEH,native,1000,True,0.92067665,4.0,4.0,0.92067665,MCV_EXACT
dmv.547,record_type,=,VEH,reservoir,100,True,0.9191333,4.0,4.0,0.9191333,MCV_EXACT
dmv.547,record_type,=,VEH,reservoir,300,True,0.92116666,4.0,4.0,0.92116666,MCV_EXACT
dmv.547,record_type,=,VEH,reservoir,1000,True,0.91965336,4.0,4.0,0.91965336,MCV_EXACT
dmv.547,registration_class,IN,PAS,native,100,True,0.738,47.0,47.0,0.738,MCV_EXACT
dmv.547,registration_class,IN,PAS,native,300,True,0.7391,53.0,53.0,0.7391,MCV_EXACT
dmv.547,registration_class,IN,PAS,native,1000,True,0.73775333,61.0,61.0,0.73775333,MCV_EXACT
dmv.547,registration_class,IN,PAS,reservoir,100,True,0.73483336,45.0,45.0,0.73483336,MCV_EXACT
dmv.547,registration_class,IN,PAS,reservoir,300,True,0.7368889,51.0,51.0,0.7368889,MCV_EXACT
dmv.547,registration_class,IN,PAS,reservoir,1000,True,0.7375467,62.0,62.0,0.7375467,MCV_EXACT
dmv.547,registration_class,IN,COM,native,100,True,0.0611,47.0,47.0,0.0611,MCV_EXACT
dmv.547,registration_class,IN,COM,native,300,True,0.061277777,53.0,53.0,0.061277777,MCV_EXACT
dmv.547,registration_class,IN,COM,native,1000,True,0.06229,61.0,61.0,0.06229,MCV_EXACT
dmv.547,registration_class,IN,COM,reservoir,100,True,0.062233333,45.0,45.0,0.062233333,MCV_EXACT
dmv.547,registration_class,IN,COM,reservoir,300,True,0.06218889,51.0,51.0,0.06218889,MCV_EXACT
dmv.547,registration_class,IN,COM,reservoir,1000,True,0.061466668,62.0,62.0,0.061466668,MCV_EXACT
dmv.547,registration_class,IN,LTR,native,100,True,0.020233333,47.0,47.0,0.020233333,MCV_EXACT
dmv.547,registration_class,IN,LTR,native,300,True,0.020477777,53.0,53.0,0.020477777,MCV_EXACT
dmv.547,registration_class,IN,LTR,native,1000,True,0.020816667,61.0,61.0,0.020816667,MCV_EXACT
dmv.547,registration_class,IN,LTR,reservoir,100,True,0.022,45.0,45.0,0.022,MCV_EXACT
dmv.547,registration_class,IN,LTR,reservoir,300,True,0.020622222,51.0,51.0,0.020622222,MCV_EXACT
dmv.547,registration_class,IN,LTR,reservoir,1000,True,0.020843333,62.0,62.0,0.020843333,MCV_EXACT
dmv.547,registration_class,IN,BOT,native,100,True,0.032366667,47.0,47.0,0.032366667,MCV_EXACT
dmv.547,registration_class,IN,BOT,native,300,True,0.033277776,53.0,53.0,0.033277776,MCV_EXACT
dmv.547,registration_class,IN,BOT,native,1000,True,0.032226667,61.0,61.0,0.032226667,MCV_EXACT
dmv.547,registration_class,IN,BOT,reservoir,100,True,0.033533335,45.0,45.0,0.033533335,MCV_EXACT
dmv.547,registration_class,IN,BOT,reservoir,300,True,0.03141111,51.0,51.0,0.03141111,MCV_EXACT
dmv.547,registration_class,IN,BOT,reservoir,1000,True,0.03262,62.0,62.0,0.03262,MCV_EXACT
dmv.547,registration_class,IN,MOT,native,100,True,0.031133333,47.0,47.0,0.031133333,MCV_EXACT
dmv.547,registration_class,IN,MOT,native,300,True,0.029577779,53.0,53.0,0.029577779,MCV_EXACT
dmv.547,registration_class,IN,MOT,native,1000,True,0.030103333,61.0,61.0,0.030103333,MCV_EXACT
dmv.547,registration_class,IN,MOT,reservoir,100,True,0.029833334,45.0,45.0,0.029833334,MCV_EXACT
dmv.547,registration_class,IN,MOT,reservoir,300,True,0.031266667,51.0,51.0,0.031266667,MCV_EXACT
dmv.547,registration_class,IN,MOT,reservoir,1000,True,0.029883333,62.0,62.0,0.029883333,MCV_EXACT
dmv.547,registration_class,IN,TRL,native,100,True,0.012633333,47.0,47.0,0.012633333,MCV_EXACT
dmv.547,registration_class,IN,TRL,native,300,True,0.0125222225,53.0,53.0,0.0125222225,MCV_EXACT
dmv.547,registration_class,IN,TRL,native,1000,True,0.012476667,61.0,61.0,0.012476667,MCV_EXACT
dmv.547,registration_class,IN,TRL,reservoir,100,True,0.012666667,45.0,45.0,0.012666667,MCV_EXACT
dmv.547,registration_class,IN,TRL,reservoir,300,True,0.013266667,51.0,51.0,0.013266667,MCV_EXACT
dmv.547,registration_class,IN,TRL,reservoir,1000,True,0.01319,62.0,62.0,0.01319,MCV_EXACT
dmv.547,registration_class,IN,SRF,native,100,True,0.0191,47.0,47.0,0.0191,MCV_EXACT
dmv.547,registration_class,IN,SRF,native,300,True,0.0173,53.0,53.0,0.0173,MCV_EXACT
dmv.547,registration_class,IN,SRF,native,1000,True,0.017606666,61.0,61.0,0.017606666,MCV_EXACT
dmv.547,registration_class,IN,SRF,reservoir,100,True,0.018833334,45.0,45.0,0.018833334,MCV_EXACT
dmv.547,registration_class,IN,SRF,reservoir,300,True,0.018533334,51.0,51.0,0.018533334,MCV_EXACT
dmv.547,registration_class,IN,SRF,reservoir,1000,True,0.018103333,62.0,62.0,0.018103333,MCV_EXACT
dmv.547,registration_class,IN,PSD,native,100,True,0.013966667,47.0,47.0,0.013966667,MCV_EXACT
dmv.547,registration_class,IN,PSD,native,300,True,0.0143444445,53.0,53.0,0.0143444445,MCV_EXACT
dmv.547,registration_class,IN,PSD,native,1000,True,0.014146667,61.0,61.0,0.014146667,MCV_EXACT
dmv.547,registration_class,IN,PSD,reservoir,100,True,0.014733333,45.0,45.0,0.014733333,MCV_EXACT
dmv.547,registration_class,IN,PSD,reservoir,300,True,0.013866667,51.0,51.0,0.013866667,MCV_EXACT
dmv.547,registration_class,IN,PSD,reservoir,1000,True,0.01397,62.0,62.0,0.01397,MCV_EXACT
dmv.547,registration_class,IN,OMT,native,100,True,0.011033333,47.0,47.0,0.011033333,MCV_EXACT
dmv.547,registration_class,IN,OMT,native,300,True,0.011777778,53.0,53.0,0.011777778,MCV_EXACT
dmv.547,registration_class,IN,OMT,native,1000,True,0.01224,61.0,61.0,0.01224,MCV_EXACT
dmv.547,registration_class,IN,OMT,reservoir,100,True,0.0125,45.0,45.0,0.0125,MCV_EXACT
dmv.547,registration_class,IN,OMT,reservoir,300,True,0.011655555,51.0,51.0,0.011655555,MCV_EXACT
dmv.547,registration_class,IN,OMT,reservoir,1000,True,0.01184,62.0,62.0,0.01184,MCV_EXACT
dmv.547,registration_class,IN,OMS,native,100,True,0.010233333,47.0,47.0,0.010233333,MCV_EXACT
dmv.547,registration_class,IN,OMS,native,300,True,0.009311111,53.0,53.0,0.009311111,MCV_EXACT
dmv.547,registration_class,IN,OMS,native,1000,True,0.009596666,61.0,61.0,0.009596666,MCV_EXACT
dmv.547,registration_class,IN,OMS,reservoir,100,True,0.009666666,45.0,45.0,0.009666666,MCV_EXACT
dmv.547,registration_class,IN,OMS,reservoir,300,True,0.010144444,51.0,51.0,0.010144444,MCV_EXACT
dmv.547,registration_class,IN,OMS,reservoir,1000,True,0.009406666,62.0,62.0,0.009406666,MCV_EXACT
dmv.547,registration_class,IN,ATV,native,100,True,0.008366667,47.0,47.0,0.008366667,MCV_EXACT
dmv.547,registration_class,IN,ATV,native,300,True,0.009322222,53.0,53.0,0.009322222,MCV_EXACT
dmv.547,registration_class,IN,ATV,native,1000,True,0.00911,61.0,61.0,0.00911,MCV_EXACT
dmv.547,registration_class,IN,ATV,reservoir,100,True,0.0085,45.0,45.0,0.0085,MCV_EXACT
dmv.547,registration_class,IN,ATV,reservoir,300,True,0.008722222,51.0,51.0,0.008722222,MCV_EXACT
dmv.547,registration_class,IN,ATV,reservoir,1000,True,0.00897,62.0,62.0,0.00897,MCV_EXACT
dmv.547,registration_class,IN,SNO,native,100,True,0.0071333335,47.0,47.0,0.0071333335,MCV_EXACT
dmv.547,registration_class,IN,SNO,native,300,True,0.008444444,53.0,53.0,0.008444444,MCV_EXACT
dmv.547,registration_class,IN,SNO,native,1000,True,0.00852,61.0,61.0,0.00852,MCV_EXACT
dmv.547,registration_class,IN,SNO,reservoir,100,True,0.0076,45.0,45.0,0.0076,MCV_EXACT
dmv.547,registration_class,IN,SNO,reservoir,300,True,0.008155555,51.0,51.0,0.008155555,MCV_EXACT
dmv.547,registration_class,IN,SNO,reservoir,1000,True,0.00822,62.0,62.0,0.00822,MCV_EXACT
dmv.547,registration_class,IN,HOU,native,100,True,0.0020333333,47.0,47.0,0.0020333333,MCV_EXACT
dmv.547,registration_class,IN,HOU,native,300,True,0.0018111111,53.0,53.0,0.0018111111,MCV_EXACT
dmv.547,registration_class,IN,HOU,native,1000,True,0.0017666667,61.0,61.0,0.0017666667,MCV_EXACT
dmv.547,registration_class,IN,HOU,reservoir,100,True,0.0016333334,45.0,45.0,0.0016333334,MCV_EXACT
dmv.547,registration_class,IN,HOU,reservoir,300,True,0.0018222223,51.0,51.0,0.0018222223,MCV_EXACT
dmv.547,registration_class,IN,HOU,reservoir,1000,True,0.0017333333,62.0,62.0,0.0017333333,MCV_EXACT
dmv.547,registration_class,IN,ORG,native,100,True,0.0049666665,47.0,47.0,0.0049666665,MCV_EXACT
dmv.547,registration_class,IN,ORG,native,300,True,0.0044,53.0,53.0,0.0044,MCV_EXACT
dmv.547,registration_class,IN,ORG,native,1000,True,0.0044166665,61.0,61.0,0.0044166665,MCV_EXACT
dmv.547,registration_class,IN,ORG,reservoir,100,True,0.0048666666,45.0,45.0,0.0048666666,MCV_EXACT
dmv.547,registration_class,IN,ORG,reservoir,300,True,0.004288889,51.0,51.0,0.004288889,MCV_EXACT
dmv.547,registration_class,IN,ORG,reservoir,1000,True,0.0044733332,62.0,62.0,0.0044733332,MCV_EXACT
dmv.547,registration_class,IN,SEM,native,100,True,0.0040666666,47.0,47.0,0.0040666666,MCV_EXACT
dmv.547,registration_class,IN,SEM,native,300,True,0.003922222,53.0,53.0,0.003922222,MCV_EXACT
dmv.547,registration_class,IN,SEM,native,1000,True,0.0035166666,61.0,61.0,0.0035166666,MCV_EXACT
dmv.547,registration_class,IN,SEM,reservoir,100,True,0.0034333332,45.0,45.0,0.0034333332,MCV_EXACT
dmv.547,registration_class,IN,SEM,reservoir,300,True,0.0035555556,51.0,51.0,0.0035555556,MCV_EXACT
dmv.547,registration_class,IN,SEM,reservoir,1000,True,0.00374,62.0,62.0,0.00374,MCV_EXACT
dmv.547,registration_class,IN,HIS,native,100,True,0.0033333334,47.0,47.0,0.0033333334,MCV_EXACT
dmv.547,registration_class,IN,HIS,native,300,True,0.0035,53.0,53.0,0.0035,MCV_EXACT
dmv.547,registration_class,IN,HIS,native,1000,True,0.0035466666,61.0,61.0,0.0035466666,MCV_EXACT
dmv.547,registration_class,IN,HIS,reservoir,100,True,0.0033,45.0,45.0,0.0033,MCV_EXACT
dmv.547,registration_class,IN,HIS,reservoir,300,True,0.0036666666,51.0,51.0,0.0036666666,MCV_EXACT
dmv.547,registration_class,IN,HIS,reservoir,1000,True,0.00357,62.0,62.0,0.00357,MCV_EXACT
dmv.547,registration_class,IN,IRP,native,100,True,0.0027666667,47.0,47.0,0.0027666667,MCV_EXACT
dmv.547,registration_class,IN,IRP,native,300,True,0.0028,53.0,53.0,0.0028,MCV_EXACT
dmv.547,registration_class,IN,IRP,native,1000,True,0.00312,61.0,61.0,0.00312,MCV_EXACT
dmv.547,registration_class,IN,IRP,reservoir,100,True,0.0027666667,45.0,45.0,0.0027666667,MCV_EXACT
dmv.547,registration_class,IN,IRP,reservoir,300,True,0.0029888889,51.0,51.0,0.0029888889,MCV_EXACT
dmv.547,registration_class,IN,IRP,reservoir,1000,True,0.00327,62.0,62.0,0.00327,MCV_EXACT
dmv.547,registration_class,IN,OMR,native,100,True,0.0024666667,47.0,47.0,0.0024666667,MCV_EXACT
dmv.547,registration_class,IN,OMR,native,300,True,0.0021444445,53.0,53.0,0.0021444445,MCV_EXACT
dmv.547,registration_class,IN,OMR,native,1000,True,0.00213,61.0,61.0,0.00213,MCV_EXACT
dmv.547,registration_class,IN,OMR,reservoir,100,True,0.0021,45.0,45.0,0.0021,MCV_EXACT
dmv.547,registration_class,IN,OMR,reservoir,300,True,0.0021555556,51.0,51.0,0.0021555556,MCV_EXACT
dmv.547,registration_class,IN,OMR,reservoir,1000,True,0.0022933334,62.0,62.0,0.0022933334,MCV_EXACT
dmv.547,registration_class,IN,STA,native,100,True,0.0018,47.0,47.0,0.0018,MCV_EXACT
dmv.547,registration_class,IN,STA,native,300,True,0.0016222222,53.0,53.0,0.0016222222,MCV_EXACT
dmv.547,registration_class,IN,STA,native,1000,True,0.0017566667,61.0,61.0,0.0017566667,MCV_EXACT
dmv.547,registration_class,IN,STA,reservoir,100,True,0.0018,45.0,45.0,0.0018,MCV_EXACT
dmv.547,registration_class,IN,STA,reservoir,300,True,0.0017555555,51.0,51.0,0.0017555555,MCV_EXACT
dmv.547,registration_class,IN,STA,reservoir,1000,True,0.0017,62.0,62.0,0.0017,MCV_EXACT
dmv.547,registration_class,IN,AGR,native,100,True,0.0017333333,47.0,47.0,0.0017333333,MCV_EXACT
dmv.547,registration_class,IN,AGR,native,300,True,0.0017111112,53.0,53.0,0.0017111112,MCV_EXACT
dmv.547,registration_class,IN,AGR,native,1000,True,0.0015733333,61.0,61.0,0.0015733333,MCV_EXACT
dmv.547,registration_class,IN,AGR,reservoir,100,True,0.0015666666,45.0,45.0,0.0015666666,MCV_EXACT
dmv.547,registration_class,IN,AGR,reservoir,300,True,0.0013555556,51.0,51.0,0.0013555556,MCV_EXACT
dmv.547,registration_class,IN,AGR,reservoir,1000,True,0.0015366666,62.0,62.0,0.0015366666,MCV_EXACT
dmv.547,registration_class,IN,SPO,native,100,True,0.0009666667,47.0,47.0,0.0009666667,MCV_EXACT
dmv.547,registration_class,IN,SPO,native,300,True,0.0010333334,53.0,53.0,0.0010333334,MCV_EXACT
dmv.547,registration_class,IN,SPO,native,1000,True,0.00113,61.0,61.0,0.00113,MCV_EXACT
dmv.547,registration_class,IN,SPO,reservoir,100,True,0.0010666667,45.0,45.0,0.0010666667,MCV_EXACT
dmv.547,registration_class,IN,SPO,reservoir,300,True,0.0013666666,51.0,51.0,0.0013666666,MCV_EXACT
dmv.547,registration_class,IN,SPO,reservoir,1000,True,0.0010766666,62.0,62.0,0.0010766666,MCV_EXACT
dmv.547,registration_class,IN,FAR,native,100,True,0.0011666666,47.0,47.0,0.0011666666,MCV_EXACT
dmv.547,registration_class,IN,FAR,native,300,True,0.0010222222,53.0,53.0,0.0010222222,MCV_EXACT
dmv.547,registration_class,IN,FAR,native,1000,True,0.0010533333,61.0,61.0,0.0010533333,MCV_EXACT
dmv.547,registration_class,IN,FAR,reservoir,100,True,0.00086666667,45.0,45.0,0.00086666667,MCV_EXACT
dmv.547,registration_class,IN,FAR,reservoir,300,True,0.0009,51.0,51.0,0.0009,MCV_EXACT
dmv.547,registration_class,IN,FAR,reservoir,1000,True,0.0010766666,62.0,62.0,0.0010766666,MCV_EXACT
dmv.547,registration_class,IN,RGL,native,100,True,0.0010666667,47.0,47.0,0.0010666667,MCV_EXACT
dmv.547,registration_class,IN,RGL,native,300,True,0.0011111111,53.0,53.0,0.0011111111,MCV_EXACT
dmv.547,registration_class,IN,RGL,native,1000,True,0.00095666666,61.0,61.0,0.00095666666,MCV_EXACT
dmv.547,registration_class,IN,RGL,reservoir,100,True,0.0015,45.0,45.0,0.0015,MCV_EXACT
dmv.547,registration_class,IN,RGL,reservoir,300,True,0.0009777778,51.0,51.0,0.0009777778,MCV_EXACT
dmv.547,registration_class,IN,RGL,reservoir,1000,True,0.0011633333,62.0,62.0,0.0011633333,MCV_EXACT
dmv.547,registration_class,IN,MED,native,100,True,0.0010666667,47.0,47.0,0.0010666667,MCV_EXACT
dmv.547,registration_class,IN,MED,native,300,True,0.00086666667,53.0,53.0,0.00086666667,MCV_EXACT
dmv.547,registration_class,IN,MED,native,1000,True,0.0009966666,61.0,61.0,0.0009966666,MCV_EXACT
dmv.547,registration_class,IN,MED,reservoir,100,True,0.0009,45.0,45.0,0.0009,MCV_EXACT
dmv.547,registration_class,IN,MED,reservoir,300,True,0.0009777778,51.0,51.0,0.0009777778,MCV_EXACT
dmv.547,registration_class,IN,MED,reservoir,1000,True,0.0010466666,62.0,62.0,0.0010466666,MCV_EXACT
dmv.547,registration_class,IN,SCL,native,100,True,0.0014333334,47.0,47.0,0.0014333334,MCV_EXACT
dmv.547,registration_class,IN,SCL,native,300,True,0.0011111111,53.0,53.0,0.0011111111,MCV_EXACT
dmv.547,registration_class,IN,SCL,native,1000,True,0.00098,61.0,61.0,0.00098,MCV_EXACT
dmv.547,registration_class,IN,SCL,reservoir,100,True,0.0011666666,45.0,45.0,0.0011666666,MCV_EXACT
dmv.547,registration_class,IN,SCL,reservoir,300,True,0.00086666667,51.0,51.0,0.00086666667,MCV_EXACT
dmv.547,registration_class,IN,SCL,reservoir,1000,True,0.00097,62.0,62.0,0.00097,MCV_EXACT
dmv.547,registration_class,IN,SPC,native,100,True,0.00073333335,47.0,47.0,0.00073333335,MCV_EXACT
dmv.547,registration_class,IN,SPC,native,300,True,0.0009888889,53.0,53.0,0.0009888889,MCV_EXACT
dmv.547,registration_class,IN,SPC,native,1000,True,0.0009833333,61.0,61.0,0.0009833333,MCV_EXACT
dmv.547,registration_class,IN,SPC,reservoir,100,True,0.0009666667,45.0,45.0,0.0009666667,MCV_EXACT
dmv.547,registration_class,IN,SPC,reservoir,300,True,0.0011111111,51.0,51.0,0.0011111111,MCV_EXACT
dmv.547,registration_class,IN,SPC,reservoir,1000,True,0.0008833333,62.0,62.0,0.0008833333,MCV_EXACT
dmv.547,registration_class,IN,TRC,native,100,True,0.00066666666,47.0,47.0,0.00066666666,MCV_EXACT
dmv.547,registration_class,IN,TRC,native,300,True,0.00084444444,53.0,53.0,0.00084444444,MCV_EXACT
dmv.547,registration_class,IN,TRC,native,1000,True,0.00069,61.0,61.0,0.00069,MCV_EXACT
dmv.547,registration_class,IN,TRC,reservoir,100,True,0.0007,45.0,45.0,0.0007,MCV_EXACT
dmv.547,registration_class,IN,TRC,reservoir,300,True,0.00086666667,51.0,51.0,0.00086666667,MCV_EXACT
dmv.547,registration_class,IN,TRC,reservoir,1000,True,0.00072666665,62.0,62.0,0.00072666665,MCV_EXACT
dmv.547,body_type,=,ATV,native,100,True,0.0084,44.0,44.0,0.0084,MCV_EXACT
dmv.547,body_type,=,ATV,native,300,True,0.009322222,51.0,51.0,0.009322222,MCV_EXACT
dmv.547,body_type,=,ATV,native,1000,True,0.009113333,57.0,57.0,0.009113333,MCV_EXACT
dmv.547,body_type,=,ATV,reservoir,100,True,0.0085,44.0,44.0,0.0085,MCV_EXACT
dmv.547,body_type,=,ATV,reservoir,300,True,0.008744445,51.0,51.0,0.008744445,MCV_EXACT
dmv.547,body_type,=,ATV,reservoir,1000,True,0.008986667,55.0,55.0,0.008986667,MCV_EXACT
dmv.547,fuel_type,IN,DIESEL,native,100,True,0.039533332,8.0,8.0,0.039533332,MCV_EXACT
dmv.547,fuel_type,IN,DIESEL,native,300,True,0.0401,9.0,9.0,0.0401,MCV_EXACT
dmv.547,fuel_type,IN,DIESEL,native,1000,True,0.039216667,9.0,9.0,0.039216667,MCV_EXACT
dmv.547,fuel_type,IN,DIESEL,reservoir,100,True,0.0371,9.0,9.0,0.0371,MCV_EXACT
dmv.547,fuel_type,IN,DIESEL,reservoir,300,True,0.03811111,9.0,9.0,0.03811111,MCV_EXACT
dmv.547,fuel_type,IN,DIESEL,reservoir,1000,True,0.038793333,9.0,9.0,0.038793333,MCV_EXACT
dmv.547,fuel_type,IN,ELECTRIC,native,100,True,0.0020666667,8.0,8.0,0.0020666667,MCV_EXACT
dmv.547,fuel_type,IN,ELECTRIC,native,300,True,0.0018666667,9.0,9.0,0.0018666667,MCV_EXACT
dmv.547,fuel_type,IN,ELECTRIC,native,1000,True,0.0023033333,9.0,9.0,0.0023033333,MCV_EXACT
dmv.547,fuel_type,IN,ELECTRIC,reservoir,100,True,0.0026,9.0,9.0,0.0026,MCV_EXACT
dmv.547,fuel_type,IN,ELECTRIC,reservoir,300,True,0.0026444444,9.0,9.0,0.0026444444,MCV_EXACT
dmv.547,fuel_type,IN,ELECTRIC,reservoir,1000,True,0.00228,9.0,9.0,0.00228,MCV_EXACT
dmv.1885,record_type,=,VEH,native,100,True,0.92153335,4.0,4.0,0.92153335,MCV_EXACT
dmv.1885,record_type,=,VEH,native,300,True,0.91954446,4.0,4.0,0.91954446,MCV_EXACT
dmv.1885,record_type,=,VEH,native,1000,True,0.92067665,4.0,4.0,0.92067665,MCV_EXACT
dmv.1885,record_type,=,VEH,reservoir,100,True,0.9191333,4.0,4.0,0.9191333,MCV_EXACT
dmv.1885,record_type,=,VEH,reservoir,300,True,0.92116666,4.0,4.0,0.92116666,MCV_EXACT
dmv.1885,record_type,=,VEH,reservoir,1000,True,0.91965336,4.0,4.0,0.91965336,MCV_EXACT
dmv.1885,county,IN,SUFFOLK,native,100,True,0.10983333,63.0,63.0,0.10983333,MCV_EXACT
dmv.1885,county,IN,SUFFOLK,native,300,True,0.11112222,63.0,63.0,0.11112222,MCV_EXACT
dmv.1885,county,IN,SUFFOLK,native,1000,True,0.11182,63.0,63.0,0.11182,MCV_EXACT
dmv.1885,county,IN,SUFFOLK,reservoir,100,True,0.11016667,63.0,63.0,0.11016667,MCV_EXACT
dmv.1885,county,IN,SUFFOLK,reservoir,300,True,0.11281111,63.0,63.0,0.11281111,MCV_EXACT
dmv.1885,county,IN,SUFFOLK,reservoir,1000,True,0.111326665,63.0,63.0,0.111326665,MCV_EXACT
dmv.1885,county,IN,NASSAU,native,100,True,0.09003333,63.0,63.0,0.09003333,MCV_EXACT
dmv.1885,county,IN,NASSAU,native,300,True,0.08962222,63.0,63.0,0.08962222,MCV_EXACT
dmv.1885,county,IN,NASSAU,native,1000,True,0.08947667,63.0,63.0,0.08947667,MCV_EXACT
dmv.1885,county,IN,NASSAU,reservoir,100,True,0.08986667,63.0,63.0,0.08986667,MCV_EXACT
dmv.1885,county,IN,NASSAU,reservoir,300,True,0.0896,63.0,63.0,0.0896,MCV_EXACT
dmv.1885,county,IN,NASSAU,reservoir,1000,True,0.089603335,63.0,63.0,0.089603335,MCV_EXACT
dmv.1885,county,IN,QUEENS,native,100,True,0.07316667,63.0,63.0,0.07316667,MCV_EXACT
dmv.1885,county,IN,QUEENS,native,300,True,0.07444444,63.0,63.0,0.07444444,MCV_EXACT
dmv.1885,county,IN,QUEENS,native,1000,True,0.07454,63.0,63.0,0.07454,MCV_EXACT
dmv.1885,county,IN,QUEENS,reservoir,100,True,0.07833333,63.0,63.0,0.07833333,MCV_EXACT
dmv.1885,county,IN,QUEENS,reservoir,300,True,0.074377775,63.0,63.0,0.074377775,MCV_EXACT
dmv.1885,county,IN,QUEENS,reservoir,1000,True,0.07523666,63.0,63.0,0.07523666,MCV_EXACT
dmv.1885,county,IN,ERIE,native,100,True,0.06256667,63.0,63.0,0.06256667,MCV_EXACT
dmv.1885,county,IN,ERIE,native,300,True,0.061611112,63.0,63.0,0.061611112,MCV_EXACT
dmv.1885,county,IN,ERIE,native,1000,True,0.06122333,63.0,63.0,0.06122333,MCV_EXACT
dmv.1885,county,IN,ERIE,reservoir,100,True,0.0595,63.0,63.0,0.0595,MCV_EXACT
dmv.1885,county,IN,ERIE,reservoir,300,True,0.06257778,63.0,63.0,0.06257778,MCV_EXACT
dmv.1885,county,IN,ERIE,reservoir,1000,True,0.061233334,63.0,63.0,0.061233334,MCV_EXACT
dmv.1885,county,IN,WESTCHESTER,native,100,True,0.06063333,63.0,63.0,0.06063333,MCV_EXACT
dmv.1885,county,IN,WESTCHESTER,native,300,True,0.05886667,63.0,63.0,0.05886667,MCV_EXACT
dmv.1885,county,IN,WESTCHESTER,native,1000,True,0.059636667,63.0,63.0,0.059636667,MCV_EXACT
dmv.1885,county,IN,WESTCHESTER,reservoir,100,True,0.059633333,63.0,63.0,0.059633333,MCV_EXACT
dmv.1885,county,IN,WESTCHESTER,reservoir,300,True,0.0582,63.0,63.0,0.0582,MCV_EXACT
dmv.1885,county,IN,WESTCHESTER,reservoir,1000,True,0.058953334,63.0,63.0,0.058953334,MCV_EXACT
dmv.1885,county,IN,MONROE,native,100,True,0.052,63.0,63.0,0.052,MCV_EXACT
dmv.1885,county,IN,MONROE,native,300,True,0.051633332,63.0,63.0,0.051633332,MCV_EXACT
dmv.1885,county,IN,MONROE,native,1000,True,0.05054,63.0,63.0,0.05054,MCV_EXACT
dmv.1885,county,IN,MONROE,reservoir,100,True,0.048633333,63.0,63.0,0.048633333,MCV_EXACT
dmv.1885,county,IN,MONROE,reservoir,300,True,0.049822222,63.0,63.0,0.049822222,MCV_EXACT
dmv.1885,county,IN,MONROE,reservoir,1000,True,0.050453335,63.0,63.0,0.050453335,MCV_EXACT
dmv.1885,county,IN,KINGS,native,100,True,0.0454,63.0,63.0,0.0454,MCV_EXACT
dmv.1885,county,IN,KINGS,native,300,True,0.047133334,63.0,63.0,0.047133334,MCV_EXACT
dmv.1885,county,IN,KINGS,native,1000,True,0.04631,63.0,63.0,0.04631,MCV_EXACT
dmv.1885,county,IN,KINGS,reservoir,100,True,0.0455,63.0,63.0,0.0455,MCV_EXACT
dmv.1885,county,IN,KINGS,reservoir,300,True,0.046366666,63.0,63.0,0.046366666,MCV_EXACT
dmv.1885,county,IN,KINGS,reservoir,1000,True,0.04706,63.0,63.0,0.04706,MCV_EXACT
dmv.1885,county,IN,ONONDAGA,native,100,True,0.0332,63.0,63.0,0.0332,MCV_EXACT
dmv.1885,county,IN,ONONDAGA,native,300,True,0.031444445,63.0,63.0,0.031444445,MCV_EXACT
dmv.1885,county,IN,ONONDAGA,native,1000,True,0.031953335,63.0,63.0,0.031953335,MCV_EXACT
dmv.1885,county,IN,ONONDAGA,reservoir,100,True,0.0327,63.0,63.0,0.0327,MCV_EXACT
dmv.1885,county,IN,ONONDAGA,reservoir,300,True,0.03358889,63.0,63.0,0.03358889,MCV_EXACT
dmv.1885,county,IN,ONONDAGA,reservoir,1000,True,0.032553334,63.0,63.0,0.032553334,MCV_EXACT
dmv.1885,county,IN,ORANGE,native,100,True,0.024666667,63.0,63.0,0.024666667,MCV_EXACT
dmv.1885,county,IN,ORANGE,native,300,True,0.025655556,63.0,63.0,0.025655556,MCV_EXACT
dmv.1885,county,IN,ORANGE,native,1000,True,0.02561,63.0,63.0,0.02561,MCV_EXACT
dmv.1885,county,IN,ORANGE,reservoir,100,True,0.0272,63.0,63.0,0.0272,MCV_EXACT
dmv.1885,county,IN,ORANGE,reservoir,300,True,0.024844445,63.0,63.0,0.024844445,MCV_EXACT
dmv.1885,county,IN,ORANGE,reservoir,1000,True,0.025426667,63.0,63.0,0.025426667,MCV_EXACT
dmv.1885,county,IN,BRONX,native,100,True,0.024633333,63.0,63.0,0.024633333,MCV_EXACT
dmv.1885,county,IN,BRONX,native,300,True,0.02751111,63.0,63.0,0.02751111,MCV_EXACT
dmv.1885,county,IN,BRONX,native,1000,True,0.02613,63.0,63.0,0.02613,MCV_EXACT
dmv.1885,county,IN,BRONX,reservoir,100,True,0.0248,63.0,63.0,0.0248,MCV_EXACT
dmv.1885,county,IN,BRONX,reservoir,300,True,0.025633333,63.0,63.0,0.025633333,MCV_EXACT
dmv.1885,county,IN,BRONX,reservoir,1000,True,0.02608,63.0,63.0,0.02608,MCV_EXACT
dmv.1885,county,IN,RICHMOND,native,100,True,0.0248,63.0,63.0,0.0248,MCV_EXACT
dmv.1885,county,IN,RICHMOND,native,300,True,0.023533333,63.0,63.0,0.023533333,MCV_EXACT
dmv.1885,county,IN,RICHMOND,native,1000,True,0.024176667,63.0,63.0,0.024176667,MCV_EXACT
dmv.1885,county,IN,RICHMOND,reservoir,100,True,0.0241,63.0,63.0,0.0241,MCV_EXACT
dmv.1885,county,IN,RICHMOND,reservoir,300,True,0.023766667,63.0,63.0,0.023766667,MCV_EXACT
dmv.1885,county,IN,RICHMOND,reservoir,1000,True,0.023946667,63.0,63.0,0.023946667,MCV_EXACT
dmv.1885,county,IN,NEW YORK,native,100,True,0.020466667,63.0,63.0,0.020466667,MCV_EXACT
dmv.1885,county,IN,NEW YORK,native,300,True,0.022677777,63.0,63.0,0.022677777,MCV_EXACT
dmv.1885,county,IN,NEW YORK,native,1000,True,0.022623334,63.0,63.0,0.022623334,MCV_EXACT
dmv.1885,county,IN,NEW YORK,reservoir,100,True,0.023,63.0,63.0,0.023,MCV_EXACT
dmv.1885,county,IN,NEW YORK,reservoir,300,True,0.022844445,63.0,63.0,0.022844445,MCV_EXACT
dmv.1885,county,IN,NEW YORK,reservoir,1000,True,0.022703333,63.0,63.0,0.022703333,MCV_EXACT
dmv.1885,county,IN,ALBANY,native,100,True,0.022,63.0,63.0,0.022,MCV_EXACT
dmv.1885,county,IN,ALBANY,native,300,True,0.022122223,63.0,63.0,0.022122223,MCV_EXACT
dmv.1885,county,IN,ALBANY,native,1000,True,0.022053333,63.0,63.0,0.022053333,MCV_EXACT
dmv.1885,county,IN,ALBANY,reservoir,100,True,0.0218,63.0,63.0,0.0218,MCV_EXACT
dmv.1885,county,IN,ALBANY,reservoir,300,True,0.021533333,63.0,63.0,0.021533333,MCV_EXACT
dmv.1885,county,IN,ALBANY,reservoir,1000,True,0.021556666,63.0,63.0,0.021556666,MCV_EXACT
dmv.1885,county,IN,DUTCHESS,native,100,True,0.021166667,63.0,63.0,0.021166667,MCV_EXACT
dmv.1885,county,IN,DUTCHESS,native,300,True,0.021144444,63.0,63.0,0.021144444,MCV_EXACT
dmv.1885,county,IN,DUTCHESS,native,1000,True,0.021646667,63.0,63.0,0.021646667,MCV_EXACT
dmv.1885,county,IN,DUTCHESS,reservoir,100,True,0.022733333,63.0,63.0,0.022733333,MCV_EXACT
dmv.1885,county,IN,DUTCHESS,reservoir,300,True,0.021711111,63.0,63.0,0.021711111,MCV_EXACT
dmv.1885,county,IN,DUTCHESS,reservoir,1000,True,0.02104,63.0,63.0,0.02104,MCV_EXACT
dmv.1885,county,IN,SARATOGA,native,100,True,0.0181,63.0,63.0,0.0181,MCV_EXACT
dmv.1885,county,IN,SARATOGA,native,300,True,0.019122222,63.0,63.0,0.019122222,MCV_EXACT
dmv.1885,county,IN,SARATOGA,native,1000,True,0.0188,63.0,63.0,0.0188,MCV_EXACT
dmv.1885,county,IN,SARATOGA,reservoir,100,True,0.020666666,63.0,63.0,0.020666666,MCV_EXACT
dmv.1885,county,IN,SARATOGA,reservoir,300,True,0.0192,63.0,63.0,0.0192,MCV_EXACT
dmv.1885,county,IN,SARATOGA,reservoir,1000,True,0.019166667,63.0,63.0,0.019166667,MCV_EXACT
dmv.1885,county,IN,ROCKLAND,native,100,True,0.0183,63.0,63.0,0.0183,MCV_EXACT
dmv.1885,county,IN,ROCKLAND,native,300,True,0.018433332,63.0,63.0,0.018433332,MCV_EXACT
dmv.1885,county,IN,ROCKLAND,native,1000,True,0.019183334,63.0,63.0,0.019183334,MCV_EXACT
dmv.1885,county,IN,ROCKLAND,reservoir,100,True,0.019266667,63.0,63.0,0.019266667,MCV_EXACT
dmv.1885,county,IN,ROCKLAND,reservoir,300,True,0.020122223,63.0,63.0,0.020122223,MCV_EXACT
dmv.1885,county,IN,ROCKLAND,reservoir,1000,True,0.018986667,63.0,63.0,0.018986667,MCV_EXACT
dmv.1885,county,IN,ONEIDA,native,100,True,0.0177,63.0,63.0,0.0177,MCV_EXACT
dmv.1885,county,IN,ONEIDA,native,300,True,0.0166,63.0,63.0,0.0166,MCV_EXACT
dmv.1885,county,IN,ONEIDA,native,1000,True,0.016443333,63.0,63.0,0.016443333,MCV_EXACT
dmv.1885,county,IN,ONEIDA,reservoir,100,True,0.015366667,63.0,63.0,0.015366667,MCV_EXACT
dmv.1885,county,IN,ONEIDA,reservoir,300,True,0.016577778,63.0,63.0,0.016577778,MCV_EXACT
dmv.1885,county,IN,ONEIDA,reservoir,1000,True,0.016443333,63.0,63.0,0.016443333,MCV_EXACT
dmv.1885,fuel_type,=,NONE,native,100,True,0.0409,8.0,8.0,0.0409,MCV_EXACT
dmv.1885,fuel_type,=,NONE,native,300,True,0.04081111,9.0,9.0,0.04081111,MCV_EXACT
dmv.1885,fuel_type,=,NONE,native,1000,True,0.040763333,9.0,9.0,0.040763333,MCV_EXACT
dmv.1885,fuel_type,=,NONE,reservoir,100,True,0.042066667,9.0,9.0,0.042066667,MCV_EXACT
dmv.1885,fuel_type,=,NONE,reservoir,300,True,0.0416,9.0,9.0,0.0416,MCV_EXACT
dmv.1885,fuel_type,=,NONE,reservoir,1000,True,0.041566666,9.0,9.0,0.041566666,MCV_EXACT
dmv.1885,scofflaw_indicator,=,N,native,100,True,0.9998,2.0,2.0,0.9998,MCV_EXACT
dmv.1885,scofflaw_indicator,=,N,native,300,True,0.99976665,2.0,2.0,0.99976665,MCV_EXACT
dmv.1885,scofflaw_indicator,=,N,native,1000,True,0.9997467,2.0,2.0,0.9997467,MCV_EXACT
dmv.1885,scofflaw_indicator,=,N,reservoir,100,True,0.9999,2.0,2.0,0.9999,MCV_EXACT
dmv.1885,scofflaw_indicator,=,N,reservoir,300,True,0.9997889,2.0,2.0,0.9997889,MCV_EXACT
dmv.1885,scofflaw_indicator,=,N,reservoir,1000,True,0.99978334,2.0,2.0,0.99978334,MCV_EXACT
dmv.1885,suspension_indicator,=,N,native,100,True,0.99156666,2.0,2.0,0.99156666,MCV_EXACT
dmv.1885,suspension_indicator,=,N,native,300,True,0.9909667,2.0,2.0,0.9909667,MCV_EXACT
dmv.1885,suspension_indicator,=,N,native,1000,True,0.99139,2.0,2.0,0.99139,MCV_EXACT
dmv.1885,suspension_indicator,=,N,reservoir,100,True,0.99123335,2.0,2.0,0.99123335,MCV_EXACT
dmv.1885,suspension_indicator,=,N,reservoir,300,True,0.9912222,2.0,2.0,0.9912222,MCV_EXACT
dmv.1885,suspension_indicator,=,N,reservoir,1000,True,0.99138,2.0,2.0,0.99138,MCV_EXACT
dmv.255,record_type,=,VEH,native,100,True,0.92153335,4.0,4.0,0.92153335,MCV_EXACT
dmv.255,record_type,=,VEH,native,300,True,0.91954446,4.0,4.0,0.91954446,MCV_EXACT
dmv.255,record_type,=,VEH,native,1000,True,0.92067665,4.0,4.0,0.92067665,MCV_EXACT
dmv.255,record_type,=,VEH,reservoir,100,True,0.9191333,4.0,4.0,0.9191333,MCV_EXACT
dmv.255,record_type,=,VEH,reservoir,300,True,0.92116666,4.0,4.0,0.92116666,MCV_EXACT
dmv.255,record_type,=,VEH,reservoir,1000,True,0.91965336,4.0,4.0,0.91965336,MCV_EXACT
dmv.255,registration_class,IN,BOT,native,100,True,0.032366667,47.0,47.0,0.032366667,MCV_EXACT
dmv.255,registration_class,IN,BOT,native,300,True,0.033277776,53.0,53.0,0.033277776,MCV_EXACT
dmv.255,registration_class,IN,BOT,native,1000,True,0.032226667,61.0,61.0,0.032226667,MCV_EXACT
dmv.255,registration_class,IN,BOT,reservoir,100,True,0.033533335,45.0,45.0,0.033533335,MCV_EXACT
dmv.255,registration_class,IN,BOT,reservoir,300,True,0.03141111,51.0,51.0,0.03141111,MCV_EXACT
dmv.255,registration_class,IN,BOT,reservoir,1000,True,0.03262,62.0,62.0,0.03262,MCV_EXACT
dmv.255,registration_class,IN,MOT,native,100,True,0.031133333,47.0,47.0,0.031133333,MCV_EXACT
dmv.255,registration_class,IN,MOT,native,300,True,0.029577779,53.0,53.0,0.029577779,MCV_EXACT
dmv.255,registration_class,IN,MOT,native,1000,True,0.030103333,61.0,61.0,0.030103333,MCV_EXACT
dmv.255,registration_class,IN,MOT,reservoir,100,True,0.029833334,45.0,45.0,0.029833334,MCV_EXACT
dmv.255,registration_class,IN,MOT,reservoir,300,True,0.031266667,51.0,51.0,0.031266667,MCV_EXACT
dmv.255,registration_class,IN,MOT,reservoir,1000,True,0.029883333,62.0,62.0,0.029883333,MCV_EXACT
dmv.255,registration_class,IN,TRL,native,100,True,0.012633333,47.0,47.0,0.012633333,MCV_EXACT
dmv.255,registration_class,IN,TRL,native,300,True,0.0125222225,53.0,53.0,0.0125222225,MCV_EXACT
dmv.255,registration_class,IN,TRL,native,1000,True,0.012476667,61.0,61.0,0.012476667,MCV_EXACT
dmv.255,registration_class,IN,TRL,reservoir,100,True,0.012666667,45.0,45.0,0.012666667,MCV_EXACT
dmv.255,registration_class,IN,TRL,reservoir,300,True,0.013266667,51.0,51.0,0.013266667,MCV_EXACT
dmv.255,registration_class,IN,TRL,reservoir,1000,True,0.01319,62.0,62.0,0.01319,MCV_EXACT
dmv.255,registration_class,IN,SRF,native,100,True,0.0191,47.0,47.0,0.0191,MCV_EXACT
dmv.255,registration_class,IN,SRF,native,300,True,0.0173,53.0,53.0,0.0173,MCV_EXACT
dmv.255,registration_class,IN,SRF,native,1000,True,0.017606666,61.0,61.0,0.017606666,MCV_EXACT
dmv.255,registration_class,IN,SRF,reservoir,100,True,0.018833334,45.0,45.0,0.018833334,MCV_EXACT
dmv.255,registration_class,IN,SRF,reservoir,300,True,0.018533334,51.0,51.0,0.018533334,MCV_EXACT
dmv.255,registration_class,IN,SRF,reservoir,1000,True,0.018103333,62.0,62.0,0.018103333,MCV_EXACT
dmv.255,registration_class,IN,PSD,native,100,True,0.013966667,47.0,47.0,0.013966667,MCV_EXACT
dmv.255,registration_class,IN,PSD,native,300,True,0.0143444445,53.0,53.0,0.0143444445,MCV_EXACT
dmv.255,registration_class,IN,PSD,native,1000,True,0.014146667,61.0,61.0,0.014146667,MCV_EXACT
dmv.255,registration_class,IN,PSD,reservoir,100,True,0.014733333,45.0,45.0,0.014733333,MCV_EXACT
dmv.255,registration_class,IN,PSD,reservoir,300,True,0.013866667,51.0,51.0,0.013866667,MCV_EXACT
dmv.255,registration_class,IN,PSD,reservoir,1000,True,0.01397,62.0,62.0,0.01397,MCV_EXACT
dmv.255,registration_class,IN,OMT,native,100,True,0.011033333,47.0,47.0,0.011033333,MCV_EXACT
dmv.255,registration_class,IN,OMT,native,300,True,0.011777778,53.0,53.0,0.011777778,MCV_EXACT
dmv.255,registration_class,IN,OMT,native,1000,True,0.01224,61.0,61.0,0.01224,MCV_EXACT
dmv.255,registration_class,IN,OMT,reservoir,100,True,0.0125,45.0,45.0,0.0125,MCV_EXACT
dmv.255,registration_class,IN,OMT,reservoir,300,True,0.011655555,51.0,51.0,0.011655555,MCV_EXACT
dmv.255,registration_class,IN,OMT,reservoir,1000,True,0.01184,62.0,62.0,0.01184,MCV_EXACT
dmv.255,registration_class,IN,OMS,native,100,True,0.010233333,47.0,47.0,0.010233333,MCV_EXACT
dmv.255,registration_class,IN,OMS,native,300,True,0.009311111,53.0,53.0,0.009311111,MCV_EXACT
dmv.255,registration_class,IN,OMS,native,1000,True,0.009596666,61.0,61.0,0.009596666,MCV_EXACT
dmv.255,registration_class,IN,OMS,reservoir,100,True,0.009666666,45.0,45.0,0.009666666,MCV_EXACT
dmv.255,registration_class,IN,OMS,reservoir,300,True,0.010144444,51.0,51.0,0.010144444,MCV_EXACT
dmv.255,registration_class,IN,OMS,reservoir,1000,True,0.009406666,62.0,62.0,0.009406666,MCV_EXACT
dmv.255,registration_class,IN,ATV,native,100,True,0.008366667,47.0,47.0,0.008366667,MCV_EXACT
dmv.255,registration_class,IN,ATV,native,300,True,0.009322222,53.0,53.0,0.009322222,MCV_EXACT
dmv.255,registration_class,IN,ATV,native,1000,True,0.00911,61.0,61.0,0.00911,MCV_EXACT
dmv.255,registration_class,IN,ATV,reservoir,100,True,0.0085,45.0,45.0,0.0085,MCV_EXACT
dmv.255,registration_class,IN,ATV,reservoir,300,True,0.008722222,51.0,51.0,0.008722222,MCV_EXACT
dmv.255,registration_class,IN,ATV,reservoir,1000,True,0.00897,62.0,62.0,0.00897,MCV_EXACT
dmv.255,state,IN,OK,native,100,True,0.004466667,34.0,34.0,0.004466667,MCV_EXACT
dmv.255,state,IN,OK,native,300,True,0.0044555557,43.0,43.0,0.0044555557,MCV_EXACT
dmv.255,state,IN,OK,native,1000,True,0.004393333,57.0,57.0,0.004393333,MCV_EXACT
dmv.255,state,IN,OK,reservoir,100,True,0.0045666667,36.0,36.0,0.0045666667,MCV_EXACT
dmv.255,state,IN,OK,reservoir,300,True,0.004644444,47.0,47.0,0.004644444,MCV_EXACT
dmv.255,state,IN,OK,reservoir,1000,True,0.004273333,56.0,56.0,0.004273333,MCV_EXACT
dmv.255,state,IN,PA,native,100,True,0.0009666667,34.0,34.0,0.0009666667,MCV_EXACT
dmv.255,state,IN,PA,native,300,True,0.0015555555,43.0,43.0,0.0015555555,MCV_EXACT
dmv.255,state,IN,PA,native,1000,True,0.0014266666,57.0,57.0,0.0014266666,MCV_EXACT
dmv.255,state,IN,PA,reservoir,100,True,0.0013,36.0,36.0,0.0013,MCV_EXACT
dmv.255,state,IN,PA,reservoir,300,True,0.0013888889,47.0,47.0,0.0013888889,MCV_EXACT
dmv.255,state,IN,PA,reservoir,1000,True,0.0014966667,56.0,56.0,0.0014966667,MCV_EXACT
dmv.255,state,IN,MD,native,100,True,0.0013333333,34.0,34.0,0.0013333333,MCV_EXACT
dmv.255,state,IN,MD,native,300,True,0.0013222222,43.0,43.0,0.0013222222,MCV_EXACT
dmv.255,state,IN,MD,native,1000,True,0.0014033334,57.0,57.0,0.0014033334,MCV_EXACT
dmv.255,state,IN,MD,reservoir,100,True,0.0015333333,36.0,36.0,0.0015333333,MCV_EXACT
dmv.255,state,IN,MD,reservoir,300,True,0.0013333333,47.0,47.0,0.0013333333,MCV_EXACT
dmv.255,state,IN,MD,reservoir,1000,True,0.0013333333,56.0,56.0,0.0013333333,MCV_EXACT
dmv.255,state,IN,IL,native,100,True,0.0013,34.0,34.0,0.0013,MCV_EXACT
dmv.255,state,IN,IL,native,300,True,0.0014,43.0,43.0,0.0014,MCV_EXACT
dmv.255,state,IN,IL,native,1000,True,0.0013566667,57.0,57.0,0.0013566667,MCV_EXACT
dmv.255,state,IN,IL,reservoir,100,True,0.0012,36.0,36.0,0.0012,MCV_EXACT
dmv.255,state,IN,IL,reservoir,300,True,0.0014111111,47.0,47.0,0.0014111111,MCV_EXACT
dmv.255,state,IN,IL,reservoir,1000,True,0.00129,56.0,56.0,0.00129,MCV_EXACT
dmv.255,state,IN,TX,native,100,True,0.0006,34.0,34.0,0.0006,MCV_EXACT
dmv.255,state,IN,TX,native,300,True,0.00076666666,43.0,43.0,0.00076666666,MCV_EXACT
dmv.255,state,IN,TX,native,1000,True,0.0008066667,57.0,57.0,0.0008066667,MCV_EXACT
dmv.255,state,IN,TX,reservoir,100,True,0.00083333335,36.0,36.0,0.00083333335,MCV_EXACT
dmv.255,state,IN,TX,reservoir,300,True,0.00077777775,47.0,47.0,0.00077777775,MCV_EXACT
dmv.255,state,IN,TX,reservoir,1000,True,0.0008166667,56.0,56.0,0.0008166667,MCV_EXACT
dmv.255,state,IN,FL,native,100,True,0.00056666665,34.0,34.0,0.00056666665,MCV_EXACT
dmv.255,state,IN,FL,native,300,True,0.00056666665,43.0,43.0,0.00056666665,MCV_EXACT
dmv.255,state,IN,FL,native,1000,True,0.0005533333,57.0,57.0,0.0005533333,MCV_EXACT
dmv.255,state,IN,FL,reservoir,100,True,0.0005,36.0,36.0,0.0005,MCV_EXACT
dmv.255,state,IN,FL,reservoir,300,True,0.00063333334,47.0,47.0,0.00063333334,MCV_EXACT
dmv.255,state,IN,FL,reservoir,1000,True,0.00051333336,56.0,56.0,0.00051333336,MCV_EXACT
dmv.255,state,IN,GA,native,100,True,0.00043333333,34.0,34.0,0.00043333333,MCV_EXACT
dmv.255,state,IN,GA,native,300,True,0.00055555557,43.0,43.0,0.00055555557,MCV_EXACT
dmv.255,state,IN,GA,native,1000,True,0.0005533333,57.0,57.0,0.0005533333,MCV_EXACT
dmv.255,state,IN,GA,reservoir,100,True,0.00046666668,36.0,36.0,0.00046666668,MCV_EXACT
dmv.255,state,IN,GA,reservoir,300,True,0.00043333333,47.0,47.0,0.00043333333,MCV_EXACT
dmv.255,state,IN,GA,reservoir,1000,True,0.0005533333,56.0,56.0,0.0005533333,MCV_EXACT
dmv.255,state,IN,CT,native,100,True,0.00053333334,34.0,34.0,0.00053333334,MCV_EXACT
dmv.255,state,IN,CT,native,300,True,0.00055555557,43.0,43.0,0.00055555557,MCV_EXACT
dmv.255,state,IN,CT,native,1000,True,0.00057,57.0,57.0,0.00057,MCV_EXACT
dmv.255,state,IN,CT,reservoir,100,True,0.0005,36.0,36.0,0.0005,MCV_EXACT
dmv.255,state,IN,CT,reservoir,300,True,0.00044444445,47.0,47.0,0.00044444445,MCV_EXACT
dmv.255,state,IN,CT,reservoir,1000,True,0.00056666665,56.0,56.0,0.00056666665,MCV_EXACT
dmv.255,state,IN,IN,native,100,True,0.00046666668,34.0,34.0,0.00046666668,MCV_EXACT
dmv.255,state,IN,IN,native,300,True,0.0004111111,43.0,43.0,0.0004111111,MCV_EXACT
dmv.255,state,IN,IN,native,1000,True,0.0004,57.0,57.0,0.0004,MCV_EXACT
dmv.255,state,IN,IN,reservoir,100,True,0.00036666667,36.0,36.0,0.00036666667,MCV_EXACT
dmv.255,state,IN,IN,reservoir,300,True,0.0004111111,47.0,47.0,0.0004111111,MCV_EXACT
dmv.255,state,IN,IN,reservoir,1000,True,0.00042333335,56.0,56.0,0.00042333335,MCV_EXACT
dmv.255,state,IN,OH,native,100,True,0.00053333334,34.0,34.0,0.00053333334,MCV_EXACT
dmv.255,state,IN,OH,native,300,True,0.0002888889,43.0,43.0,0.0002888889,MCV_EXACT
dmv.255,state,IN,OH,native,1000,True,0.00026333332,57.0,57.0,0.00026333332,MCV_EXACT
dmv.255,state,IN,OH,reservoir,100,False,,36.0,36.0,0.027777777777777776,MCV_MISS_NDISTINCT_FALLBACK
dmv.255,state,IN,OH,reservoir,300,True,0.00024444444,47.0,47.0,0.00024444444,MCV_EXACT
dmv.255,state,IN,OH,reservoir,1000,True,0.0003,56.0,56.0,0.0003,MCV_EXACT
dmv.255,state,IN,WI,native,100,False,,34.0,34.0,0.029411764705882353,MCV_MISS_NDISTINCT_FALLBACK
dmv.255,state,IN,WI,native,300,True,0.00016666666,43.0,43.0,0.00016666666,MCV_EXACT
dmv.255,state,IN,WI,native,1000,True,0.00026333332,57.0,57.0,0.00026333332,MCV_EXACT
dmv.255,state,IN,WI,reservoir,100,False,,36.0,36.0,0.027777777777777776,MCV_MISS_NDISTINCT_FALLBACK
dmv.255,state,IN,WI,reservoir,300,True,0.00015555555,47.0,47.0,0.00015555555,MCV_EXACT
dmv.255,state,IN,WI,reservoir,1000,True,0.00022,56.0,56.0,0.00022,MCV_EXACT
dmv.255,state,IN,MA,native,100,True,0.00033333333,34.0,34.0,0.00033333333,MCV_EXACT
dmv.255,state,IN,MA,native,300,True,0.00032222221,43.0,43.0,0.00032222221,MCV_EXACT
dmv.255,state,IN,MA,native,1000,True,0.00028333333,57.0,57.0,0.00028333333,MCV_EXACT
dmv.255,state,IN,MA,reservoir,100,False,,36.0,36.0,0.027777777777777776,MCV_MISS_NDISTINCT_FALLBACK
dmv.255,state,IN,MA,reservoir,300,True,0.00025555555,47.0,47.0,0.00025555555,MCV_EXACT
dmv.255,state,IN,MA,reservoir,1000,True,0.00024333333,56.0,56.0,0.00024333333,MCV_EXACT
dmv.255,state,IN,AZ,native,100,True,0.00033333333,34.0,34.0,0.00033333333,MCV_EXACT
dmv.255,state,IN,AZ,native,300,True,0.00026666667,43.0,43.0,0.00026666667,MCV_EXACT
dmv.255,state,IN,AZ,native,1000,True,0.00022333334,57.0,57.0,0.00022333334,MCV_EXACT
dmv.255,state,IN,AZ,reservoir,100,False,,36.0,36.0,0.027777777777777776,MCV_MISS_NDISTINCT_FALLBACK
dmv.255,state,IN,AZ,reservoir,300,True,0.00026666667,47.0,47.0,0.00026666667,MCV_EXACT
dmv.255,state,IN,AZ,reservoir,1000,True,0.00023,56.0,56.0,0.00023,MCV_EXACT
dmv.255,state,IN,CA,native,100,False,,34.0,34.0,0.029411764705882353,MCV_MISS_NDISTINCT_FALLBACK
dmv.255,state,IN,CA,native,300,True,0.00026666667,43.0,43.0,0.00026666667,MCV_EXACT
dmv.255,state,IN,CA,native,1000,True,0.00023,57.0,57.0,0.00023,MCV_EXACT
dmv.255,state,IN,CA,reservoir,100,False,,36.0,36.0,0.027777777777777776,MCV_MISS_NDISTINCT_FALLBACK
dmv.255,state,IN,CA,reservoir,300,True,0.0002,47.0,47.0,0.0002,MCV_EXACT
dmv.255,state,IN,CA,reservoir,1000,True,0.00020666666,56.0,56.0,0.00020666666,MCV_EXACT
dmv.255,state,IN,VA,native,100,False,,34.0,34.0,0.029411764705882353,MCV_MISS_NDISTINCT_FALLBACK
dmv.255,state,IN,VA,native,300,False,,43.0,43.0,0.023255813953488372,MCV_MISS_NDISTINCT_FALLBACK
dmv.255,state,IN,VA,native,1000,True,0.00013333333,57.0,57.0,0.00013333333,MCV_EXACT
dmv.255,state,IN,VA,reservoir,100,False,,36.0,36.0,0.027777777777777776,MCV_MISS_NDISTINCT_FALLBACK
dmv.255,state,IN,VA,reservoir,300,True,0.00017777778,47.0,47.0,0.00017777778,MCV_EXACT
dmv.255,state,IN,VA,reservoir,1000,True,0.00014,56.0,56.0,0.00014,MCV_EXACT
dmv.255,state,IN,NC,native,100,False,,34.0,34.0,0.029411764705882353,MCV_MISS_NDISTINCT_FALLBACK
dmv.255,state,IN,NC,native,300,True,0.00014444445,43.0,43.0,0.00014444445,MCV_EXACT
dmv.255,state,IN,NC,native,1000,True,0.00018666667,57.0,57.0,0.00018666667,MCV_EXACT
dmv.255,state,IN,NC,reservoir,100,False,,36.0,36.0,0.027777777777777776,MCV_MISS_NDISTINCT_FALLBACK
dmv.255,state,IN,NC,reservoir,300,True,0.0001888889,47.0,47.0,0.0001888889,MCV_EXACT
dmv.255,state,IN,NC,reservoir,1000,True,0.00013333333,56.0,56.0,0.00013333333,MCV_EXACT
dmv.255,state,IN,TN,native,100,False,,34.0,34.0,0.029411764705882353,MCV_MISS_NDISTINCT_FALLBACK
dmv.255,state,IN,TN,native,300,False,,43.0,43.0,0.023255813953488372,MCV_MISS_NDISTINCT_FALLBACK
dmv.255,state,IN,TN,native,1000,True,0.00011666667,57.0,57.0,0.00011666667,MCV_EXACT
dmv.255,state,IN,TN,reservoir,100,False,,36.0,36.0,0.027777777777777776,MCV_MISS_NDISTINCT_FALLBACK
dmv.255,state,IN,TN,reservoir,300,True,0.00012222222,47.0,47.0,0.00012222222,MCV_EXACT
dmv.255,state,IN,TN,reservoir,1000,True,0.00010666667,56.0,56.0,0.00010666667,MCV_EXACT
dmv.255,state,IN,NH,native,100,False,,34.0,34.0,0.029411764705882353,MCV_MISS_NDISTINCT_FALLBACK
dmv.255,state,IN,NH,native,300,False,,43.0,43.0,0.023255813953488372,MCV_MISS_NDISTINCT_FALLBACK
dmv.255,state,IN,NH,native,1000,True,6e-05,57.0,57.0,6e-05,MCV_EXACT
dmv.255,state,IN,NH,reservoir,100,False,,36.0,36.0,0.027777777777777776,MCV_MISS_NDISTINCT_FALLBACK
dmv.255,state,IN,NH,reservoir,300,False,,47.0,47.0,0.02127659574468085,MCV_MISS_NDISTINCT_FALLBACK
dmv.255,state,IN,NH,reservoir,1000,True,8e-05,56.0,56.0,8e-05,MCV_EXACT
dmv.255,state,IN,AL,native,100,False,,34.0,34.0,0.029411764705882353,MCV_MISS_NDISTINCT_FALLBACK
dmv.255,state,IN,AL,native,300,False,,43.0,43.0,0.023255813953488372,MCV_MISS_NDISTINCT_FALLBACK
dmv.255,state,IN,AL,native,1000,True,4.3333333e-05,57.0,57.0,4.3333333e-05,MCV_EXACT
dmv.255,state,IN,AL,reservoir,100,False,,36.0,36.0,0.027777777777777776,MCV_MISS_NDISTINCT_FALLBACK
dmv.255,state,IN,AL,reservoir,300,False,,47.0,47.0,0.02127659574468085,MCV_MISS_NDISTINCT_FALLBACK
dmv.255,state,IN,AL,reservoir,1000,True,7.3333336e-05,56.0,56.0,7.3333336e-05,MCV_EXACT
dmv.255,state,IN,VT,native,100,False,,34.0,34.0,0.029411764705882353,MCV_MISS_NDISTINCT_FALLBACK
dmv.255,state,IN,VT,native,300,False,,43.0,43.0,0.023255813953488372,MCV_MISS_NDISTINCT_FALLBACK
dmv.255,state,IN,VT,native,1000,True,6e-05,57.0,57.0,6e-05,MCV_EXACT
dmv.255,state,IN,VT,reservoir,100,False,,36.0,36.0,0.027777777777777776,MCV_MISS_NDISTINCT_FALLBACK
dmv.255,state,IN,VT,reservoir,300,True,0.0001,47.0,47.0,0.0001,MCV_EXACT
dmv.255,state,IN,VT,reservoir,1000,True,6.666667e-05,56.0,56.0,6.666667e-05,MCV_EXACT
dmv.255,state,IN,SC,native,100,False,,34.0,34.0,0.029411764705882353,MCV_MISS_NDISTINCT_FALLBACK
dmv.255,state,IN,SC,native,300,False,,43.0,43.0,0.023255813953488372,MCV_MISS_NDISTINCT_FALLBACK
dmv.255,state,IN,SC,native,1000,True,7.666666e-05,57.0,57.0,7.666666e-05,MCV_EXACT
dmv.255,state,IN,SC,reservoir,100,False,,36.0,36.0,0.027777777777777776,MCV_MISS_NDISTINCT_FALLBACK
dmv.255,state,IN,SC,reservoir,300,False,,47.0,47.0,0.02127659574468085,MCV_MISS_NDISTINCT_FALLBACK
dmv.255,state,IN,SC,reservoir,1000,True,6e-05,56.0,56.0,6e-05,MCV_EXACT
dmv.255,state,IN,MO,native,100,False,,34.0,34.0,0.029411764705882353,MCV_MISS_NDISTINCT_FALLBACK
dmv.255,state,IN,MO,native,300,False,,43.0,43.0,0.023255813953488372,MCV_MISS_NDISTINCT_FALLBACK
dmv.255,state,IN,MO,native,1000,True,5.6666668e-05,57.0,57.0,5.6666668e-05,MCV_EXACT
dmv.255,state,IN,MO,reservoir,100,False,,36.0,36.0,0.027777777777777776,MCV_MISS_NDISTINCT_FALLBACK
dmv.255,state,IN,MO,reservoir,300,False,,47.0,47.0,0.02127659574468085,MCV_MISS_NDISTINCT_FALLBACK
dmv.255,state,IN,MO,reservoir,1000,True,4.6666668e-05,56.0,56.0,4.6666668e-05,MCV_EXACT
dmv.255,state,IN,MN,native,100,False,,34.0,34.0,0.029411764705882353,MCV_MISS_NDISTINCT_FALLBACK
dmv.255,state,IN,MN,native,300,False,,43.0,43.0,0.023255813953488372,MCV_MISS_NDISTINCT_FALLBACK
dmv.255,state,IN,MN,native,1000,True,7.3333336e-05,57.0,57.0,7.3333336e-05,MCV_EXACT
dmv.255,state,IN,MN,reservoir,100,False,,36.0,36.0,0.027777777777777776,MCV_MISS_NDISTINCT_FALLBACK
dmv.255,state,IN,MN,reservoir,300,False,,47.0,47.0,0.02127659574468085,MCV_MISS_NDISTINCT_FALLBACK
dmv.255,state,IN,MN,reservoir,1000,True,8.333333e-05,56.0,56.0,8.333333e-05,MCV_EXACT
dmv.255,state,IN,CO,native,100,False,,34.0,34.0,0.029411764705882353,MCV_MISS_NDISTINCT_FALLBACK
dmv.255,state,IN,CO,native,300,False,,43.0,43.0,0.023255813953488372,MCV_MISS_NDISTINCT_FALLBACK
dmv.255,state,IN,CO,native,1000,False,,57.0,57.0,0.017543859649122806,MCV_MISS_NDISTINCT_FALLBACK
dmv.255,state,IN,CO,reservoir,100,False,,36.0,36.0,0.027777777777777776,MCV_MISS_NDISTINCT_FALLBACK
dmv.255,state,IN,CO,reservoir,300,False,,47.0,47.0,0.02127659574468085,MCV_MISS_NDISTINCT_FALLBACK
dmv.255,state,IN,CO,reservoir,1000,True,4e-05,56.0,56.0,4e-05,MCV_EXACT
dmv.255,state,IN,MI,native,100,False,,34.0,34.0,0.029411764705882353,MCV_MISS_NDISTINCT_FALLBACK
dmv.255,state,IN,MI,native,300,False,,43.0,43.0,0.023255813953488372,MCV_MISS_NDISTINCT_FALLBACK
dmv.255,state,IN,MI,native,1000,True,0.0001,57.0,57.0,0.0001,MCV_EXACT
dmv.255,state,IN,MI,reservoir,100,False,,36.0,36.0,0.027777777777777776,MCV_MISS_NDISTINCT_FALLBACK
dmv.255,state,IN,MI,reservoir,300,True,0.00015555555,47.0,47.0,0.00015555555,MCV_EXACT
dmv.255,state,IN,MI,reservoir,1000,True,9e-05,56.0,56.0,9e-05,MCV_EXACT
dmv.255,state,IN,DE,native,100,False,,34.0,34.0,0.029411764705882353,MCV_MISS_NDISTINCT_FALLBACK
dmv.255,state,IN,DE,native,300,False,,43.0,43.0,0.023255813953488372,MCV_MISS_NDISTINCT_FALLBACK
dmv.255,state,IN,DE,native,1000,False,,57.0,57.0,0.017543859649122806,MCV_MISS_NDISTINCT_FALLBACK
dmv.255,state,IN,DE,reservoir,100,False,,36.0,36.0,0.027777777777777776,MCV_MISS_NDISTINCT_FALLBACK
dmv.255,state,IN,DE,reservoir,300,False,,47.0,47.0,0.02127659574468085,MCV_MISS_NDISTINCT_FALLBACK
dmv.255,state,IN,DE,reservoir,1000,True,6.333333e-05,56.0,56.0,6.333333e-05,MCV_EXACT
dmv.255,state,IN,WA,native,100,False,,34.0,34.0,0.029411764705882353,MCV_MISS_NDISTINCT_FALLBACK
dmv.255,state,IN,WA,native,300,False,,43.0,43.0,0.023255813953488372,MCV_MISS_NDISTINCT_FALLBACK
dmv.255,state,IN,WA,native,1000,False,,57.0,57.0,0.017543859649122806,MCV_MISS_NDISTINCT_FALLBACK
dmv.255,state,IN,WA,reservoir,100,False,,36.0,36.0,0.027777777777777776,MCV_MISS_NDISTINCT_FALLBACK
dmv.255,state,IN,WA,reservoir,300,False,,47.0,47.0,0.02127659574468085,MCV_MISS_NDISTINCT_FALLBACK
dmv.255,state,IN,WA,reservoir,1000,False,,56.0,56.0,0.017857142857142856,MCV_MISS_NDISTINCT_FALLBACK
dmv.255,state,IN,NT,native,100,False,,34.0,34.0,0.029411764705882353,MCV_MISS_NDISTINCT_FALLBACK
dmv.255,state,IN,NT,native,300,False,,43.0,43.0,0.023255813953488372,MCV_MISS_NDISTINCT_FALLBACK
dmv.255,state,IN,NT,native,1000,True,3.6666668e-05,57.0,57.0,3.6666668e-05,MCV_EXACT
dmv.255,state,IN,NT,reservoir,100,False,,36.0,36.0,0.027777777777777776,MCV_MISS_NDISTINCT_FALLBACK
dmv.255,state,IN,NT,reservoir,300,False,,47.0,47.0,0.02127659574468085,MCV_MISS_NDISTINCT_FALLBACK
dmv.255,state,IN,NT,reservoir,1000,False,,56.0,56.0,0.017857142857142856,MCV_MISS_NDISTINCT_FALLBACK
dmv.255,state,IN,RI,native,100,False,,34.0,34.0,0.029411764705882353,MCV_MISS_NDISTINCT_FALLBACK
dmv.255,state,IN,RI,native,300,False,,43.0,43.0,0.023255813953488372,MCV_MISS_NDISTINCT_FALLBACK
dmv.255,state,IN,RI,native,1000,False,,57.0,57.0,0.017543859649122806,MCV_MISS_NDISTINCT_FALLBACK
dmv.255,state,IN,RI,reservoir,100,False,,36.0,36.0,0.027777777777777776,MCV_MISS_NDISTINCT_FALLBACK
dmv.255,state,IN,RI,reservoir,300,False,,47.0,47.0,0.02127659574468085,MCV_MISS_NDISTINCT_FALLBACK
dmv.255,state,IN,RI,reservoir,1000,True,4.6666668e-05,56.0,56.0,4.6666668e-05,MCV_EXACT
dmv.255,state,IN,AR,native,100,False,,34.0,34.0,0.029411764705882353,MCV_MISS_NDISTINCT_FALLBACK
dmv.255,state,IN,AR,native,300,False,,43.0,43.0,0.023255813953488372,MCV_MISS_NDISTINCT_FALLBACK
dmv.255,state,IN,AR,native,1000,False,,57.0,57.0,0.017543859649122806,MCV_MISS_NDISTINCT_FALLBACK
dmv.255,state,IN,AR,reservoir,100,False,,36.0,36.0,0.027777777777777776,MCV_MISS_NDISTINCT_FALLBACK
dmv.255,state,IN,AR,reservoir,300,False,,47.0,47.0,0.02127659574468085,MCV_MISS_NDISTINCT_FALLBACK
dmv.255,state,IN,AR,reservoir,1000,False,,56.0,56.0,0.017857142857142856,MCV_MISS_NDISTINCT_FALLBACK
dmv.255,state,IN,NV,native,100,False,,34.0,34.0,0.029411764705882353,MCV_MISS_NDISTINCT_FALLBACK
dmv.255,state,IN,NV,native,300,False,,43.0,43.0,0.023255813953488372,MCV_MISS_NDISTINCT_FALLBACK
dmv.255,state,IN,NV,native,1000,False,,57.0,57.0,0.017543859649122806,MCV_MISS_NDISTINCT_FALLBACK
dmv.255,state,IN,NV,reservoir,100,False,,36.0,36.0,0.027777777777777776,MCV_MISS_NDISTINCT_FALLBACK
dmv.255,state,IN,NV,reservoir,300,False,,47.0,47.0,0.02127659574468085,MCV_MISS_NDISTINCT_FALLBACK
dmv.255,state,IN,NV,reservoir,1000,False,,56.0,56.0,0.017857142857142856,MCV_MISS_NDISTINCT_FALLBACK
dmv.255,county,IN,CHENANGO,native,100,True,0.0041333335,63.0,63.0,0.0041333335,MCV_EXACT
dmv.255,county,IN,CHENANGO,native,300,True,0.0037111111,63.0,63.0,0.0037111111,MCV_EXACT
dmv.255,county,IN,CHENANGO,native,1000,True,0.0038466668,63.0,63.0,0.0038466668,MCV_EXACT
dmv.255,county,IN,CHENANGO,reservoir,100,True,0.0031333333,63.0,63.0,0.0031333333,MCV_EXACT
dmv.255,county,IN,CHENANGO,reservoir,300,True,0.0039555556,63.0,63.0,0.0039555556,MCV_EXACT
dmv.255,county,IN,CHENANGO,reservoir,1000,True,0.0037133333,63.0,63.0,0.0037133333,MCV_EXACT
dmv.255,county,IN,TIOGA,native,100,True,0.0048,63.0,63.0,0.0048,MCV_EXACT
dmv.255,county,IN,TIOGA,native,300,True,0.0038333333,63.0,63.0,0.0038333333,MCV_EXACT
dmv.255,county,IN,TIOGA,native,1000,True,0.0039433334,63.0,63.0,0.0039433334,MCV_EXACT
dmv.255,county,IN,TIOGA,reservoir,100,True,0.0040666666,63.0,63.0,0.0040666666,MCV_EXACT
dmv.255,county,IN,TIOGA,reservoir,300,True,0.003788889,63.0,63.0,0.003788889,MCV_EXACT
dmv.255,county,IN,TIOGA,reservoir,1000,True,0.0036533333,63.0,63.0,0.0036533333,MCV_EXACT
dmv.255,county,IN,DELAWARE,native,100,True,0.0042,63.0,63.0,0.0042,MCV_EXACT
dmv.255,county,IN,DELAWARE,native,300,True,0.0039,63.0,63.0,0.0039,MCV_EXACT
dmv.255,county,IN,DELAWARE,native,1000,True,0.0037966666,63.0,63.0,0.0037966666,MCV_EXACT
dmv.255,county,IN,DELAWARE,reservoir,100,True,0.0034666667,63.0,63.0,0.0034666667,MCV_EXACT
dmv.255,county,IN,DELAWARE,reservoir,300,True,0.0038666667,63.0,63.0,0.0038666667,MCV_EXACT
dmv.255,county,IN,DELAWARE,reservoir,1000,True,0.00369,63.0,63.0,0.00369,MCV_EXACT
dmv.255,county,IN,WYOMING,native,100,True,0.0032666668,63.0,63.0,0.0032666668,MCV_EXACT
dmv.255,county,IN,WYOMING,native,300,True,0.0034222223,63.0,63.0,0.0034222223,MCV_EXACT
dmv.255,county,IN,WYOMING,native,1000,True,0.0032933333,63.0,63.0,0.0032933333,MCV_EXACT
dmv.255,county,IN,WYOMING,reservoir,100,True,0.0032666668,63.0,63.0,0.0032666668,MCV_EXACT
dmv.255,county,IN,WYOMING,reservoir,300,True,0.0036555557,63.0,63.0,0.0036555557,MCV_EXACT
dmv.255,county,IN,WYOMING,reservoir,1000,True,0.0034566666,63.0,63.0,0.0034566666,MCV_EXACT
dmv.255,county,IN,ALLEGANY,native,100,True,0.0036666666,63.0,63.0,0.0036666666,MCV_EXACT
dmv.255,county,IN,ALLEGANY,native,300,True,0.0033444446,63.0,63.0,0.0033444446,MCV_EXACT
dmv.255,county,IN,ALLEGANY,native,1000,True,0.0032466666,63.0,63.0,0.0032466666,MCV_EXACT
dmv.255,county,IN,ALLEGANY,reservoir,100,True,0.0033333334,63.0,63.0,0.0033333334,MCV_EXACT
dmv.255,county,IN,ALLEGANY,reservoir,300,True,0.0031222221,63.0,63.0,0.0031222221,MCV_EXACT
dmv.255,county,IN,ALLEGANY,reservoir,1000,True,0.00311,63.0,63.0,0.00311,MCV_EXACT
dmv.255,county,IN,CORTLAND,native,100,True,0.0035,63.0,63.0,0.0035,MCV_EXACT
dmv.255,county,IN,CORTLAND,native,300,True,0.0031,63.0,63.0,0.0031,MCV_EXACT
dmv.255,county,IN,CORTLAND,native,1000,True,0.0031233334,63.0,63.0,0.0031233334,MCV_EXACT
dmv.255,county,IN,CORTLAND,reservoir,100,True,0.0033666666,63.0,63.0,0.0033666666,MCV_EXACT
dmv.255,county,IN,CORTLAND,reservoir,300,True,0.0030777778,63.0,63.0,0.0030777778,MCV_EXACT
dmv.255,county,IN,CORTLAND,reservoir,1000,True,0.0032766666,63.0,63.0,0.0032766666,MCV_EXACT
dmv.255,county,IN,ESSEX,native,100,True,0.0034333332,63.0,63.0,0.0034333332,MCV_EXACT
dmv.255,county,IN,ESSEX,native,300,True,0.003,63.0,63.0,0.003,MCV_EXACT
dmv.255,county,IN,ESSEX,native,1000,True,0.00311,63.0,63.0,0.00311,MCV_EXACT
dmv.255,county,IN,ESSEX,reservoir,100,True,0.0034333332,63.0,63.0,0.0034333332,MCV_EXACT
dmv.255,county,IN,ESSEX,reservoir,300,True,0.0032333334,63.0,63.0,0.0032333334,MCV_EXACT
dmv.255,county,IN,ESSEX,reservoir,1000,True,0.0032166666,63.0,63.0,0.0032166666,MCV_EXACT
dmv.255,county,IN,ORLEANS,native,100,True,0.0027666667,63.0,63.0,0.0027666667,MCV_EXACT
dmv.255,county,IN,ORLEANS,native,300,True,0.0027,63.0,63.0,0.0027,MCV_EXACT
dmv.255,county,IN,ORLEANS,native,1000,True,0.00297,63.0,63.0,0.00297,MCV_EXACT
dmv.255,county,IN,ORLEANS,reservoir,100,True,0.0028666668,63.0,63.0,0.0028666668,MCV_EXACT
dmv.255,county,IN,ORLEANS,reservoir,300,True,0.0028777777,63.0,63.0,0.0028777777,MCV_EXACT
dmv.255,county,IN,ORLEANS,reservoir,1000,True,0.0028966668,63.0,63.0,0.0028966668,MCV_EXACT
dmv.255,county,IN,SENECA,native,100,True,0.0028333333,63.0,63.0,0.0028333333,MCV_EXACT
dmv.255,county,IN,SENECA,native,300,True,0.0024666667,63.0,63.0,0.0024666667,MCV_EXACT
dmv.255,county,IN,SENECA,native,1000,True,0.00259,63.0,63.0,0.00259,MCV_EXACT
dmv.255,county,IN,SENECA,reservoir,100,True,0.0028333333,63.0,63.0,0.0028333333,MCV_EXACT
dmv.255,county,IN,SENECA,reservoir,300,True,0.0022777778,63.0,63.0,0.0022777778,MCV_EXACT
dmv.255,county,IN,SENECA,reservoir,1000,True,0.0027033333,63.0,63.0,0.0027033333,MCV_EXACT
dmv.255,county,IN,SCHOHARIE,native,100,True,0.0027,63.0,63.0,0.0027,MCV_EXACT
dmv.255,county,IN,SCHOHARIE,native,300,True,0.0026,63.0,63.0,0.0026,MCV_EXACT
dmv.255,county,IN,SCHOHARIE,native,1000,True,0.00269,63.0,63.0,0.00269,MCV_EXACT
dmv.255,county,IN,SCHOHARIE,reservoir,100,True,0.0025,63.0,63.0,0.0025,MCV_EXACT
dmv.255,county,IN,SCHOHARIE,reservoir,300,True,0.0023666667,63.0,63.0,0.0023666667,MCV_EXACT
dmv.255,county,IN,SCHOHARIE,reservoir,1000,True,0.00255,63.0,63.0,0.00255,MCV_EXACT
dmv.255,county,IN,LEWIS,native,100,True,0.0022666666,63.0,63.0,0.0022666666,MCV_EXACT
dmv.255,county,IN,LEWIS,native,300,True,0.0024,63.0,63.0,0.0024,MCV_EXACT
dmv.255,county,IN,LEWIS,native,1000,True,0.0024366667,63.0,63.0,0.0024366667,MCV_EXACT
dmv.255,county,IN,LEWIS,reservoir,100,True,0.0024333333,63.0,63.0,0.0024333333,MCV_EXACT
dmv.255,county,IN,LEWIS,reservoir,300,True,0.002788889,63.0,63.0,0.002788889,MCV_EXACT
dmv.255,county,IN,LEWIS,reservoir,1000,True,0.00257,63.0,63.0,0.00257,MCV_EXACT
dmv.255,county,IN,YATES,native,100,True,0.0020666667,63.0,63.0,0.0020666667,MCV_EXACT
dmv.255,county,IN,YATES,native,300,True,0.0017333333,63.0,63.0,0.0017333333,MCV_EXACT
dmv.255,county,IN,YATES,native,1000,True,0.0018866666,63.0,63.0,0.0018866666,MCV_EXACT
dmv.255,county,IN,YATES,reservoir,100,True,0.0017333333,63.0,63.0,0.0017333333,MCV_EXACT
dmv.255,county,IN,YATES,reservoir,300,True,0.0020444444,63.0,63.0,0.0020444444,MCV_EXACT
dmv.255,county,IN,YATES,reservoir,1000,True,0.00202,63.0,63.0,0.00202,MCV_EXACT
dmv.255,county,IN,SCHUYLER,native,100,True,0.0012,63.0,63.0,0.0012,MCV_EXACT
dmv.255,county,IN,SCHUYLER,native,300,True,0.0013777778,63.0,63.0,0.0013777778,MCV_EXACT
dmv.255,county,IN,SCHUYLER,native,1000,True,0.00158,63.0,63.0,0.00158,MCV_EXACT
dmv.255,county,IN,SCHUYLER,reservoir,100,True,0.002,63.0,63.0,0.002,MCV_EXACT
dmv.255,county,IN,SCHUYLER,reservoir,300,True,0.0015111112,63.0,63.0,0.0015111112,MCV_EXACT
dmv.255,county,IN,SCHUYLER,reservoir,1000,True,0.00148,63.0,63.0,0.00148,MCV_EXACT
dmv.255,county,IN,HAMILTON,native,100,True,0.0006,63.0,63.0,0.0006,MCV_EXACT
dmv.255,county,IN,HAMILTON,native,300,True,0.0007111111,63.0,63.0,0.0007111111,MCV_EXACT
dmv.255,county,IN,HAMILTON,native,1000,True,0.00069666666,63.0,63.0,0.00069666666,MCV_EXACT
dmv.255,county,IN,HAMILTON,reservoir,100,True,0.00093333336,63.0,63.0,0.00093333336,MCV_EXACT
dmv.255,county,IN,HAMILTON,reservoir,300,True,0.00087777775,63.0,63.0,0.00087777775,MCV_EXACT
dmv.255,county,IN,HAMILTON,reservoir,1000,True,0.00073,63.0,63.0,0.00073,MCV_EXACT
dmv.736,record_type,=,VEH,native,100,True,0.92153335,4.0,4.0,0.92153335,MCV_EXACT
dmv.736,record_type,=,VEH,native,300,True,0.91954446,4.0,4.0,0.91954446,MCV_EXACT
dmv.736,record_type,=,VEH,native,1000,True,0.92067665,4.0,4.0,0.92067665,MCV_EXACT
dmv.736,record_type,=,VEH,reservoir,100,True,0.9191333,4.0,4.0,0.9191333,MCV_EXACT
dmv.736,record_type,=,VEH,reservoir,300,True,0.92116666,4.0,4.0,0.92116666,MCV_EXACT
dmv.736,record_type,=,VEH,reservoir,1000,True,0.91965336,4.0,4.0,0.91965336,MCV_EXACT
dmv.736,registration_class,=,PAS,native,100,True,0.738,47.0,47.0,0.738,MCV_EXACT
dmv.736,registration_class,=,PAS,native,300,True,0.7391,53.0,53.0,0.7391,MCV_EXACT
dmv.736,registration_class,=,PAS,native,1000,True,0.73775333,61.0,61.0,0.73775333,MCV_EXACT
dmv.736,registration_class,=,PAS,reservoir,100,True,0.73483336,45.0,45.0,0.73483336,MCV_EXACT
dmv.736,registration_class,=,PAS,reservoir,300,True,0.7368889,51.0,51.0,0.7368889,MCV_EXACT
dmv.736,registration_class,=,PAS,reservoir,1000,True,0.7375467,62.0,62.0,0.7375467,MCV_EXACT
dmv.736,state,IN,NY,native,100,True,0.9827667,34.0,34.0,0.9827667,MCV_EXACT
dmv.736,state,IN,NY,native,300,True,0.9819,43.0,43.0,0.9819,MCV_EXACT
dmv.736,state,IN,NY,native,1000,True,0.98188,57.0,57.0,0.98188,MCV_EXACT
dmv.736,state,IN,NY,reservoir,100,True,0.9824333,36.0,36.0,0.9824333,MCV_EXACT
dmv.736,state,IN,NY,reservoir,300,True,0.9819667,47.0,47.0,0.9819667,MCV_EXACT
dmv.736,state,IN,NY,reservoir,1000,True,0.98213,56.0,56.0,0.98213,MCV_EXACT
dmv.736,state,IN,NJ,native,100,True,0.0036666666,34.0,34.0,0.0036666666,MCV_EXACT
dmv.736,state,IN,NJ,native,300,True,0.003911111,43.0,43.0,0.003911111,MCV_EXACT
dmv.736,state,IN,NJ,native,1000,True,0.0040566665,57.0,57.0,0.0040566665,MCV_EXACT
dmv.736,state,IN,NJ,reservoir,100,True,0.0038666667,36.0,36.0,0.0038666667,MCV_EXACT
dmv.736,state,IN,NJ,reservoir,300,True,0.004033333,47.0,47.0,0.004033333,MCV_EXACT
dmv.736,state,IN,NJ,reservoir,1000,True,0.0040233335,56.0,56.0,0.0040233335,MCV_EXACT
dmv.736,state,IN,OK,native,100,True,0.004466667,34.0,34.0,0.004466667,MCV_EXACT
dmv.736,state,IN,OK,native,300,True,0.0044555557,43.0,43.0,0.0044555557,MCV_EXACT
dmv.736,state,IN,OK,native,1000,True,0.004393333,57.0,57.0,0.004393333,MCV_EXACT
dmv.736,state,IN,OK,reservoir,100,True,0.0045666667,36.0,36.0,0.0045666667,MCV_EXACT
dmv.736,state,IN,OK,reservoir,300,True,0.004644444,47.0,47.0,0.004644444,MCV_EXACT
dmv.736,state,IN,OK,reservoir,1000,True,0.004273333,56.0,56.0,0.004273333,MCV_EXACT
dmv.736,state,IN,PA,native,100,True,0.0009666667,34.0,34.0,0.0009666667,MCV_EXACT
dmv.736,state,IN,PA,native,300,True,0.0015555555,43.0,43.0,0.0015555555,MCV_EXACT
dmv.736,state,IN,PA,native,1000,True,0.0014266666,57.0,57.0,0.0014266666,MCV_EXACT
dmv.736,state,IN,PA,reservoir,100,True,0.0013,36.0,36.0,0.0013,MCV_EXACT
dmv.736,state,IN,PA,reservoir,300,True,0.0013888889,47.0,47.0,0.0013888889,MCV_EXACT
dmv.736,state,IN,PA,reservoir,1000,True,0.0014966667,56.0,56.0,0.0014966667,MCV_EXACT
dmv.736,state,IN,MD,native,100,True,0.0013333333,34.0,34.0,0.0013333333,MCV_EXACT
dmv.736,state,IN,MD,native,300,True,0.0013222222,43.0,43.0,0.0013222222,MCV_EXACT
dmv.736,state,IN,MD,native,1000,True,0.0014033334,57.0,57.0,0.0014033334,MCV_EXACT
dmv.736,state,IN,MD,reservoir,100,True,0.0015333333,36.0,36.0,0.0015333333,MCV_EXACT
dmv.736,state,IN,MD,reservoir,300,True,0.0013333333,47.0,47.0,0.0013333333,MCV_EXACT
dmv.736,state,IN,MD,reservoir,1000,True,0.0013333333,56.0,56.0,0.0013333333,MCV_EXACT
dmv.736,state,IN,IL,native,100,True,0.0013,34.0,34.0,0.0013,MCV_EXACT
dmv.736,state,IN,IL,native,300,True,0.0014,43.0,43.0,0.0014,MCV_EXACT
dmv.736,state,IN,IL,native,1000,True,0.0013566667,57.0,57.0,0.0013566667,MCV_EXACT
dmv.736,state,IN,IL,reservoir,100,True,0.0012,36.0,36.0,0.0012,MCV_EXACT
dmv.736,state,IN,IL,reservoir,300,True,0.0014111111,47.0,47.0,0.0014111111,MCV_EXACT
dmv.736,state,IN,IL,reservoir,1000,True,0.00129,56.0,56.0,0.00129,MCV_EXACT
dmv.736,state,IN,TX,native,100,True,0.0006,34.0,34.0,0.0006,MCV_EXACT
dmv.736,state,IN,TX,native,300,True,0.00076666666,43.0,43.0,0.00076666666,MCV_EXACT
dmv.736,state,IN,TX,native,1000,True,0.0008066667,57.0,57.0,0.0008066667,MCV_EXACT
dmv.736,state,IN,TX,reservoir,100,True,0.00083333335,36.0,36.0,0.00083333335,MCV_EXACT
dmv.736,state,IN,TX,reservoir,300,True,0.00077777775,47.0,47.0,0.00077777775,MCV_EXACT
dmv.736,state,IN,TX,reservoir,1000,True,0.0008166667,56.0,56.0,0.0008166667,MCV_EXACT
dmv.736,state,IN,FL,native,100,True,0.00056666665,34.0,34.0,0.00056666665,MCV_EXACT
dmv.736,state,IN,FL,native,300,True,0.00056666665,43.0,43.0,0.00056666665,MCV_EXACT
dmv.736,state,IN,FL,native,1000,True,0.0005533333,57.0,57.0,0.0005533333,MCV_EXACT
dmv.736,state,IN,FL,reservoir,100,True,0.0005,36.0,36.0,0.0005,MCV_EXACT
dmv.736,state,IN,FL,reservoir,300,True,0.00063333334,47.0,47.0,0.00063333334,MCV_EXACT
dmv.736,state,IN,FL,reservoir,1000,True,0.00051333336,56.0,56.0,0.00051333336,MCV_EXACT
dmv.736,state,IN,GA,native,100,True,0.00043333333,34.0,34.0,0.00043333333,MCV_EXACT
dmv.736,state,IN,GA,native,300,True,0.00055555557,43.0,43.0,0.00055555557,MCV_EXACT
dmv.736,state,IN,GA,native,1000,True,0.0005533333,57.0,57.0,0.0005533333,MCV_EXACT
dmv.736,state,IN,GA,reservoir,100,True,0.00046666668,36.0,36.0,0.00046666668,MCV_EXACT
dmv.736,state,IN,GA,reservoir,300,True,0.00043333333,47.0,47.0,0.00043333333,MCV_EXACT
dmv.736,state,IN,GA,reservoir,1000,True,0.0005533333,56.0,56.0,0.0005533333,MCV_EXACT
dmv.736,state,IN,CT,native,100,True,0.00053333334,34.0,34.0,0.00053333334,MCV_EXACT
dmv.736,state,IN,CT,native,300,True,0.00055555557,43.0,43.0,0.00055555557,MCV_EXACT
dmv.736,state,IN,CT,native,1000,True,0.00057,57.0,57.0,0.00057,MCV_EXACT
dmv.736,state,IN,CT,reservoir,100,True,0.0005,36.0,36.0,0.0005,MCV_EXACT
dmv.736,state,IN,CT,reservoir,300,True,0.00044444445,47.0,47.0,0.00044444445,MCV_EXACT
dmv.736,state,IN,CT,reservoir,1000,True,0.00056666665,56.0,56.0,0.00056666665,MCV_EXACT
dmv.736,state,IN,IN,native,100,True,0.00046666668,34.0,34.0,0.00046666668,MCV_EXACT
dmv.736,state,IN,IN,native,300,True,0.0004111111,43.0,43.0,0.0004111111,MCV_EXACT
dmv.736,state,IN,IN,native,1000,True,0.0004,57.0,57.0,0.0004,MCV_EXACT
dmv.736,state,IN,IN,reservoir,100,True,0.00036666667,36.0,36.0,0.00036666667,MCV_EXACT
dmv.736,state,IN,IN,reservoir,300,True,0.0004111111,47.0,47.0,0.0004111111,MCV_EXACT
dmv.736,state,IN,IN,reservoir,1000,True,0.00042333335,56.0,56.0,0.00042333335,MCV_EXACT
dmv.736,state,IN,OH,native,100,True,0.00053333334,34.0,34.0,0.00053333334,MCV_EXACT
dmv.736,state,IN,OH,native,300,True,0.0002888889,43.0,43.0,0.0002888889,MCV_EXACT
dmv.736,state,IN,OH,native,1000,True,0.00026333332,57.0,57.0,0.00026333332,MCV_EXACT
dmv.736,state,IN,OH,reservoir,100,False,,36.0,36.0,0.027777777777777776,MCV_MISS_NDISTINCT_FALLBACK
dmv.736,state,IN,OH,reservoir,300,True,0.00024444444,47.0,47.0,0.00024444444,MCV_EXACT
dmv.736,state,IN,OH,reservoir,1000,True,0.0003,56.0,56.0,0.0003,MCV_EXACT
dmv.736,state,IN,WI,native,100,False,,34.0,34.0,0.029411764705882353,MCV_MISS_NDISTINCT_FALLBACK
dmv.736,state,IN,WI,native,300,True,0.00016666666,43.0,43.0,0.00016666666,MCV_EXACT
dmv.736,state,IN,WI,native,1000,True,0.00026333332,57.0,57.0,0.00026333332,MCV_EXACT
dmv.736,state,IN,WI,reservoir,100,False,,36.0,36.0,0.027777777777777776,MCV_MISS_NDISTINCT_FALLBACK
dmv.736,state,IN,WI,reservoir,300,True,0.00015555555,47.0,47.0,0.00015555555,MCV_EXACT
dmv.736,state,IN,WI,reservoir,1000,True,0.00022,56.0,56.0,0.00022,MCV_EXACT
dmv.736,state,IN,MA,native,100,True,0.00033333333,34.0,34.0,0.00033333333,MCV_EXACT
dmv.736,state,IN,MA,native,300,True,0.00032222221,43.0,43.0,0.00032222221,MCV_EXACT
dmv.736,state,IN,MA,native,1000,True,0.00028333333,57.0,57.0,0.00028333333,MCV_EXACT
dmv.736,state,IN,MA,reservoir,100,False,,36.0,36.0,0.027777777777777776,MCV_MISS_NDISTINCT_FALLBACK
dmv.736,state,IN,MA,reservoir,300,True,0.00025555555,47.0,47.0,0.00025555555,MCV_EXACT
dmv.736,state,IN,MA,reservoir,1000,True,0.00024333333,56.0,56.0,0.00024333333,MCV_EXACT
dmv.736,state,IN,AZ,native,100,True,0.00033333333,34.0,34.0,0.00033333333,MCV_EXACT
dmv.736,state,IN,AZ,native,300,True,0.00026666667,43.0,43.0,0.00026666667,MCV_EXACT
dmv.736,state,IN,AZ,native,1000,True,0.00022333334,57.0,57.0,0.00022333334,MCV_EXACT
dmv.736,state,IN,AZ,reservoir,100,False,,36.0,36.0,0.027777777777777776,MCV_MISS_NDISTINCT_FALLBACK
dmv.736,state,IN,AZ,reservoir,300,True,0.00026666667,47.0,47.0,0.00026666667,MCV_EXACT
dmv.736,state,IN,AZ,reservoir,1000,True,0.00023,56.0,56.0,0.00023,MCV_EXACT
dmv.736,state,IN,CA,native,100,False,,34.0,34.0,0.029411764705882353,MCV_MISS_NDISTINCT_FALLBACK
dmv.736,state,IN,CA,native,300,True,0.00026666667,43.0,43.0,0.00026666667,MCV_EXACT
dmv.736,state,IN,CA,native,1000,True,0.00023,57.0,57.0,0.00023,MCV_EXACT
dmv.736,state,IN,CA,reservoir,100,False,,36.0,36.0,0.027777777777777776,MCV_MISS_NDISTINCT_FALLBACK
dmv.736,state,IN,CA,reservoir,300,True,0.0002,47.0,47.0,0.0002,MCV_EXACT
dmv.736,state,IN,CA,reservoir,1000,True,0.00020666666,56.0,56.0,0.00020666666,MCV_EXACT
dmv.736,state,IN,VA,native,100,False,,34.0,34.0,0.029411764705882353,MCV_MISS_NDISTINCT_FALLBACK
dmv.736,state,IN,VA,native,300,False,,43.0,43.0,0.023255813953488372,MCV_MISS_NDISTINCT_FALLBACK
dmv.736,state,IN,VA,native,1000,True,0.00013333333,57.0,57.0,0.00013333333,MCV_EXACT
dmv.736,state,IN,VA,reservoir,100,False,,36.0,36.0,0.027777777777777776,MCV_MISS_NDISTINCT_FALLBACK
dmv.736,state,IN,VA,reservoir,300,True,0.00017777778,47.0,47.0,0.00017777778,MCV_EXACT
dmv.736,state,IN,VA,reservoir,1000,True,0.00014,56.0,56.0,0.00014,MCV_EXACT
dmv.736,state,IN,NC,native,100,False,,34.0,34.0,0.029411764705882353,MCV_MISS_NDISTINCT_FALLBACK
dmv.736,state,IN,NC,native,300,True,0.00014444445,43.0,43.0,0.00014444445,MCV_EXACT
dmv.736,state,IN,NC,native,1000,True,0.00018666667,57.0,57.0,0.00018666667,MCV_EXACT
dmv.736,state,IN,NC,reservoir,100,False,,36.0,36.0,0.027777777777777776,MCV_MISS_NDISTINCT_FALLBACK
dmv.736,state,IN,NC,reservoir,300,True,0.0001888889,47.0,47.0,0.0001888889,MCV_EXACT
dmv.736,state,IN,NC,reservoir,1000,True,0.00013333333,56.0,56.0,0.00013333333,MCV_EXACT
dmv.736,state,IN,TN,native,100,False,,34.0,34.0,0.029411764705882353,MCV_MISS_NDISTINCT_FALLBACK
dmv.736,state,IN,TN,native,300,False,,43.0,43.0,0.023255813953488372,MCV_MISS_NDISTINCT_FALLBACK
dmv.736,state,IN,TN,native,1000,True,0.00011666667,57.0,57.0,0.00011666667,MCV_EXACT
dmv.736,state,IN,TN,reservoir,100,False,,36.0,36.0,0.027777777777777776,MCV_MISS_NDISTINCT_FALLBACK
dmv.736,state,IN,TN,reservoir,300,True,0.00012222222,47.0,47.0,0.00012222222,MCV_EXACT
dmv.736,state,IN,TN,reservoir,1000,True,0.00010666667,56.0,56.0,0.00010666667,MCV_EXACT
dmv.736,state,IN,NH,native,100,False,,34.0,34.0,0.029411764705882353,MCV_MISS_NDISTINCT_FALLBACK
dmv.736,state,IN,NH,native,300,False,,43.0,43.0,0.023255813953488372,MCV_MISS_NDISTINCT_FALLBACK
dmv.736,state,IN,NH,native,1000,True,6e-05,57.0,57.0,6e-05,MCV_EXACT
dmv.736,state,IN,NH,reservoir,100,False,,36.0,36.0,0.027777777777777776,MCV_MISS_NDISTINCT_FALLBACK
dmv.736,state,IN,NH,reservoir,300,False,,47.0,47.0,0.02127659574468085,MCV_MISS_NDISTINCT_FALLBACK
dmv.736,state,IN,NH,reservoir,1000,True,8e-05,56.0,56.0,8e-05,MCV_EXACT
dmv.736,state,IN,AL,native,100,False,,34.0,34.0,0.029411764705882353,MCV_MISS_NDISTINCT_FALLBACK
dmv.736,state,IN,AL,native,300,False,,43.0,43.0,0.023255813953488372,MCV_MISS_NDISTINCT_FALLBACK
dmv.736,state,IN,AL,native,1000,True,4.3333333e-05,57.0,57.0,4.3333333e-05,MCV_EXACT
dmv.736,state,IN,AL,reservoir,100,False,,36.0,36.0,0.027777777777777776,MCV_MISS_NDISTINCT_FALLBACK
dmv.736,state,IN,AL,reservoir,300,False,,47.0,47.0,0.02127659574468085,MCV_MISS_NDISTINCT_FALLBACK
dmv.736,state,IN,AL,reservoir,1000,True,7.3333336e-05,56.0,56.0,7.3333336e-05,MCV_EXACT
dmv.736,state,IN,VT,native,100,False,,34.0,34.0,0.029411764705882353,MCV_MISS_NDISTINCT_FALLBACK
dmv.736,state,IN,VT,native,300,False,,43.0,43.0,0.023255813953488372,MCV_MISS_NDISTINCT_FALLBACK
dmv.736,state,IN,VT,native,1000,True,6e-05,57.0,57.0,6e-05,MCV_EXACT
dmv.736,state,IN,VT,reservoir,100,False,,36.0,36.0,0.027777777777777776,MCV_MISS_NDISTINCT_FALLBACK
dmv.736,state,IN,VT,reservoir,300,True,0.0001,47.0,47.0,0.0001,MCV_EXACT
dmv.736,state,IN,VT,reservoir,1000,True,6.666667e-05,56.0,56.0,6.666667e-05,MCV_EXACT
dmv.736,state,IN,SC,native,100,False,,34.0,34.0,0.029411764705882353,MCV_MISS_NDISTINCT_FALLBACK
dmv.736,state,IN,SC,native,300,False,,43.0,43.0,0.023255813953488372,MCV_MISS_NDISTINCT_FALLBACK
dmv.736,state,IN,SC,native,1000,True,7.666666e-05,57.0,57.0,7.666666e-05,MCV_EXACT
dmv.736,state,IN,SC,reservoir,100,False,,36.0,36.0,0.027777777777777776,MCV_MISS_NDISTINCT_FALLBACK
dmv.736,state,IN,SC,reservoir,300,False,,47.0,47.0,0.02127659574468085,MCV_MISS_NDISTINCT_FALLBACK
dmv.736,state,IN,SC,reservoir,1000,True,6e-05,56.0,56.0,6e-05,MCV_EXACT
dmv.736,state,IN,MO,native,100,False,,34.0,34.0,0.029411764705882353,MCV_MISS_NDISTINCT_FALLBACK
dmv.736,state,IN,MO,native,300,False,,43.0,43.0,0.023255813953488372,MCV_MISS_NDISTINCT_FALLBACK
dmv.736,state,IN,MO,native,1000,True,5.6666668e-05,57.0,57.0,5.6666668e-05,MCV_EXACT
dmv.736,state,IN,MO,reservoir,100,False,,36.0,36.0,0.027777777777777776,MCV_MISS_NDISTINCT_FALLBACK
dmv.736,state,IN,MO,reservoir,300,False,,47.0,47.0,0.02127659574468085,MCV_MISS_NDISTINCT_FALLBACK
dmv.736,state,IN,MO,reservoir,1000,True,4.6666668e-05,56.0,56.0,4.6666668e-05,MCV_EXACT
dmv.736,state,IN,MN,native,100,False,,34.0,34.0,0.029411764705882353,MCV_MISS_NDISTINCT_FALLBACK
dmv.736,state,IN,MN,native,300,False,,43.0,43.0,0.023255813953488372,MCV_MISS_NDISTINCT_FALLBACK
dmv.736,state,IN,MN,native,1000,True,7.3333336e-05,57.0,57.0,7.3333336e-05,MCV_EXACT
dmv.736,state,IN,MN,reservoir,100,False,,36.0,36.0,0.027777777777777776,MCV_MISS_NDISTINCT_FALLBACK
dmv.736,state,IN,MN,reservoir,300,False,,47.0,47.0,0.02127659574468085,MCV_MISS_NDISTINCT_FALLBACK
dmv.736,state,IN,MN,reservoir,1000,True,8.333333e-05,56.0,56.0,8.333333e-05,MCV_EXACT
dmv.736,state,IN,CO,native,100,False,,34.0,34.0,0.029411764705882353,MCV_MISS_NDISTINCT_FALLBACK
dmv.736,state,IN,CO,native,300,False,,43.0,43.0,0.023255813953488372,MCV_MISS_NDISTINCT_FALLBACK
dmv.736,state,IN,CO,native,1000,False,,57.0,57.0,0.017543859649122806,MCV_MISS_NDISTINCT_FALLBACK
dmv.736,state,IN,CO,reservoir,100,False,,36.0,36.0,0.027777777777777776,MCV_MISS_NDISTINCT_FALLBACK
dmv.736,state,IN,CO,reservoir,300,False,,47.0,47.0,0.02127659574468085,MCV_MISS_NDISTINCT_FALLBACK
dmv.736,state,IN,CO,reservoir,1000,True,4e-05,56.0,56.0,4e-05,MCV_EXACT
dmv.736,state,IN,MI,native,100,False,,34.0,34.0,0.029411764705882353,MCV_MISS_NDISTINCT_FALLBACK
dmv.736,state,IN,MI,native,300,False,,43.0,43.0,0.023255813953488372,MCV_MISS_NDISTINCT_FALLBACK
dmv.736,state,IN,MI,native,1000,True,0.0001,57.0,57.0,0.0001,MCV_EXACT
dmv.736,state,IN,MI,reservoir,100,False,,36.0,36.0,0.027777777777777776,MCV_MISS_NDISTINCT_FALLBACK
dmv.736,state,IN,MI,reservoir,300,True,0.00015555555,47.0,47.0,0.00015555555,MCV_EXACT
dmv.736,state,IN,MI,reservoir,1000,True,9e-05,56.0,56.0,9e-05,MCV_EXACT
dmv.736,state,IN,DE,native,100,False,,34.0,34.0,0.029411764705882353,MCV_MISS_NDISTINCT_FALLBACK
dmv.736,state,IN,DE,native,300,False,,43.0,43.0,0.023255813953488372,MCV_MISS_NDISTINCT_FALLBACK
dmv.736,state,IN,DE,native,1000,False,,57.0,57.0,0.017543859649122806,MCV_MISS_NDISTINCT_FALLBACK
dmv.736,state,IN,DE,reservoir,100,False,,36.0,36.0,0.027777777777777776,MCV_MISS_NDISTINCT_FALLBACK
dmv.736,state,IN,DE,reservoir,300,False,,47.0,47.0,0.02127659574468085,MCV_MISS_NDISTINCT_FALLBACK
dmv.736,state,IN,DE,reservoir,1000,True,6.333333e-05,56.0,56.0,6.333333e-05,MCV_EXACT
dmv.736,state,IN,WA,native,100,False,,34.0,34.0,0.029411764705882353,MCV_MISS_NDISTINCT_FALLBACK
dmv.736,state,IN,WA,native,300,False,,43.0,43.0,0.023255813953488372,MCV_MISS_NDISTINCT_FALLBACK
dmv.736,state,IN,WA,native,1000,False,,57.0,57.0,0.017543859649122806,MCV_MISS_NDISTINCT_FALLBACK
dmv.736,state,IN,WA,reservoir,100,False,,36.0,36.0,0.027777777777777776,MCV_MISS_NDISTINCT_FALLBACK
dmv.736,state,IN,WA,reservoir,300,False,,47.0,47.0,0.02127659574468085,MCV_MISS_NDISTINCT_FALLBACK
dmv.736,state,IN,WA,reservoir,1000,False,,56.0,56.0,0.017857142857142856,MCV_MISS_NDISTINCT_FALLBACK
dmv.736,county,IN,ROCKLAND,native,100,True,0.0183,63.0,63.0,0.0183,MCV_EXACT
dmv.736,county,IN,ROCKLAND,native,300,True,0.018433332,63.0,63.0,0.018433332,MCV_EXACT
dmv.736,county,IN,ROCKLAND,native,1000,True,0.019183334,63.0,63.0,0.019183334,MCV_EXACT
dmv.736,county,IN,ROCKLAND,reservoir,100,True,0.019266667,63.0,63.0,0.019266667,MCV_EXACT
dmv.736,county,IN,ROCKLAND,reservoir,300,True,0.020122223,63.0,63.0,0.020122223,MCV_EXACT
dmv.736,county,IN,ROCKLAND,reservoir,1000,True,0.018986667,63.0,63.0,0.018986667,MCV_EXACT
dmv.736,county,IN,ONEIDA,native,100,True,0.0177,63.0,63.0,0.0177,MCV_EXACT
dmv.736,county,IN,ONEIDA,native,300,True,0.0166,63.0,63.0,0.0166,MCV_EXACT
dmv.736,county,IN,ONEIDA,native,1000,True,0.016443333,63.0,63.0,0.016443333,MCV_EXACT
dmv.736,county,IN,ONEIDA,reservoir,100,True,0.015366667,63.0,63.0,0.015366667,MCV_EXACT
dmv.736,county,IN,ONEIDA,reservoir,300,True,0.016577778,63.0,63.0,0.016577778,MCV_EXACT
dmv.736,county,IN,ONEIDA,reservoir,1000,True,0.016443333,63.0,63.0,0.016443333,MCV_EXACT
dmv.736,county,IN,NIAGARA,native,100,True,0.014933334,63.0,63.0,0.014933334,MCV_EXACT
dmv.736,county,IN,NIAGARA,native,300,True,0.0150666665,63.0,63.0,0.0150666665,MCV_EXACT
dmv.736,county,IN,NIAGARA,native,1000,True,0.014953333,63.0,63.0,0.014953333,MCV_EXACT
dmv.736,county,IN,NIAGARA,reservoir,100,True,0.0149,63.0,63.0,0.0149,MCV_EXACT
dmv.736,county,IN,NIAGARA,reservoir,300,True,0.0141888885,63.0,63.0,0.0141888885,MCV_EXACT
dmv.736,county,IN,NIAGARA,reservoir,1000,True,0.014866667,63.0,63.0,0.014866667,MCV_EXACT
dmv.736,county,IN,OUT-OF-STATE,native,100,False,,63.0,63.0,0.015873015873015872,MCV_MISS_NDISTINCT_FALLBACK
dmv.736,county,IN,OUT-OF-STATE,native,300,False,,63.0,63.0,0.015873015873015872,MCV_MISS_NDISTINCT_FALLBACK
dmv.736,county,IN,OUT-OF-STATE,native,1000,False,,63.0,63.0,0.015873015873015872,MCV_MISS_NDISTINCT_FALLBACK
dmv.736,county,IN,OUT-OF-STATE,reservoir,100,False,,63.0,63.0,0.015873015873015872,MCV_MISS_NDISTINCT_FALLBACK
dmv.736,county,IN,OUT-OF-STATE,reservoir,300,False,,63.0,63.0,0.015873015873015872,MCV_MISS_NDISTINCT_FALLBACK
dmv.736,county,IN,OUT-OF-STATE,reservoir,1000,False,,63.0,63.0,0.015873015873015872,MCV_MISS_NDISTINCT_FALLBACK
dmv.736,county,IN,ULSTER,native,100,True,0.014566666,63.0,63.0,0.014566666,MCV_EXACT
dmv.736,county,IN,ULSTER,native,300,True,0.013544444,63.0,63.0,0.013544444,MCV_EXACT
dmv.736,county,IN,ULSTER,native,1000,True,0.01344,63.0,63.0,0.01344,MCV_EXACT
dmv.736,county,IN,ULSTER,reservoir,100,True,0.0129,63.0,63.0,0.0129,MCV_EXACT
dmv.736,county,IN,ULSTER,reservoir,300,True,0.013755555,63.0,63.0,0.013755555,MCV_EXACT
dmv.736,county,IN,ULSTER,reservoir,1000,True,0.013723333,63.0,63.0,0.013723333,MCV_EXACT
dmv.736,county,IN,BROOME,native,100,True,0.012866667,63.0,63.0,0.012866667,MCV_EXACT
dmv.736,county,IN,BROOME,native,300,True,0.013177778,63.0,63.0,0.013177778,MCV_EXACT
dmv.736,county,IN,BROOME,native,1000,True,0.013116667,63.0,63.0,0.013116667,MCV_EXACT
dmv.736,county,IN,BROOME,reservoir,100,True,0.012366666,63.0,63.0,0.012366666,MCV_EXACT
dmv.736,county,IN,BROOME,reservoir,300,True,0.013366667,63.0,63.0,0.013366667,MCV_EXACT
dmv.736,county,IN,BROOME,reservoir,1000,True,0.01352,63.0,63.0,0.01352,MCV_EXACT
dmv.736,county,IN,SCHENECTADY,native,100,True,0.011966666,63.0,63.0,0.011966666,MCV_EXACT
dmv.736,county,IN,SCHENECTADY,native,300,True,0.011644444,63.0,63.0,0.011644444,MCV_EXACT
dmv.736,county,IN,SCHENECTADY,native,1000,True,0.01121,63.0,63.0,0.01121,MCV_EXACT
dmv.736,county,IN,SCHENECTADY,reservoir,100,True,0.012,63.0,63.0,0.012,MCV_EXACT
dmv.736,county,IN,SCHENECTADY,reservoir,300,True,0.011533333,63.0,63.0,0.011533333,MCV_EXACT
dmv.736,county,IN,SCHENECTADY,reservoir,1000,True,0.01171,63.0,63.0,0.01171,MCV_EXACT
dmv.736,county,IN,RENSSELAER,native,100,True,0.012566667,63.0,63.0,0.012566667,MCV_EXACT
dmv.736,county,IN,RENSSELAER,native,300,True,0.0114,63.0,63.0,0.0114,MCV_EXACT
dmv.736,county,IN,RENSSELAER,native,1000,True,0.011156667,63.0,63.0,0.011156667,MCV_EXACT
dmv.736,county,IN,RENSSELAER,reservoir,100,True,0.010633334,63.0,63.0,0.010633334,MCV_EXACT
dmv.736,county,IN,RENSSELAER,reservoir,300,True,0.0111,63.0,63.0,0.0111,MCV_EXACT
dmv.736,county,IN,RENSSELAER,reservoir,1000,True,0.011246666,63.0,63.0,0.011246666,MCV_EXACT
dmv.736,county,IN,OSWEGO,native,100,True,0.009366667,63.0,63.0,0.009366667,MCV_EXACT
dmv.736,county,IN,OSWEGO,native,300,True,0.008755555,63.0,63.0,0.008755555,MCV_EXACT
dmv.736,county,IN,OSWEGO,native,1000,True,0.009103334,63.0,63.0,0.009103334,MCV_EXACT
dmv.736,county,IN,OSWEGO,reservoir,100,True,0.009166666,63.0,63.0,0.009166666,MCV_EXACT
dmv.736,county,IN,OSWEGO,reservoir,300,True,0.009644444,63.0,63.0,0.009644444,MCV_EXACT
dmv.736,county,IN,OSWEGO,reservoir,1000,True,0.009226667,63.0,63.0,0.009226667,MCV_EXACT
dmv.736,county,IN,ONTARIO,native,100,True,0.008466667,63.0,63.0,0.008466667,MCV_EXACT
dmv.736,county,IN,ONTARIO,native,300,True,0.008866667,63.0,63.0,0.008866667,MCV_EXACT
dmv.736,county,IN,ONTARIO,native,1000,True,0.00913,63.0,63.0,0.00913,MCV_EXACT
dmv.736,county,IN,ONTARIO,reservoir,100,True,0.0096,63.0,63.0,0.0096,MCV_EXACT
dmv.736,county,IN,ONTARIO,reservoir,300,True,0.008622223,63.0,63.0,0.008622223,MCV_EXACT
dmv.736,county,IN,ONTARIO,reservoir,1000,True,0.009333333,63.0,63.0,0.009333333,MCV_EXACT
dmv.736,county,IN,CHAUTAUQUA,native,100,True,0.009733333,63.0,63.0,0.009733333,MCV_EXACT
dmv.736,county,IN,CHAUTAUQUA,native,300,True,0.009333333,63.0,63.0,0.009333333,MCV_EXACT
dmv.736,county,IN,CHAUTAUQUA,native,1000,True,0.00884,63.0,63.0,0.00884,MCV_EXACT
dmv.736,county,IN,CHAUTAUQUA,reservoir,100,True,0.009633333,63.0,63.0,0.009633333,MCV_EXACT
dmv.736,county,IN,CHAUTAUQUA,reservoir,300,True,0.0084,63.0,63.0,0.0084,MCV_EXACT
dmv.736,county,IN,CHAUTAUQUA,reservoir,1000,True,0.008986667,63.0,63.0,0.008986667,MCV_EXACT
dmv.736,county,IN,JEFFERSON,native,100,True,0.008133333,63.0,63.0,0.008133333,MCV_EXACT
dmv.736,county,IN,JEFFERSON,native,300,True,0.008633333,63.0,63.0,0.008633333,MCV_EXACT
dmv.736,county,IN,JEFFERSON,native,1000,True,0.008503334,63.0,63.0,0.008503334,MCV_EXACT
dmv.736,county,IN,JEFFERSON,reservoir,100,True,0.0079333335,63.0,63.0,0.0079333335,MCV_EXACT
dmv.736,county,IN,JEFFERSON,reservoir,300,True,0.0083111115,63.0,63.0,0.0083111115,MCV_EXACT
dmv.736,county,IN,JEFFERSON,reservoir,1000,True,0.00858,63.0,63.0,0.00858,MCV_EXACT
dmv.736,county,IN,ST LAWRENCE,native,100,True,0.0079666665,63.0,63.0,0.0079666665,MCV_EXACT
dmv.736,county,IN,ST LAWRENCE,native,300,True,0.007977778,63.0,63.0,0.007977778,MCV_EXACT
dmv.736,county,IN,ST LAWRENCE,native,1000,True,0.008006667,63.0,63.0,0.008006667,MCV_EXACT
dmv.736,county,IN,ST LAWRENCE,reservoir,100,True,0.0077,63.0,63.0,0.0077,MCV_EXACT
dmv.736,county,IN,ST LAWRENCE,reservoir,300,True,0.008344444,63.0,63.0,0.008344444,MCV_EXACT
dmv.736,county,IN,ST LAWRENCE,reservoir,1000,True,0.007913333,63.0,63.0,0.007913333,MCV_EXACT
dmv.736,county,IN,WAYNE,native,100,True,0.008633333,63.0,63.0,0.008633333,MCV_EXACT
dmv.736,county,IN,WAYNE,native,300,True,0.007511111,63.0,63.0,0.007511111,MCV_EXACT
dmv.736,county,IN,WAYNE,native,1000,True,0.00785,63.0,63.0,0.00785,MCV_EXACT
dmv.736,county,IN,WAYNE,reservoir,100,True,0.008533333,63.0,63.0,0.008533333,MCV_EXACT
dmv.736,county,IN,WAYNE,reservoir,300,True,0.007922222,63.0,63.0,0.007922222,MCV_EXACT
dmv.736,county,IN,WAYNE,reservoir,1000,True,0.007856667,63.0,63.0,0.007856667,MCV_EXACT
dmv.736,county,IN,PUTNAM,native,100,True,0.0079333335,63.0,63.0,0.0079333335,MCV_EXACT
dmv.736,county,IN,PUTNAM,native,300,True,0.0077,63.0,63.0,0.0077,MCV_EXACT
dmv.736,county,IN,PUTNAM,native,1000,True,0.0076533332,63.0,63.0,0.0076533332,MCV_EXACT
dmv.736,county,IN,PUTNAM,reservoir,100,True,0.0075,63.0,63.0,0.0075,MCV_EXACT
dmv.736,county,IN,PUTNAM,reservoir,300,True,0.0078,63.0,63.0,0.0078,MCV_EXACT
dmv.736,county,IN,PUTNAM,reservoir,1000,True,0.008066666,63.0,63.0,0.008066666,MCV_EXACT
dmv.736,county,IN,STEUBEN,native,100,True,0.0078,63.0,63.0,0.0078,MCV_EXACT
dmv.736,county,IN,STEUBEN,native,300,True,0.007333333,63.0,63.0,0.007333333,MCV_EXACT
dmv.736,county,IN,STEUBEN,native,1000,True,0.007523333,63.0,63.0,0.007523333,MCV_EXACT
dmv.736,county,IN,STEUBEN,reservoir,100,True,0.0081,63.0,63.0,0.0081,MCV_EXACT
dmv.736,county,IN,STEUBEN,reservoir,300,True,0.0073111113,63.0,63.0,0.0073111113,MCV_EXACT
dmv.736,county,IN,STEUBEN,reservoir,1000,True,0.007286667,63.0,63.0,0.007286667,MCV_EXACT
dmv.736,county,IN,CLINTON,native,100,True,0.0067666667,63.0,63.0,0.0067666667,MCV_EXACT
dmv.736,county,IN,CLINTON,native,300,True,0.0065111113,63.0,63.0,0.0065111113,MCV_EXACT
dmv.736,county,IN,CLINTON,native,1000,True,0.006723333,63.0,63.0,0.006723333,MCV_EXACT
dmv.736,county,IN,CLINTON,reservoir,100,True,0.0064333333,63.0,63.0,0.0064333333,MCV_EXACT
dmv.736,county,IN,CLINTON,reservoir,300,True,0.0064,63.0,63.0,0.0064,MCV_EXACT
dmv.736,county,IN,CLINTON,reservoir,1000,True,0.00647,63.0,63.0,0.00647,MCV_EXACT
dmv.736,county,IN,CAYUGA,native,100,True,0.0049666665,63.0,63.0,0.0049666665,MCV_EXACT
dmv.736,county,IN,CAYUGA,native,300,True,0.0059444443,63.0,63.0,0.0059444443,MCV_EXACT
dmv.736,county,IN,CAYUGA,native,1000,True,0.0057333335,63.0,63.0,0.0057333335,MCV_EXACT
dmv.736,county,IN,CAYUGA,reservoir,100,True,0.006733333,63.0,63.0,0.006733333,MCV_EXACT
dmv.736,county,IN,CAYUGA,reservoir,300,True,0.0058444445,63.0,63.0,0.0058444445,MCV_EXACT
dmv.736,county,IN,CAYUGA,reservoir,1000,True,0.0057933335,63.0,63.0,0.0057933335,MCV_EXACT
dmv.736,county,IN,WARREN,native,100,True,0.0067666667,63.0,63.0,0.0067666667,MCV_EXACT
dmv.736,county,IN,WARREN,native,300,True,0.0057777776,63.0,63.0,0.0057777776,MCV_EXACT
dmv.736,county,IN,WARREN,native,1000,True,0.0059666666,63.0,63.0,0.0059666666,MCV_EXACT
dmv.736,county,IN,WARREN,reservoir,100,True,0.0060333335,63.0,63.0,0.0060333335,MCV_EXACT
dmv.736,county,IN,WARREN,reservoir,300,True,0.005677778,63.0,63.0,0.005677778,MCV_EXACT
dmv.736,county,IN,WARREN,reservoir,1000,True,0.00568,63.0,63.0,0.00568,MCV_EXACT
dmv.736,county,IN,CHEMUNG,native,100,True,0.007,63.0,63.0,0.007,MCV_EXACT
dmv.736,county,IN,CHEMUNG,native,300,True,0.005877778,63.0,63.0,0.005877778,MCV_EXACT
dmv.736,county,IN,CHEMUNG,native,1000,True,0.00584,63.0,63.0,0.00584,MCV_EXACT
dmv.736,county,IN,CHEMUNG,reservoir,100,True,0.0061,63.0,63.0,0.0061,MCV_EXACT
dmv.736,county,IN,CHEMUNG,reservoir,300,True,0.005877778,63.0,63.0,0.005877778,MCV_EXACT
dmv.736,county,IN,CHEMUNG,reservoir,1000,True,0.0057333335,63.0,63.0,0.0057333335,MCV_EXACT
dmv.736,county,IN,TOMPKINS,native,100,True,0.0052,63.0,63.0,0.0052,MCV_EXACT
dmv.736,county,IN,TOMPKINS,native,300,True,0.005933333,63.0,63.0,0.005933333,MCV_EXACT
dmv.736,county,IN,TOMPKINS,native,1000,True,0.0056633335,63.0,63.0,0.0056633335,MCV_EXACT
dmv.736,county,IN,TOMPKINS,reservoir,100,True,0.0050333333,63.0,63.0,0.0050333333,MCV_EXACT
dmv.736,county,IN,TOMPKINS,reservoir,300,True,0.0055,63.0,63.0,0.0055,MCV_EXACT
dmv.736,county,IN,TOMPKINS,reservoir,1000,True,0.00579,63.0,63.0,0.00579,MCV_EXACT
dmv.736,county,IN,SULLIVAN,native,100,True,0.0057666665,63.0,63.0,0.0057666665,MCV_EXACT
dmv.736,county,IN,SULLIVAN,native,300,True,0.0064444444,63.0,63.0,0.0064444444,MCV_EXACT
dmv.736,county,IN,SULLIVAN,native,1000,True,0.0058366666,63.0,63.0,0.0058366666,MCV_EXACT
dmv.736,county,IN,SULLIVAN,reservoir,100,True,0.0052,63.0,63.0,0.0052,MCV_EXACT
dmv.736,county,IN,SULLIVAN,reservoir,300,True,0.006055556,63.0,63.0,0.006055556,MCV_EXACT
dmv.736,county,IN,SULLIVAN,reservoir,1000,True,0.0058933333,63.0,63.0,0.0058933333,MCV_EXACT
dmv.736,county,IN,CATTARAUGUS,native,100,True,0.005133333,63.0,63.0,0.005133333,MCV_EXACT
dmv.736,county,IN,CATTARAUGUS,native,300,True,0.0054111113,63.0,63.0,0.0054111113,MCV_EXACT
dmv.736,county,IN,CATTARAUGUS,native,1000,True,0.0054866667,63.0,63.0,0.0054866667,MCV_EXACT
dmv.736,county,IN,CATTARAUGUS,reservoir,100,True,0.005433333,63.0,63.0,0.005433333,MCV_EXACT
dmv.736,county,IN,CATTARAUGUS,reservoir,300,True,0.0052222223,63.0,63.0,0.0052222223,MCV_EXACT
dmv.736,county,IN,CATTARAUGUS,reservoir,1000,True,0.00546,63.0,63.0,0.00546,MCV_EXACT
dmv.736,county,IN,MADISON,native,100,True,0.005,63.0,63.0,0.005,MCV_EXACT
dmv.736,county,IN,MADISON,native,300,True,0.005633333,63.0,63.0,0.005633333,MCV_EXACT
dmv.736,county,IN,MADISON,native,1000,True,0.00545,63.0,63.0,0.00545,MCV_EXACT
dmv.736,county,IN,MADISON,reservoir,100,True,0.005566667,63.0,63.0,0.005566667,MCV_EXACT
dmv.736,county,IN,MADISON,reservoir,300,True,0.0058,63.0,63.0,0.0058,MCV_EXACT
dmv.736,county,IN,MADISON,reservoir,1000,True,0.00566,63.0,63.0,0.00566,MCV_EXACT
dmv.736,county,IN,COLUMBIA,native,100,True,0.0047333334,63.0,63.0,0.0047333334,MCV_EXACT
dmv.736,county,IN,COLUMBIA,native,300,True,0.005266667,63.0,63.0,0.005266667,MCV_EXACT
dmv.736,county,IN,COLUMBIA,native,1000,True,0.00505,63.0,63.0,0.00505,MCV_EXACT
dmv.736,county,IN,COLUMBIA,reservoir,100,True,0.004466667,63.0,63.0,0.004466667,MCV_EXACT
dmv.736,county,IN,COLUMBIA,reservoir,300,True,0.0054555554,63.0,63.0,0.0054555554,MCV_EXACT
dmv.736,county,IN,COLUMBIA,reservoir,1000,True,0.0047933334,63.0,63.0,0.0047933334,MCV_EXACT
dmv.736,county,IN,LIVINGSTON,native,100,True,0.0048,63.0,63.0,0.0048,MCV_EXACT
dmv.736,county,IN,LIVINGSTON,native,300,True,0.0047,63.0,63.0,0.0047,MCV_EXACT
dmv.736,county,IN,LIVINGSTON,native,1000,True,0.00511,63.0,63.0,0.00511,MCV_EXACT
dmv.736,county,IN,LIVINGSTON,reservoir,100,True,0.0056,63.0,63.0,0.0056,MCV_EXACT
dmv.736,county,IN,LIVINGSTON,reservoir,300,True,0.004588889,63.0,63.0,0.004588889,MCV_EXACT
dmv.736,county,IN,LIVINGSTON,reservoir,1000,True,0.00495,63.0,63.0,0.00495,MCV_EXACT
dmv.736,county,IN,WASHINGTON,native,100,True,0.0051666666,63.0,63.0,0.0051666666,MCV_EXACT
dmv.736,county,IN,WASHINGTON,native,300,True,0.005088889,63.0,63.0,0.005088889,MCV_EXACT
dmv.736,county,IN,WASHINGTON,native,1000,True,0.0049666665,63.0,63.0,0.0049666665,MCV_EXACT
dmv.736,county,IN,WASHINGTON,reservoir,100,True,0.005133333,63.0,63.0,0.005133333,MCV_EXACT
dmv.736,county,IN,WASHINGTON,reservoir,300,True,0.005022222,63.0,63.0,0.005022222,MCV_EXACT
dmv.736,county,IN,WASHINGTON,reservoir,1000,True,0.005,63.0,63.0,0.005,MCV_EXACT
dmv.736,county,IN,HERKIMER,native,100,True,0.0048,63.0,63.0,0.0048,MCV_EXACT
dmv.736,county,IN,HERKIMER,native,300,True,0.0045444444,63.0,63.0,0.0045444444,MCV_EXACT
dmv.736,county,IN,HERKIMER,native,1000,True,0.004773333,63.0,63.0,0.004773333,MCV_EXACT
dmv.736,county,IN,HERKIMER,reservoir,100,True,0.0053666667,63.0,63.0,0.0053666667,MCV_EXACT
dmv.736,county,IN,HERKIMER,reservoir,300,True,0.0046,63.0,63.0,0.0046,MCV_EXACT
dmv.736,county,IN,HERKIMER,reservoir,1000,True,0.0048533333,63.0,63.0,0.0048533333,MCV_EXACT
dmv.736,county,IN,GENESEE,native,100,True,0.0040666666,63.0,63.0,0.0040666666,MCV_EXACT
dmv.736,county,IN,GENESEE,native,300,True,0.0044555557,63.0,63.0,0.0044555557,MCV_EXACT
dmv.736,county,IN,GENESEE,native,1000,True,0.00468,63.0,63.0,0.00468,MCV_EXACT
dmv.736,county,IN,GENESEE,reservoir,100,True,0.004,63.0,63.0,0.004,MCV_EXACT
dmv.736,county,IN,GENESEE,reservoir,300,True,0.004222222,63.0,63.0,0.004222222,MCV_EXACT
dmv.736,county,IN,GENESEE,reservoir,1000,True,0.0045633335,63.0,63.0,0.0045633335,MCV_EXACT
dmv.736,county,IN,OTSEGO,native,100,True,0.0043,63.0,63.0,0.0043,MCV_EXACT
dmv.736,county,IN,OTSEGO,native,300,True,0.004388889,63.0,63.0,0.004388889,MCV_EXACT
dmv.736,county,IN,OTSEGO,native,1000,True,0.0046066665,63.0,63.0,0.0046066665,MCV_EXACT
dmv.736,county,IN,OTSEGO,reservoir,100,True,0.0047,63.0,63.0,0.0047,MCV_EXACT
dmv.736,county,IN,OTSEGO,reservoir,300,True,0.0041888887,63.0,63.0,0.0041888887,MCV_EXACT
dmv.736,county,IN,OTSEGO,reservoir,1000,True,0.0044233333,63.0,63.0,0.0044233333,MCV_EXACT
dmv.736,county,IN,FULTON,native,100,True,0.0046666665,63.0,63.0,0.0046666665,MCV_EXACT
dmv.736,county,IN,FULTON,native,300,True,0.004388889,63.0,63.0,0.004388889,MCV_EXACT
dmv.736,county,IN,FULTON,native,1000,True,0.00438,63.0,63.0,0.00438,MCV_EXACT
dmv.736,county,IN,FULTON,reservoir,100,True,0.0045,63.0,63.0,0.0045,MCV_EXACT
dmv.736,county,IN,FULTON,reservoir,300,True,0.0043222224,63.0,63.0,0.0043222224,MCV_EXACT
dmv.736,county,IN,FULTON,reservoir,1000,True,0.0043766666,63.0,63.0,0.0043766666,MCV_EXACT
dmv.736,body_type,IN,4DSD,native,100,True,0.3166,44.0,44.0,0.3166,MCV_EXACT
dmv.736,body_type,IN,4DSD,native,300,True,0.3141111,51.0,51.0,0.3141111,MCV_EXACT
dmv.736,body_type,IN,4DSD,native,1000,True,0.31395,57.0,57.0,0.31395,MCV_EXACT
dmv.736,body_type,IN,4DSD,reservoir,100,True,0.3175,44.0,44.0,0.3175,MCV_EXACT
dmv.736,body_type,IN,4DSD,reservoir,300,True,0.31611112,51.0,51.0,0.31611112,MCV_EXACT
dmv.736,body_type,IN,4DSD,reservoir,1000,True,0.31391,55.0,55.0,0.31391,MCV_EXACT
dmv.736,body_type,IN,PICK,native,100,True,0.039966665,44.0,44.0,0.039966665,MCV_EXACT
dmv.736,body_type,IN,PICK,native,300,True,0.038844444,51.0,51.0,0.038844444,MCV_EXACT
dmv.736,body_type,IN,PICK,native,1000,True,0.03935,57.0,57.0,0.03935,MCV_EXACT
dmv.736,body_type,IN,PICK,reservoir,100,True,0.038833335,44.0,44.0,0.038833335,MCV_EXACT
dmv.736,body_type,IN,PICK,reservoir,300,True,0.038455557,51.0,51.0,0.038455557,MCV_EXACT
dmv.736,body_type,IN,PICK,reservoir,1000,True,0.038766667,55.0,55.0,0.038766667,MCV_EXACT
dmv.736,body_type,IN,2DSD,native,100,True,0.03973333,44.0,44.0,0.03973333,MCV_EXACT
dmv.736,body_type,IN,2DSD,native,300,True,0.040644445,51.0,51.0,0.040644445,MCV_EXACT
dmv.736,body_type,IN,2DSD,native,1000,True,0.03967,57.0,57.0,0.03967,MCV_EXACT
dmv.736,body_type,IN,2DSD,reservoir,100,True,0.038366668,44.0,44.0,0.038366668,MCV_EXACT
dmv.736,body_type,IN,2DSD,reservoir,300,True,0.039655555,51.0,51.0,0.039655555,MCV_EXACT
dmv.736,body_type,IN,2DSD,reservoir,1000,True,0.03933,55.0,55.0,0.03933,MCV_EXACT
dmv.736,body_type,IN,BOAT,native,100,True,0.0327,44.0,44.0,0.0327,MCV_EXACT
dmv.736,body_type,IN,BOAT,native,300,True,0.033666667,51.0,51.0,0.033666667,MCV_EXACT
dmv.736,body_type,IN,BOAT,native,1000,True,0.032623332,57.0,57.0,0.032623332,MCV_EXACT
dmv.736,body_type,IN,BOAT,reservoir,100,True,0.033833332,44.0,44.0,0.033833332,MCV_EXACT
dmv.736,body_type,IN,BOAT,reservoir,300,True,0.031744443,51.0,51.0,0.031744443,MCV_EXACT
dmv.736,body_type,IN,BOAT,reservoir,1000,True,0.0329,55.0,55.0,0.0329,MCV_EXACT
dmv.736,body_type,IN,LTRL,native,100,True,0.019766666,44.0,44.0,0.019766666,MCV_EXACT
dmv.736,body_type,IN,LTRL,native,300,True,0.019988889,51.0,51.0,0.019988889,MCV_EXACT
dmv.736,body_type,IN,LTRL,native,1000,True,0.0202,57.0,57.0,0.0202,MCV_EXACT
dmv.736,body_type,IN,LTRL,reservoir,100,True,0.021766666,44.0,44.0,0.021766666,MCV_EXACT
dmv.736,body_type,IN,LTRL,reservoir,300,True,0.01991111,51.0,51.0,0.01991111,MCV_EXACT
dmv.736,body_type,IN,LTRL,reservoir,1000,True,0.020406667,55.0,55.0,0.020406667,MCV_EXACT
dmv.736,body_type,IN,MCY,native,100,True,0.0317,44.0,44.0,0.0317,MCV_EXACT
dmv.736,body_type,IN,MCY,native,300,True,0.030122222,51.0,51.0,0.030122222,MCV_EXACT
dmv.736,body_type,IN,MCY,native,1000,True,0.030603332,57.0,57.0,0.030603332,MCV_EXACT
dmv.736,body_type,IN,MCY,reservoir,100,True,0.0305,44.0,44.0,0.0305,MCV_EXACT
dmv.736,body_type,IN,MCY,reservoir,300,True,0.031911112,51.0,51.0,0.031911112,MCV_EXACT
dmv.736,body_type,IN,MCY,reservoir,1000,True,0.030536667,55.0,55.0,0.030536667,MCV_EXACT
dmv.736,body_type,IN,TRLR,native,100,True,0.013366667,44.0,44.0,0.013366667,MCV_EXACT
dmv.736,body_type,IN,TRLR,native,300,True,0.013366667,51.0,51.0,0.013366667,MCV_EXACT
dmv.736,body_type,IN,TRLR,native,1000,True,0.01357,57.0,57.0,0.01357,MCV_EXACT
dmv.736,body_type,IN,TRLR,reservoir,100,True,0.0138,44.0,44.0,0.0138,MCV_EXACT
dmv.736,body_type,IN,TRLR,reservoir,300,True,0.014644444,51.0,51.0,0.014644444,MCV_EXACT
dmv.736,body_type,IN,TRLR,reservoir,1000,True,0.014033333,55.0,55.0,0.014033333,MCV_EXACT
dmv.736,body_type,IN,VAN,native,100,True,0.018233333,44.0,44.0,0.018233333,MCV_EXACT
dmv.736,body_type,IN,VAN,native,300,True,0.019233333,51.0,51.0,0.019233333,MCV_EXACT
dmv.736,body_type,IN,VAN,native,1000,True,0.019436667,57.0,57.0,0.019436667,MCV_EXACT
dmv.736,body_type,IN,VAN,reservoir,100,True,0.0199,44.0,44.0,0.0199,MCV_EXACT
dmv.736,body_type,IN,VAN,reservoir,300,True,0.019633334,51.0,51.0,0.019633334,MCV_EXACT
dmv.736,body_type,IN,VAN,reservoir,1000,True,0.01936,55.0,55.0,0.01936,MCV_EXACT
dmv.736,body_type,IN,CONV,native,100,True,0.0142,44.0,44.0,0.0142,MCV_EXACT
dmv.736,body_type,IN,CONV,native,300,True,0.0144,51.0,51.0,0.0144,MCV_EXACT
dmv.736,body_type,IN,CONV,native,1000,True,0.01498,57.0,57.0,0.01498,MCV_EXACT
dmv.736,body_type,IN,CONV,reservoir,100,True,0.014733333,44.0,44.0,0.014733333,MCV_EXACT
dmv.736,body_type,IN,CONV,reservoir,300,True,0.014844445,51.0,51.0,0.014844445,MCV_EXACT
dmv.736,body_type,IN,CONV,reservoir,1000,True,0.014763333,55.0,55.0,0.014763333,MCV_EXACT
dmv.736,body_type,IN,ATV,native,100,True,0.0084,44.0,44.0,0.0084,MCV_EXACT
dmv.736,body_type,IN,ATV,native,300,True,0.009322222,51.0,51.0,0.009322222,MCV_EXACT
dmv.736,body_type,IN,ATV,native,1000,True,0.009113333,57.0,57.0,0.009113333,MCV_EXACT
dmv.736,body_type,IN,ATV,reservoir,100,True,0.0085,44.0,44.0,0.0085,MCV_EXACT
dmv.736,body_type,IN,ATV,reservoir,300,True,0.008744445,51.0,51.0,0.008744445,MCV_EXACT
dmv.736,body_type,IN,ATV,reservoir,1000,True,0.008986667,55.0,55.0,0.008986667,MCV_EXACT
dmv.736,body_type,IN,SNOW,native,100,True,0.0071333335,44.0,44.0,0.0071333335,MCV_EXACT
dmv.736,body_type,IN,SNOW,native,300,True,0.008444444,51.0,51.0,0.008444444,MCV_EXACT
dmv.736,body_type,IN,SNOW,native,1000,True,0.00852,57.0,57.0,0.00852,MCV_EXACT
dmv.736,body_type,IN,SNOW,reservoir,100,True,0.0076,44.0,44.0,0.0076,MCV_EXACT
dmv.736,body_type,IN,SNOW,reservoir,300,True,0.008155555,51.0,51.0,0.008155555,MCV_EXACT
dmv.736,body_type,IN,SNOW,reservoir,1000,True,0.00822,55.0,55.0,0.00822,MCV_EXACT
dmv.736,body_type,IN,DUMP,native,100,True,0.0070666666,44.0,44.0,0.0070666666,MCV_EXACT
dmv.736,body_type,IN,DUMP,native,300,True,0.0068555553,51.0,51.0,0.0068555553,MCV_EXACT
dmv.736,body_type,IN,DUMP,native,1000,True,0.006903333,57.0,57.0,0.006903333,MCV_EXACT
dmv.736,body_type,IN,DUMP,reservoir,100,True,0.0070666666,44.0,44.0,0.0070666666,MCV_EXACT
dmv.736,body_type,IN,DUMP,reservoir,300,True,0.007022222,51.0,51.0,0.007022222,MCV_EXACT
dmv.736,body_type,IN,DUMP,reservoir,1000,True,0.006786667,55.0,55.0,0.006786667,MCV_EXACT
dmv.736,body_type,IN,BUS,native,100,True,0.0057333335,44.0,44.0,0.0057333335,MCV_EXACT
dmv.736,body_type,IN,BUS,native,300,True,0.0054111113,51.0,51.0,0.0054111113,MCV_EXACT
dmv.736,body_type,IN,BUS,native,1000,True,0.0050666668,57.0,57.0,0.0050666668,MCV_EXACT
dmv.736,body_type,IN,BUS,reservoir,100,True,0.005266667,44.0,44.0,0.005266667,MCV_EXACT
dmv.736,body_type,IN,BUS,reservoir,300,True,0.0049444446,51.0,51.0,0.0049444446,MCV_EXACT
dmv.736,body_type,IN,BUS,reservoir,1000,True,0.0051733335,55.0,55.0,0.0051733335,MCV_EXACT
dmv.736,body_type,IN,H/TR,native,100,True,0.0021666666,44.0,44.0,0.0021666666,MCV_EXACT
dmv.736,body_type,IN,H/TR,native,300,True,0.0018111111,51.0,51.0,0.0018111111,MCV_EXACT
dmv.736,body_type,IN,H/TR,native,1000,True,0.0017533334,57.0,57.0,0.0017533334,MCV_EXACT
dmv.736,body_type,IN,H/TR,reservoir,100,True,0.0017,44.0,44.0,0.0017,MCV_EXACT
dmv.736,body_type,IN,H/TR,reservoir,300,True,0.0018333333,51.0,51.0,0.0018333333,MCV_EXACT
dmv.736,body_type,IN,H/TR,reservoir,1000,True,0.00175,55.0,55.0,0.00175,MCV_EXACT
dmv.736,body_type,IN,UTIL,native,100,True,0.004,44.0,44.0,0.004,MCV_EXACT
dmv.736,body_type,IN,UTIL,native,300,True,0.0041222223,51.0,51.0,0.0041222223,MCV_EXACT
dmv.736,body_type,IN,UTIL,native,1000,True,0.0042066667,57.0,57.0,0.0042066667,MCV_EXACT
dmv.736,body_type,IN,UTIL,reservoir,100,True,0.0039,44.0,44.0,0.0039,MCV_EXACT
dmv.736,body_type,IN,UTIL,reservoir,300,True,0.0038222221,51.0,51.0,0.0038222221,MCV_EXACT
dmv.736,body_type,IN,UTIL,reservoir,1000,True,0.004223333,55.0,55.0,0.004223333,MCV_EXACT
dmv.736,body_type,IN,SEMI,native,100,True,0.0039666668,44.0,44.0,0.0039666668,MCV_EXACT
dmv.736,body_type,IN,SEMI,native,300,True,0.0039444445,51.0,51.0,0.0039444445,MCV_EXACT
dmv.736,body_type,IN,SEMI,native,1000,True,0.00349,57.0,57.0,0.00349,MCV_EXACT
dmv.736,body_type,IN,SEMI,reservoir,100,True,0.0035333333,44.0,44.0,0.0035333333,MCV_EXACT
dmv.736,body_type,IN,SEMI,reservoir,300,True,0.0035666667,51.0,51.0,0.0035666667,MCV_EXACT
dmv.736,body_type,IN,SEMI,reservoir,1000,True,0.00368,55.0,55.0,0.00368,MCV_EXACT
dmv.736,body_type,IN,TRAC,native,100,True,0.0027,44.0,44.0,0.0027,MCV_EXACT
dmv.736,body_type,IN,TRAC,native,300,True,0.0029333334,51.0,51.0,0.0029333334,MCV_EXACT
dmv.736,body_type,IN,TRAC,native,1000,True,0.0029833333,57.0,57.0,0.0029833333,MCV_EXACT
dmv.736,body_type,IN,TRAC,reservoir,100,True,0.0027333333,44.0,44.0,0.0027333333,MCV_EXACT
dmv.736,body_type,IN,TRAC,reservoir,300,True,0.0031888888,51.0,51.0,0.0031888888,MCV_EXACT
dmv.736,body_type,IN,TRAC,reservoir,1000,True,0.0030633332,55.0,55.0,0.0030633332,MCV_EXACT
dmv.736,body_type,IN,H/WH,native,100,True,0.0021333334,44.0,44.0,0.0021333334,MCV_EXACT
dmv.736,body_type,IN,H/WH,native,300,True,0.0025444445,51.0,51.0,0.0025444445,MCV_EXACT
dmv.736,body_type,IN,H/WH,native,1000,True,0.0021666666,57.0,57.0,0.0021666666,MCV_EXACT
dmv.736,body_type,IN,H/WH,reservoir,100,True,0.0019333333,44.0,44.0,0.0019333333,MCV_EXACT
dmv.736,body_type,IN,H/WH,reservoir,300,True,0.002111111,51.0,51.0,0.002111111,MCV_EXACT
dmv.736,body_type,IN,H/WH,reservoir,1000,True,0.0022066666,55.0,55.0,0.0022066666,MCV_EXACT
dmv.736,body_type,IN,DELV,native,100,True,0.0018333333,44.0,44.0,0.0018333333,MCV_EXACT
dmv.736,body_type,IN,DELV,native,300,True,0.002322222,51.0,51.0,0.002322222,MCV_EXACT
dmv.736,body_type,IN,DELV,native,1000,True,0.0022333334,57.0,57.0,0.0022333334,MCV_EXACT
dmv.736,body_type,IN,DELV,reservoir,100,True,0.0020666667,44.0,44.0,0.0020666667,MCV_EXACT
dmv.736,body_type,IN,DELV,reservoir,300,True,0.0022777778,51.0,51.0,0.0022777778,MCV_EXACT
dmv.736,body_type,IN,DELV,reservoir,1000,True,0.00214,55.0,55.0,0.00214,MCV_EXACT
dmv.736,body_type,IN,FLAT,native,100,True,0.0020666667,44.0,44.0,0.0020666667,MCV_EXACT
dmv.736,body_type,IN,FLAT,native,300,True,0.0017111112,51.0,51.0,0.0017111112,MCV_EXACT
dmv.736,body_type,IN,FLAT,native,1000,True,0.0016833333,57.0,57.0,0.0016833333,MCV_EXACT
dmv.736,body_type,IN,FLAT,reservoir,100,True,0.0016,44.0,44.0,0.0016,MCV_EXACT
dmv.736,body_type,IN,FLAT,reservoir,300,True,0.0020888888,51.0,51.0,0.0020888888,MCV_EXACT
dmv.736,body_type,IN,FLAT,reservoir,1000,True,0.0016866666,55.0,55.0,0.0016866666,MCV_EXACT
dmv.736,body_type,IN,P/SH,native,100,True,0.0009,44.0,44.0,0.0009,MCV_EXACT
dmv.736,body_type,IN,P/SH,native,300,True,0.0009,51.0,51.0,0.0009,MCV_EXACT
dmv.736,body_type,IN,P/SH,native,1000,True,0.00085666665,57.0,57.0,0.00085666665,MCV_EXACT
dmv.736,body_type,IN,P/SH,reservoir,100,True,0.0009,44.0,44.0,0.0009,MCV_EXACT
dmv.736,body_type,IN,P/SH,reservoir,300,True,0.0009,51.0,51.0,0.0009,MCV_EXACT
dmv.736,body_type,IN,P/SH,reservoir,1000,True,0.0009,55.0,55.0,0.0009,MCV_EXACT
dmv.736,body_type,IN,STAK,native,100,True,0.0009666667,44.0,44.0,0.0009666667,MCV_EXACT
dmv.736,body_type,IN,STAK,native,300,True,0.00095555553,51.0,51.0,0.00095555553,MCV_EXACT
dmv.736,body_type,IN,STAK,native,1000,True,0.00089333334,57.0,57.0,0.00089333334,MCV_EXACT
dmv.736,body_type,IN,STAK,reservoir,100,True,0.0010333334,44.0,44.0,0.0010333334,MCV_EXACT
dmv.736,body_type,IN,STAK,reservoir,300,True,0.0009777778,51.0,51.0,0.0009777778,MCV_EXACT
dmv.736,body_type,IN,STAK,reservoir,1000,True,0.0008833333,55.0,55.0,0.0008833333,MCV_EXACT
dmv.736,body_type,IN,TANK,native,100,True,0.00036666667,44.0,44.0,0.00036666667,MCV_EXACT
dmv.736,body_type,IN,TANK,native,300,True,0.0008888889,51.0,51.0,0.0008888889,MCV_EXACT
dmv.736,body_type,IN,TANK,native,1000,True,0.00078666664,57.0,57.0,0.00078666664,MCV_EXACT
dmv.736,body_type,IN,TANK,reservoir,100,True,0.00046666668,44.0,44.0,0.00046666668,MCV_EXACT
dmv.736,body_type,IN,TANK,reservoir,300,True,0.00073333335,51.0,51.0,0.00073333335,MCV_EXACT
dmv.736,body_type,IN,TANK,reservoir,1000,True,0.00085666665,55.0,55.0,0.00085666665,MCV_EXACT
dmv.736,fuel_type,IN,NONE,native,100,True,0.0409,8.0,8.0,0.0409,MCV_EXACT
dmv.736,fuel_type,IN,NONE,native,300,True,0.04081111,9.0,9.0,0.04081111,MCV_EXACT
dmv.736,fuel_type,IN,NONE,native,1000,True,0.040763333,9.0,9.0,0.040763333,MCV_EXACT
dmv.736,fuel_type,IN,NONE,reservoir,100,True,0.042066667,9.0,9.0,0.042066667,MCV_EXACT
dmv.736,fuel_type,IN,NONE,reservoir,300,True,0.0416,9.0,9.0,0.0416,MCV_EXACT
dmv.736,fuel_type,IN,NONE,reservoir,1000,True,0.041566666,9.0,9.0,0.041566666,MCV_EXACT
dmv.736,fuel_type,IN,DIESEL,native,100,True,0.039533332,8.0,8.0,0.039533332,MCV_EXACT
dmv.736,fuel_type,IN,DIESEL,native,300,True,0.0401,9.0,9.0,0.0401,MCV_EXACT
dmv.736,fuel_type,IN,DIESEL,native,1000,True,0.039216667,9.0,9.0,0.039216667,MCV_EXACT
dmv.736,fuel_type,IN,DIESEL,reservoir,100,True,0.0371,9.0,9.0,0.0371,MCV_EXACT
dmv.736,fuel_type,IN,DIESEL,reservoir,300,True,0.03811111,9.0,9.0,0.03811111,MCV_EXACT
dmv.736,fuel_type,IN,DIESEL,reservoir,1000,True,0.038793333,9.0,9.0,0.038793333,MCV_EXACT
dmv.736,fuel_type,IN,ELECTRIC,native,100,True,0.0020666667,8.0,8.0,0.0020666667,MCV_EXACT
dmv.736,fuel_type,IN,ELECTRIC,native,300,True,0.0018666667,9.0,9.0,0.0018666667,MCV_EXACT
dmv.736,fuel_type,IN,ELECTRIC,native,1000,True,0.0023033333,9.0,9.0,0.0023033333,MCV_EXACT
dmv.736,fuel_type,IN,ELECTRIC,reservoir,100,True,0.0026,9.0,9.0,0.0026,MCV_EXACT
dmv.736,fuel_type,IN,ELECTRIC,reservoir,300,True,0.0026444444,9.0,9.0,0.0026444444,MCV_EXACT
dmv.736,fuel_type,IN,ELECTRIC,reservoir,1000,True,0.00228,9.0,9.0,0.00228,MCV_EXACT
dmv.736,scofflaw_indicator,=,N,native,100,True,0.9998,2.0,2.0,0.9998,MCV_EXACT
dmv.736,scofflaw_indicator,=,N,native,300,True,0.99976665,2.0,2.0,0.99976665,MCV_EXACT
dmv.736,scofflaw_indicator,=,N,native,1000,True,0.9997467,2.0,2.0,0.9997467,MCV_EXACT
dmv.736,scofflaw_indicator,=,N,reservoir,100,True,0.9999,2.0,2.0,0.9999,MCV_EXACT
dmv.736,scofflaw_indicator,=,N,reservoir,300,True,0.9997889,2.0,2.0,0.9997889,MCV_EXACT
dmv.736,scofflaw_indicator,=,N,reservoir,1000,True,0.99978334,2.0,2.0,0.99978334,MCV_EXACT
dmv.1114,state,IN,OK,native,100,True,0.004466667,34.0,34.0,0.004466667,MCV_EXACT
dmv.1114,state,IN,OK,native,300,True,0.0044555557,43.0,43.0,0.0044555557,MCV_EXACT
dmv.1114,state,IN,OK,native,1000,True,0.004393333,57.0,57.0,0.004393333,MCV_EXACT
dmv.1114,state,IN,OK,reservoir,100,True,0.0045666667,36.0,36.0,0.0045666667,MCV_EXACT
dmv.1114,state,IN,OK,reservoir,300,True,0.004644444,47.0,47.0,0.004644444,MCV_EXACT
dmv.1114,state,IN,OK,reservoir,1000,True,0.004273333,56.0,56.0,0.004273333,MCV_EXACT
dmv.1114,state,IN,PA,native,100,True,0.0009666667,34.0,34.0,0.0009666667,MCV_EXACT
dmv.1114,state,IN,PA,native,300,True,0.0015555555,43.0,43.0,0.0015555555,MCV_EXACT
dmv.1114,state,IN,PA,native,1000,True,0.0014266666,57.0,57.0,0.0014266666,MCV_EXACT
dmv.1114,state,IN,PA,reservoir,100,True,0.0013,36.0,36.0,0.0013,MCV_EXACT
dmv.1114,state,IN,PA,reservoir,300,True,0.0013888889,47.0,47.0,0.0013888889,MCV_EXACT
dmv.1114,state,IN,PA,reservoir,1000,True,0.0014966667,56.0,56.0,0.0014966667,MCV_EXACT
dmv.1114,state,IN,MD,native,100,True,0.0013333333,34.0,34.0,0.0013333333,MCV_EXACT
dmv.1114,state,IN,MD,native,300,True,0.0013222222,43.0,43.0,0.0013222222,MCV_EXACT
dmv.1114,state,IN,MD,native,1000,True,0.0014033334,57.0,57.0,0.0014033334,MCV_EXACT
dmv.1114,state,IN,MD,reservoir,100,True,0.0015333333,36.0,36.0,0.0015333333,MCV_EXACT
dmv.1114,state,IN,MD,reservoir,300,True,0.0013333333,47.0,47.0,0.0013333333,MCV_EXACT
dmv.1114,state,IN,MD,reservoir,1000,True,0.0013333333,56.0,56.0,0.0013333333,MCV_EXACT
dmv.1114,state,IN,IL,native,100,True,0.0013,34.0,34.0,0.0013,MCV_EXACT
dmv.1114,state,IN,IL,native,300,True,0.0014,43.0,43.0,0.0014,MCV_EXACT
dmv.1114,state,IN,IL,native,1000,True,0.0013566667,57.0,57.0,0.0013566667,MCV_EXACT
dmv.1114,state,IN,IL,reservoir,100,True,0.0012,36.0,36.0,0.0012,MCV_EXACT
dmv.1114,state,IN,IL,reservoir,300,True,0.0014111111,47.0,47.0,0.0014111111,MCV_EXACT
dmv.1114,state,IN,IL,reservoir,1000,True,0.00129,56.0,56.0,0.00129,MCV_EXACT
dmv.1114,state,IN,TX,native,100,True,0.0006,34.0,34.0,0.0006,MCV_EXACT
dmv.1114,state,IN,TX,native,300,True,0.00076666666,43.0,43.0,0.00076666666,MCV_EXACT
dmv.1114,state,IN,TX,native,1000,True,0.0008066667,57.0,57.0,0.0008066667,MCV_EXACT
dmv.1114,state,IN,TX,reservoir,100,True,0.00083333335,36.0,36.0,0.00083333335,MCV_EXACT
dmv.1114,state,IN,TX,reservoir,300,True,0.00077777775,47.0,47.0,0.00077777775,MCV_EXACT
dmv.1114,state,IN,TX,reservoir,1000,True,0.0008166667,56.0,56.0,0.0008166667,MCV_EXACT
dmv.1114,state,IN,FL,native,100,True,0.00056666665,34.0,34.0,0.00056666665,MCV_EXACT
dmv.1114,state,IN,FL,native,300,True,0.00056666665,43.0,43.0,0.00056666665,MCV_EXACT
dmv.1114,state,IN,FL,native,1000,True,0.0005533333,57.0,57.0,0.0005533333,MCV_EXACT
dmv.1114,state,IN,FL,reservoir,100,True,0.0005,36.0,36.0,0.0005,MCV_EXACT
dmv.1114,state,IN,FL,reservoir,300,True,0.00063333334,47.0,47.0,0.00063333334,MCV_EXACT
dmv.1114,state,IN,FL,reservoir,1000,True,0.00051333336,56.0,56.0,0.00051333336,MCV_EXACT
dmv.1114,state,IN,GA,native,100,True,0.00043333333,34.0,34.0,0.00043333333,MCV_EXACT
dmv.1114,state,IN,GA,native,300,True,0.00055555557,43.0,43.0,0.00055555557,MCV_EXACT
dmv.1114,state,IN,GA,native,1000,True,0.0005533333,57.0,57.0,0.0005533333,MCV_EXACT
dmv.1114,state,IN,GA,reservoir,100,True,0.00046666668,36.0,36.0,0.00046666668,MCV_EXACT
dmv.1114,state,IN,GA,reservoir,300,True,0.00043333333,47.0,47.0,0.00043333333,MCV_EXACT
dmv.1114,state,IN,GA,reservoir,1000,True,0.0005533333,56.0,56.0,0.0005533333,MCV_EXACT
dmv.1114,county,IN,ONEIDA,native,100,True,0.0177,63.0,63.0,0.0177,MCV_EXACT
dmv.1114,county,IN,ONEIDA,native,300,True,0.0166,63.0,63.0,0.0166,MCV_EXACT
dmv.1114,county,IN,ONEIDA,native,1000,True,0.016443333,63.0,63.0,0.016443333,MCV_EXACT
dmv.1114,county,IN,ONEIDA,reservoir,100,True,0.015366667,63.0,63.0,0.015366667,MCV_EXACT
dmv.1114,county,IN,ONEIDA,reservoir,300,True,0.016577778,63.0,63.0,0.016577778,MCV_EXACT
dmv.1114,county,IN,ONEIDA,reservoir,1000,True,0.016443333,63.0,63.0,0.016443333,MCV_EXACT
dmv.1114,county,IN,NIAGARA,native,100,True,0.014933334,63.0,63.0,0.014933334,MCV_EXACT
dmv.1114,county,IN,NIAGARA,native,300,True,0.0150666665,63.0,63.0,0.0150666665,MCV_EXACT
dmv.1114,county,IN,NIAGARA,native,1000,True,0.014953333,63.0,63.0,0.014953333,MCV_EXACT
dmv.1114,county,IN,NIAGARA,reservoir,100,True,0.0149,63.0,63.0,0.0149,MCV_EXACT
dmv.1114,county,IN,NIAGARA,reservoir,300,True,0.0141888885,63.0,63.0,0.0141888885,MCV_EXACT
dmv.1114,county,IN,NIAGARA,reservoir,1000,True,0.014866667,63.0,63.0,0.014866667,MCV_EXACT
dmv.1114,county,IN,OUT-OF-STATE,native,100,False,,63.0,63.0,0.015873015873015872,MCV_MISS_NDISTINCT_FALLBACK
dmv.1114,county,IN,OUT-OF-STATE,native,300,False,,63.0,63.0,0.015873015873015872,MCV_MISS_NDISTINCT_FALLBACK
dmv.1114,county,IN,OUT-OF-STATE,native,1000,False,,63.0,63.0,0.015873015873015872,MCV_MISS_NDISTINCT_FALLBACK
dmv.1114,county,IN,OUT-OF-STATE,reservoir,100,False,,63.0,63.0,0.015873015873015872,MCV_MISS_NDISTINCT_FALLBACK
dmv.1114,county,IN,OUT-OF-STATE,reservoir,300,False,,63.0,63.0,0.015873015873015872,MCV_MISS_NDISTINCT_FALLBACK
dmv.1114,county,IN,OUT-OF-STATE,reservoir,1000,False,,63.0,63.0,0.015873015873015872,MCV_MISS_NDISTINCT_FALLBACK
dmv.1114,county,IN,ULSTER,native,100,True,0.014566666,63.0,63.0,0.014566666,MCV_EXACT
dmv.1114,county,IN,ULSTER,native,300,True,0.013544444,63.0,63.0,0.013544444,MCV_EXACT
dmv.1114,county,IN,ULSTER,native,1000,True,0.01344,63.0,63.0,0.01344,MCV_EXACT
dmv.1114,county,IN,ULSTER,reservoir,100,True,0.0129,63.0,63.0,0.0129,MCV_EXACT
dmv.1114,county,IN,ULSTER,reservoir,300,True,0.013755555,63.0,63.0,0.013755555,MCV_EXACT
dmv.1114,county,IN,ULSTER,reservoir,1000,True,0.013723333,63.0,63.0,0.013723333,MCV_EXACT
dmv.1114,county,IN,BROOME,native,100,True,0.012866667,63.0,63.0,0.012866667,MCV_EXACT
dmv.1114,county,IN,BROOME,native,300,True,0.013177778,63.0,63.0,0.013177778,MCV_EXACT
dmv.1114,county,IN,BROOME,native,1000,True,0.013116667,63.0,63.0,0.013116667,MCV_EXACT
dmv.1114,county,IN,BROOME,reservoir,100,True,0.012366666,63.0,63.0,0.012366666,MCV_EXACT
dmv.1114,county,IN,BROOME,reservoir,300,True,0.013366667,63.0,63.0,0.013366667,MCV_EXACT
dmv.1114,county,IN,BROOME,reservoir,1000,True,0.01352,63.0,63.0,0.01352,MCV_EXACT
dmv.1114,county,IN,SCHENECTADY,native,100,True,0.011966666,63.0,63.0,0.011966666,MCV_EXACT
dmv.1114,county,IN,SCHENECTADY,native,300,True,0.011644444,63.0,63.0,0.011644444,MCV_EXACT
dmv.1114,county,IN,SCHENECTADY,native,1000,True,0.01121,63.0,63.0,0.01121,MCV_EXACT
dmv.1114,county,IN,SCHENECTADY,reservoir,100,True,0.012,63.0,63.0,0.012,MCV_EXACT
dmv.1114,county,IN,SCHENECTADY,reservoir,300,True,0.011533333,63.0,63.0,0.011533333,MCV_EXACT
dmv.1114,county,IN,SCHENECTADY,reservoir,1000,True,0.01171,63.0,63.0,0.01171,MCV_EXACT
dmv.1114,county,IN,RENSSELAER,native,100,True,0.012566667,63.0,63.0,0.012566667,MCV_EXACT
dmv.1114,county,IN,RENSSELAER,native,300,True,0.0114,63.0,63.0,0.0114,MCV_EXACT
dmv.1114,county,IN,RENSSELAER,native,1000,True,0.011156667,63.0,63.0,0.011156667,MCV_EXACT
dmv.1114,county,IN,RENSSELAER,reservoir,100,True,0.010633334,63.0,63.0,0.010633334,MCV_EXACT
dmv.1114,county,IN,RENSSELAER,reservoir,300,True,0.0111,63.0,63.0,0.0111,MCV_EXACT
dmv.1114,county,IN,RENSSELAER,reservoir,1000,True,0.011246666,63.0,63.0,0.011246666,MCV_EXACT
dmv.1114,county,IN,OSWEGO,native,100,True,0.009366667,63.0,63.0,0.009366667,MCV_EXACT
dmv.1114,county,IN,OSWEGO,native,300,True,0.008755555,63.0,63.0,0.008755555,MCV_EXACT
dmv.1114,county,IN,OSWEGO,native,1000,True,0.009103334,63.0,63.0,0.009103334,MCV_EXACT
dmv.1114,county,IN,OSWEGO,reservoir,100,True,0.009166666,63.0,63.0,0.009166666,MCV_EXACT
dmv.1114,county,IN,OSWEGO,reservoir,300,True,0.009644444,63.0,63.0,0.009644444,MCV_EXACT
dmv.1114,county,IN,OSWEGO,reservoir,1000,True,0.009226667,63.0,63.0,0.009226667,MCV_EXACT
dmv.1114,county,IN,ONTARIO,native,100,True,0.008466667,63.0,63.0,0.008466667,MCV_EXACT
dmv.1114,county,IN,ONTARIO,native,300,True,0.008866667,63.0,63.0,0.008866667,MCV_EXACT
dmv.1114,county,IN,ONTARIO,native,1000,True,0.00913,63.0,63.0,0.00913,MCV_EXACT
dmv.1114,county,IN,ONTARIO,reservoir,100,True,0.0096,63.0,63.0,0.0096,MCV_EXACT
dmv.1114,county,IN,ONTARIO,reservoir,300,True,0.008622223,63.0,63.0,0.008622223,MCV_EXACT
dmv.1114,county,IN,ONTARIO,reservoir,1000,True,0.009333333,63.0,63.0,0.009333333,MCV_EXACT
dmv.1114,body_type,IN,4DSD,native,100,True,0.3166,44.0,44.0,0.3166,MCV_EXACT
dmv.1114,body_type,IN,4DSD,native,300,True,0.3141111,51.0,51.0,0.3141111,MCV_EXACT
dmv.1114,body_type,IN,4DSD,native,1000,True,0.31395,57.0,57.0,0.31395,MCV_EXACT
dmv.1114,body_type,IN,4DSD,reservoir,100,True,0.3175,44.0,44.0,0.3175,MCV_EXACT
dmv.1114,body_type,IN,4DSD,reservoir,300,True,0.31611112,51.0,51.0,0.31611112,MCV_EXACT
dmv.1114,body_type,IN,4DSD,reservoir,1000,True,0.31391,55.0,55.0,0.31391,MCV_EXACT
dmv.1114,body_type,IN,PICK,native,100,True,0.039966665,44.0,44.0,0.039966665,MCV_EXACT
dmv.1114,body_type,IN,PICK,native,300,True,0.038844444,51.0,51.0,0.038844444,MCV_EXACT
dmv.1114,body_type,IN,PICK,native,1000,True,0.03935,57.0,57.0,0.03935,MCV_EXACT
dmv.1114,body_type,IN,PICK,reservoir,100,True,0.038833335,44.0,44.0,0.038833335,MCV_EXACT
dmv.1114,body_type,IN,PICK,reservoir,300,True,0.038455557,51.0,51.0,0.038455557,MCV_EXACT
dmv.1114,body_type,IN,PICK,reservoir,1000,True,0.038766667,55.0,55.0,0.038766667,MCV_EXACT
dmv.1114,body_type,IN,2DSD,native,100,True,0.03973333,44.0,44.0,0.03973333,MCV_EXACT
dmv.1114,body_type,IN,2DSD,native,300,True,0.040644445,51.0,51.0,0.040644445,MCV_EXACT
dmv.1114,body_type,IN,2DSD,native,1000,True,0.03967,57.0,57.0,0.03967,MCV_EXACT
dmv.1114,body_type,IN,2DSD,reservoir,100,True,0.038366668,44.0,44.0,0.038366668,MCV_EXACT
dmv.1114,body_type,IN,2DSD,reservoir,300,True,0.039655555,51.0,51.0,0.039655555,MCV_EXACT
dmv.1114,body_type,IN,2DSD,reservoir,1000,True,0.03933,55.0,55.0,0.03933,MCV_EXACT
dmv.1114,body_type,IN,BOAT,native,100,True,0.0327,44.0,44.0,0.0327,MCV_EXACT
dmv.1114,body_type,IN,BOAT,native,300,True,0.033666667,51.0,51.0,0.033666667,MCV_EXACT
dmv.1114,body_type,IN,BOAT,native,1000,True,0.032623332,57.0,57.0,0.032623332,MCV_EXACT
dmv.1114,body_type,IN,BOAT,reservoir,100,True,0.033833332,44.0,44.0,0.033833332,MCV_EXACT
dmv.1114,body_type,IN,BOAT,reservoir,300,True,0.031744443,51.0,51.0,0.031744443,MCV_EXACT
dmv.1114,body_type,IN,BOAT,reservoir,1000,True,0.0329,55.0,55.0,0.0329,MCV_EXACT
dmv.1114,body_type,IN,LTRL,native,100,True,0.019766666,44.0,44.0,0.019766666,MCV_EXACT
dmv.1114,body_type,IN,LTRL,native,300,True,0.019988889,51.0,51.0,0.019988889,MCV_EXACT
dmv.1114,body_type,IN,LTRL,native,1000,True,0.0202,57.0,57.0,0.0202,MCV_EXACT
dmv.1114,body_type,IN,LTRL,reservoir,100,True,0.021766666,44.0,44.0,0.021766666,MCV_EXACT
dmv.1114,body_type,IN,LTRL,reservoir,300,True,0.01991111,51.0,51.0,0.01991111,MCV_EXACT
dmv.1114,body_type,IN,LTRL,reservoir,1000,True,0.020406667,55.0,55.0,0.020406667,MCV_EXACT
dmv.1114,body_type,IN,MCY,native,100,True,0.0317,44.0,44.0,0.0317,MCV_EXACT
dmv.1114,body_type,IN,MCY,native,300,True,0.030122222,51.0,51.0,0.030122222,MCV_EXACT
dmv.1114,body_type,IN,MCY,native,1000,True,0.030603332,57.0,57.0,0.030603332,MCV_EXACT
dmv.1114,body_type,IN,MCY,reservoir,100,True,0.0305,44.0,44.0,0.0305,MCV_EXACT
dmv.1114,body_type,IN,MCY,reservoir,300,True,0.031911112,51.0,51.0,0.031911112,MCV_EXACT
dmv.1114,body_type,IN,MCY,reservoir,1000,True,0.030536667,55.0,55.0,0.030536667,MCV_EXACT
dmv.1114,body_type,IN,TRLR,native,100,True,0.013366667,44.0,44.0,0.013366667,MCV_EXACT
dmv.1114,body_type,IN,TRLR,native,300,True,0.013366667,51.0,51.0,0.013366667,MCV_EXACT
dmv.1114,body_type,IN,TRLR,native,1000,True,0.01357,57.0,57.0,0.01357,MCV_EXACT
dmv.1114,body_type,IN,TRLR,reservoir,100,True,0.0138,44.0,44.0,0.0138,MCV_EXACT
dmv.1114,body_type,IN,TRLR,reservoir,300,True,0.014644444,51.0,51.0,0.014644444,MCV_EXACT
dmv.1114,body_type,IN,TRLR,reservoir,1000,True,0.014033333,55.0,55.0,0.014033333,MCV_EXACT
dmv.1114,body_type,IN,VAN,native,100,True,0.018233333,44.0,44.0,0.018233333,MCV_EXACT
dmv.1114,body_type,IN,VAN,native,300,True,0.019233333,51.0,51.0,0.019233333,MCV_EXACT
dmv.1114,body_type,IN,VAN,native,1000,True,0.019436667,57.0,57.0,0.019436667,MCV_EXACT
dmv.1114,body_type,IN,VAN,reservoir,100,True,0.0199,44.0,44.0,0.0199,MCV_EXACT
dmv.1114,body_type,IN,VAN,reservoir,300,True,0.019633334,51.0,51.0,0.019633334,MCV_EXACT
dmv.1114,body_type,IN,VAN,reservoir,1000,True,0.01936,55.0,55.0,0.01936,MCV_EXACT
dmv.1114,body_type,IN,CONV,native,100,True,0.0142,44.0,44.0,0.0142,MCV_EXACT
dmv.1114,body_type,IN,CONV,native,300,True,0.0144,51.0,51.0,0.0144,MCV_EXACT
dmv.1114,body_type,IN,CONV,native,1000,True,0.01498,57.0,57.0,0.01498,MCV_EXACT
dmv.1114,body_type,IN,CONV,reservoir,100,True,0.014733333,44.0,44.0,0.014733333,MCV_EXACT
dmv.1114,body_type,IN,CONV,reservoir,300,True,0.014844445,51.0,51.0,0.014844445,MCV_EXACT
dmv.1114,body_type,IN,CONV,reservoir,1000,True,0.014763333,55.0,55.0,0.014763333,MCV_EXACT
dmv.1114,body_type,IN,ATV,native,100,True,0.0084,44.0,44.0,0.0084,MCV_EXACT
dmv.1114,body_type,IN,ATV,native,300,True,0.009322222,51.0,51.0,0.009322222,MCV_EXACT
dmv.1114,body_type,IN,ATV,native,1000,True,0.009113333,57.0,57.0,0.009113333,MCV_EXACT
dmv.1114,body_type,IN,ATV,reservoir,100,True,0.0085,44.0,44.0,0.0085,MCV_EXACT
dmv.1114,body_type,IN,ATV,reservoir,300,True,0.008744445,51.0,51.0,0.008744445,MCV_EXACT
dmv.1114,body_type,IN,ATV,reservoir,1000,True,0.008986667,55.0,55.0,0.008986667,MCV_EXACT
dmv.1114,body_type,IN,SNOW,native,100,True,0.0071333335,44.0,44.0,0.0071333335,MCV_EXACT
dmv.1114,body_type,IN,SNOW,native,300,True,0.008444444,51.0,51.0,0.008444444,MCV_EXACT
dmv.1114,body_type,IN,SNOW,native,1000,True,0.00852,57.0,57.0,0.00852,MCV_EXACT
dmv.1114,body_type,IN,SNOW,reservoir,100,True,0.0076,44.0,44.0,0.0076,MCV_EXACT
dmv.1114,body_type,IN,SNOW,reservoir,300,True,0.008155555,51.0,51.0,0.008155555,MCV_EXACT
dmv.1114,body_type,IN,SNOW,reservoir,1000,True,0.00822,55.0,55.0,0.00822,MCV_EXACT
dmv.1114,body_type,IN,DUMP,native,100,True,0.0070666666,44.0,44.0,0.0070666666,MCV_EXACT
dmv.1114,body_type,IN,DUMP,native,300,True,0.0068555553,51.0,51.0,0.0068555553,MCV_EXACT
dmv.1114,body_type,IN,DUMP,native,1000,True,0.006903333,57.0,57.0,0.006903333,MCV_EXACT
dmv.1114,body_type,IN,DUMP,reservoir,100,True,0.0070666666,44.0,44.0,0.0070666666,MCV_EXACT
dmv.1114,body_type,IN,DUMP,reservoir,300,True,0.007022222,51.0,51.0,0.007022222,MCV_EXACT
dmv.1114,body_type,IN,DUMP,reservoir,1000,True,0.006786667,55.0,55.0,0.006786667,MCV_EXACT
dmv.1114,body_type,IN,BUS,native,100,True,0.0057333335,44.0,44.0,0.0057333335,MCV_EXACT
dmv.1114,body_type,IN,BUS,native,300,True,0.0054111113,51.0,51.0,0.0054111113,MCV_EXACT
dmv.1114,body_type,IN,BUS,native,1000,True,0.0050666668,57.0,57.0,0.0050666668,MCV_EXACT
dmv.1114,body_type,IN,BUS,reservoir,100,True,0.005266667,44.0,44.0,0.005266667,MCV_EXACT
dmv.1114,body_type,IN,BUS,reservoir,300,True,0.0049444446,51.0,51.0,0.0049444446,MCV_EXACT
dmv.1114,body_type,IN,BUS,reservoir,1000,True,0.0051733335,55.0,55.0,0.0051733335,MCV_EXACT
dmv.1114,body_type,IN,H/TR,native,100,True,0.0021666666,44.0,44.0,0.0021666666,MCV_EXACT
dmv.1114,body_type,IN,H/TR,native,300,True,0.0018111111,51.0,51.0,0.0018111111,MCV_EXACT
dmv.1114,body_type,IN,H/TR,native,1000,True,0.0017533334,57.0,57.0,0.0017533334,MCV_EXACT
dmv.1114,body_type,IN,H/TR,reservoir,100,True,0.0017,44.0,44.0,0.0017,MCV_EXACT
dmv.1114,body_type,IN,H/TR,reservoir,300,True,0.0018333333,51.0,51.0,0.0018333333,MCV_EXACT
dmv.1114,body_type,IN,H/TR,reservoir,1000,True,0.00175,55.0,55.0,0.00175,MCV_EXACT
dmv.1114,body_type,IN,UTIL,native,100,True,0.004,44.0,44.0,0.004,MCV_EXACT
dmv.1114,body_type,IN,UTIL,native,300,True,0.0041222223,51.0,51.0,0.0041222223,MCV_EXACT
dmv.1114,body_type,IN,UTIL,native,1000,True,0.0042066667,57.0,57.0,0.0042066667,MCV_EXACT
dmv.1114,body_type,IN,UTIL,reservoir,100,True,0.0039,44.0,44.0,0.0039,MCV_EXACT
dmv.1114,body_type,IN,UTIL,reservoir,300,True,0.0038222221,51.0,51.0,0.0038222221,MCV_EXACT
dmv.1114,body_type,IN,UTIL,reservoir,1000,True,0.004223333,55.0,55.0,0.004223333,MCV_EXACT
dmv.1114,body_type,IN,SEMI,native,100,True,0.0039666668,44.0,44.0,0.0039666668,MCV_EXACT
dmv.1114,body_type,IN,SEMI,native,300,True,0.0039444445,51.0,51.0,0.0039444445,MCV_EXACT
dmv.1114,body_type,IN,SEMI,native,1000,True,0.00349,57.0,57.0,0.00349,MCV_EXACT
dmv.1114,body_type,IN,SEMI,reservoir,100,True,0.0035333333,44.0,44.0,0.0035333333,MCV_EXACT
dmv.1114,body_type,IN,SEMI,reservoir,300,True,0.0035666667,51.0,51.0,0.0035666667,MCV_EXACT
dmv.1114,body_type,IN,SEMI,reservoir,1000,True,0.00368,55.0,55.0,0.00368,MCV_EXACT
dmv.1114,body_type,IN,TRAC,native,100,True,0.0027,44.0,44.0,0.0027,MCV_EXACT
dmv.1114,body_type,IN,TRAC,native,300,True,0.0029333334,51.0,51.0,0.0029333334,MCV_EXACT
dmv.1114,body_type,IN,TRAC,native,1000,True,0.0029833333,57.0,57.0,0.0029833333,MCV_EXACT
dmv.1114,body_type,IN,TRAC,reservoir,100,True,0.0027333333,44.0,44.0,0.0027333333,MCV_EXACT
dmv.1114,body_type,IN,TRAC,reservoir,300,True,0.0031888888,51.0,51.0,0.0031888888,MCV_EXACT
dmv.1114,body_type,IN,TRAC,reservoir,1000,True,0.0030633332,55.0,55.0,0.0030633332,MCV_EXACT
dmv.1581,record_type,IN,VEH,native,100,True,0.92153335,4.0,4.0,0.92153335,MCV_EXACT
dmv.1581,record_type,IN,VEH,native,300,True,0.91954446,4.0,4.0,0.91954446,MCV_EXACT
dmv.1581,record_type,IN,VEH,native,1000,True,0.92067665,4.0,4.0,0.92067665,MCV_EXACT
dmv.1581,record_type,IN,VEH,reservoir,100,True,0.9191333,4.0,4.0,0.9191333,MCV_EXACT
dmv.1581,record_type,IN,VEH,reservoir,300,True,0.92116666,4.0,4.0,0.92116666,MCV_EXACT
dmv.1581,record_type,IN,VEH,reservoir,1000,True,0.91965336,4.0,4.0,0.91965336,MCV_EXACT
dmv.1581,record_type,IN,TRL,native,100,True,0.038966667,4.0,4.0,0.038966667,MCV_EXACT
dmv.1581,record_type,IN,TRL,native,300,True,0.038733333,4.0,4.0,0.038733333,MCV_EXACT
dmv.1581,record_type,IN,TRL,native,1000,True,0.038576666,4.0,4.0,0.038576666,MCV_EXACT
dmv.1581,record_type,IN,TRL,reservoir,100,True,0.03973333,4.0,4.0,0.03973333,MCV_EXACT
dmv.1581,record_type,IN,TRL,reservoir,300,True,0.03926667,4.0,4.0,0.03926667,MCV_EXACT
dmv.1581,record_type,IN,TRL,reservoir,1000,True,0.039506666,4.0,4.0,0.039506666,MCV_EXACT
dmv.1581,registration_class,IN,OMT,native,100,True,0.011033333,47.0,47.0,0.011033333,MCV_EXACT
dmv.1581,registration_class,IN,OMT,native,300,True,0.011777778,53.0,53.0,0.011777778,MCV_EXACT
dmv.1581,registration_class,IN,OMT,native,1000,True,0.01224,61.0,61.0,0.01224,MCV_EXACT
dmv.1581,registration_class,IN,OMT,reservoir,100,True,0.0125,45.0,45.0,0.0125,MCV_EXACT
dmv.1581,registration_class,IN,OMT,reservoir,300,True,0.011655555,51.0,51.0,0.011655555,MCV_EXACT
dmv.1581,registration_class,IN,OMT,reservoir,1000,True,0.01184,62.0,62.0,0.01184,MCV_EXACT
dmv.1581,registration_class,IN,OMS,native,100,True,0.010233333,47.0,47.0,0.010233333,MCV_EXACT
dmv.1581,registration_class,IN,OMS,native,300,True,0.009311111,53.0,53.0,0.009311111,MCV_EXACT
dmv.1581,registration_class,IN,OMS,native,1000,True,0.009596666,61.0,61.0,0.009596666,MCV_EXACT
dmv.1581,registration_class,IN,OMS,reservoir,100,True,0.009666666,45.0,45.0,0.009666666,MCV_EXACT
dmv.1581,registration_class,IN,OMS,reservoir,300,True,0.010144444,51.0,51.0,0.010144444,MCV_EXACT
dmv.1581,registration_class,IN,OMS,reservoir,1000,True,0.009406666,62.0,62.0,0.009406666,MCV_EXACT
dmv.1581,registration_class,IN,ATV,native,100,True,0.008366667,47.0,47.0,0.008366667,MCV_EXACT
dmv.1581,registration_class,IN,ATV,native,300,True,0.009322222,53.0,53.0,0.009322222,MCV_EXACT
dmv.1581,registration_class,IN,ATV,native,1000,True,0.00911,61.0,61.0,0.00911,MCV_EXACT
dmv.1581,registration_class,IN,ATV,reservoir,100,True,0.0085,45.0,45.0,0.0085,MCV_EXACT
dmv.1581,registration_class,IN,ATV,reservoir,300,True,0.008722222,51.0,51.0,0.008722222,MCV_EXACT
dmv.1581,registration_class,IN,ATV,reservoir,1000,True,0.00897,62.0,62.0,0.00897,MCV_EXACT
dmv.1581,registration_class,IN,SNO,native,100,True,0.0071333335,47.0,47.0,0.0071333335,MCV_EXACT
dmv.1581,registration_class,IN,SNO,native,300,True,0.008444444,53.0,53.0,0.008444444,MCV_EXACT
dmv.1581,registration_class,IN,SNO,native,1000,True,0.00852,61.0,61.0,0.00852,MCV_EXACT
dmv.1581,registration_class,IN,SNO,reservoir,100,True,0.0076,45.0,45.0,0.0076,MCV_EXACT
dmv.1581,registration_class,IN,SNO,reservoir,300,True,0.008155555,51.0,51.0,0.008155555,MCV_EXACT
dmv.1581,registration_class,IN,SNO,reservoir,1000,True,0.00822,62.0,62.0,0.00822,MCV_EXACT
dmv.1581,registration_class,IN,HOU,native,100,True,0.0020333333,47.0,47.0,0.0020333333,MCV_EXACT
dmv.1581,registration_class,IN,HOU,native,300,True,0.0018111111,53.0,53.0,0.0018111111,MCV_EXACT
dmv.1581,registration_class,IN,HOU,native,1000,True,0.0017666667,61.0,61.0,0.0017666667,MCV_EXACT
dmv.1581,registration_class,IN,HOU,reservoir,100,True,0.0016333334,45.0,45.0,0.0016333334,MCV_EXACT
dmv.1581,registration_class,IN,HOU,reservoir,300,True,0.0018222223,51.0,51.0,0.0018222223,MCV_EXACT
dmv.1581,registration_class,IN,HOU,reservoir,1000,True,0.0017333333,62.0,62.0,0.0017333333,MCV_EXACT
dmv.1581,registration_class,IN,ORG,native,100,True,0.0049666665,47.0,47.0,0.0049666665,MCV_EXACT
dmv.1581,registration_class,IN,ORG,native,300,True,0.0044,53.0,53.0,0.0044,MCV_EXACT
dmv.1581,registration_class,IN,ORG,native,1000,True,0.0044166665,61.0,61.0,0.0044166665,MCV_EXACT
dmv.1581,registration_class,IN,ORG,reservoir,100,True,0.0048666666,45.0,45.0,0.0048666666,MCV_EXACT
dmv.1581,registration_class,IN,ORG,reservoir,300,True,0.004288889,51.0,51.0,0.004288889,MCV_EXACT
dmv.1581,registration_class,IN,ORG,reservoir,1000,True,0.0044733332,62.0,62.0,0.0044733332,MCV_EXACT
dmv.1581,registration_class,IN,SEM,native,100,True,0.0040666666,47.0,47.0,0.0040666666,MCV_EXACT
dmv.1581,registration_class,IN,SEM,native,300,True,0.003922222,53.0,53.0,0.003922222,MCV_EXACT
dmv.1581,registration_class,IN,SEM,native,1000,True,0.0035166666,61.0,61.0,0.0035166666,MCV_EXACT
dmv.1581,registration_class,IN,SEM,reservoir,100,True,0.0034333332,45.0,45.0,0.0034333332,MCV_EXACT
dmv.1581,registration_class,IN,SEM,reservoir,300,True,0.0035555556,51.0,51.0,0.0035555556,MCV_EXACT
dmv.1581,registration_class,IN,SEM,reservoir,1000,True,0.00374,62.0,62.0,0.00374,MCV_EXACT
dmv.1581,registration_class,IN,HIS,native,100,True,0.0033333334,47.0,47.0,0.0033333334,MCV_EXACT
dmv.1581,registration_class,IN,HIS,native,300,True,0.0035,53.0,53.0,0.0035,MCV_EXACT
dmv.1581,registration_class,IN,HIS,native,1000,True,0.0035466666,61.0,61.0,0.0035466666,MCV_EXACT
dmv.1581,registration_class,IN,HIS,reservoir,100,True,0.0033,45.0,45.0,0.0033,MCV_EXACT
dmv.1581,registration_class,IN,HIS,reservoir,300,True,0.0036666666,51.0,51.0,0.0036666666,MCV_EXACT
dmv.1581,registration_class,IN,HIS,reservoir,1000,True,0.00357,62.0,62.0,0.00357,MCV_EXACT
dmv.1581,registration_class,IN,IRP,native,100,True,0.0027666667,47.0,47.0,0.0027666667,MCV_EXACT
dmv.1581,registration_class,IN,IRP,native,300,True,0.0028,53.0,53.0,0.0028,MCV_EXACT
dmv.1581,registration_class,IN,IRP,native,1000,True,0.00312,61.0,61.0,0.00312,MCV_EXACT
dmv.1581,registration_class,IN,IRP,reservoir,100,True,0.0027666667,45.0,45.0,0.0027666667,MCV_EXACT
dmv.1581,registration_class,IN,IRP,reservoir,300,True,0.0029888889,51.0,51.0,0.0029888889,MCV_EXACT
dmv.1581,registration_class,IN,IRP,reservoir,1000,True,0.00327,62.0,62.0,0.00327,MCV_EXACT
dmv.1581,registration_class,IN,OMR,native,100,True,0.0024666667,47.0,47.0,0.0024666667,MCV_EXACT
dmv.1581,registration_class,IN,OMR,native,300,True,0.0021444445,53.0,53.0,0.0021444445,MCV_EXACT
dmv.1581,registration_class,IN,OMR,native,1000,True,0.00213,61.0,61.0,0.00213,MCV_EXACT
dmv.1581,registration_class,IN,OMR,reservoir,100,True,0.0021,45.0,45.0,0.0021,MCV_EXACT
dmv.1581,registration_class,IN,OMR,reservoir,300,True,0.0021555556,51.0,51.0,0.0021555556,MCV_EXACT
dmv.1581,registration_class,IN,OMR,reservoir,1000,True,0.0022933334,62.0,62.0,0.0022933334,MCV_EXACT
dmv.1581,registration_class,IN,STA,native,100,True,0.0018,47.0,47.0,0.0018,MCV_EXACT
dmv.1581,registration_class,IN,STA,native,300,True,0.0016222222,53.0,53.0,0.0016222222,MCV_EXACT
dmv.1581,registration_class,IN,STA,native,1000,True,0.0017566667,61.0,61.0,0.0017566667,MCV_EXACT
dmv.1581,registration_class,IN,STA,reservoir,100,True,0.0018,45.0,45.0,0.0018,MCV_EXACT
dmv.1581,registration_class,IN,STA,reservoir,300,True,0.0017555555,51.0,51.0,0.0017555555,MCV_EXACT
dmv.1581,registration_class,IN,STA,reservoir,1000,True,0.0017,62.0,62.0,0.0017,MCV_EXACT
dmv.1581,registration_class,IN,AGR,native,100,True,0.0017333333,47.0,47.0,0.0017333333,MCV_EXACT
dmv.1581,registration_class,IN,AGR,native,300,True,0.0017111112,53.0,53.0,0.0017111112,MCV_EXACT
dmv.1581,registration_class,IN,AGR,native,1000,True,0.0015733333,61.0,61.0,0.0015733333,MCV_EXACT
dmv.1581,registration_class,IN,AGR,reservoir,100,True,0.0015666666,45.0,45.0,0.0015666666,MCV_EXACT
dmv.1581,registration_class,IN,AGR,reservoir,300,True,0.0013555556,51.0,51.0,0.0013555556,MCV_EXACT
dmv.1581,registration_class,IN,AGR,reservoir,1000,True,0.0015366666,62.0,62.0,0.0015366666,MCV_EXACT
dmv.1581,registration_class,IN,SPO,native,100,True,0.0009666667,47.0,47.0,0.0009666667,MCV_EXACT
dmv.1581,registration_class,IN,SPO,native,300,True,0.0010333334,53.0,53.0,0.0010333334,MCV_EXACT
dmv.1581,registration_class,IN,SPO,native,1000,True,0.00113,61.0,61.0,0.00113,MCV_EXACT
dmv.1581,registration_class,IN,SPO,reservoir,100,True,0.0010666667,45.0,45.0,0.0010666667,MCV_EXACT
dmv.1581,registration_class,IN,SPO,reservoir,300,True,0.0013666666,51.0,51.0,0.0013666666,MCV_EXACT
dmv.1581,registration_class,IN,SPO,reservoir,1000,True,0.0010766666,62.0,62.0,0.0010766666,MCV_EXACT
dmv.1581,registration_class,IN,FAR,native,100,True,0.0011666666,47.0,47.0,0.0011666666,MCV_EXACT
dmv.1581,registration_class,IN,FAR,native,300,True,0.0010222222,53.0,53.0,0.0010222222,MCV_EXACT
dmv.1581,registration_class,IN,FAR,native,1000,True,0.0010533333,61.0,61.0,0.0010533333,MCV_EXACT
dmv.1581,registration_class,IN,FAR,reservoir,100,True,0.00086666667,45.0,45.0,0.00086666667,MCV_EXACT
dmv.1581,registration_class,IN,FAR,reservoir,300,True,0.0009,51.0,51.0,0.0009,MCV_EXACT
dmv.1581,registration_class,IN,FAR,reservoir,1000,True,0.0010766666,62.0,62.0,0.0010766666,MCV_EXACT
dmv.1581,registration_class,IN,RGL,native,100,True,0.0010666667,47.0,47.0,0.0010666667,MCV_EXACT
dmv.1581,registration_class,IN,RGL,native,300,True,0.0011111111,53.0,53.0,0.0011111111,MCV_EXACT
dmv.1581,registration_class,IN,RGL,native,1000,True,0.00095666666,61.0,61.0,0.00095666666,MCV_EXACT
dmv.1581,registration_class,IN,RGL,reservoir,100,True,0.0015,45.0,45.0,0.0015,MCV_EXACT
dmv.1581,registration_class,IN,RGL,reservoir,300,True,0.0009777778,51.0,51.0,0.0009777778,MCV_EXACT
dmv.1581,registration_class,IN,RGL,reservoir,1000,True,0.0011633333,62.0,62.0,0.0011633333,MCV_EXACT
dmv.1581,registration_class,IN,MED,native,100,True,0.0010666667,47.0,47.0,0.0010666667,MCV_EXACT
dmv.1581,registration_class,IN,MED,native,300,True,0.00086666667,53.0,53.0,0.00086666667,MCV_EXACT
dmv.1581,registration_class,IN,MED,native,1000,True,0.0009966666,61.0,61.0,0.0009966666,MCV_EXACT
dmv.1581,registration_class,IN,MED,reservoir,100,True,0.0009,45.0,45.0,0.0009,MCV_EXACT
dmv.1581,registration_class,IN,MED,reservoir,300,True,0.0009777778,51.0,51.0,0.0009777778,MCV_EXACT
dmv.1581,registration_class,IN,MED,reservoir,1000,True,0.0010466666,62.0,62.0,0.0010466666,MCV_EXACT
dmv.1581,registration_class,IN,SCL,native,100,True,0.0014333334,47.0,47.0,0.0014333334,MCV_EXACT
dmv.1581,registration_class,IN,SCL,native,300,True,0.0011111111,53.0,53.0,0.0011111111,MCV_EXACT
dmv.1581,registration_class,IN,SCL,native,1000,True,0.00098,61.0,61.0,0.00098,MCV_EXACT
dmv.1581,registration_class,IN,SCL,reservoir,100,True,0.0011666666,45.0,45.0,0.0011666666,MCV_EXACT
dmv.1581,registration_class,IN,SCL,reservoir,300,True,0.00086666667,51.0,51.0,0.00086666667,MCV_EXACT
dmv.1581,registration_class,IN,SCL,reservoir,1000,True,0.00097,62.0,62.0,0.00097,MCV_EXACT
dmv.1581,registration_class,IN,SPC,native,100,True,0.00073333335,47.0,47.0,0.00073333335,MCV_EXACT
dmv.1581,registration_class,IN,SPC,native,300,True,0.0009888889,53.0,53.0,0.0009888889,MCV_EXACT
dmv.1581,registration_class,IN,SPC,native,1000,True,0.0009833333,61.0,61.0,0.0009833333,MCV_EXACT
dmv.1581,registration_class,IN,SPC,reservoir,100,True,0.0009666667,45.0,45.0,0.0009666667,MCV_EXACT
dmv.1581,registration_class,IN,SPC,reservoir,300,True,0.0011111111,51.0,51.0,0.0011111111,MCV_EXACT
dmv.1581,registration_class,IN,SPC,reservoir,1000,True,0.0008833333,62.0,62.0,0.0008833333,MCV_EXACT
dmv.1581,registration_class,IN,TRC,native,100,True,0.00066666666,47.0,47.0,0.00066666666,MCV_EXACT
dmv.1581,registration_class,IN,TRC,native,300,True,0.00084444444,53.0,53.0,0.00084444444,MCV_EXACT
dmv.1581,registration_class,IN,TRC,native,1000,True,0.00069,61.0,61.0,0.00069,MCV_EXACT
dmv.1581,registration_class,IN,TRC,reservoir,100,True,0.0007,45.0,45.0,0.0007,MCV_EXACT
dmv.1581,registration_class,IN,TRC,reservoir,300,True,0.00086666667,51.0,51.0,0.00086666667,MCV_EXACT
dmv.1581,registration_class,IN,TRC,reservoir,1000,True,0.00072666665,62.0,62.0,0.00072666665,MCV_EXACT
dmv.1581,registration_class,IN,OML,native,100,True,0.0009,47.0,47.0,0.0009,MCV_EXACT
dmv.1581,registration_class,IN,OML,native,300,True,0.00087777775,53.0,53.0,0.00087777775,MCV_EXACT
dmv.1581,registration_class,IN,OML,native,1000,True,0.0009433333,61.0,61.0,0.0009433333,MCV_EXACT
dmv.1581,registration_class,IN,OML,reservoir,100,True,0.00076666666,45.0,45.0,0.00076666666,MCV_EXACT
dmv.1581,registration_class,IN,OML,reservoir,300,True,0.0009888889,51.0,51.0,0.0009888889,MCV_EXACT
dmv.1581,registration_class,IN,OML,reservoir,1000,True,0.0010533333,62.0,62.0,0.0010533333,MCV_EXACT
dmv.1581,registration_class,IN,LMB,native,100,True,0.0004,47.0,47.0,0.0004,MCV_EXACT
dmv.1581,registration_class,IN,LMB,native,300,True,0.00045555556,53.0,53.0,0.00045555556,MCV_EXACT
dmv.1581,registration_class,IN,LMB,native,1000,True,0.00044333332,61.0,61.0,0.00044333332,MCV_EXACT
dmv.1581,registration_class,IN,LMB,reservoir,100,True,0.00046666668,45.0,45.0,0.00046666668,MCV_EXACT
dmv.1581,registration_class,IN,LMB,reservoir,300,True,0.00056666665,51.0,51.0,0.00056666665,MCV_EXACT
dmv.1581,registration_class,IN,LMB,reservoir,1000,True,0.00052,62.0,62.0,0.00052,MCV_EXACT
dmv.1581,registration_class,IN,TOW,native,100,True,0.0007,47.0,47.0,0.0007,MCV_EXACT
dmv.1581,registration_class,IN,TOW,native,300,True,0.0005111111,53.0,53.0,0.0005111111,MCV_EXACT
dmv.1581,registration_class,IN,TOW,native,1000,True,0.00059333333,61.0,61.0,0.00059333333,MCV_EXACT
dmv.1581,registration_class,IN,TOW,reservoir,100,True,0.00053333334,45.0,45.0,0.00053333334,MCV_EXACT
dmv.1581,registration_class,IN,TOW,reservoir,300,True,0.00064444443,51.0,51.0,0.00064444443,MCV_EXACT
dmv.1581,registration_class,IN,TOW,reservoir,1000,True,0.0005833333,62.0,62.0,0.0005833333,MCV_EXACT
dmv.1581,registration_class,IN,ORC,native,100,False,,47.0,47.0,0.02127659574468085,MCV_MISS_NDISTINCT_FALLBACK
dmv.1581,registration_class,IN,ORC,native,300,True,0.00055555557,53.0,53.0,0.00055555557,MCV_EXACT
dmv.1581,registration_class,IN,ORC,native,1000,True,0.00042666667,61.0,61.0,0.00042666667,MCV_EXACT
dmv.1581,registration_class,IN,ORC,reservoir,100,True,0.00053333334,45.0,45.0,0.00053333334,MCV_EXACT
dmv.1581,registration_class,IN,ORC,reservoir,300,True,0.0004,51.0,51.0,0.0004,MCV_EXACT
dmv.1581,registration_class,IN,ORC,reservoir,1000,True,0.00043666665,62.0,62.0,0.00043666665,MCV_EXACT
dmv.1581,registration_class,IN,AMB,native,100,False,,47.0,47.0,0.02127659574468085,MCV_MISS_NDISTINCT_FALLBACK
dmv.1581,registration_class,IN,AMB,native,300,True,0.0003111111,53.0,53.0,0.0003111111,MCV_EXACT
dmv.1581,registration_class,IN,AMB,native,1000,True,0.00029333335,61.0,61.0,0.00029333335,MCV_EXACT
dmv.1581,registration_class,IN,AMB,reservoir,100,False,,45.0,45.0,0.022222222222222223,MCV_MISS_NDISTINCT_FALLBACK
dmv.1581,registration_class,IN,AMB,reservoir,300,True,0.0003111111,51.0,51.0,0.0003111111,MCV_EXACT
dmv.1581,registration_class,IN,AMB,reservoir,1000,True,0.00027666666,62.0,62.0,0.00027666666,MCV_EXACT
dmv.1581,registration_class,IN,ORM,native,100,False,,47.0,47.0,0.02127659574468085,MCV_MISS_NDISTINCT_FALLBACK
dmv.1581,registration_class,IN,ORM,native,300,True,0.00013333333,53.0,53.0,0.00013333333,MCV_EXACT
dmv.1581,registration_class,IN,ORM,native,1000,True,0.00023,61.0,61.0,0.00023,MCV_EXACT
dmv.1581,registration_class,IN,ORM,reservoir,100,False,,45.0,45.0,0.022222222222222223,MCV_MISS_NDISTINCT_FALLBACK
dmv.1581,registration_class,IN,ORM,reservoir,300,True,0.00025555555,51.0,51.0,0.00025555555,MCV_EXACT
dmv.1581,registration_class,IN,ORM,reservoir,1000,True,0.00029333335,62.0,62.0,0.00029333335,MCV_EXACT
dmv.1581,county,IN,QUEENS,native,100,True,0.07316667,63.0,63.0,0.07316667,MCV_EXACT
dmv.1581,county,IN,QUEENS,native,300,True,0.07444444,63.0,63.0,0.07444444,MCV_EXACT
dmv.1581,county,IN,QUEENS,native,1000,True,0.07454,63.0,63.0,0.07454,MCV_EXACT
dmv.1581,county,IN,QUEENS,reservoir,100,True,0.07833333,63.0,63.0,0.07833333,MCV_EXACT
dmv.1581,county,IN,QUEENS,reservoir,300,True,0.074377775,63.0,63.0,0.074377775,MCV_EXACT
dmv.1581,county,IN,QUEENS,reservoir,1000,True,0.07523666,63.0,63.0,0.07523666,MCV_EXACT
dmv.1581,county,IN,ERIE,native,100,True,0.06256667,63.0,63.0,0.06256667,MCV_EXACT
dmv.1581,county,IN,ERIE,native,300,True,0.061611112,63.0,63.0,0.061611112,MCV_EXACT
dmv.1581,county,IN,ERIE,native,1000,True,0.06122333,63.0,63.0,0.06122333,MCV_EXACT
dmv.1581,county,IN,ERIE,reservoir,100,True,0.0595,63.0,63.0,0.0595,MCV_EXACT
dmv.1581,county,IN,ERIE,reservoir,300,True,0.06257778,63.0,63.0,0.06257778,MCV_EXACT
dmv.1581,county,IN,ERIE,reservoir,1000,True,0.061233334,63.0,63.0,0.061233334,MCV_EXACT
dmv.1581,county,IN,WESTCHESTER,native,100,True,0.06063333,63.0,63.0,0.06063333,MCV_EXACT
dmv.1581,county,IN,WESTCHESTER,native,300,True,0.05886667,63.0,63.0,0.05886667,MCV_EXACT
dmv.1581,county,IN,WESTCHESTER,native,1000,True,0.059636667,63.0,63.0,0.059636667,MCV_EXACT
dmv.1581,county,IN,WESTCHESTER,reservoir,100,True,0.059633333,63.0,63.0,0.059633333,MCV_EXACT
dmv.1581,county,IN,WESTCHESTER,reservoir,300,True,0.0582,63.0,63.0,0.0582,MCV_EXACT
dmv.1581,county,IN,WESTCHESTER,reservoir,1000,True,0.058953334,63.0,63.0,0.058953334,MCV_EXACT
dmv.1581,county,IN,MONROE,native,100,True,0.052,63.0,63.0,0.052,MCV_EXACT
dmv.1581,county,IN,MONROE,native,300,True,0.051633332,63.0,63.0,0.051633332,MCV_EXACT
dmv.1581,county,IN,MONROE,native,1000,True,0.05054,63.0,63.0,0.05054,MCV_EXACT
dmv.1581,county,IN,MONROE,reservoir,100,True,0.048633333,63.0,63.0,0.048633333,MCV_EXACT
dmv.1581,county,IN,MONROE,reservoir,300,True,0.049822222,63.0,63.0,0.049822222,MCV_EXACT
dmv.1581,county,IN,MONROE,reservoir,1000,True,0.050453335,63.0,63.0,0.050453335,MCV_EXACT
dmv.1581,body_type,IN,LTRL,native,100,True,0.019766666,44.0,44.0,0.019766666,MCV_EXACT
dmv.1581,body_type,IN,LTRL,native,300,True,0.019988889,51.0,51.0,0.019988889,MCV_EXACT
dmv.1581,body_type,IN,LTRL,native,1000,True,0.0202,57.0,57.0,0.0202,MCV_EXACT
dmv.1581,body_type,IN,LTRL,reservoir,100,True,0.021766666,44.0,44.0,0.021766666,MCV_EXACT
dmv.1581,body_type,IN,LTRL,reservoir,300,True,0.01991111,51.0,51.0,0.01991111,MCV_EXACT
dmv.1581,body_type,IN,LTRL,reservoir,1000,True,0.020406667,55.0,55.0,0.020406667,MCV_EXACT
dmv.1581,body_type,IN,MCY,native,100,True,0.0317,44.0,44.0,0.0317,MCV_EXACT
dmv.1581,body_type,IN,MCY,native,300,True,0.030122222,51.0,51.0,0.030122222,MCV_EXACT
dmv.1581,body_type,IN,MCY,native,1000,True,0.030603332,57.0,57.0,0.030603332,MCV_EXACT
dmv.1581,body_type,IN,MCY,reservoir,100,True,0.0305,44.0,44.0,0.0305,MCV_EXACT
dmv.1581,body_type,IN,MCY,reservoir,300,True,0.031911112,51.0,51.0,0.031911112,MCV_EXACT
dmv.1581,body_type,IN,MCY,reservoir,1000,True,0.030536667,55.0,55.0,0.030536667,MCV_EXACT
dmv.1581,scofflaw_indicator,=,N,native,100,True,0.9998,2.0,2.0,0.9998,MCV_EXACT
dmv.1581,scofflaw_indicator,=,N,native,300,True,0.99976665,2.0,2.0,0.99976665,MCV_EXACT
dmv.1581,scofflaw_indicator,=,N,native,1000,True,0.9997467,2.0,2.0,0.9997467,MCV_EXACT
dmv.1581,scofflaw_indicator,=,N,reservoir,100,True,0.9999,2.0,2.0,0.9999,MCV_EXACT
dmv.1581,scofflaw_indicator,=,N,reservoir,300,True,0.9997889,2.0,2.0,0.9997889,MCV_EXACT
dmv.1581,scofflaw_indicator,=,N,reservoir,1000,True,0.99978334,2.0,2.0,0.99978334,MCV_EXACT
dmv.1581,revocation_indicator,=,N,native,100,True,0.99616665,2.0,2.0,0.99616665,MCV_EXACT
dmv.1581,revocation_indicator,=,N,native,300,True,0.9952111,2.0,2.0,0.9952111,MCV_EXACT
dmv.1581,revocation_indicator,=,N,native,1000,True,0.99562335,2.0,2.0,0.99562335,MCV_EXACT
dmv.1581,revocation_indicator,=,N,reservoir,100,True,0.9953,2.0,2.0,0.9953,MCV_EXACT
dmv.1581,revocation_indicator,=,N,reservoir,300,True,0.9954889,2.0,2.0,0.9954889,MCV_EXACT
dmv.1581,revocation_indicator,=,N,reservoir,1000,True,0.9956333,2.0,2.0,0.9956333,MCV_EXACT
dmv.1285,registration_class,=,OMS,native,100,True,0.010233333,47.0,47.0,0.010233333,MCV_EXACT
dmv.1285,registration_class,=,OMS,native,300,True,0.009311111,53.0,53.0,0.009311111,MCV_EXACT
dmv.1285,registration_class,=,OMS,native,1000,True,0.009596666,61.0,61.0,0.009596666,MCV_EXACT
dmv.1285,registration_class,=,OMS,reservoir,100,True,0.009666666,45.0,45.0,0.009666666,MCV_EXACT
dmv.1285,registration_class,=,OMS,reservoir,300,True,0.010144444,51.0,51.0,0.010144444,MCV_EXACT
dmv.1285,registration_class,=,OMS,reservoir,1000,True,0.009406666,62.0,62.0,0.009406666,MCV_EXACT
dmv.1285,county,IN,RICHMOND,native,100,True,0.0248,63.0,63.0,0.0248,MCV_EXACT
dmv.1285,county,IN,RICHMOND,native,300,True,0.023533333,63.0,63.0,0.023533333,MCV_EXACT
dmv.1285,county,IN,RICHMOND,native,1000,True,0.024176667,63.0,63.0,0.024176667,MCV_EXACT
dmv.1285,county,IN,RICHMOND,reservoir,100,True,0.0241,63.0,63.0,0.0241,MCV_EXACT
dmv.1285,county,IN,RICHMOND,reservoir,300,True,0.023766667,63.0,63.0,0.023766667,MCV_EXACT
dmv.1285,county,IN,RICHMOND,reservoir,1000,True,0.023946667,63.0,63.0,0.023946667,MCV_EXACT
dmv.1285,county,IN,NEW YORK,native,100,True,0.020466667,63.0,63.0,0.020466667,MCV_EXACT
dmv.1285,county,IN,NEW YORK,native,300,True,0.022677777,63.0,63.0,0.022677777,MCV_EXACT
dmv.1285,county,IN,NEW YORK,native,1000,True,0.022623334,63.0,63.0,0.022623334,MCV_EXACT
dmv.1285,county,IN,NEW YORK,reservoir,100,True,0.023,63.0,63.0,0.023,MCV_EXACT
dmv.1285,county,IN,NEW YORK,reservoir,300,True,0.022844445,63.0,63.0,0.022844445,MCV_EXACT
dmv.1285,county,IN,NEW YORK,reservoir,1000,True,0.022703333,63.0,63.0,0.022703333,MCV_EXACT
dmv.1285,county,IN,ALBANY,native,100,True,0.022,63.0,63.0,0.022,MCV_EXACT
dmv.1285,county,IN,ALBANY,native,300,True,0.022122223,63.0,63.0,0.022122223,MCV_EXACT
dmv.1285,county,IN,ALBANY,native,1000,True,0.022053333,63.0,63.0,0.022053333,MCV_EXACT
dmv.1285,county,IN,ALBANY,reservoir,100,True,0.0218,63.0,63.0,0.0218,MCV_EXACT
dmv.1285,county,IN,ALBANY,reservoir,300,True,0.021533333,63.0,63.0,0.021533333,MCV_EXACT
dmv.1285,county,IN,ALBANY,reservoir,1000,True,0.021556666,63.0,63.0,0.021556666,MCV_EXACT
dmv.1285,county,IN,DUTCHESS,native,100,True,0.021166667,63.0,63.0,0.021166667,MCV_EXACT
dmv.1285,county,IN,DUTCHESS,native,300,True,0.021144444,63.0,63.0,0.021144444,MCV_EXACT
dmv.1285,county,IN,DUTCHESS,native,1000,True,0.021646667,63.0,63.0,0.021646667,MCV_EXACT
dmv.1285,county,IN,DUTCHESS,reservoir,100,True,0.022733333,63.0,63.0,0.022733333,MCV_EXACT
dmv.1285,county,IN,DUTCHESS,reservoir,300,True,0.021711111,63.0,63.0,0.021711111,MCV_EXACT
dmv.1285,county,IN,DUTCHESS,reservoir,1000,True,0.02104,63.0,63.0,0.02104,MCV_EXACT
dmv.1285,county,IN,SARATOGA,native,100,True,0.0181,63.0,63.0,0.0181,MCV_EXACT
dmv.1285,county,IN,SARATOGA,native,300,True,0.019122222,63.0,63.0,0.019122222,MCV_EXACT
dmv.1285,county,IN,SARATOGA,native,1000,True,0.0188,63.0,63.0,0.0188,MCV_EXACT
dmv.1285,county,IN,SARATOGA,reservoir,100,True,0.020666666,63.0,63.0,0.020666666,MCV_EXACT
dmv.1285,county,IN,SARATOGA,reservoir,300,True,0.0192,63.0,63.0,0.0192,MCV_EXACT
dmv.1285,county,IN,SARATOGA,reservoir,1000,True,0.019166667,63.0,63.0,0.019166667,MCV_EXACT
dmv.1285,county,IN,ROCKLAND,native,100,True,0.0183,63.0,63.0,0.0183,MCV_EXACT
dmv.1285,county,IN,ROCKLAND,native,300,True,0.018433332,63.0,63.0,0.018433332,MCV_EXACT
dmv.1285,county,IN,ROCKLAND,native,1000,True,0.019183334,63.0,63.0,0.019183334,MCV_EXACT
dmv.1285,county,IN,ROCKLAND,reservoir,100,True,0.019266667,63.0,63.0,0.019266667,MCV_EXACT
dmv.1285,county,IN,ROCKLAND,reservoir,300,True,0.020122223,63.0,63.0,0.020122223,MCV_EXACT
dmv.1285,county,IN,ROCKLAND,reservoir,1000,True,0.018986667,63.0,63.0,0.018986667,MCV_EXACT
dmv.1285,county,IN,ONEIDA,native,100,True,0.0177,63.0,63.0,0.0177,MCV_EXACT
dmv.1285,county,IN,ONEIDA,native,300,True,0.0166,63.0,63.0,0.0166,MCV_EXACT
dmv.1285,county,IN,ONEIDA,native,1000,True,0.016443333,63.0,63.0,0.016443333,MCV_EXACT
dmv.1285,county,IN,ONEIDA,reservoir,100,True,0.015366667,63.0,63.0,0.015366667,MCV_EXACT
dmv.1285,county,IN,ONEIDA,reservoir,300,True,0.016577778,63.0,63.0,0.016577778,MCV_EXACT
dmv.1285,county,IN,ONEIDA,reservoir,1000,True,0.016443333,63.0,63.0,0.016443333,MCV_EXACT
dmv.1285,county,IN,NIAGARA,native,100,True,0.014933334,63.0,63.0,0.014933334,MCV_EXACT
dmv.1285,county,IN,NIAGARA,native,300,True,0.0150666665,63.0,63.0,0.0150666665,MCV_EXACT
dmv.1285,county,IN,NIAGARA,native,1000,True,0.014953333,63.0,63.0,0.014953333,MCV_EXACT
dmv.1285,county,IN,NIAGARA,reservoir,100,True,0.0149,63.0,63.0,0.0149,MCV_EXACT
dmv.1285,county,IN,NIAGARA,reservoir,300,True,0.0141888885,63.0,63.0,0.0141888885,MCV_EXACT
dmv.1285,county,IN,NIAGARA,reservoir,1000,True,0.014866667,63.0,63.0,0.014866667,MCV_EXACT
dmv.1285,county,IN,OUT-OF-STATE,native,100,False,,63.0,63.0,0.015873015873015872,MCV_MISS_NDISTINCT_FALLBACK
dmv.1285,county,IN,OUT-OF-STATE,native,300,False,,63.0,63.0,0.015873015873015872,MCV_MISS_NDISTINCT_FALLBACK
dmv.1285,county,IN,OUT-OF-STATE,native,1000,False,,63.0,63.0,0.015873015873015872,MCV_MISS_NDISTINCT_FALLBACK
dmv.1285,county,IN,OUT-OF-STATE,reservoir,100,False,,63.0,63.0,0.015873015873015872,MCV_MISS_NDISTINCT_FALLBACK
dmv.1285,county,IN,OUT-OF-STATE,reservoir,300,False,,63.0,63.0,0.015873015873015872,MCV_MISS_NDISTINCT_FALLBACK
dmv.1285,county,IN,OUT-OF-STATE,reservoir,1000,False,,63.0,63.0,0.015873015873015872,MCV_MISS_NDISTINCT_FALLBACK
dmv.1285,county,IN,ULSTER,native,100,True,0.014566666,63.0,63.0,0.014566666,MCV_EXACT
dmv.1285,county,IN,ULSTER,native,300,True,0.013544444,63.0,63.0,0.013544444,MCV_EXACT
dmv.1285,county,IN,ULSTER,native,1000,True,0.01344,63.0,63.0,0.01344,MCV_EXACT
dmv.1285,county,IN,ULSTER,reservoir,100,True,0.0129,63.0,63.0,0.0129,MCV_EXACT
dmv.1285,county,IN,ULSTER,reservoir,300,True,0.013755555,63.0,63.0,0.013755555,MCV_EXACT
dmv.1285,county,IN,ULSTER,reservoir,1000,True,0.013723333,63.0,63.0,0.013723333,MCV_EXACT
dmv.1285,scofflaw_indicator,=,N,native,100,True,0.9998,2.0,2.0,0.9998,MCV_EXACT
dmv.1285,scofflaw_indicator,=,N,native,300,True,0.99976665,2.0,2.0,0.99976665,MCV_EXACT
dmv.1285,scofflaw_indicator,=,N,native,1000,True,0.9997467,2.0,2.0,0.9997467,MCV_EXACT
dmv.1285,scofflaw_indicator,=,N,reservoir,100,True,0.9999,2.0,2.0,0.9999,MCV_EXACT
dmv.1285,scofflaw_indicator,=,N,reservoir,300,True,0.9997889,2.0,2.0,0.9997889,MCV_EXACT
dmv.1285,scofflaw_indicator,=,N,reservoir,1000,True,0.99978334,2.0,2.0,0.99978334,MCV_EXACT
dmv.1285,suspension_indicator,=,N,native,100,True,0.99156666,2.0,2.0,0.99156666,MCV_EXACT
dmv.1285,suspension_indicator,=,N,native,300,True,0.9909667,2.0,2.0,0.9909667,MCV_EXACT
dmv.1285,suspension_indicator,=,N,native,1000,True,0.99139,2.0,2.0,0.99139,MCV_EXACT
dmv.1285,suspension_indicator,=,N,reservoir,100,True,0.99123335,2.0,2.0,0.99123335,MCV_EXACT
dmv.1285,suspension_indicator,=,N,reservoir,300,True,0.9912222,2.0,2.0,0.9912222,MCV_EXACT
dmv.1285,suspension_indicator,=,N,reservoir,1000,True,0.99138,2.0,2.0,0.99138,MCV_EXACT
dmv.1285,revocation_indicator,=,N,native,100,True,0.99616665,2.0,2.0,0.99616665,MCV_EXACT
dmv.1285,revocation_indicator,=,N,native,300,True,0.9952111,2.0,2.0,0.9952111,MCV_EXACT
dmv.1285,revocation_indicator,=,N,native,1000,True,0.99562335,2.0,2.0,0.99562335,MCV_EXACT
dmv.1285,revocation_indicator,=,N,reservoir,100,True,0.9953,2.0,2.0,0.9953,MCV_EXACT
dmv.1285,revocation_indicator,=,N,reservoir,300,True,0.9954889,2.0,2.0,0.9954889,MCV_EXACT
dmv.1285,revocation_indicator,=,N,reservoir,1000,True,0.9956333,2.0,2.0,0.9956333,MCV_EXACT
dmv.337,registration_class,IN,BOT,native,100,True,0.032366667,47.0,47.0,0.032366667,MCV_EXACT
dmv.337,registration_class,IN,BOT,native,300,True,0.033277776,53.0,53.0,0.033277776,MCV_EXACT
dmv.337,registration_class,IN,BOT,native,1000,True,0.032226667,61.0,61.0,0.032226667,MCV_EXACT
dmv.337,registration_class,IN,BOT,reservoir,100,True,0.033533335,45.0,45.0,0.033533335,MCV_EXACT
dmv.337,registration_class,IN,BOT,reservoir,300,True,0.03141111,51.0,51.0,0.03141111,MCV_EXACT
dmv.337,registration_class,IN,BOT,reservoir,1000,True,0.03262,62.0,62.0,0.03262,MCV_EXACT
dmv.337,registration_class,IN,MOT,native,100,True,0.031133333,47.0,47.0,0.031133333,MCV_EXACT
dmv.337,registration_class,IN,MOT,native,300,True,0.029577779,53.0,53.0,0.029577779,MCV_EXACT
dmv.337,registration_class,IN,MOT,native,1000,True,0.030103333,61.0,61.0,0.030103333,MCV_EXACT
dmv.337,registration_class,IN,MOT,reservoir,100,True,0.029833334,45.0,45.0,0.029833334,MCV_EXACT
dmv.337,registration_class,IN,MOT,reservoir,300,True,0.031266667,51.0,51.0,0.031266667,MCV_EXACT
dmv.337,registration_class,IN,MOT,reservoir,1000,True,0.029883333,62.0,62.0,0.029883333,MCV_EXACT
dmv.337,registration_class,IN,TRL,native,100,True,0.012633333,47.0,47.0,0.012633333,MCV_EXACT
dmv.337,registration_class,IN,TRL,native,300,True,0.0125222225,53.0,53.0,0.0125222225,MCV_EXACT
dmv.337,registration_class,IN,TRL,native,1000,True,0.012476667,61.0,61.0,0.012476667,MCV_EXACT
dmv.337,registration_class,IN,TRL,reservoir,100,True,0.012666667,45.0,45.0,0.012666667,MCV_EXACT
dmv.337,registration_class,IN,TRL,reservoir,300,True,0.013266667,51.0,51.0,0.013266667,MCV_EXACT
dmv.337,registration_class,IN,TRL,reservoir,1000,True,0.01319,62.0,62.0,0.01319,MCV_EXACT
dmv.337,registration_class,IN,SRF,native,100,True,0.0191,47.0,47.0,0.0191,MCV_EXACT
dmv.337,registration_class,IN,SRF,native,300,True,0.0173,53.0,53.0,0.0173,MCV_EXACT
dmv.337,registration_class,IN,SRF,native,1000,True,0.017606666,61.0,61.0,0.017606666,MCV_EXACT
dmv.337,registration_class,IN,SRF,reservoir,100,True,0.018833334,45.0,45.0,0.018833334,MCV_EXACT
dmv.337,registration_class,IN,SRF,reservoir,300,True,0.018533334,51.0,51.0,0.018533334,MCV_EXACT
dmv.337,registration_class,IN,SRF,reservoir,1000,True,0.018103333,62.0,62.0,0.018103333,MCV_EXACT
dmv.337,registration_class,IN,PSD,native,100,True,0.013966667,47.0,47.0,0.013966667,MCV_EXACT
dmv.337,registration_class,IN,PSD,native,300,True,0.0143444445,53.0,53.0,0.0143444445,MCV_EXACT
dmv.337,registration_class,IN,PSD,native,1000,True,0.014146667,61.0,61.0,0.014146667,MCV_EXACT
dmv.337,registration_class,IN,PSD,reservoir,100,True,0.014733333,45.0,45.0,0.014733333,MCV_EXACT
dmv.337,registration_class,IN,PSD,reservoir,300,True,0.013866667,51.0,51.0,0.013866667,MCV_EXACT
dmv.337,registration_class,IN,PSD,reservoir,1000,True,0.01397,62.0,62.0,0.01397,MCV_EXACT
dmv.337,registration_class,IN,OMT,native,100,True,0.011033333,47.0,47.0,0.011033333,MCV_EXACT
dmv.337,registration_class,IN,OMT,native,300,True,0.011777778,53.0,53.0,0.011777778,MCV_EXACT
dmv.337,registration_class,IN,OMT,native,1000,True,0.01224,61.0,61.0,0.01224,MCV_EXACT
dmv.337,registration_class,IN,OMT,reservoir,100,True,0.0125,45.0,45.0,0.0125,MCV_EXACT
dmv.337,registration_class,IN,OMT,reservoir,300,True,0.011655555,51.0,51.0,0.011655555,MCV_EXACT
dmv.337,registration_class,IN,OMT,reservoir,1000,True,0.01184,62.0,62.0,0.01184,MCV_EXACT
dmv.337,registration_class,IN,OMS,native,100,True,0.010233333,47.0,47.0,0.010233333,MCV_EXACT
dmv.337,registration_class,IN,OMS,native,300,True,0.009311111,53.0,53.0,0.009311111,MCV_EXACT
dmv.337,registration_class,IN,OMS,native,1000,True,0.009596666,61.0,61.0,0.009596666,MCV_EXACT
dmv.337,registration_class,IN,OMS,reservoir,100,True,0.009666666,45.0,45.0,0.009666666,MCV_EXACT
dmv.337,registration_class,IN,OMS,reservoir,300,True,0.010144444,51.0,51.0,0.010144444,MCV_EXACT
dmv.337,registration_class,IN,OMS,reservoir,1000,True,0.009406666,62.0,62.0,0.009406666,MCV_EXACT
dmv.337,registration_class,IN,ATV,native,100,True,0.008366667,47.0,47.0,0.008366667,MCV_EXACT
dmv.337,registration_class,IN,ATV,native,300,True,0.009322222,53.0,53.0,0.009322222,MCV_EXACT
dmv.337,registration_class,IN,ATV,native,1000,True,0.00911,61.0,61.0,0.00911,MCV_EXACT
dmv.337,registration_class,IN,ATV,reservoir,100,True,0.0085,45.0,45.0,0.0085,MCV_EXACT
dmv.337,registration_class,IN,ATV,reservoir,300,True,0.008722222,51.0,51.0,0.008722222,MCV_EXACT
dmv.337,registration_class,IN,ATV,reservoir,1000,True,0.00897,62.0,62.0,0.00897,MCV_EXACT
dmv.337,registration_class,IN,SNO,native,100,True,0.0071333335,47.0,47.0,0.0071333335,MCV_EXACT
dmv.337,registration_class,IN,SNO,native,300,True,0.008444444,53.0,53.0,0.008444444,MCV_EXACT
dmv.337,registration_class,IN,SNO,native,1000,True,0.00852,61.0,61.0,0.00852,MCV_EXACT
dmv.337,registration_class,IN,SNO,reservoir,100,True,0.0076,45.0,45.0,0.0076,MCV_EXACT
dmv.337,registration_class,IN,SNO,reservoir,300,True,0.008155555,51.0,51.0,0.008155555,MCV_EXACT
dmv.337,registration_class,IN,SNO,reservoir,1000,True,0.00822,62.0,62.0,0.00822,MCV_EXACT
dmv.337,registration_class,IN,HOU,native,100,True,0.0020333333,47.0,47.0,0.0020333333,MCV_EXACT
dmv.337,registration_class,IN,HOU,native,300,True,0.0018111111,53.0,53.0,0.0018111111,MCV_EXACT
dmv.337,registration_class,IN,HOU,native,1000,True,0.0017666667,61.0,61.0,0.0017666667,MCV_EXACT
dmv.337,registration_class,IN,HOU,reservoir,100,True,0.0016333334,45.0,45.0,0.0016333334,MCV_EXACT
dmv.337,registration_class,IN,HOU,reservoir,300,True,0.0018222223,51.0,51.0,0.0018222223,MCV_EXACT
dmv.337,registration_class,IN,HOU,reservoir,1000,True,0.0017333333,62.0,62.0,0.0017333333,MCV_EXACT
dmv.337,registration_class,IN,ORG,native,100,True,0.0049666665,47.0,47.0,0.0049666665,MCV_EXACT
dmv.337,registration_class,IN,ORG,native,300,True,0.0044,53.0,53.0,0.0044,MCV_EXACT
dmv.337,registration_class,IN,ORG,native,1000,True,0.0044166665,61.0,61.0,0.0044166665,MCV_EXACT
dmv.337,registration_class,IN,ORG,reservoir,100,True,0.0048666666,45.0,45.0,0.0048666666,MCV_EXACT
dmv.337,registration_class,IN,ORG,reservoir,300,True,0.004288889,51.0,51.0,0.004288889,MCV_EXACT
dmv.337,registration_class,IN,ORG,reservoir,1000,True,0.0044733332,62.0,62.0,0.0044733332,MCV_EXACT
dmv.337,registration_class,IN,SEM,native,100,True,0.0040666666,47.0,47.0,0.0040666666,MCV_EXACT
dmv.337,registration_class,IN,SEM,native,300,True,0.003922222,53.0,53.0,0.003922222,MCV_EXACT
dmv.337,registration_class,IN,SEM,native,1000,True,0.0035166666,61.0,61.0,0.0035166666,MCV_EXACT
dmv.337,registration_class,IN,SEM,reservoir,100,True,0.0034333332,45.0,45.0,0.0034333332,MCV_EXACT
dmv.337,registration_class,IN,SEM,reservoir,300,True,0.0035555556,51.0,51.0,0.0035555556,MCV_EXACT
dmv.337,registration_class,IN,SEM,reservoir,1000,True,0.00374,62.0,62.0,0.00374,MCV_EXACT
dmv.337,registration_class,IN,HIS,native,100,True,0.0033333334,47.0,47.0,0.0033333334,MCV_EXACT
dmv.337,registration_class,IN,HIS,native,300,True,0.0035,53.0,53.0,0.0035,MCV_EXACT
dmv.337,registration_class,IN,HIS,native,1000,True,0.0035466666,61.0,61.0,0.0035466666,MCV_EXACT
dmv.337,registration_class,IN,HIS,reservoir,100,True,0.0033,45.0,45.0,0.0033,MCV_EXACT
dmv.337,registration_class,IN,HIS,reservoir,300,True,0.0036666666,51.0,51.0,0.0036666666,MCV_EXACT
dmv.337,registration_class,IN,HIS,reservoir,1000,True,0.00357,62.0,62.0,0.00357,MCV_EXACT
dmv.337,registration_class,IN,IRP,native,100,True,0.0027666667,47.0,47.0,0.0027666667,MCV_EXACT
dmv.337,registration_class,IN,IRP,native,300,True,0.0028,53.0,53.0,0.0028,MCV_EXACT
dmv.337,registration_class,IN,IRP,native,1000,True,0.00312,61.0,61.0,0.00312,MCV_EXACT
dmv.337,registration_class,IN,IRP,reservoir,100,True,0.0027666667,45.0,45.0,0.0027666667,MCV_EXACT
dmv.337,registration_class,IN,IRP,reservoir,300,True,0.0029888889,51.0,51.0,0.0029888889,MCV_EXACT
dmv.337,registration_class,IN,IRP,reservoir,1000,True,0.00327,62.0,62.0,0.00327,MCV_EXACT
dmv.337,state,IN,NY,native,100,True,0.9827667,34.0,34.0,0.9827667,MCV_EXACT
dmv.337,state,IN,NY,native,300,True,0.9819,43.0,43.0,0.9819,MCV_EXACT
dmv.337,state,IN,NY,native,1000,True,0.98188,57.0,57.0,0.98188,MCV_EXACT
dmv.337,state,IN,NY,reservoir,100,True,0.9824333,36.0,36.0,0.9824333,MCV_EXACT
dmv.337,state,IN,NY,reservoir,300,True,0.9819667,47.0,47.0,0.9819667,MCV_EXACT
dmv.337,state,IN,NY,reservoir,1000,True,0.98213,56.0,56.0,0.98213,MCV_EXACT
dmv.337,state,IN,NJ,native,100,True,0.0036666666,34.0,34.0,0.0036666666,MCV_EXACT
dmv.337,state,IN,NJ,native,300,True,0.003911111,43.0,43.0,0.003911111,MCV_EXACT
dmv.337,state,IN,NJ,native,1000,True,0.0040566665,57.0,57.0,0.0040566665,MCV_EXACT
dmv.337,state,IN,NJ,reservoir,100,True,0.0038666667,36.0,36.0,0.0038666667,MCV_EXACT
dmv.337,state,IN,NJ,reservoir,300,True,0.004033333,47.0,47.0,0.004033333,MCV_EXACT
dmv.337,state,IN,NJ,reservoir,1000,True,0.0040233335,56.0,56.0,0.0040233335,MCV_EXACT
dmv.337,state,IN,OK,native,100,True,0.004466667,34.0,34.0,0.004466667,MCV_EXACT
dmv.337,state,IN,OK,native,300,True,0.0044555557,43.0,43.0,0.0044555557,MCV_EXACT
dmv.337,state,IN,OK,native,1000,True,0.004393333,57.0,57.0,0.004393333,MCV_EXACT
dmv.337,state,IN,OK,reservoir,100,True,0.0045666667,36.0,36.0,0.0045666667,MCV_EXACT
dmv.337,state,IN,OK,reservoir,300,True,0.004644444,47.0,47.0,0.004644444,MCV_EXACT
dmv.337,state,IN,OK,reservoir,1000,True,0.004273333,56.0,56.0,0.004273333,MCV_EXACT
dmv.337,state,IN,PA,native,100,True,0.0009666667,34.0,34.0,0.0009666667,MCV_EXACT
dmv.337,state,IN,PA,native,300,True,0.0015555555,43.0,43.0,0.0015555555,MCV_EXACT
dmv.337,state,IN,PA,native,1000,True,0.0014266666,57.0,57.0,0.0014266666,MCV_EXACT
dmv.337,state,IN,PA,reservoir,100,True,0.0013,36.0,36.0,0.0013,MCV_EXACT
dmv.337,state,IN,PA,reservoir,300,True,0.0013888889,47.0,47.0,0.0013888889,MCV_EXACT
dmv.337,state,IN,PA,reservoir,1000,True,0.0014966667,56.0,56.0,0.0014966667,MCV_EXACT
dmv.337,state,IN,MD,native,100,True,0.0013333333,34.0,34.0,0.0013333333,MCV_EXACT
dmv.337,state,IN,MD,native,300,True,0.0013222222,43.0,43.0,0.0013222222,MCV_EXACT
dmv.337,state,IN,MD,native,1000,True,0.0014033334,57.0,57.0,0.0014033334,MCV_EXACT
dmv.337,state,IN,MD,reservoir,100,True,0.0015333333,36.0,36.0,0.0015333333,MCV_EXACT
dmv.337,state,IN,MD,reservoir,300,True,0.0013333333,47.0,47.0,0.0013333333,MCV_EXACT
dmv.337,state,IN,MD,reservoir,1000,True,0.0013333333,56.0,56.0,0.0013333333,MCV_EXACT
dmv.337,state,IN,IL,native,100,True,0.0013,34.0,34.0,0.0013,MCV_EXACT
dmv.337,state,IN,IL,native,300,True,0.0014,43.0,43.0,0.0014,MCV_EXACT
dmv.337,state,IN,IL,native,1000,True,0.0013566667,57.0,57.0,0.0013566667,MCV_EXACT
dmv.337,state,IN,IL,reservoir,100,True,0.0012,36.0,36.0,0.0012,MCV_EXACT
dmv.337,state,IN,IL,reservoir,300,True,0.0014111111,47.0,47.0,0.0014111111,MCV_EXACT
dmv.337,state,IN,IL,reservoir,1000,True,0.00129,56.0,56.0,0.00129,MCV_EXACT
dmv.337,state,IN,TX,native,100,True,0.0006,34.0,34.0,0.0006,MCV_EXACT
dmv.337,state,IN,TX,native,300,True,0.00076666666,43.0,43.0,0.00076666666,MCV_EXACT
dmv.337,state,IN,TX,native,1000,True,0.0008066667,57.0,57.0,0.0008066667,MCV_EXACT
dmv.337,state,IN,TX,reservoir,100,True,0.00083333335,36.0,36.0,0.00083333335,MCV_EXACT
dmv.337,state,IN,TX,reservoir,300,True,0.00077777775,47.0,47.0,0.00077777775,MCV_EXACT
dmv.337,state,IN,TX,reservoir,1000,True,0.0008166667,56.0,56.0,0.0008166667,MCV_EXACT
dmv.337,state,IN,FL,native,100,True,0.00056666665,34.0,34.0,0.00056666665,MCV_EXACT
dmv.337,state,IN,FL,native,300,True,0.00056666665,43.0,43.0,0.00056666665,MCV_EXACT
dmv.337,state,IN,FL,native,1000,True,0.0005533333,57.0,57.0,0.0005533333,MCV_EXACT
dmv.337,state,IN,FL,reservoir,100,True,0.0005,36.0,36.0,0.0005,MCV_EXACT
dmv.337,state,IN,FL,reservoir,300,True,0.00063333334,47.0,47.0,0.00063333334,MCV_EXACT
dmv.337,state,IN,FL,reservoir,1000,True,0.00051333336,56.0,56.0,0.00051333336,MCV_EXACT
dmv.337,county,IN,CORTLAND,native,100,True,0.0035,63.0,63.0,0.0035,MCV_EXACT
dmv.337,county,IN,CORTLAND,native,300,True,0.0031,63.0,63.0,0.0031,MCV_EXACT
dmv.337,county,IN,CORTLAND,native,1000,True,0.0031233334,63.0,63.0,0.0031233334,MCV_EXACT
dmv.337,county,IN,CORTLAND,reservoir,100,True,0.0033666666,63.0,63.0,0.0033666666,MCV_EXACT
dmv.337,county,IN,CORTLAND,reservoir,300,True,0.0030777778,63.0,63.0,0.0030777778,MCV_EXACT
dmv.337,county,IN,CORTLAND,reservoir,1000,True,0.0032766666,63.0,63.0,0.0032766666,MCV_EXACT
dmv.337,county,IN,ESSEX,native,100,True,0.0034333332,63.0,63.0,0.0034333332,MCV_EXACT
dmv.337,county,IN,ESSEX,native,300,True,0.003,63.0,63.0,0.003,MCV_EXACT
dmv.337,county,IN,ESSEX,native,1000,True,0.00311,63.0,63.0,0.00311,MCV_EXACT
dmv.337,county,IN,ESSEX,reservoir,100,True,0.0034333332,63.0,63.0,0.0034333332,MCV_EXACT
dmv.337,county,IN,ESSEX,reservoir,300,True,0.0032333334,63.0,63.0,0.0032333334,MCV_EXACT
dmv.337,county,IN,ESSEX,reservoir,1000,True,0.0032166666,63.0,63.0,0.0032166666,MCV_EXACT
dmv.337,county,IN,ORLEANS,native,100,True,0.0027666667,63.0,63.0,0.0027666667,MCV_EXACT
dmv.337,county,IN,ORLEANS,native,300,True,0.0027,63.0,63.0,0.0027,MCV_EXACT
dmv.337,county,IN,ORLEANS,native,1000,True,0.00297,63.0,63.0,0.00297,MCV_EXACT
dmv.337,county,IN,ORLEANS,reservoir,100,True,0.0028666668,63.0,63.0,0.0028666668,MCV_EXACT
dmv.337,county,IN,ORLEANS,reservoir,300,True,0.0028777777,63.0,63.0,0.0028777777,MCV_EXACT
dmv.337,county,IN,ORLEANS,reservoir,1000,True,0.0028966668,63.0,63.0,0.0028966668,MCV_EXACT
dmv.337,county,IN,SENECA,native,100,True,0.0028333333,63.0,63.0,0.0028333333,MCV_EXACT
dmv.337,county,IN,SENECA,native,300,True,0.0024666667,63.0,63.0,0.0024666667,MCV_EXACT
dmv.337,county,IN,SENECA,native,1000,True,0.00259,63.0,63.0,0.00259,MCV_EXACT
dmv.337,county,IN,SENECA,reservoir,100,True,0.0028333333,63.0,63.0,0.0028333333,MCV_EXACT
dmv.337,county,IN,SENECA,reservoir,300,True,0.0022777778,63.0,63.0,0.0022777778,MCV_EXACT
dmv.337,county,IN,SENECA,reservoir,1000,True,0.0027033333,63.0,63.0,0.0027033333,MCV_EXACT
dmv.337,county,IN,SCHOHARIE,native,100,True,0.0027,63.0,63.0,0.0027,MCV_EXACT
dmv.337,county,IN,SCHOHARIE,native,300,True,0.0026,63.0,63.0,0.0026,MCV_EXACT
dmv.337,county,IN,SCHOHARIE,native,1000,True,0.00269,63.0,63.0,0.00269,MCV_EXACT
dmv.337,county,IN,SCHOHARIE,reservoir,100,True,0.0025,63.0,63.0,0.0025,MCV_EXACT
dmv.337,county,IN,SCHOHARIE,reservoir,300,True,0.0023666667,63.0,63.0,0.0023666667,MCV_EXACT
dmv.337,county,IN,SCHOHARIE,reservoir,1000,True,0.00255,63.0,63.0,0.00255,MCV_EXACT
dmv.337,county,IN,LEWIS,native,100,True,0.0022666666,63.0,63.0,0.0022666666,MCV_EXACT
dmv.337,county,IN,LEWIS,native,300,True,0.0024,63.0,63.0,0.0024,MCV_EXACT
dmv.337,county,IN,LEWIS,native,1000,True,0.0024366667,63.0,63.0,0.0024366667,MCV_EXACT
dmv.337,county,IN,LEWIS,reservoir,100,True,0.0024333333,63.0,63.0,0.0024333333,MCV_EXACT
dmv.337,county,IN,LEWIS,reservoir,300,True,0.002788889,63.0,63.0,0.002788889,MCV_EXACT
dmv.337,county,IN,LEWIS,reservoir,1000,True,0.00257,63.0,63.0,0.00257,MCV_EXACT
dmv.337,county,IN,YATES,native,100,True,0.0020666667,63.0,63.0,0.0020666667,MCV_EXACT
dmv.337,county,IN,YATES,native,300,True,0.0017333333,63.0,63.0,0.0017333333,MCV_EXACT
dmv.337,county,IN,YATES,native,1000,True,0.0018866666,63.0,63.0,0.0018866666,MCV_EXACT
dmv.337,county,IN,YATES,reservoir,100,True,0.0017333333,63.0,63.0,0.0017333333,MCV_EXACT
dmv.337,county,IN,YATES,reservoir,300,True,0.0020444444,63.0,63.0,0.0020444444,MCV_EXACT
dmv.337,county,IN,YATES,reservoir,1000,True,0.00202,63.0,63.0,0.00202,MCV_EXACT
dmv.337,county,IN,SCHUYLER,native,100,True,0.0012,63.0,63.0,0.0012,MCV_EXACT
dmv.337,county,IN,SCHUYLER,native,300,True,0.0013777778,63.0,63.0,0.0013777778,MCV_EXACT
dmv.337,county,IN,SCHUYLER,native,1000,True,0.00158,63.0,63.0,0.00158,MCV_EXACT
dmv.337,county,IN,SCHUYLER,reservoir,100,True,0.002,63.0,63.0,0.002,MCV_EXACT
dmv.337,county,IN,SCHUYLER,reservoir,300,True,0.0015111112,63.0,63.0,0.0015111112,MCV_EXACT
dmv.337,county,IN,SCHUYLER,reservoir,1000,True,0.00148,63.0,63.0,0.00148,MCV_EXACT
dmv.337,county,IN,HAMILTON,native,100,True,0.0006,63.0,63.0,0.0006,MCV_EXACT
dmv.337,county,IN,HAMILTON,native,300,True,0.0007111111,63.0,63.0,0.0007111111,MCV_EXACT
dmv.337,county,IN,HAMILTON,native,1000,True,0.00069666666,63.0,63.0,0.00069666666,MCV_EXACT
dmv.337,county,IN,HAMILTON,reservoir,100,True,0.00093333336,63.0,63.0,0.00093333336,MCV_EXACT
dmv.337,county,IN,HAMILTON,reservoir,300,True,0.00087777775,63.0,63.0,0.00087777775,MCV_EXACT
dmv.337,county,IN,HAMILTON,reservoir,1000,True,0.00073,63.0,63.0,0.00073,MCV_EXACT
dmv.337,body_type,=,4DSD,native,100,True,0.3166,44.0,44.0,0.3166,MCV_EXACT
dmv.337,body_type,=,4DSD,native,300,True,0.3141111,51.0,51.0,0.3141111,MCV_EXACT
dmv.337,body_type,=,4DSD,native,1000,True,0.31395,57.0,57.0,0.31395,MCV_EXACT
dmv.337,body_type,=,4DSD,reservoir,100,True,0.3175,44.0,44.0,0.3175,MCV_EXACT
dmv.337,body_type,=,4DSD,reservoir,300,True,0.31611112,51.0,51.0,0.31611112,MCV_EXACT
dmv.337,body_type,=,4DSD,reservoir,1000,True,0.31391,55.0,55.0,0.31391,MCV_EXACT
dmv.337,scofflaw_indicator,=,N,native,100,True,0.9998,2.0,2.0,0.9998,MCV_EXACT
dmv.337,scofflaw_indicator,=,N,native,300,True,0.99976665,2.0,2.0,0.99976665,MCV_EXACT
dmv.337,scofflaw_indicator,=,N,native,1000,True,0.9997467,2.0,2.0,0.9997467,MCV_EXACT
dmv.337,scofflaw_indicator,=,N,reservoir,100,True,0.9999,2.0,2.0,0.9999,MCV_EXACT
dmv.337,scofflaw_indicator,=,N,reservoir,300,True,0.9997889,2.0,2.0,0.9997889,MCV_EXACT
dmv.337,scofflaw_indicator,=,N,reservoir,1000,True,0.99978334,2.0,2.0,0.99978334,MCV_EXACT
dmv.337,suspension_indicator,=,N,native,100,True,0.99156666,2.0,2.0,0.99156666,MCV_EXACT
dmv.337,suspension_indicator,=,N,native,300,True,0.9909667,2.0,2.0,0.9909667,MCV_EXACT
dmv.337,suspension_indicator,=,N,native,1000,True,0.99139,2.0,2.0,0.99139,MCV_EXACT
dmv.337,suspension_indicator,=,N,reservoir,100,True,0.99123335,2.0,2.0,0.99123335,MCV_EXACT
dmv.337,suspension_indicator,=,N,reservoir,300,True,0.9912222,2.0,2.0,0.9912222,MCV_EXACT
dmv.337,suspension_indicator,=,N,reservoir,1000,True,0.99138,2.0,2.0,0.99138,MCV_EXACT
dmv.337,revocation_indicator,=,N,native,100,True,0.99616665,2.0,2.0,0.99616665,MCV_EXACT
dmv.337,revocation_indicator,=,N,native,300,True,0.9952111,2.0,2.0,0.9952111,MCV_EXACT
dmv.337,revocation_indicator,=,N,native,1000,True,0.99562335,2.0,2.0,0.99562335,MCV_EXACT
dmv.337,revocation_indicator,=,N,reservoir,100,True,0.9953,2.0,2.0,0.9953,MCV_EXACT
dmv.337,revocation_indicator,=,N,reservoir,300,True,0.9954889,2.0,2.0,0.9954889,MCV_EXACT
dmv.337,revocation_indicator,=,N,reservoir,1000,True,0.9956333,2.0,2.0,0.9956333,MCV_EXACT
dmv.1201,registration_class,IN,LTR,native,100,True,0.020233333,47.0,47.0,0.020233333,MCV_EXACT
dmv.1201,registration_class,IN,LTR,native,300,True,0.020477777,53.0,53.0,0.020477777,MCV_EXACT
dmv.1201,registration_class,IN,LTR,native,1000,True,0.020816667,61.0,61.0,0.020816667,MCV_EXACT
dmv.1201,registration_class,IN,LTR,reservoir,100,True,0.022,45.0,45.0,0.022,MCV_EXACT
dmv.1201,registration_class,IN,LTR,reservoir,300,True,0.020622222,51.0,51.0,0.020622222,MCV_EXACT
dmv.1201,registration_class,IN,LTR,reservoir,1000,True,0.020843333,62.0,62.0,0.020843333,MCV_EXACT
dmv.1201,registration_class,IN,BOT,native,100,True,0.032366667,47.0,47.0,0.032366667,MCV_EXACT
dmv.1201,registration_class,IN,BOT,native,300,True,0.033277776,53.0,53.0,0.033277776,MCV_EXACT
dmv.1201,registration_class,IN,BOT,native,1000,True,0.032226667,61.0,61.0,0.032226667,MCV_EXACT
dmv.1201,registration_class,IN,BOT,reservoir,100,True,0.033533335,45.0,45.0,0.033533335,MCV_EXACT
dmv.1201,registration_class,IN,BOT,reservoir,300,True,0.03141111,51.0,51.0,0.03141111,MCV_EXACT
dmv.1201,registration_class,IN,BOT,reservoir,1000,True,0.03262,62.0,62.0,0.03262,MCV_EXACT
dmv.1201,registration_class,IN,MOT,native,100,True,0.031133333,47.0,47.0,0.031133333,MCV_EXACT
dmv.1201,registration_class,IN,MOT,native,300,True,0.029577779,53.0,53.0,0.029577779,MCV_EXACT
dmv.1201,registration_class,IN,MOT,native,1000,True,0.030103333,61.0,61.0,0.030103333,MCV_EXACT
dmv.1201,registration_class,IN,MOT,reservoir,100,True,0.029833334,45.0,45.0,0.029833334,MCV_EXACT
dmv.1201,registration_class,IN,MOT,reservoir,300,True,0.031266667,51.0,51.0,0.031266667,MCV_EXACT
dmv.1201,registration_class,IN,MOT,reservoir,1000,True,0.029883333,62.0,62.0,0.029883333,MCV_EXACT
dmv.1201,registration_class,IN,TRL,native,100,True,0.012633333,47.0,47.0,0.012633333,MCV_EXACT
dmv.1201,registration_class,IN,TRL,native,300,True,0.0125222225,53.0,53.0,0.0125222225,MCV_EXACT
dmv.1201,registration_class,IN,TRL,native,1000,True,0.012476667,61.0,61.0,0.012476667,MCV_EXACT
dmv.1201,registration_class,IN,TRL,reservoir,100,True,0.012666667,45.0,45.0,0.012666667,MCV_EXACT
dmv.1201,registration_class,IN,TRL,reservoir,300,True,0.013266667,51.0,51.0,0.013266667,MCV_EXACT
dmv.1201,registration_class,IN,TRL,reservoir,1000,True,0.01319,62.0,62.0,0.01319,MCV_EXACT
dmv.1201,registration_class,IN,SRF,native,100,True,0.0191,47.0,47.0,0.0191,MCV_EXACT
dmv.1201,registration_class,IN,SRF,native,300,True,0.0173,53.0,53.0,0.0173,MCV_EXACT
dmv.1201,registration_class,IN,SRF,native,1000,True,0.017606666,61.0,61.0,0.017606666,MCV_EXACT
dmv.1201,registration_class,IN,SRF,reservoir,100,True,0.018833334,45.0,45.0,0.018833334,MCV_EXACT
dmv.1201,registration_class,IN,SRF,reservoir,300,True,0.018533334,51.0,51.0,0.018533334,MCV_EXACT
dmv.1201,registration_class,IN,SRF,reservoir,1000,True,0.018103333,62.0,62.0,0.018103333,MCV_EXACT
dmv.1201,county,IN,OSWEGO,native,100,True,0.009366667,63.0,63.0,0.009366667,MCV_EXACT
dmv.1201,county,IN,OSWEGO,native,300,True,0.008755555,63.0,63.0,0.008755555,MCV_EXACT
dmv.1201,county,IN,OSWEGO,native,1000,True,0.009103334,63.0,63.0,0.009103334,MCV_EXACT
dmv.1201,county,IN,OSWEGO,reservoir,100,True,0.009166666,63.0,63.0,0.009166666,MCV_EXACT
dmv.1201,county,IN,OSWEGO,reservoir,300,True,0.009644444,63.0,63.0,0.009644444,MCV_EXACT
dmv.1201,county,IN,OSWEGO,reservoir,1000,True,0.009226667,63.0,63.0,0.009226667,MCV_EXACT
dmv.1201,county,IN,ONTARIO,native,100,True,0.008466667,63.0,63.0,0.008466667,MCV_EXACT
dmv.1201,county,IN,ONTARIO,native,300,True,0.008866667,63.0,63.0,0.008866667,MCV_EXACT
dmv.1201,county,IN,ONTARIO,native,1000,True,0.00913,63.0,63.0,0.00913,MCV_EXACT
dmv.1201,county,IN,ONTARIO,reservoir,100,True,0.0096,63.0,63.0,0.0096,MCV_EXACT
dmv.1201,county,IN,ONTARIO,reservoir,300,True,0.008622223,63.0,63.0,0.008622223,MCV_EXACT
dmv.1201,county,IN,ONTARIO,reservoir,1000,True,0.009333333,63.0,63.0,0.009333333,MCV_EXACT
dmv.1201,county,IN,CHAUTAUQUA,native,100,True,0.009733333,63.0,63.0,0.009733333,MCV_EXACT
dmv.1201,county,IN,CHAUTAUQUA,native,300,True,0.009333333,63.0,63.0,0.009333333,MCV_EXACT
dmv.1201,county,IN,CHAUTAUQUA,native,1000,True,0.00884,63.0,63.0,0.00884,MCV_EXACT
dmv.1201,county,IN,CHAUTAUQUA,reservoir,100,True,0.009633333,63.0,63.0,0.009633333,MCV_EXACT
dmv.1201,county,IN,CHAUTAUQUA,reservoir,300,True,0.0084,63.0,63.0,0.0084,MCV_EXACT
dmv.1201,county,IN,CHAUTAUQUA,reservoir,1000,True,0.008986667,63.0,63.0,0.008986667,MCV_EXACT
dmv.1201,county,IN,JEFFERSON,native,100,True,0.008133333,63.0,63.0,0.008133333,MCV_EXACT
dmv.1201,county,IN,JEFFERSON,native,300,True,0.008633333,63.0,63.0,0.008633333,MCV_EXACT
dmv.1201,county,IN,JEFFERSON,native,1000,True,0.008503334,63.0,63.0,0.008503334,MCV_EXACT
dmv.1201,county,IN,JEFFERSON,reservoir,100,True,0.0079333335,63.0,63.0,0.0079333335,MCV_EXACT
dmv.1201,county,IN,JEFFERSON,reservoir,300,True,0.0083111115,63.0,63.0,0.0083111115,MCV_EXACT
dmv.1201,county,IN,JEFFERSON,reservoir,1000,True,0.00858,63.0,63.0,0.00858,MCV_EXACT
dmv.1201,county,IN,ST LAWRENCE,native,100,True,0.0079666665,63.0,63.0,0.0079666665,MCV_EXACT
dmv.1201,county,IN,ST LAWRENCE,native,300,True,0.007977778,63.0,63.0,0.007977778,MCV_EXACT
dmv.1201,county,IN,ST LAWRENCE,native,1000,True,0.008006667,63.0,63.0,0.008006667,MCV_EXACT
dmv.1201,county,IN,ST LAWRENCE,reservoir,100,True,0.0077,63.0,63.0,0.0077,MCV_EXACT
dmv.1201,county,IN,ST LAWRENCE,reservoir,300,True,0.008344444,63.0,63.0,0.008344444,MCV_EXACT
dmv.1201,county,IN,ST LAWRENCE,reservoir,1000,True,0.007913333,63.0,63.0,0.007913333,MCV_EXACT
dmv.1201,county,IN,WAYNE,native,100,True,0.008633333,63.0,63.0,0.008633333,MCV_EXACT
dmv.1201,county,IN,WAYNE,native,300,True,0.007511111,63.0,63.0,0.007511111,MCV_EXACT
dmv.1201,county,IN,WAYNE,native,1000,True,0.00785,63.0,63.0,0.00785,MCV_EXACT
dmv.1201,county,IN,WAYNE,reservoir,100,True,0.008533333,63.0,63.0,0.008533333,MCV_EXACT
dmv.1201,county,IN,WAYNE,reservoir,300,True,0.007922222,63.0,63.0,0.007922222,MCV_EXACT
dmv.1201,county,IN,WAYNE,reservoir,1000,True,0.007856667,63.0,63.0,0.007856667,MCV_EXACT
dmv.1201,county,IN,PUTNAM,native,100,True,0.0079333335,63.0,63.0,0.0079333335,MCV_EXACT
dmv.1201,county,IN,PUTNAM,native,300,True,0.0077,63.0,63.0,0.0077,MCV_EXACT
dmv.1201,county,IN,PUTNAM,native,1000,True,0.0076533332,63.0,63.0,0.0076533332,MCV_EXACT
dmv.1201,county,IN,PUTNAM,reservoir,100,True,0.0075,63.0,63.0,0.0075,MCV_EXACT
dmv.1201,county,IN,PUTNAM,reservoir,300,True,0.0078,63.0,63.0,0.0078,MCV_EXACT
dmv.1201,county,IN,PUTNAM,reservoir,1000,True,0.008066666,63.0,63.0,0.008066666,MCV_EXACT
dmv.1201,county,IN,STEUBEN,native,100,True,0.0078,63.0,63.0,0.0078,MCV_EXACT
dmv.1201,county,IN,STEUBEN,native,300,True,0.007333333,63.0,63.0,0.007333333,MCV_EXACT
dmv.1201,county,IN,STEUBEN,native,1000,True,0.007523333,63.0,63.0,0.007523333,MCV_EXACT
dmv.1201,county,IN,STEUBEN,reservoir,100,True,0.0081,63.0,63.0,0.0081,MCV_EXACT
dmv.1201,county,IN,STEUBEN,reservoir,300,True,0.0073111113,63.0,63.0,0.0073111113,MCV_EXACT
dmv.1201,county,IN,STEUBEN,reservoir,1000,True,0.007286667,63.0,63.0,0.007286667,MCV_EXACT
dmv.1201,county,IN,CLINTON,native,100,True,0.0067666667,63.0,63.0,0.0067666667,MCV_EXACT
dmv.1201,county,IN,CLINTON,native,300,True,0.0065111113,63.0,63.0,0.0065111113,MCV_EXACT
dmv.1201,county,IN,CLINTON,native,1000,True,0.006723333,63.0,63.0,0.006723333,MCV_EXACT
dmv.1201,county,IN,CLINTON,reservoir,100,True,0.0064333333,63.0,63.0,0.0064333333,MCV_EXACT
dmv.1201,county,IN,CLINTON,reservoir,300,True,0.0064,63.0,63.0,0.0064,MCV_EXACT
dmv.1201,county,IN,CLINTON,reservoir,1000,True,0.00647,63.0,63.0,0.00647,MCV_EXACT
dmv.1201,county,IN,CAYUGA,native,100,True,0.0049666665,63.0,63.0,0.0049666665,MCV_EXACT
dmv.1201,county,IN,CAYUGA,native,300,True,0.0059444443,63.0,63.0,0.0059444443,MCV_EXACT
dmv.1201,county,IN,CAYUGA,native,1000,True,0.0057333335,63.0,63.0,0.0057333335,MCV_EXACT
dmv.1201,county,IN,CAYUGA,reservoir,100,True,0.006733333,63.0,63.0,0.006733333,MCV_EXACT
dmv.1201,county,IN,CAYUGA,reservoir,300,True,0.0058444445,63.0,63.0,0.0058444445,MCV_EXACT
dmv.1201,county,IN,CAYUGA,reservoir,1000,True,0.0057933335,63.0,63.0,0.0057933335,MCV_EXACT
dmv.1201,county,IN,WARREN,native,100,True,0.0067666667,63.0,63.0,0.0067666667,MCV_EXACT
dmv.1201,county,IN,WARREN,native,300,True,0.0057777776,63.0,63.0,0.0057777776,MCV_EXACT
dmv.1201,county,IN,WARREN,native,1000,True,0.0059666666,63.0,63.0,0.0059666666,MCV_EXACT
dmv.1201,county,IN,WARREN,reservoir,100,True,0.0060333335,63.0,63.0,0.0060333335,MCV_EXACT
dmv.1201,county,IN,WARREN,reservoir,300,True,0.005677778,63.0,63.0,0.005677778,MCV_EXACT
dmv.1201,county,IN,WARREN,reservoir,1000,True,0.00568,63.0,63.0,0.00568,MCV_EXACT
dmv.1201,county,IN,CHEMUNG,native,100,True,0.007,63.0,63.0,0.007,MCV_EXACT
dmv.1201,county,IN,CHEMUNG,native,300,True,0.005877778,63.0,63.0,0.005877778,MCV_EXACT
dmv.1201,county,IN,CHEMUNG,native,1000,True,0.00584,63.0,63.0,0.00584,MCV_EXACT
dmv.1201,county,IN,CHEMUNG,reservoir,100,True,0.0061,63.0,63.0,0.0061,MCV_EXACT
dmv.1201,county,IN,CHEMUNG,reservoir,300,True,0.005877778,63.0,63.0,0.005877778,MCV_EXACT
dmv.1201,county,IN,CHEMUNG,reservoir,1000,True,0.0057333335,63.0,63.0,0.0057333335,MCV_EXACT
dmv.1201,county,IN,TOMPKINS,native,100,True,0.0052,63.0,63.0,0.0052,MCV_EXACT
dmv.1201,county,IN,TOMPKINS,native,300,True,0.005933333,63.0,63.0,0.005933333,MCV_EXACT
dmv.1201,county,IN,TOMPKINS,native,1000,True,0.0056633335,63.0,63.0,0.0056633335,MCV_EXACT
dmv.1201,county,IN,TOMPKINS,reservoir,100,True,0.0050333333,63.0,63.0,0.0050333333,MCV_EXACT
dmv.1201,county,IN,TOMPKINS,reservoir,300,True,0.0055,63.0,63.0,0.0055,MCV_EXACT
dmv.1201,county,IN,TOMPKINS,reservoir,1000,True,0.00579,63.0,63.0,0.00579,MCV_EXACT
dmv.1201,body_type,IN,TAXI,native,100,True,0.0011666666,44.0,44.0,0.0011666666,MCV_EXACT
dmv.1201,body_type,IN,TAXI,native,300,True,0.00083333335,51.0,51.0,0.00083333335,MCV_EXACT
dmv.1201,body_type,IN,TAXI,native,1000,True,0.00103,57.0,57.0,0.00103,MCV_EXACT
dmv.1201,body_type,IN,TAXI,reservoir,100,True,0.001,44.0,44.0,0.001,MCV_EXACT
dmv.1201,body_type,IN,TAXI,reservoir,300,True,0.0010222222,51.0,51.0,0.0010222222,MCV_EXACT
dmv.1201,body_type,IN,TAXI,reservoir,1000,True,0.00091,55.0,55.0,0.00091,MCV_EXACT
dmv.1201,body_type,IN,TOW,native,100,True,0.0007,44.0,44.0,0.0007,MCV_EXACT
dmv.1201,body_type,IN,TOW,native,300,True,0.00042222222,51.0,51.0,0.00042222222,MCV_EXACT
dmv.1201,body_type,IN,TOW,native,1000,True,0.0005566667,57.0,57.0,0.0005566667,MCV_EXACT
dmv.1201,body_type,IN,TOW,reservoir,100,True,0.00056666665,44.0,44.0,0.00056666665,MCV_EXACT
dmv.1201,body_type,IN,TOW,reservoir,300,True,0.00043333333,51.0,51.0,0.00043333333,MCV_EXACT
dmv.1201,body_type,IN,TOW,reservoir,1000,True,0.00057,55.0,55.0,0.00057,MCV_EXACT
dmv.1201,body_type,IN,SEDN,native,100,True,0.00056666665,44.0,44.0,0.00056666665,MCV_EXACT
dmv.1201,body_type,IN,SEDN,native,300,True,0.0005111111,51.0,51.0,0.0005111111,MCV_EXACT
dmv.1201,body_type,IN,SEDN,native,1000,True,0.00051,57.0,57.0,0.00051,MCV_EXACT
dmv.1201,body_type,IN,SEDN,reservoir,100,True,0.00046666668,44.0,44.0,0.00046666668,MCV_EXACT
dmv.1201,body_type,IN,SEDN,reservoir,300,True,0.0005111111,51.0,51.0,0.0005111111,MCV_EXACT
dmv.1201,body_type,IN,SEDN,reservoir,1000,True,0.00050666666,55.0,55.0,0.00050666666,MCV_EXACT
dmv.1201,body_type,IN,REFG,native,100,True,0.00056666665,44.0,44.0,0.00056666665,MCV_EXACT
dmv.1201,body_type,IN,REFG,native,300,True,0.00034444444,51.0,51.0,0.00034444444,MCV_EXACT
dmv.1201,body_type,IN,REFG,native,1000,True,0.00042333335,57.0,57.0,0.00042333335,MCV_EXACT
dmv.1201,body_type,IN,REFG,reservoir,100,True,0.0004,44.0,44.0,0.0004,MCV_EXACT
dmv.1201,body_type,IN,REFG,reservoir,300,True,0.00043333333,51.0,51.0,0.00043333333,MCV_EXACT
dmv.1201,body_type,IN,REFG,reservoir,1000,True,0.00047,55.0,55.0,0.00047,MCV_EXACT
dmv.1201,body_type,IN,RBM,native,100,False,,44.0,44.0,0.022727272727272728,MCV_MISS_NDISTINCT_FALLBACK
dmv.1201,body_type,IN,RBM,native,300,True,0.0004888889,51.0,51.0,0.0004888889,MCV_EXACT
dmv.1201,body_type,IN,RBM,native,1000,True,0.00042666667,57.0,57.0,0.00042666667,MCV_EXACT
dmv.1201,body_type,IN,RBM,reservoir,100,True,0.0005,44.0,44.0,0.0005,MCV_EXACT
dmv.1201,body_type,IN,RBM,reservoir,300,True,0.00036666667,51.0,51.0,0.00036666667,MCV_EXACT
dmv.1201,body_type,IN,RBM,reservoir,1000,True,0.00042333335,55.0,55.0,0.00042333335,MCV_EXACT
dmv.1201,body_type,IN,RD/S,native,100,False,,44.0,44.0,0.022727272727272728,MCV_MISS_NDISTINCT_FALLBACK
dmv.1201,body_type,IN,RD/S,native,300,True,0.00021111111,51.0,51.0,0.00021111111,MCV_EXACT
dmv.1201,body_type,IN,RD/S,native,1000,True,0.00018666667,57.0,57.0,0.00018666667,MCV_EXACT
dmv.1201,body_type,IN,RD/S,reservoir,100,False,,44.0,44.0,0.022727272727272728,MCV_MISS_NDISTINCT_FALLBACK
dmv.1201,body_type,IN,RD/S,reservoir,300,True,0.00023333334,51.0,51.0,0.00023333334,MCV_EXACT
dmv.1201,body_type,IN,RD/S,reservoir,1000,True,0.00018333334,55.0,55.0,0.00018333334,MCV_EXACT
dmv.1201,body_type,IN,CMIX,native,100,False,,44.0,44.0,0.022727272727272728,MCV_MISS_NDISTINCT_FALLBACK
dmv.1201,body_type,IN,CMIX,native,300,True,0.00012222222,51.0,51.0,0.00012222222,MCV_EXACT
dmv.1201,body_type,IN,CMIX,native,1000,True,0.00019666666,57.0,57.0,0.00019666666,MCV_EXACT
dmv.1201,body_type,IN,CMIX,reservoir,100,False,,44.0,44.0,0.022727272727272728,MCV_MISS_NDISTINCT_FALLBACK
dmv.1201,body_type,IN,CMIX,reservoir,300,True,0.0001888889,51.0,51.0,0.0001888889,MCV_EXACT
dmv.1201,body_type,IN,CMIX,reservoir,1000,True,0.00020666666,55.0,55.0,0.00020666666,MCV_EXACT
dmv.1201,body_type,IN,TR/C,native,100,False,,44.0,44.0,0.022727272727272728,MCV_MISS_NDISTINCT_FALLBACK
dmv.1201,body_type,IN,TR/C,native,300,True,0.00021111111,51.0,51.0,0.00021111111,MCV_EXACT
dmv.1201,body_type,IN,TR/C,native,1000,True,0.00020666666,57.0,57.0,0.00020666666,MCV_EXACT
dmv.1201,body_type,IN,TR/C,reservoir,100,False,,44.0,44.0,0.022727272727272728,MCV_MISS_NDISTINCT_FALLBACK
dmv.1201,body_type,IN,TR/C,reservoir,300,True,0.00032222221,51.0,51.0,0.00032222221,MCV_EXACT
dmv.1201,body_type,IN,TR/C,reservoir,1000,True,0.00018,55.0,55.0,0.00018,MCV_EXACT
dmv.1201,body_type,IN,AMBU,native,100,False,,44.0,44.0,0.022727272727272728,MCV_MISS_NDISTINCT_FALLBACK
dmv.1201,body_type,IN,AMBU,native,300,False,,51.0,51.0,0.0196078431372549,MCV_MISS_NDISTINCT_FALLBACK
dmv.1201,body_type,IN,AMBU,native,1000,True,0.00010666667,57.0,57.0,0.00010666667,MCV_EXACT
dmv.1201,body_type,IN,AMBU,reservoir,100,False,,44.0,44.0,0.022727272727272728,MCV_MISS_NDISTINCT_FALLBACK
dmv.1201,body_type,IN,AMBU,reservoir,300,False,,51.0,51.0,0.0196078431372549,MCV_MISS_NDISTINCT_FALLBACK
dmv.1201,body_type,IN,AMBU,reservoir,1000,True,0.00015666666,55.0,55.0,0.00015666666,MCV_EXACT
dmv.1201,body_type,IN,LSV,native,100,False,,44.0,44.0,0.022727272727272728,MCV_MISS_NDISTINCT_FALLBACK
dmv.1201,body_type,IN,LSV,native,300,False,,51.0,51.0,0.0196078431372549,MCV_MISS_NDISTINCT_FALLBACK
dmv.1201,body_type,IN,LSV,native,1000,True,9.666667e-05,57.0,57.0,9.666667e-05,MCV_EXACT
dmv.1201,body_type,IN,LSV,reservoir,100,False,,44.0,44.0,0.022727272727272728,MCV_MISS_NDISTINCT_FALLBACK
dmv.1201,body_type,IN,LSV,reservoir,300,False,,51.0,51.0,0.0196078431372549,MCV_MISS_NDISTINCT_FALLBACK
dmv.1201,body_type,IN,LSV,reservoir,1000,True,0.00012333333,55.0,55.0,0.00012333333,MCV_EXACT
dmv.1201,body_type,IN,FIRE,native,100,False,,44.0,44.0,0.022727272727272728,MCV_MISS_NDISTINCT_FALLBACK
dmv.1201,body_type,IN,FIRE,native,300,True,0.00013333333,51.0,51.0,0.00013333333,MCV_EXACT
dmv.1201,body_type,IN,FIRE,native,1000,True,6.666667e-05,57.0,57.0,6.666667e-05,MCV_EXACT
dmv.1201,body_type,IN,FIRE,reservoir,100,False,,44.0,44.0,0.022727272727272728,MCV_MISS_NDISTINCT_FALLBACK
dmv.1201,body_type,IN,FIRE,reservoir,300,False,,51.0,51.0,0.0196078431372549,MCV_MISS_NDISTINCT_FALLBACK
dmv.1201,body_type,IN,FIRE,reservoir,1000,True,0.0001,55.0,55.0,0.0001,MCV_EXACT
dmv.1201,body_type,IN,S/SP,native,100,False,,44.0,44.0,0.022727272727272728,MCV_MISS_NDISTINCT_FALLBACK
dmv.1201,body_type,IN,S/SP,native,300,False,,51.0,51.0,0.0196078431372549,MCV_MISS_NDISTINCT_FALLBACK
dmv.1201,body_type,IN,S/SP,native,1000,True,6.666667e-05,57.0,57.0,6.666667e-05,MCV_EXACT
dmv.1201,body_type,IN,S/SP,reservoir,100,False,,44.0,44.0,0.022727272727272728,MCV_MISS_NDISTINCT_FALLBACK
dmv.1201,body_type,IN,S/SP,reservoir,300,False,,51.0,51.0,0.0196078431372549,MCV_MISS_NDISTINCT_FALLBACK
dmv.1201,body_type,IN,S/SP,reservoir,1000,True,8.666667e-05,55.0,55.0,8.666667e-05,MCV_EXACT
dmv.1201,body_type,IN,HRSE,native,100,False,,44.0,44.0,0.022727272727272728,MCV_MISS_NDISTINCT_FALLBACK
dmv.1201,body_type,IN,HRSE,native,300,False,,51.0,51.0,0.0196078431372549,MCV_MISS_NDISTINCT_FALLBACK
dmv.1201,body_type,IN,HRSE,native,1000,True,9.666667e-05,57.0,57.0,9.666667e-05,MCV_EXACT
dmv.1201,body_type,IN,HRSE,reservoir,100,False,,44.0,44.0,0.022727272727272728,MCV_MISS_NDISTINCT_FALLBACK
dmv.1201,body_type,IN,HRSE,reservoir,300,False,,51.0,51.0,0.0196078431372549,MCV_MISS_NDISTINCT_FALLBACK
dmv.1201,body_type,IN,HRSE,reservoir,1000,True,6e-05,55.0,55.0,6e-05,MCV_EXACT
dmv.1201,body_type,IN,T/CR,native,100,False,,44.0,44.0,0.022727272727272728,MCV_MISS_NDISTINCT_FALLBACK
dmv.1201,body_type,IN,T/CR,native,300,False,,51.0,51.0,0.0196078431372549,MCV_MISS_NDISTINCT_FALLBACK
dmv.1201,body_type,IN,T/CR,native,1000,True,8.666667e-05,57.0,57.0,8.666667e-05,MCV_EXACT
dmv.1201,body_type,IN,T/CR,reservoir,100,False,,44.0,44.0,0.022727272727272728,MCV_MISS_NDISTINCT_FALLBACK
dmv.1201,body_type,IN,T/CR,reservoir,300,False,,51.0,51.0,0.0196078431372549,MCV_MISS_NDISTINCT_FALLBACK
dmv.1201,body_type,IN,T/CR,reservoir,1000,True,5.3333333e-05,55.0,55.0,5.3333333e-05,MCV_EXACT
dmv.1201,body_type,IN,SN/P,native,100,False,,44.0,44.0,0.022727272727272728,MCV_MISS_NDISTINCT_FALLBACK
dmv.1201,body_type,IN,SN/P,native,300,False,,51.0,51.0,0.0196078431372549,MCV_MISS_NDISTINCT_FALLBACK
dmv.1201,body_type,IN,SN/P,native,1000,True,9.3333336e-05,57.0,57.0,9.3333336e-05,MCV_EXACT
dmv.1201,body_type,IN,SN/P,reservoir,100,False,,44.0,44.0,0.022727272727272728,MCV_MISS_NDISTINCT_FALLBACK
dmv.1201,body_type,IN,SN/P,reservoir,300,False,,51.0,51.0,0.0196078431372549,MCV_MISS_NDISTINCT_FALLBACK
dmv.1201,body_type,IN,SN/P,reservoir,1000,True,0.00010333333,55.0,55.0,0.00010333333,MCV_EXACT
dmv.1201,body_type,IN,SWT,native,100,False,,44.0,44.0,0.022727272727272728,MCV_MISS_NDISTINCT_FALLBACK
dmv.1201,body_type,IN,SWT,native,300,False,,51.0,51.0,0.0196078431372549,MCV_MISS_NDISTINCT_FALLBACK
dmv.1201,body_type,IN,SWT,native,1000,True,5e-05,57.0,57.0,5e-05,MCV_EXACT
dmv.1201,body_type,IN,SWT,reservoir,100,False,,44.0,44.0,0.022727272727272728,MCV_MISS_NDISTINCT_FALLBACK
dmv.1201,body_type,IN,SWT,reservoir,300,False,,51.0,51.0,0.0196078431372549,MCV_MISS_NDISTINCT_FALLBACK
dmv.1201,body_type,IN,SWT,reservoir,1000,False,,55.0,55.0,0.01818181818181818,MCV_MISS_NDISTINCT_FALLBACK
dmv.1201,body_type,IN,LIM,native,100,False,,44.0,44.0,0.022727272727272728,MCV_MISS_NDISTINCT_FALLBACK
dmv.1201,body_type,IN,LIM,native,300,True,0.00014444445,51.0,51.0,0.00014444445,MCV_EXACT
dmv.1201,body_type,IN,LIM,native,1000,True,7e-05,57.0,57.0,7e-05,MCV_EXACT
dmv.1201,body_type,IN,LIM,reservoir,100,False,,44.0,44.0,0.022727272727272728,MCV_MISS_NDISTINCT_FALLBACK
dmv.1201,body_type,IN,LIM,reservoir,300,False,,51.0,51.0,0.0196078431372549,MCV_MISS_NDISTINCT_FALLBACK
dmv.1201,body_type,IN,LIM,reservoir,1000,True,9e-05,55.0,55.0,9e-05,MCV_EXACT
dmv.1201,body_type,IN,CUST,native,100,False,,44.0,44.0,0.022727272727272728,MCV_MISS_NDISTINCT_FALLBACK
dmv.1201,body_type,IN,CUST,native,300,False,,51.0,51.0,0.0196078431372549,MCV_MISS_NDISTINCT_FALLBACK
dmv.1201,body_type,IN,CUST,native,1000,True,4e-05,57.0,57.0,4e-05,MCV_EXACT
dmv.1201,body_type,IN,CUST,reservoir,100,False,,44.0,44.0,0.022727272727272728,MCV_MISS_NDISTINCT_FALLBACK
dmv.1201,body_type,IN,CUST,reservoir,300,False,,51.0,51.0,0.0196078431372549,MCV_MISS_NDISTINCT_FALLBACK
dmv.1201,body_type,IN,CUST,reservoir,1000,False,,55.0,55.0,0.01818181818181818,MCV_MISS_NDISTINCT_FALLBACK
dmv.1201,body_type,IN,EMVR,native,100,False,,44.0,44.0,0.022727272727272728,MCV_MISS_NDISTINCT_FALLBACK
dmv.1201,body_type,IN,EMVR,native,300,False,,51.0,51.0,0.0196078431372549,MCV_MISS_NDISTINCT_FALLBACK
dmv.1201,body_type,IN,EMVR,native,1000,True,4.3333333e-05,57.0,57.0,4.3333333e-05,MCV_EXACT
dmv.1201,body_type,IN,EMVR,reservoir,100,False,,44.0,44.0,0.022727272727272728,MCV_MISS_NDISTINCT_FALLBACK
dmv.1201,body_type,IN,EMVR,reservoir,300,False,,51.0,51.0,0.0196078431372549,MCV_MISS_NDISTINCT_FALLBACK
dmv.1201,body_type,IN,EMVR,reservoir,1000,False,,55.0,55.0,0.01818181818181818,MCV_MISS_NDISTINCT_FALLBACK
dmv.1201,fuel_type,IN,GAS,native,100,True,0.90966666,8.0,8.0,0.90966666,MCV_EXACT
dmv.1201,fuel_type,IN,GAS,native,300,True,0.908,9.0,9.0,0.908,MCV_EXACT
dmv.1201,fuel_type,IN,GAS,native,1000,True,0.9083833,9.0,9.0,0.9083833,MCV_EXACT
dmv.1201,fuel_type,IN,GAS,reservoir,100,True,0.9099333,9.0,9.0,0.9099333,MCV_EXACT
dmv.1201,fuel_type,IN,GAS,reservoir,300,True,0.90846664,9.0,9.0,0.90846664,MCV_EXACT
dmv.1201,fuel_type,IN,GAS,reservoir,1000,True,0.90838665,9.0,9.0,0.90838665,MCV_EXACT
dmv.1201,fuel_type,IN,NONE,native,100,True,0.0409,8.0,8.0,0.0409,MCV_EXACT
dmv.1201,fuel_type,IN,NONE,native,300,True,0.04081111,9.0,9.0,0.04081111,MCV_EXACT
dmv.1201,fuel_type,IN,NONE,native,1000,True,0.040763333,9.0,9.0,0.040763333,MCV_EXACT
dmv.1201,fuel_type,IN,NONE,reservoir,100,True,0.042066667,9.0,9.0,0.042066667,MCV_EXACT
dmv.1201,fuel_type,IN,NONE,reservoir,300,True,0.0416,9.0,9.0,0.0416,MCV_EXACT
dmv.1201,fuel_type,IN,NONE,reservoir,1000,True,0.041566666,9.0,9.0,0.041566666,MCV_EXACT
dmv.1201,scofflaw_indicator,=,N,native,100,True,0.9998,2.0,2.0,0.9998,MCV_EXACT
dmv.1201,scofflaw_indicator,=,N,native,300,True,0.99976665,2.0,2.0,0.99976665,MCV_EXACT
dmv.1201,scofflaw_indicator,=,N,native,1000,True,0.9997467,2.0,2.0,0.9997467,MCV_EXACT
dmv.1201,scofflaw_indicator,=,N,reservoir,100,True,0.9999,2.0,2.0,0.9999,MCV_EXACT
dmv.1201,scofflaw_indicator,=,N,reservoir,300,True,0.9997889,2.0,2.0,0.9997889,MCV_EXACT
dmv.1201,scofflaw_indicator,=,N,reservoir,1000,True,0.99978334,2.0,2.0,0.99978334,MCV_EXACT
dmv.1201,revocation_indicator,=,N,native,100,True,0.99616665,2.0,2.0,0.99616665,MCV_EXACT
dmv.1201,revocation_indicator,=,N,native,300,True,0.9952111,2.0,2.0,0.9952111,MCV_EXACT
dmv.1201,revocation_indicator,=,N,native,1000,True,0.99562335,2.0,2.0,0.99562335,MCV_EXACT
dmv.1201,revocation_indicator,=,N,reservoir,100,True,0.9953,2.0,2.0,0.9953,MCV_EXACT
dmv.1201,revocation_indicator,=,N,reservoir,300,True,0.9954889,2.0,2.0,0.9954889,MCV_EXACT
dmv.1201,revocation_indicator,=,N,reservoir,1000,True,0.9956333,2.0,2.0,0.9956333,MCV_EXACT
dmv.562,record_type,=,VEH,native,100,True,0.92153335,4.0,4.0,0.92153335,MCV_EXACT
dmv.562,record_type,=,VEH,native,300,True,0.91954446,4.0,4.0,0.91954446,MCV_EXACT
dmv.562,record_type,=,VEH,native,1000,True,0.92067665,4.0,4.0,0.92067665,MCV_EXACT
dmv.562,record_type,=,VEH,reservoir,100,True,0.9191333,4.0,4.0,0.9191333,MCV_EXACT
dmv.562,record_type,=,VEH,reservoir,300,True,0.92116666,4.0,4.0,0.92116666,MCV_EXACT
dmv.562,record_type,=,VEH,reservoir,1000,True,0.91965336,4.0,4.0,0.91965336,MCV_EXACT
dmv.562,registration_class,IN,PAS,native,100,True,0.738,47.0,47.0,0.738,MCV_EXACT
dmv.562,registration_class,IN,PAS,native,300,True,0.7391,53.0,53.0,0.7391,MCV_EXACT
dmv.562,registration_class,IN,PAS,native,1000,True,0.73775333,61.0,61.0,0.73775333,MCV_EXACT
dmv.562,registration_class,IN,PAS,reservoir,100,True,0.73483336,45.0,45.0,0.73483336,MCV_EXACT
dmv.562,registration_class,IN,PAS,reservoir,300,True,0.7368889,51.0,51.0,0.7368889,MCV_EXACT
dmv.562,registration_class,IN,PAS,reservoir,1000,True,0.7375467,62.0,62.0,0.7375467,MCV_EXACT
dmv.562,registration_class,IN,COM,native,100,True,0.0611,47.0,47.0,0.0611,MCV_EXACT
dmv.562,registration_class,IN,COM,native,300,True,0.061277777,53.0,53.0,0.061277777,MCV_EXACT
dmv.562,registration_class,IN,COM,native,1000,True,0.06229,61.0,61.0,0.06229,MCV_EXACT
dmv.562,registration_class,IN,COM,reservoir,100,True,0.062233333,45.0,45.0,0.062233333,MCV_EXACT
dmv.562,registration_class,IN,COM,reservoir,300,True,0.06218889,51.0,51.0,0.06218889,MCV_EXACT
dmv.562,registration_class,IN,COM,reservoir,1000,True,0.061466668,62.0,62.0,0.061466668,MCV_EXACT
dmv.562,registration_class,IN,LTR,native,100,True,0.020233333,47.0,47.0,0.020233333,MCV_EXACT
dmv.562,registration_class,IN,LTR,native,300,True,0.020477777,53.0,53.0,0.020477777,MCV_EXACT
dmv.562,registration_class,IN,LTR,native,1000,True,0.020816667,61.0,61.0,0.020816667,MCV_EXACT
dmv.562,registration_class,IN,LTR,reservoir,100,True,0.022,45.0,45.0,0.022,MCV_EXACT
dmv.562,registration_class,IN,LTR,reservoir,300,True,0.020622222,51.0,51.0,0.020622222,MCV_EXACT
dmv.562,registration_class,IN,LTR,reservoir,1000,True,0.020843333,62.0,62.0,0.020843333,MCV_EXACT
dmv.562,registration_class,IN,BOT,native,100,True,0.032366667,47.0,47.0,0.032366667,MCV_EXACT
dmv.562,registration_class,IN,BOT,native,300,True,0.033277776,53.0,53.0,0.033277776,MCV_EXACT
dmv.562,registration_class,IN,BOT,native,1000,True,0.032226667,61.0,61.0,0.032226667,MCV_EXACT
dmv.562,registration_class,IN,BOT,reservoir,100,True,0.033533335,45.0,45.0,0.033533335,MCV_EXACT
dmv.562,registration_class,IN,BOT,reservoir,300,True,0.03141111,51.0,51.0,0.03141111,MCV_EXACT
dmv.562,registration_class,IN,BOT,reservoir,1000,True,0.03262,62.0,62.0,0.03262,MCV_EXACT
dmv.562,registration_class,IN,MOT,native,100,True,0.031133333,47.0,47.0,0.031133333,MCV_EXACT
dmv.562,registration_class,IN,MOT,native,300,True,0.029577779,53.0,53.0,0.029577779,MCV_EXACT
dmv.562,registration_class,IN,MOT,native,1000,True,0.030103333,61.0,61.0,0.030103333,MCV_EXACT
dmv.562,registration_class,IN,MOT,reservoir,100,True,0.029833334,45.0,45.0,0.029833334,MCV_EXACT
dmv.562,registration_class,IN,MOT,reservoir,300,True,0.031266667,51.0,51.0,0.031266667,MCV_EXACT
dmv.562,registration_class,IN,MOT,reservoir,1000,True,0.029883333,62.0,62.0,0.029883333,MCV_EXACT
dmv.562,registration_class,IN,TRL,native,100,True,0.012633333,47.0,47.0,0.012633333,MCV_EXACT
dmv.562,registration_class,IN,TRL,native,300,True,0.0125222225,53.0,53.0,0.0125222225,MCV_EXACT
dmv.562,registration_class,IN,TRL,native,1000,True,0.012476667,61.0,61.0,0.012476667,MCV_EXACT
dmv.562,registration_class,IN,TRL,reservoir,100,True,0.012666667,45.0,45.0,0.012666667,MCV_EXACT
dmv.562,registration_class,IN,TRL,reservoir,300,True,0.013266667,51.0,51.0,0.013266667,MCV_EXACT
dmv.562,registration_class,IN,TRL,reservoir,1000,True,0.01319,62.0,62.0,0.01319,MCV_EXACT
dmv.562,registration_class,IN,SRF,native,100,True,0.0191,47.0,47.0,0.0191,MCV_EXACT
dmv.562,registration_class,IN,SRF,native,300,True,0.0173,53.0,53.0,0.0173,MCV_EXACT
dmv.562,registration_class,IN,SRF,native,1000,True,0.017606666,61.0,61.0,0.017606666,MCV_EXACT
dmv.562,registration_class,IN,SRF,reservoir,100,True,0.018833334,45.0,45.0,0.018833334,MCV_EXACT
dmv.562,registration_class,IN,SRF,reservoir,300,True,0.018533334,51.0,51.0,0.018533334,MCV_EXACT
dmv.562,registration_class,IN,SRF,reservoir,1000,True,0.018103333,62.0,62.0,0.018103333,MCV_EXACT
dmv.562,registration_class,IN,PSD,native,100,True,0.013966667,47.0,47.0,0.013966667,MCV_EXACT
dmv.562,registration_class,IN,PSD,native,300,True,0.0143444445,53.0,53.0,0.0143444445,MCV_EXACT
dmv.562,registration_class,IN,PSD,native,1000,True,0.014146667,61.0,61.0,0.014146667,MCV_EXACT
dmv.562,registration_class,IN,PSD,reservoir,100,True,0.014733333,45.0,45.0,0.014733333,MCV_EXACT
dmv.562,registration_class,IN,PSD,reservoir,300,True,0.013866667,51.0,51.0,0.013866667,MCV_EXACT
dmv.562,registration_class,IN,PSD,reservoir,1000,True,0.01397,62.0,62.0,0.01397,MCV_EXACT
dmv.562,registration_class,IN,OMT,native,100,True,0.011033333,47.0,47.0,0.011033333,MCV_EXACT
dmv.562,registration_class,IN,OMT,native,300,True,0.011777778,53.0,53.0,0.011777778,MCV_EXACT
dmv.562,registration_class,IN,OMT,native,1000,True,0.01224,61.0,61.0,0.01224,MCV_EXACT
dmv.562,registration_class,IN,OMT,reservoir,100,True,0.0125,45.0,45.0,0.0125,MCV_EXACT
dmv.562,registration_class,IN,OMT,reservoir,300,True,0.011655555,51.0,51.0,0.011655555,MCV_EXACT
dmv.562,registration_class,IN,OMT,reservoir,1000,True,0.01184,62.0,62.0,0.01184,MCV_EXACT
dmv.562,registration_class,IN,OMS,native,100,True,0.010233333,47.0,47.0,0.010233333,MCV_EXACT
dmv.562,registration_class,IN,OMS,native,300,True,0.009311111,53.0,53.0,0.009311111,MCV_EXACT
dmv.562,registration_class,IN,OMS,native,1000,True,0.009596666,61.0,61.0,0.009596666,MCV_EXACT
dmv.562,registration_class,IN,OMS,reservoir,100,True,0.009666666,45.0,45.0,0.009666666,MCV_EXACT
dmv.562,registration_class,IN,OMS,reservoir,300,True,0.010144444,51.0,51.0,0.010144444,MCV_EXACT
dmv.562,registration_class,IN,OMS,reservoir,1000,True,0.009406666,62.0,62.0,0.009406666,MCV_EXACT
dmv.562,registration_class,IN,ATV,native,100,True,0.008366667,47.0,47.0,0.008366667,MCV_EXACT
dmv.562,registration_class,IN,ATV,native,300,True,0.009322222,53.0,53.0,0.009322222,MCV_EXACT
dmv.562,registration_class,IN,ATV,native,1000,True,0.00911,61.0,61.0,0.00911,MCV_EXACT
dmv.562,registration_class,IN,ATV,reservoir,100,True,0.0085,45.0,45.0,0.0085,MCV_EXACT
dmv.562,registration_class,IN,ATV,reservoir,300,True,0.008722222,51.0,51.0,0.008722222,MCV_EXACT
dmv.562,registration_class,IN,ATV,reservoir,1000,True,0.00897,62.0,62.0,0.00897,MCV_EXACT
dmv.562,registration_class,IN,SNO,native,100,True,0.0071333335,47.0,47.0,0.0071333335,MCV_EXACT
dmv.562,registration_class,IN,SNO,native,300,True,0.008444444,53.0,53.0,0.008444444,MCV_EXACT
dmv.562,registration_class,IN,SNO,native,1000,True,0.00852,61.0,61.0,0.00852,MCV_EXACT
dmv.562,registration_class,IN,SNO,reservoir,100,True,0.0076,45.0,45.0,0.0076,MCV_EXACT
dmv.562,registration_class,IN,SNO,reservoir,300,True,0.008155555,51.0,51.0,0.008155555,MCV_EXACT
dmv.562,registration_class,IN,SNO,reservoir,1000,True,0.00822,62.0,62.0,0.00822,MCV_EXACT
dmv.562,registration_class,IN,HOU,native,100,True,0.0020333333,47.0,47.0,0.0020333333,MCV_EXACT
dmv.562,registration_class,IN,HOU,native,300,True,0.0018111111,53.0,53.0,0.0018111111,MCV_EXACT
dmv.562,registration_class,IN,HOU,native,1000,True,0.0017666667,61.0,61.0,0.0017666667,MCV_EXACT
dmv.562,registration_class,IN,HOU,reservoir,100,True,0.0016333334,45.0,45.0,0.0016333334,MCV_EXACT
dmv.562,registration_class,IN,HOU,reservoir,300,True,0.0018222223,51.0,51.0,0.0018222223,MCV_EXACT
dmv.562,registration_class,IN,HOU,reservoir,1000,True,0.0017333333,62.0,62.0,0.0017333333,MCV_EXACT
dmv.562,registration_class,IN,ORG,native,100,True,0.0049666665,47.0,47.0,0.0049666665,MCV_EXACT
dmv.562,registration_class,IN,ORG,native,300,True,0.0044,53.0,53.0,0.0044,MCV_EXACT
dmv.562,registration_class,IN,ORG,native,1000,True,0.0044166665,61.0,61.0,0.0044166665,MCV_EXACT
dmv.562,registration_class,IN,ORG,reservoir,100,True,0.0048666666,45.0,45.0,0.0048666666,MCV_EXACT
dmv.562,registration_class,IN,ORG,reservoir,300,True,0.004288889,51.0,51.0,0.004288889,MCV_EXACT
dmv.562,registration_class,IN,ORG,reservoir,1000,True,0.0044733332,62.0,62.0,0.0044733332,MCV_EXACT
dmv.562,registration_class,IN,SEM,native,100,True,0.0040666666,47.0,47.0,0.0040666666,MCV_EXACT
dmv.562,registration_class,IN,SEM,native,300,True,0.003922222,53.0,53.0,0.003922222,MCV_EXACT
dmv.562,registration_class,IN,SEM,native,1000,True,0.0035166666,61.0,61.0,0.0035166666,MCV_EXACT
dmv.562,registration_class,IN,SEM,reservoir,100,True,0.0034333332,45.0,45.0,0.0034333332,MCV_EXACT
dmv.562,registration_class,IN,SEM,reservoir,300,True,0.0035555556,51.0,51.0,0.0035555556,MCV_EXACT
dmv.562,registration_class,IN,SEM,reservoir,1000,True,0.00374,62.0,62.0,0.00374,MCV_EXACT
dmv.562,registration_class,IN,HIS,native,100,True,0.0033333334,47.0,47.0,0.0033333334,MCV_EXACT
dmv.562,registration_class,IN,HIS,native,300,True,0.0035,53.0,53.0,0.0035,MCV_EXACT
dmv.562,registration_class,IN,HIS,native,1000,True,0.0035466666,61.0,61.0,0.0035466666,MCV_EXACT
dmv.562,registration_class,IN,HIS,reservoir,100,True,0.0033,45.0,45.0,0.0033,MCV_EXACT
dmv.562,registration_class,IN,HIS,reservoir,300,True,0.0036666666,51.0,51.0,0.0036666666,MCV_EXACT
dmv.562,registration_class,IN,HIS,reservoir,1000,True,0.00357,62.0,62.0,0.00357,MCV_EXACT
dmv.562,registration_class,IN,IRP,native,100,True,0.0027666667,47.0,47.0,0.0027666667,MCV_EXACT
dmv.562,registration_class,IN,IRP,native,300,True,0.0028,53.0,53.0,0.0028,MCV_EXACT
dmv.562,registration_class,IN,IRP,native,1000,True,0.00312,61.0,61.0,0.00312,MCV_EXACT
dmv.562,registration_class,IN,IRP,reservoir,100,True,0.0027666667,45.0,45.0,0.0027666667,MCV_EXACT
dmv.562,registration_class,IN,IRP,reservoir,300,True,0.0029888889,51.0,51.0,0.0029888889,MCV_EXACT
dmv.562,registration_class,IN,IRP,reservoir,1000,True,0.00327,62.0,62.0,0.00327,MCV_EXACT
dmv.562,registration_class,IN,OMR,native,100,True,0.0024666667,47.0,47.0,0.0024666667,MCV_EXACT
dmv.562,registration_class,IN,OMR,native,300,True,0.0021444445,53.0,53.0,0.0021444445,MCV_EXACT
dmv.562,registration_class,IN,OMR,native,1000,True,0.00213,61.0,61.0,0.00213,MCV_EXACT
dmv.562,registration_class,IN,OMR,reservoir,100,True,0.0021,45.0,45.0,0.0021,MCV_EXACT
dmv.562,registration_class,IN,OMR,reservoir,300,True,0.0021555556,51.0,51.0,0.0021555556,MCV_EXACT
dmv.562,registration_class,IN,OMR,reservoir,1000,True,0.0022933334,62.0,62.0,0.0022933334,MCV_EXACT
dmv.562,registration_class,IN,STA,native,100,True,0.0018,47.0,47.0,0.0018,MCV_EXACT
dmv.562,registration_class,IN,STA,native,300,True,0.0016222222,53.0,53.0,0.0016222222,MCV_EXACT
dmv.562,registration_class,IN,STA,native,1000,True,0.0017566667,61.0,61.0,0.0017566667,MCV_EXACT
dmv.562,registration_class,IN,STA,reservoir,100,True,0.0018,45.0,45.0,0.0018,MCV_EXACT
dmv.562,registration_class,IN,STA,reservoir,300,True,0.0017555555,51.0,51.0,0.0017555555,MCV_EXACT
dmv.562,registration_class,IN,STA,reservoir,1000,True,0.0017,62.0,62.0,0.0017,MCV_EXACT
dmv.562,registration_class,IN,AGR,native,100,True,0.0017333333,47.0,47.0,0.0017333333,MCV_EXACT
dmv.562,registration_class,IN,AGR,native,300,True,0.0017111112,53.0,53.0,0.0017111112,MCV_EXACT
dmv.562,registration_class,IN,AGR,native,1000,True,0.0015733333,61.0,61.0,0.0015733333,MCV_EXACT
dmv.562,registration_class,IN,AGR,reservoir,100,True,0.0015666666,45.0,45.0,0.0015666666,MCV_EXACT
dmv.562,registration_class,IN,AGR,reservoir,300,True,0.0013555556,51.0,51.0,0.0013555556,MCV_EXACT
dmv.562,registration_class,IN,AGR,reservoir,1000,True,0.0015366666,62.0,62.0,0.0015366666,MCV_EXACT
dmv.562,registration_class,IN,SPO,native,100,True,0.0009666667,47.0,47.0,0.0009666667,MCV_EXACT
dmv.562,registration_class,IN,SPO,native,300,True,0.0010333334,53.0,53.0,0.0010333334,MCV_EXACT
dmv.562,registration_class,IN,SPO,native,1000,True,0.00113,61.0,61.0,0.00113,MCV_EXACT
dmv.562,registration_class,IN,SPO,reservoir,100,True,0.0010666667,45.0,45.0,0.0010666667,MCV_EXACT
dmv.562,registration_class,IN,SPO,reservoir,300,True,0.0013666666,51.0,51.0,0.0013666666,MCV_EXACT
dmv.562,registration_class,IN,SPO,reservoir,1000,True,0.0010766666,62.0,62.0,0.0010766666,MCV_EXACT
dmv.562,registration_class,IN,FAR,native,100,True,0.0011666666,47.0,47.0,0.0011666666,MCV_EXACT
dmv.562,registration_class,IN,FAR,native,300,True,0.0010222222,53.0,53.0,0.0010222222,MCV_EXACT
dmv.562,registration_class,IN,FAR,native,1000,True,0.0010533333,61.0,61.0,0.0010533333,MCV_EXACT
dmv.562,registration_class,IN,FAR,reservoir,100,True,0.00086666667,45.0,45.0,0.00086666667,MCV_EXACT
dmv.562,registration_class,IN,FAR,reservoir,300,True,0.0009,51.0,51.0,0.0009,MCV_EXACT
dmv.562,registration_class,IN,FAR,reservoir,1000,True,0.0010766666,62.0,62.0,0.0010766666,MCV_EXACT
dmv.562,registration_class,IN,RGL,native,100,True,0.0010666667,47.0,47.0,0.0010666667,MCV_EXACT
dmv.562,registration_class,IN,RGL,native,300,True,0.0011111111,53.0,53.0,0.0011111111,MCV_EXACT
dmv.562,registration_class,IN,RGL,native,1000,True,0.00095666666,61.0,61.0,0.00095666666,MCV_EXACT
dmv.562,registration_class,IN,RGL,reservoir,100,True,0.0015,45.0,45.0,0.0015,MCV_EXACT
dmv.562,registration_class,IN,RGL,reservoir,300,True,0.0009777778,51.0,51.0,0.0009777778,MCV_EXACT
dmv.562,registration_class,IN,RGL,reservoir,1000,True,0.0011633333,62.0,62.0,0.0011633333,MCV_EXACT
dmv.562,registration_class,IN,MED,native,100,True,0.0010666667,47.0,47.0,0.0010666667,MCV_EXACT
dmv.562,registration_class,IN,MED,native,300,True,0.00086666667,53.0,53.0,0.00086666667,MCV_EXACT
dmv.562,registration_class,IN,MED,native,1000,True,0.0009966666,61.0,61.0,0.0009966666,MCV_EXACT
dmv.562,registration_class,IN,MED,reservoir,100,True,0.0009,45.0,45.0,0.0009,MCV_EXACT
dmv.562,registration_class,IN,MED,reservoir,300,True,0.0009777778,51.0,51.0,0.0009777778,MCV_EXACT
dmv.562,registration_class,IN,MED,reservoir,1000,True,0.0010466666,62.0,62.0,0.0010466666,MCV_EXACT
dmv.562,registration_class,IN,SCL,native,100,True,0.0014333334,47.0,47.0,0.0014333334,MCV_EXACT
dmv.562,registration_class,IN,SCL,native,300,True,0.0011111111,53.0,53.0,0.0011111111,MCV_EXACT
dmv.562,registration_class,IN,SCL,native,1000,True,0.00098,61.0,61.0,0.00098,MCV_EXACT
dmv.562,registration_class,IN,SCL,reservoir,100,True,0.0011666666,45.0,45.0,0.0011666666,MCV_EXACT
dmv.562,registration_class,IN,SCL,reservoir,300,True,0.00086666667,51.0,51.0,0.00086666667,MCV_EXACT
dmv.562,registration_class,IN,SCL,reservoir,1000,True,0.00097,62.0,62.0,0.00097,MCV_EXACT
dmv.562,registration_class,IN,SPC,native,100,True,0.00073333335,47.0,47.0,0.00073333335,MCV_EXACT
dmv.562,registration_class,IN,SPC,native,300,True,0.0009888889,53.0,53.0,0.0009888889,MCV_EXACT
dmv.562,registration_class,IN,SPC,native,1000,True,0.0009833333,61.0,61.0,0.0009833333,MCV_EXACT
dmv.562,registration_class,IN,SPC,reservoir,100,True,0.0009666667,45.0,45.0,0.0009666667,MCV_EXACT
dmv.562,registration_class,IN,SPC,reservoir,300,True,0.0011111111,51.0,51.0,0.0011111111,MCV_EXACT
dmv.562,registration_class,IN,SPC,reservoir,1000,True,0.0008833333,62.0,62.0,0.0008833333,MCV_EXACT
dmv.562,registration_class,IN,TRC,native,100,True,0.00066666666,47.0,47.0,0.00066666666,MCV_EXACT
dmv.562,registration_class,IN,TRC,native,300,True,0.00084444444,53.0,53.0,0.00084444444,MCV_EXACT
dmv.562,registration_class,IN,TRC,native,1000,True,0.00069,61.0,61.0,0.00069,MCV_EXACT
dmv.562,registration_class,IN,TRC,reservoir,100,True,0.0007,45.0,45.0,0.0007,MCV_EXACT
dmv.562,registration_class,IN,TRC,reservoir,300,True,0.00086666667,51.0,51.0,0.00086666667,MCV_EXACT
dmv.562,registration_class,IN,TRC,reservoir,1000,True,0.00072666665,62.0,62.0,0.00072666665,MCV_EXACT
dmv.562,registration_class,IN,OML,native,100,True,0.0009,47.0,47.0,0.0009,MCV_EXACT
dmv.562,registration_class,IN,OML,native,300,True,0.00087777775,53.0,53.0,0.00087777775,MCV_EXACT
dmv.562,registration_class,IN,OML,native,1000,True,0.0009433333,61.0,61.0,0.0009433333,MCV_EXACT
dmv.562,registration_class,IN,OML,reservoir,100,True,0.00076666666,45.0,45.0,0.00076666666,MCV_EXACT
dmv.562,registration_class,IN,OML,reservoir,300,True,0.0009888889,51.0,51.0,0.0009888889,MCV_EXACT
dmv.562,registration_class,IN,OML,reservoir,1000,True,0.0010533333,62.0,62.0,0.0010533333,MCV_EXACT
dmv.562,registration_class,IN,LMB,native,100,True,0.0004,47.0,47.0,0.0004,MCV_EXACT
dmv.562,registration_class,IN,LMB,native,300,True,0.00045555556,53.0,53.0,0.00045555556,MCV_EXACT
dmv.562,registration_class,IN,LMB,native,1000,True,0.00044333332,61.0,61.0,0.00044333332,MCV_EXACT
dmv.562,registration_class,IN,LMB,reservoir,100,True,0.00046666668,45.0,45.0,0.00046666668,MCV_EXACT
dmv.562,registration_class,IN,LMB,reservoir,300,True,0.00056666665,51.0,51.0,0.00056666665,MCV_EXACT
dmv.562,registration_class,IN,LMB,reservoir,1000,True,0.00052,62.0,62.0,0.00052,MCV_EXACT
dmv.562,registration_class,IN,TOW,native,100,True,0.0007,47.0,47.0,0.0007,MCV_EXACT
dmv.562,registration_class,IN,TOW,native,300,True,0.0005111111,53.0,53.0,0.0005111111,MCV_EXACT
dmv.562,registration_class,IN,TOW,native,1000,True,0.00059333333,61.0,61.0,0.00059333333,MCV_EXACT
dmv.562,registration_class,IN,TOW,reservoir,100,True,0.00053333334,45.0,45.0,0.00053333334,MCV_EXACT
dmv.562,registration_class,IN,TOW,reservoir,300,True,0.00064444443,51.0,51.0,0.00064444443,MCV_EXACT
dmv.562,registration_class,IN,TOW,reservoir,1000,True,0.0005833333,62.0,62.0,0.0005833333,MCV_EXACT
dmv.562,registration_class,IN,ORC,native,100,False,,47.0,47.0,0.02127659574468085,MCV_MISS_NDISTINCT_FALLBACK
dmv.562,registration_class,IN,ORC,native,300,True,0.00055555557,53.0,53.0,0.00055555557,MCV_EXACT
dmv.562,registration_class,IN,ORC,native,1000,True,0.00042666667,61.0,61.0,0.00042666667,MCV_EXACT
dmv.562,registration_class,IN,ORC,reservoir,100,True,0.00053333334,45.0,45.0,0.00053333334,MCV_EXACT
dmv.562,registration_class,IN,ORC,reservoir,300,True,0.0004,51.0,51.0,0.0004,MCV_EXACT
dmv.562,registration_class,IN,ORC,reservoir,1000,True,0.00043666665,62.0,62.0,0.00043666665,MCV_EXACT
dmv.562,state,IN,CA,native,100,False,,34.0,34.0,0.029411764705882353,MCV_MISS_NDISTINCT_FALLBACK
dmv.562,state,IN,CA,native,300,True,0.00026666667,43.0,43.0,0.00026666667,MCV_EXACT
dmv.562,state,IN,CA,native,1000,True,0.00023,57.0,57.0,0.00023,MCV_EXACT
dmv.562,state,IN,CA,reservoir,100,False,,36.0,36.0,0.027777777777777776,MCV_MISS_NDISTINCT_FALLBACK
dmv.562,state,IN,CA,reservoir,300,True,0.0002,47.0,47.0,0.0002,MCV_EXACT
dmv.562,state,IN,CA,reservoir,1000,True,0.00020666666,56.0,56.0,0.00020666666,MCV_EXACT
dmv.562,state,IN,VA,native,100,False,,34.0,34.0,0.029411764705882353,MCV_MISS_NDISTINCT_FALLBACK
dmv.562,state,IN,VA,native,300,False,,43.0,43.0,0.023255813953488372,MCV_MISS_NDISTINCT_FALLBACK
dmv.562,state,IN,VA,native,1000,True,0.00013333333,57.0,57.0,0.00013333333,MCV_EXACT
dmv.562,state,IN,VA,reservoir,100,False,,36.0,36.0,0.027777777777777776,MCV_MISS_NDISTINCT_FALLBACK
dmv.562,state,IN,VA,reservoir,300,True,0.00017777778,47.0,47.0,0.00017777778,MCV_EXACT
dmv.562,state,IN,VA,reservoir,1000,True,0.00014,56.0,56.0,0.00014,MCV_EXACT
dmv.562,state,IN,NC,native,100,False,,34.0,34.0,0.029411764705882353,MCV_MISS_NDISTINCT_FALLBACK
dmv.562,state,IN,NC,native,300,True,0.00014444445,43.0,43.0,0.00014444445,MCV_EXACT
dmv.562,state,IN,NC,native,1000,True,0.00018666667,57.0,57.0,0.00018666667,MCV_EXACT
dmv.562,state,IN,NC,reservoir,100,False,,36.0,36.0,0.027777777777777776,MCV_MISS_NDISTINCT_FALLBACK
dmv.562,state,IN,NC,reservoir,300,True,0.0001888889,47.0,47.0,0.0001888889,MCV_EXACT
dmv.562,state,IN,NC,reservoir,1000,True,0.00013333333,56.0,56.0,0.00013333333,MCV_EXACT
dmv.562,state,IN,TN,native,100,False,,34.0,34.0,0.029411764705882353,MCV_MISS_NDISTINCT_FALLBACK
dmv.562,state,IN,TN,native,300,False,,43.0,43.0,0.023255813953488372,MCV_MISS_NDISTINCT_FALLBACK
dmv.562,state,IN,TN,native,1000,True,0.00011666667,57.0,57.0,0.00011666667,MCV_EXACT
dmv.562,state,IN,TN,reservoir,100,False,,36.0,36.0,0.027777777777777776,MCV_MISS_NDISTINCT_FALLBACK
dmv.562,state,IN,TN,reservoir,300,True,0.00012222222,47.0,47.0,0.00012222222,MCV_EXACT
dmv.562,state,IN,TN,reservoir,1000,True,0.00010666667,56.0,56.0,0.00010666667,MCV_EXACT
dmv.562,state,IN,NH,native,100,False,,34.0,34.0,0.029411764705882353,MCV_MISS_NDISTINCT_FALLBACK
dmv.562,state,IN,NH,native,300,False,,43.0,43.0,0.023255813953488372,MCV_MISS_NDISTINCT_FALLBACK
dmv.562,state,IN,NH,native,1000,True,6e-05,57.0,57.0,6e-05,MCV_EXACT
dmv.562,state,IN,NH,reservoir,100,False,,36.0,36.0,0.027777777777777776,MCV_MISS_NDISTINCT_FALLBACK
dmv.562,state,IN,NH,reservoir,300,False,,47.0,47.0,0.02127659574468085,MCV_MISS_NDISTINCT_FALLBACK
dmv.562,state,IN,NH,reservoir,1000,True,8e-05,56.0,56.0,8e-05,MCV_EXACT
dmv.562,state,IN,AL,native,100,False,,34.0,34.0,0.029411764705882353,MCV_MISS_NDISTINCT_FALLBACK
dmv.562,state,IN,AL,native,300,False,,43.0,43.0,0.023255813953488372,MCV_MISS_NDISTINCT_FALLBACK
dmv.562,state,IN,AL,native,1000,True,4.3333333e-05,57.0,57.0,4.3333333e-05,MCV_EXACT
dmv.562,state,IN,AL,reservoir,100,False,,36.0,36.0,0.027777777777777776,MCV_MISS_NDISTINCT_FALLBACK
dmv.562,state,IN,AL,reservoir,300,False,,47.0,47.0,0.02127659574468085,MCV_MISS_NDISTINCT_FALLBACK
dmv.562,state,IN,AL,reservoir,1000,True,7.3333336e-05,56.0,56.0,7.3333336e-05,MCV_EXACT
dmv.562,state,IN,VT,native,100,False,,34.0,34.0,0.029411764705882353,MCV_MISS_NDISTINCT_FALLBACK
dmv.562,state,IN,VT,native,300,False,,43.0,43.0,0.023255813953488372,MCV_MISS_NDISTINCT_FALLBACK
dmv.562,state,IN,VT,native,1000,True,6e-05,57.0,57.0,6e-05,MCV_EXACT
dmv.562,state,IN,VT,reservoir,100,False,,36.0,36.0,0.027777777777777776,MCV_MISS_NDISTINCT_FALLBACK
dmv.562,state,IN,VT,reservoir,300,True,0.0001,47.0,47.0,0.0001,MCV_EXACT
dmv.562,state,IN,VT,reservoir,1000,True,6.666667e-05,56.0,56.0,6.666667e-05,MCV_EXACT
dmv.562,state,IN,SC,native,100,False,,34.0,34.0,0.029411764705882353,MCV_MISS_NDISTINCT_FALLBACK
dmv.562,state,IN,SC,native,300,False,,43.0,43.0,0.023255813953488372,MCV_MISS_NDISTINCT_FALLBACK
dmv.562,state,IN,SC,native,1000,True,7.666666e-05,57.0,57.0,7.666666e-05,MCV_EXACT
dmv.562,state,IN,SC,reservoir,100,False,,36.0,36.0,0.027777777777777776,MCV_MISS_NDISTINCT_FALLBACK
dmv.562,state,IN,SC,reservoir,300,False,,47.0,47.0,0.02127659574468085,MCV_MISS_NDISTINCT_FALLBACK
dmv.562,state,IN,SC,reservoir,1000,True,6e-05,56.0,56.0,6e-05,MCV_EXACT
dmv.562,state,IN,MO,native,100,False,,34.0,34.0,0.029411764705882353,MCV_MISS_NDISTINCT_FALLBACK
dmv.562,state,IN,MO,native,300,False,,43.0,43.0,0.023255813953488372,MCV_MISS_NDISTINCT_FALLBACK
dmv.562,state,IN,MO,native,1000,True,5.6666668e-05,57.0,57.0,5.6666668e-05,MCV_EXACT
dmv.562,state,IN,MO,reservoir,100,False,,36.0,36.0,0.027777777777777776,MCV_MISS_NDISTINCT_FALLBACK
dmv.562,state,IN,MO,reservoir,300,False,,47.0,47.0,0.02127659574468085,MCV_MISS_NDISTINCT_FALLBACK
dmv.562,state,IN,MO,reservoir,1000,True,4.6666668e-05,56.0,56.0,4.6666668e-05,MCV_EXACT
dmv.562,state,IN,MN,native,100,False,,34.0,34.0,0.029411764705882353,MCV_MISS_NDISTINCT_FALLBACK
dmv.562,state,IN,MN,native,300,False,,43.0,43.0,0.023255813953488372,MCV_MISS_NDISTINCT_FALLBACK
dmv.562,state,IN,MN,native,1000,True,7.3333336e-05,57.0,57.0,7.3333336e-05,MCV_EXACT
dmv.562,state,IN,MN,reservoir,100,False,,36.0,36.0,0.027777777777777776,MCV_MISS_NDISTINCT_FALLBACK
dmv.562,state,IN,MN,reservoir,300,False,,47.0,47.0,0.02127659574468085,MCV_MISS_NDISTINCT_FALLBACK
dmv.562,state,IN,MN,reservoir,1000,True,8.333333e-05,56.0,56.0,8.333333e-05,MCV_EXACT
dmv.562,state,IN,CO,native,100,False,,34.0,34.0,0.029411764705882353,MCV_MISS_NDISTINCT_FALLBACK
dmv.562,state,IN,CO,native,300,False,,43.0,43.0,0.023255813953488372,MCV_MISS_NDISTINCT_FALLBACK
dmv.562,state,IN,CO,native,1000,False,,57.0,57.0,0.017543859649122806,MCV_MISS_NDISTINCT_FALLBACK
dmv.562,state,IN,CO,reservoir,100,False,,36.0,36.0,0.027777777777777776,MCV_MISS_NDISTINCT_FALLBACK
dmv.562,state,IN,CO,reservoir,300,False,,47.0,47.0,0.02127659574468085,MCV_MISS_NDISTINCT_FALLBACK
dmv.562,state,IN,CO,reservoir,1000,True,4e-05,56.0,56.0,4e-05,MCV_EXACT
dmv.562,state,IN,MI,native,100,False,,34.0,34.0,0.029411764705882353,MCV_MISS_NDISTINCT_FALLBACK
dmv.562,state,IN,MI,native,300,False,,43.0,43.0,0.023255813953488372,MCV_MISS_NDISTINCT_FALLBACK
dmv.562,state,IN,MI,native,1000,True,0.0001,57.0,57.0,0.0001,MCV_EXACT
dmv.562,state,IN,MI,reservoir,100,False,,36.0,36.0,0.027777777777777776,MCV_MISS_NDISTINCT_FALLBACK
dmv.562,state,IN,MI,reservoir,300,True,0.00015555555,47.0,47.0,0.00015555555,MCV_EXACT
dmv.562,state,IN,MI,reservoir,1000,True,9e-05,56.0,56.0,9e-05,MCV_EXACT
dmv.562,state,IN,DE,native,100,False,,34.0,34.0,0.029411764705882353,MCV_MISS_NDISTINCT_FALLBACK
dmv.562,state,IN,DE,native,300,False,,43.0,43.0,0.023255813953488372,MCV_MISS_NDISTINCT_FALLBACK
dmv.562,state,IN,DE,native,1000,False,,57.0,57.0,0.017543859649122806,MCV_MISS_NDISTINCT_FALLBACK
dmv.562,state,IN,DE,reservoir,100,False,,36.0,36.0,0.027777777777777776,MCV_MISS_NDISTINCT_FALLBACK
dmv.562,state,IN,DE,reservoir,300,False,,47.0,47.0,0.02127659574468085,MCV_MISS_NDISTINCT_FALLBACK
dmv.562,state,IN,DE,reservoir,1000,True,6.333333e-05,56.0,56.0,6.333333e-05,MCV_EXACT
dmv.562,state,IN,WA,native,100,False,,34.0,34.0,0.029411764705882353,MCV_MISS_NDISTINCT_FALLBACK
dmv.562,state,IN,WA,native,300,False,,43.0,43.0,0.023255813953488372,MCV_MISS_NDISTINCT_FALLBACK
dmv.562,state,IN,WA,native,1000,False,,57.0,57.0,0.017543859649122806,MCV_MISS_NDISTINCT_FALLBACK
dmv.562,state,IN,WA,reservoir,100,False,,36.0,36.0,0.027777777777777776,MCV_MISS_NDISTINCT_FALLBACK
dmv.562,state,IN,WA,reservoir,300,False,,47.0,47.0,0.02127659574468085,MCV_MISS_NDISTINCT_FALLBACK
dmv.562,state,IN,WA,reservoir,1000,False,,56.0,56.0,0.017857142857142856,MCV_MISS_NDISTINCT_FALLBACK
dmv.562,state,IN,NT,native,100,False,,34.0,34.0,0.029411764705882353,MCV_MISS_NDISTINCT_FALLBACK
dmv.562,state,IN,NT,native,300,False,,43.0,43.0,0.023255813953488372,MCV_MISS_NDISTINCT_FALLBACK
dmv.562,state,IN,NT,native,1000,True,3.6666668e-05,57.0,57.0,3.6666668e-05,MCV_EXACT
dmv.562,state,IN,NT,reservoir,100,False,,36.0,36.0,0.027777777777777776,MCV_MISS_NDISTINCT_FALLBACK
dmv.562,state,IN,NT,reservoir,300,False,,47.0,47.0,0.02127659574468085,MCV_MISS_NDISTINCT_FALLBACK
dmv.562,state,IN,NT,reservoir,1000,False,,56.0,56.0,0.017857142857142856,MCV_MISS_NDISTINCT_FALLBACK
dmv.562,state,IN,RI,native,100,False,,34.0,34.0,0.029411764705882353,MCV_MISS_NDISTINCT_FALLBACK
dmv.562,state,IN,RI,native,300,False,,43.0,43.0,0.023255813953488372,MCV_MISS_NDISTINCT_FALLBACK
dmv.562,state,IN,RI,native,1000,False,,57.0,57.0,0.017543859649122806,MCV_MISS_NDISTINCT_FALLBACK
dmv.562,state,IN,RI,reservoir,100,False,,36.0,36.0,0.027777777777777776,MCV_MISS_NDISTINCT_FALLBACK
dmv.562,state,IN,RI,reservoir,300,False,,47.0,47.0,0.02127659574468085,MCV_MISS_NDISTINCT_FALLBACK
dmv.562,state,IN,RI,reservoir,1000,True,4.6666668e-05,56.0,56.0,4.6666668e-05,MCV_EXACT
dmv.562,state,IN,AR,native,100,False,,34.0,34.0,0.029411764705882353,MCV_MISS_NDISTINCT_FALLBACK
dmv.562,state,IN,AR,native,300,False,,43.0,43.0,0.023255813953488372,MCV_MISS_NDISTINCT_FALLBACK
dmv.562,state,IN,AR,native,1000,False,,57.0,57.0,0.017543859649122806,MCV_MISS_NDISTINCT_FALLBACK
dmv.562,state,IN,AR,reservoir,100,False,,36.0,36.0,0.027777777777777776,MCV_MISS_NDISTINCT_FALLBACK
dmv.562,state,IN,AR,reservoir,300,False,,47.0,47.0,0.02127659574468085,MCV_MISS_NDISTINCT_FALLBACK
dmv.562,state,IN,AR,reservoir,1000,False,,56.0,56.0,0.017857142857142856,MCV_MISS_NDISTINCT_FALLBACK
dmv.562,state,IN,NV,native,100,False,,34.0,34.0,0.029411764705882353,MCV_MISS_NDISTINCT_FALLBACK
dmv.562,state,IN,NV,native,300,False,,43.0,43.0,0.023255813953488372,MCV_MISS_NDISTINCT_FALLBACK
dmv.562,state,IN,NV,native,1000,False,,57.0,57.0,0.017543859649122806,MCV_MISS_NDISTINCT_FALLBACK
dmv.562,state,IN,NV,reservoir,100,False,,36.0,36.0,0.027777777777777776,MCV_MISS_NDISTINCT_FALLBACK
dmv.562,state,IN,NV,reservoir,300,False,,47.0,47.0,0.02127659574468085,MCV_MISS_NDISTINCT_FALLBACK
dmv.562,state,IN,NV,reservoir,1000,False,,56.0,56.0,0.017857142857142856,MCV_MISS_NDISTINCT_FALLBACK
dmv.562,state,IN,ME,native,100,False,,34.0,34.0,0.029411764705882353,MCV_MISS_NDISTINCT_FALLBACK
dmv.562,state,IN,ME,native,300,False,,43.0,43.0,0.023255813953488372,MCV_MISS_NDISTINCT_FALLBACK
dmv.562,state,IN,ME,native,1000,False,,57.0,57.0,0.017543859649122806,MCV_MISS_NDISTINCT_FALLBACK
dmv.562,state,IN,ME,reservoir,100,False,,36.0,36.0,0.027777777777777776,MCV_MISS_NDISTINCT_FALLBACK
dmv.562,state,IN,ME,reservoir,300,False,,47.0,47.0,0.02127659574468085,MCV_MISS_NDISTINCT_FALLBACK
dmv.562,state,IN,ME,reservoir,1000,False,,56.0,56.0,0.017857142857142856,MCV_MISS_NDISTINCT_FALLBACK
dmv.562,state,IN,KY,native,100,False,,34.0,34.0,0.029411764705882353,MCV_MISS_NDISTINCT_FALLBACK
dmv.562,state,IN,KY,native,300,False,,43.0,43.0,0.023255813953488372,MCV_MISS_NDISTINCT_FALLBACK
dmv.562,state,IN,KY,native,1000,False,,57.0,57.0,0.017543859649122806,MCV_MISS_NDISTINCT_FALLBACK
dmv.562,state,IN,KY,reservoir,100,False,,36.0,36.0,0.027777777777777776,MCV_MISS_NDISTINCT_FALLBACK
dmv.562,state,IN,KY,reservoir,300,False,,47.0,47.0,0.02127659574468085,MCV_MISS_NDISTINCT_FALLBACK
dmv.562,state,IN,KY,reservoir,1000,False,,56.0,56.0,0.017857142857142856,MCV_MISS_NDISTINCT_FALLBACK
dmv.562,state,IN,DC,native,100,False,,34.0,34.0,0.029411764705882353,MCV_MISS_NDISTINCT_FALLBACK
dmv.562,state,IN,DC,native,300,False,,43.0,43.0,0.023255813953488372,MCV_MISS_NDISTINCT_FALLBACK
dmv.562,state,IN,DC,native,1000,False,,57.0,57.0,0.017543859649122806,MCV_MISS_NDISTINCT_FALLBACK
dmv.562,state,IN,DC,reservoir,100,False,,36.0,36.0,0.027777777777777776,MCV_MISS_NDISTINCT_FALLBACK
dmv.562,state,IN,DC,reservoir,300,False,,47.0,47.0,0.02127659574468085,MCV_MISS_NDISTINCT_FALLBACK
dmv.562,state,IN,DC,reservoir,1000,False,,56.0,56.0,0.017857142857142856,MCV_MISS_NDISTINCT_FALLBACK
dmv.562,state,IN,WV,native,100,False,,34.0,34.0,0.029411764705882353,MCV_MISS_NDISTINCT_FALLBACK
dmv.562,state,IN,WV,native,300,False,,43.0,43.0,0.023255813953488372,MCV_MISS_NDISTINCT_FALLBACK
dmv.562,state,IN,WV,native,1000,False,,57.0,57.0,0.017543859649122806,MCV_MISS_NDISTINCT_FALLBACK
dmv.562,state,IN,WV,reservoir,100,False,,36.0,36.0,0.027777777777777776,MCV_MISS_NDISTINCT_FALLBACK
dmv.562,state,IN,WV,reservoir,300,False,,47.0,47.0,0.02127659574468085,MCV_MISS_NDISTINCT_FALLBACK
dmv.562,state,IN,WV,reservoir,1000,False,,56.0,56.0,0.017857142857142856,MCV_MISS_NDISTINCT_FALLBACK
dmv.562,state,IN,UT,native,100,False,,34.0,34.0,0.029411764705882353,MCV_MISS_NDISTINCT_FALLBACK
dmv.562,state,IN,UT,native,300,False,,43.0,43.0,0.023255813953488372,MCV_MISS_NDISTINCT_FALLBACK
dmv.562,state,IN,UT,native,1000,False,,57.0,57.0,0.017543859649122806,MCV_MISS_NDISTINCT_FALLBACK
dmv.562,state,IN,UT,reservoir,100,False,,36.0,36.0,0.027777777777777776,MCV_MISS_NDISTINCT_FALLBACK
dmv.562,state,IN,UT,reservoir,300,False,,47.0,47.0,0.02127659574468085,MCV_MISS_NDISTINCT_FALLBACK
dmv.562,state,IN,UT,reservoir,1000,False,,56.0,56.0,0.017857142857142856,MCV_MISS_NDISTINCT_FALLBACK
dmv.562,state,IN,KS,native,100,False,,34.0,34.0,0.029411764705882353,MCV_MISS_NDISTINCT_FALLBACK
dmv.562,state,IN,KS,native,300,False,,43.0,43.0,0.023255813953488372,MCV_MISS_NDISTINCT_FALLBACK
dmv.562,state,IN,KS,native,1000,False,,57.0,57.0,0.017543859649122806,MCV_MISS_NDISTINCT_FALLBACK
dmv.562,state,IN,KS,reservoir,100,False,,36.0,36.0,0.027777777777777776,MCV_MISS_NDISTINCT_FALLBACK
dmv.562,state,IN,KS,reservoir,300,False,,47.0,47.0,0.02127659574468085,MCV_MISS_NDISTINCT_FALLBACK
dmv.562,state,IN,KS,reservoir,1000,False,,56.0,56.0,0.017857142857142856,MCV_MISS_NDISTINCT_FALLBACK
dmv.562,state,IN,LA,native,100,False,,34.0,34.0,0.029411764705882353,MCV_MISS_NDISTINCT_FALLBACK
dmv.562,state,IN,LA,native,300,False,,43.0,43.0,0.023255813953488372,MCV_MISS_NDISTINCT_FALLBACK
dmv.562,state,IN,LA,native,1000,False,,57.0,57.0,0.017543859649122806,MCV_MISS_NDISTINCT_FALLBACK
dmv.562,state,IN,LA,reservoir,100,False,,36.0,36.0,0.027777777777777776,MCV_MISS_NDISTINCT_FALLBACK
dmv.562,state,IN,LA,reservoir,300,False,,47.0,47.0,0.02127659574468085,MCV_MISS_NDISTINCT_FALLBACK
dmv.562,state,IN,LA,reservoir,1000,False,,56.0,56.0,0.017857142857142856,MCV_MISS_NDISTINCT_FALLBACK
dmv.562,state,IN,ON,native,100,False,,34.0,34.0,0.029411764705882353,MCV_MISS_NDISTINCT_FALLBACK
dmv.562,state,IN,ON,native,300,False,,43.0,43.0,0.023255813953488372,MCV_MISS_NDISTINCT_FALLBACK
dmv.562,state,IN,ON,native,1000,False,,57.0,57.0,0.017543859649122806,MCV_MISS_NDISTINCT_FALLBACK
dmv.562,state,IN,ON,reservoir,100,False,,36.0,36.0,0.027777777777777776,MCV_MISS_NDISTINCT_FALLBACK
dmv.562,state,IN,ON,reservoir,300,False,,47.0,47.0,0.02127659574468085,MCV_MISS_NDISTINCT_FALLBACK
dmv.562,state,IN,ON,reservoir,1000,False,,56.0,56.0,0.017857142857142856,MCV_MISS_NDISTINCT_FALLBACK
dmv.562,state,IN,NM,native,100,False,,34.0,34.0,0.029411764705882353,MCV_MISS_NDISTINCT_FALLBACK
dmv.562,state,IN,NM,native,300,False,,43.0,43.0,0.023255813953488372,MCV_MISS_NDISTINCT_FALLBACK
dmv.562,state,IN,NM,native,1000,False,,57.0,57.0,0.017543859649122806,MCV_MISS_NDISTINCT_FALLBACK
dmv.562,state,IN,NM,reservoir,100,False,,36.0,36.0,0.027777777777777776,MCV_MISS_NDISTINCT_FALLBACK
dmv.562,state,IN,NM,reservoir,300,False,,47.0,47.0,0.02127659574468085,MCV_MISS_NDISTINCT_FALLBACK
dmv.562,state,IN,NM,reservoir,1000,False,,56.0,56.0,0.017857142857142856,MCV_MISS_NDISTINCT_FALLBACK
dmv.562,state,IN,NU,native,100,False,,34.0,34.0,0.029411764705882353,MCV_MISS_NDISTINCT_FALLBACK
dmv.562,state,IN,NU,native,300,False,,43.0,43.0,0.023255813953488372,MCV_MISS_NDISTINCT_FALLBACK
dmv.562,state,IN,NU,native,1000,False,,57.0,57.0,0.017543859649122806,MCV_MISS_NDISTINCT_FALLBACK
dmv.562,state,IN,NU,reservoir,100,False,,36.0,36.0,0.027777777777777776,MCV_MISS_NDISTINCT_FALLBACK
dmv.562,state,IN,NU,reservoir,300,False,,47.0,47.0,0.02127659574468085,MCV_MISS_NDISTINCT_FALLBACK
dmv.562,state,IN,NU,reservoir,1000,False,,56.0,56.0,0.017857142857142856,MCV_MISS_NDISTINCT_FALLBACK
dmv.562,state,IN,MT,native,100,False,,34.0,34.0,0.029411764705882353,MCV_MISS_NDISTINCT_FALLBACK
dmv.562,state,IN,MT,native,300,False,,43.0,43.0,0.023255813953488372,MCV_MISS_NDISTINCT_FALLBACK
dmv.562,state,IN,MT,native,1000,True,4.6666668e-05,57.0,57.0,4.6666668e-05,MCV_EXACT
dmv.562,state,IN,MT,reservoir,100,False,,36.0,36.0,0.027777777777777776,MCV_MISS_NDISTINCT_FALLBACK
dmv.562,state,IN,MT,reservoir,300,False,,47.0,47.0,0.02127659574468085,MCV_MISS_NDISTINCT_FALLBACK
dmv.562,state,IN,MT,reservoir,1000,True,5.6666668e-05,56.0,56.0,5.6666668e-05,MCV_EXACT
dmv.562,state,IN,OR,native,100,False,,34.0,34.0,0.029411764705882353,MCV_MISS_NDISTINCT_FALLBACK
dmv.562,state,IN,OR,native,300,False,,43.0,43.0,0.023255813953488372,MCV_MISS_NDISTINCT_FALLBACK
dmv.562,state,IN,OR,native,1000,False,,57.0,57.0,0.017543859649122806,MCV_MISS_NDISTINCT_FALLBACK
dmv.562,state,IN,OR,reservoir,100,False,,36.0,36.0,0.027777777777777776,MCV_MISS_NDISTINCT_FALLBACK
dmv.562,state,IN,OR,reservoir,300,False,,47.0,47.0,0.02127659574468085,MCV_MISS_NDISTINCT_FALLBACK
dmv.562,state,IN,OR,reservoir,1000,False,,56.0,56.0,0.017857142857142856,MCV_MISS_NDISTINCT_FALLBACK
dmv.562,state,IN,NE,native,100,False,,34.0,34.0,0.029411764705882353,MCV_MISS_NDISTINCT_FALLBACK
dmv.562,state,IN,NE,native,300,False,,43.0,43.0,0.023255813953488372,MCV_MISS_NDISTINCT_FALLBACK
dmv.562,state,IN,NE,native,1000,False,,57.0,57.0,0.017543859649122806,MCV_MISS_NDISTINCT_FALLBACK
dmv.562,state,IN,NE,reservoir,100,False,,36.0,36.0,0.027777777777777776,MCV_MISS_NDISTINCT_FALLBACK
dmv.562,state,IN,NE,reservoir,300,False,,47.0,47.0,0.02127659574468085,MCV_MISS_NDISTINCT_FALLBACK
dmv.562,state,IN,NE,reservoir,1000,False,,56.0,56.0,0.017857142857142856,MCV_MISS_NDISTINCT_FALLBACK
dmv.562,state,IN,HI,native,100,False,,34.0,34.0,0.029411764705882353,MCV_MISS_NDISTINCT_FALLBACK
dmv.562,state,IN,HI,native,300,False,,43.0,43.0,0.023255813953488372,MCV_MISS_NDISTINCT_FALLBACK
dmv.562,state,IN,HI,native,1000,False,,57.0,57.0,0.017543859649122806,MCV_MISS_NDISTINCT_FALLBACK
dmv.562,state,IN,HI,reservoir,100,False,,36.0,36.0,0.027777777777777776,MCV_MISS_NDISTINCT_FALLBACK
dmv.562,state,IN,HI,reservoir,300,False,,47.0,47.0,0.02127659574468085,MCV_MISS_NDISTINCT_FALLBACK
dmv.562,state,IN,HI,reservoir,1000,False,,56.0,56.0,0.017857142857142856,MCV_MISS_NDISTINCT_FALLBACK
dmv.562,state,IN,IA,native,100,False,,34.0,34.0,0.029411764705882353,MCV_MISS_NDISTINCT_FALLBACK
dmv.562,state,IN,IA,native,300,False,,43.0,43.0,0.023255813953488372,MCV_MISS_NDISTINCT_FALLBACK
dmv.562,state,IN,IA,native,1000,False,,57.0,57.0,0.017543859649122806,MCV_MISS_NDISTINCT_FALLBACK
dmv.562,state,IN,IA,reservoir,100,False,,36.0,36.0,0.027777777777777776,MCV_MISS_NDISTINCT_FALLBACK
dmv.562,state,IN,IA,reservoir,300,False,,47.0,47.0,0.02127659574468085,MCV_MISS_NDISTINCT_FALLBACK
dmv.562,state,IN,IA,reservoir,1000,False,,56.0,56.0,0.017857142857142856,MCV_MISS_NDISTINCT_FALLBACK
dmv.562,state,IN,AK,native,100,False,,34.0,34.0,0.029411764705882353,MCV_MISS_NDISTINCT_FALLBACK
dmv.562,state,IN,AK,native,300,False,,43.0,43.0,0.023255813953488372,MCV_MISS_NDISTINCT_FALLBACK
dmv.562,state,IN,AK,native,1000,False,,57.0,57.0,0.017543859649122806,MCV_MISS_NDISTINCT_FALLBACK
dmv.562,state,IN,AK,reservoir,100,False,,36.0,36.0,0.027777777777777776,MCV_MISS_NDISTINCT_FALLBACK
dmv.562,state,IN,AK,reservoir,300,False,,47.0,47.0,0.02127659574468085,MCV_MISS_NDISTINCT_FALLBACK
dmv.562,state,IN,AK,reservoir,1000,False,,56.0,56.0,0.017857142857142856,MCV_MISS_NDISTINCT_FALLBACK
dmv.562,state,IN,MS,native,100,False,,34.0,34.0,0.029411764705882353,MCV_MISS_NDISTINCT_FALLBACK
dmv.562,state,IN,MS,native,300,False,,43.0,43.0,0.023255813953488372,MCV_MISS_NDISTINCT_FALLBACK
dmv.562,state,IN,MS,native,1000,False,,57.0,57.0,0.017543859649122806,MCV_MISS_NDISTINCT_FALLBACK
dmv.562,state,IN,MS,reservoir,100,False,,36.0,36.0,0.027777777777777776,MCV_MISS_NDISTINCT_FALLBACK
dmv.562,state,IN,MS,reservoir,300,False,,47.0,47.0,0.02127659574468085,MCV_MISS_NDISTINCT_FALLBACK
dmv.562,state,IN,MS,reservoir,1000,False,,56.0,56.0,0.017857142857142856,MCV_MISS_NDISTINCT_FALLBACK
dmv.562,state,IN,SD,native,100,False,,34.0,34.0,0.029411764705882353,MCV_MISS_NDISTINCT_FALLBACK
dmv.562,state,IN,SD,native,300,False,,43.0,43.0,0.023255813953488372,MCV_MISS_NDISTINCT_FALLBACK
dmv.562,state,IN,SD,native,1000,False,,57.0,57.0,0.017543859649122806,MCV_MISS_NDISTINCT_FALLBACK
dmv.562,state,IN,SD,reservoir,100,False,,36.0,36.0,0.027777777777777776,MCV_MISS_NDISTINCT_FALLBACK
dmv.562,state,IN,SD,reservoir,300,False,,47.0,47.0,0.02127659574468085,MCV_MISS_NDISTINCT_FALLBACK
dmv.562,state,IN,SD,reservoir,1000,False,,56.0,56.0,0.017857142857142856,MCV_MISS_NDISTINCT_FALLBACK
dmv.562,state,IN,QC,native,100,False,,34.0,34.0,0.029411764705882353,MCV_MISS_NDISTINCT_FALLBACK
dmv.562,state,IN,QC,native,300,False,,43.0,43.0,0.023255813953488372,MCV_MISS_NDISTINCT_FALLBACK
dmv.562,state,IN,QC,native,1000,False,,57.0,57.0,0.017543859649122806,MCV_MISS_NDISTINCT_FALLBACK
dmv.562,state,IN,QC,reservoir,100,False,,36.0,36.0,0.027777777777777776,MCV_MISS_NDISTINCT_FALLBACK
dmv.562,state,IN,QC,reservoir,300,False,,47.0,47.0,0.02127659574468085,MCV_MISS_NDISTINCT_FALLBACK
dmv.562,state,IN,QC,reservoir,1000,False,,56.0,56.0,0.017857142857142856,MCV_MISS_NDISTINCT_FALLBACK
dmv.562,state,IN,WY,native,100,False,,34.0,34.0,0.029411764705882353,MCV_MISS_NDISTINCT_FALLBACK
dmv.562,state,IN,WY,native,300,False,,43.0,43.0,0.023255813953488372,MCV_MISS_NDISTINCT_FALLBACK
dmv.562,state,IN,WY,native,1000,False,,57.0,57.0,0.017543859649122806,MCV_MISS_NDISTINCT_FALLBACK
dmv.562,state,IN,WY,reservoir,100,False,,36.0,36.0,0.027777777777777776,MCV_MISS_NDISTINCT_FALLBACK
dmv.562,state,IN,WY,reservoir,300,False,,47.0,47.0,0.02127659574468085,MCV_MISS_NDISTINCT_FALLBACK
dmv.562,state,IN,WY,reservoir,1000,False,,56.0,56.0,0.017857142857142856,MCV_MISS_NDISTINCT_FALLBACK
dmv.562,state,IN,ND,native,100,False,,34.0,34.0,0.029411764705882353,MCV_MISS_NDISTINCT_FALLBACK
dmv.562,state,IN,ND,native,300,False,,43.0,43.0,0.023255813953488372,MCV_MISS_NDISTINCT_FALLBACK
dmv.562,state,IN,ND,native,1000,False,,57.0,57.0,0.017543859649122806,MCV_MISS_NDISTINCT_FALLBACK
dmv.562,state,IN,ND,reservoir,100,False,,36.0,36.0,0.027777777777777776,MCV_MISS_NDISTINCT_FALLBACK
dmv.562,state,IN,ND,reservoir,300,False,,47.0,47.0,0.02127659574468085,MCV_MISS_NDISTINCT_FALLBACK
dmv.562,state,IN,ND,reservoir,1000,False,,56.0,56.0,0.017857142857142856,MCV_MISS_NDISTINCT_FALLBACK
dmv.562,county,IN,SULLIVAN,native,100,True,0.0057666665,63.0,63.0,0.0057666665,MCV_EXACT
dmv.562,county,IN,SULLIVAN,native,300,True,0.0064444444,63.0,63.0,0.0064444444,MCV_EXACT
dmv.562,county,IN,SULLIVAN,native,1000,True,0.0058366666,63.0,63.0,0.0058366666,MCV_EXACT
dmv.562,county,IN,SULLIVAN,reservoir,100,True,0.0052,63.0,63.0,0.0052,MCV_EXACT
dmv.562,county,IN,SULLIVAN,reservoir,300,True,0.006055556,63.0,63.0,0.006055556,MCV_EXACT
dmv.562,county,IN,SULLIVAN,reservoir,1000,True,0.0058933333,63.0,63.0,0.0058933333,MCV_EXACT
dmv.562,county,IN,CATTARAUGUS,native,100,True,0.005133333,63.0,63.0,0.005133333,MCV_EXACT
dmv.562,county,IN,CATTARAUGUS,native,300,True,0.0054111113,63.0,63.0,0.0054111113,MCV_EXACT
dmv.562,county,IN,CATTARAUGUS,native,1000,True,0.0054866667,63.0,63.0,0.0054866667,MCV_EXACT
dmv.562,county,IN,CATTARAUGUS,reservoir,100,True,0.005433333,63.0,63.0,0.005433333,MCV_EXACT
dmv.562,county,IN,CATTARAUGUS,reservoir,300,True,0.0052222223,63.0,63.0,0.0052222223,MCV_EXACT
dmv.562,county,IN,CATTARAUGUS,reservoir,1000,True,0.00546,63.0,63.0,0.00546,MCV_EXACT
dmv.562,county,IN,MADISON,native,100,True,0.005,63.0,63.0,0.005,MCV_EXACT
dmv.562,county,IN,MADISON,native,300,True,0.005633333,63.0,63.0,0.005633333,MCV_EXACT
dmv.562,county,IN,MADISON,native,1000,True,0.00545,63.0,63.0,0.00545,MCV_EXACT
dmv.562,county,IN,MADISON,reservoir,100,True,0.005566667,63.0,63.0,0.005566667,MCV_EXACT
dmv.562,county,IN,MADISON,reservoir,300,True,0.0058,63.0,63.0,0.0058,MCV_EXACT
dmv.562,county,IN,MADISON,reservoir,1000,True,0.00566,63.0,63.0,0.00566,MCV_EXACT
dmv.562,county,IN,COLUMBIA,native,100,True,0.0047333334,63.0,63.0,0.0047333334,MCV_EXACT
dmv.562,county,IN,COLUMBIA,native,300,True,0.005266667,63.0,63.0,0.005266667,MCV_EXACT
dmv.562,county,IN,COLUMBIA,native,1000,True,0.00505,63.0,63.0,0.00505,MCV_EXACT
dmv.562,county,IN,COLUMBIA,reservoir,100,True,0.004466667,63.0,63.0,0.004466667,MCV_EXACT
dmv.562,county,IN,COLUMBIA,reservoir,300,True,0.0054555554,63.0,63.0,0.0054555554,MCV_EXACT
dmv.562,county,IN,COLUMBIA,reservoir,1000,True,0.0047933334,63.0,63.0,0.0047933334,MCV_EXACT
dmv.562,county,IN,LIVINGSTON,native,100,True,0.0048,63.0,63.0,0.0048,MCV_EXACT
dmv.562,county,IN,LIVINGSTON,native,300,True,0.0047,63.0,63.0,0.0047,MCV_EXACT
dmv.562,county,IN,LIVINGSTON,native,1000,True,0.00511,63.0,63.0,0.00511,MCV_EXACT
dmv.562,county,IN,LIVINGSTON,reservoir,100,True,0.0056,63.0,63.0,0.0056,MCV_EXACT
dmv.562,county,IN,LIVINGSTON,reservoir,300,True,0.004588889,63.0,63.0,0.004588889,MCV_EXACT
dmv.562,county,IN,LIVINGSTON,reservoir,1000,True,0.00495,63.0,63.0,0.00495,MCV_EXACT
dmv.562,county,IN,WASHINGTON,native,100,True,0.0051666666,63.0,63.0,0.0051666666,MCV_EXACT
dmv.562,county,IN,WASHINGTON,native,300,True,0.005088889,63.0,63.0,0.005088889,MCV_EXACT
dmv.562,county,IN,WASHINGTON,native,1000,True,0.0049666665,63.0,63.0,0.0049666665,MCV_EXACT
dmv.562,county,IN,WASHINGTON,reservoir,100,True,0.005133333,63.0,63.0,0.005133333,MCV_EXACT
dmv.562,county,IN,WASHINGTON,reservoir,300,True,0.005022222,63.0,63.0,0.005022222,MCV_EXACT
dmv.562,county,IN,WASHINGTON,reservoir,1000,True,0.005,63.0,63.0,0.005,MCV_EXACT
dmv.562,county,IN,HERKIMER,native,100,True,0.0048,63.0,63.0,0.0048,MCV_EXACT
dmv.562,county,IN,HERKIMER,native,300,True,0.0045444444,63.0,63.0,0.0045444444,MCV_EXACT
dmv.562,county,IN,HERKIMER,native,1000,True,0.004773333,63.0,63.0,0.004773333,MCV_EXACT
dmv.562,county,IN,HERKIMER,reservoir,100,True,0.0053666667,63.0,63.0,0.0053666667,MCV_EXACT
dmv.562,county,IN,HERKIMER,reservoir,300,True,0.0046,63.0,63.0,0.0046,MCV_EXACT
dmv.562,county,IN,HERKIMER,reservoir,1000,True,0.0048533333,63.0,63.0,0.0048533333,MCV_EXACT
dmv.562,county,IN,GENESEE,native,100,True,0.0040666666,63.0,63.0,0.0040666666,MCV_EXACT
dmv.562,county,IN,GENESEE,native,300,True,0.0044555557,63.0,63.0,0.0044555557,MCV_EXACT
dmv.562,county,IN,GENESEE,native,1000,True,0.00468,63.0,63.0,0.00468,MCV_EXACT
dmv.562,county,IN,GENESEE,reservoir,100,True,0.004,63.0,63.0,0.004,MCV_EXACT
dmv.562,county,IN,GENESEE,reservoir,300,True,0.004222222,63.0,63.0,0.004222222,MCV_EXACT
dmv.562,county,IN,GENESEE,reservoir,1000,True,0.0045633335,63.0,63.0,0.0045633335,MCV_EXACT
dmv.562,county,IN,OTSEGO,native,100,True,0.0043,63.0,63.0,0.0043,MCV_EXACT
dmv.562,county,IN,OTSEGO,native,300,True,0.004388889,63.0,63.0,0.004388889,MCV_EXACT
dmv.562,county,IN,OTSEGO,native,1000,True,0.0046066665,63.0,63.0,0.0046066665,MCV_EXACT
dmv.562,county,IN,OTSEGO,reservoir,100,True,0.0047,63.0,63.0,0.0047,MCV_EXACT
dmv.562,county,IN,OTSEGO,reservoir,300,True,0.0041888887,63.0,63.0,0.0041888887,MCV_EXACT
dmv.562,county,IN,OTSEGO,reservoir,1000,True,0.0044233333,63.0,63.0,0.0044233333,MCV_EXACT
dmv.562,county,IN,FULTON,native,100,True,0.0046666665,63.0,63.0,0.0046666665,MCV_EXACT
dmv.562,county,IN,FULTON,native,300,True,0.004388889,63.0,63.0,0.004388889,MCV_EXACT
dmv.562,county,IN,FULTON,native,1000,True,0.00438,63.0,63.0,0.00438,MCV_EXACT
dmv.562,county,IN,FULTON,reservoir,100,True,0.0045,63.0,63.0,0.0045,MCV_EXACT
dmv.562,county,IN,FULTON,reservoir,300,True,0.0043222224,63.0,63.0,0.0043222224,MCV_EXACT
dmv.562,county,IN,FULTON,reservoir,1000,True,0.0043766666,63.0,63.0,0.0043766666,MCV_EXACT
dmv.562,county,IN,GREENE,native,100,True,0.004033333,63.0,63.0,0.004033333,MCV_EXACT
dmv.562,county,IN,GREENE,native,300,True,0.0040111113,63.0,63.0,0.0040111113,MCV_EXACT
dmv.562,county,IN,GREENE,native,1000,True,0.0041166665,63.0,63.0,0.0041166665,MCV_EXACT
dmv.562,county,IN,GREENE,reservoir,100,True,0.0043,63.0,63.0,0.0043,MCV_EXACT
dmv.562,county,IN,GREENE,reservoir,300,True,0.0044222223,63.0,63.0,0.0044222223,MCV_EXACT
dmv.562,county,IN,GREENE,reservoir,1000,True,0.00428,63.0,63.0,0.00428,MCV_EXACT
dmv.562,county,IN,FRANKLIN,native,100,True,0.0029666666,63.0,63.0,0.0029666666,MCV_EXACT
dmv.562,county,IN,FRANKLIN,native,300,True,0.004022222,63.0,63.0,0.004022222,MCV_EXACT
dmv.562,county,IN,FRANKLIN,native,1000,True,0.0039233332,63.0,63.0,0.0039233332,MCV_EXACT
dmv.562,county,IN,FRANKLIN,reservoir,100,True,0.0031,63.0,63.0,0.0031,MCV_EXACT
dmv.562,county,IN,FRANKLIN,reservoir,300,True,0.0034111112,63.0,63.0,0.0034111112,MCV_EXACT
dmv.562,county,IN,FRANKLIN,reservoir,1000,True,0.00386,63.0,63.0,0.00386,MCV_EXACT
dmv.562,county,IN,MONTGOMERY,native,100,True,0.004166667,63.0,63.0,0.004166667,MCV_EXACT
dmv.562,county,IN,MONTGOMERY,native,300,True,0.0040666666,63.0,63.0,0.0040666666,MCV_EXACT
dmv.562,county,IN,MONTGOMERY,native,1000,True,0.0040866667,63.0,63.0,0.0040866667,MCV_EXACT
dmv.562,county,IN,MONTGOMERY,reservoir,100,True,0.0038333333,63.0,63.0,0.0038333333,MCV_EXACT
dmv.562,county,IN,MONTGOMERY,reservoir,300,True,0.0042444444,63.0,63.0,0.0042444444,MCV_EXACT
dmv.562,county,IN,MONTGOMERY,reservoir,1000,True,0.0038033333,63.0,63.0,0.0038033333,MCV_EXACT
dmv.562,county,IN,CHENANGO,native,100,True,0.0041333335,63.0,63.0,0.0041333335,MCV_EXACT
dmv.562,county,IN,CHENANGO,native,300,True,0.0037111111,63.0,63.0,0.0037111111,MCV_EXACT
dmv.562,county,IN,CHENANGO,native,1000,True,0.0038466668,63.0,63.0,0.0038466668,MCV_EXACT
dmv.562,county,IN,CHENANGO,reservoir,100,True,0.0031333333,63.0,63.0,0.0031333333,MCV_EXACT
dmv.562,county,IN,CHENANGO,reservoir,300,True,0.0039555556,63.0,63.0,0.0039555556,MCV_EXACT
dmv.562,county,IN,CHENANGO,reservoir,1000,True,0.0037133333,63.0,63.0,0.0037133333,MCV_EXACT
dmv.562,county,IN,TIOGA,native,100,True,0.0048,63.0,63.0,0.0048,MCV_EXACT
dmv.562,county,IN,TIOGA,native,300,True,0.0038333333,63.0,63.0,0.0038333333,MCV_EXACT
dmv.562,county,IN,TIOGA,native,1000,True,0.0039433334,63.0,63.0,0.0039433334,MCV_EXACT
dmv.562,county,IN,TIOGA,reservoir,100,True,0.0040666666,63.0,63.0,0.0040666666,MCV_EXACT
dmv.562,county,IN,TIOGA,reservoir,300,True,0.003788889,63.0,63.0,0.003788889,MCV_EXACT
dmv.562,county,IN,TIOGA,reservoir,1000,True,0.0036533333,63.0,63.0,0.0036533333,MCV_EXACT
dmv.562,county,IN,DELAWARE,native,100,True,0.0042,63.0,63.0,0.0042,MCV_EXACT
dmv.562,county,IN,DELAWARE,native,300,True,0.0039,63.0,63.0,0.0039,MCV_EXACT
dmv.562,county,IN,DELAWARE,native,1000,True,0.0037966666,63.0,63.0,0.0037966666,MCV_EXACT
dmv.562,county,IN,DELAWARE,reservoir,100,True,0.0034666667,63.0,63.0,0.0034666667,MCV_EXACT
dmv.562,county,IN,DELAWARE,reservoir,300,True,0.0038666667,63.0,63.0,0.0038666667,MCV_EXACT
dmv.562,county,IN,DELAWARE,reservoir,1000,True,0.00369,63.0,63.0,0.00369,MCV_EXACT
dmv.562,county,IN,WYOMING,native,100,True,0.0032666668,63.0,63.0,0.0032666668,MCV_EXACT
dmv.562,county,IN,WYOMING,native,300,True,0.0034222223,63.0,63.0,0.0034222223,MCV_EXACT
dmv.562,county,IN,WYOMING,native,1000,True,0.0032933333,63.0,63.0,0.0032933333,MCV_EXACT
dmv.562,county,IN,WYOMING,reservoir,100,True,0.0032666668,63.0,63.0,0.0032666668,MCV_EXACT
dmv.562,county,IN,WYOMING,reservoir,300,True,0.0036555557,63.0,63.0,0.0036555557,MCV_EXACT
dmv.562,county,IN,WYOMING,reservoir,1000,True,0.0034566666,63.0,63.0,0.0034566666,MCV_EXACT
dmv.562,county,IN,ALLEGANY,native,100,True,0.0036666666,63.0,63.0,0.0036666666,MCV_EXACT
dmv.562,county,IN,ALLEGANY,native,300,True,0.0033444446,63.0,63.0,0.0033444446,MCV_EXACT
dmv.562,county,IN,ALLEGANY,native,1000,True,0.0032466666,63.0,63.0,0.0032466666,MCV_EXACT
dmv.562,county,IN,ALLEGANY,reservoir,100,True,0.0033333334,63.0,63.0,0.0033333334,MCV_EXACT
dmv.562,county,IN,ALLEGANY,reservoir,300,True,0.0031222221,63.0,63.0,0.0031222221,MCV_EXACT
dmv.562,county,IN,ALLEGANY,reservoir,1000,True,0.00311,63.0,63.0,0.00311,MCV_EXACT
dmv.562,county,IN,CORTLAND,native,100,True,0.0035,63.0,63.0,0.0035,MCV_EXACT
dmv.562,county,IN,CORTLAND,native,300,True,0.0031,63.0,63.0,0.0031,MCV_EXACT
dmv.562,county,IN,CORTLAND,native,1000,True,0.0031233334,63.0,63.0,0.0031233334,MCV_EXACT
dmv.562,county,IN,CORTLAND,reservoir,100,True,0.0033666666,63.0,63.0,0.0033666666,MCV_EXACT
dmv.562,county,IN,CORTLAND,reservoir,300,True,0.0030777778,63.0,63.0,0.0030777778,MCV_EXACT
dmv.562,county,IN,CORTLAND,reservoir,1000,True,0.0032766666,63.0,63.0,0.0032766666,MCV_EXACT
dmv.562,body_type,IN,SUBN,native,100,True,0.41933334,44.0,44.0,0.41933334,MCV_EXACT
dmv.562,body_type,IN,SUBN,native,300,True,0.41893333,51.0,51.0,0.41893333,MCV_EXACT
dmv.562,body_type,IN,SUBN,native,1000,True,0.41974333,57.0,57.0,0.41974333,MCV_EXACT
dmv.562,body_type,IN,SUBN,reservoir,100,True,0.41733333,44.0,44.0,0.41733333,MCV_EXACT
dmv.562,body_type,IN,SUBN,reservoir,300,True,0.41766667,51.0,51.0,0.41766667,MCV_EXACT
dmv.562,body_type,IN,SUBN,reservoir,1000,True,0.42038,55.0,55.0,0.42038,MCV_EXACT
dmv.562,body_type,IN,4DSD,native,100,True,0.3166,44.0,44.0,0.3166,MCV_EXACT
dmv.562,body_type,IN,4DSD,native,300,True,0.3141111,51.0,51.0,0.3141111,MCV_EXACT
dmv.562,body_type,IN,4DSD,native,1000,True,0.31395,57.0,57.0,0.31395,MCV_EXACT
dmv.562,body_type,IN,4DSD,reservoir,100,True,0.3175,44.0,44.0,0.3175,MCV_EXACT
dmv.562,body_type,IN,4DSD,reservoir,300,True,0.31611112,51.0,51.0,0.31611112,MCV_EXACT
dmv.562,body_type,IN,4DSD,reservoir,1000,True,0.31391,55.0,55.0,0.31391,MCV_EXACT
dmv.562,body_type,IN,PICK,native,100,True,0.039966665,44.0,44.0,0.039966665,MCV_EXACT
dmv.562,body_type,IN,PICK,native,300,True,0.038844444,51.0,51.0,0.038844444,MCV_EXACT
dmv.562,body_type,IN,PICK,native,1000,True,0.03935,57.0,57.0,0.03935,MCV_EXACT
dmv.562,body_type,IN,PICK,reservoir,100,True,0.038833335,44.0,44.0,0.038833335,MCV_EXACT
dmv.562,body_type,IN,PICK,reservoir,300,True,0.038455557,51.0,51.0,0.038455557,MCV_EXACT
dmv.562,body_type,IN,PICK,reservoir,1000,True,0.038766667,55.0,55.0,0.038766667,MCV_EXACT
dmv.562,body_type,IN,2DSD,native,100,True,0.03973333,44.0,44.0,0.03973333,MCV_EXACT
dmv.562,body_type,IN,2DSD,native,300,True,0.040644445,51.0,51.0,0.040644445,MCV_EXACT
dmv.562,body_type,IN,2DSD,native,1000,True,0.03967,57.0,57.0,0.03967,MCV_EXACT
dmv.562,body_type,IN,2DSD,reservoir,100,True,0.038366668,44.0,44.0,0.038366668,MCV_EXACT
dmv.562,body_type,IN,2DSD,reservoir,300,True,0.039655555,51.0,51.0,0.039655555,MCV_EXACT
dmv.562,body_type,IN,2DSD,reservoir,1000,True,0.03933,55.0,55.0,0.03933,MCV_EXACT
dmv.562,body_type,IN,BOAT,native,100,True,0.0327,44.0,44.0,0.0327,MCV_EXACT
dmv.562,body_type,IN,BOAT,native,300,True,0.033666667,51.0,51.0,0.033666667,MCV_EXACT
dmv.562,body_type,IN,BOAT,native,1000,True,0.032623332,57.0,57.0,0.032623332,MCV_EXACT
dmv.562,body_type,IN,BOAT,reservoir,100,True,0.033833332,44.0,44.0,0.033833332,MCV_EXACT
dmv.562,body_type,IN,BOAT,reservoir,300,True,0.031744443,51.0,51.0,0.031744443,MCV_EXACT
dmv.562,body_type,IN,BOAT,reservoir,1000,True,0.0329,55.0,55.0,0.0329,MCV_EXACT
dmv.562,body_type,IN,LTRL,native,100,True,0.019766666,44.0,44.0,0.019766666,MCV_EXACT
dmv.562,body_type,IN,LTRL,native,300,True,0.019988889,51.0,51.0,0.019988889,MCV_EXACT
dmv.562,body_type,IN,LTRL,native,1000,True,0.0202,57.0,57.0,0.0202,MCV_EXACT
dmv.562,body_type,IN,LTRL,reservoir,100,True,0.021766666,44.0,44.0,0.021766666,MCV_EXACT
dmv.562,body_type,IN,LTRL,reservoir,300,True,0.01991111,51.0,51.0,0.01991111,MCV_EXACT
dmv.562,body_type,IN,LTRL,reservoir,1000,True,0.020406667,55.0,55.0,0.020406667,MCV_EXACT
dmv.562,body_type,IN,MCY,native,100,True,0.0317,44.0,44.0,0.0317,MCV_EXACT
dmv.562,body_type,IN,MCY,native,300,True,0.030122222,51.0,51.0,0.030122222,MCV_EXACT
dmv.562,body_type,IN,MCY,native,1000,True,0.030603332,57.0,57.0,0.030603332,MCV_EXACT
dmv.562,body_type,IN,MCY,reservoir,100,True,0.0305,44.0,44.0,0.0305,MCV_EXACT
dmv.562,body_type,IN,MCY,reservoir,300,True,0.031911112,51.0,51.0,0.031911112,MCV_EXACT
dmv.562,body_type,IN,MCY,reservoir,1000,True,0.030536667,55.0,55.0,0.030536667,MCV_EXACT
dmv.562,body_type,IN,TRLR,native,100,True,0.013366667,44.0,44.0,0.013366667,MCV_EXACT
dmv.562,body_type,IN,TRLR,native,300,True,0.013366667,51.0,51.0,0.013366667,MCV_EXACT
dmv.562,body_type,IN,TRLR,native,1000,True,0.01357,57.0,57.0,0.01357,MCV_EXACT
dmv.562,body_type,IN,TRLR,reservoir,100,True,0.0138,44.0,44.0,0.0138,MCV_EXACT
dmv.562,body_type,IN,TRLR,reservoir,300,True,0.014644444,51.0,51.0,0.014644444,MCV_EXACT
dmv.562,body_type,IN,TRLR,reservoir,1000,True,0.014033333,55.0,55.0,0.014033333,MCV_EXACT
dmv.562,scofflaw_indicator,=,N,native,100,True,0.9998,2.0,2.0,0.9998,MCV_EXACT
dmv.562,scofflaw_indicator,=,N,native,300,True,0.99976665,2.0,2.0,0.99976665,MCV_EXACT
dmv.562,scofflaw_indicator,=,N,native,1000,True,0.9997467,2.0,2.0,0.9997467,MCV_EXACT
dmv.562,scofflaw_indicator,=,N,reservoir,100,True,0.9999,2.0,2.0,0.9999,MCV_EXACT
dmv.562,scofflaw_indicator,=,N,reservoir,300,True,0.9997889,2.0,2.0,0.9997889,MCV_EXACT
dmv.562,scofflaw_indicator,=,N,reservoir,1000,True,0.99978334,2.0,2.0,0.99978334,MCV_EXACT
dmv.562,suspension_indicator,=,N,native,100,True,0.99156666,2.0,2.0,0.99156666,MCV_EXACT
dmv.562,suspension_indicator,=,N,native,300,True,0.9909667,2.0,2.0,0.9909667,MCV_EXACT
dmv.562,suspension_indicator,=,N,native,1000,True,0.99139,2.0,2.0,0.99139,MCV_EXACT
dmv.562,suspension_indicator,=,N,reservoir,100,True,0.99123335,2.0,2.0,0.99123335,MCV_EXACT
dmv.562,suspension_indicator,=,N,reservoir,300,True,0.9912222,2.0,2.0,0.9912222,MCV_EXACT
dmv.562,suspension_indicator,=,N,reservoir,1000,True,0.99138,2.0,2.0,0.99138,MCV_EXACT
dmv.562,revocation_indicator,=,N,native,100,True,0.99616665,2.0,2.0,0.99616665,MCV_EXACT
dmv.562,revocation_indicator,=,N,native,300,True,0.9952111,2.0,2.0,0.9952111,MCV_EXACT
dmv.562,revocation_indicator,=,N,native,1000,True,0.99562335,2.0,2.0,0.99562335,MCV_EXACT
dmv.562,revocation_indicator,=,N,reservoir,100,True,0.9953,2.0,2.0,0.9953,MCV_EXACT
dmv.562,revocation_indicator,=,N,reservoir,300,True,0.9954889,2.0,2.0,0.9954889,MCV_EXACT
dmv.562,revocation_indicator,=,N,reservoir,1000,True,0.9956333,2.0,2.0,0.9956333,MCV_EXACT
dmv.1935,record_type,=,VEH,native,100,True,0.92153335,4.0,4.0,0.92153335,MCV_EXACT
dmv.1935,record_type,=,VEH,native,300,True,0.91954446,4.0,4.0,0.91954446,MCV_EXACT
dmv.1935,record_type,=,VEH,native,1000,True,0.92067665,4.0,4.0,0.92067665,MCV_EXACT
dmv.1935,record_type,=,VEH,reservoir,100,True,0.9191333,4.0,4.0,0.9191333,MCV_EXACT
dmv.1935,record_type,=,VEH,reservoir,300,True,0.92116666,4.0,4.0,0.92116666,MCV_EXACT
dmv.1935,record_type,=,VEH,reservoir,1000,True,0.91965336,4.0,4.0,0.91965336,MCV_EXACT
dmv.1935,registration_class,IN,BOT,native,100,True,0.032366667,47.0,47.0,0.032366667,MCV_EXACT
dmv.1935,registration_class,IN,BOT,native,300,True,0.033277776,53.0,53.0,0.033277776,MCV_EXACT
dmv.1935,registration_class,IN,BOT,native,1000,True,0.032226667,61.0,61.0,0.032226667,MCV_EXACT
dmv.1935,registration_class,IN,BOT,reservoir,100,True,0.033533335,45.0,45.0,0.033533335,MCV_EXACT
dmv.1935,registration_class,IN,BOT,reservoir,300,True,0.03141111,51.0,51.0,0.03141111,MCV_EXACT
dmv.1935,registration_class,IN,BOT,reservoir,1000,True,0.03262,62.0,62.0,0.03262,MCV_EXACT
dmv.1935,registration_class,IN,MOT,native,100,True,0.031133333,47.0,47.0,0.031133333,MCV_EXACT
dmv.1935,registration_class,IN,MOT,native,300,True,0.029577779,53.0,53.0,0.029577779,MCV_EXACT
dmv.1935,registration_class,IN,MOT,native,1000,True,0.030103333,61.0,61.0,0.030103333,MCV_EXACT
dmv.1935,registration_class,IN,MOT,reservoir,100,True,0.029833334,45.0,45.0,0.029833334,MCV_EXACT
dmv.1935,registration_class,IN,MOT,reservoir,300,True,0.031266667,51.0,51.0,0.031266667,MCV_EXACT
dmv.1935,registration_class,IN,MOT,reservoir,1000,True,0.029883333,62.0,62.0,0.029883333,MCV_EXACT
dmv.1935,registration_class,IN,TRL,native,100,True,0.012633333,47.0,47.0,0.012633333,MCV_EXACT
dmv.1935,registration_class,IN,TRL,native,300,True,0.0125222225,53.0,53.0,0.0125222225,MCV_EXACT
dmv.1935,registration_class,IN,TRL,native,1000,True,0.012476667,61.0,61.0,0.012476667,MCV_EXACT
dmv.1935,registration_class,IN,TRL,reservoir,100,True,0.012666667,45.0,45.0,0.012666667,MCV_EXACT
dmv.1935,registration_class,IN,TRL,reservoir,300,True,0.013266667,51.0,51.0,0.013266667,MCV_EXACT
dmv.1935,registration_class,IN,TRL,reservoir,1000,True,0.01319,62.0,62.0,0.01319,MCV_EXACT
dmv.1935,registration_class,IN,SRF,native,100,True,0.0191,47.0,47.0,0.0191,MCV_EXACT
dmv.1935,registration_class,IN,SRF,native,300,True,0.0173,53.0,53.0,0.0173,MCV_EXACT
dmv.1935,registration_class,IN,SRF,native,1000,True,0.017606666,61.0,61.0,0.017606666,MCV_EXACT
dmv.1935,registration_class,IN,SRF,reservoir,100,True,0.018833334,45.0,45.0,0.018833334,MCV_EXACT
dmv.1935,registration_class,IN,SRF,reservoir,300,True,0.018533334,51.0,51.0,0.018533334,MCV_EXACT
dmv.1935,registration_class,IN,SRF,reservoir,1000,True,0.018103333,62.0,62.0,0.018103333,MCV_EXACT
dmv.1935,state,IN,NY,native,100,True,0.9827667,34.0,34.0,0.9827667,MCV_EXACT
dmv.1935,state,IN,NY,native,300,True,0.9819,43.0,43.0,0.9819,MCV_EXACT
dmv.1935,state,IN,NY,native,1000,True,0.98188,57.0,57.0,0.98188,MCV_EXACT
dmv.1935,state,IN,NY,reservoir,100,True,0.9824333,36.0,36.0,0.9824333,MCV_EXACT
dmv.1935,state,IN,NY,reservoir,300,True,0.9819667,47.0,47.0,0.9819667,MCV_EXACT
dmv.1935,state,IN,NY,reservoir,1000,True,0.98213,56.0,56.0,0.98213,MCV_EXACT
dmv.1935,state,IN,NJ,native,100,True,0.0036666666,34.0,34.0,0.0036666666,MCV_EXACT
dmv.1935,state,IN,NJ,native,300,True,0.003911111,43.0,43.0,0.003911111,MCV_EXACT
dmv.1935,state,IN,NJ,native,1000,True,0.0040566665,57.0,57.0,0.0040566665,MCV_EXACT
dmv.1935,state,IN,NJ,reservoir,100,True,0.0038666667,36.0,36.0,0.0038666667,MCV_EXACT
dmv.1935,state,IN,NJ,reservoir,300,True,0.004033333,47.0,47.0,0.004033333,MCV_EXACT
dmv.1935,state,IN,NJ,reservoir,1000,True,0.0040233335,56.0,56.0,0.0040233335,MCV_EXACT
dmv.1935,state,IN,OK,native,100,True,0.004466667,34.0,34.0,0.004466667,MCV_EXACT
dmv.1935,state,IN,OK,native,300,True,0.0044555557,43.0,43.0,0.0044555557,MCV_EXACT
dmv.1935,state,IN,OK,native,1000,True,0.004393333,57.0,57.0,0.004393333,MCV_EXACT
dmv.1935,state,IN,OK,reservoir,100,True,0.0045666667,36.0,36.0,0.0045666667,MCV_EXACT
dmv.1935,state,IN,OK,reservoir,300,True,0.004644444,47.0,47.0,0.004644444,MCV_EXACT
dmv.1935,state,IN,OK,reservoir,1000,True,0.004273333,56.0,56.0,0.004273333,MCV_EXACT
dmv.1935,state,IN,PA,native,100,True,0.0009666667,34.0,34.0,0.0009666667,MCV_EXACT
dmv.1935,state,IN,PA,native,300,True,0.0015555555,43.0,43.0,0.0015555555,MCV_EXACT
dmv.1935,state,IN,PA,native,1000,True,0.0014266666,57.0,57.0,0.0014266666,MCV_EXACT
dmv.1935,state,IN,PA,reservoir,100,True,0.0013,36.0,36.0,0.0013,MCV_EXACT
dmv.1935,state,IN,PA,reservoir,300,True,0.0013888889,47.0,47.0,0.0013888889,MCV_EXACT
dmv.1935,state,IN,PA,reservoir,1000,True,0.0014966667,56.0,56.0,0.0014966667,MCV_EXACT
dmv.1935,state,IN,MD,native,100,True,0.0013333333,34.0,34.0,0.0013333333,MCV_EXACT
dmv.1935,state,IN,MD,native,300,True,0.0013222222,43.0,43.0,0.0013222222,MCV_EXACT
dmv.1935,state,IN,MD,native,1000,True,0.0014033334,57.0,57.0,0.0014033334,MCV_EXACT
dmv.1935,state,IN,MD,reservoir,100,True,0.0015333333,36.0,36.0,0.0015333333,MCV_EXACT
dmv.1935,state,IN,MD,reservoir,300,True,0.0013333333,47.0,47.0,0.0013333333,MCV_EXACT
dmv.1935,state,IN,MD,reservoir,1000,True,0.0013333333,56.0,56.0,0.0013333333,MCV_EXACT
dmv.1935,state,IN,IL,native,100,True,0.0013,34.0,34.0,0.0013,MCV_EXACT
dmv.1935,state,IN,IL,native,300,True,0.0014,43.0,43.0,0.0014,MCV_EXACT
dmv.1935,state,IN,IL,native,1000,True,0.0013566667,57.0,57.0,0.0013566667,MCV_EXACT
dmv.1935,state,IN,IL,reservoir,100,True,0.0012,36.0,36.0,0.0012,MCV_EXACT
dmv.1935,state,IN,IL,reservoir,300,True,0.0014111111,47.0,47.0,0.0014111111,MCV_EXACT
dmv.1935,state,IN,IL,reservoir,1000,True,0.00129,56.0,56.0,0.00129,MCV_EXACT
dmv.1935,state,IN,TX,native,100,True,0.0006,34.0,34.0,0.0006,MCV_EXACT
dmv.1935,state,IN,TX,native,300,True,0.00076666666,43.0,43.0,0.00076666666,MCV_EXACT
dmv.1935,state,IN,TX,native,1000,True,0.0008066667,57.0,57.0,0.0008066667,MCV_EXACT
dmv.1935,state,IN,TX,reservoir,100,True,0.00083333335,36.0,36.0,0.00083333335,MCV_EXACT
dmv.1935,state,IN,TX,reservoir,300,True,0.00077777775,47.0,47.0,0.00077777775,MCV_EXACT
dmv.1935,state,IN,TX,reservoir,1000,True,0.0008166667,56.0,56.0,0.0008166667,MCV_EXACT
dmv.1935,state,IN,FL,native,100,True,0.00056666665,34.0,34.0,0.00056666665,MCV_EXACT
dmv.1935,state,IN,FL,native,300,True,0.00056666665,43.0,43.0,0.00056666665,MCV_EXACT
dmv.1935,state,IN,FL,native,1000,True,0.0005533333,57.0,57.0,0.0005533333,MCV_EXACT
dmv.1935,state,IN,FL,reservoir,100,True,0.0005,36.0,36.0,0.0005,MCV_EXACT
dmv.1935,state,IN,FL,reservoir,300,True,0.00063333334,47.0,47.0,0.00063333334,MCV_EXACT
dmv.1935,state,IN,FL,reservoir,1000,True,0.00051333336,56.0,56.0,0.00051333336,MCV_EXACT
dmv.1935,state,IN,GA,native,100,True,0.00043333333,34.0,34.0,0.00043333333,MCV_EXACT
dmv.1935,state,IN,GA,native,300,True,0.00055555557,43.0,43.0,0.00055555557,MCV_EXACT
dmv.1935,state,IN,GA,native,1000,True,0.0005533333,57.0,57.0,0.0005533333,MCV_EXACT
dmv.1935,state,IN,GA,reservoir,100,True,0.00046666668,36.0,36.0,0.00046666668,MCV_EXACT
dmv.1935,state,IN,GA,reservoir,300,True,0.00043333333,47.0,47.0,0.00043333333,MCV_EXACT
dmv.1935,state,IN,GA,reservoir,1000,True,0.0005533333,56.0,56.0,0.0005533333,MCV_EXACT
dmv.1935,state,IN,CT,native,100,True,0.00053333334,34.0,34.0,0.00053333334,MCV_EXACT
dmv.1935,state,IN,CT,native,300,True,0.00055555557,43.0,43.0,0.00055555557,MCV_EXACT
dmv.1935,state,IN,CT,native,1000,True,0.00057,57.0,57.0,0.00057,MCV_EXACT
dmv.1935,state,IN,CT,reservoir,100,True,0.0005,36.0,36.0,0.0005,MCV_EXACT
dmv.1935,state,IN,CT,reservoir,300,True,0.00044444445,47.0,47.0,0.00044444445,MCV_EXACT
dmv.1935,state,IN,CT,reservoir,1000,True,0.00056666665,56.0,56.0,0.00056666665,MCV_EXACT
dmv.1935,state,IN,IN,native,100,True,0.00046666668,34.0,34.0,0.00046666668,MCV_EXACT
dmv.1935,state,IN,IN,native,300,True,0.0004111111,43.0,43.0,0.0004111111,MCV_EXACT
dmv.1935,state,IN,IN,native,1000,True,0.0004,57.0,57.0,0.0004,MCV_EXACT
dmv.1935,state,IN,IN,reservoir,100,True,0.00036666667,36.0,36.0,0.00036666667,MCV_EXACT
dmv.1935,state,IN,IN,reservoir,300,True,0.0004111111,47.0,47.0,0.0004111111,MCV_EXACT
dmv.1935,state,IN,IN,reservoir,1000,True,0.00042333335,56.0,56.0,0.00042333335,MCV_EXACT
dmv.1935,state,IN,OH,native,100,True,0.00053333334,34.0,34.0,0.00053333334,MCV_EXACT
dmv.1935,state,IN,OH,native,300,True,0.0002888889,43.0,43.0,0.0002888889,MCV_EXACT
dmv.1935,state,IN,OH,native,1000,True,0.00026333332,57.0,57.0,0.00026333332,MCV_EXACT
dmv.1935,state,IN,OH,reservoir,100,False,,36.0,36.0,0.027777777777777776,MCV_MISS_NDISTINCT_FALLBACK
dmv.1935,state,IN,OH,reservoir,300,True,0.00024444444,47.0,47.0,0.00024444444,MCV_EXACT
dmv.1935,state,IN,OH,reservoir,1000,True,0.0003,56.0,56.0,0.0003,MCV_EXACT
dmv.1935,state,IN,WI,native,100,False,,34.0,34.0,0.029411764705882353,MCV_MISS_NDISTINCT_FALLBACK
dmv.1935,state,IN,WI,native,300,True,0.00016666666,43.0,43.0,0.00016666666,MCV_EXACT
dmv.1935,state,IN,WI,native,1000,True,0.00026333332,57.0,57.0,0.00026333332,MCV_EXACT
dmv.1935,state,IN,WI,reservoir,100,False,,36.0,36.0,0.027777777777777776,MCV_MISS_NDISTINCT_FALLBACK
dmv.1935,state,IN,WI,reservoir,300,True,0.00015555555,47.0,47.0,0.00015555555,MCV_EXACT
dmv.1935,state,IN,WI,reservoir,1000,True,0.00022,56.0,56.0,0.00022,MCV_EXACT
dmv.1935,state,IN,MA,native,100,True,0.00033333333,34.0,34.0,0.00033333333,MCV_EXACT
dmv.1935,state,IN,MA,native,300,True,0.00032222221,43.0,43.0,0.00032222221,MCV_EXACT
dmv.1935,state,IN,MA,native,1000,True,0.00028333333,57.0,57.0,0.00028333333,MCV_EXACT
dmv.1935,state,IN,MA,reservoir,100,False,,36.0,36.0,0.027777777777777776,MCV_MISS_NDISTINCT_FALLBACK
dmv.1935,state,IN,MA,reservoir,300,True,0.00025555555,47.0,47.0,0.00025555555,MCV_EXACT
dmv.1935,state,IN,MA,reservoir,1000,True,0.00024333333,56.0,56.0,0.00024333333,MCV_EXACT
dmv.1935,state,IN,AZ,native,100,True,0.00033333333,34.0,34.0,0.00033333333,MCV_EXACT
dmv.1935,state,IN,AZ,native,300,True,0.00026666667,43.0,43.0,0.00026666667,MCV_EXACT
dmv.1935,state,IN,AZ,native,1000,True,0.00022333334,57.0,57.0,0.00022333334,MCV_EXACT
dmv.1935,state,IN,AZ,reservoir,100,False,,36.0,36.0,0.027777777777777776,MCV_MISS_NDISTINCT_FALLBACK
dmv.1935,state,IN,AZ,reservoir,300,True,0.00026666667,47.0,47.0,0.00026666667,MCV_EXACT
dmv.1935,state,IN,AZ,reservoir,1000,True,0.00023,56.0,56.0,0.00023,MCV_EXACT
dmv.1935,state,IN,CA,native,100,False,,34.0,34.0,0.029411764705882353,MCV_MISS_NDISTINCT_FALLBACK
dmv.1935,state,IN,CA,native,300,True,0.00026666667,43.0,43.0,0.00026666667,MCV_EXACT
dmv.1935,state,IN,CA,native,1000,True,0.00023,57.0,57.0,0.00023,MCV_EXACT
dmv.1935,state,IN,CA,reservoir,100,False,,36.0,36.0,0.027777777777777776,MCV_MISS_NDISTINCT_FALLBACK
dmv.1935,state,IN,CA,reservoir,300,True,0.0002,47.0,47.0,0.0002,MCV_EXACT
dmv.1935,state,IN,CA,reservoir,1000,True,0.00020666666,56.0,56.0,0.00020666666,MCV_EXACT
dmv.1935,state,IN,VA,native,100,False,,34.0,34.0,0.029411764705882353,MCV_MISS_NDISTINCT_FALLBACK
dmv.1935,state,IN,VA,native,300,False,,43.0,43.0,0.023255813953488372,MCV_MISS_NDISTINCT_FALLBACK
dmv.1935,state,IN,VA,native,1000,True,0.00013333333,57.0,57.0,0.00013333333,MCV_EXACT
dmv.1935,state,IN,VA,reservoir,100,False,,36.0,36.0,0.027777777777777776,MCV_MISS_NDISTINCT_FALLBACK
dmv.1935,state,IN,VA,reservoir,300,True,0.00017777778,47.0,47.0,0.00017777778,MCV_EXACT
dmv.1935,state,IN,VA,reservoir,1000,True,0.00014,56.0,56.0,0.00014,MCV_EXACT
dmv.1935,state,IN,NC,native,100,False,,34.0,34.0,0.029411764705882353,MCV_MISS_NDISTINCT_FALLBACK
dmv.1935,state,IN,NC,native,300,True,0.00014444445,43.0,43.0,0.00014444445,MCV_EXACT
dmv.1935,state,IN,NC,native,1000,True,0.00018666667,57.0,57.0,0.00018666667,MCV_EXACT
dmv.1935,state,IN,NC,reservoir,100,False,,36.0,36.0,0.027777777777777776,MCV_MISS_NDISTINCT_FALLBACK
dmv.1935,state,IN,NC,reservoir,300,True,0.0001888889,47.0,47.0,0.0001888889,MCV_EXACT
dmv.1935,state,IN,NC,reservoir,1000,True,0.00013333333,56.0,56.0,0.00013333333,MCV_EXACT
dmv.1935,state,IN,TN,native,100,False,,34.0,34.0,0.029411764705882353,MCV_MISS_NDISTINCT_FALLBACK
dmv.1935,state,IN,TN,native,300,False,,43.0,43.0,0.023255813953488372,MCV_MISS_NDISTINCT_FALLBACK
dmv.1935,state,IN,TN,native,1000,True,0.00011666667,57.0,57.0,0.00011666667,MCV_EXACT
dmv.1935,state,IN,TN,reservoir,100,False,,36.0,36.0,0.027777777777777776,MCV_MISS_NDISTINCT_FALLBACK
dmv.1935,state,IN,TN,reservoir,300,True,0.00012222222,47.0,47.0,0.00012222222,MCV_EXACT
dmv.1935,state,IN,TN,reservoir,1000,True,0.00010666667,56.0,56.0,0.00010666667,MCV_EXACT
dmv.1935,state,IN,NH,native,100,False,,34.0,34.0,0.029411764705882353,MCV_MISS_NDISTINCT_FALLBACK
dmv.1935,state,IN,NH,native,300,False,,43.0,43.0,0.023255813953488372,MCV_MISS_NDISTINCT_FALLBACK
dmv.1935,state,IN,NH,native,1000,True,6e-05,57.0,57.0,6e-05,MCV_EXACT
dmv.1935,state,IN,NH,reservoir,100,False,,36.0,36.0,0.027777777777777776,MCV_MISS_NDISTINCT_FALLBACK
dmv.1935,state,IN,NH,reservoir,300,False,,47.0,47.0,0.02127659574468085,MCV_MISS_NDISTINCT_FALLBACK
dmv.1935,state,IN,NH,reservoir,1000,True,8e-05,56.0,56.0,8e-05,MCV_EXACT
dmv.1935,body_type,IN,TANK,native,100,True,0.00036666667,44.0,44.0,0.00036666667,MCV_EXACT
dmv.1935,body_type,IN,TANK,native,300,True,0.0008888889,51.0,51.0,0.0008888889,MCV_EXACT
dmv.1935,body_type,IN,TANK,native,1000,True,0.00078666664,57.0,57.0,0.00078666664,MCV_EXACT
dmv.1935,body_type,IN,TANK,reservoir,100,True,0.00046666668,44.0,44.0,0.00046666668,MCV_EXACT
dmv.1935,body_type,IN,TANK,reservoir,300,True,0.00073333335,51.0,51.0,0.00073333335,MCV_EXACT
dmv.1935,body_type,IN,TANK,reservoir,1000,True,0.00085666665,55.0,55.0,0.00085666665,MCV_EXACT
dmv.1935,body_type,IN,MOPD,native,100,True,0.0004,44.0,44.0,0.0004,MCV_EXACT
dmv.1935,body_type,IN,MOPD,native,300,True,0.0005222222,51.0,51.0,0.0005222222,MCV_EXACT
dmv.1935,body_type,IN,MOPD,native,1000,True,0.00063333334,57.0,57.0,0.00063333334,MCV_EXACT
dmv.1935,body_type,IN,MOPD,reservoir,100,True,0.00046666668,44.0,44.0,0.00046666668,MCV_EXACT
dmv.1935,body_type,IN,MOPD,reservoir,300,True,0.0005111111,51.0,51.0,0.0005111111,MCV_EXACT
dmv.1935,body_type,IN,MOPD,reservoir,1000,True,0.00057,55.0,55.0,0.00057,MCV_EXACT
dmv.1935,body_type,IN,TAXI,native,100,True,0.0011666666,44.0,44.0,0.0011666666,MCV_EXACT
dmv.1935,body_type,IN,TAXI,native,300,True,0.00083333335,51.0,51.0,0.00083333335,MCV_EXACT
dmv.1935,body_type,IN,TAXI,native,1000,True,0.00103,57.0,57.0,0.00103,MCV_EXACT
dmv.1935,body_type,IN,TAXI,reservoir,100,True,0.001,44.0,44.0,0.001,MCV_EXACT
dmv.1935,body_type,IN,TAXI,reservoir,300,True,0.0010222222,51.0,51.0,0.0010222222,MCV_EXACT
dmv.1935,body_type,IN,TAXI,reservoir,1000,True,0.00091,55.0,55.0,0.00091,MCV_EXACT
dmv.1935,body_type,IN,TOW,native,100,True,0.0007,44.0,44.0,0.0007,MCV_EXACT
dmv.1935,body_type,IN,TOW,native,300,True,0.00042222222,51.0,51.0,0.00042222222,MCV_EXACT
dmv.1935,body_type,IN,TOW,native,1000,True,0.0005566667,57.0,57.0,0.0005566667,MCV_EXACT
dmv.1935,body_type,IN,TOW,reservoir,100,True,0.00056666665,44.0,44.0,0.00056666665,MCV_EXACT
dmv.1935,body_type,IN,TOW,reservoir,300,True,0.00043333333,51.0,51.0,0.00043333333,MCV_EXACT
dmv.1935,body_type,IN,TOW,reservoir,1000,True,0.00057,55.0,55.0,0.00057,MCV_EXACT
dmv.1935,body_type,IN,SEDN,native,100,True,0.00056666665,44.0,44.0,0.00056666665,MCV_EXACT
dmv.1935,body_type,IN,SEDN,native,300,True,0.0005111111,51.0,51.0,0.0005111111,MCV_EXACT
dmv.1935,body_type,IN,SEDN,native,1000,True,0.00051,57.0,57.0,0.00051,MCV_EXACT
dmv.1935,body_type,IN,SEDN,reservoir,100,True,0.00046666668,44.0,44.0,0.00046666668,MCV_EXACT
dmv.1935,body_type,IN,SEDN,reservoir,300,True,0.0005111111,51.0,51.0,0.0005111111,MCV_EXACT
dmv.1935,body_type,IN,SEDN,reservoir,1000,True,0.00050666666,55.0,55.0,0.00050666666,MCV_EXACT
dmv.1935,body_type,IN,REFG,native,100,True,0.00056666665,44.0,44.0,0.00056666665,MCV_EXACT
dmv.1935,body_type,IN,REFG,native,300,True,0.00034444444,51.0,51.0,0.00034444444,MCV_EXACT
dmv.1935,body_type,IN,REFG,native,1000,True,0.00042333335,57.0,57.0,0.00042333335,MCV_EXACT
dmv.1935,body_type,IN,REFG,reservoir,100,True,0.0004,44.0,44.0,0.0004,MCV_EXACT
dmv.1935,body_type,IN,REFG,reservoir,300,True,0.00043333333,51.0,51.0,0.00043333333,MCV_EXACT
dmv.1935,body_type,IN,REFG,reservoir,1000,True,0.00047,55.0,55.0,0.00047,MCV_EXACT
dmv.1935,body_type,IN,RBM,native,100,False,,44.0,44.0,0.022727272727272728,MCV_MISS_NDISTINCT_FALLBACK
dmv.1935,body_type,IN,RBM,native,300,True,0.0004888889,51.0,51.0,0.0004888889,MCV_EXACT
dmv.1935,body_type,IN,RBM,native,1000,True,0.00042666667,57.0,57.0,0.00042666667,MCV_EXACT
dmv.1935,body_type,IN,RBM,reservoir,100,True,0.0005,44.0,44.0,0.0005,MCV_EXACT
dmv.1935,body_type,IN,RBM,reservoir,300,True,0.00036666667,51.0,51.0,0.00036666667,MCV_EXACT
dmv.1935,body_type,IN,RBM,reservoir,1000,True,0.00042333335,55.0,55.0,0.00042333335,MCV_EXACT
dmv.1935,body_type,IN,RD/S,native,100,False,,44.0,44.0,0.022727272727272728,MCV_MISS_NDISTINCT_FALLBACK
dmv.1935,body_type,IN,RD/S,native,300,True,0.00021111111,51.0,51.0,0.00021111111,MCV_EXACT
dmv.1935,body_type,IN,RD/S,native,1000,True,0.00018666667,57.0,57.0,0.00018666667,MCV_EXACT
dmv.1935,body_type,IN,RD/S,reservoir,100,False,,44.0,44.0,0.022727272727272728,MCV_MISS_NDISTINCT_FALLBACK
dmv.1935,body_type,IN,RD/S,reservoir,300,True,0.00023333334,51.0,51.0,0.00023333334,MCV_EXACT
dmv.1935,body_type,IN,RD/S,reservoir,1000,True,0.00018333334,55.0,55.0,0.00018333334,MCV_EXACT
dmv.1935,body_type,IN,CMIX,native,100,False,,44.0,44.0,0.022727272727272728,MCV_MISS_NDISTINCT_FALLBACK
dmv.1935,body_type,IN,CMIX,native,300,True,0.00012222222,51.0,51.0,0.00012222222,MCV_EXACT
dmv.1935,body_type,IN,CMIX,native,1000,True,0.00019666666,57.0,57.0,0.00019666666,MCV_EXACT
dmv.1935,body_type,IN,CMIX,reservoir,100,False,,44.0,44.0,0.022727272727272728,MCV_MISS_NDISTINCT_FALLBACK
dmv.1935,body_type,IN,CMIX,reservoir,300,True,0.0001888889,51.0,51.0,0.0001888889,MCV_EXACT
dmv.1935,body_type,IN,CMIX,reservoir,1000,True,0.00020666666,55.0,55.0,0.00020666666,MCV_EXACT
dmv.1935,body_type,IN,TR/C,native,100,False,,44.0,44.0,0.022727272727272728,MCV_MISS_NDISTINCT_FALLBACK
dmv.1935,body_type,IN,TR/C,native,300,True,0.00021111111,51.0,51.0,0.00021111111,MCV_EXACT
dmv.1935,body_type,IN,TR/C,native,1000,True,0.00020666666,57.0,57.0,0.00020666666,MCV_EXACT
dmv.1935,body_type,IN,TR/C,reservoir,100,False,,44.0,44.0,0.022727272727272728,MCV_MISS_NDISTINCT_FALLBACK
dmv.1935,body_type,IN,TR/C,reservoir,300,True,0.00032222221,51.0,51.0,0.00032222221,MCV_EXACT
dmv.1935,body_type,IN,TR/C,reservoir,1000,True,0.00018,55.0,55.0,0.00018,MCV_EXACT
dmv.1935,body_type,IN,AMBU,native,100,False,,44.0,44.0,0.022727272727272728,MCV_MISS_NDISTINCT_FALLBACK
dmv.1935,body_type,IN,AMBU,native,300,False,,51.0,51.0,0.0196078431372549,MCV_MISS_NDISTINCT_FALLBACK
dmv.1935,body_type,IN,AMBU,native,1000,True,0.00010666667,57.0,57.0,0.00010666667,MCV_EXACT
dmv.1935,body_type,IN,AMBU,reservoir,100,False,,44.0,44.0,0.022727272727272728,MCV_MISS_NDISTINCT_FALLBACK
dmv.1935,body_type,IN,AMBU,reservoir,300,False,,51.0,51.0,0.0196078431372549,MCV_MISS_NDISTINCT_FALLBACK
dmv.1935,body_type,IN,AMBU,reservoir,1000,True,0.00015666666,55.0,55.0,0.00015666666,MCV_EXACT
dmv.1935,body_type,IN,LSV,native,100,False,,44.0,44.0,0.022727272727272728,MCV_MISS_NDISTINCT_FALLBACK
dmv.1935,body_type,IN,LSV,native,300,False,,51.0,51.0,0.0196078431372549,MCV_MISS_NDISTINCT_FALLBACK
dmv.1935,body_type,IN,LSV,native,1000,True,9.666667e-05,57.0,57.0,9.666667e-05,MCV_EXACT
dmv.1935,body_type,IN,LSV,reservoir,100,False,,44.0,44.0,0.022727272727272728,MCV_MISS_NDISTINCT_FALLBACK
dmv.1935,body_type,IN,LSV,reservoir,300,False,,51.0,51.0,0.0196078431372549,MCV_MISS_NDISTINCT_FALLBACK
dmv.1935,body_type,IN,LSV,reservoir,1000,True,0.00012333333,55.0,55.0,0.00012333333,MCV_EXACT
dmv.1935,body_type,IN,FIRE,native,100,False,,44.0,44.0,0.022727272727272728,MCV_MISS_NDISTINCT_FALLBACK
dmv.1935,body_type,IN,FIRE,native,300,True,0.00013333333,51.0,51.0,0.00013333333,MCV_EXACT
dmv.1935,body_type,IN,FIRE,native,1000,True,6.666667e-05,57.0,57.0,6.666667e-05,MCV_EXACT
dmv.1935,body_type,IN,FIRE,reservoir,100,False,,44.0,44.0,0.022727272727272728,MCV_MISS_NDISTINCT_FALLBACK
dmv.1935,body_type,IN,FIRE,reservoir,300,False,,51.0,51.0,0.0196078431372549,MCV_MISS_NDISTINCT_FALLBACK
dmv.1935,body_type,IN,FIRE,reservoir,1000,True,0.0001,55.0,55.0,0.0001,MCV_EXACT
dmv.1935,body_type,IN,S/SP,native,100,False,,44.0,44.0,0.022727272727272728,MCV_MISS_NDISTINCT_FALLBACK
dmv.1935,body_type,IN,S/SP,native,300,False,,51.0,51.0,0.0196078431372549,MCV_MISS_NDISTINCT_FALLBACK
dmv.1935,body_type,IN,S/SP,native,1000,True,6.666667e-05,57.0,57.0,6.666667e-05,MCV_EXACT
dmv.1935,body_type,IN,S/SP,reservoir,100,False,,44.0,44.0,0.022727272727272728,MCV_MISS_NDISTINCT_FALLBACK
dmv.1935,body_type,IN,S/SP,reservoir,300,False,,51.0,51.0,0.0196078431372549,MCV_MISS_NDISTINCT_FALLBACK
dmv.1935,body_type,IN,S/SP,reservoir,1000,True,8.666667e-05,55.0,55.0,8.666667e-05,MCV_EXACT
dmv.1935,body_type,IN,HRSE,native,100,False,,44.0,44.0,0.022727272727272728,MCV_MISS_NDISTINCT_FALLBACK
dmv.1935,body_type,IN,HRSE,native,300,False,,51.0,51.0,0.0196078431372549,MCV_MISS_NDISTINCT_FALLBACK
dmv.1935,body_type,IN,HRSE,native,1000,True,9.666667e-05,57.0,57.0,9.666667e-05,MCV_EXACT
dmv.1935,body_type,IN,HRSE,reservoir,100,False,,44.0,44.0,0.022727272727272728,MCV_MISS_NDISTINCT_FALLBACK
dmv.1935,body_type,IN,HRSE,reservoir,300,False,,51.0,51.0,0.0196078431372549,MCV_MISS_NDISTINCT_FALLBACK
dmv.1935,body_type,IN,HRSE,reservoir,1000,True,6e-05,55.0,55.0,6e-05,MCV_EXACT
dmv.1935,body_type,IN,T/CR,native,100,False,,44.0,44.0,0.022727272727272728,MCV_MISS_NDISTINCT_FALLBACK
dmv.1935,body_type,IN,T/CR,native,300,False,,51.0,51.0,0.0196078431372549,MCV_MISS_NDISTINCT_FALLBACK
dmv.1935,body_type,IN,T/CR,native,1000,True,8.666667e-05,57.0,57.0,8.666667e-05,MCV_EXACT
dmv.1935,body_type,IN,T/CR,reservoir,100,False,,44.0,44.0,0.022727272727272728,MCV_MISS_NDISTINCT_FALLBACK
dmv.1935,body_type,IN,T/CR,reservoir,300,False,,51.0,51.0,0.0196078431372549,MCV_MISS_NDISTINCT_FALLBACK
dmv.1935,body_type,IN,T/CR,reservoir,1000,True,5.3333333e-05,55.0,55.0,5.3333333e-05,MCV_EXACT
dmv.1935,body_type,IN,SN/P,native,100,False,,44.0,44.0,0.022727272727272728,MCV_MISS_NDISTINCT_FALLBACK
dmv.1935,body_type,IN,SN/P,native,300,False,,51.0,51.0,0.0196078431372549,MCV_MISS_NDISTINCT_FALLBACK
dmv.1935,body_type,IN,SN/P,native,1000,True,9.3333336e-05,57.0,57.0,9.3333336e-05,MCV_EXACT
dmv.1935,body_type,IN,SN/P,reservoir,100,False,,44.0,44.0,0.022727272727272728,MCV_MISS_NDISTINCT_FALLBACK
dmv.1935,body_type,IN,SN/P,reservoir,300,False,,51.0,51.0,0.0196078431372549,MCV_MISS_NDISTINCT_FALLBACK
dmv.1935,body_type,IN,SN/P,reservoir,1000,True,0.00010333333,55.0,55.0,0.00010333333,MCV_EXACT
dmv.1935,body_type,IN,SWT,native,100,False,,44.0,44.0,0.022727272727272728,MCV_MISS_NDISTINCT_FALLBACK
dmv.1935,body_type,IN,SWT,native,300,False,,51.0,51.0,0.0196078431372549,MCV_MISS_NDISTINCT_FALLBACK
dmv.1935,body_type,IN,SWT,native,1000,True,5e-05,57.0,57.0,5e-05,MCV_EXACT
dmv.1935,body_type,IN,SWT,reservoir,100,False,,44.0,44.0,0.022727272727272728,MCV_MISS_NDISTINCT_FALLBACK
dmv.1935,body_type,IN,SWT,reservoir,300,False,,51.0,51.0,0.0196078431372549,MCV_MISS_NDISTINCT_FALLBACK
dmv.1935,body_type,IN,SWT,reservoir,1000,False,,55.0,55.0,0.01818181818181818,MCV_MISS_NDISTINCT_FALLBACK
dmv.1935,body_type,IN,LIM,native,100,False,,44.0,44.0,0.022727272727272728,MCV_MISS_NDISTINCT_FALLBACK
dmv.1935,body_type,IN,LIM,native,300,True,0.00014444445,51.0,51.0,0.00014444445,MCV_EXACT
dmv.1935,body_type,IN,LIM,native,1000,True,7e-05,57.0,57.0,7e-05,MCV_EXACT
dmv.1935,body_type,IN,LIM,reservoir,100,False,,44.0,44.0,0.022727272727272728,MCV_MISS_NDISTINCT_FALLBACK
dmv.1935,body_type,IN,LIM,reservoir,300,False,,51.0,51.0,0.0196078431372549,MCV_MISS_NDISTINCT_FALLBACK
dmv.1935,body_type,IN,LIM,reservoir,1000,True,9e-05,55.0,55.0,9e-05,MCV_EXACT
dmv.1935,fuel_type,=,GAS,native,100,True,0.90966666,8.0,8.0,0.90966666,MCV_EXACT
dmv.1935,fuel_type,=,GAS,native,300,True,0.908,9.0,9.0,0.908,MCV_EXACT
dmv.1935,fuel_type,=,GAS,native,1000,True,0.9083833,9.0,9.0,0.9083833,MCV_EXACT
dmv.1935,fuel_type,=,GAS,reservoir,100,True,0.9099333,9.0,9.0,0.9099333,MCV_EXACT
dmv.1935,fuel_type,=,GAS,reservoir,300,True,0.90846664,9.0,9.0,0.90846664,MCV_EXACT
dmv.1935,fuel_type,=,GAS,reservoir,1000,True,0.90838665,9.0,9.0,0.90838665,MCV_EXACT
dmv.1935,scofflaw_indicator,=,N,native,100,True,0.9998,2.0,2.0,0.9998,MCV_EXACT
dmv.1935,scofflaw_indicator,=,N,native,300,True,0.99976665,2.0,2.0,0.99976665,MCV_EXACT
dmv.1935,scofflaw_indicator,=,N,native,1000,True,0.9997467,2.0,2.0,0.9997467,MCV_EXACT
dmv.1935,scofflaw_indicator,=,N,reservoir,100,True,0.9999,2.0,2.0,0.9999,MCV_EXACT
dmv.1935,scofflaw_indicator,=,N,reservoir,300,True,0.9997889,2.0,2.0,0.9997889,MCV_EXACT
dmv.1935,scofflaw_indicator,=,N,reservoir,1000,True,0.99978334,2.0,2.0,0.99978334,MCV_EXACT
dmv.1935,suspension_indicator,=,N,native,100,True,0.99156666,2.0,2.0,0.99156666,MCV_EXACT
dmv.1935,suspension_indicator,=,N,native,300,True,0.9909667,2.0,2.0,0.9909667,MCV_EXACT
dmv.1935,suspension_indicator,=,N,native,1000,True,0.99139,2.0,2.0,0.99139,MCV_EXACT
dmv.1935,suspension_indicator,=,N,reservoir,100,True,0.99123335,2.0,2.0,0.99123335,MCV_EXACT
dmv.1935,suspension_indicator,=,N,reservoir,300,True,0.9912222,2.0,2.0,0.9912222,MCV_EXACT
dmv.1935,suspension_indicator,=,N,reservoir,1000,True,0.99138,2.0,2.0,0.99138,MCV_EXACT
dmv.1935,revocation_indicator,=,N,native,100,True,0.99616665,2.0,2.0,0.99616665,MCV_EXACT
dmv.1935,revocation_indicator,=,N,native,300,True,0.9952111,2.0,2.0,0.9952111,MCV_EXACT
dmv.1935,revocation_indicator,=,N,native,1000,True,0.99562335,2.0,2.0,0.99562335,MCV_EXACT
dmv.1935,revocation_indicator,=,N,reservoir,100,True,0.9953,2.0,2.0,0.9953,MCV_EXACT
dmv.1935,revocation_indicator,=,N,reservoir,300,True,0.9954889,2.0,2.0,0.9954889,MCV_EXACT
dmv.1935,revocation_indicator,=,N,reservoir,1000,True,0.9956333,2.0,2.0,0.9956333,MCV_EXACT
dmv.265,record_type,IN,VEH,native,100,True,0.92153335,4.0,4.0,0.92153335,MCV_EXACT
dmv.265,record_type,IN,VEH,native,300,True,0.91954446,4.0,4.0,0.91954446,MCV_EXACT
dmv.265,record_type,IN,VEH,native,1000,True,0.92067665,4.0,4.0,0.92067665,MCV_EXACT
dmv.265,record_type,IN,VEH,reservoir,100,True,0.9191333,4.0,4.0,0.9191333,MCV_EXACT
dmv.265,record_type,IN,VEH,reservoir,300,True,0.92116666,4.0,4.0,0.92116666,MCV_EXACT
dmv.265,record_type,IN,VEH,reservoir,1000,True,0.91965336,4.0,4.0,0.91965336,MCV_EXACT
dmv.265,record_type,IN,TRL,native,100,True,0.038966667,4.0,4.0,0.038966667,MCV_EXACT
dmv.265,record_type,IN,TRL,native,300,True,0.038733333,4.0,4.0,0.038733333,MCV_EXACT
dmv.265,record_type,IN,TRL,native,1000,True,0.038576666,4.0,4.0,0.038576666,MCV_EXACT
dmv.265,record_type,IN,TRL,reservoir,100,True,0.03973333,4.0,4.0,0.03973333,MCV_EXACT
dmv.265,record_type,IN,TRL,reservoir,300,True,0.03926667,4.0,4.0,0.03926667,MCV_EXACT
dmv.265,record_type,IN,TRL,reservoir,1000,True,0.039506666,4.0,4.0,0.039506666,MCV_EXACT
dmv.265,state,IN,NJ,native,100,True,0.0036666666,34.0,34.0,0.0036666666,MCV_EXACT
dmv.265,state,IN,NJ,native,300,True,0.003911111,43.0,43.0,0.003911111,MCV_EXACT
dmv.265,state,IN,NJ,native,1000,True,0.0040566665,57.0,57.0,0.0040566665,MCV_EXACT
dmv.265,state,IN,NJ,reservoir,100,True,0.0038666667,36.0,36.0,0.0038666667,MCV_EXACT
dmv.265,state,IN,NJ,reservoir,300,True,0.004033333,47.0,47.0,0.004033333,MCV_EXACT
dmv.265,state,IN,NJ,reservoir,1000,True,0.0040233335,56.0,56.0,0.0040233335,MCV_EXACT
dmv.265,state,IN,OK,native,100,True,0.004466667,34.0,34.0,0.004466667,MCV_EXACT
dmv.265,state,IN,OK,native,300,True,0.0044555557,43.0,43.0,0.0044555557,MCV_EXACT
dmv.265,state,IN,OK,native,1000,True,0.004393333,57.0,57.0,0.004393333,MCV_EXACT
dmv.265,state,IN,OK,reservoir,100,True,0.0045666667,36.0,36.0,0.0045666667,MCV_EXACT
dmv.265,state,IN,OK,reservoir,300,True,0.004644444,47.0,47.0,0.004644444,MCV_EXACT
dmv.265,state,IN,OK,reservoir,1000,True,0.004273333,56.0,56.0,0.004273333,MCV_EXACT
dmv.265,state,IN,PA,native,100,True,0.0009666667,34.0,34.0,0.0009666667,MCV_EXACT
dmv.265,state,IN,PA,native,300,True,0.0015555555,43.0,43.0,0.0015555555,MCV_EXACT
dmv.265,state,IN,PA,native,1000,True,0.0014266666,57.0,57.0,0.0014266666,MCV_EXACT
dmv.265,state,IN,PA,reservoir,100,True,0.0013,36.0,36.0,0.0013,MCV_EXACT
dmv.265,state,IN,PA,reservoir,300,True,0.0013888889,47.0,47.0,0.0013888889,MCV_EXACT
dmv.265,state,IN,PA,reservoir,1000,True,0.0014966667,56.0,56.0,0.0014966667,MCV_EXACT
dmv.265,state,IN,MD,native,100,True,0.0013333333,34.0,34.0,0.0013333333,MCV_EXACT
dmv.265,state,IN,MD,native,300,True,0.0013222222,43.0,43.0,0.0013222222,MCV_EXACT
dmv.265,state,IN,MD,native,1000,True,0.0014033334,57.0,57.0,0.0014033334,MCV_EXACT
dmv.265,state,IN,MD,reservoir,100,True,0.0015333333,36.0,36.0,0.0015333333,MCV_EXACT
dmv.265,state,IN,MD,reservoir,300,True,0.0013333333,47.0,47.0,0.0013333333,MCV_EXACT
dmv.265,state,IN,MD,reservoir,1000,True,0.0013333333,56.0,56.0,0.0013333333,MCV_EXACT
dmv.265,state,IN,IL,native,100,True,0.0013,34.0,34.0,0.0013,MCV_EXACT
dmv.265,state,IN,IL,native,300,True,0.0014,43.0,43.0,0.0014,MCV_EXACT
dmv.265,state,IN,IL,native,1000,True,0.0013566667,57.0,57.0,0.0013566667,MCV_EXACT
dmv.265,state,IN,IL,reservoir,100,True,0.0012,36.0,36.0,0.0012,MCV_EXACT
dmv.265,state,IN,IL,reservoir,300,True,0.0014111111,47.0,47.0,0.0014111111,MCV_EXACT
dmv.265,state,IN,IL,reservoir,1000,True,0.00129,56.0,56.0,0.00129,MCV_EXACT
dmv.265,state,IN,TX,native,100,True,0.0006,34.0,34.0,0.0006,MCV_EXACT
dmv.265,state,IN,TX,native,300,True,0.00076666666,43.0,43.0,0.00076666666,MCV_EXACT
dmv.265,state,IN,TX,native,1000,True,0.0008066667,57.0,57.0,0.0008066667,MCV_EXACT
dmv.265,state,IN,TX,reservoir,100,True,0.00083333335,36.0,36.0,0.00083333335,MCV_EXACT
dmv.265,state,IN,TX,reservoir,300,True,0.00077777775,47.0,47.0,0.00077777775,MCV_EXACT
dmv.265,state,IN,TX,reservoir,1000,True,0.0008166667,56.0,56.0,0.0008166667,MCV_EXACT
dmv.265,state,IN,FL,native,100,True,0.00056666665,34.0,34.0,0.00056666665,MCV_EXACT
dmv.265,state,IN,FL,native,300,True,0.00056666665,43.0,43.0,0.00056666665,MCV_EXACT
dmv.265,state,IN,FL,native,1000,True,0.0005533333,57.0,57.0,0.0005533333,MCV_EXACT
dmv.265,state,IN,FL,reservoir,100,True,0.0005,36.0,36.0,0.0005,MCV_EXACT
dmv.265,state,IN,FL,reservoir,300,True,0.00063333334,47.0,47.0,0.00063333334,MCV_EXACT
dmv.265,state,IN,FL,reservoir,1000,True,0.00051333336,56.0,56.0,0.00051333336,MCV_EXACT
dmv.265,state,IN,GA,native,100,True,0.00043333333,34.0,34.0,0.00043333333,MCV_EXACT
dmv.265,state,IN,GA,native,300,True,0.00055555557,43.0,43.0,0.00055555557,MCV_EXACT
dmv.265,state,IN,GA,native,1000,True,0.0005533333,57.0,57.0,0.0005533333,MCV_EXACT
dmv.265,state,IN,GA,reservoir,100,True,0.00046666668,36.0,36.0,0.00046666668,MCV_EXACT
dmv.265,state,IN,GA,reservoir,300,True,0.00043333333,47.0,47.0,0.00043333333,MCV_EXACT
dmv.265,state,IN,GA,reservoir,1000,True,0.0005533333,56.0,56.0,0.0005533333,MCV_EXACT
dmv.265,state,IN,CT,native,100,True,0.00053333334,34.0,34.0,0.00053333334,MCV_EXACT
dmv.265,state,IN,CT,native,300,True,0.00055555557,43.0,43.0,0.00055555557,MCV_EXACT
dmv.265,state,IN,CT,native,1000,True,0.00057,57.0,57.0,0.00057,MCV_EXACT
dmv.265,state,IN,CT,reservoir,100,True,0.0005,36.0,36.0,0.0005,MCV_EXACT
dmv.265,state,IN,CT,reservoir,300,True,0.00044444445,47.0,47.0,0.00044444445,MCV_EXACT
dmv.265,state,IN,CT,reservoir,1000,True,0.00056666665,56.0,56.0,0.00056666665,MCV_EXACT
dmv.265,state,IN,IN,native,100,True,0.00046666668,34.0,34.0,0.00046666668,MCV_EXACT
dmv.265,state,IN,IN,native,300,True,0.0004111111,43.0,43.0,0.0004111111,MCV_EXACT
dmv.265,state,IN,IN,native,1000,True,0.0004,57.0,57.0,0.0004,MCV_EXACT
dmv.265,state,IN,IN,reservoir,100,True,0.00036666667,36.0,36.0,0.00036666667,MCV_EXACT
dmv.265,state,IN,IN,reservoir,300,True,0.0004111111,47.0,47.0,0.0004111111,MCV_EXACT
dmv.265,state,IN,IN,reservoir,1000,True,0.00042333335,56.0,56.0,0.00042333335,MCV_EXACT
dmv.265,state,IN,OH,native,100,True,0.00053333334,34.0,34.0,0.00053333334,MCV_EXACT
dmv.265,state,IN,OH,native,300,True,0.0002888889,43.0,43.0,0.0002888889,MCV_EXACT
dmv.265,state,IN,OH,native,1000,True,0.00026333332,57.0,57.0,0.00026333332,MCV_EXACT
dmv.265,state,IN,OH,reservoir,100,False,,36.0,36.0,0.027777777777777776,MCV_MISS_NDISTINCT_FALLBACK
dmv.265,state,IN,OH,reservoir,300,True,0.00024444444,47.0,47.0,0.00024444444,MCV_EXACT
dmv.265,state,IN,OH,reservoir,1000,True,0.0003,56.0,56.0,0.0003,MCV_EXACT
dmv.265,state,IN,WI,native,100,False,,34.0,34.0,0.029411764705882353,MCV_MISS_NDISTINCT_FALLBACK
dmv.265,state,IN,WI,native,300,True,0.00016666666,43.0,43.0,0.00016666666,MCV_EXACT
dmv.265,state,IN,WI,native,1000,True,0.00026333332,57.0,57.0,0.00026333332,MCV_EXACT
dmv.265,state,IN,WI,reservoir,100,False,,36.0,36.0,0.027777777777777776,MCV_MISS_NDISTINCT_FALLBACK
dmv.265,state,IN,WI,reservoir,300,True,0.00015555555,47.0,47.0,0.00015555555,MCV_EXACT
dmv.265,state,IN,WI,reservoir,1000,True,0.00022,56.0,56.0,0.00022,MCV_EXACT
dmv.265,state,IN,MA,native,100,True,0.00033333333,34.0,34.0,0.00033333333,MCV_EXACT
dmv.265,state,IN,MA,native,300,True,0.00032222221,43.0,43.0,0.00032222221,MCV_EXACT
dmv.265,state,IN,MA,native,1000,True,0.00028333333,57.0,57.0,0.00028333333,MCV_EXACT
dmv.265,state,IN,MA,reservoir,100,False,,36.0,36.0,0.027777777777777776,MCV_MISS_NDISTINCT_FALLBACK
dmv.265,state,IN,MA,reservoir,300,True,0.00025555555,47.0,47.0,0.00025555555,MCV_EXACT
dmv.265,state,IN,MA,reservoir,1000,True,0.00024333333,56.0,56.0,0.00024333333,MCV_EXACT
dmv.265,state,IN,AZ,native,100,True,0.00033333333,34.0,34.0,0.00033333333,MCV_EXACT
dmv.265,state,IN,AZ,native,300,True,0.00026666667,43.0,43.0,0.00026666667,MCV_EXACT
dmv.265,state,IN,AZ,native,1000,True,0.00022333334,57.0,57.0,0.00022333334,MCV_EXACT
dmv.265,state,IN,AZ,reservoir,100,False,,36.0,36.0,0.027777777777777776,MCV_MISS_NDISTINCT_FALLBACK
dmv.265,state,IN,AZ,reservoir,300,True,0.00026666667,47.0,47.0,0.00026666667,MCV_EXACT
dmv.265,state,IN,AZ,reservoir,1000,True,0.00023,56.0,56.0,0.00023,MCV_EXACT
dmv.265,state,IN,CA,native,100,False,,34.0,34.0,0.029411764705882353,MCV_MISS_NDISTINCT_FALLBACK
dmv.265,state,IN,CA,native,300,True,0.00026666667,43.0,43.0,0.00026666667,MCV_EXACT
dmv.265,state,IN,CA,native,1000,True,0.00023,57.0,57.0,0.00023,MCV_EXACT
dmv.265,state,IN,CA,reservoir,100,False,,36.0,36.0,0.027777777777777776,MCV_MISS_NDISTINCT_FALLBACK
dmv.265,state,IN,CA,reservoir,300,True,0.0002,47.0,47.0,0.0002,MCV_EXACT
dmv.265,state,IN,CA,reservoir,1000,True,0.00020666666,56.0,56.0,0.00020666666,MCV_EXACT
dmv.265,state,IN,VA,native,100,False,,34.0,34.0,0.029411764705882353,MCV_MISS_NDISTINCT_FALLBACK
dmv.265,state,IN,VA,native,300,False,,43.0,43.0,0.023255813953488372,MCV_MISS_NDISTINCT_FALLBACK
dmv.265,state,IN,VA,native,1000,True,0.00013333333,57.0,57.0,0.00013333333,MCV_EXACT
dmv.265,state,IN,VA,reservoir,100,False,,36.0,36.0,0.027777777777777776,MCV_MISS_NDISTINCT_FALLBACK
dmv.265,state,IN,VA,reservoir,300,True,0.00017777778,47.0,47.0,0.00017777778,MCV_EXACT
dmv.265,state,IN,VA,reservoir,1000,True,0.00014,56.0,56.0,0.00014,MCV_EXACT
dmv.265,state,IN,NC,native,100,False,,34.0,34.0,0.029411764705882353,MCV_MISS_NDISTINCT_FALLBACK
dmv.265,state,IN,NC,native,300,True,0.00014444445,43.0,43.0,0.00014444445,MCV_EXACT
dmv.265,state,IN,NC,native,1000,True,0.00018666667,57.0,57.0,0.00018666667,MCV_EXACT
dmv.265,state,IN,NC,reservoir,100,False,,36.0,36.0,0.027777777777777776,MCV_MISS_NDISTINCT_FALLBACK
dmv.265,state,IN,NC,reservoir,300,True,0.0001888889,47.0,47.0,0.0001888889,MCV_EXACT
dmv.265,state,IN,NC,reservoir,1000,True,0.00013333333,56.0,56.0,0.00013333333,MCV_EXACT
dmv.265,state,IN,TN,native,100,False,,34.0,34.0,0.029411764705882353,MCV_MISS_NDISTINCT_FALLBACK
dmv.265,state,IN,TN,native,300,False,,43.0,43.0,0.023255813953488372,MCV_MISS_NDISTINCT_FALLBACK
dmv.265,state,IN,TN,native,1000,True,0.00011666667,57.0,57.0,0.00011666667,MCV_EXACT
dmv.265,state,IN,TN,reservoir,100,False,,36.0,36.0,0.027777777777777776,MCV_MISS_NDISTINCT_FALLBACK
dmv.265,state,IN,TN,reservoir,300,True,0.00012222222,47.0,47.0,0.00012222222,MCV_EXACT
dmv.265,state,IN,TN,reservoir,1000,True,0.00010666667,56.0,56.0,0.00010666667,MCV_EXACT
dmv.265,state,IN,NH,native,100,False,,34.0,34.0,0.029411764705882353,MCV_MISS_NDISTINCT_FALLBACK
dmv.265,state,IN,NH,native,300,False,,43.0,43.0,0.023255813953488372,MCV_MISS_NDISTINCT_FALLBACK
dmv.265,state,IN,NH,native,1000,True,6e-05,57.0,57.0,6e-05,MCV_EXACT
dmv.265,state,IN,NH,reservoir,100,False,,36.0,36.0,0.027777777777777776,MCV_MISS_NDISTINCT_FALLBACK
dmv.265,state,IN,NH,reservoir,300,False,,47.0,47.0,0.02127659574468085,MCV_MISS_NDISTINCT_FALLBACK
dmv.265,state,IN,NH,reservoir,1000,True,8e-05,56.0,56.0,8e-05,MCV_EXACT
dmv.265,state,IN,AL,native,100,False,,34.0,34.0,0.029411764705882353,MCV_MISS_NDISTINCT_FALLBACK
dmv.265,state,IN,AL,native,300,False,,43.0,43.0,0.023255813953488372,MCV_MISS_NDISTINCT_FALLBACK
dmv.265,state,IN,AL,native,1000,True,4.3333333e-05,57.0,57.0,4.3333333e-05,MCV_EXACT
dmv.265,state,IN,AL,reservoir,100,False,,36.0,36.0,0.027777777777777776,MCV_MISS_NDISTINCT_FALLBACK
dmv.265,state,IN,AL,reservoir,300,False,,47.0,47.0,0.02127659574468085,MCV_MISS_NDISTINCT_FALLBACK
dmv.265,state,IN,AL,reservoir,1000,True,7.3333336e-05,56.0,56.0,7.3333336e-05,MCV_EXACT
dmv.265,state,IN,VT,native,100,False,,34.0,34.0,0.029411764705882353,MCV_MISS_NDISTINCT_FALLBACK
dmv.265,state,IN,VT,native,300,False,,43.0,43.0,0.023255813953488372,MCV_MISS_NDISTINCT_FALLBACK
dmv.265,state,IN,VT,native,1000,True,6e-05,57.0,57.0,6e-05,MCV_EXACT
dmv.265,state,IN,VT,reservoir,100,False,,36.0,36.0,0.027777777777777776,MCV_MISS_NDISTINCT_FALLBACK
dmv.265,state,IN,VT,reservoir,300,True,0.0001,47.0,47.0,0.0001,MCV_EXACT
dmv.265,state,IN,VT,reservoir,1000,True,6.666667e-05,56.0,56.0,6.666667e-05,MCV_EXACT
dmv.265,state,IN,SC,native,100,False,,34.0,34.0,0.029411764705882353,MCV_MISS_NDISTINCT_FALLBACK
dmv.265,state,IN,SC,native,300,False,,43.0,43.0,0.023255813953488372,MCV_MISS_NDISTINCT_FALLBACK
dmv.265,state,IN,SC,native,1000,True,7.666666e-05,57.0,57.0,7.666666e-05,MCV_EXACT
dmv.265,state,IN,SC,reservoir,100,False,,36.0,36.0,0.027777777777777776,MCV_MISS_NDISTINCT_FALLBACK
dmv.265,state,IN,SC,reservoir,300,False,,47.0,47.0,0.02127659574468085,MCV_MISS_NDISTINCT_FALLBACK
dmv.265,state,IN,SC,reservoir,1000,True,6e-05,56.0,56.0,6e-05,MCV_EXACT
dmv.265,state,IN,MO,native,100,False,,34.0,34.0,0.029411764705882353,MCV_MISS_NDISTINCT_FALLBACK
dmv.265,state,IN,MO,native,300,False,,43.0,43.0,0.023255813953488372,MCV_MISS_NDISTINCT_FALLBACK
dmv.265,state,IN,MO,native,1000,True,5.6666668e-05,57.0,57.0,5.6666668e-05,MCV_EXACT
dmv.265,state,IN,MO,reservoir,100,False,,36.0,36.0,0.027777777777777776,MCV_MISS_NDISTINCT_FALLBACK
dmv.265,state,IN,MO,reservoir,300,False,,47.0,47.0,0.02127659574468085,MCV_MISS_NDISTINCT_FALLBACK
dmv.265,state,IN,MO,reservoir,1000,True,4.6666668e-05,56.0,56.0,4.6666668e-05,MCV_EXACT
dmv.265,state,IN,MN,native,100,False,,34.0,34.0,0.029411764705882353,MCV_MISS_NDISTINCT_FALLBACK
dmv.265,state,IN,MN,native,300,False,,43.0,43.0,0.023255813953488372,MCV_MISS_NDISTINCT_FALLBACK
dmv.265,state,IN,MN,native,1000,True,7.3333336e-05,57.0,57.0,7.3333336e-05,MCV_EXACT
dmv.265,state,IN,MN,reservoir,100,False,,36.0,36.0,0.027777777777777776,MCV_MISS_NDISTINCT_FALLBACK
dmv.265,state,IN,MN,reservoir,300,False,,47.0,47.0,0.02127659574468085,MCV_MISS_NDISTINCT_FALLBACK
dmv.265,state,IN,MN,reservoir,1000,True,8.333333e-05,56.0,56.0,8.333333e-05,MCV_EXACT
dmv.265,state,IN,CO,native,100,False,,34.0,34.0,0.029411764705882353,MCV_MISS_NDISTINCT_FALLBACK
dmv.265,state,IN,CO,native,300,False,,43.0,43.0,0.023255813953488372,MCV_MISS_NDISTINCT_FALLBACK
dmv.265,state,IN,CO,native,1000,False,,57.0,57.0,0.017543859649122806,MCV_MISS_NDISTINCT_FALLBACK
dmv.265,state,IN,CO,reservoir,100,False,,36.0,36.0,0.027777777777777776,MCV_MISS_NDISTINCT_FALLBACK
dmv.265,state,IN,CO,reservoir,300,False,,47.0,47.0,0.02127659574468085,MCV_MISS_NDISTINCT_FALLBACK
dmv.265,state,IN,CO,reservoir,1000,True,4e-05,56.0,56.0,4e-05,MCV_EXACT
dmv.265,state,IN,MI,native,100,False,,34.0,34.0,0.029411764705882353,MCV_MISS_NDISTINCT_FALLBACK
dmv.265,state,IN,MI,native,300,False,,43.0,43.0,0.023255813953488372,MCV_MISS_NDISTINCT_FALLBACK
dmv.265,state,IN,MI,native,1000,True,0.0001,57.0,57.0,0.0001,MCV_EXACT
dmv.265,state,IN,MI,reservoir,100,False,,36.0,36.0,0.027777777777777776,MCV_MISS_NDISTINCT_FALLBACK
dmv.265,state,IN,MI,reservoir,300,True,0.00015555555,47.0,47.0,0.00015555555,MCV_EXACT
dmv.265,state,IN,MI,reservoir,1000,True,9e-05,56.0,56.0,9e-05,MCV_EXACT
dmv.265,state,IN,DE,native,100,False,,34.0,34.0,0.029411764705882353,MCV_MISS_NDISTINCT_FALLBACK
dmv.265,state,IN,DE,native,300,False,,43.0,43.0,0.023255813953488372,MCV_MISS_NDISTINCT_FALLBACK
dmv.265,state,IN,DE,native,1000,False,,57.0,57.0,0.017543859649122806,MCV_MISS_NDISTINCT_FALLBACK
dmv.265,state,IN,DE,reservoir,100,False,,36.0,36.0,0.027777777777777776,MCV_MISS_NDISTINCT_FALLBACK
dmv.265,state,IN,DE,reservoir,300,False,,47.0,47.0,0.02127659574468085,MCV_MISS_NDISTINCT_FALLBACK
dmv.265,state,IN,DE,reservoir,1000,True,6.333333e-05,56.0,56.0,6.333333e-05,MCV_EXACT
dmv.265,state,IN,WA,native,100,False,,34.0,34.0,0.029411764705882353,MCV_MISS_NDISTINCT_FALLBACK
dmv.265,state,IN,WA,native,300,False,,43.0,43.0,0.023255813953488372,MCV_MISS_NDISTINCT_FALLBACK
dmv.265,state,IN,WA,native,1000,False,,57.0,57.0,0.017543859649122806,MCV_MISS_NDISTINCT_FALLBACK
dmv.265,state,IN,WA,reservoir,100,False,,36.0,36.0,0.027777777777777776,MCV_MISS_NDISTINCT_FALLBACK
dmv.265,state,IN,WA,reservoir,300,False,,47.0,47.0,0.02127659574468085,MCV_MISS_NDISTINCT_FALLBACK
dmv.265,state,IN,WA,reservoir,1000,False,,56.0,56.0,0.017857142857142856,MCV_MISS_NDISTINCT_FALLBACK
dmv.265,state,IN,NT,native,100,False,,34.0,34.0,0.029411764705882353,MCV_MISS_NDISTINCT_FALLBACK
dmv.265,state,IN,NT,native,300,False,,43.0,43.0,0.023255813953488372,MCV_MISS_NDISTINCT_FALLBACK
dmv.265,state,IN,NT,native,1000,True,3.6666668e-05,57.0,57.0,3.6666668e-05,MCV_EXACT
dmv.265,state,IN,NT,reservoir,100,False,,36.0,36.0,0.027777777777777776,MCV_MISS_NDISTINCT_FALLBACK
dmv.265,state,IN,NT,reservoir,300,False,,47.0,47.0,0.02127659574468085,MCV_MISS_NDISTINCT_FALLBACK
dmv.265,state,IN,NT,reservoir,1000,False,,56.0,56.0,0.017857142857142856,MCV_MISS_NDISTINCT_FALLBACK
dmv.265,state,IN,RI,native,100,False,,34.0,34.0,0.029411764705882353,MCV_MISS_NDISTINCT_FALLBACK
dmv.265,state,IN,RI,native,300,False,,43.0,43.0,0.023255813953488372,MCV_MISS_NDISTINCT_FALLBACK
dmv.265,state,IN,RI,native,1000,False,,57.0,57.0,0.017543859649122806,MCV_MISS_NDISTINCT_FALLBACK
dmv.265,state,IN,RI,reservoir,100,False,,36.0,36.0,0.027777777777777776,MCV_MISS_NDISTINCT_FALLBACK
dmv.265,state,IN,RI,reservoir,300,False,,47.0,47.0,0.02127659574468085,MCV_MISS_NDISTINCT_FALLBACK
dmv.265,state,IN,RI,reservoir,1000,True,4.6666668e-05,56.0,56.0,4.6666668e-05,MCV_EXACT
dmv.265,state,IN,AR,native,100,False,,34.0,34.0,0.029411764705882353,MCV_MISS_NDISTINCT_FALLBACK
dmv.265,state,IN,AR,native,300,False,,43.0,43.0,0.023255813953488372,MCV_MISS_NDISTINCT_FALLBACK
dmv.265,state,IN,AR,native,1000,False,,57.0,57.0,0.017543859649122806,MCV_MISS_NDISTINCT_FALLBACK
dmv.265,state,IN,AR,reservoir,100,False,,36.0,36.0,0.027777777777777776,MCV_MISS_NDISTINCT_FALLBACK
dmv.265,state,IN,AR,reservoir,300,False,,47.0,47.0,0.02127659574468085,MCV_MISS_NDISTINCT_FALLBACK
dmv.265,state,IN,AR,reservoir,1000,False,,56.0,56.0,0.017857142857142856,MCV_MISS_NDISTINCT_FALLBACK
dmv.265,county,IN,ALBANY,native,100,True,0.022,63.0,63.0,0.022,MCV_EXACT
dmv.265,county,IN,ALBANY,native,300,True,0.022122223,63.0,63.0,0.022122223,MCV_EXACT
dmv.265,county,IN,ALBANY,native,1000,True,0.022053333,63.0,63.0,0.022053333,MCV_EXACT
dmv.265,county,IN,ALBANY,reservoir,100,True,0.0218,63.0,63.0,0.0218,MCV_EXACT
dmv.265,county,IN,ALBANY,reservoir,300,True,0.021533333,63.0,63.0,0.021533333,MCV_EXACT
dmv.265,county,IN,ALBANY,reservoir,1000,True,0.021556666,63.0,63.0,0.021556666,MCV_EXACT
dmv.265,county,IN,DUTCHESS,native,100,True,0.021166667,63.0,63.0,0.021166667,MCV_EXACT
dmv.265,county,IN,DUTCHESS,native,300,True,0.021144444,63.0,63.0,0.021144444,MCV_EXACT
dmv.265,county,IN,DUTCHESS,native,1000,True,0.021646667,63.0,63.0,0.021646667,MCV_EXACT
dmv.265,county,IN,DUTCHESS,reservoir,100,True,0.022733333,63.0,63.0,0.022733333,MCV_EXACT
dmv.265,county,IN,DUTCHESS,reservoir,300,True,0.021711111,63.0,63.0,0.021711111,MCV_EXACT
dmv.265,county,IN,DUTCHESS,reservoir,1000,True,0.02104,63.0,63.0,0.02104,MCV_EXACT
dmv.265,county,IN,SARATOGA,native,100,True,0.0181,63.0,63.0,0.0181,MCV_EXACT
dmv.265,county,IN,SARATOGA,native,300,True,0.019122222,63.0,63.0,0.019122222,MCV_EXACT
dmv.265,county,IN,SARATOGA,native,1000,True,0.0188,63.0,63.0,0.0188,MCV_EXACT
dmv.265,county,IN,SARATOGA,reservoir,100,True,0.020666666,63.0,63.0,0.020666666,MCV_EXACT
dmv.265,county,IN,SARATOGA,reservoir,300,True,0.0192,63.0,63.0,0.0192,MCV_EXACT
dmv.265,county,IN,SARATOGA,reservoir,1000,True,0.019166667,63.0,63.0,0.019166667,MCV_EXACT
dmv.265,county,IN,ROCKLAND,native,100,True,0.0183,63.0,63.0,0.0183,MCV_EXACT
dmv.265,county,IN,ROCKLAND,native,300,True,0.018433332,63.0,63.0,0.018433332,MCV_EXACT
dmv.265,county,IN,ROCKLAND,native,1000,True,0.019183334,63.0,63.0,0.019183334,MCV_EXACT
dmv.265,county,IN,ROCKLAND,reservoir,100,True,0.019266667,63.0,63.0,0.019266667,MCV_EXACT
dmv.265,county,IN,ROCKLAND,reservoir,300,True,0.020122223,63.0,63.0,0.020122223,MCV_EXACT
dmv.265,county,IN,ROCKLAND,reservoir,1000,True,0.018986667,63.0,63.0,0.018986667,MCV_EXACT
dmv.265,county,IN,ONEIDA,native,100,True,0.0177,63.0,63.0,0.0177,MCV_EXACT
dmv.265,county,IN,ONEIDA,native,300,True,0.0166,63.0,63.0,0.0166,MCV_EXACT
dmv.265,county,IN,ONEIDA,native,1000,True,0.016443333,63.0,63.0,0.016443333,MCV_EXACT
dmv.265,county,IN,ONEIDA,reservoir,100,True,0.015366667,63.0,63.0,0.015366667,MCV_EXACT
dmv.265,county,IN,ONEIDA,reservoir,300,True,0.016577778,63.0,63.0,0.016577778,MCV_EXACT
dmv.265,county,IN,ONEIDA,reservoir,1000,True,0.016443333,63.0,63.0,0.016443333,MCV_EXACT
dmv.265,county,IN,NIAGARA,native,100,True,0.014933334,63.0,63.0,0.014933334,MCV_EXACT
dmv.265,county,IN,NIAGARA,native,300,True,0.0150666665,63.0,63.0,0.0150666665,MCV_EXACT
dmv.265,county,IN,NIAGARA,native,1000,True,0.014953333,63.0,63.0,0.014953333,MCV_EXACT
dmv.265,county,IN,NIAGARA,reservoir,100,True,0.0149,63.0,63.0,0.0149,MCV_EXACT
dmv.265,county,IN,NIAGARA,reservoir,300,True,0.0141888885,63.0,63.0,0.0141888885,MCV_EXACT
dmv.265,county,IN,NIAGARA,reservoir,1000,True,0.014866667,63.0,63.0,0.014866667,MCV_EXACT
dmv.265,county,IN,OUT-OF-STATE,native,100,False,,63.0,63.0,0.015873015873015872,MCV_MISS_NDISTINCT_FALLBACK
dmv.265,county,IN,OUT-OF-STATE,native,300,False,,63.0,63.0,0.015873015873015872,MCV_MISS_NDISTINCT_FALLBACK
dmv.265,county,IN,OUT-OF-STATE,native,1000,False,,63.0,63.0,0.015873015873015872,MCV_MISS_NDISTINCT_FALLBACK
dmv.265,county,IN,OUT-OF-STATE,reservoir,100,False,,63.0,63.0,0.015873015873015872,MCV_MISS_NDISTINCT_FALLBACK
dmv.265,county,IN,OUT-OF-STATE,reservoir,300,False,,63.0,63.0,0.015873015873015872,MCV_MISS_NDISTINCT_FALLBACK
dmv.265,county,IN,OUT-OF-STATE,reservoir,1000,False,,63.0,63.0,0.015873015873015872,MCV_MISS_NDISTINCT_FALLBACK
dmv.265,county,IN,ULSTER,native,100,True,0.014566666,63.0,63.0,0.014566666,MCV_EXACT
dmv.265,county,IN,ULSTER,native,300,True,0.013544444,63.0,63.0,0.013544444,MCV_EXACT
dmv.265,county,IN,ULSTER,native,1000,True,0.01344,63.0,63.0,0.01344,MCV_EXACT
dmv.265,county,IN,ULSTER,reservoir,100,True,0.0129,63.0,63.0,0.0129,MCV_EXACT
dmv.265,county,IN,ULSTER,reservoir,300,True,0.013755555,63.0,63.0,0.013755555,MCV_EXACT
dmv.265,county,IN,ULSTER,reservoir,1000,True,0.013723333,63.0,63.0,0.013723333,MCV_EXACT
dmv.265,county,IN,BROOME,native,100,True,0.012866667,63.0,63.0,0.012866667,MCV_EXACT
dmv.265,county,IN,BROOME,native,300,True,0.013177778,63.0,63.0,0.013177778,MCV_EXACT
dmv.265,county,IN,BROOME,native,1000,True,0.013116667,63.0,63.0,0.013116667,MCV_EXACT
dmv.265,county,IN,BROOME,reservoir,100,True,0.012366666,63.0,63.0,0.012366666,MCV_EXACT
dmv.265,county,IN,BROOME,reservoir,300,True,0.013366667,63.0,63.0,0.013366667,MCV_EXACT
dmv.265,county,IN,BROOME,reservoir,1000,True,0.01352,63.0,63.0,0.01352,MCV_EXACT
dmv.265,county,IN,SCHENECTADY,native,100,True,0.011966666,63.0,63.0,0.011966666,MCV_EXACT
dmv.265,county,IN,SCHENECTADY,native,300,True,0.011644444,63.0,63.0,0.011644444,MCV_EXACT
dmv.265,county,IN,SCHENECTADY,native,1000,True,0.01121,63.0,63.0,0.01121,MCV_EXACT
dmv.265,county,IN,SCHENECTADY,reservoir,100,True,0.012,63.0,63.0,0.012,MCV_EXACT
dmv.265,county,IN,SCHENECTADY,reservoir,300,True,0.011533333,63.0,63.0,0.011533333,MCV_EXACT
dmv.265,county,IN,SCHENECTADY,reservoir,1000,True,0.01171,63.0,63.0,0.01171,MCV_EXACT
dmv.265,county,IN,RENSSELAER,native,100,True,0.012566667,63.0,63.0,0.012566667,MCV_EXACT
dmv.265,county,IN,RENSSELAER,native,300,True,0.0114,63.0,63.0,0.0114,MCV_EXACT
dmv.265,county,IN,RENSSELAER,native,1000,True,0.011156667,63.0,63.0,0.011156667,MCV_EXACT
dmv.265,county,IN,RENSSELAER,reservoir,100,True,0.010633334,63.0,63.0,0.010633334,MCV_EXACT
dmv.265,county,IN,RENSSELAER,reservoir,300,True,0.0111,63.0,63.0,0.0111,MCV_EXACT
dmv.265,county,IN,RENSSELAER,reservoir,1000,True,0.011246666,63.0,63.0,0.011246666,MCV_EXACT
dmv.265,body_type,IN,4DSD,native,100,True,0.3166,44.0,44.0,0.3166,MCV_EXACT
dmv.265,body_type,IN,4DSD,native,300,True,0.3141111,51.0,51.0,0.3141111,MCV_EXACT
dmv.265,body_type,IN,4DSD,native,1000,True,0.31395,57.0,57.0,0.31395,MCV_EXACT
dmv.265,body_type,IN,4DSD,reservoir,100,True,0.3175,44.0,44.0,0.3175,MCV_EXACT
dmv.265,body_type,IN,4DSD,reservoir,300,True,0.31611112,51.0,51.0,0.31611112,MCV_EXACT
dmv.265,body_type,IN,4DSD,reservoir,1000,True,0.31391,55.0,55.0,0.31391,MCV_EXACT
dmv.265,body_type,IN,PICK,native,100,True,0.039966665,44.0,44.0,0.039966665,MCV_EXACT
dmv.265,body_type,IN,PICK,native,300,True,0.038844444,51.0,51.0,0.038844444,MCV_EXACT
dmv.265,body_type,IN,PICK,native,1000,True,0.03935,57.0,57.0,0.03935,MCV_EXACT
dmv.265,body_type,IN,PICK,reservoir,100,True,0.038833335,44.0,44.0,0.038833335,MCV_EXACT
dmv.265,body_type,IN,PICK,reservoir,300,True,0.038455557,51.0,51.0,0.038455557,MCV_EXACT
dmv.265,body_type,IN,PICK,reservoir,1000,True,0.038766667,55.0,55.0,0.038766667,MCV_EXACT
dmv.265,body_type,IN,2DSD,native,100,True,0.03973333,44.0,44.0,0.03973333,MCV_EXACT
dmv.265,body_type,IN,2DSD,native,300,True,0.040644445,51.0,51.0,0.040644445,MCV_EXACT
dmv.265,body_type,IN,2DSD,native,1000,True,0.03967,57.0,57.0,0.03967,MCV_EXACT
dmv.265,body_type,IN,2DSD,reservoir,100,True,0.038366668,44.0,44.0,0.038366668,MCV_EXACT
dmv.265,body_type,IN,2DSD,reservoir,300,True,0.039655555,51.0,51.0,0.039655555,MCV_EXACT
dmv.265,body_type,IN,2DSD,reservoir,1000,True,0.03933,55.0,55.0,0.03933,MCV_EXACT
dmv.265,body_type,IN,BOAT,native,100,True,0.0327,44.0,44.0,0.0327,MCV_EXACT
dmv.265,body_type,IN,BOAT,native,300,True,0.033666667,51.0,51.0,0.033666667,MCV_EXACT
dmv.265,body_type,IN,BOAT,native,1000,True,0.032623332,57.0,57.0,0.032623332,MCV_EXACT
dmv.265,body_type,IN,BOAT,reservoir,100,True,0.033833332,44.0,44.0,0.033833332,MCV_EXACT
dmv.265,body_type,IN,BOAT,reservoir,300,True,0.031744443,51.0,51.0,0.031744443,MCV_EXACT
dmv.265,body_type,IN,BOAT,reservoir,1000,True,0.0329,55.0,55.0,0.0329,MCV_EXACT
dmv.265,body_type,IN,LTRL,native,100,True,0.019766666,44.0,44.0,0.019766666,MCV_EXACT
dmv.265,body_type,IN,LTRL,native,300,True,0.019988889,51.0,51.0,0.019988889,MCV_EXACT
dmv.265,body_type,IN,LTRL,native,1000,True,0.0202,57.0,57.0,0.0202,MCV_EXACT
dmv.265,body_type,IN,LTRL,reservoir,100,True,0.021766666,44.0,44.0,0.021766666,MCV_EXACT
dmv.265,body_type,IN,LTRL,reservoir,300,True,0.01991111,51.0,51.0,0.01991111,MCV_EXACT
dmv.265,body_type,IN,LTRL,reservoir,1000,True,0.020406667,55.0,55.0,0.020406667,MCV_EXACT
dmv.265,body_type,IN,MCY,native,100,True,0.0317,44.0,44.0,0.0317,MCV_EXACT
dmv.265,body_type,IN,MCY,native,300,True,0.030122222,51.0,51.0,0.030122222,MCV_EXACT
dmv.265,body_type,IN,MCY,native,1000,True,0.030603332,57.0,57.0,0.030603332,MCV_EXACT
dmv.265,body_type,IN,MCY,reservoir,100,True,0.0305,44.0,44.0,0.0305,MCV_EXACT
dmv.265,body_type,IN,MCY,reservoir,300,True,0.031911112,51.0,51.0,0.031911112,MCV_EXACT
dmv.265,body_type,IN,MCY,reservoir,1000,True,0.030536667,55.0,55.0,0.030536667,MCV_EXACT
dmv.265,body_type,IN,TRLR,native,100,True,0.013366667,44.0,44.0,0.013366667,MCV_EXACT
dmv.265,body_type,IN,TRLR,native,300,True,0.013366667,51.0,51.0,0.013366667,MCV_EXACT
dmv.265,body_type,IN,TRLR,native,1000,True,0.01357,57.0,57.0,0.01357,MCV_EXACT
dmv.265,body_type,IN,TRLR,reservoir,100,True,0.0138,44.0,44.0,0.0138,MCV_EXACT
dmv.265,body_type,IN,TRLR,reservoir,300,True,0.014644444,51.0,51.0,0.014644444,MCV_EXACT
dmv.265,body_type,IN,TRLR,reservoir,1000,True,0.014033333,55.0,55.0,0.014033333,MCV_EXACT
dmv.265,body_type,IN,VAN,native,100,True,0.018233333,44.0,44.0,0.018233333,MCV_EXACT
dmv.265,body_type,IN,VAN,native,300,True,0.019233333,51.0,51.0,0.019233333,MCV_EXACT
dmv.265,body_type,IN,VAN,native,1000,True,0.019436667,57.0,57.0,0.019436667,MCV_EXACT
dmv.265,body_type,IN,VAN,reservoir,100,True,0.0199,44.0,44.0,0.0199,MCV_EXACT
dmv.265,body_type,IN,VAN,reservoir,300,True,0.019633334,51.0,51.0,0.019633334,MCV_EXACT
dmv.265,body_type,IN,VAN,reservoir,1000,True,0.01936,55.0,55.0,0.01936,MCV_EXACT
dmv.265,body_type,IN,CONV,native,100,True,0.0142,44.0,44.0,0.0142,MCV_EXACT
dmv.265,body_type,IN,CONV,native,300,True,0.0144,51.0,51.0,0.0144,MCV_EXACT
dmv.265,body_type,IN,CONV,native,1000,True,0.01498,57.0,57.0,0.01498,MCV_EXACT
dmv.265,body_type,IN,CONV,reservoir,100,True,0.014733333,44.0,44.0,0.014733333,MCV_EXACT
dmv.265,body_type,IN,CONV,reservoir,300,True,0.014844445,51.0,51.0,0.014844445,MCV_EXACT
dmv.265,body_type,IN,CONV,reservoir,1000,True,0.014763333,55.0,55.0,0.014763333,MCV_EXACT
dmv.265,body_type,IN,ATV,native,100,True,0.0084,44.0,44.0,0.0084,MCV_EXACT
dmv.265,body_type,IN,ATV,native,300,True,0.009322222,51.0,51.0,0.009322222,MCV_EXACT
dmv.265,body_type,IN,ATV,native,1000,True,0.009113333,57.0,57.0,0.009113333,MCV_EXACT
dmv.265,body_type,IN,ATV,reservoir,100,True,0.0085,44.0,44.0,0.0085,MCV_EXACT
dmv.265,body_type,IN,ATV,reservoir,300,True,0.008744445,51.0,51.0,0.008744445,MCV_EXACT
dmv.265,body_type,IN,ATV,reservoir,1000,True,0.008986667,55.0,55.0,0.008986667,MCV_EXACT
dmv.265,body_type,IN,SNOW,native,100,True,0.0071333335,44.0,44.0,0.0071333335,MCV_EXACT
dmv.265,body_type,IN,SNOW,native,300,True,0.008444444,51.0,51.0,0.008444444,MCV_EXACT
dmv.265,body_type,IN,SNOW,native,1000,True,0.00852,57.0,57.0,0.00852,MCV_EXACT
dmv.265,body_type,IN,SNOW,reservoir,100,True,0.0076,44.0,44.0,0.0076,MCV_EXACT
dmv.265,body_type,IN,SNOW,reservoir,300,True,0.008155555,51.0,51.0,0.008155555,MCV_EXACT
dmv.265,body_type,IN,SNOW,reservoir,1000,True,0.00822,55.0,55.0,0.00822,MCV_EXACT
dmv.265,body_type,IN,DUMP,native,100,True,0.0070666666,44.0,44.0,0.0070666666,MCV_EXACT
dmv.265,body_type,IN,DUMP,native,300,True,0.0068555553,51.0,51.0,0.0068555553,MCV_EXACT
dmv.265,body_type,IN,DUMP,native,1000,True,0.006903333,57.0,57.0,0.006903333,MCV_EXACT
dmv.265,body_type,IN,DUMP,reservoir,100,True,0.0070666666,44.0,44.0,0.0070666666,MCV_EXACT
dmv.265,body_type,IN,DUMP,reservoir,300,True,0.007022222,51.0,51.0,0.007022222,MCV_EXACT
dmv.265,body_type,IN,DUMP,reservoir,1000,True,0.006786667,55.0,55.0,0.006786667,MCV_EXACT
dmv.265,body_type,IN,BUS,native,100,True,0.0057333335,44.0,44.0,0.0057333335,MCV_EXACT
dmv.265,body_type,IN,BUS,native,300,True,0.0054111113,51.0,51.0,0.0054111113,MCV_EXACT
dmv.265,body_type,IN,BUS,native,1000,True,0.0050666668,57.0,57.0,0.0050666668,MCV_EXACT
dmv.265,body_type,IN,BUS,reservoir,100,True,0.005266667,44.0,44.0,0.005266667,MCV_EXACT
dmv.265,body_type,IN,BUS,reservoir,300,True,0.0049444446,51.0,51.0,0.0049444446,MCV_EXACT
dmv.265,body_type,IN,BUS,reservoir,1000,True,0.0051733335,55.0,55.0,0.0051733335,MCV_EXACT
dmv.265,body_type,IN,H/TR,native,100,True,0.0021666666,44.0,44.0,0.0021666666,MCV_EXACT
dmv.265,body_type,IN,H/TR,native,300,True,0.0018111111,51.0,51.0,0.0018111111,MCV_EXACT
dmv.265,body_type,IN,H/TR,native,1000,True,0.0017533334,57.0,57.0,0.0017533334,MCV_EXACT
dmv.265,body_type,IN,H/TR,reservoir,100,True,0.0017,44.0,44.0,0.0017,MCV_EXACT
dmv.265,body_type,IN,H/TR,reservoir,300,True,0.0018333333,51.0,51.0,0.0018333333,MCV_EXACT
dmv.265,body_type,IN,H/TR,reservoir,1000,True,0.00175,55.0,55.0,0.00175,MCV_EXACT
dmv.265,body_type,IN,UTIL,native,100,True,0.004,44.0,44.0,0.004,MCV_EXACT
dmv.265,body_type,IN,UTIL,native,300,True,0.0041222223,51.0,51.0,0.0041222223,MCV_EXACT
dmv.265,body_type,IN,UTIL,native,1000,True,0.0042066667,57.0,57.0,0.0042066667,MCV_EXACT
dmv.265,body_type,IN,UTIL,reservoir,100,True,0.0039,44.0,44.0,0.0039,MCV_EXACT
dmv.265,body_type,IN,UTIL,reservoir,300,True,0.0038222221,51.0,51.0,0.0038222221,MCV_EXACT
dmv.265,body_type,IN,UTIL,reservoir,1000,True,0.004223333,55.0,55.0,0.004223333,MCV_EXACT
dmv.265,body_type,IN,SEMI,native,100,True,0.0039666668,44.0,44.0,0.0039666668,MCV_EXACT
dmv.265,body_type,IN,SEMI,native,300,True,0.0039444445,51.0,51.0,0.0039444445,MCV_EXACT
dmv.265,body_type,IN,SEMI,native,1000,True,0.00349,57.0,57.0,0.00349,MCV_EXACT
dmv.265,body_type,IN,SEMI,reservoir,100,True,0.0035333333,44.0,44.0,0.0035333333,MCV_EXACT
dmv.265,body_type,IN,SEMI,reservoir,300,True,0.0035666667,51.0,51.0,0.0035666667,MCV_EXACT
dmv.265,body_type,IN,SEMI,reservoir,1000,True,0.00368,55.0,55.0,0.00368,MCV_EXACT
dmv.265,body_type,IN,TRAC,native,100,True,0.0027,44.0,44.0,0.0027,MCV_EXACT
dmv.265,body_type,IN,TRAC,native,300,True,0.0029333334,51.0,51.0,0.0029333334,MCV_EXACT
dmv.265,body_type,IN,TRAC,native,1000,True,0.0029833333,57.0,57.0,0.0029833333,MCV_EXACT
dmv.265,body_type,IN,TRAC,reservoir,100,True,0.0027333333,44.0,44.0,0.0027333333,MCV_EXACT
dmv.265,body_type,IN,TRAC,reservoir,300,True,0.0031888888,51.0,51.0,0.0031888888,MCV_EXACT
dmv.265,body_type,IN,TRAC,reservoir,1000,True,0.0030633332,55.0,55.0,0.0030633332,MCV_EXACT
dmv.265,body_type,IN,H/WH,native,100,True,0.0021333334,44.0,44.0,0.0021333334,MCV_EXACT
dmv.265,body_type,IN,H/WH,native,300,True,0.0025444445,51.0,51.0,0.0025444445,MCV_EXACT
dmv.265,body_type,IN,H/WH,native,1000,True,0.0021666666,57.0,57.0,0.0021666666,MCV_EXACT
dmv.265,body_type,IN,H/WH,reservoir,100,True,0.0019333333,44.0,44.0,0.0019333333,MCV_EXACT
dmv.265,body_type,IN,H/WH,reservoir,300,True,0.002111111,51.0,51.0,0.002111111,MCV_EXACT
dmv.265,body_type,IN,H/WH,reservoir,1000,True,0.0022066666,55.0,55.0,0.0022066666,MCV_EXACT
dmv.265,body_type,IN,DELV,native,100,True,0.0018333333,44.0,44.0,0.0018333333,MCV_EXACT
dmv.265,body_type,IN,DELV,native,300,True,0.002322222,51.0,51.0,0.002322222,MCV_EXACT
dmv.265,body_type,IN,DELV,native,1000,True,0.0022333334,57.0,57.0,0.0022333334,MCV_EXACT
dmv.265,body_type,IN,DELV,reservoir,100,True,0.0020666667,44.0,44.0,0.0020666667,MCV_EXACT
dmv.265,body_type,IN,DELV,reservoir,300,True,0.0022777778,51.0,51.0,0.0022777778,MCV_EXACT
dmv.265,body_type,IN,DELV,reservoir,1000,True,0.00214,55.0,55.0,0.00214,MCV_EXACT
dmv.265,body_type,IN,FLAT,native,100,True,0.0020666667,44.0,44.0,0.0020666667,MCV_EXACT
dmv.265,body_type,IN,FLAT,native,300,True,0.0017111112,51.0,51.0,0.0017111112,MCV_EXACT
dmv.265,body_type,IN,FLAT,native,1000,True,0.0016833333,57.0,57.0,0.0016833333,MCV_EXACT
dmv.265,body_type,IN,FLAT,reservoir,100,True,0.0016,44.0,44.0,0.0016,MCV_EXACT
dmv.265,body_type,IN,FLAT,reservoir,300,True,0.0020888888,51.0,51.0,0.0020888888,MCV_EXACT
dmv.265,body_type,IN,FLAT,reservoir,1000,True,0.0016866666,55.0,55.0,0.0016866666,MCV_EXACT
dmv.265,body_type,IN,P/SH,native,100,True,0.0009,44.0,44.0,0.0009,MCV_EXACT
dmv.265,body_type,IN,P/SH,native,300,True,0.0009,51.0,51.0,0.0009,MCV_EXACT
dmv.265,body_type,IN,P/SH,native,1000,True,0.00085666665,57.0,57.0,0.00085666665,MCV_EXACT
dmv.265,body_type,IN,P/SH,reservoir,100,True,0.0009,44.0,44.0,0.0009,MCV_EXACT
dmv.265,body_type,IN,P/SH,reservoir,300,True,0.0009,51.0,51.0,0.0009,MCV_EXACT
dmv.265,body_type,IN,P/SH,reservoir,1000,True,0.0009,55.0,55.0,0.0009,MCV_EXACT
dmv.265,body_type,IN,STAK,native,100,True,0.0009666667,44.0,44.0,0.0009666667,MCV_EXACT
dmv.265,body_type,IN,STAK,native,300,True,0.00095555553,51.0,51.0,0.00095555553,MCV_EXACT
dmv.265,body_type,IN,STAK,native,1000,True,0.00089333334,57.0,57.0,0.00089333334,MCV_EXACT
dmv.265,body_type,IN,STAK,reservoir,100,True,0.0010333334,44.0,44.0,0.0010333334,MCV_EXACT
dmv.265,body_type,IN,STAK,reservoir,300,True,0.0009777778,51.0,51.0,0.0009777778,MCV_EXACT
dmv.265,body_type,IN,STAK,reservoir,1000,True,0.0008833333,55.0,55.0,0.0008833333,MCV_EXACT
dmv.265,body_type,IN,TANK,native,100,True,0.00036666667,44.0,44.0,0.00036666667,MCV_EXACT
dmv.265,body_type,IN,TANK,native,300,True,0.0008888889,51.0,51.0,0.0008888889,MCV_EXACT
dmv.265,body_type,IN,TANK,native,1000,True,0.00078666664,57.0,57.0,0.00078666664,MCV_EXACT
dmv.265,body_type,IN,TANK,reservoir,100,True,0.00046666668,44.0,44.0,0.00046666668,MCV_EXACT
dmv.265,body_type,IN,TANK,reservoir,300,True,0.00073333335,51.0,51.0,0.00073333335,MCV_EXACT
dmv.265,body_type,IN,TANK,reservoir,1000,True,0.00085666665,55.0,55.0,0.00085666665,MCV_EXACT
dmv.265,body_type,IN,MOPD,native,100,True,0.0004,44.0,44.0,0.0004,MCV_EXACT
dmv.265,body_type,IN,MOPD,native,300,True,0.0005222222,51.0,51.0,0.0005222222,MCV_EXACT
dmv.265,body_type,IN,MOPD,native,1000,True,0.00063333334,57.0,57.0,0.00063333334,MCV_EXACT
dmv.265,body_type,IN,MOPD,reservoir,100,True,0.00046666668,44.0,44.0,0.00046666668,MCV_EXACT
dmv.265,body_type,IN,MOPD,reservoir,300,True,0.0005111111,51.0,51.0,0.0005111111,MCV_EXACT
dmv.265,body_type,IN,MOPD,reservoir,1000,True,0.00057,55.0,55.0,0.00057,MCV_EXACT
dmv.265,fuel_type,IN,GAS,native,100,True,0.90966666,8.0,8.0,0.90966666,MCV_EXACT
dmv.265,fuel_type,IN,GAS,native,300,True,0.908,9.0,9.0,0.908,MCV_EXACT
dmv.265,fuel_type,IN,GAS,native,1000,True,0.9083833,9.0,9.0,0.9083833,MCV_EXACT
dmv.265,fuel_type,IN,GAS,reservoir,100,True,0.9099333,9.0,9.0,0.9099333,MCV_EXACT
dmv.265,fuel_type,IN,GAS,reservoir,300,True,0.90846664,9.0,9.0,0.90846664,MCV_EXACT
dmv.265,fuel_type,IN,GAS,reservoir,1000,True,0.90838665,9.0,9.0,0.90838665,MCV_EXACT
dmv.265,fuel_type,IN,NONE,native,100,True,0.0409,8.0,8.0,0.0409,MCV_EXACT
dmv.265,fuel_type,IN,NONE,native,300,True,0.04081111,9.0,9.0,0.04081111,MCV_EXACT
dmv.265,fuel_type,IN,NONE,native,1000,True,0.040763333,9.0,9.0,0.040763333,MCV_EXACT
dmv.265,fuel_type,IN,NONE,reservoir,100,True,0.042066667,9.0,9.0,0.042066667,MCV_EXACT
dmv.265,fuel_type,IN,NONE,reservoir,300,True,0.0416,9.0,9.0,0.0416,MCV_EXACT
dmv.265,fuel_type,IN,NONE,reservoir,1000,True,0.041566666,9.0,9.0,0.041566666,MCV_EXACT
dmv.265,scofflaw_indicator,=,N,native,100,True,0.9998,2.0,2.0,0.9998,MCV_EXACT
dmv.265,scofflaw_indicator,=,N,native,300,True,0.99976665,2.0,2.0,0.99976665,MCV_EXACT
dmv.265,scofflaw_indicator,=,N,native,1000,True,0.9997467,2.0,2.0,0.9997467,MCV_EXACT
dmv.265,scofflaw_indicator,=,N,reservoir,100,True,0.9999,2.0,2.0,0.9999,MCV_EXACT
dmv.265,scofflaw_indicator,=,N,reservoir,300,True,0.9997889,2.0,2.0,0.9997889,MCV_EXACT
dmv.265,scofflaw_indicator,=,N,reservoir,1000,True,0.99978334,2.0,2.0,0.99978334,MCV_EXACT
dmv.265,suspension_indicator,=,N,native,100,True,0.99156666,2.0,2.0,0.99156666,MCV_EXACT
dmv.265,suspension_indicator,=,N,native,300,True,0.9909667,2.0,2.0,0.9909667,MCV_EXACT
dmv.265,suspension_indicator,=,N,native,1000,True,0.99139,2.0,2.0,0.99139,MCV_EXACT
dmv.265,suspension_indicator,=,N,reservoir,100,True,0.99123335,2.0,2.0,0.99123335,MCV_EXACT
dmv.265,suspension_indicator,=,N,reservoir,300,True,0.9912222,2.0,2.0,0.9912222,MCV_EXACT
dmv.265,suspension_indicator,=,N,reservoir,1000,True,0.99138,2.0,2.0,0.99138,MCV_EXACT
dmv.404,record_type,=,VEH,native,100,True,0.92153335,4.0,4.0,0.92153335,MCV_EXACT
dmv.404,record_type,=,VEH,native,300,True,0.91954446,4.0,4.0,0.91954446,MCV_EXACT
dmv.404,record_type,=,VEH,native,1000,True,0.92067665,4.0,4.0,0.92067665,MCV_EXACT
dmv.404,record_type,=,VEH,reservoir,100,True,0.9191333,4.0,4.0,0.9191333,MCV_EXACT
dmv.404,record_type,=,VEH,reservoir,300,True,0.92116666,4.0,4.0,0.92116666,MCV_EXACT
dmv.404,record_type,=,VEH,reservoir,1000,True,0.91965336,4.0,4.0,0.91965336,MCV_EXACT
dmv.404,registration_class,=,PAS,native,100,True,0.738,47.0,47.0,0.738,MCV_EXACT
dmv.404,registration_class,=,PAS,native,300,True,0.7391,53.0,53.0,0.7391,MCV_EXACT
dmv.404,registration_class,=,PAS,native,1000,True,0.73775333,61.0,61.0,0.73775333,MCV_EXACT
dmv.404,registration_class,=,PAS,reservoir,100,True,0.73483336,45.0,45.0,0.73483336,MCV_EXACT
dmv.404,registration_class,=,PAS,reservoir,300,True,0.7368889,51.0,51.0,0.7368889,MCV_EXACT
dmv.404,registration_class,=,PAS,reservoir,1000,True,0.7375467,62.0,62.0,0.7375467,MCV_EXACT
dmv.404,county,IN,BRONX,native,100,True,0.024633333,63.0,63.0,0.024633333,MCV_EXACT
dmv.404,county,IN,BRONX,native,300,True,0.02751111,63.0,63.0,0.02751111,MCV_EXACT
dmv.404,county,IN,BRONX,native,1000,True,0.02613,63.0,63.0,0.02613,MCV_EXACT
dmv.404,county,IN,BRONX,reservoir,100,True,0.0248,63.0,63.0,0.0248,MCV_EXACT
dmv.404,county,IN,BRONX,reservoir,300,True,0.025633333,63.0,63.0,0.025633333,MCV_EXACT
dmv.404,county,IN,BRONX,reservoir,1000,True,0.02608,63.0,63.0,0.02608,MCV_EXACT
dmv.404,county,IN,RICHMOND,native,100,True,0.0248,63.0,63.0,0.0248,MCV_EXACT
dmv.404,county,IN,RICHMOND,native,300,True,0.023533333,63.0,63.0,0.023533333,MCV_EXACT
dmv.404,county,IN,RICHMOND,native,1000,True,0.024176667,63.0,63.0,0.024176667,MCV_EXACT
dmv.404,county,IN,RICHMOND,reservoir,100,True,0.0241,63.0,63.0,0.0241,MCV_EXACT
dmv.404,county,IN,RICHMOND,reservoir,300,True,0.023766667,63.0,63.0,0.023766667,MCV_EXACT
dmv.404,county,IN,RICHMOND,reservoir,1000,True,0.023946667,63.0,63.0,0.023946667,MCV_EXACT
dmv.404,county,IN,NEW YORK,native,100,True,0.020466667,63.0,63.0,0.020466667,MCV_EXACT
dmv.404,county,IN,NEW YORK,native,300,True,0.022677777,63.0,63.0,0.022677777,MCV_EXACT
dmv.404,county,IN,NEW YORK,native,1000,True,0.022623334,63.0,63.0,0.022623334,MCV_EXACT
dmv.404,county,IN,NEW YORK,reservoir,100,True,0.023,63.0,63.0,0.023,MCV_EXACT
dmv.404,county,IN,NEW YORK,reservoir,300,True,0.022844445,63.0,63.0,0.022844445,MCV_EXACT
dmv.404,county,IN,NEW YORK,reservoir,1000,True,0.022703333,63.0,63.0,0.022703333,MCV_EXACT
dmv.404,county,IN,ALBANY,native,100,True,0.022,63.0,63.0,0.022,MCV_EXACT
dmv.404,county,IN,ALBANY,native,300,True,0.022122223,63.0,63.0,0.022122223,MCV_EXACT
dmv.404,county,IN,ALBANY,native,1000,True,0.022053333,63.0,63.0,0.022053333,MCV_EXACT
dmv.404,county,IN,ALBANY,reservoir,100,True,0.0218,63.0,63.0,0.0218,MCV_EXACT
dmv.404,county,IN,ALBANY,reservoir,300,True,0.021533333,63.0,63.0,0.021533333,MCV_EXACT
dmv.404,county,IN,ALBANY,reservoir,1000,True,0.021556666,63.0,63.0,0.021556666,MCV_EXACT
dmv.404,county,IN,DUTCHESS,native,100,True,0.021166667,63.0,63.0,0.021166667,MCV_EXACT
dmv.404,county,IN,DUTCHESS,native,300,True,0.021144444,63.0,63.0,0.021144444,MCV_EXACT
dmv.404,county,IN,DUTCHESS,native,1000,True,0.021646667,63.0,63.0,0.021646667,MCV_EXACT
dmv.404,county,IN,DUTCHESS,reservoir,100,True,0.022733333,63.0,63.0,0.022733333,MCV_EXACT
dmv.404,county,IN,DUTCHESS,reservoir,300,True,0.021711111,63.0,63.0,0.021711111,MCV_EXACT
dmv.404,county,IN,DUTCHESS,reservoir,1000,True,0.02104,63.0,63.0,0.02104,MCV_EXACT
dmv.404,county,IN,SARATOGA,native,100,True,0.0181,63.0,63.0,0.0181,MCV_EXACT
dmv.404,county,IN,SARATOGA,native,300,True,0.019122222,63.0,63.0,0.019122222,MCV_EXACT
dmv.404,county,IN,SARATOGA,native,1000,True,0.0188,63.0,63.0,0.0188,MCV_EXACT
dmv.404,county,IN,SARATOGA,reservoir,100,True,0.020666666,63.0,63.0,0.020666666,MCV_EXACT
dmv.404,county,IN,SARATOGA,reservoir,300,True,0.0192,63.0,63.0,0.0192,MCV_EXACT
dmv.404,county,IN,SARATOGA,reservoir,1000,True,0.019166667,63.0,63.0,0.019166667,MCV_EXACT
dmv.404,county,IN,ROCKLAND,native,100,True,0.0183,63.0,63.0,0.0183,MCV_EXACT
dmv.404,county,IN,ROCKLAND,native,300,True,0.018433332,63.0,63.0,0.018433332,MCV_EXACT
dmv.404,county,IN,ROCKLAND,native,1000,True,0.019183334,63.0,63.0,0.019183334,MCV_EXACT
dmv.404,county,IN,ROCKLAND,reservoir,100,True,0.019266667,63.0,63.0,0.019266667,MCV_EXACT
dmv.404,county,IN,ROCKLAND,reservoir,300,True,0.020122223,63.0,63.0,0.020122223,MCV_EXACT
dmv.404,county,IN,ROCKLAND,reservoir,1000,True,0.018986667,63.0,63.0,0.018986667,MCV_EXACT
dmv.404,county,IN,ONEIDA,native,100,True,0.0177,63.0,63.0,0.0177,MCV_EXACT
dmv.404,county,IN,ONEIDA,native,300,True,0.0166,63.0,63.0,0.0166,MCV_EXACT
dmv.404,county,IN,ONEIDA,native,1000,True,0.016443333,63.0,63.0,0.016443333,MCV_EXACT
dmv.404,county,IN,ONEIDA,reservoir,100,True,0.015366667,63.0,63.0,0.015366667,MCV_EXACT
dmv.404,county,IN,ONEIDA,reservoir,300,True,0.016577778,63.0,63.0,0.016577778,MCV_EXACT
dmv.404,county,IN,ONEIDA,reservoir,1000,True,0.016443333,63.0,63.0,0.016443333,MCV_EXACT
dmv.404,county,IN,NIAGARA,native,100,True,0.014933334,63.0,63.0,0.014933334,MCV_EXACT
dmv.404,county,IN,NIAGARA,native,300,True,0.0150666665,63.0,63.0,0.0150666665,MCV_EXACT
dmv.404,county,IN,NIAGARA,native,1000,True,0.014953333,63.0,63.0,0.014953333,MCV_EXACT
dmv.404,county,IN,NIAGARA,reservoir,100,True,0.0149,63.0,63.0,0.0149,MCV_EXACT
dmv.404,county,IN,NIAGARA,reservoir,300,True,0.0141888885,63.0,63.0,0.0141888885,MCV_EXACT
dmv.404,county,IN,NIAGARA,reservoir,1000,True,0.014866667,63.0,63.0,0.014866667,MCV_EXACT
dmv.404,county,IN,OUT-OF-STATE,native,100,False,,63.0,63.0,0.015873015873015872,MCV_MISS_NDISTINCT_FALLBACK
dmv.404,county,IN,OUT-OF-STATE,native,300,False,,63.0,63.0,0.015873015873015872,MCV_MISS_NDISTINCT_FALLBACK
dmv.404,county,IN,OUT-OF-STATE,native,1000,False,,63.0,63.0,0.015873015873015872,MCV_MISS_NDISTINCT_FALLBACK
dmv.404,county,IN,OUT-OF-STATE,reservoir,100,False,,63.0,63.0,0.015873015873015872,MCV_MISS_NDISTINCT_FALLBACK
dmv.404,county,IN,OUT-OF-STATE,reservoir,300,False,,63.0,63.0,0.015873015873015872,MCV_MISS_NDISTINCT_FALLBACK
dmv.404,county,IN,OUT-OF-STATE,reservoir,1000,False,,63.0,63.0,0.015873015873015872,MCV_MISS_NDISTINCT_FALLBACK
dmv.404,county,IN,ULSTER,native,100,True,0.014566666,63.0,63.0,0.014566666,MCV_EXACT
dmv.404,county,IN,ULSTER,native,300,True,0.013544444,63.0,63.0,0.013544444,MCV_EXACT
dmv.404,county,IN,ULSTER,native,1000,True,0.01344,63.0,63.0,0.01344,MCV_EXACT
dmv.404,county,IN,ULSTER,reservoir,100,True,0.0129,63.0,63.0,0.0129,MCV_EXACT
dmv.404,county,IN,ULSTER,reservoir,300,True,0.013755555,63.0,63.0,0.013755555,MCV_EXACT
dmv.404,county,IN,ULSTER,reservoir,1000,True,0.013723333,63.0,63.0,0.013723333,MCV_EXACT
dmv.404,county,IN,BROOME,native,100,True,0.012866667,63.0,63.0,0.012866667,MCV_EXACT
dmv.404,county,IN,BROOME,native,300,True,0.013177778,63.0,63.0,0.013177778,MCV_EXACT
dmv.404,county,IN,BROOME,native,1000,True,0.013116667,63.0,63.0,0.013116667,MCV_EXACT
dmv.404,county,IN,BROOME,reservoir,100,True,0.012366666,63.0,63.0,0.012366666,MCV_EXACT
dmv.404,county,IN,BROOME,reservoir,300,True,0.013366667,63.0,63.0,0.013366667,MCV_EXACT
dmv.404,county,IN,BROOME,reservoir,1000,True,0.01352,63.0,63.0,0.01352,MCV_EXACT
dmv.404,county,IN,SCHENECTADY,native,100,True,0.011966666,63.0,63.0,0.011966666,MCV_EXACT
dmv.404,county,IN,SCHENECTADY,native,300,True,0.011644444,63.0,63.0,0.011644444,MCV_EXACT
dmv.404,county,IN,SCHENECTADY,native,1000,True,0.01121,63.0,63.0,0.01121,MCV_EXACT
dmv.404,county,IN,SCHENECTADY,reservoir,100,True,0.012,63.0,63.0,0.012,MCV_EXACT
dmv.404,county,IN,SCHENECTADY,reservoir,300,True,0.011533333,63.0,63.0,0.011533333,MCV_EXACT
dmv.404,county,IN,SCHENECTADY,reservoir,1000,True,0.01171,63.0,63.0,0.01171,MCV_EXACT
dmv.404,body_type,IN,BOAT,native,100,True,0.0327,44.0,44.0,0.0327,MCV_EXACT
dmv.404,body_type,IN,BOAT,native,300,True,0.033666667,51.0,51.0,0.033666667,MCV_EXACT
dmv.404,body_type,IN,BOAT,native,1000,True,0.032623332,57.0,57.0,0.032623332,MCV_EXACT
dmv.404,body_type,IN,BOAT,reservoir,100,True,0.033833332,44.0,44.0,0.033833332,MCV_EXACT
dmv.404,body_type,IN,BOAT,reservoir,300,True,0.031744443,51.0,51.0,0.031744443,MCV_EXACT
dmv.404,body_type,IN,BOAT,reservoir,1000,True,0.0329,55.0,55.0,0.0329,MCV_EXACT
dmv.404,body_type,IN,LTRL,native,100,True,0.019766666,44.0,44.0,0.019766666,MCV_EXACT
dmv.404,body_type,IN,LTRL,native,300,True,0.019988889,51.0,51.0,0.019988889,MCV_EXACT
dmv.404,body_type,IN,LTRL,native,1000,True,0.0202,57.0,57.0,0.0202,MCV_EXACT
dmv.404,body_type,IN,LTRL,reservoir,100,True,0.021766666,44.0,44.0,0.021766666,MCV_EXACT
dmv.404,body_type,IN,LTRL,reservoir,300,True,0.01991111,51.0,51.0,0.01991111,MCV_EXACT
dmv.404,body_type,IN,LTRL,reservoir,1000,True,0.020406667,55.0,55.0,0.020406667,MCV_EXACT
dmv.404,body_type,IN,MCY,native,100,True,0.0317,44.0,44.0,0.0317,MCV_EXACT
dmv.404,body_type,IN,MCY,native,300,True,0.030122222,51.0,51.0,0.030122222,MCV_EXACT
dmv.404,body_type,IN,MCY,native,1000,True,0.030603332,57.0,57.0,0.030603332,MCV_EXACT
dmv.404,body_type,IN,MCY,reservoir,100,True,0.0305,44.0,44.0,0.0305,MCV_EXACT
dmv.404,body_type,IN,MCY,reservoir,300,True,0.031911112,51.0,51.0,0.031911112,MCV_EXACT
dmv.404,body_type,IN,MCY,reservoir,1000,True,0.030536667,55.0,55.0,0.030536667,MCV_EXACT
dmv.404,body_type,IN,TRLR,native,100,True,0.013366667,44.0,44.0,0.013366667,MCV_EXACT
dmv.404,body_type,IN,TRLR,native,300,True,0.013366667,51.0,51.0,0.013366667,MCV_EXACT
dmv.404,body_type,IN,TRLR,native,1000,True,0.01357,57.0,57.0,0.01357,MCV_EXACT
dmv.404,body_type,IN,TRLR,reservoir,100,True,0.0138,44.0,44.0,0.0138,MCV_EXACT
dmv.404,body_type,IN,TRLR,reservoir,300,True,0.014644444,51.0,51.0,0.014644444,MCV_EXACT
dmv.404,body_type,IN,TRLR,reservoir,1000,True,0.014033333,55.0,55.0,0.014033333,MCV_EXACT
dmv.404,body_type,IN,VAN,native,100,True,0.018233333,44.0,44.0,0.018233333,MCV_EXACT
dmv.404,body_type,IN,VAN,native,300,True,0.019233333,51.0,51.0,0.019233333,MCV_EXACT
dmv.404,body_type,IN,VAN,native,1000,True,0.019436667,57.0,57.0,0.019436667,MCV_EXACT
dmv.404,body_type,IN,VAN,reservoir,100,True,0.0199,44.0,44.0,0.0199,MCV_EXACT
dmv.404,body_type,IN,VAN,reservoir,300,True,0.019633334,51.0,51.0,0.019633334,MCV_EXACT
dmv.404,body_type,IN,VAN,reservoir,1000,True,0.01936,55.0,55.0,0.01936,MCV_EXACT
dmv.404,body_type,IN,CONV,native,100,True,0.0142,44.0,44.0,0.0142,MCV_EXACT
dmv.404,body_type,IN,CONV,native,300,True,0.0144,51.0,51.0,0.0144,MCV_EXACT
dmv.404,body_type,IN,CONV,native,1000,True,0.01498,57.0,57.0,0.01498,MCV_EXACT
dmv.404,body_type,IN,CONV,reservoir,100,True,0.014733333,44.0,44.0,0.014733333,MCV_EXACT
dmv.404,body_type,IN,CONV,reservoir,300,True,0.014844445,51.0,51.0,0.014844445,MCV_EXACT
dmv.404,body_type,IN,CONV,reservoir,1000,True,0.014763333,55.0,55.0,0.014763333,MCV_EXACT
dmv.404,fuel_type,IN,GAS,native,100,True,0.90966666,8.0,8.0,0.90966666,MCV_EXACT
dmv.404,fuel_type,IN,GAS,native,300,True,0.908,9.0,9.0,0.908,MCV_EXACT
dmv.404,fuel_type,IN,GAS,native,1000,True,0.9083833,9.0,9.0,0.9083833,MCV_EXACT
dmv.404,fuel_type,IN,GAS,reservoir,100,True,0.9099333,9.0,9.0,0.9099333,MCV_EXACT
dmv.404,fuel_type,IN,GAS,reservoir,300,True,0.90846664,9.0,9.0,0.90846664,MCV_EXACT
dmv.404,fuel_type,IN,GAS,reservoir,1000,True,0.90838665,9.0,9.0,0.90838665,MCV_EXACT
dmv.404,fuel_type,IN,NONE,native,100,True,0.0409,8.0,8.0,0.0409,MCV_EXACT
dmv.404,fuel_type,IN,NONE,native,300,True,0.04081111,9.0,9.0,0.04081111,MCV_EXACT
dmv.404,fuel_type,IN,NONE,native,1000,True,0.040763333,9.0,9.0,0.040763333,MCV_EXACT
dmv.404,fuel_type,IN,NONE,reservoir,100,True,0.042066667,9.0,9.0,0.042066667,MCV_EXACT
dmv.404,fuel_type,IN,NONE,reservoir,300,True,0.0416,9.0,9.0,0.0416,MCV_EXACT
dmv.404,fuel_type,IN,NONE,reservoir,1000,True,0.041566666,9.0,9.0,0.041566666,MCV_EXACT
dmv.404,scofflaw_indicator,=,N,native,100,True,0.9998,2.0,2.0,0.9998,MCV_EXACT
dmv.404,scofflaw_indicator,=,N,native,300,True,0.99976665,2.0,2.0,0.99976665,MCV_EXACT
dmv.404,scofflaw_indicator,=,N,native,1000,True,0.9997467,2.0,2.0,0.9997467,MCV_EXACT
dmv.404,scofflaw_indicator,=,N,reservoir,100,True,0.9999,2.0,2.0,0.9999,MCV_EXACT
dmv.404,scofflaw_indicator,=,N,reservoir,300,True,0.9997889,2.0,2.0,0.9997889,MCV_EXACT
dmv.404,scofflaw_indicator,=,N,reservoir,1000,True,0.99978334,2.0,2.0,0.99978334,MCV_EXACT
dmv.404,suspension_indicator,=,N,native,100,True,0.99156666,2.0,2.0,0.99156666,MCV_EXACT
dmv.404,suspension_indicator,=,N,native,300,True,0.9909667,2.0,2.0,0.9909667,MCV_EXACT
dmv.404,suspension_indicator,=,N,native,1000,True,0.99139,2.0,2.0,0.99139,MCV_EXACT
dmv.404,suspension_indicator,=,N,reservoir,100,True,0.99123335,2.0,2.0,0.99123335,MCV_EXACT
dmv.404,suspension_indicator,=,N,reservoir,300,True,0.9912222,2.0,2.0,0.9912222,MCV_EXACT
dmv.404,suspension_indicator,=,N,reservoir,1000,True,0.99138,2.0,2.0,0.99138,MCV_EXACT
dmv.976,state,IN,CA,native,100,False,,34.0,34.0,0.029411764705882353,MCV_MISS_NDISTINCT_FALLBACK
dmv.976,state,IN,CA,native,300,True,0.00026666667,43.0,43.0,0.00026666667,MCV_EXACT
dmv.976,state,IN,CA,native,1000,True,0.00023,57.0,57.0,0.00023,MCV_EXACT
dmv.976,state,IN,CA,reservoir,100,False,,36.0,36.0,0.027777777777777776,MCV_MISS_NDISTINCT_FALLBACK
dmv.976,state,IN,CA,reservoir,300,True,0.0002,47.0,47.0,0.0002,MCV_EXACT
dmv.976,state,IN,CA,reservoir,1000,True,0.00020666666,56.0,56.0,0.00020666666,MCV_EXACT
dmv.976,state,IN,VA,native,100,False,,34.0,34.0,0.029411764705882353,MCV_MISS_NDISTINCT_FALLBACK
dmv.976,state,IN,VA,native,300,False,,43.0,43.0,0.023255813953488372,MCV_MISS_NDISTINCT_FALLBACK
dmv.976,state,IN,VA,native,1000,True,0.00013333333,57.0,57.0,0.00013333333,MCV_EXACT
dmv.976,state,IN,VA,reservoir,100,False,,36.0,36.0,0.027777777777777776,MCV_MISS_NDISTINCT_FALLBACK
dmv.976,state,IN,VA,reservoir,300,True,0.00017777778,47.0,47.0,0.00017777778,MCV_EXACT
dmv.976,state,IN,VA,reservoir,1000,True,0.00014,56.0,56.0,0.00014,MCV_EXACT
dmv.976,state,IN,NC,native,100,False,,34.0,34.0,0.029411764705882353,MCV_MISS_NDISTINCT_FALLBACK
dmv.976,state,IN,NC,native,300,True,0.00014444445,43.0,43.0,0.00014444445,MCV_EXACT
dmv.976,state,IN,NC,native,1000,True,0.00018666667,57.0,57.0,0.00018666667,MCV_EXACT
dmv.976,state,IN,NC,reservoir,100,False,,36.0,36.0,0.027777777777777776,MCV_MISS_NDISTINCT_FALLBACK
dmv.976,state,IN,NC,reservoir,300,True,0.0001888889,47.0,47.0,0.0001888889,MCV_EXACT
dmv.976,state,IN,NC,reservoir,1000,True,0.00013333333,56.0,56.0,0.00013333333,MCV_EXACT
dmv.976,state,IN,TN,native,100,False,,34.0,34.0,0.029411764705882353,MCV_MISS_NDISTINCT_FALLBACK
dmv.976,state,IN,TN,native,300,False,,43.0,43.0,0.023255813953488372,MCV_MISS_NDISTINCT_FALLBACK
dmv.976,state,IN,TN,native,1000,True,0.00011666667,57.0,57.0,0.00011666667,MCV_EXACT
dmv.976,state,IN,TN,reservoir,100,False,,36.0,36.0,0.027777777777777776,MCV_MISS_NDISTINCT_FALLBACK
dmv.976,state,IN,TN,reservoir,300,True,0.00012222222,47.0,47.0,0.00012222222,MCV_EXACT
dmv.976,state,IN,TN,reservoir,1000,True,0.00010666667,56.0,56.0,0.00010666667,MCV_EXACT
dmv.976,state,IN,NH,native,100,False,,34.0,34.0,0.029411764705882353,MCV_MISS_NDISTINCT_FALLBACK
dmv.976,state,IN,NH,native,300,False,,43.0,43.0,0.023255813953488372,MCV_MISS_NDISTINCT_FALLBACK
dmv.976,state,IN,NH,native,1000,True,6e-05,57.0,57.0,6e-05,MCV_EXACT
dmv.976,state,IN,NH,reservoir,100,False,,36.0,36.0,0.027777777777777776,MCV_MISS_NDISTINCT_FALLBACK
dmv.976,state,IN,NH,reservoir,300,False,,47.0,47.0,0.02127659574468085,MCV_MISS_NDISTINCT_FALLBACK
dmv.976,state,IN,NH,reservoir,1000,True,8e-05,56.0,56.0,8e-05,MCV_EXACT
dmv.976,state,IN,AL,native,100,False,,34.0,34.0,0.029411764705882353,MCV_MISS_NDISTINCT_FALLBACK
dmv.976,state,IN,AL,native,300,False,,43.0,43.0,0.023255813953488372,MCV_MISS_NDISTINCT_FALLBACK
dmv.976,state,IN,AL,native,1000,True,4.3333333e-05,57.0,57.0,4.3333333e-05,MCV_EXACT
dmv.976,state,IN,AL,reservoir,100,False,,36.0,36.0,0.027777777777777776,MCV_MISS_NDISTINCT_FALLBACK
dmv.976,state,IN,AL,reservoir,300,False,,47.0,47.0,0.02127659574468085,MCV_MISS_NDISTINCT_FALLBACK
dmv.976,state,IN,AL,reservoir,1000,True,7.3333336e-05,56.0,56.0,7.3333336e-05,MCV_EXACT
dmv.976,state,IN,VT,native,100,False,,34.0,34.0,0.029411764705882353,MCV_MISS_NDISTINCT_FALLBACK
dmv.976,state,IN,VT,native,300,False,,43.0,43.0,0.023255813953488372,MCV_MISS_NDISTINCT_FALLBACK
dmv.976,state,IN,VT,native,1000,True,6e-05,57.0,57.0,6e-05,MCV_EXACT
dmv.976,state,IN,VT,reservoir,100,False,,36.0,36.0,0.027777777777777776,MCV_MISS_NDISTINCT_FALLBACK
dmv.976,state,IN,VT,reservoir,300,True,0.0001,47.0,47.0,0.0001,MCV_EXACT
dmv.976,state,IN,VT,reservoir,1000,True,6.666667e-05,56.0,56.0,6.666667e-05,MCV_EXACT
dmv.976,state,IN,SC,native,100,False,,34.0,34.0,0.029411764705882353,MCV_MISS_NDISTINCT_FALLBACK
dmv.976,state,IN,SC,native,300,False,,43.0,43.0,0.023255813953488372,MCV_MISS_NDISTINCT_FALLBACK
dmv.976,state,IN,SC,native,1000,True,7.666666e-05,57.0,57.0,7.666666e-05,MCV_EXACT
dmv.976,state,IN,SC,reservoir,100,False,,36.0,36.0,0.027777777777777776,MCV_MISS_NDISTINCT_FALLBACK
dmv.976,state,IN,SC,reservoir,300,False,,47.0,47.0,0.02127659574468085,MCV_MISS_NDISTINCT_FALLBACK
dmv.976,state,IN,SC,reservoir,1000,True,6e-05,56.0,56.0,6e-05,MCV_EXACT
dmv.976,state,IN,MO,native,100,False,,34.0,34.0,0.029411764705882353,MCV_MISS_NDISTINCT_FALLBACK
dmv.976,state,IN,MO,native,300,False,,43.0,43.0,0.023255813953488372,MCV_MISS_NDISTINCT_FALLBACK
dmv.976,state,IN,MO,native,1000,True,5.6666668e-05,57.0,57.0,5.6666668e-05,MCV_EXACT
dmv.976,state,IN,MO,reservoir,100,False,,36.0,36.0,0.027777777777777776,MCV_MISS_NDISTINCT_FALLBACK
dmv.976,state,IN,MO,reservoir,300,False,,47.0,47.0,0.02127659574468085,MCV_MISS_NDISTINCT_FALLBACK
dmv.976,state,IN,MO,reservoir,1000,True,4.6666668e-05,56.0,56.0,4.6666668e-05,MCV_EXACT
dmv.976,state,IN,MN,native,100,False,,34.0,34.0,0.029411764705882353,MCV_MISS_NDISTINCT_FALLBACK
dmv.976,state,IN,MN,native,300,False,,43.0,43.0,0.023255813953488372,MCV_MISS_NDISTINCT_FALLBACK
dmv.976,state,IN,MN,native,1000,True,7.3333336e-05,57.0,57.0,7.3333336e-05,MCV_EXACT
dmv.976,state,IN,MN,reservoir,100,False,,36.0,36.0,0.027777777777777776,MCV_MISS_NDISTINCT_FALLBACK
dmv.976,state,IN,MN,reservoir,300,False,,47.0,47.0,0.02127659574468085,MCV_MISS_NDISTINCT_FALLBACK
dmv.976,state,IN,MN,reservoir,1000,True,8.333333e-05,56.0,56.0,8.333333e-05,MCV_EXACT
dmv.976,state,IN,CO,native,100,False,,34.0,34.0,0.029411764705882353,MCV_MISS_NDISTINCT_FALLBACK
dmv.976,state,IN,CO,native,300,False,,43.0,43.0,0.023255813953488372,MCV_MISS_NDISTINCT_FALLBACK
dmv.976,state,IN,CO,native,1000,False,,57.0,57.0,0.017543859649122806,MCV_MISS_NDISTINCT_FALLBACK
dmv.976,state,IN,CO,reservoir,100,False,,36.0,36.0,0.027777777777777776,MCV_MISS_NDISTINCT_FALLBACK
dmv.976,state,IN,CO,reservoir,300,False,,47.0,47.0,0.02127659574468085,MCV_MISS_NDISTINCT_FALLBACK
dmv.976,state,IN,CO,reservoir,1000,True,4e-05,56.0,56.0,4e-05,MCV_EXACT
dmv.976,state,IN,MI,native,100,False,,34.0,34.0,0.029411764705882353,MCV_MISS_NDISTINCT_FALLBACK
dmv.976,state,IN,MI,native,300,False,,43.0,43.0,0.023255813953488372,MCV_MISS_NDISTINCT_FALLBACK
dmv.976,state,IN,MI,native,1000,True,0.0001,57.0,57.0,0.0001,MCV_EXACT
dmv.976,state,IN,MI,reservoir,100,False,,36.0,36.0,0.027777777777777776,MCV_MISS_NDISTINCT_FALLBACK
dmv.976,state,IN,MI,reservoir,300,True,0.00015555555,47.0,47.0,0.00015555555,MCV_EXACT
dmv.976,state,IN,MI,reservoir,1000,True,9e-05,56.0,56.0,9e-05,MCV_EXACT
dmv.976,state,IN,DE,native,100,False,,34.0,34.0,0.029411764705882353,MCV_MISS_NDISTINCT_FALLBACK
dmv.976,state,IN,DE,native,300,False,,43.0,43.0,0.023255813953488372,MCV_MISS_NDISTINCT_FALLBACK
dmv.976,state,IN,DE,native,1000,False,,57.0,57.0,0.017543859649122806,MCV_MISS_NDISTINCT_FALLBACK
dmv.976,state,IN,DE,reservoir,100,False,,36.0,36.0,0.027777777777777776,MCV_MISS_NDISTINCT_FALLBACK
dmv.976,state,IN,DE,reservoir,300,False,,47.0,47.0,0.02127659574468085,MCV_MISS_NDISTINCT_FALLBACK
dmv.976,state,IN,DE,reservoir,1000,True,6.333333e-05,56.0,56.0,6.333333e-05,MCV_EXACT
dmv.976,state,IN,WA,native,100,False,,34.0,34.0,0.029411764705882353,MCV_MISS_NDISTINCT_FALLBACK
dmv.976,state,IN,WA,native,300,False,,43.0,43.0,0.023255813953488372,MCV_MISS_NDISTINCT_FALLBACK
dmv.976,state,IN,WA,native,1000,False,,57.0,57.0,0.017543859649122806,MCV_MISS_NDISTINCT_FALLBACK
dmv.976,state,IN,WA,reservoir,100,False,,36.0,36.0,0.027777777777777776,MCV_MISS_NDISTINCT_FALLBACK
dmv.976,state,IN,WA,reservoir,300,False,,47.0,47.0,0.02127659574468085,MCV_MISS_NDISTINCT_FALLBACK
dmv.976,state,IN,WA,reservoir,1000,False,,56.0,56.0,0.017857142857142856,MCV_MISS_NDISTINCT_FALLBACK
dmv.976,state,IN,NT,native,100,False,,34.0,34.0,0.029411764705882353,MCV_MISS_NDISTINCT_FALLBACK
dmv.976,state,IN,NT,native,300,False,,43.0,43.0,0.023255813953488372,MCV_MISS_NDISTINCT_FALLBACK
dmv.976,state,IN,NT,native,1000,True,3.6666668e-05,57.0,57.0,3.6666668e-05,MCV_EXACT
dmv.976,state,IN,NT,reservoir,100,False,,36.0,36.0,0.027777777777777776,MCV_MISS_NDISTINCT_FALLBACK
dmv.976,state,IN,NT,reservoir,300,False,,47.0,47.0,0.02127659574468085,MCV_MISS_NDISTINCT_FALLBACK
dmv.976,state,IN,NT,reservoir,1000,False,,56.0,56.0,0.017857142857142856,MCV_MISS_NDISTINCT_FALLBACK
dmv.976,state,IN,RI,native,100,False,,34.0,34.0,0.029411764705882353,MCV_MISS_NDISTINCT_FALLBACK
dmv.976,state,IN,RI,native,300,False,,43.0,43.0,0.023255813953488372,MCV_MISS_NDISTINCT_FALLBACK
dmv.976,state,IN,RI,native,1000,False,,57.0,57.0,0.017543859649122806,MCV_MISS_NDISTINCT_FALLBACK
dmv.976,state,IN,RI,reservoir,100,False,,36.0,36.0,0.027777777777777776,MCV_MISS_NDISTINCT_FALLBACK
dmv.976,state,IN,RI,reservoir,300,False,,47.0,47.0,0.02127659574468085,MCV_MISS_NDISTINCT_FALLBACK
dmv.976,state,IN,RI,reservoir,1000,True,4.6666668e-05,56.0,56.0,4.6666668e-05,MCV_EXACT
dmv.976,state,IN,AR,native,100,False,,34.0,34.0,0.029411764705882353,MCV_MISS_NDISTINCT_FALLBACK
dmv.976,state,IN,AR,native,300,False,,43.0,43.0,0.023255813953488372,MCV_MISS_NDISTINCT_FALLBACK
dmv.976,state,IN,AR,native,1000,False,,57.0,57.0,0.017543859649122806,MCV_MISS_NDISTINCT_FALLBACK
dmv.976,state,IN,AR,reservoir,100,False,,36.0,36.0,0.027777777777777776,MCV_MISS_NDISTINCT_FALLBACK
dmv.976,state,IN,AR,reservoir,300,False,,47.0,47.0,0.02127659574468085,MCV_MISS_NDISTINCT_FALLBACK
dmv.976,state,IN,AR,reservoir,1000,False,,56.0,56.0,0.017857142857142856,MCV_MISS_NDISTINCT_FALLBACK
dmv.976,state,IN,NV,native,100,False,,34.0,34.0,0.029411764705882353,MCV_MISS_NDISTINCT_FALLBACK
dmv.976,state,IN,NV,native,300,False,,43.0,43.0,0.023255813953488372,MCV_MISS_NDISTINCT_FALLBACK
dmv.976,state,IN,NV,native,1000,False,,57.0,57.0,0.017543859649122806,MCV_MISS_NDISTINCT_FALLBACK
dmv.976,state,IN,NV,reservoir,100,False,,36.0,36.0,0.027777777777777776,MCV_MISS_NDISTINCT_FALLBACK
dmv.976,state,IN,NV,reservoir,300,False,,47.0,47.0,0.02127659574468085,MCV_MISS_NDISTINCT_FALLBACK
dmv.976,state,IN,NV,reservoir,1000,False,,56.0,56.0,0.017857142857142856,MCV_MISS_NDISTINCT_FALLBACK
dmv.976,state,IN,ME,native,100,False,,34.0,34.0,0.029411764705882353,MCV_MISS_NDISTINCT_FALLBACK
dmv.976,state,IN,ME,native,300,False,,43.0,43.0,0.023255813953488372,MCV_MISS_NDISTINCT_FALLBACK
dmv.976,state,IN,ME,native,1000,False,,57.0,57.0,0.017543859649122806,MCV_MISS_NDISTINCT_FALLBACK
dmv.976,state,IN,ME,reservoir,100,False,,36.0,36.0,0.027777777777777776,MCV_MISS_NDISTINCT_FALLBACK
dmv.976,state,IN,ME,reservoir,300,False,,47.0,47.0,0.02127659574468085,MCV_MISS_NDISTINCT_FALLBACK
dmv.976,state,IN,ME,reservoir,1000,False,,56.0,56.0,0.017857142857142856,MCV_MISS_NDISTINCT_FALLBACK
dmv.976,state,IN,KY,native,100,False,,34.0,34.0,0.029411764705882353,MCV_MISS_NDISTINCT_FALLBACK
dmv.976,state,IN,KY,native,300,False,,43.0,43.0,0.023255813953488372,MCV_MISS_NDISTINCT_FALLBACK
dmv.976,state,IN,KY,native,1000,False,,57.0,57.0,0.017543859649122806,MCV_MISS_NDISTINCT_FALLBACK
dmv.976,state,IN,KY,reservoir,100,False,,36.0,36.0,0.027777777777777776,MCV_MISS_NDISTINCT_FALLBACK
dmv.976,state,IN,KY,reservoir,300,False,,47.0,47.0,0.02127659574468085,MCV_MISS_NDISTINCT_FALLBACK
dmv.976,state,IN,KY,reservoir,1000,False,,56.0,56.0,0.017857142857142856,MCV_MISS_NDISTINCT_FALLBACK
dmv.976,state,IN,DC,native,100,False,,34.0,34.0,0.029411764705882353,MCV_MISS_NDISTINCT_FALLBACK
dmv.976,state,IN,DC,native,300,False,,43.0,43.0,0.023255813953488372,MCV_MISS_NDISTINCT_FALLBACK
dmv.976,state,IN,DC,native,1000,False,,57.0,57.0,0.017543859649122806,MCV_MISS_NDISTINCT_FALLBACK
dmv.976,state,IN,DC,reservoir,100,False,,36.0,36.0,0.027777777777777776,MCV_MISS_NDISTINCT_FALLBACK
dmv.976,state,IN,DC,reservoir,300,False,,47.0,47.0,0.02127659574468085,MCV_MISS_NDISTINCT_FALLBACK
dmv.976,state,IN,DC,reservoir,1000,False,,56.0,56.0,0.017857142857142856,MCV_MISS_NDISTINCT_FALLBACK
dmv.976,state,IN,WV,native,100,False,,34.0,34.0,0.029411764705882353,MCV_MISS_NDISTINCT_FALLBACK
dmv.976,state,IN,WV,native,300,False,,43.0,43.0,0.023255813953488372,MCV_MISS_NDISTINCT_FALLBACK
dmv.976,state,IN,WV,native,1000,False,,57.0,57.0,0.017543859649122806,MCV_MISS_NDISTINCT_FALLBACK
dmv.976,state,IN,WV,reservoir,100,False,,36.0,36.0,0.027777777777777776,MCV_MISS_NDISTINCT_FALLBACK
dmv.976,state,IN,WV,reservoir,300,False,,47.0,47.0,0.02127659574468085,MCV_MISS_NDISTINCT_FALLBACK
dmv.976,state,IN,WV,reservoir,1000,False,,56.0,56.0,0.017857142857142856,MCV_MISS_NDISTINCT_FALLBACK
dmv.976,state,IN,UT,native,100,False,,34.0,34.0,0.029411764705882353,MCV_MISS_NDISTINCT_FALLBACK
dmv.976,state,IN,UT,native,300,False,,43.0,43.0,0.023255813953488372,MCV_MISS_NDISTINCT_FALLBACK
dmv.976,state,IN,UT,native,1000,False,,57.0,57.0,0.017543859649122806,MCV_MISS_NDISTINCT_FALLBACK
dmv.976,state,IN,UT,reservoir,100,False,,36.0,36.0,0.027777777777777776,MCV_MISS_NDISTINCT_FALLBACK
dmv.976,state,IN,UT,reservoir,300,False,,47.0,47.0,0.02127659574468085,MCV_MISS_NDISTINCT_FALLBACK
dmv.976,state,IN,UT,reservoir,1000,False,,56.0,56.0,0.017857142857142856,MCV_MISS_NDISTINCT_FALLBACK
dmv.976,state,IN,KS,native,100,False,,34.0,34.0,0.029411764705882353,MCV_MISS_NDISTINCT_FALLBACK
dmv.976,state,IN,KS,native,300,False,,43.0,43.0,0.023255813953488372,MCV_MISS_NDISTINCT_FALLBACK
dmv.976,state,IN,KS,native,1000,False,,57.0,57.0,0.017543859649122806,MCV_MISS_NDISTINCT_FALLBACK
dmv.976,state,IN,KS,reservoir,100,False,,36.0,36.0,0.027777777777777776,MCV_MISS_NDISTINCT_FALLBACK
dmv.976,state,IN,KS,reservoir,300,False,,47.0,47.0,0.02127659574468085,MCV_MISS_NDISTINCT_FALLBACK
dmv.976,state,IN,KS,reservoir,1000,False,,56.0,56.0,0.017857142857142856,MCV_MISS_NDISTINCT_FALLBACK
dmv.976,state,IN,LA,native,100,False,,34.0,34.0,0.029411764705882353,MCV_MISS_NDISTINCT_FALLBACK
dmv.976,state,IN,LA,native,300,False,,43.0,43.0,0.023255813953488372,MCV_MISS_NDISTINCT_FALLBACK
dmv.976,state,IN,LA,native,1000,False,,57.0,57.0,0.017543859649122806,MCV_MISS_NDISTINCT_FALLBACK
dmv.976,state,IN,LA,reservoir,100,False,,36.0,36.0,0.027777777777777776,MCV_MISS_NDISTINCT_FALLBACK
dmv.976,state,IN,LA,reservoir,300,False,,47.0,47.0,0.02127659574468085,MCV_MISS_NDISTINCT_FALLBACK
dmv.976,state,IN,LA,reservoir,1000,False,,56.0,56.0,0.017857142857142856,MCV_MISS_NDISTINCT_FALLBACK
dmv.976,state,IN,ON,native,100,False,,34.0,34.0,0.029411764705882353,MCV_MISS_NDISTINCT_FALLBACK
dmv.976,state,IN,ON,native,300,False,,43.0,43.0,0.023255813953488372,MCV_MISS_NDISTINCT_FALLBACK
dmv.976,state,IN,ON,native,1000,False,,57.0,57.0,0.017543859649122806,MCV_MISS_NDISTINCT_FALLBACK
dmv.976,state,IN,ON,reservoir,100,False,,36.0,36.0,0.027777777777777776,MCV_MISS_NDISTINCT_FALLBACK
dmv.976,state,IN,ON,reservoir,300,False,,47.0,47.0,0.02127659574468085,MCV_MISS_NDISTINCT_FALLBACK
dmv.976,state,IN,ON,reservoir,1000,False,,56.0,56.0,0.017857142857142856,MCV_MISS_NDISTINCT_FALLBACK
dmv.976,state,IN,NM,native,100,False,,34.0,34.0,0.029411764705882353,MCV_MISS_NDISTINCT_FALLBACK
dmv.976,state,IN,NM,native,300,False,,43.0,43.0,0.023255813953488372,MCV_MISS_NDISTINCT_FALLBACK
dmv.976,state,IN,NM,native,1000,False,,57.0,57.0,0.017543859649122806,MCV_MISS_NDISTINCT_FALLBACK
dmv.976,state,IN,NM,reservoir,100,False,,36.0,36.0,0.027777777777777776,MCV_MISS_NDISTINCT_FALLBACK
dmv.976,state,IN,NM,reservoir,300,False,,47.0,47.0,0.02127659574468085,MCV_MISS_NDISTINCT_FALLBACK
dmv.976,state,IN,NM,reservoir,1000,False,,56.0,56.0,0.017857142857142856,MCV_MISS_NDISTINCT_FALLBACK
dmv.976,state,IN,NU,native,100,False,,34.0,34.0,0.029411764705882353,MCV_MISS_NDISTINCT_FALLBACK
dmv.976,state,IN,NU,native,300,False,,43.0,43.0,0.023255813953488372,MCV_MISS_NDISTINCT_FALLBACK
dmv.976,state,IN,NU,native,1000,False,,57.0,57.0,0.017543859649122806,MCV_MISS_NDISTINCT_FALLBACK
dmv.976,state,IN,NU,reservoir,100,False,,36.0,36.0,0.027777777777777776,MCV_MISS_NDISTINCT_FALLBACK
dmv.976,state,IN,NU,reservoir,300,False,,47.0,47.0,0.02127659574468085,MCV_MISS_NDISTINCT_FALLBACK
dmv.976,state,IN,NU,reservoir,1000,False,,56.0,56.0,0.017857142857142856,MCV_MISS_NDISTINCT_FALLBACK
dmv.976,state,IN,MT,native,100,False,,34.0,34.0,0.029411764705882353,MCV_MISS_NDISTINCT_FALLBACK
dmv.976,state,IN,MT,native,300,False,,43.0,43.0,0.023255813953488372,MCV_MISS_NDISTINCT_FALLBACK
dmv.976,state,IN,MT,native,1000,True,4.6666668e-05,57.0,57.0,4.6666668e-05,MCV_EXACT
dmv.976,state,IN,MT,reservoir,100,False,,36.0,36.0,0.027777777777777776,MCV_MISS_NDISTINCT_FALLBACK
dmv.976,state,IN,MT,reservoir,300,False,,47.0,47.0,0.02127659574468085,MCV_MISS_NDISTINCT_FALLBACK
dmv.976,state,IN,MT,reservoir,1000,True,5.6666668e-05,56.0,56.0,5.6666668e-05,MCV_EXACT
dmv.976,state,IN,OR,native,100,False,,34.0,34.0,0.029411764705882353,MCV_MISS_NDISTINCT_FALLBACK
dmv.976,state,IN,OR,native,300,False,,43.0,43.0,0.023255813953488372,MCV_MISS_NDISTINCT_FALLBACK
dmv.976,state,IN,OR,native,1000,False,,57.0,57.0,0.017543859649122806,MCV_MISS_NDISTINCT_FALLBACK
dmv.976,state,IN,OR,reservoir,100,False,,36.0,36.0,0.027777777777777776,MCV_MISS_NDISTINCT_FALLBACK
dmv.976,state,IN,OR,reservoir,300,False,,47.0,47.0,0.02127659574468085,MCV_MISS_NDISTINCT_FALLBACK
dmv.976,state,IN,OR,reservoir,1000,False,,56.0,56.0,0.017857142857142856,MCV_MISS_NDISTINCT_FALLBACK
dmv.976,state,IN,NE,native,100,False,,34.0,34.0,0.029411764705882353,MCV_MISS_NDISTINCT_FALLBACK
dmv.976,state,IN,NE,native,300,False,,43.0,43.0,0.023255813953488372,MCV_MISS_NDISTINCT_FALLBACK
dmv.976,state,IN,NE,native,1000,False,,57.0,57.0,0.017543859649122806,MCV_MISS_NDISTINCT_FALLBACK
dmv.976,state,IN,NE,reservoir,100,False,,36.0,36.0,0.027777777777777776,MCV_MISS_NDISTINCT_FALLBACK
dmv.976,state,IN,NE,reservoir,300,False,,47.0,47.0,0.02127659574468085,MCV_MISS_NDISTINCT_FALLBACK
dmv.976,state,IN,NE,reservoir,1000,False,,56.0,56.0,0.017857142857142856,MCV_MISS_NDISTINCT_FALLBACK
dmv.976,state,IN,HI,native,100,False,,34.0,34.0,0.029411764705882353,MCV_MISS_NDISTINCT_FALLBACK
dmv.976,state,IN,HI,native,300,False,,43.0,43.0,0.023255813953488372,MCV_MISS_NDISTINCT_FALLBACK
dmv.976,state,IN,HI,native,1000,False,,57.0,57.0,0.017543859649122806,MCV_MISS_NDISTINCT_FALLBACK
dmv.976,state,IN,HI,reservoir,100,False,,36.0,36.0,0.027777777777777776,MCV_MISS_NDISTINCT_FALLBACK
dmv.976,state,IN,HI,reservoir,300,False,,47.0,47.0,0.02127659574468085,MCV_MISS_NDISTINCT_FALLBACK
dmv.976,state,IN,HI,reservoir,1000,False,,56.0,56.0,0.017857142857142856,MCV_MISS_NDISTINCT_FALLBACK
dmv.976,state,IN,IA,native,100,False,,34.0,34.0,0.029411764705882353,MCV_MISS_NDISTINCT_FALLBACK
dmv.976,state,IN,IA,native,300,False,,43.0,43.0,0.023255813953488372,MCV_MISS_NDISTINCT_FALLBACK
dmv.976,state,IN,IA,native,1000,False,,57.0,57.0,0.017543859649122806,MCV_MISS_NDISTINCT_FALLBACK
dmv.976,state,IN,IA,reservoir,100,False,,36.0,36.0,0.027777777777777776,MCV_MISS_NDISTINCT_FALLBACK
dmv.976,state,IN,IA,reservoir,300,False,,47.0,47.0,0.02127659574468085,MCV_MISS_NDISTINCT_FALLBACK
dmv.976,state,IN,IA,reservoir,1000,False,,56.0,56.0,0.017857142857142856,MCV_MISS_NDISTINCT_FALLBACK
dmv.976,state,IN,AK,native,100,False,,34.0,34.0,0.029411764705882353,MCV_MISS_NDISTINCT_FALLBACK
dmv.976,state,IN,AK,native,300,False,,43.0,43.0,0.023255813953488372,MCV_MISS_NDISTINCT_FALLBACK
dmv.976,state,IN,AK,native,1000,False,,57.0,57.0,0.017543859649122806,MCV_MISS_NDISTINCT_FALLBACK
dmv.976,state,IN,AK,reservoir,100,False,,36.0,36.0,0.027777777777777776,MCV_MISS_NDISTINCT_FALLBACK
dmv.976,state,IN,AK,reservoir,300,False,,47.0,47.0,0.02127659574468085,MCV_MISS_NDISTINCT_FALLBACK
dmv.976,state,IN,AK,reservoir,1000,False,,56.0,56.0,0.017857142857142856,MCV_MISS_NDISTINCT_FALLBACK
dmv.976,state,IN,MS,native,100,False,,34.0,34.0,0.029411764705882353,MCV_MISS_NDISTINCT_FALLBACK
dmv.976,state,IN,MS,native,300,False,,43.0,43.0,0.023255813953488372,MCV_MISS_NDISTINCT_FALLBACK
dmv.976,state,IN,MS,native,1000,False,,57.0,57.0,0.017543859649122806,MCV_MISS_NDISTINCT_FALLBACK
dmv.976,state,IN,MS,reservoir,100,False,,36.0,36.0,0.027777777777777776,MCV_MISS_NDISTINCT_FALLBACK
dmv.976,state,IN,MS,reservoir,300,False,,47.0,47.0,0.02127659574468085,MCV_MISS_NDISTINCT_FALLBACK
dmv.976,state,IN,MS,reservoir,1000,False,,56.0,56.0,0.017857142857142856,MCV_MISS_NDISTINCT_FALLBACK
dmv.976,state,IN,SD,native,100,False,,34.0,34.0,0.029411764705882353,MCV_MISS_NDISTINCT_FALLBACK
dmv.976,state,IN,SD,native,300,False,,43.0,43.0,0.023255813953488372,MCV_MISS_NDISTINCT_FALLBACK
dmv.976,state,IN,SD,native,1000,False,,57.0,57.0,0.017543859649122806,MCV_MISS_NDISTINCT_FALLBACK
dmv.976,state,IN,SD,reservoir,100,False,,36.0,36.0,0.027777777777777776,MCV_MISS_NDISTINCT_FALLBACK
dmv.976,state,IN,SD,reservoir,300,False,,47.0,47.0,0.02127659574468085,MCV_MISS_NDISTINCT_FALLBACK
dmv.976,state,IN,SD,reservoir,1000,False,,56.0,56.0,0.017857142857142856,MCV_MISS_NDISTINCT_FALLBACK
dmv.976,state,IN,QC,native,100,False,,34.0,34.0,0.029411764705882353,MCV_MISS_NDISTINCT_FALLBACK
dmv.976,state,IN,QC,native,300,False,,43.0,43.0,0.023255813953488372,MCV_MISS_NDISTINCT_FALLBACK
dmv.976,state,IN,QC,native,1000,False,,57.0,57.0,0.017543859649122806,MCV_MISS_NDISTINCT_FALLBACK
dmv.976,state,IN,QC,reservoir,100,False,,36.0,36.0,0.027777777777777776,MCV_MISS_NDISTINCT_FALLBACK
dmv.976,state,IN,QC,reservoir,300,False,,47.0,47.0,0.02127659574468085,MCV_MISS_NDISTINCT_FALLBACK
dmv.976,state,IN,QC,reservoir,1000,False,,56.0,56.0,0.017857142857142856,MCV_MISS_NDISTINCT_FALLBACK
dmv.976,state,IN,WY,native,100,False,,34.0,34.0,0.029411764705882353,MCV_MISS_NDISTINCT_FALLBACK
dmv.976,state,IN,WY,native,300,False,,43.0,43.0,0.023255813953488372,MCV_MISS_NDISTINCT_FALLBACK
dmv.976,state,IN,WY,native,1000,False,,57.0,57.0,0.017543859649122806,MCV_MISS_NDISTINCT_FALLBACK
dmv.976,state,IN,WY,reservoir,100,False,,36.0,36.0,0.027777777777777776,MCV_MISS_NDISTINCT_FALLBACK
dmv.976,state,IN,WY,reservoir,300,False,,47.0,47.0,0.02127659574468085,MCV_MISS_NDISTINCT_FALLBACK
dmv.976,state,IN,WY,reservoir,1000,False,,56.0,56.0,0.017857142857142856,MCV_MISS_NDISTINCT_FALLBACK
dmv.976,state,IN,ND,native,100,False,,34.0,34.0,0.029411764705882353,MCV_MISS_NDISTINCT_FALLBACK
dmv.976,state,IN,ND,native,300,False,,43.0,43.0,0.023255813953488372,MCV_MISS_NDISTINCT_FALLBACK
dmv.976,state,IN,ND,native,1000,False,,57.0,57.0,0.017543859649122806,MCV_MISS_NDISTINCT_FALLBACK
dmv.976,state,IN,ND,reservoir,100,False,,36.0,36.0,0.027777777777777776,MCV_MISS_NDISTINCT_FALLBACK
dmv.976,state,IN,ND,reservoir,300,False,,47.0,47.0,0.02127659574468085,MCV_MISS_NDISTINCT_FALLBACK
dmv.976,state,IN,ND,reservoir,1000,False,,56.0,56.0,0.017857142857142856,MCV_MISS_NDISTINCT_FALLBACK
dmv.976,state,IN,PR,native,100,False,,34.0,34.0,0.029411764705882353,MCV_MISS_NDISTINCT_FALLBACK
dmv.976,state,IN,PR,native,300,False,,43.0,43.0,0.023255813953488372,MCV_MISS_NDISTINCT_FALLBACK
dmv.976,state,IN,PR,native,1000,False,,57.0,57.0,0.017543859649122806,MCV_MISS_NDISTINCT_FALLBACK
dmv.976,state,IN,PR,reservoir,100,False,,36.0,36.0,0.027777777777777776,MCV_MISS_NDISTINCT_FALLBACK
dmv.976,state,IN,PR,reservoir,300,False,,47.0,47.0,0.02127659574468085,MCV_MISS_NDISTINCT_FALLBACK
dmv.976,state,IN,PR,reservoir,1000,False,,56.0,56.0,0.017857142857142856,MCV_MISS_NDISTINCT_FALLBACK
dmv.976,state,IN,ID,native,100,False,,34.0,34.0,0.029411764705882353,MCV_MISS_NDISTINCT_FALLBACK
dmv.976,state,IN,ID,native,300,False,,43.0,43.0,0.023255813953488372,MCV_MISS_NDISTINCT_FALLBACK
dmv.976,state,IN,ID,native,1000,False,,57.0,57.0,0.017543859649122806,MCV_MISS_NDISTINCT_FALLBACK
dmv.976,state,IN,ID,reservoir,100,False,,36.0,36.0,0.027777777777777776,MCV_MISS_NDISTINCT_FALLBACK
dmv.976,state,IN,ID,reservoir,300,False,,47.0,47.0,0.02127659574468085,MCV_MISS_NDISTINCT_FALLBACK
dmv.976,state,IN,ID,reservoir,1000,False,,56.0,56.0,0.017857142857142856,MCV_MISS_NDISTINCT_FALLBACK
dmv.976,county,IN,STEUBEN,native,100,True,0.0078,63.0,63.0,0.0078,MCV_EXACT
dmv.976,county,IN,STEUBEN,native,300,True,0.007333333,63.0,63.0,0.007333333,MCV_EXACT
dmv.976,county,IN,STEUBEN,native,1000,True,0.007523333,63.0,63.0,0.007523333,MCV_EXACT
dmv.976,county,IN,STEUBEN,reservoir,100,True,0.0081,63.0,63.0,0.0081,MCV_EXACT
dmv.976,county,IN,STEUBEN,reservoir,300,True,0.0073111113,63.0,63.0,0.0073111113,MCV_EXACT
dmv.976,county,IN,STEUBEN,reservoir,1000,True,0.007286667,63.0,63.0,0.007286667,MCV_EXACT
dmv.976,county,IN,CLINTON,native,100,True,0.0067666667,63.0,63.0,0.0067666667,MCV_EXACT
dmv.976,county,IN,CLINTON,native,300,True,0.0065111113,63.0,63.0,0.0065111113,MCV_EXACT
dmv.976,county,IN,CLINTON,native,1000,True,0.006723333,63.0,63.0,0.006723333,MCV_EXACT
dmv.976,county,IN,CLINTON,reservoir,100,True,0.0064333333,63.0,63.0,0.0064333333,MCV_EXACT
dmv.976,county,IN,CLINTON,reservoir,300,True,0.0064,63.0,63.0,0.0064,MCV_EXACT
dmv.976,county,IN,CLINTON,reservoir,1000,True,0.00647,63.0,63.0,0.00647,MCV_EXACT
dmv.976,county,IN,CAYUGA,native,100,True,0.0049666665,63.0,63.0,0.0049666665,MCV_EXACT
dmv.976,county,IN,CAYUGA,native,300,True,0.0059444443,63.0,63.0,0.0059444443,MCV_EXACT
dmv.976,county,IN,CAYUGA,native,1000,True,0.0057333335,63.0,63.0,0.0057333335,MCV_EXACT
dmv.976,county,IN,CAYUGA,reservoir,100,True,0.006733333,63.0,63.0,0.006733333,MCV_EXACT
dmv.976,county,IN,CAYUGA,reservoir,300,True,0.0058444445,63.0,63.0,0.0058444445,MCV_EXACT
dmv.976,county,IN,CAYUGA,reservoir,1000,True,0.0057933335,63.0,63.0,0.0057933335,MCV_EXACT
dmv.976,county,IN,WARREN,native,100,True,0.0067666667,63.0,63.0,0.0067666667,MCV_EXACT
dmv.976,county,IN,WARREN,native,300,True,0.0057777776,63.0,63.0,0.0057777776,MCV_EXACT
dmv.976,county,IN,WARREN,native,1000,True,0.0059666666,63.0,63.0,0.0059666666,MCV_EXACT
dmv.976,county,IN,WARREN,reservoir,100,True,0.0060333335,63.0,63.0,0.0060333335,MCV_EXACT
dmv.976,county,IN,WARREN,reservoir,300,True,0.005677778,63.0,63.0,0.005677778,MCV_EXACT
dmv.976,county,IN,WARREN,reservoir,1000,True,0.00568,63.0,63.0,0.00568,MCV_EXACT
dmv.976,county,IN,CHEMUNG,native,100,True,0.007,63.0,63.0,0.007,MCV_EXACT
dmv.976,county,IN,CHEMUNG,native,300,True,0.005877778,63.0,63.0,0.005877778,MCV_EXACT
dmv.976,county,IN,CHEMUNG,native,1000,True,0.00584,63.0,63.0,0.00584,MCV_EXACT
dmv.976,county,IN,CHEMUNG,reservoir,100,True,0.0061,63.0,63.0,0.0061,MCV_EXACT
dmv.976,county,IN,CHEMUNG,reservoir,300,True,0.005877778,63.0,63.0,0.005877778,MCV_EXACT
dmv.976,county,IN,CHEMUNG,reservoir,1000,True,0.0057333335,63.0,63.0,0.0057333335,MCV_EXACT
dmv.976,county,IN,TOMPKINS,native,100,True,0.0052,63.0,63.0,0.0052,MCV_EXACT
dmv.976,county,IN,TOMPKINS,native,300,True,0.005933333,63.0,63.0,0.005933333,MCV_EXACT
dmv.976,county,IN,TOMPKINS,native,1000,True,0.0056633335,63.0,63.0,0.0056633335,MCV_EXACT
dmv.976,county,IN,TOMPKINS,reservoir,100,True,0.0050333333,63.0,63.0,0.0050333333,MCV_EXACT
dmv.976,county,IN,TOMPKINS,reservoir,300,True,0.0055,63.0,63.0,0.0055,MCV_EXACT
dmv.976,county,IN,TOMPKINS,reservoir,1000,True,0.00579,63.0,63.0,0.00579,MCV_EXACT
dmv.976,county,IN,SULLIVAN,native,100,True,0.0057666665,63.0,63.0,0.0057666665,MCV_EXACT
dmv.976,county,IN,SULLIVAN,native,300,True,0.0064444444,63.0,63.0,0.0064444444,MCV_EXACT
dmv.976,county,IN,SULLIVAN,native,1000,True,0.0058366666,63.0,63.0,0.0058366666,MCV_EXACT
dmv.976,county,IN,SULLIVAN,reservoir,100,True,0.0052,63.0,63.0,0.0052,MCV_EXACT
dmv.976,county,IN,SULLIVAN,reservoir,300,True,0.006055556,63.0,63.0,0.006055556,MCV_EXACT
dmv.976,county,IN,SULLIVAN,reservoir,1000,True,0.0058933333,63.0,63.0,0.0058933333,MCV_EXACT
dmv.976,county,IN,CATTARAUGUS,native,100,True,0.005133333,63.0,63.0,0.005133333,MCV_EXACT
dmv.976,county,IN,CATTARAUGUS,native,300,True,0.0054111113,63.0,63.0,0.0054111113,MCV_EXACT
dmv.976,county,IN,CATTARAUGUS,native,1000,True,0.0054866667,63.0,63.0,0.0054866667,MCV_EXACT
dmv.976,county,IN,CATTARAUGUS,reservoir,100,True,0.005433333,63.0,63.0,0.005433333,MCV_EXACT
dmv.976,county,IN,CATTARAUGUS,reservoir,300,True,0.0052222223,63.0,63.0,0.0052222223,MCV_EXACT
dmv.976,county,IN,CATTARAUGUS,reservoir,1000,True,0.00546,63.0,63.0,0.00546,MCV_EXACT
dmv.976,county,IN,MADISON,native,100,True,0.005,63.0,63.0,0.005,MCV_EXACT
dmv.976,county,IN,MADISON,native,300,True,0.005633333,63.0,63.0,0.005633333,MCV_EXACT
dmv.976,county,IN,MADISON,native,1000,True,0.00545,63.0,63.0,0.00545,MCV_EXACT
dmv.976,county,IN,MADISON,reservoir,100,True,0.005566667,63.0,63.0,0.005566667,MCV_EXACT
dmv.976,county,IN,MADISON,reservoir,300,True,0.0058,63.0,63.0,0.0058,MCV_EXACT
dmv.976,county,IN,MADISON,reservoir,1000,True,0.00566,63.0,63.0,0.00566,MCV_EXACT
dmv.976,county,IN,COLUMBIA,native,100,True,0.0047333334,63.0,63.0,0.0047333334,MCV_EXACT
dmv.976,county,IN,COLUMBIA,native,300,True,0.005266667,63.0,63.0,0.005266667,MCV_EXACT
dmv.976,county,IN,COLUMBIA,native,1000,True,0.00505,63.0,63.0,0.00505,MCV_EXACT
dmv.976,county,IN,COLUMBIA,reservoir,100,True,0.004466667,63.0,63.0,0.004466667,MCV_EXACT
dmv.976,county,IN,COLUMBIA,reservoir,300,True,0.0054555554,63.0,63.0,0.0054555554,MCV_EXACT
dmv.976,county,IN,COLUMBIA,reservoir,1000,True,0.0047933334,63.0,63.0,0.0047933334,MCV_EXACT
dmv.976,county,IN,LIVINGSTON,native,100,True,0.0048,63.0,63.0,0.0048,MCV_EXACT
dmv.976,county,IN,LIVINGSTON,native,300,True,0.0047,63.0,63.0,0.0047,MCV_EXACT
dmv.976,county,IN,LIVINGSTON,native,1000,True,0.00511,63.0,63.0,0.00511,MCV_EXACT
dmv.976,county,IN,LIVINGSTON,reservoir,100,True,0.0056,63.0,63.0,0.0056,MCV_EXACT
dmv.976,county,IN,LIVINGSTON,reservoir,300,True,0.004588889,63.0,63.0,0.004588889,MCV_EXACT
dmv.976,county,IN,LIVINGSTON,reservoir,1000,True,0.00495,63.0,63.0,0.00495,MCV_EXACT
dmv.976,county,IN,WASHINGTON,native,100,True,0.0051666666,63.0,63.0,0.0051666666,MCV_EXACT
dmv.976,county,IN,WASHINGTON,native,300,True,0.005088889,63.0,63.0,0.005088889,MCV_EXACT
dmv.976,county,IN,WASHINGTON,native,1000,True,0.0049666665,63.0,63.0,0.0049666665,MCV_EXACT
dmv.976,county,IN,WASHINGTON,reservoir,100,True,0.005133333,63.0,63.0,0.005133333,MCV_EXACT
dmv.976,county,IN,WASHINGTON,reservoir,300,True,0.005022222,63.0,63.0,0.005022222,MCV_EXACT
dmv.976,county,IN,WASHINGTON,reservoir,1000,True,0.005,63.0,63.0,0.005,MCV_EXACT
dmv.976,county,IN,HERKIMER,native,100,True,0.0048,63.0,63.0,0.0048,MCV_EXACT
dmv.976,county,IN,HERKIMER,native,300,True,0.0045444444,63.0,63.0,0.0045444444,MCV_EXACT
dmv.976,county,IN,HERKIMER,native,1000,True,0.004773333,63.0,63.0,0.004773333,MCV_EXACT
dmv.976,county,IN,HERKIMER,reservoir,100,True,0.0053666667,63.0,63.0,0.0053666667,MCV_EXACT
dmv.976,county,IN,HERKIMER,reservoir,300,True,0.0046,63.0,63.0,0.0046,MCV_EXACT
dmv.976,county,IN,HERKIMER,reservoir,1000,True,0.0048533333,63.0,63.0,0.0048533333,MCV_EXACT
dmv.976,county,IN,GENESEE,native,100,True,0.0040666666,63.0,63.0,0.0040666666,MCV_EXACT
dmv.976,county,IN,GENESEE,native,300,True,0.0044555557,63.0,63.0,0.0044555557,MCV_EXACT
dmv.976,county,IN,GENESEE,native,1000,True,0.00468,63.0,63.0,0.00468,MCV_EXACT
dmv.976,county,IN,GENESEE,reservoir,100,True,0.004,63.0,63.0,0.004,MCV_EXACT
dmv.976,county,IN,GENESEE,reservoir,300,True,0.004222222,63.0,63.0,0.004222222,MCV_EXACT
dmv.976,county,IN,GENESEE,reservoir,1000,True,0.0045633335,63.0,63.0,0.0045633335,MCV_EXACT
dmv.976,county,IN,OTSEGO,native,100,True,0.0043,63.0,63.0,0.0043,MCV_EXACT
dmv.976,county,IN,OTSEGO,native,300,True,0.004388889,63.0,63.0,0.004388889,MCV_EXACT
dmv.976,county,IN,OTSEGO,native,1000,True,0.0046066665,63.0,63.0,0.0046066665,MCV_EXACT
dmv.976,county,IN,OTSEGO,reservoir,100,True,0.0047,63.0,63.0,0.0047,MCV_EXACT
dmv.976,county,IN,OTSEGO,reservoir,300,True,0.0041888887,63.0,63.0,0.0041888887,MCV_EXACT
dmv.976,county,IN,OTSEGO,reservoir,1000,True,0.0044233333,63.0,63.0,0.0044233333,MCV_EXACT
dmv.976,county,IN,FULTON,native,100,True,0.0046666665,63.0,63.0,0.0046666665,MCV_EXACT
dmv.976,county,IN,FULTON,native,300,True,0.004388889,63.0,63.0,0.004388889,MCV_EXACT
dmv.976,county,IN,FULTON,native,1000,True,0.00438,63.0,63.0,0.00438,MCV_EXACT
dmv.976,county,IN,FULTON,reservoir,100,True,0.0045,63.0,63.0,0.0045,MCV_EXACT
dmv.976,county,IN,FULTON,reservoir,300,True,0.0043222224,63.0,63.0,0.0043222224,MCV_EXACT
dmv.976,county,IN,FULTON,reservoir,1000,True,0.0043766666,63.0,63.0,0.0043766666,MCV_EXACT
dmv.976,county,IN,GREENE,native,100,True,0.004033333,63.0,63.0,0.004033333,MCV_EXACT
dmv.976,county,IN,GREENE,native,300,True,0.0040111113,63.0,63.0,0.0040111113,MCV_EXACT
dmv.976,county,IN,GREENE,native,1000,True,0.0041166665,63.0,63.0,0.0041166665,MCV_EXACT
dmv.976,county,IN,GREENE,reservoir,100,True,0.0043,63.0,63.0,0.0043,MCV_EXACT
dmv.976,county,IN,GREENE,reservoir,300,True,0.0044222223,63.0,63.0,0.0044222223,MCV_EXACT
dmv.976,county,IN,GREENE,reservoir,1000,True,0.00428,63.0,63.0,0.00428,MCV_EXACT
dmv.976,body_type,IN,SUBN,native,100,True,0.41933334,44.0,44.0,0.41933334,MCV_EXACT
dmv.976,body_type,IN,SUBN,native,300,True,0.41893333,51.0,51.0,0.41893333,MCV_EXACT
dmv.976,body_type,IN,SUBN,native,1000,True,0.41974333,57.0,57.0,0.41974333,MCV_EXACT
dmv.976,body_type,IN,SUBN,reservoir,100,True,0.41733333,44.0,44.0,0.41733333,MCV_EXACT
dmv.976,body_type,IN,SUBN,reservoir,300,True,0.41766667,51.0,51.0,0.41766667,MCV_EXACT
dmv.976,body_type,IN,SUBN,reservoir,1000,True,0.42038,55.0,55.0,0.42038,MCV_EXACT
dmv.976,body_type,IN,4DSD,native,100,True,0.3166,44.0,44.0,0.3166,MCV_EXACT
dmv.976,body_type,IN,4DSD,native,300,True,0.3141111,51.0,51.0,0.3141111,MCV_EXACT
dmv.976,body_type,IN,4DSD,native,1000,True,0.31395,57.0,57.0,0.31395,MCV_EXACT
dmv.976,body_type,IN,4DSD,reservoir,100,True,0.3175,44.0,44.0,0.3175,MCV_EXACT
dmv.976,body_type,IN,4DSD,reservoir,300,True,0.31611112,51.0,51.0,0.31611112,MCV_EXACT
dmv.976,body_type,IN,4DSD,reservoir,1000,True,0.31391,55.0,55.0,0.31391,MCV_EXACT
dmv.976,body_type,IN,PICK,native,100,True,0.039966665,44.0,44.0,0.039966665,MCV_EXACT
dmv.976,body_type,IN,PICK,native,300,True,0.038844444,51.0,51.0,0.038844444,MCV_EXACT
dmv.976,body_type,IN,PICK,native,1000,True,0.03935,57.0,57.0,0.03935,MCV_EXACT
dmv.976,body_type,IN,PICK,reservoir,100,True,0.038833335,44.0,44.0,0.038833335,MCV_EXACT
dmv.976,body_type,IN,PICK,reservoir,300,True,0.038455557,51.0,51.0,0.038455557,MCV_EXACT
dmv.976,body_type,IN,PICK,reservoir,1000,True,0.038766667,55.0,55.0,0.038766667,MCV_EXACT
dmv.976,body_type,IN,2DSD,native,100,True,0.03973333,44.0,44.0,0.03973333,MCV_EXACT
dmv.976,body_type,IN,2DSD,native,300,True,0.040644445,51.0,51.0,0.040644445,MCV_EXACT
dmv.976,body_type,IN,2DSD,native,1000,True,0.03967,57.0,57.0,0.03967,MCV_EXACT
dmv.976,body_type,IN,2DSD,reservoir,100,True,0.038366668,44.0,44.0,0.038366668,MCV_EXACT
dmv.976,body_type,IN,2DSD,reservoir,300,True,0.039655555,51.0,51.0,0.039655555,MCV_EXACT
dmv.976,body_type,IN,2DSD,reservoir,1000,True,0.03933,55.0,55.0,0.03933,MCV_EXACT
dmv.976,body_type,IN,BOAT,native,100,True,0.0327,44.0,44.0,0.0327,MCV_EXACT
dmv.976,body_type,IN,BOAT,native,300,True,0.033666667,51.0,51.0,0.033666667,MCV_EXACT
dmv.976,body_type,IN,BOAT,native,1000,True,0.032623332,57.0,57.0,0.032623332,MCV_EXACT
dmv.976,body_type,IN,BOAT,reservoir,100,True,0.033833332,44.0,44.0,0.033833332,MCV_EXACT
dmv.976,body_type,IN,BOAT,reservoir,300,True,0.031744443,51.0,51.0,0.031744443,MCV_EXACT
dmv.976,body_type,IN,BOAT,reservoir,1000,True,0.0329,55.0,55.0,0.0329,MCV_EXACT
dmv.976,body_type,IN,LTRL,native,100,True,0.019766666,44.0,44.0,0.019766666,MCV_EXACT
dmv.976,body_type,IN,LTRL,native,300,True,0.019988889,51.0,51.0,0.019988889,MCV_EXACT
dmv.976,body_type,IN,LTRL,native,1000,True,0.0202,57.0,57.0,0.0202,MCV_EXACT
dmv.976,body_type,IN,LTRL,reservoir,100,True,0.021766666,44.0,44.0,0.021766666,MCV_EXACT
dmv.976,body_type,IN,LTRL,reservoir,300,True,0.01991111,51.0,51.0,0.01991111,MCV_EXACT
dmv.976,body_type,IN,LTRL,reservoir,1000,True,0.020406667,55.0,55.0,0.020406667,MCV_EXACT
dmv.976,body_type,IN,MCY,native,100,True,0.0317,44.0,44.0,0.0317,MCV_EXACT
dmv.976,body_type,IN,MCY,native,300,True,0.030122222,51.0,51.0,0.030122222,MCV_EXACT
dmv.976,body_type,IN,MCY,native,1000,True,0.030603332,57.0,57.0,0.030603332,MCV_EXACT
dmv.976,body_type,IN,MCY,reservoir,100,True,0.0305,44.0,44.0,0.0305,MCV_EXACT
dmv.976,body_type,IN,MCY,reservoir,300,True,0.031911112,51.0,51.0,0.031911112,MCV_EXACT
dmv.976,body_type,IN,MCY,reservoir,1000,True,0.030536667,55.0,55.0,0.030536667,MCV_EXACT
dmv.976,body_type,IN,TRLR,native,100,True,0.013366667,44.0,44.0,0.013366667,MCV_EXACT
dmv.976,body_type,IN,TRLR,native,300,True,0.013366667,51.0,51.0,0.013366667,MCV_EXACT
dmv.976,body_type,IN,TRLR,native,1000,True,0.01357,57.0,57.0,0.01357,MCV_EXACT
dmv.976,body_type,IN,TRLR,reservoir,100,True,0.0138,44.0,44.0,0.0138,MCV_EXACT
dmv.976,body_type,IN,TRLR,reservoir,300,True,0.014644444,51.0,51.0,0.014644444,MCV_EXACT
dmv.976,body_type,IN,TRLR,reservoir,1000,True,0.014033333,55.0,55.0,0.014033333,MCV_EXACT
dmv.976,body_type,IN,VAN,native,100,True,0.018233333,44.0,44.0,0.018233333,MCV_EXACT
dmv.976,body_type,IN,VAN,native,300,True,0.019233333,51.0,51.0,0.019233333,MCV_EXACT
dmv.976,body_type,IN,VAN,native,1000,True,0.019436667,57.0,57.0,0.019436667,MCV_EXACT
dmv.976,body_type,IN,VAN,reservoir,100,True,0.0199,44.0,44.0,0.0199,MCV_EXACT
dmv.976,body_type,IN,VAN,reservoir,300,True,0.019633334,51.0,51.0,0.019633334,MCV_EXACT
dmv.976,body_type,IN,VAN,reservoir,1000,True,0.01936,55.0,55.0,0.01936,MCV_EXACT
dmv.976,body_type,IN,CONV,native,100,True,0.0142,44.0,44.0,0.0142,MCV_EXACT
dmv.976,body_type,IN,CONV,native,300,True,0.0144,51.0,51.0,0.0144,MCV_EXACT
dmv.976,body_type,IN,CONV,native,1000,True,0.01498,57.0,57.0,0.01498,MCV_EXACT
dmv.976,body_type,IN,CONV,reservoir,100,True,0.014733333,44.0,44.0,0.014733333,MCV_EXACT
dmv.976,body_type,IN,CONV,reservoir,300,True,0.014844445,51.0,51.0,0.014844445,MCV_EXACT
dmv.976,body_type,IN,CONV,reservoir,1000,True,0.014763333,55.0,55.0,0.014763333,MCV_EXACT
dmv.976,body_type,IN,ATV,native,100,True,0.0084,44.0,44.0,0.0084,MCV_EXACT
dmv.976,body_type,IN,ATV,native,300,True,0.009322222,51.0,51.0,0.009322222,MCV_EXACT
dmv.976,body_type,IN,ATV,native,1000,True,0.009113333,57.0,57.0,0.009113333,MCV_EXACT
dmv.976,body_type,IN,ATV,reservoir,100,True,0.0085,44.0,44.0,0.0085,MCV_EXACT
dmv.976,body_type,IN,ATV,reservoir,300,True,0.008744445,51.0,51.0,0.008744445,MCV_EXACT
dmv.976,body_type,IN,ATV,reservoir,1000,True,0.008986667,55.0,55.0,0.008986667,MCV_EXACT
dmv.976,body_type,IN,SNOW,native,100,True,0.0071333335,44.0,44.0,0.0071333335,MCV_EXACT
dmv.976,body_type,IN,SNOW,native,300,True,0.008444444,51.0,51.0,0.008444444,MCV_EXACT
dmv.976,body_type,IN,SNOW,native,1000,True,0.00852,57.0,57.0,0.00852,MCV_EXACT
dmv.976,body_type,IN,SNOW,reservoir,100,True,0.0076,44.0,44.0,0.0076,MCV_EXACT
dmv.976,body_type,IN,SNOW,reservoir,300,True,0.008155555,51.0,51.0,0.008155555,MCV_EXACT
dmv.976,body_type,IN,SNOW,reservoir,1000,True,0.00822,55.0,55.0,0.00822,MCV_EXACT
dmv.976,body_type,IN,DUMP,native,100,True,0.0070666666,44.0,44.0,0.0070666666,MCV_EXACT
dmv.976,body_type,IN,DUMP,native,300,True,0.0068555553,51.0,51.0,0.0068555553,MCV_EXACT
dmv.976,body_type,IN,DUMP,native,1000,True,0.006903333,57.0,57.0,0.006903333,MCV_EXACT
dmv.976,body_type,IN,DUMP,reservoir,100,True,0.0070666666,44.0,44.0,0.0070666666,MCV_EXACT
dmv.976,body_type,IN,DUMP,reservoir,300,True,0.007022222,51.0,51.0,0.007022222,MCV_EXACT
dmv.976,body_type,IN,DUMP,reservoir,1000,True,0.006786667,55.0,55.0,0.006786667,MCV_EXACT
dmv.976,body_type,IN,BUS,native,100,True,0.0057333335,44.0,44.0,0.0057333335,MCV_EXACT
dmv.976,body_type,IN,BUS,native,300,True,0.0054111113,51.0,51.0,0.0054111113,MCV_EXACT
dmv.976,body_type,IN,BUS,native,1000,True,0.0050666668,57.0,57.0,0.0050666668,MCV_EXACT
dmv.976,body_type,IN,BUS,reservoir,100,True,0.005266667,44.0,44.0,0.005266667,MCV_EXACT
dmv.976,body_type,IN,BUS,reservoir,300,True,0.0049444446,51.0,51.0,0.0049444446,MCV_EXACT
dmv.976,body_type,IN,BUS,reservoir,1000,True,0.0051733335,55.0,55.0,0.0051733335,MCV_EXACT
dmv.976,body_type,IN,H/TR,native,100,True,0.0021666666,44.0,44.0,0.0021666666,MCV_EXACT
dmv.976,body_type,IN,H/TR,native,300,True,0.0018111111,51.0,51.0,0.0018111111,MCV_EXACT
dmv.976,body_type,IN,H/TR,native,1000,True,0.0017533334,57.0,57.0,0.0017533334,MCV_EXACT
dmv.976,body_type,IN,H/TR,reservoir,100,True,0.0017,44.0,44.0,0.0017,MCV_EXACT
dmv.976,body_type,IN,H/TR,reservoir,300,True,0.0018333333,51.0,51.0,0.0018333333,MCV_EXACT
dmv.976,body_type,IN,H/TR,reservoir,1000,True,0.00175,55.0,55.0,0.00175,MCV_EXACT
dmv.976,body_type,IN,UTIL,native,100,True,0.004,44.0,44.0,0.004,MCV_EXACT
dmv.976,body_type,IN,UTIL,native,300,True,0.0041222223,51.0,51.0,0.0041222223,MCV_EXACT
dmv.976,body_type,IN,UTIL,native,1000,True,0.0042066667,57.0,57.0,0.0042066667,MCV_EXACT
dmv.976,body_type,IN,UTIL,reservoir,100,True,0.0039,44.0,44.0,0.0039,MCV_EXACT
dmv.976,body_type,IN,UTIL,reservoir,300,True,0.0038222221,51.0,51.0,0.0038222221,MCV_EXACT
dmv.976,body_type,IN,UTIL,reservoir,1000,True,0.004223333,55.0,55.0,0.004223333,MCV_EXACT
dmv.976,body_type,IN,SEMI,native,100,True,0.0039666668,44.0,44.0,0.0039666668,MCV_EXACT
dmv.976,body_type,IN,SEMI,native,300,True,0.0039444445,51.0,51.0,0.0039444445,MCV_EXACT
dmv.976,body_type,IN,SEMI,native,1000,True,0.00349,57.0,57.0,0.00349,MCV_EXACT
dmv.976,body_type,IN,SEMI,reservoir,100,True,0.0035333333,44.0,44.0,0.0035333333,MCV_EXACT
dmv.976,body_type,IN,SEMI,reservoir,300,True,0.0035666667,51.0,51.0,0.0035666667,MCV_EXACT
dmv.976,body_type,IN,SEMI,reservoir,1000,True,0.00368,55.0,55.0,0.00368,MCV_EXACT
dmv.976,body_type,IN,TRAC,native,100,True,0.0027,44.0,44.0,0.0027,MCV_EXACT
dmv.976,body_type,IN,TRAC,native,300,True,0.0029333334,51.0,51.0,0.0029333334,MCV_EXACT
dmv.976,body_type,IN,TRAC,native,1000,True,0.0029833333,57.0,57.0,0.0029833333,MCV_EXACT
dmv.976,body_type,IN,TRAC,reservoir,100,True,0.0027333333,44.0,44.0,0.0027333333,MCV_EXACT
dmv.976,body_type,IN,TRAC,reservoir,300,True,0.0031888888,51.0,51.0,0.0031888888,MCV_EXACT
dmv.976,body_type,IN,TRAC,reservoir,1000,True,0.0030633332,55.0,55.0,0.0030633332,MCV_EXACT
dmv.976,body_type,IN,H/WH,native,100,True,0.0021333334,44.0,44.0,0.0021333334,MCV_EXACT
dmv.976,body_type,IN,H/WH,native,300,True,0.0025444445,51.0,51.0,0.0025444445,MCV_EXACT
dmv.976,body_type,IN,H/WH,native,1000,True,0.0021666666,57.0,57.0,0.0021666666,MCV_EXACT
dmv.976,body_type,IN,H/WH,reservoir,100,True,0.0019333333,44.0,44.0,0.0019333333,MCV_EXACT
dmv.976,body_type,IN,H/WH,reservoir,300,True,0.002111111,51.0,51.0,0.002111111,MCV_EXACT
dmv.976,body_type,IN,H/WH,reservoir,1000,True,0.0022066666,55.0,55.0,0.0022066666,MCV_EXACT
dmv.976,fuel_type,IN,GAS,native,100,True,0.90966666,8.0,8.0,0.90966666,MCV_EXACT
dmv.976,fuel_type,IN,GAS,native,300,True,0.908,9.0,9.0,0.908,MCV_EXACT
dmv.976,fuel_type,IN,GAS,native,1000,True,0.9083833,9.0,9.0,0.9083833,MCV_EXACT
dmv.976,fuel_type,IN,GAS,reservoir,100,True,0.9099333,9.0,9.0,0.9099333,MCV_EXACT
dmv.976,fuel_type,IN,GAS,reservoir,300,True,0.90846664,9.0,9.0,0.90846664,MCV_EXACT
dmv.976,fuel_type,IN,GAS,reservoir,1000,True,0.90838665,9.0,9.0,0.90838665,MCV_EXACT
dmv.976,fuel_type,IN,NONE,native,100,True,0.0409,8.0,8.0,0.0409,MCV_EXACT
dmv.976,fuel_type,IN,NONE,native,300,True,0.04081111,9.0,9.0,0.04081111,MCV_EXACT
dmv.976,fuel_type,IN,NONE,native,1000,True,0.040763333,9.0,9.0,0.040763333,MCV_EXACT
dmv.976,fuel_type,IN,NONE,reservoir,100,True,0.042066667,9.0,9.0,0.042066667,MCV_EXACT
dmv.976,fuel_type,IN,NONE,reservoir,300,True,0.0416,9.0,9.0,0.0416,MCV_EXACT
dmv.976,fuel_type,IN,NONE,reservoir,1000,True,0.041566666,9.0,9.0,0.041566666,MCV_EXACT
dmv.976,fuel_type,IN,DIESEL,native,100,True,0.039533332,8.0,8.0,0.039533332,MCV_EXACT
dmv.976,fuel_type,IN,DIESEL,native,300,True,0.0401,9.0,9.0,0.0401,MCV_EXACT
dmv.976,fuel_type,IN,DIESEL,native,1000,True,0.039216667,9.0,9.0,0.039216667,MCV_EXACT
dmv.976,fuel_type,IN,DIESEL,reservoir,100,True,0.0371,9.0,9.0,0.0371,MCV_EXACT
dmv.976,fuel_type,IN,DIESEL,reservoir,300,True,0.03811111,9.0,9.0,0.03811111,MCV_EXACT
dmv.976,fuel_type,IN,DIESEL,reservoir,1000,True,0.038793333,9.0,9.0,0.038793333,MCV_EXACT
dmv.976,scofflaw_indicator,=,N,native,100,True,0.9998,2.0,2.0,0.9998,MCV_EXACT
dmv.976,scofflaw_indicator,=,N,native,300,True,0.99976665,2.0,2.0,0.99976665,MCV_EXACT
dmv.976,scofflaw_indicator,=,N,native,1000,True,0.9997467,2.0,2.0,0.9997467,MCV_EXACT
dmv.976,scofflaw_indicator,=,N,reservoir,100,True,0.9999,2.0,2.0,0.9999,MCV_EXACT
dmv.976,scofflaw_indicator,=,N,reservoir,300,True,0.9997889,2.0,2.0,0.9997889,MCV_EXACT
dmv.976,scofflaw_indicator,=,N,reservoir,1000,True,0.99978334,2.0,2.0,0.99978334,MCV_EXACT
dmv.976,revocation_indicator,=,N,native,100,True,0.99616665,2.0,2.0,0.99616665,MCV_EXACT
dmv.976,revocation_indicator,=,N,native,300,True,0.9952111,2.0,2.0,0.9952111,MCV_EXACT
dmv.976,revocation_indicator,=,N,native,1000,True,0.99562335,2.0,2.0,0.99562335,MCV_EXACT
dmv.976,revocation_indicator,=,N,reservoir,100,True,0.9953,2.0,2.0,0.9953,MCV_EXACT
dmv.976,revocation_indicator,=,N,reservoir,300,True,0.9954889,2.0,2.0,0.9954889,MCV_EXACT
dmv.976,revocation_indicator,=,N,reservoir,1000,True,0.9956333,2.0,2.0,0.9956333,MCV_EXACT
dmv.536,record_type,=,VEH,native,100,True,0.92153335,4.0,4.0,0.92153335,MCV_EXACT
dmv.536,record_type,=,VEH,native,300,True,0.91954446,4.0,4.0,0.91954446,MCV_EXACT
dmv.536,record_type,=,VEH,native,1000,True,0.92067665,4.0,4.0,0.92067665,MCV_EXACT
dmv.536,record_type,=,VEH,reservoir,100,True,0.9191333,4.0,4.0,0.9191333,MCV_EXACT
dmv.536,record_type,=,VEH,reservoir,300,True,0.92116666,4.0,4.0,0.92116666,MCV_EXACT
dmv.536,record_type,=,VEH,reservoir,1000,True,0.91965336,4.0,4.0,0.91965336,MCV_EXACT
dmv.536,registration_class,IN,PAS,native,100,True,0.738,47.0,47.0,0.738,MCV_EXACT
dmv.536,registration_class,IN,PAS,native,300,True,0.7391,53.0,53.0,0.7391,MCV_EXACT
dmv.536,registration_class,IN,PAS,native,1000,True,0.73775333,61.0,61.0,0.73775333,MCV_EXACT
dmv.536,registration_class,IN,PAS,reservoir,100,True,0.73483336,45.0,45.0,0.73483336,MCV_EXACT
dmv.536,registration_class,IN,PAS,reservoir,300,True,0.7368889,51.0,51.0,0.7368889,MCV_EXACT
dmv.536,registration_class,IN,PAS,reservoir,1000,True,0.7375467,62.0,62.0,0.7375467,MCV_EXACT
dmv.536,registration_class,IN,COM,native,100,True,0.0611,47.0,47.0,0.0611,MCV_EXACT
dmv.536,registration_class,IN,COM,native,300,True,0.061277777,53.0,53.0,0.061277777,MCV_EXACT
dmv.536,registration_class,IN,COM,native,1000,True,0.06229,61.0,61.0,0.06229,MCV_EXACT
dmv.536,registration_class,IN,COM,reservoir,100,True,0.062233333,45.0,45.0,0.062233333,MCV_EXACT
dmv.536,registration_class,IN,COM,reservoir,300,True,0.06218889,51.0,51.0,0.06218889,MCV_EXACT
dmv.536,registration_class,IN,COM,reservoir,1000,True,0.061466668,62.0,62.0,0.061466668,MCV_EXACT
dmv.536,registration_class,IN,LTR,native,100,True,0.020233333,47.0,47.0,0.020233333,MCV_EXACT
dmv.536,registration_class,IN,LTR,native,300,True,0.020477777,53.0,53.0,0.020477777,MCV_EXACT
dmv.536,registration_class,IN,LTR,native,1000,True,0.020816667,61.0,61.0,0.020816667,MCV_EXACT
dmv.536,registration_class,IN,LTR,reservoir,100,True,0.022,45.0,45.0,0.022,MCV_EXACT
dmv.536,registration_class,IN,LTR,reservoir,300,True,0.020622222,51.0,51.0,0.020622222,MCV_EXACT
dmv.536,registration_class,IN,LTR,reservoir,1000,True,0.020843333,62.0,62.0,0.020843333,MCV_EXACT
dmv.536,registration_class,IN,BOT,native,100,True,0.032366667,47.0,47.0,0.032366667,MCV_EXACT
dmv.536,registration_class,IN,BOT,native,300,True,0.033277776,53.0,53.0,0.033277776,MCV_EXACT
dmv.536,registration_class,IN,BOT,native,1000,True,0.032226667,61.0,61.0,0.032226667,MCV_EXACT
dmv.536,registration_class,IN,BOT,reservoir,100,True,0.033533335,45.0,45.0,0.033533335,MCV_EXACT
dmv.536,registration_class,IN,BOT,reservoir,300,True,0.03141111,51.0,51.0,0.03141111,MCV_EXACT
dmv.536,registration_class,IN,BOT,reservoir,1000,True,0.03262,62.0,62.0,0.03262,MCV_EXACT
dmv.536,registration_class,IN,MOT,native,100,True,0.031133333,47.0,47.0,0.031133333,MCV_EXACT
dmv.536,registration_class,IN,MOT,native,300,True,0.029577779,53.0,53.0,0.029577779,MCV_EXACT
dmv.536,registration_class,IN,MOT,native,1000,True,0.030103333,61.0,61.0,0.030103333,MCV_EXACT
dmv.536,registration_class,IN,MOT,reservoir,100,True,0.029833334,45.0,45.0,0.029833334,MCV_EXACT
dmv.536,registration_class,IN,MOT,reservoir,300,True,0.031266667,51.0,51.0,0.031266667,MCV_EXACT
dmv.536,registration_class,IN,MOT,reservoir,1000,True,0.029883333,62.0,62.0,0.029883333,MCV_EXACT
dmv.536,registration_class,IN,TRL,native,100,True,0.012633333,47.0,47.0,0.012633333,MCV_EXACT
dmv.536,registration_class,IN,TRL,native,300,True,0.0125222225,53.0,53.0,0.0125222225,MCV_EXACT
dmv.536,registration_class,IN,TRL,native,1000,True,0.012476667,61.0,61.0,0.012476667,MCV_EXACT
dmv.536,registration_class,IN,TRL,reservoir,100,True,0.012666667,45.0,45.0,0.012666667,MCV_EXACT
dmv.536,registration_class,IN,TRL,reservoir,300,True,0.013266667,51.0,51.0,0.013266667,MCV_EXACT
dmv.536,registration_class,IN,TRL,reservoir,1000,True,0.01319,62.0,62.0,0.01319,MCV_EXACT
dmv.536,registration_class,IN,SRF,native,100,True,0.0191,47.0,47.0,0.0191,MCV_EXACT
dmv.536,registration_class,IN,SRF,native,300,True,0.0173,53.0,53.0,0.0173,MCV_EXACT
dmv.536,registration_class,IN,SRF,native,1000,True,0.017606666,61.0,61.0,0.017606666,MCV_EXACT
dmv.536,registration_class,IN,SRF,reservoir,100,True,0.018833334,45.0,45.0,0.018833334,MCV_EXACT
dmv.536,registration_class,IN,SRF,reservoir,300,True,0.018533334,51.0,51.0,0.018533334,MCV_EXACT
dmv.536,registration_class,IN,SRF,reservoir,1000,True,0.018103333,62.0,62.0,0.018103333,MCV_EXACT
dmv.536,registration_class,IN,PSD,native,100,True,0.013966667,47.0,47.0,0.013966667,MCV_EXACT
dmv.536,registration_class,IN,PSD,native,300,True,0.0143444445,53.0,53.0,0.0143444445,MCV_EXACT
dmv.536,registration_class,IN,PSD,native,1000,True,0.014146667,61.0,61.0,0.014146667,MCV_EXACT
dmv.536,registration_class,IN,PSD,reservoir,100,True,0.014733333,45.0,45.0,0.014733333,MCV_EXACT
dmv.536,registration_class,IN,PSD,reservoir,300,True,0.013866667,51.0,51.0,0.013866667,MCV_EXACT
dmv.536,registration_class,IN,PSD,reservoir,1000,True,0.01397,62.0,62.0,0.01397,MCV_EXACT
dmv.536,registration_class,IN,OMT,native,100,True,0.011033333,47.0,47.0,0.011033333,MCV_EXACT
dmv.536,registration_class,IN,OMT,native,300,True,0.011777778,53.0,53.0,0.011777778,MCV_EXACT
dmv.536,registration_class,IN,OMT,native,1000,True,0.01224,61.0,61.0,0.01224,MCV_EXACT
dmv.536,registration_class,IN,OMT,reservoir,100,True,0.0125,45.0,45.0,0.0125,MCV_EXACT
dmv.536,registration_class,IN,OMT,reservoir,300,True,0.011655555,51.0,51.0,0.011655555,MCV_EXACT
dmv.536,registration_class,IN,OMT,reservoir,1000,True,0.01184,62.0,62.0,0.01184,MCV_EXACT
dmv.536,registration_class,IN,OMS,native,100,True,0.010233333,47.0,47.0,0.010233333,MCV_EXACT
dmv.536,registration_class,IN,OMS,native,300,True,0.009311111,53.0,53.0,0.009311111,MCV_EXACT
dmv.536,registration_class,IN,OMS,native,1000,True,0.009596666,61.0,61.0,0.009596666,MCV_EXACT
dmv.536,registration_class,IN,OMS,reservoir,100,True,0.009666666,45.0,45.0,0.009666666,MCV_EXACT
dmv.536,registration_class,IN,OMS,reservoir,300,True,0.010144444,51.0,51.0,0.010144444,MCV_EXACT
dmv.536,registration_class,IN,OMS,reservoir,1000,True,0.009406666,62.0,62.0,0.009406666,MCV_EXACT
dmv.536,registration_class,IN,ATV,native,100,True,0.008366667,47.0,47.0,0.008366667,MCV_EXACT
dmv.536,registration_class,IN,ATV,native,300,True,0.009322222,53.0,53.0,0.009322222,MCV_EXACT
dmv.536,registration_class,IN,ATV,native,1000,True,0.00911,61.0,61.0,0.00911,MCV_EXACT
dmv.536,registration_class,IN,ATV,reservoir,100,True,0.0085,45.0,45.0,0.0085,MCV_EXACT
dmv.536,registration_class,IN,ATV,reservoir,300,True,0.008722222,51.0,51.0,0.008722222,MCV_EXACT
dmv.536,registration_class,IN,ATV,reservoir,1000,True,0.00897,62.0,62.0,0.00897,MCV_EXACT
dmv.536,registration_class,IN,SNO,native,100,True,0.0071333335,47.0,47.0,0.0071333335,MCV_EXACT
dmv.536,registration_class,IN,SNO,native,300,True,0.008444444,53.0,53.0,0.008444444,MCV_EXACT
dmv.536,registration_class,IN,SNO,native,1000,True,0.00852,61.0,61.0,0.00852,MCV_EXACT
dmv.536,registration_class,IN,SNO,reservoir,100,True,0.0076,45.0,45.0,0.0076,MCV_EXACT
dmv.536,registration_class,IN,SNO,reservoir,300,True,0.008155555,51.0,51.0,0.008155555,MCV_EXACT
dmv.536,registration_class,IN,SNO,reservoir,1000,True,0.00822,62.0,62.0,0.00822,MCV_EXACT
dmv.536,registration_class,IN,HOU,native,100,True,0.0020333333,47.0,47.0,0.0020333333,MCV_EXACT
dmv.536,registration_class,IN,HOU,native,300,True,0.0018111111,53.0,53.0,0.0018111111,MCV_EXACT
dmv.536,registration_class,IN,HOU,native,1000,True,0.0017666667,61.0,61.0,0.0017666667,MCV_EXACT
dmv.536,registration_class,IN,HOU,reservoir,100,True,0.0016333334,45.0,45.0,0.0016333334,MCV_EXACT
dmv.536,registration_class,IN,HOU,reservoir,300,True,0.0018222223,51.0,51.0,0.0018222223,MCV_EXACT
dmv.536,registration_class,IN,HOU,reservoir,1000,True,0.0017333333,62.0,62.0,0.0017333333,MCV_EXACT
dmv.536,registration_class,IN,ORG,native,100,True,0.0049666665,47.0,47.0,0.0049666665,MCV_EXACT
dmv.536,registration_class,IN,ORG,native,300,True,0.0044,53.0,53.0,0.0044,MCV_EXACT
dmv.536,registration_class,IN,ORG,native,1000,True,0.0044166665,61.0,61.0,0.0044166665,MCV_EXACT
dmv.536,registration_class,IN,ORG,reservoir,100,True,0.0048666666,45.0,45.0,0.0048666666,MCV_EXACT
dmv.536,registration_class,IN,ORG,reservoir,300,True,0.004288889,51.0,51.0,0.004288889,MCV_EXACT
dmv.536,registration_class,IN,ORG,reservoir,1000,True,0.0044733332,62.0,62.0,0.0044733332,MCV_EXACT
dmv.536,registration_class,IN,SEM,native,100,True,0.0040666666,47.0,47.0,0.0040666666,MCV_EXACT
dmv.536,registration_class,IN,SEM,native,300,True,0.003922222,53.0,53.0,0.003922222,MCV_EXACT
dmv.536,registration_class,IN,SEM,native,1000,True,0.0035166666,61.0,61.0,0.0035166666,MCV_EXACT
dmv.536,registration_class,IN,SEM,reservoir,100,True,0.0034333332,45.0,45.0,0.0034333332,MCV_EXACT
dmv.536,registration_class,IN,SEM,reservoir,300,True,0.0035555556,51.0,51.0,0.0035555556,MCV_EXACT
dmv.536,registration_class,IN,SEM,reservoir,1000,True,0.00374,62.0,62.0,0.00374,MCV_EXACT
dmv.536,registration_class,IN,HIS,native,100,True,0.0033333334,47.0,47.0,0.0033333334,MCV_EXACT
dmv.536,registration_class,IN,HIS,native,300,True,0.0035,53.0,53.0,0.0035,MCV_EXACT
dmv.536,registration_class,IN,HIS,native,1000,True,0.0035466666,61.0,61.0,0.0035466666,MCV_EXACT
dmv.536,registration_class,IN,HIS,reservoir,100,True,0.0033,45.0,45.0,0.0033,MCV_EXACT
dmv.536,registration_class,IN,HIS,reservoir,300,True,0.0036666666,51.0,51.0,0.0036666666,MCV_EXACT
dmv.536,registration_class,IN,HIS,reservoir,1000,True,0.00357,62.0,62.0,0.00357,MCV_EXACT
dmv.536,registration_class,IN,IRP,native,100,True,0.0027666667,47.0,47.0,0.0027666667,MCV_EXACT
dmv.536,registration_class,IN,IRP,native,300,True,0.0028,53.0,53.0,0.0028,MCV_EXACT
dmv.536,registration_class,IN,IRP,native,1000,True,0.00312,61.0,61.0,0.00312,MCV_EXACT
dmv.536,registration_class,IN,IRP,reservoir,100,True,0.0027666667,45.0,45.0,0.0027666667,MCV_EXACT
dmv.536,registration_class,IN,IRP,reservoir,300,True,0.0029888889,51.0,51.0,0.0029888889,MCV_EXACT
dmv.536,registration_class,IN,IRP,reservoir,1000,True,0.00327,62.0,62.0,0.00327,MCV_EXACT
dmv.536,county,IN,BRONX,native,100,True,0.024633333,63.0,63.0,0.024633333,MCV_EXACT
dmv.536,county,IN,BRONX,native,300,True,0.02751111,63.0,63.0,0.02751111,MCV_EXACT
dmv.536,county,IN,BRONX,native,1000,True,0.02613,63.0,63.0,0.02613,MCV_EXACT
dmv.536,county,IN,BRONX,reservoir,100,True,0.0248,63.0,63.0,0.0248,MCV_EXACT
dmv.536,county,IN,BRONX,reservoir,300,True,0.025633333,63.0,63.0,0.025633333,MCV_EXACT
dmv.536,county,IN,BRONX,reservoir,1000,True,0.02608,63.0,63.0,0.02608,MCV_EXACT
dmv.536,county,IN,RICHMOND,native,100,True,0.0248,63.0,63.0,0.0248,MCV_EXACT
dmv.536,county,IN,RICHMOND,native,300,True,0.023533333,63.0,63.0,0.023533333,MCV_EXACT
dmv.536,county,IN,RICHMOND,native,1000,True,0.024176667,63.0,63.0,0.024176667,MCV_EXACT
dmv.536,county,IN,RICHMOND,reservoir,100,True,0.0241,63.0,63.0,0.0241,MCV_EXACT
dmv.536,county,IN,RICHMOND,reservoir,300,True,0.023766667,63.0,63.0,0.023766667,MCV_EXACT
dmv.536,county,IN,RICHMOND,reservoir,1000,True,0.023946667,63.0,63.0,0.023946667,MCV_EXACT
dmv.536,county,IN,NEW YORK,native,100,True,0.020466667,63.0,63.0,0.020466667,MCV_EXACT
dmv.536,county,IN,NEW YORK,native,300,True,0.022677777,63.0,63.0,0.022677777,MCV_EXACT
dmv.536,county,IN,NEW YORK,native,1000,True,0.022623334,63.0,63.0,0.022623334,MCV_EXACT
dmv.536,county,IN,NEW YORK,reservoir,100,True,0.023,63.0,63.0,0.023,MCV_EXACT
dmv.536,county,IN,NEW YORK,reservoir,300,True,0.022844445,63.0,63.0,0.022844445,MCV_EXACT
dmv.536,county,IN,NEW YORK,reservoir,1000,True,0.022703333,63.0,63.0,0.022703333,MCV_EXACT
dmv.536,county,IN,ALBANY,native,100,True,0.022,63.0,63.0,0.022,MCV_EXACT
dmv.536,county,IN,ALBANY,native,300,True,0.022122223,63.0,63.0,0.022122223,MCV_EXACT
dmv.536,county,IN,ALBANY,native,1000,True,0.022053333,63.0,63.0,0.022053333,MCV_EXACT
dmv.536,county,IN,ALBANY,reservoir,100,True,0.0218,63.0,63.0,0.0218,MCV_EXACT
dmv.536,county,IN,ALBANY,reservoir,300,True,0.021533333,63.0,63.0,0.021533333,MCV_EXACT
dmv.536,county,IN,ALBANY,reservoir,1000,True,0.021556666,63.0,63.0,0.021556666,MCV_EXACT
dmv.536,county,IN,DUTCHESS,native,100,True,0.021166667,63.0,63.0,0.021166667,MCV_EXACT
dmv.536,county,IN,DUTCHESS,native,300,True,0.021144444,63.0,63.0,0.021144444,MCV_EXACT
dmv.536,county,IN,DUTCHESS,native,1000,True,0.021646667,63.0,63.0,0.021646667,MCV_EXACT
dmv.536,county,IN,DUTCHESS,reservoir,100,True,0.022733333,63.0,63.0,0.022733333,MCV_EXACT
dmv.536,county,IN,DUTCHESS,reservoir,300,True,0.021711111,63.0,63.0,0.021711111,MCV_EXACT
dmv.536,county,IN,DUTCHESS,reservoir,1000,True,0.02104,63.0,63.0,0.02104,MCV_EXACT
dmv.536,county,IN,SARATOGA,native,100,True,0.0181,63.0,63.0,0.0181,MCV_EXACT
dmv.536,county,IN,SARATOGA,native,300,True,0.019122222,63.0,63.0,0.019122222,MCV_EXACT
dmv.536,county,IN,SARATOGA,native,1000,True,0.0188,63.0,63.0,0.0188,MCV_EXACT
dmv.536,county,IN,SARATOGA,reservoir,100,True,0.020666666,63.0,63.0,0.020666666,MCV_EXACT
dmv.536,county,IN,SARATOGA,reservoir,300,True,0.0192,63.0,63.0,0.0192,MCV_EXACT
dmv.536,county,IN,SARATOGA,reservoir,1000,True,0.019166667,63.0,63.0,0.019166667,MCV_EXACT
dmv.536,county,IN,ROCKLAND,native,100,True,0.0183,63.0,63.0,0.0183,MCV_EXACT
dmv.536,county,IN,ROCKLAND,native,300,True,0.018433332,63.0,63.0,0.018433332,MCV_EXACT
dmv.536,county,IN,ROCKLAND,native,1000,True,0.019183334,63.0,63.0,0.019183334,MCV_EXACT
dmv.536,county,IN,ROCKLAND,reservoir,100,True,0.019266667,63.0,63.0,0.019266667,MCV_EXACT
dmv.536,county,IN,ROCKLAND,reservoir,300,True,0.020122223,63.0,63.0,0.020122223,MCV_EXACT
dmv.536,county,IN,ROCKLAND,reservoir,1000,True,0.018986667,63.0,63.0,0.018986667,MCV_EXACT
dmv.536,county,IN,ONEIDA,native,100,True,0.0177,63.0,63.0,0.0177,MCV_EXACT
dmv.536,county,IN,ONEIDA,native,300,True,0.0166,63.0,63.0,0.0166,MCV_EXACT
dmv.536,county,IN,ONEIDA,native,1000,True,0.016443333,63.0,63.0,0.016443333,MCV_EXACT
dmv.536,county,IN,ONEIDA,reservoir,100,True,0.015366667,63.0,63.0,0.015366667,MCV_EXACT
dmv.536,county,IN,ONEIDA,reservoir,300,True,0.016577778,63.0,63.0,0.016577778,MCV_EXACT
dmv.536,county,IN,ONEIDA,reservoir,1000,True,0.016443333,63.0,63.0,0.016443333,MCV_EXACT
dmv.536,county,IN,NIAGARA,native,100,True,0.014933334,63.0,63.0,0.014933334,MCV_EXACT
dmv.536,county,IN,NIAGARA,native,300,True,0.0150666665,63.0,63.0,0.0150666665,MCV_EXACT
dmv.536,county,IN,NIAGARA,native,1000,True,0.014953333,63.0,63.0,0.014953333,MCV_EXACT
dmv.536,county,IN,NIAGARA,reservoir,100,True,0.0149,63.0,63.0,0.0149,MCV_EXACT
dmv.536,county,IN,NIAGARA,reservoir,300,True,0.0141888885,63.0,63.0,0.0141888885,MCV_EXACT
dmv.536,county,IN,NIAGARA,reservoir,1000,True,0.014866667,63.0,63.0,0.014866667,MCV_EXACT
dmv.536,county,IN,OUT-OF-STATE,native,100,False,,63.0,63.0,0.015873015873015872,MCV_MISS_NDISTINCT_FALLBACK
dmv.536,county,IN,OUT-OF-STATE,native,300,False,,63.0,63.0,0.015873015873015872,MCV_MISS_NDISTINCT_FALLBACK
dmv.536,county,IN,OUT-OF-STATE,native,1000,False,,63.0,63.0,0.015873015873015872,MCV_MISS_NDISTINCT_FALLBACK
dmv.536,county,IN,OUT-OF-STATE,reservoir,100,False,,63.0,63.0,0.015873015873015872,MCV_MISS_NDISTINCT_FALLBACK
dmv.536,county,IN,OUT-OF-STATE,reservoir,300,False,,63.0,63.0,0.015873015873015872,MCV_MISS_NDISTINCT_FALLBACK
dmv.536,county,IN,OUT-OF-STATE,reservoir,1000,False,,63.0,63.0,0.015873015873015872,MCV_MISS_NDISTINCT_FALLBACK
dmv.536,county,IN,ULSTER,native,100,True,0.014566666,63.0,63.0,0.014566666,MCV_EXACT
dmv.536,county,IN,ULSTER,native,300,True,0.013544444,63.0,63.0,0.013544444,MCV_EXACT
dmv.536,county,IN,ULSTER,native,1000,True,0.01344,63.0,63.0,0.01344,MCV_EXACT
dmv.536,county,IN,ULSTER,reservoir,100,True,0.0129,63.0,63.0,0.0129,MCV_EXACT
dmv.536,county,IN,ULSTER,reservoir,300,True,0.013755555,63.0,63.0,0.013755555,MCV_EXACT
dmv.536,county,IN,ULSTER,reservoir,1000,True,0.013723333,63.0,63.0,0.013723333,MCV_EXACT
dmv.536,county,IN,BROOME,native,100,True,0.012866667,63.0,63.0,0.012866667,MCV_EXACT
dmv.536,county,IN,BROOME,native,300,True,0.013177778,63.0,63.0,0.013177778,MCV_EXACT
dmv.536,county,IN,BROOME,native,1000,True,0.013116667,63.0,63.0,0.013116667,MCV_EXACT
dmv.536,county,IN,BROOME,reservoir,100,True,0.012366666,63.0,63.0,0.012366666,MCV_EXACT
dmv.536,county,IN,BROOME,reservoir,300,True,0.013366667,63.0,63.0,0.013366667,MCV_EXACT
dmv.536,county,IN,BROOME,reservoir,1000,True,0.01352,63.0,63.0,0.01352,MCV_EXACT
dmv.536,county,IN,SCHENECTADY,native,100,True,0.011966666,63.0,63.0,0.011966666,MCV_EXACT
dmv.536,county,IN,SCHENECTADY,native,300,True,0.011644444,63.0,63.0,0.011644444,MCV_EXACT
dmv.536,county,IN,SCHENECTADY,native,1000,True,0.01121,63.0,63.0,0.01121,MCV_EXACT
dmv.536,county,IN,SCHENECTADY,reservoir,100,True,0.012,63.0,63.0,0.012,MCV_EXACT
dmv.536,county,IN,SCHENECTADY,reservoir,300,True,0.011533333,63.0,63.0,0.011533333,MCV_EXACT
dmv.536,county,IN,SCHENECTADY,reservoir,1000,True,0.01171,63.0,63.0,0.01171,MCV_EXACT
dmv.536,county,IN,RENSSELAER,native,100,True,0.012566667,63.0,63.0,0.012566667,MCV_EXACT
dmv.536,county,IN,RENSSELAER,native,300,True,0.0114,63.0,63.0,0.0114,MCV_EXACT
dmv.536,county,IN,RENSSELAER,native,1000,True,0.011156667,63.0,63.0,0.011156667,MCV_EXACT
dmv.536,county,IN,RENSSELAER,reservoir,100,True,0.010633334,63.0,63.0,0.010633334,MCV_EXACT
dmv.536,county,IN,RENSSELAER,reservoir,300,True,0.0111,63.0,63.0,0.0111,MCV_EXACT
dmv.536,county,IN,RENSSELAER,reservoir,1000,True,0.011246666,63.0,63.0,0.011246666,MCV_EXACT
dmv.536,body_type,IN,MCY,native,100,True,0.0317,44.0,44.0,0.0317,MCV_EXACT
dmv.536,body_type,IN,MCY,native,300,True,0.030122222,51.0,51.0,0.030122222,MCV_EXACT
dmv.536,body_type,IN,MCY,native,1000,True,0.030603332,57.0,57.0,0.030603332,MCV_EXACT
dmv.536,body_type,IN,MCY,reservoir,100,True,0.0305,44.0,44.0,0.0305,MCV_EXACT
dmv.536,body_type,IN,MCY,reservoir,300,True,0.031911112,51.0,51.0,0.031911112,MCV_EXACT
dmv.536,body_type,IN,MCY,reservoir,1000,True,0.030536667,55.0,55.0,0.030536667,MCV_EXACT
dmv.536,body_type,IN,TRLR,native,100,True,0.013366667,44.0,44.0,0.013366667,MCV_EXACT
dmv.536,body_type,IN,TRLR,native,300,True,0.013366667,51.0,51.0,0.013366667,MCV_EXACT
dmv.536,body_type,IN,TRLR,native,1000,True,0.01357,57.0,57.0,0.01357,MCV_EXACT
dmv.536,body_type,IN,TRLR,reservoir,100,True,0.0138,44.0,44.0,0.0138,MCV_EXACT
dmv.536,body_type,IN,TRLR,reservoir,300,True,0.014644444,51.0,51.0,0.014644444,MCV_EXACT
dmv.536,body_type,IN,TRLR,reservoir,1000,True,0.014033333,55.0,55.0,0.014033333,MCV_EXACT
dmv.536,body_type,IN,VAN,native,100,True,0.018233333,44.0,44.0,0.018233333,MCV_EXACT
dmv.536,body_type,IN,VAN,native,300,True,0.019233333,51.0,51.0,0.019233333,MCV_EXACT
dmv.536,body_type,IN,VAN,native,1000,True,0.019436667,57.0,57.0,0.019436667,MCV_EXACT
dmv.536,body_type,IN,VAN,reservoir,100,True,0.0199,44.0,44.0,0.0199,MCV_EXACT
dmv.536,body_type,IN,VAN,reservoir,300,True,0.019633334,51.0,51.0,0.019633334,MCV_EXACT
dmv.536,body_type,IN,VAN,reservoir,1000,True,0.01936,55.0,55.0,0.01936,MCV_EXACT
dmv.536,body_type,IN,CONV,native,100,True,0.0142,44.0,44.0,0.0142,MCV_EXACT
dmv.536,body_type,IN,CONV,native,300,True,0.0144,51.0,51.0,0.0144,MCV_EXACT
dmv.536,body_type,IN,CONV,native,1000,True,0.01498,57.0,57.0,0.01498,MCV_EXACT
dmv.536,body_type,IN,CONV,reservoir,100,True,0.014733333,44.0,44.0,0.014733333,MCV_EXACT
dmv.536,body_type,IN,CONV,reservoir,300,True,0.014844445,51.0,51.0,0.014844445,MCV_EXACT
dmv.536,body_type,IN,CONV,reservoir,1000,True,0.014763333,55.0,55.0,0.014763333,MCV_EXACT
dmv.536,body_type,IN,ATV,native,100,True,0.0084,44.0,44.0,0.0084,MCV_EXACT
dmv.536,body_type,IN,ATV,native,300,True,0.009322222,51.0,51.0,0.009322222,MCV_EXACT
dmv.536,body_type,IN,ATV,native,1000,True,0.009113333,57.0,57.0,0.009113333,MCV_EXACT
dmv.536,body_type,IN,ATV,reservoir,100,True,0.0085,44.0,44.0,0.0085,MCV_EXACT
dmv.536,body_type,IN,ATV,reservoir,300,True,0.008744445,51.0,51.0,0.008744445,MCV_EXACT
dmv.536,body_type,IN,ATV,reservoir,1000,True,0.008986667,55.0,55.0,0.008986667,MCV_EXACT
dmv.536,body_type,IN,SNOW,native,100,True,0.0071333335,44.0,44.0,0.0071333335,MCV_EXACT
dmv.536,body_type,IN,SNOW,native,300,True,0.008444444,51.0,51.0,0.008444444,MCV_EXACT
dmv.536,body_type,IN,SNOW,native,1000,True,0.00852,57.0,57.0,0.00852,MCV_EXACT
dmv.536,body_type,IN,SNOW,reservoir,100,True,0.0076,44.0,44.0,0.0076,MCV_EXACT
dmv.536,body_type,IN,SNOW,reservoir,300,True,0.008155555,51.0,51.0,0.008155555,MCV_EXACT
dmv.536,body_type,IN,SNOW,reservoir,1000,True,0.00822,55.0,55.0,0.00822,MCV_EXACT
dmv.536,body_type,IN,DUMP,native,100,True,0.0070666666,44.0,44.0,0.0070666666,MCV_EXACT
dmv.536,body_type,IN,DUMP,native,300,True,0.0068555553,51.0,51.0,0.0068555553,MCV_EXACT
dmv.536,body_type,IN,DUMP,native,1000,True,0.006903333,57.0,57.0,0.006903333,MCV_EXACT
dmv.536,body_type,IN,DUMP,reservoir,100,True,0.0070666666,44.0,44.0,0.0070666666,MCV_EXACT
dmv.536,body_type,IN,DUMP,reservoir,300,True,0.007022222,51.0,51.0,0.007022222,MCV_EXACT
dmv.536,body_type,IN,DUMP,reservoir,1000,True,0.006786667,55.0,55.0,0.006786667,MCV_EXACT
dmv.536,body_type,IN,BUS,native,100,True,0.0057333335,44.0,44.0,0.0057333335,MCV_EXACT
dmv.536,body_type,IN,BUS,native,300,True,0.0054111113,51.0,51.0,0.0054111113,MCV_EXACT
dmv.536,body_type,IN,BUS,native,1000,True,0.0050666668,57.0,57.0,0.0050666668,MCV_EXACT
dmv.536,body_type,IN,BUS,reservoir,100,True,0.005266667,44.0,44.0,0.005266667,MCV_EXACT
dmv.536,body_type,IN,BUS,reservoir,300,True,0.0049444446,51.0,51.0,0.0049444446,MCV_EXACT
dmv.536,body_type,IN,BUS,reservoir,1000,True,0.0051733335,55.0,55.0,0.0051733335,MCV_EXACT
dmv.536,body_type,IN,H/TR,native,100,True,0.0021666666,44.0,44.0,0.0021666666,MCV_EXACT
dmv.536,body_type,IN,H/TR,native,300,True,0.0018111111,51.0,51.0,0.0018111111,MCV_EXACT
dmv.536,body_type,IN,H/TR,native,1000,True,0.0017533334,57.0,57.0,0.0017533334,MCV_EXACT
dmv.536,body_type,IN,H/TR,reservoir,100,True,0.0017,44.0,44.0,0.0017,MCV_EXACT
dmv.536,body_type,IN,H/TR,reservoir,300,True,0.0018333333,51.0,51.0,0.0018333333,MCV_EXACT
dmv.536,body_type,IN,H/TR,reservoir,1000,True,0.00175,55.0,55.0,0.00175,MCV_EXACT
dmv.536,body_type,IN,UTIL,native,100,True,0.004,44.0,44.0,0.004,MCV_EXACT
dmv.536,body_type,IN,UTIL,native,300,True,0.0041222223,51.0,51.0,0.0041222223,MCV_EXACT
dmv.536,body_type,IN,UTIL,native,1000,True,0.0042066667,57.0,57.0,0.0042066667,MCV_EXACT
dmv.536,body_type,IN,UTIL,reservoir,100,True,0.0039,44.0,44.0,0.0039,MCV_EXACT
dmv.536,body_type,IN,UTIL,reservoir,300,True,0.0038222221,51.0,51.0,0.0038222221,MCV_EXACT
dmv.536,body_type,IN,UTIL,reservoir,1000,True,0.004223333,55.0,55.0,0.004223333,MCV_EXACT
dmv.536,body_type,IN,SEMI,native,100,True,0.0039666668,44.0,44.0,0.0039666668,MCV_EXACT
dmv.536,body_type,IN,SEMI,native,300,True,0.0039444445,51.0,51.0,0.0039444445,MCV_EXACT
dmv.536,body_type,IN,SEMI,native,1000,True,0.00349,57.0,57.0,0.00349,MCV_EXACT
dmv.536,body_type,IN,SEMI,reservoir,100,True,0.0035333333,44.0,44.0,0.0035333333,MCV_EXACT
dmv.536,body_type,IN,SEMI,reservoir,300,True,0.0035666667,51.0,51.0,0.0035666667,MCV_EXACT
dmv.536,body_type,IN,SEMI,reservoir,1000,True,0.00368,55.0,55.0,0.00368,MCV_EXACT
dmv.536,body_type,IN,TRAC,native,100,True,0.0027,44.0,44.0,0.0027,MCV_EXACT
dmv.536,body_type,IN,TRAC,native,300,True,0.0029333334,51.0,51.0,0.0029333334,MCV_EXACT
dmv.536,body_type,IN,TRAC,native,1000,True,0.0029833333,57.0,57.0,0.0029833333,MCV_EXACT
dmv.536,body_type,IN,TRAC,reservoir,100,True,0.0027333333,44.0,44.0,0.0027333333,MCV_EXACT
dmv.536,body_type,IN,TRAC,reservoir,300,True,0.0031888888,51.0,51.0,0.0031888888,MCV_EXACT
dmv.536,body_type,IN,TRAC,reservoir,1000,True,0.0030633332,55.0,55.0,0.0030633332,MCV_EXACT
dmv.536,body_type,IN,H/WH,native,100,True,0.0021333334,44.0,44.0,0.0021333334,MCV_EXACT
dmv.536,body_type,IN,H/WH,native,300,True,0.0025444445,51.0,51.0,0.0025444445,MCV_EXACT
dmv.536,body_type,IN,H/WH,native,1000,True,0.0021666666,57.0,57.0,0.0021666666,MCV_EXACT
dmv.536,body_type,IN,H/WH,reservoir,100,True,0.0019333333,44.0,44.0,0.0019333333,MCV_EXACT
dmv.536,body_type,IN,H/WH,reservoir,300,True,0.002111111,51.0,51.0,0.002111111,MCV_EXACT
dmv.536,body_type,IN,H/WH,reservoir,1000,True,0.0022066666,55.0,55.0,0.0022066666,MCV_EXACT
dmv.536,body_type,IN,DELV,native,100,True,0.0018333333,44.0,44.0,0.0018333333,MCV_EXACT
dmv.536,body_type,IN,DELV,native,300,True,0.002322222,51.0,51.0,0.002322222,MCV_EXACT
dmv.536,body_type,IN,DELV,native,1000,True,0.0022333334,57.0,57.0,0.0022333334,MCV_EXACT
dmv.536,body_type,IN,DELV,reservoir,100,True,0.0020666667,44.0,44.0,0.0020666667,MCV_EXACT
dmv.536,body_type,IN,DELV,reservoir,300,True,0.0022777778,51.0,51.0,0.0022777778,MCV_EXACT
dmv.536,body_type,IN,DELV,reservoir,1000,True,0.00214,55.0,55.0,0.00214,MCV_EXACT
dmv.536,fuel_type,=,NONE,native,100,True,0.0409,8.0,8.0,0.0409,MCV_EXACT
dmv.536,fuel_type,=,NONE,native,300,True,0.04081111,9.0,9.0,0.04081111,MCV_EXACT
dmv.536,fuel_type,=,NONE,native,1000,True,0.040763333,9.0,9.0,0.040763333,MCV_EXACT
dmv.536,fuel_type,=,NONE,reservoir,100,True,0.042066667,9.0,9.0,0.042066667,MCV_EXACT
dmv.536,fuel_type,=,NONE,reservoir,300,True,0.0416,9.0,9.0,0.0416,MCV_EXACT
dmv.536,fuel_type,=,NONE,reservoir,1000,True,0.041566666,9.0,9.0,0.041566666,MCV_EXACT
dmv.536,scofflaw_indicator,=,N,native,100,True,0.9998,2.0,2.0,0.9998,MCV_EXACT
dmv.536,scofflaw_indicator,=,N,native,300,True,0.99976665,2.0,2.0,0.99976665,MCV_EXACT
dmv.536,scofflaw_indicator,=,N,native,1000,True,0.9997467,2.0,2.0,0.9997467,MCV_EXACT
dmv.536,scofflaw_indicator,=,N,reservoir,100,True,0.9999,2.0,2.0,0.9999,MCV_EXACT
dmv.536,scofflaw_indicator,=,N,reservoir,300,True,0.9997889,2.0,2.0,0.9997889,MCV_EXACT
dmv.536,scofflaw_indicator,=,N,reservoir,1000,True,0.99978334,2.0,2.0,0.99978334,MCV_EXACT
