query_id,h_estimate,p_estimate,estimate_exact,h_q_error,p_q_error,q_error_exact
dmv.1,940.0,940.0,True,1.7819148936170213,1.7819148936170213,True
dmv.10,4804175.0,4804175.0,True,2.381514411943778,2.381514411943778,True
dmv.100,1840839.0,1840839.0,True,2.44915715062534,2.44915715062534,True
dmv.1000,904725.0,904725.0,True,2.4596678548730275,2.4596678548730275,True
dmv.1001,1334200.0,1334200.0,True,2.410912906610703,2.410912906610703,True
dmv.1002,4653760.0,4653760.0,True,2.3772233634738362,2.3772233634738362,True
dmv.1003,4262288.0,4262288.0,True,2.3747719534672456,2.3747719534672456,True
dmv.1004,597776.0,597776.0,True,2.278045622440513,2.278045622440513,True
dmv.1005,353213.0,353213.0,True,2.3558900719962175,2.3558900719962175,True
dmv.1006,668909.0,668909.0,True,2.194020412343084,2.194020412343084,True
dmv.1007,14700.0,14700.0,True,1.0570748299319728,1.0570748299319728,True
dmv.1008,4565850.0,4565850.0,True,2.385889593394439,2.385889593394439,True
dmv.1009,506188.0,506188.0,True,2.4087987071996966,2.4087987071996966,True
dmv.101,4058665.0,4058665.0,True,2.3754074307684916,2.3754074307684916,True
dmv.1010,2728652.0,2728652.0,True,2.3310106968569095,2.3310106968569095,True
dmv.1011,4389131.0,4389131.0,True,2.398183376162616,2.398183376162616,True
dmv.1012,4538660.0,4538660.0,True,2.391256009482975,2.391256009482975,True
dmv.1013,3319498.0,3319498.0,True,2.4351898991956014,2.4351898991956014,True
dmv.1014,4377296.0,4377296.0,True,2.3466226638545806,2.3466226638545806,True
dmv.1015,4438572.0,4438572.0,True,2.372391390744591,2.372391390744591,True
dmv.1016,52906.0,52906.0,True,1.4335425093562166,1.4335425093562166,True
dmv.1017,467210.0,467210.0,True,1.9058603197705528,1.9058603197705528,True
dmv.1018,278140.0,278140.0,True,2.5446753433522686,2.5446753433522686,True
dmv.1019,21994.0,21994.0,True,1.8849231608620534,1.8849231608620534,True
dmv.102,4346621.0,4346621.0,True,2.388103770722131,2.388103770722131,True
dmv.1020,4385631.0,4385631.0,True,2.3673763250943822,2.3673763250943822,True
dmv.1021,203004.0,203004.0,True,2.2312466749423656,2.2312466749423656,True
dmv.1022,4829540.0,4829540.0,True,2.3890405711517038,2.3890405711517038,True
dmv.1023,1015720.0,1015720.0,True,2.470426889300201,2.470426889300201,True
dmv.1024,4414763.0,4414763.0,True,2.376695872462463,2.376695872462463,True
dmv.1025,160667.0,160667.0,True,2.6498969919149546,2.6498969919149546,True
dmv.1026,4163838.0,4163838.0,True,2.418174770488189,2.418174770488189,True
dmv.1027,4468385.0,4468385.0,True,2.365723410135877,2.365723410135877,True
dmv.1028,476662.0,476662.0,True,2.2183412984462785,2.2183412984462785,True
dmv.1029,2052578.0,2052578.0,True,2.4483303435971737,2.4483303435971737,True
dmv.103,4848611.0,4848611.0,True,2.3899877717556635,2.3899877717556635,True
dmv.1030,18484.0,18484.0,True,9.628489504436269,9.628489504436269,True
dmv.1031,2104891.0,2104891.0,True,2.4072305881872267,2.4072305881872267,True
dmv.1032,2282134.0,2282134.0,True,2.438868182148813,2.438868182148813,True
dmv.1033,636878.0,636878.0,True,2.3079302472373047,2.3079302472373047,True
dmv.1034,508.0,508.0,True,4.84251968503937,4.84251968503937,True
dmv.1035,114280.0,114280.0,True,2.111646832341617,2.111646832341617,True
dmv.1036,4820025.0,4820025.0,True,2.3831146104013983,2.3831146104013983,True
dmv.1037,29535.0,29535.0,True,4922.5,4922.5,True
dmv.1038,1191445.0,1191445.0,True,2.1155982861147598,2.1155982861147598,True
dmv.1039,4648704.0,4648704.0,True,2.3740281162233603,2.3740281162233603,True
dmv.104,2741692.0,2741692.0,True,2.3951330054579434,2.3951330054579434,True
dmv.1040,131827.0,131827.0,True,2.251291465329561,2.251291465329561,True
dmv.1041,950310.0,950310.0,True,2.35088129136808,2.35088129136808,True
dmv.1042,2062180.0,2062180.0,True,2.3995727822013597,2.3995727822013597,True
dmv.1043,2476303.0,2476303.0,True,2.4871976490760623,2.4871976490760623,True
dmv.1044,1993294.0,1993294.0,True,2.4294549624892263,2.4294549624892263,True
dmv.1045,2035270.0,2035270.0,True,2.3907889370943414,2.3907889370943414,True
dmv.1046,422706.0,422706.0,True,2.262518156827677,2.262518156827677,True
dmv.1047,4802409.0,4802409.0,True,2.3805325618871693,2.3805325618871693,True
dmv.1048,519774.0,519774.0,True,2.3376140399481313,2.3376140399481313,True
dmv.1049,2145022.0,2145022.0,True,2.461291306103154,2.461291306103154,True
dmv.105,1548192.0,1548192.0,True,2.3601491287902276,2.3601491287902276,True
dmv.1050,1380901.0,1380901.0,True,2.3649175429665124,2.3649175429665124,True
dmv.1051,251512.0,251512.0,True,2.284368141480327,2.284368141480327,True
dmv.1052,205003.0,205003.0,True,1.0591991336712145,1.0591991336712145,True
dmv.1053,165325.0,165325.0,True,1.1917737789203084,1.1917737789203084,True
dmv.1054,723118.0,723118.0,True,2.273794871653036,2.273794871653036,True
dmv.1055,57503.0,57503.0,True,2.2399005269290297,2.2399005269290297,True
dmv.1056,357451.0,357451.0,True,2.1958394297400203,2.1958394297400203,True
dmv.1057,860.0,860.0,True,1.136046511627907,1.136046511627907,True
dmv.1058,4214222.0,4214222.0,True,2.3792488862712977,2.3792488862712977,True
dmv.1059,2450225.0,2450225.0,True,2.355969349753594,2.355969349753594,True
dmv.106,2868248.0,2868248.0,True,2.3580565557789983,2.3580565557789983,True
dmv.1060,4253992.0,4253992.0,True,2.382733912052491,2.382733912052491,True
dmv.1061,1117868.0,1117868.0,True,2.173078574572311,2.173078574572311,True
dmv.1062,99150.0,99150.0,True,2.503590519415028,2.503590519415028,True
dmv.1063,113121.0,113121.0,True,2.4053093590049595,2.4053093590049595,True
dmv.1064,2930.0,2930.0,True,3.749146757679181,3.749146757679181,True
dmv.1065,213829.0,213829.0,True,2.279302620318105,2.279302620318105,True
dmv.1066,2430905.0,2430905.0,True,2.3917417587277168,2.3917417587277168,True
dmv.1067,2519722.0,2519722.0,True,2.363850456518616,2.363850456518616,True
dmv.1068,30100.0,30100.0,True,2.1744186046511627,2.1744186046511627,True
dmv.1069,4305459.0,4305459.0,True,2.35015105241973,2.35015105241973,True
dmv.107,1342735.0,1342735.0,True,2.310600379077033,2.310600379077033,True
dmv.1070,18721.0,18721.0,True,1.815020565140751,1.815020565140751,True
dmv.1071,34391.0,34391.0,True,1.187868919193975,1.187868919193975,True
dmv.1072,4850721.0,4850721.0,True,2.379406896418079,2.379406896418079,True
dmv.1073,1119455.0,1119455.0,True,2.3884926147098366,2.3884926147098366,True
dmv.1074,126085.0,126085.0,True,1.736875917040092,1.736875917040092,True
dmv.1075,2574032.0,2574032.0,True,2.3716255275769687,2.3716255275769687,True
dmv.1076,462427.0,462427.0,True,1.8899350600202842,1.8899350600202842,True
dmv.1077,4418276.0,4418276.0,True,2.383161214917312,2.383161214917312,True
dmv.1078,2161928.0,2161928.0,True,2.3702403595309374,2.3702403595309374,True
dmv.1079,4805117.0,4805117.0,True,2.3816092303267538,2.3816092303267538,True
dmv.108,1879405.0,1879405.0,True,2.443186008337745,2.443186008337745,True
dmv.1080,372058.0,372058.0,True,2.2154771567873826,2.2154771567873826,True
dmv.1081,1449605.0,1449605.0,True,2.33842874438209,2.33842874438209,True
dmv.1082,280466.0,280466.0,True,2.534385629630686,2.534385629630686,True
dmv.1083,2465173.0,2465173.0,True,2.3488432657667433,2.3488432657667433,True
dmv.1084,4596979.0,4596979.0,True,2.3811294330472252,2.3811294330472252,True
dmv.1085,828455.0,828455.0,True,2.4417343126663487,2.4417343126663487,True
dmv.1086,856314.0,856314.0,True,2.332770455697326,2.332770455697326,True
dmv.1087,566602.0,566602.0,True,2.7663562783047007,2.7663562783047007,True
dmv.1088,2048120.0,2048120.0,True,2.2092797297033377,2.2092797297033377,True
dmv.1089,11208.0,11208.0,True,4.392041399000714,4.392041399000714,True
dmv.109,4851468.0,4851468.0,True,2.3804574203107185,2.3804574203107185,True
dmv.1090,699271.0,699271.0,True,2.3797969599768902,2.3797969599768902,True
dmv.1091,217304.0,217304.0,True,1.109520357000623,1.109520357000623,True
dmv.1092,409.0,409.0,True,4.958435207823961,4.958435207823961,True
dmv.1093,225330.0,225330.0,True,2.0842675187502775,2.0842675187502775,True
dmv.1094,2751227.0,2751227.0,True,2.3734224765895364,2.3734224765895364,True
dmv.1095,149062.0,149062.0,True,1.2165206424172492,1.2165206424172492,True
dmv.1096,627764.0,627764.0,True,1.9099582008525497,1.9099582008525497,True
dmv.1097,374525.0,374525.0,True,2.3945984914224683,2.3945984914224683,True
dmv.1098,4512655.0,4512655.0,True,2.353436280859051,2.353436280859051,True
dmv.1099,665698.0,665698.0,True,2.3909024813053366,2.3909024813053366,True
dmv.11,36715.0,36715.0,True,2.18785237641291,2.18785237641291,True
dmv.110,4386240.0,4386240.0,True,2.4075545341796163,2.4075545341796163,True
dmv.1100,1068.0,1068.0,True,1068.0,1068.0,True
dmv.1101,4557190.0,4557190.0,True,2.3713893868809506,2.3713893868809506,True
dmv.1102,4630724.0,4630724.0,True,2.3663880637239445,2.3663880637239445,True
dmv.1103,4163174.0,4163174.0,True,2.366593133027829,2.366593133027829,True
dmv.1104,539068.0,539068.0,True,2.4470122507735574,2.4470122507735574,True
dmv.1105,3268044.0,3268044.0,True,2.450412540345234,2.450412540345234,True
dmv.1106,363395.0,363395.0,True,1.611015561578998,1.611015561578998,True
dmv.1107,55830.0,55830.0,True,2.52566720401218,2.52566720401218,True
dmv.1108,78404.0,78404.0,True,1.8647390439263303,1.8647390439263303,True
dmv.1109,194245.0,194245.0,True,1.9629128162887075,1.9629128162887075,True
dmv.111,807.0,807.0,True,6.16728624535316,6.16728624535316,True
dmv.1110,5980.0,5980.0,True,65.0,65.0,True
dmv.1111,2561975.0,2561975.0,True,2.3867922208452463,2.3867922208452463,True
dmv.1112,883956.0,883956.0,True,2.295565616388146,2.295565616388146,True
dmv.1113,872723.0,872723.0,True,2.1158202545366627,2.1158202545366627,True
dmv.1114,3218.0,3218.0,True,5.635726795096322,5.635726795096322,True
dmv.1115,4614500.0,4614500.0,True,2.3711684906273702,2.3711684906273702,True
dmv.1116,373113.0,373113.0,True,2.5224690643317174,2.5224690643317174,True
dmv.1117,4124981.0,4124981.0,True,2.3687364863013913,2.3687364863013913,True
dmv.1118,9852.0,9852.0,True,1.4558888724693364,1.4558888724693364,True
dmv.1119,195511.0,195511.0,True,1.041736782073643,1.041736782073643,True
dmv.112,275725.0,275725.0,True,2.462594976879137,2.462594976879137,True
dmv.1120,630768.0,630768.0,True,2.1825996245846335,2.1825996245846335,True
dmv.1121,4611057.0,4611057.0,True,2.3769443752267647,2.3769443752267647,True
dmv.1122,4370345.0,4370345.0,True,2.4420742527191788,2.4420742527191788,True
dmv.1123,80686.0,80686.0,True,1.8109709243239223,1.8109709243239223,True
dmv.1124,2555384.0,2555384.0,True,2.4083605438556397,2.4083605438556397,True
dmv.1125,334004.0,334004.0,True,1.6649920360235206,1.6649920360235206,True
dmv.1126,4475405.0,4475405.0,True,2.382380142132388,2.382380142132388,True
dmv.1127,61928.0,61928.0,True,1.365311329285622,1.365311329285622,True
dmv.1128,4863732.0,4863732.0,True,2.3811435334019224,2.3811435334019224,True
dmv.1129,4601641.0,4601641.0,True,2.3564645742681796,2.3564645742681796,True
dmv.113,4421122.0,4421122.0,True,2.3752235292308153,2.3752235292308153,True
dmv.1130,978043.0,978043.0,True,2.2203624993993105,2.2203624993993105,True
dmv.1131,4628956.0,4628956.0,True,2.374431729314342,2.374431729314342,True
dmv.1132,2553804.0,2553804.0,True,2.4083817708798327,2.4083817708798327,True
dmv.1133,162499.0,162499.0,True,5.357343737499923,5.357343737499923,True
dmv.1134,55730.0,55730.0,True,2.5741252467252824,2.5741252467252824,True
dmv.1135,947233.0,947233.0,True,2.3743830715357257,2.3743830715357257,True
dmv.1136,24900.0,24900.0,True,4.2708433734939755,4.2708433734939755,True
dmv.1137,1110797.0,1110797.0,True,2.3797048425589913,2.3797048425589913,True
dmv.1138,808517.0,808517.0,True,2.2580626010337443,2.2580626010337443,True
dmv.1139,30525.0,30525.0,True,7.75059787059787,7.75059787059787,True
dmv.114,4669407.0,4669407.0,True,2.3798347413279672,2.3798347413279672,True
dmv.1140,1178040.0,1178040.0,True,2.3812697361719466,2.3812697361719466,True
dmv.1141,10170.0,10170.0,True,2.494493608652901,2.494493608652901,True
dmv.1142,904760.0,904760.0,True,2.2227109951810426,2.2227109951810426,True
dmv.1143,1093823.0,1093823.0,True,2.5404768413171053,2.5404768413171053,True
dmv.1144,30138.0,30138.0,True,1.8178711261530294,1.8178711261530294,True
dmv.1145,4779309.0,4779309.0,True,2.3755549180854385,2.3755549180854385,True
dmv.1146,469973.0,469973.0,True,2.208611984092703,2.208611984092703,True
dmv.1147,304476.0,304476.0,True,2.4179672617874646,2.4179672617874646,True
dmv.1148,336308.0,336308.0,True,1.443896666151266,1.443896666151266,True
dmv.1149,4376042.0,4376042.0,True,2.3831695399632817,2.3831695399632817,True
dmv.115,3909515.0,3909515.0,True,2.34073459239829,2.34073459239829,True
dmv.1150,1737817.0,1737817.0,True,2.534777252150255,2.534777252150255,True
dmv.1151,4559351.0,4559351.0,True,2.3803043459474824,2.3803043459474824,True
dmv.1152,4728021.0,4728021.0,True,2.3635713546957597,2.3635713546957597,True
dmv.1153,1167670.0,1167670.0,True,2.369105141007305,2.369105141007305,True
dmv.1154,2761780.0,2761780.0,True,2.391108632838242,2.391108632838242,True
dmv.1155,425398.0,425398.0,True,2.392267946722834,2.392267946722834,True
dmv.1156,184892.0,184892.0,True,1.891525863747485,1.891525863747485,True
dmv.1157,527895.0,527895.0,True,2.260296081607138,2.260296081607138,True
dmv.1158,32417.0,32417.0,True,2.394916247647839,2.394916247647839,True
dmv.1159,89447.0,89447.0,True,2.2002862030028956,2.2002862030028956,True
dmv.116,2331299.0,2331299.0,True,2.383164064326369,2.383164064326369,True
dmv.1160,4769318.0,4769318.0,True,2.3707578316228863,2.3707578316228863,True
dmv.1161,267320.0,267320.0,True,2.1669759090228937,2.1669759090228937,True
dmv.1162,3556239.0,3556239.0,True,2.3962973242237093,2.3962973242237093,True
dmv.1163,4733302.0,4733302.0,True,2.388492219596383,2.388492219596383,True
dmv.1164,4848589.0,4848589.0,True,2.3813030966328554,2.3813030966328554,True
dmv.1165,325753.0,325753.0,True,1.6197118675806517,1.6197118675806517,True
dmv.1166,4224812.0,4224812.0,True,2.383331850032617,2.383331850032617,True
dmv.1167,4382635.0,4382635.0,True,2.390871017093598,2.390871017093598,True
dmv.1168,4414951.0,4414951.0,True,2.2869524486228725,2.2869524486228725,True
dmv.1169,358122.0,358122.0,True,2.213675786463831,2.213675786463831,True
dmv.117,1004882.0,1004882.0,True,2.1986034181127736,2.1986034181127736,True
dmv.1170,779617.0,779617.0,True,2.326732228773872,2.326732228773872,True
dmv.1171,4019939.0,4019939.0,True,2.3363468948160655,2.3363468948160655,True
dmv.1172,84221.0,84221.0,True,2.7317889837451466,2.7317889837451466,True
dmv.1173,4808203.0,4808203.0,True,2.368048104458152,2.368048104458152,True
dmv.1174,951154.0,951154.0,True,2.381152789138247,2.381152789138247,True
dmv.1175,9124.0,9124.0,True,1.8393248575186323,1.8393248575186323,True
dmv.1176,530223.0,530223.0,True,2.1093332428053855,2.1093332428053855,True
dmv.1177,4698836.0,4698836.0,True,2.3771731977877075,2.3771731977877075,True
dmv.1178,2371392.0,2371392.0,True,2.382733854208836,2.382733854208836,True
dmv.1179,4227606.0,4227606.0,True,2.464547311173274,2.464547311173274,True
dmv.118,1758134.0,1758134.0,True,2.3558670727032185,2.3558670727032185,True
dmv.1180,4419740.0,4419740.0,True,2.378410042219678,2.378410042219678,True
dmv.1181,203373.0,203373.0,True,2.3866196594434856,2.3866196594434856,True
dmv.1182,1159858.0,1159858.0,True,2.318795059395202,2.318795059395202,True
dmv.1183,28960.0,28960.0,True,2.147064917127072,2.147064917127072,True
dmv.1184,1513369.0,1513369.0,True,2.4014182925644705,2.4014182925644705,True
dmv.1185,4440120.0,4440120.0,True,2.3903615217606733,2.3903615217606733,True
dmv.1186,2031.0,2031.0,True,4.14081733136386,4.14081733136386,True
dmv.1187,467128.0,467128.0,True,2.362384614067236,2.362384614067236,True
dmv.1188,596931.0,596931.0,True,2.239113063318876,2.239113063318876,True
dmv.1189,1557304.0,1557304.0,True,2.2960134951172027,2.2960134951172027,True
dmv.119,1982.0,1982.0,True,4.990918264379415,4.990918264379415,True
dmv.1190,122861.0,122861.0,True,2.0258584904892523,2.0258584904892523,True
dmv.1191,444615.0,444615.0,True,1.7208033916984358,1.7208033916984358,True
dmv.1192,2161900.0,2161900.0,True,2.3921402470049493,2.3921402470049493,True
dmv.1193,102167.0,102167.0,True,2.424001879276087,2.424001879276087,True
dmv.1194,4537074.0,4537074.0,True,2.3653779947164186,2.3653779947164186,True
dmv.1195,551270.0,551270.0,True,2.04012371433236,2.04012371433236,True
dmv.1196,4237133.0,4237133.0,True,2.373568873103582,2.373568873103582,True
dmv.1197,4344344.0,4344344.0,True,2.3732871982513357,2.3732871982513357,True
dmv.1198,4436922.0,4436922.0,True,2.3816370898564365,2.3816370898564365,True
dmv.1199,93490.0,93490.0,True,1.545512889079046,1.545512889079046,True
dmv.12,66232.0,66232.0,True,2.9113570479526514,2.9113570479526514,True
dmv.120,4689393.0,4689393.0,True,2.3551657965114035,2.3551657965114035,True
dmv.1200,4173443.0,4173443.0,True,2.371668667812164,2.371668667812164,True
dmv.1201,225.0,225.0,True,4.326923076923077,4.326923076923077,True
dmv.1202,3491729.0,3491729.0,True,2.298663212408523,2.298663212408523,True
dmv.1203,4442570.0,4442570.0,True,2.381469509765744,2.381469509765744,True
dmv.1204,345511.0,345511.0,True,2.347682128788953,2.347682128788953,True
dmv.1205,4526190.0,4526190.0,True,2.3465901784944956,2.3465901784944956,True
dmv.1206,3377339.0,3377339.0,True,2.402843185122962,2.402843185122962,True
dmv.1207,4763243.0,4763243.0,True,2.377827249208155,2.377827249208155,True
dmv.1208,3736688.0,3736688.0,True,2.379392927640734,2.379392927640734,True
dmv.1209,3071708.0,3071708.0,True,2.380381533661403,2.380381533661403,True
dmv.121,4363034.0,4363034.0,True,2.391619684833994,2.391619684833994,True
dmv.1210,12964.0,12964.0,True,2.8917772292502315,2.8917772292502315,True
dmv.1211,591138.0,591138.0,True,2.19251849821869,2.19251849821869,True
dmv.1212,850661.0,850661.0,True,2.357471425162315,2.357471425162315,True
dmv.1213,193968.0,193968.0,True,2.3521869586735957,2.3521869586735957,True
dmv.1214,4710868.0,4710868.0,True,2.3733036034972748,2.3733036034972748,True
dmv.1215,1255538.0,1255538.0,True,2.368913565340117,2.368913565340117,True
dmv.1216,433963.0,433963.0,True,1.8110230595695946,1.8110230595695946,True
dmv.1217,414995.0,414995.0,True,1.6842178821431584,1.6842178821431584,True
dmv.1218,219646.0,219646.0,True,2.375458692623585,2.375458692623585,True
dmv.1219,3918677.0,3918677.0,True,2.3781250661894306,2.3781250661894306,True
dmv.122,394829.0,394829.0,True,2.5687120246993,2.5687120246993,True
dmv.1220,4492665.0,4492665.0,True,2.3847026208275044,2.3847026208275044,True
dmv.1221,341693.0,341693.0,True,2.340527900776428,2.340527900776428,True
dmv.1222,66313.0,66313.0,True,1.4233559030657639,1.4233559030657639,True
dmv.1223,49598.0,49598.0,True,1.563550949635066,1.563550949635066,True
dmv.1224,4447788.0,4447788.0,True,2.380507569155724,2.380507569155724,True
dmv.1225,193672.0,193672.0,True,2.3349580734437607,2.3349580734437607,True
dmv.1226,4812979.0,4812979.0,True,2.3821678839654195,2.3821678839654195,True
dmv.1227,134119.0,134119.0,True,1.3500473460136149,1.3500473460136149,True
dmv.1228,4550801.0,4550801.0,True,2.3810410518939413,2.3810410518939413,True
dmv.1229,822809.0,822809.0,True,2.407202643626893,2.407202643626893,True
dmv.123,3992102.0,3992102.0,True,2.362290592775435,2.362290592775435,True
dmv.1230,162319.0,162319.0,True,2.253007965795748,2.253007965795748,True
dmv.1231,1643787.0,1643787.0,True,2.363686414359038,2.363686414359038,True
dmv.1232,2051695.0,2051695.0,True,2.4054959435978542,2.4054959435978542,True
dmv.1233,534475.0,534475.0,True,2.4113101641798025,2.4113101641798025,True
dmv.1234,2215988.0,2215988.0,True,2.394335619145952,2.394335619145952,True
dmv.1235,215044.0,215044.0,True,2.179516750060453,2.179516750060453,True
dmv.1236,105655.0,105655.0,True,1.3889356869054943,1.3889356869054943,True
dmv.1237,8729.0,8729.0,True,3.490434184900905,3.490434184900905,True
dmv.1238,1134840.0,1134840.0,True,2.3035264883155335,2.3035264883155335,True
dmv.1239,473268.0,473268.0,True,1.9798507399612904,1.9798507399612904,True
dmv.124,2161490.0,2161490.0,True,2.4179658476328827,2.4179658476328827,True
dmv.1240,1362062.0,1362062.0,True,2.3914880526730795,2.3914880526730795,True
dmv.1241,17234.0,17234.0,True,11.086921202274574,11.086921202274574,True
dmv.1242,4346469.0,4346469.0,True,2.3497466564238696,2.3497466564238696,True
dmv.1243,4414142.0,4414142.0,True,2.374240339345676,2.374240339345676,True
dmv.1244,1999.0,1999.0,True,3.5147573786893447,3.5147573786893447,True
dmv.1245,3375585.0,3375585.0,True,2.374382514438238,2.374382514438238,True
dmv.1246,204560.0,204560.0,True,1.5198377004301917,1.5198377004301917,True
dmv.1247,431887.0,431887.0,True,1.1477354030105098,1.1477354030105098,True
dmv.1248,87604.0,87604.0,True,2.1411236929820556,2.1411236929820556,True
dmv.1249,106108.0,106108.0,True,2.357974893504731,2.357974893504731,True
dmv.125,315517.0,315517.0,True,2.0162336736213895,2.0162336736213895,True
dmv.1250,417010.0,417010.0,True,1.9954797247068417,1.9954797247068417,True
dmv.1251,188803.0,188803.0,True,2.603713924037224,2.603713924037224,True
dmv.1252,4839281.0,4839281.0,True,2.377513932338296,2.377513932338296,True
dmv.1253,96412.0,96412.0,True,2.27903165581048,2.27903165581048,True
dmv.1254,400968.0,400968.0,True,2.2593473793419925,2.2593473793419925,True
dmv.1255,1600040.0,1600040.0,True,2.334662883427914,2.334662883427914,True
dmv.1256,4793056.0,4793056.0,True,2.3814760353311124,2.3814760353311124,True
dmv.1257,472682.0,472682.0,True,1.9023931522672748,1.9023931522672748,True
dmv.1258,164632.0,164632.0,True,1.7011516594586715,1.7011516594586715,True
dmv.1259,2690166.0,2690166.0,True,2.375964159832516,2.375964159832516,True
dmv.126,4623723.0,4623723.0,True,2.380286405565385,2.380286405565385,True
dmv.1260,2054975.0,2054975.0,True,2.368452170950985,2.368452170950985,True
dmv.1261,290799.0,290799.0,True,1.453333733151416,1.453333733151416,True
dmv.1262,645732.0,645732.0,True,2.408754715578599,2.408754715578599,True
dmv.1263,431548.0,431548.0,True,1.6835091345574535,1.6835091345574535,True
dmv.1264,631626.0,631626.0,True,2.389347493611726,2.389347493611726,True
dmv.1265,2208433.0,2208433.0,True,2.3303939942936913,2.3303939942936913,True
dmv.1266,1320337.0,1320337.0,True,2.3420793327764047,2.3420793327764047,True
dmv.1267,764572.0,764572.0,True,2.180188392983264,2.180188392983264,True
dmv.1268,4619359.0,4619359.0,True,2.39625800895752,2.39625800895752,True
dmv.1269,4472762.0,4472762.0,True,2.376918780833856,2.376918780833856,True
dmv.127,1210697.0,1210697.0,True,2.3488775473962518,2.3488775473962518,True
dmv.1270,4443932.0,4443932.0,True,2.3813861238200764,2.3813861238200764,True
dmv.1271,4597449.0,4597449.0,True,2.3469289164491003,2.3469289164491003,True
dmv.1272,269898.0,269898.0,True,2.0887742776900904,2.0887742776900904,True
dmv.1273,4117911.0,4117911.0,True,2.394554180505601,2.394554180505601,True
dmv.1274,2430265.0,2430265.0,True,2.4008957870849477,2.4008957870849477,True
dmv.1275,387589.0,387589.0,True,2.1901343949389687,2.1901343949389687,True
dmv.1276,2228070.0,2228070.0,True,2.3918162355760817,2.3918162355760817,True
dmv.1277,42560.0,42560.0,True,1.5939144736842106,1.5939144736842106,True
dmv.1278,2609714.0,2609714.0,True,2.3417596717494713,2.3417596717494713,True
dmv.1279,551282.0,551282.0,True,2.413454457065531,2.413454457065531,True
dmv.128,4420552.0,4420552.0,True,2.378436901092895,2.378436901092895,True
dmv.1280,4655258.0,4655258.0,True,2.3722865628500074,2.3722865628500074,True
dmv.1281,586775.0,586775.0,True,1.5922065527672447,1.5922065527672447,True
dmv.1282,1254764.0,1254764.0,True,1.9954628918266701,1.9954628918266701,True
dmv.1283,946792.0,946792.0,True,2.4310777868845532,2.4310777868845532,True
dmv.1284,12398.0,12398.0,True,2.5007259235360544,2.5007259235360544,True
dmv.1285,7537.0,7537.0,True,3.499071494893222,3.499071494893222,True
dmv.1286,373784.0,373784.0,True,2.633764420092888,2.633764420092888,True
dmv.1287,410135.0,410135.0,True,2.1343996488960952,2.1343996488960952,True
dmv.1288,318984.0,318984.0,True,2.5151763097835627,2.5151763097835627,True
dmv.1289,1595650.0,1595650.0,True,2.4448043117224953,2.4448043117224953,True
dmv.129,2633206.0,2633206.0,True,2.3526970544651653,2.3526970544651653,True
dmv.1290,97672.0,97672.0,True,1.0221148333196821,1.0221148333196821,True
dmv.1291,311274.0,311274.0,True,2.0570943927215253,2.0570943927215253,True
dmv.1292,2478781.0,2478781.0,True,2.399858640194515,2.399858640194515,True
dmv.1293,68392.0,68392.0,True,1.4019183530237456,1.4019183530237456,True
dmv.1294,210152.0,210152.0,True,2.7050801324755414,2.7050801324755414,True
dmv.1295,93698.0,93698.0,True,2.2447864415462444,2.2447864415462444,True
dmv.1296,14927.0,14927.0,True,2.217793260534602,2.217793260534602,True
dmv.1297,39407.0,39407.0,True,2.0060395361230237,2.0060395361230237,True
dmv.1298,4535280.0,4535280.0,True,2.3208115044716093,2.3208115044716093,True
dmv.1299,4200570.0,4200570.0,True,2.3585146777699215,2.3585146777699215,True
dmv.13,507260.0,507260.0,True,2.111861767141111,2.111861767141111,True
dmv.130,1645134.0,1645134.0,True,2.3586498121125694,2.3586498121125694,True
dmv.1300,4613886.0,4613886.0,True,2.3769070150411173,2.3769070150411173,True
dmv.1301,3272728.0,3272728.0,True,2.383803664710297,2.383803664710297,True
dmv.1302,1756174.0,1756174.0,True,2.3594968380126344,2.3594968380126344,True
dmv.1303,641211.0,641211.0,True,2.2395420540196596,2.2395420540196596,True
dmv.1304,4451208.0,4451208.0,True,2.3816842529039306,2.3816842529039306,True
dmv.1305,179.0,179.0,True,14.30167597765363,14.30167597765363,True
dmv.1306,278285.0,278285.0,True,2.4303358068167524,2.4303358068167524,True
dmv.1307,105077.0,105077.0,True,2.0770482598475404,2.0770482598475404,True
dmv.1308,4117875.0,4117875.0,True,2.4075325258780316,2.4075325258780316,True
dmv.1309,1417305.0,1417305.0,True,2.3453279287097697,2.3453279287097697,True
dmv.131,1548939.0,1548939.0,True,2.3740321600786087,2.3740321600786087,True
dmv.1310,32638.0,32638.0,True,2.8975427415895583,2.8975427415895583,True
dmv.1311,12762.0,12762.0,True,3.3492399310452905,3.3492399310452905,True
dmv.1312,4613886.0,4613886.0,True,2.3769070150411173,2.3769070150411173,True
dmv.1313,2070651.0,2070651.0,True,2.304141064814882,2.304141064814882,True
dmv.1314,2217655.0,2217655.0,True,2.3841174574043302,2.3841174574043302,True
dmv.1315,2669756.0,2669756.0,True,2.372113032052367,2.372113032052367,True
dmv.1316,1648222.0,1648222.0,True,2.289689738396891,2.289689738396891,True
dmv.1317,185590.0,185590.0,True,2.1139177757422276,2.1139177757422276,True
dmv.1318,3604686.0,3604686.0,True,2.3349512273745896,2.3349512273745896,True
dmv.1319,1346583.0,1346583.0,True,2.367204249570951,2.367204249570951,True
dmv.132,2468421.0,2468421.0,True,2.2820689825601064,2.2820689825601064,True
dmv.1320,261305.0,261305.0,True,1.5976732171217543,1.5976732171217543,True
dmv.1321,4368968.0,4368968.0,True,2.383676877468546,2.383676877468546,True
dmv.1322,389343.0,389343.0,True,1.947791535997822,1.947791535997822,True
dmv.1323,4352991.0,4352991.0,True,2.3807345340249957,2.3807345340249957,True
dmv.1324,3216045.0,3216045.0,True,2.3710355421021783,2.3710355421021783,True
dmv.1325,687284.0,687284.0,True,2.598521135367621,2.598521135367621,True
dmv.1326,430322.0,430322.0,True,1.9952291539823668,1.9952291539823668,True
dmv.1327,2454915.0,2454915.0,True,2.3536643834918927,2.3536643834918927,True
dmv.1328,400980.0,400980.0,True,2.4245747917601874,2.4245747917601874,True
dmv.1329,183575.0,183575.0,True,1.0378319487947705,1.0378319487947705,True
dmv.133,224303.0,224303.0,True,2.0858704520224873,2.0858704520224873,True
dmv.1330,14655.0,14655.0,True,2.6549300580006823,2.6549300580006823,True
dmv.1331,1975848.0,1975848.0,True,2.4472312647531593,2.4472312647531593,True
dmv.1332,4695336.0,4695336.0,True,2.3522335781720414,2.3522335781720414,True
dmv.1333,152964.0,152964.0,True,2.3195588504484714,2.3195588504484714,True
dmv.1334,2908044.0,2908044.0,True,2.366369284646312,2.366369284646312,True
dmv.1335,2536340.0,2536340.0,True,2.3752793395207266,2.3752793395207266,True
dmv.1336,10025.0,10025.0,True,2.385336658354115,2.385336658354115,True
dmv.1337,218782.0,218782.0,True,2.0445969046813723,2.0445969046813723,True
dmv.1338,1259028.0,1259028.0,True,2.3948879611891076,2.3948879611891076,True
dmv.1339,611432.0,611432.0,True,2.237840021457824,2.237840021457824,True
dmv.134,62332.0,62332.0,True,2.3412051594686516,2.3412051594686516,True
dmv.1340,4854248.0,4854248.0,True,2.3809863031307836,2.3809863031307836,True
dmv.1341,433019.0,433019.0,True,2.133432944050954,2.133432944050954,True
dmv.1342,224758.0,224758.0,True,2.445488036020965,2.445488036020965,True
dmv.1343,56808.0,56808.0,True,2.225690043655823,2.225690043655823,True
dmv.1344,25143.0,25143.0,True,2.722626575985364,2.722626575985364,True
dmv.1345,352540.0,352540.0,True,2.1820956487207126,2.1820956487207126,True
dmv.1346,8067.0,8067.0,True,3.450477253006074,3.450477253006074,True
dmv.1347,2284097.0,2284097.0,True,2.390799077272112,2.390799077272112,True
dmv.1348,13505.0,13505.0,True,3.657089966679008,3.657089966679008,True
dmv.1349,2360305.0,2360305.0,True,2.3481206877924676,2.3481206877924676,True
dmv.135,932030.0,932030.0,True,2.3426627898243617,2.3426627898243617,True
dmv.1350,423792.0,423792.0,True,2.297310944991883,2.297310944991883,True
dmv.1351,4340609.0,4340609.0,True,2.381404314463708,2.381404314463708,True
dmv.1352,4622802.0,4622802.0,True,2.3464866113668723,2.3464866113668723,True
dmv.1353,11022.0,11022.0,True,11.296588640900017,11.296588640900017,True
dmv.1354,1079398.0,1079398.0,True,2.2798458029383046,2.2798458029383046,True
dmv.1355,2291734.0,2291734.0,True,2.376207709969831,2.376207709969831,True
dmv.1356,1615870.0,1615870.0,True,2.346037119322718,2.346037119322718,True
dmv.1357,4217276.0,4217276.0,True,2.375827904078367,2.375827904078367,True
dmv.1358,2447839.0,2447839.0,True,2.344436051554044,2.344436051554044,True
dmv.1359,133898.0,133898.0,True,2.462127888392657,2.462127888392657,True
dmv.136,7590.0,7590.0,True,1.2168642951251647,1.2168642951251647,True
dmv.1360,2049.0,2049.0,True,2.3035627135187897,2.3035627135187897,True
dmv.1361,144194.0,144194.0,True,2.3005326157815165,2.3005326157815165,True
dmv.1362,1187100.0,1187100.0,True,2.002357004464662,2.002357004464662,True
dmv.1363,506371.0,506371.0,True,2.234964087595854,2.234964087595854,True
dmv.1364,4402509.0,4402509.0,True,2.3803694665928,2.3803694665928,True
dmv.1365,4277621.0,4277621.0,True,2.2239719227112453,2.2239719227112453,True
dmv.1366,84335.0,84335.0,True,1.3830319558901998,1.3830319558901998,True
dmv.1367,193018.0,193018.0,True,2.4843848760219256,2.4843848760219256,True
dmv.1368,2433707.0,2433707.0,True,2.401747622043245,2.401747622043245,True
dmv.1369,217887.0,217887.0,True,2.029712649217255,2.029712649217255,True
dmv.137,246946.0,246946.0,True,2.4224688798360776,2.4224688798360776,True
dmv.1370,2352259.0,2352259.0,True,2.376986547824878,2.376986547824878,True
dmv.1371,82207.0,82207.0,True,1.6581069738586738,1.6581069738586738,True
dmv.1372,379679.0,379679.0,True,2.2095586008180597,2.2095586008180597,True
dmv.1373,192321.0,192321.0,True,2.3498369912802035,2.3498369912802035,True
dmv.1374,4401249.0,4401249.0,True,2.3881614060008873,2.3881614060008873,True
dmv.1375,12482.0,12482.0,True,2.6793783047588526,2.6793783047588526,True
dmv.1376,746119.0,746119.0,True,2.144058789549656,2.144058789549656,True
dmv.1377,2278203.0,2278203.0,True,2.310698827101887,2.310698827101887,True
dmv.1378,1474118.0,1474118.0,True,2.2873915113986802,2.2873915113986802,True
dmv.1379,196507.0,196507.0,True,1.2592528510434742,1.2592528510434742,True
dmv.138,146399.0,146399.0,True,2.3531581499873635,2.3531581499873635,True
dmv.1380,464722.0,464722.0,True,1.8815679051131644,1.8815679051131644,True
dmv.1381,4643796.0,4643796.0,True,2.3670137534034654,2.3670137534034654,True
dmv.1382,90802.0,90802.0,True,2.259421598643202,2.259421598643202,True
dmv.1383,4822962.0,4822962.0,True,2.382571332720432,2.382571332720432,True
dmv.1384,13105.0,13105.0,True,2184.1666666666665,2184.1666666666665,True
dmv.1385,1095856.0,1095856.0,True,2.3628505935086364,2.3628505935086364,True
dmv.1386,2116512.0,2116512.0,True,2.4689205636443354,2.4689205636443354,True
dmv.1387,1230110.0,1230110.0,True,2.3748998057084325,2.3748998057084325,True
dmv.1388,552008.0,552008.0,True,2.416827292358082,2.416827292358082,True
dmv.1389,3510044.0,3510044.0,True,2.385712828671094,2.385712828671094,True
dmv.139,518400.0,518400.0,True,2.314791666666667,2.314791666666667,True
dmv.1390,363239.0,363239.0,True,2.4621750417769017,2.4621750417769017,True
dmv.1391,4482200.0,4482200.0,True,2.3710555084556693,2.3710555084556693,True
dmv.1392,769712.0,769712.0,True,2.3215540357952067,2.3215540357952067,True
dmv.1393,4397346.0,4397346.0,True,2.3854133834362816,2.3854133834362816,True
dmv.1394,1688214.0,1688214.0,True,2.3627845758890755,2.3627845758890755,True
dmv.1395,4530737.0,4530737.0,True,2.404590467290421,2.404590467290421,True
dmv.1396,4581153.0,4581153.0,True,2.4206183465166955,2.4206183465166955,True
dmv.1397,1504517.0,1504517.0,True,2.3946808178305727,2.3946808178305727,True
dmv.1398,4569169.0,4569169.0,True,2.3001110267534424,2.3001110267534424,True
dmv.1399,1214439.0,1214439.0,True,2.3780395721810645,2.3780395721810645,True
dmv.14,104201.0,104201.0,True,2.3659753745165593,2.3659753745165593,True
dmv.140,4821998.0,4821998.0,True,2.3826206481213803,2.3826206481213803,True
dmv.1400,57321.0,57321.0,True,1.747753877287556,1.747753877287556,True
dmv.1401,395463.0,395463.0,True,2.3179564207018104,2.3179564207018104,True
dmv.1402,436570.0,436570.0,True,2.7211695718899604,2.7211695718899604,True
dmv.1403,4634913.0,4634913.0,True,2.38090941512818,2.38090941512818,True
dmv.1404,1386045.0,1386045.0,True,2.3819183359847624,2.3819183359847624,True
dmv.1405,4469200.0,4469200.0,True,2.3116566723350935,2.3116566723350935,True
dmv.1406,158354.0,158354.0,True,2.325700645389444,2.325700645389444,True
dmv.1407,2746262.0,2746262.0,True,2.3813700222338583,2.3813700222338583,True
dmv.1408,767650.0,767650.0,True,2.4136025532469225,2.4136025532469225,True
dmv.1409,4387778.0,4387778.0,True,2.30389117225165,2.30389117225165,True
dmv.141,67724.0,67724.0,True,2.229150670367964,2.229150670367964,True
dmv.1410,927207.0,927207.0,True,2.3439922261156356,2.3439922261156356,True
dmv.1411,302349.0,302349.0,True,2.2794915809213854,2.2794915809213854,True
dmv.1412,1001232.0,1001232.0,True,2.4584901401473385,2.4584901401473385,True
dmv.1413,4755973.0,4755973.0,True,2.382170798698815,2.382170798698815,True
dmv.1414,1239185.0,1239185.0,True,2.336769731718831,2.336769731718831,True
dmv.1415,1077023.0,1077023.0,True,2.056896649375176,2.056896649375176,True
dmv.1416,4815009.0,4815009.0,True,2.379904170480263,2.379904170480263,True
dmv.1417,4417475.0,4417475.0,True,2.3830667972088126,2.3830667972088126,True
dmv.1418,1051849.0,1051849.0,True,2.238695858435954,2.238695858435954,True
dmv.1419,246108.0,246108.0,True,2.082890438344142,2.082890438344142,True
dmv.142,41330.0,41330.0,True,2.015412533268812,2.015412533268812,True
dmv.1420,2456561.0,2456561.0,True,2.344681854022758,2.344681854022758,True
dmv.1421,932884.0,932884.0,True,2.420057584865857,2.420057584865857,True
dmv.1422,28810.0,28810.0,True,3.62294342242277,3.62294342242277,True
dmv.1423,1940349.0,1940349.0,True,2.355730335109818,2.355730335109818,True
dmv.1424,49627.0,49627.0,True,2.827090092086969,2.827090092086969,True
dmv.1425,3938897.0,3938897.0,True,2.3918904200846076,2.3918904200846076,True
dmv.1426,4655106.0,4655106.0,True,2.377470888955053,2.377470888955053,True
dmv.1427,108222.0,108222.0,True,2.06726913196947,2.06726913196947,True
dmv.1428,4822962.0,4822962.0,True,2.382571332720432,2.382571332720432,True
dmv.1429,283150.0,283150.0,True,1.1941966639252652,1.1941966639252652,True
dmv.143,3998074.0,3998074.0,True,2.3741301436641744,2.3741301436641744,True
dmv.1430,425799.0,425799.0,True,2.0653242492349677,2.0653242492349677,True
dmv.1431,3976265.0,3976265.0,True,2.365973595824222,2.365973595824222,True
dmv.1432,156182.0,156182.0,True,2.2709915355162567,2.2709915355162567,True
dmv.1433,191374.0,191374.0,True,2.406831649022333,2.406831649022333,True
dmv.1434,4394804.0,4394804.0,True,2.3886974254141937,2.3886974254141937,True
dmv.1435,21153.0,21153.0,True,1.3580106840637263,1.3580106840637263,True
dmv.1436,539290.0,539290.0,True,2.2401972964453263,2.2401972964453263,True
dmv.1437,942694.0,942694.0,True,2.232534629476797,2.232534629476797,True
dmv.1438,3420865.0,3420865.0,True,2.3749870281346968,2.3749870281346968,True
dmv.1439,992.0,992.0,True,4.658266129032258,4.658266129032258,True
dmv.144,2001569.0,2001569.0,True,2.367362803880356,2.367362803880356,True
dmv.1440,2332991.0,2332991.0,True,2.2092969925730532,2.2092969925730532,True
dmv.1441,397196.0,397196.0,True,2.1496062397405815,2.1496062397405815,True
dmv.1442,4411850.0,4411850.0,True,2.3797556580572774,2.3797556580572774,True
dmv.1443,4218974.0,4218974.0,True,2.459497498680959,2.459497498680959,True
dmv.1444,551035.0,551035.0,True,2.294979447766476,2.294979447766476,True
dmv.1445,15306.0,15306.0,True,3.7459618208516887,3.7459618208516887,True
dmv.1446,1933175.0,1933175.0,True,2.395793965885137,2.395793965885137,True
dmv.1447,437865.0,437865.0,True,2.3889897571169194,2.3889897571169194,True
dmv.1448,2181632.0,2181632.0,True,2.4380963425545645,2.4380963425545645,True
dmv.1449,2840067.0,2840067.0,True,2.361322109654455,2.361322109654455,True
dmv.145,4588494.0,4588494.0,True,2.2935392309546443,2.2935392309546443,True
dmv.1450,4651231.0,4651231.0,True,2.37874962563674,2.37874962563674,True
dmv.1451,204712.0,204712.0,True,1.590370862479972,1.590370862479972,True
dmv.1452,4572257.0,4572257.0,True,2.3972646331997525,2.3972646331997525,True
dmv.1453,1899416.0,1899416.0,True,2.3821027094643825,2.3821027094643825,True
dmv.1454,1094221.0,1094221.0,True,2.5651143598962185,2.5651143598962185,True
dmv.1455,258218.0,258218.0,True,2.100593297136528,2.100593297136528,True
dmv.1456,4276086.0,4276086.0,True,2.377850211618756,2.377850211618756,True
dmv.1457,4673334.0,4673334.0,True,2.378989817547815,2.378989817547815,True
dmv.1458,1760470.0,1760470.0,True,2.4202616346771033,2.4202616346771033,True
dmv.1459,295971.0,295971.0,True,1.7963955928114579,1.7963955928114579,True
dmv.146,4858026.0,4858026.0,True,2.3802542431843716,2.3802542431843716,True
dmv.1460,975621.0,975621.0,True,2.348566707768693,2.348566707768693,True
dmv.1461,4866746.0,4866746.0,True,2.380612220156959,2.380612220156959,True
dmv.1462,4430366.0,4430366.0,True,2.3824243866082395,2.3824243866082395,True
dmv.1463,1696900.0,1696900.0,True,2.3584112204608405,2.3584112204608405,True
dmv.1464,75361.0,75361.0,True,1.921404970740834,1.921404970740834,True
dmv.1465,4621999.0,4621999.0,True,2.3814788795930073,2.3814788795930073,True
dmv.1466,908121.0,908121.0,True,1.9981511274378634,1.9981511274378634,True
dmv.1467,326584.0,326584.0,True,2.296900644244666,2.296900644244666,True
dmv.1468,2969755.0,2969755.0,True,2.4404040063910997,2.4404040063910997,True
dmv.1469,345268.0,345268.0,True,2.3455142092519434,2.3455142092519434,True
dmv.147,4476228.0,4476228.0,True,2.382466666130501,2.382466666130501,True
dmv.1470,4291966.0,4291966.0,True,2.3320657712572745,2.3320657712572745,True
dmv.1471,2538779.0,2538779.0,True,2.3960789812740693,2.3960789812740693,True
dmv.1472,3330160.0,3330160.0,True,2.377396281259759,2.377396281259759,True
dmv.1473,961638.0,961638.0,True,2.3832460863651397,2.3832460863651397,True
dmv.1474,4663964.0,4663964.0,True,2.366991683469255,2.366991683469255,True
dmv.1475,140094.0,140094.0,True,2.340242979713621,2.340242979713621,True
dmv.1476,510482.0,510482.0,True,2.333516167073472,2.333516167073472,True
dmv.1477,11794.0,11794.0,True,2.2036621823617337,2.2036621823617337,True
dmv.1478,242358.0,242358.0,True,1.5885219386197278,1.5885219386197278,True
dmv.1479,3877404.0,3877404.0,True,2.3701966573511557,2.3701966573511557,True
dmv.148,4787429.0,4787429.0,True,2.3364168951643984,2.3364168951643984,True
dmv.1480,143020.0,143020.0,True,1.9253880576143196,1.9253880576143196,True
dmv.1481,427073.0,427073.0,True,2.1986334888883166,2.1986334888883166,True
dmv.1482,91620.0,91620.0,True,1.4201047806155862,1.4201047806155862,True
dmv.1483,1913011.0,1913011.0,True,2.4618849551832165,2.4618849551832165,True
dmv.1484,3177279.0,3177279.0,True,2.4220315559319783,2.4220315559319783,True
dmv.1485,195740.0,195740.0,True,2.3140543578216,2.3140543578216,True
dmv.1486,4863848.0,4863848.0,True,2.3812726055583973,2.3812726055583973,True
dmv.1487,410447.0,410447.0,True,1.7050021074584538,1.7050021074584538,True
dmv.1488,2571379.0,2571379.0,True,2.3747016678599304,2.3747016678599304,True
dmv.1489,3010090.0,3010090.0,True,2.3542046915540733,2.3542046915540733,True
dmv.149,1645028.0,1645028.0,True,2.366596191675765,2.366596191675765,True
dmv.1490,156065.0,156065.0,True,2.4294813058661453,2.4294813058661453,True
dmv.1491,4475370.0,4475370.0,True,2.352605259453408,2.352605259453408,True
dmv.1492,177758.0,177758.0,True,2.0718279908639836,2.0718279908639836,True
dmv.1493,77315.0,77315.0,True,1.3157990040742418,1.3157990040742418,True
dmv.1494,195769.0,195769.0,True,1.0835014736756075,1.0835014736756075,True
dmv.1495,3148402.0,3148402.0,True,2.3683567092131184,2.3683567092131184,True
dmv.1496,43843.0,43843.0,True,1.7730103526366872,1.7730103526366872,True
dmv.1497,4868902.0,4868902.0,True,2.3803167531406464,2.3803167531406464,True
dmv.1498,578956.0,578956.0,True,2.3364711653389896,2.3364711653389896,True
dmv.1499,2702235.0,2702235.0,True,2.4088881981026815,2.4088881981026815,True
dmv.15,460610.0,460610.0,True,2.4199843685547426,2.4199843685547426,True
dmv.150,347305.0,347305.0,True,2.177532716200458,2.177532716200458,True
dmv.1500,534009.0,534009.0,True,2.1282057043982405,2.1282057043982405,True
dmv.1501,94119.0,94119.0,True,3.013674178433685,3.013674178433685,True
dmv.1502,69772.0,69772.0,True,1.3655477842114314,1.3655477842114314,True
dmv.1503,4631572.0,4631572.0,True,2.3835537912397777,2.3835537912397777,True
dmv.1504,4584574.0,4584574.0,True,2.4246682461663833,2.4246682461663833,True
dmv.1505,142850.0,142850.0,True,2.403549177458873,2.403549177458873,True
dmv.1506,1830200.0,1830200.0,True,2.3228734564528466,2.3228734564528466,True
dmv.1507,1883848.0,1883848.0,True,2.5491801886351766,2.5491801886351766,True
dmv.1508,4245446.0,4245446.0,True,2.384509660469124,2.384509660469124,True
dmv.1509,149925.0,149925.0,True,2.228954477238619,2.228954477238619,True
dmv.151,4543832.0,4543832.0,True,2.35014476767627,2.35014476767627,True
dmv.1510,4589209.0,4589209.0,True,2.373438864954723,2.373438864954723,True
dmv.1511,161434.0,161434.0,True,2.135058290075201,2.135058290075201,True
dmv.1512,100531.0,100531.0,True,1.7994250529687361,1.7994250529687361,True
dmv.1513,4793112.0,4793112.0,True,2.3796608549935825,2.3796608549935825,True
dmv.1514,307202.0,307202.0,True,2.394447301775379,2.394447301775379,True
dmv.1515,2530899.0,2530899.0,True,2.218480073681328,2.218480073681328,True
dmv.1516,168992.0,168992.0,True,2.5860987502366974,2.5860987502366974,True
dmv.1517,1121022.0,1121022.0,True,2.370540453264967,2.370540453264967,True
dmv.1518,58805.0,58805.0,True,2.157452597568234,2.157452597568234,True
dmv.1519,480990.0,480990.0,True,2.173396536310526,2.173396536310526,True
dmv.152,451799.0,451799.0,True,2.4514352621409077,2.4514352621409077,True
dmv.1520,308049.0,308049.0,True,2.274453090255122,2.274453090255122,True
dmv.1521,4563495.0,4563495.0,True,2.3796519991804526,2.3796519991804526,True
dmv.1522,3895642.0,3895642.0,True,2.374830644088959,2.374830644088959,True
dmv.1523,7529.0,7529.0,True,8.299907026165494,8.299907026165494,True
dmv.1524,4803215.0,4803215.0,True,2.381563598548056,2.381563598548056,True
dmv.1525,1141353.0,1141353.0,True,2.371466145881248,2.371466145881248,True
dmv.1526,97891.0,97891.0,True,1.2126855379963428,1.2126855379963428,True
dmv.1527,3552865.0,3552865.0,True,2.377180669684888,2.377180669684888,True
dmv.1528,2321252.0,2321252.0,True,2.3780614944004355,2.3780614944004355,True
dmv.1529,4826.0,4826.0,True,3.8783671777869873,3.8783671777869873,True
dmv.153,4142.0,4142.0,True,2.8174794785127957,2.8174794785127957,True
dmv.1530,875310.0,875310.0,True,2.336154048280038,2.336154048280038,True
dmv.1531,4864163.0,4864163.0,True,2.3810781012067235,2.3810781012067235,True
dmv.1532,113103.0,113103.0,True,2.0238278383420423,2.0238278383420423,True
dmv.1533,3948333.0,3948333.0,True,2.3429092733566295,2.3429092733566295,True
dmv.1534,103945.0,103945.0,True,2.1913608158160565,2.1913608158160565,True
dmv.1535,598491.0,598491.0,True,1.6700936187845765,1.6700936187845765,True
dmv.1536,115.0,115.0,True,1.8956521739130434,1.8956521739130434,True
dmv.1537,3950881.0,3950881.0,True,2.3654197633388603,2.3654197633388603,True
dmv.1538,251883.0,251883.0,True,2.0898671208457893,2.0898671208457893,True
dmv.1539,104766.0,104766.0,True,2.0253135559246322,2.0253135559246322,True
dmv.154,2481637.0,2481637.0,True,2.3501527419199504,2.3501527419199504,True
dmv.1540,190877.0,190877.0,True,2.2438324156393907,2.2438324156393907,True
dmv.1541,23460.0,23460.0,True,2.289386189258312,2.289386189258312,True
dmv.1542,2591951.0,2591951.0,True,2.384998018866869,2.384998018866869,True
dmv.1543,2723006.0,2723006.0,True,2.345687082584467,2.345687082584467,True
dmv.1544,3900789.0,3900789.0,True,2.409498950084201,2.409498950084201,True
dmv.1545,4581263.0,4581263.0,True,2.3788518581011395,2.3788518581011395,True
dmv.1546,2178629.0,2178629.0,True,2.395215064152731,2.395215064152731,True
dmv.1547,31440.0,31440.0,True,2.79529262086514,2.79529262086514,True
dmv.1548,62176.0,62176.0,True,8.006481600617601,8.006481600617601,True
dmv.1549,4186463.0,4186463.0,True,2.3687148315893394,2.3687148315893394,True
dmv.155,4357598.0,4357598.0,True,2.3863926869803045,2.3863926869803045,True
dmv.1550,4830592.0,4830592.0,True,2.3890305784467,2.3890305784467,True
dmv.1551,121147.0,121147.0,True,1.6166728942030533,1.6166728942030533,True
dmv.1552,883455.0,883455.0,True,2.3879654311764607,2.3879654311764607,True
dmv.1553,4778039.0,4778039.0,True,2.4257531175446663,2.4257531175446663,True
dmv.1554,4803111.0,4803111.0,True,2.3741385531169277,2.3741385531169277,True
dmv.1555,3838235.0,3838235.0,True,2.4436406316966,2.4436406316966,True
dmv.1556,4821998.0,4821998.0,True,2.3826206481213803,2.3826206481213803,True
dmv.1557,4546755.0,4546755.0,True,2.3823249768241306,2.3823249768241306,True
dmv.1558,40258.0,40258.0,True,2.9025286899498237,2.9025286899498237,True
dmv.1559,120644.0,120644.0,True,2.2988793475017406,2.2988793475017406,True
dmv.156,715174.0,715174.0,True,1.518454250294334,1.518454250294334,True
dmv.1560,16320.0,16320.0,True,1.830392156862745,1.830392156862745,True
dmv.1561,166395.0,166395.0,True,1.2365399621001003,1.2365399621001003,True
dmv.1562,448213.0,448213.0,True,2.3687599422595955,2.3687599422595955,True
dmv.1563,272119.0,272119.0,True,1.4434456983893076,1.4434456983893076,True
dmv.1564,1885259.0,1885259.0,True,2.59387383908524,2.59387383908524,True
dmv.1565,4650871.0,4650871.0,True,2.3739521048853,2.3739521048853,True
dmv.1566,4525285.0,4525285.0,True,2.3466130862476065,2.3466130862476065,True
dmv.1567,4183828.0,4183828.0,True,2.3859190674186417,2.3859190674186417,True
dmv.1568,4243192.0,4243192.0,True,2.3908680069155483,2.3908680069155483,True
dmv.1569,13779.0,13779.0,True,2.6796574497423618,2.6796574497423618,True
dmv.157,4440250.0,4440250.0,True,2.3696553122008894,2.3696553122008894,True
dmv.1570,4714311.0,4714311.0,True,2.3800903249700753,2.3800903249700753,True
dmv.1571,162665.0,162665.0,True,2.351612209141487,2.351612209141487,True
dmv.1572,33460.0,33460.0,True,2.397369994022714,2.397369994022714,True
dmv.1573,3967851.0,3967851.0,True,2.3809840641697484,2.3809840641697484,True
dmv.1574,3669054.0,3669054.0,True,2.4060357247399464,2.4060357247399464,True
dmv.1575,1137343.0,1137343.0,True,2.379880124113834,2.379880124113834,True
dmv.1576,167734.0,167734.0,True,2.0907448698534585,2.0907448698534585,True
dmv.1577,637171.0,637171.0,True,1.8169627933474688,1.8169627933474688,True
dmv.1578,786606.0,786606.0,True,2.391194575174865,2.391194575174865,True
dmv.1579,4822962.0,4822962.0,True,2.382571332720432,2.382571332720432,True
dmv.158,526975.0,526975.0,True,2.186141657573889,2.186141657573889,True
dmv.1580,420635.0,420635.0,True,1.759173630344598,1.759173630344598,True
dmv.1581,4720.0,4720.0,True,5.015940488841657,5.015940488841657,True
dmv.1582,4850928.0,4850928.0,True,2.380954118469703,2.380954118469703,True
dmv.1583,300528.0,300528.0,True,2.3960196720438693,2.3960196720438693,True
dmv.1584,14400.0,14400.0,True,4.197430555555556,4.197430555555556,True
dmv.1585,1776.0,1776.0,True,1.9035369774919615,1.9035369774919615,True
dmv.1586,179716.0,179716.0,True,2.3203832713837387,2.3203832713837387,True
dmv.1587,240.0,240.0,True,4.220833333333333,4.220833333333333,True
dmv.1588,193618.0,193618.0,True,2.338408619033354,2.338408619033354,True
dmv.1589,874892.0,874892.0,True,2.3747091069526296,2.3747091069526296,True
dmv.159,4611815.0,4611815.0,True,2.374430891091685,2.374430891091685,True
dmv.1590,26241.0,26241.0,True,2.449754201440494,2.449754201440494,True
dmv.1591,123819.0,123819.0,True,2.1063810885243783,2.1063810885243783,True
dmv.1592,164013.0,164013.0,True,2.1854974910525384,2.1854974910525384,True
dmv.1593,1190266.0,1190266.0,True,2.18675657374066,2.18675657374066,True
dmv.1594,4408450.0,4408450.0,True,2.3706148419512525,2.3706148419512525,True
dmv.1595,4476228.0,4476228.0,True,2.3760769111850424,2.3760769111850424,True
dmv.1596,14920.0,14920.0,True,3.415214477211796,3.415214477211796,True
dmv.1597,4404212.0,4404212.0,True,2.369870024422076,2.369870024422076,True
dmv.1598,2097.0,2097.0,True,1.279438682123246,1.279438682123246,True
dmv.1599,344003.0,344003.0,True,1.959808490042238,1.959808490042238,True
dmv.16,1723927.0,1723927.0,True,2.367601992427754,2.367601992427754,True
dmv.160,2755750.0,2755750.0,True,2.3959118207384558,2.3959118207384558,True
dmv.1600,17157.0,17157.0,True,1.292125662994696,1.292125662994696,True
dmv.1601,188578.0,188578.0,True,1.6384625990306398,1.6384625990306398,True
dmv.1602,1206581.0,1206581.0,True,2.4254575532019813,2.4254575532019813,True
dmv.1603,2317909.0,2317909.0,True,2.3487630446234085,2.3487630446234085,True
dmv.1604,445088.0,445088.0,True,1.543470055359839,1.543470055359839,True
dmv.1605,2928979.0,2928979.0,True,2.3681887101273174,2.3681887101273174,True
dmv.1606,146701.0,146701.0,True,1.244960838712756,1.244960838712756,True
dmv.1607,2897775.0,2897775.0,True,2.359714263529777,2.359714263529777,True
dmv.1608,2787436.0,2787436.0,True,2.3439662829926857,2.3439662829926857,True
dmv.1609,4626990.0,4626990.0,True,2.374777339047631,2.374777339047631,True
dmv.161,187654.0,187654.0,True,1.2075948287806282,1.2075948287806282,True
dmv.1610,754235.0,754235.0,True,1.3890617645693981,1.3890617645693981,True
dmv.1611,4377342.0,4377342.0,True,2.195072489195498,2.195072489195498,True
dmv.1612,86905.0,86905.0,True,3.4346125079109373,3.4346125079109373,True
dmv.1613,2692031.0,2692031.0,True,2.402409556204962,2.402409556204962,True
dmv.1614,4728103.0,4728103.0,True,2.3776590738399737,2.3776590738399737,True
dmv.1615,4613038.0,4613038.0,True,2.3768995616337865,2.3768995616337865,True
dmv.1616,237837.0,237837.0,True,1.7852394707299537,1.7852394707299537,True
dmv.1617,2402.0,2402.0,True,2.7518734388009993,2.7518734388009993,True
dmv.1618,155773.0,155773.0,True,2.428431114506365,2.428431114506365,True
dmv.1619,3918491.0,3918491.0,True,2.374036587043329,2.374036587043329,True
dmv.162,646015.0,646015.0,True,2.331226055122559,2.331226055122559,True
dmv.1620,2623805.0,2623805.0,True,2.382744906728968,2.382744906728968,True
dmv.1621,3971932.0,3971932.0,True,2.3585824228612173,2.3585824228612173,True
dmv.1622,287140.0,287140.0,True,2.4065542940725777,2.4065542940725777,True
dmv.1623,278869.0,278869.0,True,2.4053946476661086,2.4053946476661086,True
dmv.1624,59740.0,59740.0,True,2.75686307331771,2.75686307331771,True
dmv.1625,337609.0,337609.0,True,2.3532992307669525,2.3532992307669525,True
dmv.1626,126726.0,126726.0,True,2.2010242570585357,2.2010242570585357,True
dmv.1627,818348.0,818348.0,True,2.4048900956561265,2.4048900956561265,True
dmv.1628,108299.0,108299.0,True,2.555083611113676,2.555083611113676,True
dmv.1629,4388527.0,4388527.0,True,2.3736449610541306,2.3736449610541306,True
dmv.163,4774025.0,4774025.0,True,2.411199354842088,2.411199354842088,True
dmv.1630,1245654.0,1245654.0,True,2.251080958275733,2.251080958275733,True
dmv.1631,41847.0,41847.0,True,1.5200372786579683,1.5200372786579683,True
dmv.1632,4642787.0,4642787.0,True,2.373890079385507,2.373890079385507,True
dmv.1633,966187.0,966187.0,True,2.2780548692954885,2.2780548692954885,True
dmv.1634,1371565.0,1371565.0,True,2.302738113031464,2.302738113031464,True
dmv.1635,4093968.0,4093968.0,True,2.3630116307699525,2.3630116307699525,True
dmv.1636,2971937.0,2971937.0,True,2.367811296134474,2.367811296134474,True
dmv.1637,4437524.0,4437524.0,True,2.37717948117013,2.37717948117013,True
dmv.1638,7093.0,7093.0,True,1.2032990272099253,1.2032990272099253,True
dmv.1639,12875.0,12875.0,True,1.9314431443144315,1.9314431443144315,True
dmv.164,167592.0,167592.0,True,1.4320373287507757,1.4320373287507757,True
dmv.1640,4749626.0,4749626.0,True,2.3815237241837566,2.3815237241837566,True
dmv.1641,1903460.0,1903460.0,True,2.3845481386527694,2.3845481386527694,True
dmv.1642,4314350.0,4314350.0,True,2.2818192775273216,2.2818192775273216,True
dmv.1643,189437.0,189437.0,True,1.7502652596905568,1.7502652596905568,True
dmv.1644,407681.0,407681.0,True,2.0390280636085567,2.0390280636085567,True
dmv.1645,4254968.0,4254968.0,True,2.3749990599224247,2.3749990599224247,True
dmv.1646,4797826.0,4797826.0,True,2.3780041210331513,2.3780041210331513,True
dmv.1647,559405.0,559405.0,True,2.109314360794058,2.109314360794058,True
dmv.1648,1037641.0,1037641.0,True,2.384374750033971,2.384374750033971,True
dmv.1649,2457753.0,2457753.0,True,2.2800383114169733,2.2800383114169733,True
dmv.165,3314982.0,3314982.0,True,2.4460380177026604,2.4460380177026604,True
dmv.1650,719986.0,719986.0,True,2.3817185334159277,2.3817185334159277,True
dmv.1651,192321.0,192321.0,True,2.3498369912802035,2.3498369912802035,True
dmv.1652,40311.0,40311.0,True,1.7609337401701768,1.7609337401701768,True
dmv.1653,740172.0,740172.0,True,2.3308474246526485,2.3308474246526485,True
dmv.1654,4620679.0,4620679.0,True,2.3740199221802682,2.3740199221802682,True
dmv.1655,62178.0,62178.0,True,1.9116246904049663,1.9116246904049663,True
dmv.1656,301031.0,301031.0,True,2.462696532915215,2.462696532915215,True
dmv.1657,81898.0,81898.0,True,2.3429754084348824,2.3429754084348824,True
dmv.1658,1052856.0,1052856.0,True,1.504095526833679,1.504095526833679,True
dmv.1659,1450019.0,1450019.0,True,2.3520243527843427,2.3520243527843427,True
dmv.166,17328.0,17328.0,True,8.33910433979686,8.33910433979686,True
dmv.1660,4229.0,4229.0,True,1.5502199413489737,1.5502199413489737,True
dmv.1661,408492.0,408492.0,True,1.3198006325705276,1.3198006325705276,True
dmv.1662,3421900.0,3421900.0,True,2.424461264209942,2.424461264209942,True
dmv.1663,4677035.0,4677035.0,True,2.3747782516059854,2.3747782516059854,True
dmv.1664,4043013.0,4043013.0,True,2.439196460659414,2.439196460659414,True
dmv.1665,3575452.0,3575452.0,True,2.3155967413350815,2.3155967413350815,True
dmv.1666,355430.0,355430.0,True,1.6577666488478744,1.6577666488478744,True
dmv.1667,2788288.0,2788288.0,True,2.3726150239860444,2.3726150239860444,True
dmv.1668,3242.0,3242.0,True,14.693090684762492,14.693090684762492,True
dmv.1669,4782932.0,4782932.0,True,2.3825831101090293,2.3825831101090293,True
dmv.167,991843.0,991843.0,True,2.3416710104320946,2.3416710104320946,True
dmv.1670,79889.0,79889.0,True,1.7391255366821465,1.7391255366821465,True
dmv.1671,1327865.0,1327865.0,True,2.3187078505721592,2.3187078505721592,True
dmv.1672,3935754.0,3935754.0,True,2.3656552213375126,2.3656552213375126,True
dmv.1673,2738.0,2738.0,True,2.492330168005844,2.492330168005844,True
dmv.1674,430263.0,430263.0,True,2.1944461875643504,2.1944461875643504,True
dmv.1675,1085104.0,1085104.0,True,1.998026917235583,1.998026917235583,True
dmv.1676,4083229.0,4083229.0,True,2.380324738093308,2.380324738093308,True
dmv.1677,243178.0,243178.0,True,2.401076577650939,2.401076577650939,True
dmv.1678,23563.0,23563.0,True,1.499681704367016,1.499681704367016,True
dmv.1679,4456488.0,4456488.0,True,2.367336341980501,2.367336341980501,True
dmv.168,523271.0,523271.0,True,2.441956462330227,2.441956462330227,True
dmv.1680,609.0,609.0,True,1.1559934318555007,1.1559934318555007,True
dmv.1681,4757584.0,4757584.0,True,2.3680441585476997,2.3680441585476997,True
dmv.1682,844542.0,844542.0,True,2.4386957664627693,2.4386957664627693,True
dmv.1683,2485892.0,2485892.0,True,2.236777382122795,2.236777382122795,True
dmv.1684,295091.0,295091.0,True,1.7981944552697304,1.7981944552697304,True
dmv.1685,1123862.0,1123862.0,True,1.9595119329597406,1.9595119329597406,True
dmv.1686,2330276.0,2330276.0,True,2.3678306775678073,2.3678306775678073,True
dmv.1687,1380391.0,1380391.0,True,2.3491793267269925,2.3491793267269925,True
dmv.1688,514771.0,514771.0,True,2.417947009446919,2.417947009446919,True
dmv.1689,430494.0,430494.0,True,2.262491463295656,2.262491463295656,True
dmv.169,4579838.0,4579838.0,True,2.3820069618183,2.3820069618183,True
dmv.1690,119136.0,119136.0,True,2.669814329841526,2.669814329841526,True
dmv.1691,180436.0,180436.0,True,1.0550721585492917,1.0550721585492917,True
dmv.1692,4254205.0,4254205.0,True,2.379280500116943,2.379280500116943,True
dmv.1693,451108.0,451108.0,True,2.547332346134407,2.547332346134407,True
dmv.1694,1212975.0,1212975.0,True,2.401741173560873,2.401741173560873,True
dmv.1695,4616170.0,4616170.0,True,2.3556688770127616,2.3556688770127616,True
dmv.1696,337992.0,337992.0,True,2.251713058297238,2.251713058297238,True
dmv.1697,864288.0,864288.0,True,2.3519590691991556,2.3519590691991556,True
dmv.1698,2024782.0,2024782.0,True,2.3683744719184583,2.3683744719184583,True
dmv.1699,474599.0,474599.0,True,1.933720888581729,1.933720888581729,True
dmv.17,4561620.0,4561620.0,True,2.3421299889074496,2.3421299889074496,True
dmv.170,167659.0,167659.0,True,2.269600796855522,2.269600796855522,True
dmv.1700,426170.0,426170.0,True,2.3079991552666774,2.3079991552666774,True
dmv.1701,293965.0,293965.0,True,2.406055142619019,2.406055142619019,True
dmv.1702,4630628.0,4630628.0,True,2.3790762289693754,2.3790762289693754,True
dmv.1703,4238280.0,4238280.0,True,2.4102506205347454,2.4102506205347454,True
dmv.1704,259738.0,259738.0,True,2.078463682634039,2.078463682634039,True
dmv.1705,2685634.0,2685634.0,True,2.4700889994690267,2.4700889994690267,True
dmv.1706,332802.0,332802.0,True,1.349595254836209,1.349595254836209,True
dmv.1707,4621153.0,4621153.0,True,2.322952951352184,2.322952951352184,True
dmv.1708,195025.0,195025.0,True,2.3225381361363926,2.3225381361363926,True
dmv.1709,302877.0,302877.0,True,2.760265718426952,2.760265718426952,True
dmv.171,335371.0,335371.0,True,1.0337775180322688,1.0337775180322688,True
dmv.1710,1338201.0,1338201.0,True,2.2832481817006562,2.2832481817006562,True
dmv.1711,4353604.0,4353604.0,True,2.4262546616550336,2.4262546616550336,True
dmv.1712,2308444.0,2308444.0,True,2.3663827236008323,2.3663827236008323,True
dmv.1713,185297.0,185297.0,True,1.1337528400351868,1.1337528400351868,True
dmv.1714,4429331.0,4429331.0,True,2.390196171837237,2.390196171837237,True
dmv.1715,4435230.0,4435230.0,True,2.3707922700739306,2.3707922700739306,True
dmv.1716,181317.0,181317.0,True,2.5001516680730433,2.5001516680730433,True
dmv.1717,4398006.0,4398006.0,True,2.382248227946938,2.382248227946938,True
dmv.1718,1262638.0,1262638.0,True,2.362087154037816,2.362087154037816,True
dmv.1719,395028.0,395028.0,True,2.3517396235203583,2.3517396235203583,True
dmv.172,166728.0,166728.0,True,2.5727472290197206,2.5727472290197206,True
dmv.1720,461011.0,461011.0,True,1.8796189244942094,1.8796189244942094,True
dmv.1721,38181.0,38181.0,True,9.024331473769676,9.024331473769676,True
dmv.1722,4420552.0,4420552.0,True,2.378436901092895,2.378436901092895,True
dmv.1723,52257.0,52257.0,True,2.1463153261763974,2.1463153261763974,True
dmv.1724,4377179.0,4377179.0,True,2.3827296073567017,2.3827296073567017,True
dmv.1725,4419030.0,4419030.0,True,2.38679664994354,2.38679664994354,True
dmv.1726,30586.0,30586.0,True,2.8312299744981364,2.8312299744981364,True
dmv.1727,639375.0,639375.0,True,1.3980136852394918,1.3980136852394918,True
dmv.1728,223989.0,223989.0,True,2.5119760345374105,2.5119760345374105,True
dmv.1729,677100.0,677100.0,True,1.3436346182247823,1.3436346182247823,True
dmv.1730,3030.0,3030.0,True,2.724752475247525,2.724752475247525,True
dmv.1731,2257265.0,2257265.0,True,2.3760971795513597,2.3760971795513597,True
dmv.1732,133307.0,133307.0,True,2.127097601776351,2.127097601776351,True
dmv.1733,2254689.0,2254689.0,True,2.339952871549025,2.339952871549025,True
dmv.1734,2142705.0,2142705.0,True,2.3961548603284166,2.3961548603284166,True
dmv.1735,375519.0,375519.0,True,2.0981228646220296,2.0981228646220296,True
dmv.1736,4287830.0,4287830.0,True,2.347925174272301,2.347925174272301,True
dmv.1737,20573.0,20573.0,True,14.403344188985564,14.403344188985564,True
dmv.1738,4806510.0,4806510.0,True,2.380041651843021,2.380041651843021,True
dmv.1739,4397346.0,4397346.0,True,2.3885616460474113,2.3885616460474113,True
dmv.174,1777269.0,1777269.0,True,2.2763880988190306,2.2763880988190306,True
dmv.1740,840031.0,840031.0,True,2.4447204924580164,2.4447204924580164,True
dmv.1741,4653348.0,4653348.0,True,2.377390429428446,2.377390429428446,True
dmv.1742,4421830.0,4421830.0,True,2.3451496326181696,2.3451496326181696,True
dmv.1743,264492.0,264492.0,True,2.582410810156829,2.582410810156829,True
dmv.1744,159479.0,159479.0,True,2.26343280306498,2.26343280306498,True
dmv.1745,1235083.0,1235083.0,True,1.6482673634079652,1.6482673634079652,True
dmv.1746,4253615.0,4253615.0,True,2.3827071796577735,2.3827071796577735,True
dmv.1747,78718.0,78718.0,True,2.14394420589954,2.14394420589954,True
dmv.1748,4800.0,4800.0,True,2.5260416666666665,2.5260416666666665,True
dmv.1749,1750.0,1750.0,True,3.1182857142857143,3.1182857142857143,True
dmv.175,364245.0,364245.0,True,2.452558030995621,2.452558030995621,True
dmv.1750,979014.0,979014.0,True,2.368785328912559,2.368785328912559,True
dmv.1751,5589.0,5589.0,True,1.2839421088904204,1.2839421088904204,True
dmv.1752,3233435.0,3233435.0,True,2.3825513733846515,2.3825513733846515,True
dmv.1753,2179809.0,2179809.0,True,2.4082733854204657,2.4082733854204657,True
dmv.1754,246165.0,246165.0,True,2.292442061219101,2.292442061219101,True
dmv.1755,966752.0,966752.0,True,2.271470863261726,2.271470863261726,True
dmv.1756,4781918.0,4781918.0,True,2.3611870801632318,2.3611870801632318,True
dmv.1757,4850668.0,4850668.0,True,2.3777964189674496,2.3777964189674496,True
dmv.1758,3939679.0,3939679.0,True,2.418717870161503,2.418717870161503,True
dmv.1759,392905.0,392905.0,True,2.1155851923492954,2.1155851923492954,True
dmv.176,334917.0,334917.0,True,2.278298802389846,2.278298802389846,True
dmv.1760,2396516.0,2396516.0,True,2.3636299528148363,2.3636299528148363,True
dmv.1761,1618909.0,1618909.0,True,2.22289887819513,2.22289887819513,True
dmv.1762,384718.0,384718.0,True,2.2886737818350062,2.2886737818350062,True
dmv.1763,730216.0,730216.0,True,2.3404800771278635,2.3404800771278635,True
dmv.1764,4847603.0,4847603.0,True,2.3796936341527966,2.3796936341527966,True
dmv.1765,680016.0,680016.0,True,2.328926084092139,2.328926084092139,True
dmv.1766,4850721.0,4850721.0,True,2.379406896418079,2.379406896418079,True
dmv.1767,4311955.0,4311955.0,True,2.376452212511494,2.376452212511494,True
dmv.1768,32791.0,32791.0,True,2.3282303070964594,2.3282303070964594,True
dmv.1769,387906.0,387906.0,True,2.412128196006249,2.412128196006249,True
dmv.177,4813006.0,4813006.0,True,2.3798528404078447,2.3798528404078447,True
dmv.1770,505022.0,505022.0,True,2.2954069327672855,2.2954069327672855,True
dmv.1771,43036.0,43036.0,True,2.4285249558509157,2.4285249558509157,True
dmv.1772,4737754.0,4737754.0,True,2.3761552414920657,2.3761552414920657,True
dmv.1773,1878300.0,1878300.0,True,2.3133727306607037,2.3133727306607037,True
dmv.1774,4015362.0,4015362.0,True,2.367704331514817,2.367704331514817,True
dmv.1775,197630.0,197630.0,True,2.393725648939938,2.393725648939938,True
dmv.1776,381452.0,381452.0,True,2.4508640667764228,2.4508640667764228,True
dmv.1777,21214.0,21214.0,True,2.427830677854247,2.427830677854247,True
dmv.1778,1686839.0,1686839.0,True,2.284212660485085,2.284212660485085,True
dmv.1779,2654575.0,2654575.0,True,2.3884245123984065,2.3884245123984065,True
dmv.178,2061905.0,2061905.0,True,2.2557615409051337,2.2557615409051337,True
dmv.1780,4830592.0,4830592.0,True,2.3783890256101117,2.3783890256101117,True
dmv.1781,2741692.0,2741692.0,True,2.3951330054579434,2.3951330054579434,True
dmv.1782,4865006.0,4865006.0,True,2.3810735279668718,2.3810735279668718,True
dmv.1783,233210.0,233210.0,True,2.303670511556108,2.303670511556108,True
dmv.1784,920193.0,920193.0,True,2.2920843779511473,2.2920843779511473,True
dmv.1785,2048654.0,2048654.0,True,2.362147048745176,2.362147048745176,True
dmv.1786,4588413.0,4588413.0,True,2.3672581347842927,2.3672581347842927,True
dmv.1787,229242.0,229242.0,True,1.831038814876855,1.831038814876855,True
dmv.1788,4498.0,4498.0,True,3.0733659404179634,3.0733659404179634,True
dmv.1789,817628.0,817628.0,True,2.4592920007631833,2.4592920007631833,True
dmv.179,104684.0,104684.0,True,8723.666666666666,8723.666666666666,True
dmv.1790,4605322.0,4605322.0,True,2.3751629093470554,2.3751629093470554,True
dmv.1791,3855.0,3855.0,True,12.572243839169909,12.572243839169909,True
dmv.1792,389058.0,389058.0,True,2.2854381608911782,2.2854381608911782,True
dmv.1793,11957.0,11957.0,True,6.188926988375011,6.188926988375011,True
dmv.1794,579398.0,579398.0,True,2.3538759194888486,2.3538759194888486,True
dmv.1795,8358.0,8358.0,True,2.145010768126346,2.145010768126346,True
dmv.1796,4446902.0,4446902.0,True,2.3804563266741656,2.3804563266741656,True
dmv.1797,404968.0,404968.0,True,2.370863870725588,2.370863870725588,True
dmv.1798,93090.0,93090.0,True,2.36146739714255,2.36146739714255,True
dmv.1799,522759.0,522759.0,True,2.3502416983734378,2.3502416983734378,True
dmv.18,3568967.0,3568967.0,True,2.3686041367151898,2.3686041367151898,True
dmv.180,4771087.0,4771087.0,True,2.380701504709514,2.380701504709514,True
dmv.1800,3604950.0,3604950.0,True,2.3685693282847198,2.3685693282847198,True
dmv.1801,416503.0,416503.0,True,2.081903371644382,2.081903371644382,True
dmv.1802,499425.0,499425.0,True,2.344596285728588,2.344596285728588,True
dmv.1803,122466.0,122466.0,True,2.0503649992651023,2.0503649992651023,True
dmv.1804,598576.0,598576.0,True,2.4319986100344817,2.4319986100344817,True
dmv.1805,376155.0,376155.0,True,2.154944105488429,2.154944105488429,True
dmv.1806,3298433.0,3298433.0,True,2.356603575091566,2.356603575091566,True
dmv.1807,442956.0,442956.0,True,2.2742732912524044,2.2742732912524044,True
dmv.1808,2979990.0,2979990.0,True,2.4374813338299792,2.4374813338299792,True
dmv.1809,176028.0,176028.0,True,2.0423000886222646,2.0423000886222646,True
dmv.181,2302746.0,2302746.0,True,2.4341186565952126,2.4341186565952126,True
dmv.1810,109482.0,109482.0,True,2.09585137282841,2.09585137282841,True
dmv.1811,4626990.0,4626990.0,True,2.3792374740381974,2.3792374740381974,True
dmv.1812,4593739.0,4593739.0,True,2.386655837434386,2.386655837434386,True
dmv.1813,1105815.0,1105815.0,True,2.1968728946523606,2.1968728946523606,True
dmv.1814,4613038.0,4613038.0,True,2.3768995616337865,2.3768995616337865,True
dmv.1815,4554239.0,4554239.0,True,2.3812876311497924,2.3812876311497924,True
dmv.1816,4709084.0,4709084.0,True,2.4052159613207156,2.4052159613207156,True
dmv.1817,445708.0,445708.0,True,2.255247830418121,2.255247830418121,True
dmv.1818,3644191.0,3644191.0,True,2.4044661764435507,2.4044661764435507,True
dmv.1819,34093.0,34093.0,True,2.2469421875458306,2.2469421875458306,True
dmv.182,4448242.0,4448242.0,True,2.3820129390442335,2.3820129390442335,True
dmv.1820,541832.0,541832.0,True,2.051501203325016,2.051501203325016,True
dmv.1821,219075.0,219075.0,True,2.410599109893872,2.410599109893872,True
dmv.1822,4454530.0,4454530.0,True,2.367627112175695,2.367627112175695,True
dmv.1823,1633338.0,1633338.0,True,2.406794552015566,2.406794552015566,True
dmv.1824,4829299.0,4829299.0,True,2.370994837967167,2.370994837967167,True
dmv.1825,4704696.0,4704696.0,True,2.375629583718055,2.375629583718055,True
dmv.1826,4651424.0,4651424.0,True,2.366358130327401,2.366358130327401,True
dmv.1827,30094.0,30094.0,True,2.1840566225825744,2.1840566225825744,True
dmv.1828,370395.0,370395.0,True,2.41112326030319,2.41112326030319,True
dmv.1829,2250410.0,2250410.0,True,2.305887815997974,2.305887815997974,True
dmv.183,141152.0,141152.0,True,2.454821752437089,2.454821752437089,True
dmv.1830,2197269.0,2197269.0,True,2.3807690364720933,2.3807690364720933,True
dmv.1831,4330289.0,4330289.0,True,2.3622559602834823,2.3622559602834823,True
dmv.1832,129285.0,129285.0,True,2.4527748772092663,2.4527748772092663,True
dmv.1833,156845.0,156845.0,True,2.414721540374255,2.414721540374255,True
dmv.1834,4011298.0,4011298.0,True,2.3890503772095717,2.3890503772095717,True
dmv.1835,8527.0,8527.0,True,1.1472968218599742,1.1472968218599742,True
dmv.1836,482383.0,482383.0,True,2.6123847648030716,2.6123847648030716,True
dmv.1837,143468.0,143468.0,True,1.929566175035548,1.929566175035548,True
dmv.1838,129898.0,129898.0,True,1.9242559546721274,1.9242559546721274,True
dmv.1839,170197.0,170197.0,True,2.1055541519533247,2.1055541519533247,True
dmv.184,78055.0,78055.0,True,1.6151944141951189,1.6151944141951189,True
dmv.1840,839182.0,839182.0,True,2.134925439296839,2.134925439296839,True
dmv.1841,722.0,722.0,True,7.041551246537396,7.041551246537396,True
dmv.1842,2755890.0,2755890.0,True,2.3362347553784804,2.3362347553784804,True
dmv.1843,4277173.0,4277173.0,True,2.3686991384262455,2.3686991384262455,True
dmv.1844,403411.0,403411.0,True,2.3647471189432117,2.3647471189432117,True
dmv.1845,59426.0,59426.0,True,2.139030054185037,2.139030054185037,True
dmv.1846,4577222.0,4577222.0,True,2.3951750647008163,2.3951750647008163,True
dmv.1847,2815475.0,2815475.0,True,2.3377426544366404,2.3377426544366404,True
dmv.1848,1449556.0,1449556.0,True,2.391734434544095,2.391734434544095,True
dmv.1849,4414964.0,4414964.0,True,2.342511739620074,2.342511739620074,True
dmv.185,9190.0,9190.0,True,4.07094668117519,4.07094668117519,True
dmv.1850,15874.0,15874.0,True,3.576603250598463,3.576603250598463,True
dmv.1851,8883.0,8883.0,True,3.9854778790949004,3.9854778790949004,True
dmv.1852,68819.0,68819.0,True,1.917987765006757,1.917987765006757,True
dmv.1853,4324010.0,4324010.0,True,2.3698897551115747,2.3698897551115747,True
dmv.1854,4424282.0,4424282.0,True,2.344982982549485,2.344982982549485,True
dmv.1855,796262.0,796262.0,True,2.3774863047589863,2.3774863047589863,True
dmv.1856,210952.0,210952.0,True,2.3825894042246576,2.3825894042246576,True
dmv.1857,4725090.0,4725090.0,True,2.3817512470661932,2.3817512470661932,True
dmv.1858,1724767.0,1724767.0,True,2.3522603342944293,2.3522603342944293,True
dmv.1859,512373.0,512373.0,True,2.2582044721326064,2.2582044721326064,True
dmv.186,196589.0,196589.0,True,2.088585831353738,2.088585831353738,True
dmv.1860,806112.0,806112.0,True,2.2777418026279226,2.2777418026279226,True
dmv.1861,301029.0,301029.0,True,2.057044337920931,2.057044337920931,True
dmv.1862,4617888.0,4617888.0,True,2.3775609109618943,2.3775609109618943,True
dmv.1863,399492.0,399492.0,True,1.680063680874711,1.680063680874711,True
dmv.1864,1343307.0,1343307.0,True,2.4418558080915234,2.4418558080915234,True
dmv.1865,104617.0,104617.0,True,2.894606039171454,2.894606039171454,True
dmv.1866,902599.0,902599.0,True,2.3250092233649715,2.3250092233649715,True
dmv.1867,3899362.0,3899362.0,True,2.3806268820386514,2.3806268820386514,True
dmv.1868,484878.0,484878.0,True,1.8472316747717983,1.8472316747717983,True
dmv.1869,2133490.0,2133490.0,True,2.4004973072290006,2.4004973072290006,True
dmv.187,310536.0,310536.0,True,2.477629002756524,2.477629002756524,True
dmv.1870,37665.0,37665.0,True,1.1579966795794134,1.1579966795794134,True
dmv.1871,4626384.0,4626384.0,True,2.3637955690664674,2.3637955690664674,True
dmv.1872,4779395.0,4779395.0,True,2.3816851296032238,2.3816851296032238,True
dmv.1873,4413749.0,4413749.0,True,2.383271228155475,2.383271228155475,True
dmv.1874,4773599.0,4773599.0,True,2.3795687488622317,2.3795687488622317,True
dmv.1875,537620.0,537620.0,True,2.223142740225438,2.223142740225438,True
dmv.1876,2276580.0,2276580.0,True,2.377326516089924,2.377326516089924,True
dmv.1877,404965.0,404965.0,True,2.127927104811527,2.127927104811527,True
dmv.1878,155010.0,155010.0,True,1.745119669698729,1.745119669698729,True
dmv.1879,2556535.0,2556535.0,True,2.401643239775712,2.401643239775712,True
dmv.188,364111.0,364111.0,True,1.4444249143805048,1.4444249143805048,True
dmv.1880,714759.0,714759.0,True,1.9937181623456297,1.9937181623456297,True
dmv.1881,107902.0,107902.0,True,1.6023521343441272,1.6023521343441272,True
dmv.1882,4417475.0,4417475.0,True,2.3830667972088126,2.3830667972088126,True
dmv.1883,46853.0,46853.0,True,2.242268371288925,2.242268371288925,True
dmv.1884,20817.0,20817.0,True,2.346351539607052,2.346351539607052,True
dmv.1885,4171.0,4171.0,True,3.260369216015344,3.260369216015344,True
dmv.1886,963452.0,963452.0,True,2.394206457612834,2.394206457612834,True
dmv.1887,4394566.0,4394566.0,True,2.3840627265582084,2.3840627265582084,True
dmv.1888,3408857.0,3408857.0,True,2.447377816083221,2.447377816083221,True
dmv.1889,193875.0,193875.0,True,2.335391360412637,2.335391360412637,True
dmv.189,1580430.0,1580430.0,True,2.3794827989850864,2.3794827989850864,True
dmv.1890,741768.0,741768.0,True,2.2482582155067354,2.2482582155067354,True
dmv.1891,4229857.0,4229857.0,True,2.381716686876176,2.381716686876176,True
dmv.1892,412973.0,412973.0,True,2.435372288260976,2.435372288260976,True
dmv.1893,50688.0,50688.0,True,2.2366437815656566,2.2366437815656566,True
dmv.1894,1032602.0,1032602.0,True,2.4552373518548287,2.4552373518548287,True
dmv.1895,357386.0,357386.0,True,2.2311254497937805,2.2311254497937805,True
dmv.1896,214473.0,214473.0,True,2.5815557203004573,2.5815557203004573,True
dmv.1897,4671305.0,4671305.0,True,2.3662199321174704,2.3662199321174704,True
dmv.1898,1037154.0,1037154.0,True,2.34024551802336,2.34024551802336,True
dmv.1899,53980.0,53980.0,True,10.532382363838458,10.532382363838458,True
dmv.19,3025.0,3025.0,True,2.63900826446281,2.63900826446281,True
dmv.190,2156275.0,2156275.0,True,2.250938307961647,2.250938307961647,True
dmv.1900,1824785.0,1824785.0,True,2.4555605180884323,2.4555605180884323,True
dmv.1901,4418684.0,4418684.0,True,2.375882955196615,2.375882955196615,True
dmv.1902,692538.0,692538.0,True,2.456961206460873,2.456961206460873,True
dmv.1903,481145.0,481145.0,True,2.454540730964678,2.454540730964678,True
dmv.1904,2371645.0,2371645.0,True,2.3176660081926257,2.3176660081926257,True
dmv.1905,191260.0,191260.0,True,2.461157586531423,2.461157586531423,True
dmv.1906,4375908.0,4375908.0,True,2.373479972613684,2.373479972613684,True
dmv.1907,98202.0,98202.0,True,2.119916091321969,2.119916091321969,True
dmv.1908,1962089.0,1962089.0,True,2.2215786337928605,2.2215786337928605,True
dmv.1909,4664600.0,4664600.0,True,2.3505464562877845,2.3505464562877845,True
dmv.191,298372.0,298372.0,True,1.5191371844543053,1.5191371844543053,True
dmv.1910,84409.0,84409.0,True,1.3501759291070858,1.3501759291070858,True
dmv.1911,1468676.0,1468676.0,True,2.3924541559881143,2.3924541559881143,True
dmv.1912,59885.0,59885.0,True,1.6605660849962427,1.6605660849962427,True
dmv.1913,820603.0,820603.0,True,2.439317185045631,2.439317185045631,True
dmv.1914,36821.0,36821.0,True,8.824828223024904,8.824828223024904,True
dmv.1915,1173.0,1173.0,True,1.340153452685422,1.340153452685422,True
dmv.1916,195060.0,195060.0,True,1.7251871219112067,1.7251871219112067,True
dmv.1917,85115.0,85115.0,True,3.434400516947659,3.434400516947659,True
dmv.1918,684044.0,684044.0,True,1.7740978650496166,1.7740978650496166,True
dmv.1919,706135.0,706135.0,True,2.3140603425690554,2.3140603425690554,True
dmv.192,600690.0,600690.0,True,1.471054953470176,1.471054953470176,True
dmv.1920,2047941.0,2047941.0,True,2.3541664530374655,2.3541664530374655,True
dmv.1921,306216.0,306216.0,True,1.9224566972333255,1.9224566972333255,True
dmv.1922,3542453.0,3542453.0,True,2.3674208239318912,2.3674208239318912,True
dmv.1923,547794.0,547794.0,True,2.664799176332709,2.664799176332709,True
dmv.1924,4188517.0,4188517.0,True,2.4021807718579153,2.4021807718579153,True
dmv.1925,2437811.0,2437811.0,True,2.372475552862794,2.372475552862794,True
dmv.1926,410035.0,410035.0,True,1.9689685026887949,1.9689685026887949,True
dmv.1927,4563495.0,4563495.0,True,2.3796519991804526,2.3796519991804526,True
dmv.1928,890996.0,890996.0,True,2.3900870486511723,2.3900870486511723,True
dmv.1929,75548.0,75548.0,True,1.5080081537565522,1.5080081537565522,True
dmv.193,33124.0,33124.0,True,1.8472104818258663,1.8472104818258663,True
dmv.1930,15808.0,15808.0,True,4.013031376518219,4.013031376518219,True
dmv.1931,1339605.0,1339605.0,True,2.3698127433086618,2.3698127433086618,True
dmv.1932,4740565.0,4740565.0,True,2.367492904326805,2.367492904326805,True
dmv.1933,4582078.0,4582078.0,True,2.3789372420111574,2.3789372420111574,True
dmv.1934,4073650.0,4073650.0,True,2.385695383746763,2.385695383746763,True
dmv.1935,2140.0,2140.0,True,3.2771822358346094,3.2771822358346094,True
dmv.1936,195218.0,195218.0,True,2.4180249772049707,2.4180249772049707,True
dmv.1937,32022.0,32022.0,True,1.6085503716195115,1.6085503716195115,True
dmv.1938,3864722.0,3864722.0,True,2.379856817644322,2.379856817644322,True
dmv.1939,150973.0,150973.0,True,1.4583468567227253,1.4583468567227253,True
dmv.194,315220.0,315220.0,True,2.1123564494638667,2.1123564494638667,True
dmv.1940,322354.0,322354.0,True,2.037626336263859,2.037626336263859,True
dmv.1941,260039.0,260039.0,True,1.6787635700798726,1.6787635700798726,True
dmv.1942,164947.0,164947.0,True,1.986098564993604,1.986098564993604,True
dmv.1943,124749.0,124749.0,True,1.0413149604405647,1.0413149604405647,True
dmv.1944,4280083.0,4280083.0,True,2.3867894617931475,2.3867894617931475,True
dmv.1945,3448927.0,3448927.0,True,2.3704523174888887,2.3704523174888887,True
dmv.1946,839253.0,839253.0,True,2.393515423835244,2.393515423835244,True
dmv.1947,424030.0,424030.0,True,2.208105558568969,2.208105558568969,True
dmv.1948,2042624.0,2042624.0,True,2.239440543144504,2.239440543144504,True
dmv.1949,4777085.0,4777085.0,True,2.3514838023606446,2.3514838023606446,True
dmv.195,535158.0,535158.0,True,2.3338004850903844,2.3338004850903844,True
dmv.1950,4571763.0,4571763.0,True,2.350666034087944,2.350666034087944,True
dmv.1951,426249.0,426249.0,True,1.979476784696269,1.979476784696269,True
dmv.1952,4465301.0,4465301.0,True,2.374504652653875,2.374504652653875,True
dmv.1953,2006.0,2006.0,True,3.055333998005982,3.055333998005982,True
dmv.1954,263003.0,263003.0,True,1.8044014707056573,1.8044014707056573,True
dmv.1955,17680.0,17680.0,True,2.1085972850678734,2.1085972850678734,True
dmv.1956,1057596.0,1057596.0,True,2.4315778425788297,2.4315778425788297,True
dmv.1957,4803215.0,4803215.0,True,2.381563598548056,2.381563598548056,True
dmv.1958,83993.0,83993.0,True,1.2612717726477207,1.2612717726477207,True
dmv.1959,322809.0,322809.0,True,1.8673921730806762,1.8673921730806762,True
dmv.196,5772.0,5772.0,True,2.2203742203742203,2.2203742203742203,True
dmv.1960,687.0,687.0,True,2.148471615720524,2.148471615720524,True
dmv.1961,4581184.0,4581184.0,True,2.42071525614339,2.42071525614339,True
dmv.1962,850006.0,850006.0,True,1.7932955767371055,1.7932955767371055,True
dmv.1963,4278420.0,4278420.0,True,2.4307082988579896,2.4307082988579896,True
dmv.1964,3210437.0,3210437.0,True,2.35219410940006,2.35219410940006,True
dmv.1965,4302211.0,4302211.0,True,2.3429143758871893,2.3429143758871893,True
dmv.197,4260025.0,4260025.0,True,2.3811268713211775,2.3811268713211775,True
dmv.198,464863.0,464863.0,True,2.3679428132589604,2.3679428132589604,True
dmv.199,3087264.0,3087264.0,True,2.3966499139691324,2.3966499139691324,True
dmv.2,564835.0,564835.0,True,2.524165464250622,2.524165464250622,True
dmv.20,190815.0,190815.0,True,2.4148049157560987,2.4148049157560987,True
dmv.200,144577.0,144577.0,True,1.9496323758274137,1.9496323758274137,True
dmv.201,4646475.0,4646475.0,True,2.3823479088986814,2.3823479088986814,True
dmv.202,187192.0,187192.0,True,2.208550579084576,2.208550579084576,True
dmv.203,524275.0,524275.0,True,1.1094921558342472,1.1094921558342472,True
dmv.204,278177.0,278177.0,True,2.6006822993993035,2.6006822993993035,True
dmv.205,806447.0,806447.0,True,2.1022299047550552,2.1022299047550552,True
dmv.206,4749881.0,4749881.0,True,2.3800632057939977,2.3800632057939977,True
dmv.207,650815.0,650815.0,True,1.7973464041240599,1.7973464041240599,True
dmv.208,4626788.0,4626788.0,True,2.2865705106868957,2.2865705106868957,True
dmv.209,71714.0,71714.0,True,2.387107119948685,2.387107119948685,True
dmv.21,136127.0,136127.0,True,1.5807297597096828,1.5807297597096828,True
dmv.210,4102754.0,4102754.0,True,2.4047600709182175,2.4047600709182175,True
dmv.211,726800.0,726800.0,True,2.462248211337369,2.462248211337369,True
dmv.212,255859.0,255859.0,True,1.8594421146021833,1.8594421146021833,True
dmv.213,201863.0,201863.0,True,2.2035093107701758,2.2035093107701758,True
dmv.214,3790260.0,3790260.0,True,2.54939713898255,2.54939713898255,True
dmv.215,279905.0,279905.0,True,2.294953644986692,2.294953644986692,True
dmv.216,4773599.0,4773599.0,True,2.3795687488622317,2.3795687488622317,True
dmv.217,309670.0,309670.0,True,2.303778215519747,2.303778215519747,True
dmv.218,1231489.0,1231489.0,True,2.42955641503903,2.42955641503903,True
dmv.219,4777483.0,4777483.0,True,2.382347148069391,2.382347148069391,True
dmv.22,2233300.0,2233300.0,True,2.404062150181346,2.404062150181346,True
dmv.220,4097027.0,4097027.0,True,2.339752703606786,2.339752703606786,True
dmv.221,4535118.0,4535118.0,True,2.287516884896931,2.287516884896931,True
dmv.222,273686.0,273686.0,True,2.6000635765073845,2.6000635765073845,True
dmv.223,62660.0,62660.0,True,1.7955952760932015,1.7955952760932015,True
dmv.224,364681.0,364681.0,True,2.0270291021468076,2.0270291021468076,True
dmv.225,241117.0,241117.0,True,2.9702924306457033,2.9702924306457033,True
dmv.226,4316815.0,4316815.0,True,2.397758532621852,2.397758532621852,True
dmv.227,377012.0,377012.0,True,2.1906703234910294,2.1906703234910294,True
dmv.228,2146889.0,2146889.0,True,2.372071867711838,2.372071867711838,True
dmv.229,4474520.0,4474520.0,True,2.3703539150568105,2.3703539150568105,True
dmv.23,1255868.0,1255868.0,True,2.513448069383088,2.513448069383088,True
dmv.230,1673360.0,1673360.0,True,2.3394535545250275,2.3394535545250275,True
dmv.231,4809786.0,4809786.0,True,2.380617141802151,2.380617141802151,True
dmv.232,2537940.0,2537940.0,True,2.305699110302056,2.305699110302056,True
dmv.233,4700833.0,4700833.0,True,2.3801581549482824,2.3801581549482824,True
dmv.234,116328.0,116328.0,True,2.159780964170277,2.159780964170277,True
dmv.235,1852662.0,1852662.0,True,2.3367338456771933,2.3367338456771933,True
dmv.236,11278.0,11278.0,True,1.996807944671041,1.996807944671041,True
dmv.237,3913.0,3913.0,True,1.866342959366215,1.866342959366215,True
dmv.238,3412277.0,3412277.0,True,2.3794744682216598,2.3794744682216598,True
dmv.239,3316835.0,3316835.0,True,2.517763771788467,2.517763771788467,True
dmv.24,4813309.0,4813309.0,True,2.3800826001405686,2.3800826001405686,True
dmv.240,3984188.0,3984188.0,True,2.4140969251450985,2.4140969251450985,True
dmv.241,66742.0,66742.0,True,2.5906925174552757,2.5906925174552757,True
dmv.242,4447064.0,4447064.0,True,2.377375949615297,2.377375949615297,True
dmv.243,39114.0,39114.0,True,7.55650150841131,7.55650150841131,True
dmv.244,318821.0,318821.0,True,1.8895242157825238,1.8895242157825238,True
dmv.245,496048.0,496048.0,True,2.4845176273263876,2.4845176273263876,True
dmv.246,748.0,748.0,True,6.92379679144385,6.92379679144385,True
dmv.247,249620.0,249620.0,True,2.0652551878855863,2.0652551878855863,True
dmv.248,4626456.0,4626456.0,True,2.362885543491606,2.362885543491606,True
dmv.249,138617.0,138617.0,True,1.4688241701955749,1.4688241701955749,True
dmv.25,120610.0,120610.0,True,2.2665865185308016,2.2665865185308016,True
dmv.250,202560.0,202560.0,True,2.200705963665087,2.200705963665087,True
dmv.251,2651490.0,2651490.0,True,2.327701405624762,2.327701405624762,True
dmv.252,4767745.0,4767745.0,True,2.38258400984113,2.38258400984113,True
dmv.253,4777145.0,4777145.0,True,2.3749032110182964,2.3749032110182964,True
dmv.254,21950.0,21950.0,True,6.3062414578587696,6.3062414578587696,True
dmv.255,385.0,385.0,True,9.166666666666666,9.166666666666666,True
dmv.256,10236.0,10236.0,True,2.7563501367721766,2.7563501367721766,True
dmv.257,2506812.0,2506812.0,True,2.3966484124058764,2.3966484124058764,True
dmv.258,202222.0,202222.0,True,2.207039787955811,2.207039787955811,True
dmv.259,4333022.0,4333022.0,True,2.2848430033357783,2.2848430033357783,True
dmv.26,4229857.0,4229857.0,True,2.381716686876176,2.381716686876176,True
dmv.260,1070365.0,1070365.0,True,2.3536429162014825,2.3536429162014825,True
dmv.261,1389221.0,1389221.0,True,2.4702599514404118,2.4702599514404118,True
dmv.262,1450442.0,1450442.0,True,2.2289970919209456,2.2289970919209456,True
dmv.263,1572818.0,1572818.0,True,2.4030078496049767,2.4030078496049767,True
dmv.264,8691.0,8691.0,True,3.9531699459210676,3.9531699459210676,True
dmv.265,7513.0,7513.0,True,2.637991573033708,2.637991573033708,True
dmv.266,4613494.0,4613494.0,True,2.3796408968994,2.3796408968994,True
dmv.267,1366187.0,1366187.0,True,2.2997378836132976,2.2997378836132976,True
dmv.268,383559.0,383559.0,True,1.2348295829324825,1.2348295829324825,True
dmv.269,2772744.0,2772744.0,True,2.3563329322865725,2.3563329322865725,True
dmv.27,4210550.0,4210550.0,True,2.319338091223237,2.319338091223237,True
dmv.270,162403.0,162403.0,True,1.6599447054549485,1.6599447054549485,True
dmv.271,932291.0,932291.0,True,2.212990364596462,2.212990364596462,True
dmv.272,4559840.0,4559840.0,True,2.3915472911330222,2.3915472911330222,True
dmv.273,1108443.0,1108443.0,True,2.395383434240642,2.395383434240642,True
dmv.274,4610513.0,4610513.0,True,2.3775243665943466,2.3775243665943466,True
dmv.275,505851.0,505851.0,True,2.416938980055392,2.416938980055392,True
dmv.276,3620106.0,3620106.0,True,2.3099290462765456,2.3099290462765456,True
dmv.277,2202566.0,2202566.0,True,2.3683658060643813,2.3683658060643813,True
dmv.278,1258771.0,1258771.0,True,2.2963072711398658,2.2963072711398658,True
dmv.279,2828470.0,2828470.0,True,2.2339010136222055,2.2339010136222055,True
dmv.28,4978.0,4978.0,True,2.976496584973885,2.976496584973885,True
dmv.280,4712968.0,4712968.0,True,2.4266165185080824,2.4266165185080824,True
dmv.281,3613117.0,3613117.0,True,2.333874048363228,2.333874048363228,True
dmv.282,2782182.0,2782182.0,True,2.3472041009538556,2.3472041009538556,True
dmv.283,4414585.0,4414585.0,True,2.3797609514824156,2.3797609514824156,True
dmv.284,2551782.0,2551782.0,True,2.396068316180614,2.396068316180614,True
dmv.285,15921.0,15921.0,True,3.8616292946422965,3.8616292946422965,True
dmv.286,458672.0,458672.0,True,2.187595929117103,2.187595929117103,True
dmv.287,4634248.0,4634248.0,True,2.377067217809664,2.377067217809664,True
dmv.288,196586.0,196586.0,True,2.5899758884152484,2.5899758884152484,True
dmv.289,4834067.0,4834067.0,True,2.377110619277722,2.377110619277722,True
dmv.29,167720.0,167720.0,True,2.1958263772954925,2.1958263772954925,True
dmv.290,2916661.0,2916661.0,True,2.4166096094129554,2.4166096094129554,True
dmv.291,2514678.0,2514678.0,True,2.423734569594994,2.423734569594994,True
dmv.292,4451265.0,4451265.0,True,2.3810489827049164,2.3810489827049164,True
dmv.293,4418276.0,4418276.0,True,2.383161214917312,2.383161214917312,True
dmv.294,96226.0,96226.0,True,3.6043896659946375,3.6043896659946375,True
dmv.295,231004.0,231004.0,True,2.352318574570137,2.352318574570137,True
dmv.296,417846.0,417846.0,True,2.4295290609458986,2.4295290609458986,True
dmv.297,597941.0,597941.0,True,2.4447545828100097,2.4447545828100097,True
dmv.298,271853.0,271853.0,True,2.4196201623671616,2.4196201623671616,True
dmv.299,677118.0,677118.0,True,2.229541970528032,2.229541970528032,True
dmv.3,40206.0,40206.0,True,2.2675222603591503,2.2675222603591503,True
dmv.30,168234.0,168234.0,True,1.2102725965024905,1.2102725965024905,True
dmv.300,4640356.0,4640356.0,True,2.3801919507899827,2.3801919507899827,True
dmv.301,1019728.0,1019728.0,True,2.416212950904555,2.416212950904555,True
dmv.302,7608.0,7608.0,True,2.489221871713985,2.489221871713985,True
dmv.303,154640.0,154640.0,True,1.9801474392136575,1.9801474392136575,True
dmv.304,4464439.0,4464439.0,True,2.3831753552910007,2.3831753552910007,True
dmv.305,2338358.0,2338358.0,True,2.369666663530563,2.369666663530563,True
dmv.306,4347663.0,4347663.0,True,2.366816149273759,2.366816149273759,True
dmv.307,53350.0,53350.0,True,1.1646485473289596,1.1646485473289596,True
dmv.308,1237690.0,1237690.0,True,2.3282994934111128,2.3282994934111128,True
dmv.309,4298177.0,4298177.0,True,2.4186840141762427,2.4186840141762427,True
dmv.31,1066005.0,1066005.0,True,2.3942561245022302,2.3942561245022302,True
dmv.310,478690.0,478690.0,True,2.426259165639558,2.426259165639558,True
dmv.311,4059702.0,4059702.0,True,2.3872296538021756,2.3872296538021756,True
dmv.312,597555.0,597555.0,True,1.9308231041494088,1.9308231041494088,True
dmv.313,4403090.0,4403090.0,True,2.384403907256041,2.384403907256041,True
dmv.314,485242.0,485242.0,True,2.229784313806307,2.229784313806307,True
dmv.315,2696310.0,2696310.0,True,2.583003067154741,2.583003067154741,True
dmv.316,3228882.0,3228882.0,True,2.2331231057684984,2.2331231057684984,True
dmv.317,640956.0,640956.0,True,2.370746197866936,2.370746197866936,True
dmv.318,336526.0,336526.0,True,2.266074538074324,2.266074538074324,True
dmv.319,12.0,12.0,True,27.833333333333332,27.833333333333332,True
dmv.32,738414.0,738414.0,True,2.2786485630012434,2.2786485630012434,True
dmv.320,590639.0,590639.0,True,2.3502427032417432,2.3502427032417432,True
dmv.321,169466.0,169466.0,True,2.0966978626981225,2.0966978626981225,True
dmv.322,76025.0,76025.0,True,1.1402564945741533,1.1402564945741533,True
dmv.323,4447788.0,4447788.0,True,2.380507569155724,2.380507569155724,True
dmv.324,4500688.0,4500688.0,True,2.402796194715119,2.402796194715119,True
dmv.325,963552.0,963552.0,True,2.386204377137923,2.386204377137923,True
dmv.326,4663010.0,4663010.0,True,2.333442347325011,2.333442347325011,True
dmv.327,5642.0,5642.0,True,4.055122297057781,4.055122297057781,True
dmv.328,4817980.0,4817980.0,True,2.367368897338719,2.367368897338719,True
dmv.329,93567.0,93567.0,True,2.4210672566182523,2.4210672566182523,True
dmv.33,1588060.0,1588060.0,True,2.4091533065501305,2.4091533065501305,True
dmv.330,4629777.0,4629777.0,True,2.3790687974820384,2.3790687974820384,True
dmv.331,4776815.0,4776815.0,True,2.3673684243580713,2.3673684243580713,True
dmv.332,121465.0,121465.0,True,1.8434034495533693,1.8434034495533693,True
dmv.333,4773775.0,4773775.0,True,2.354426423532739,2.354426423532739,True
dmv.334,373728.0,373728.0,True,2.2111776479150613,2.2111776479150613,True
dmv.335,918185.0,918185.0,True,2.3397561493598786,2.3397561493598786,True
dmv.336,4359871.0,4359871.0,True,2.3765684810399206,2.3765684810399206,True
dmv.337,4361.0,4361.0,True,3.2399702823179792,3.2399702823179792,True
dmv.338,191595.0,191595.0,True,2.05070591612516,2.05070591612516,True
dmv.339,16546.0,16546.0,True,2.532998912123776,2.532998912123776,True
dmv.34,1854945.0,1854945.0,True,2.424768389359253,2.424768389359253,True
dmv.340,4433107.0,4433107.0,True,2.3614419863991554,2.3614419863991554,True
dmv.341,178649.0,178649.0,True,1.9866274090535072,1.9866274090535072,True
dmv.342,343002.0,343002.0,True,2.0029999825073905,2.0029999825073905,True
dmv.343,1201713.0,1201713.0,True,2.34828199412006,2.34828199412006,True
dmv.344,4422960.0,4422960.0,True,2.3808854251451517,2.3808854251451517,True
dmv.345,309739.0,309739.0,True,2.2805168222277468,2.2805168222277468,True
dmv.346,4795580.0,4795580.0,True,2.3816689534946764,2.3816689534946764,True
dmv.347,913661.0,913661.0,True,2.176242610771391,2.176242610771391,True
dmv.348,454504.0,454504.0,True,1.8311235984721808,1.8311235984721808,True
dmv.349,4850630.0,4850630.0,True,2.375791804363557,2.375791804363557,True
dmv.35,4812677.0,4812677.0,True,2.380559925380407,2.380559925380407,True
dmv.350,809737.0,809737.0,True,2.4537942566537034,2.4537942566537034,True
dmv.351,914918.0,914918.0,True,2.375225976535602,2.375225976535602,True
dmv.352,394683.0,394683.0,True,2.2620381420025693,2.2620381420025693,True
dmv.353,348572.0,348572.0,True,2.3853551059752363,2.3853551059752363,True
dmv.354,4829540.0,4829540.0,True,2.388860843889894,2.388860843889894,True
dmv.355,4552814.0,4552814.0,True,2.367444617768264,2.367444617768264,True
dmv.356,4524848.0,4524848.0,True,2.4071800864913033,2.4071800864913033,True
dmv.357,389539.0,389539.0,True,2.353304803883565,2.353304803883565,True
dmv.358,4783197.0,4783197.0,True,2.3807185863346207,2.3807185863346207,True
dmv.359,3862162.0,3862162.0,True,2.393573599450256,2.393573599450256,True
dmv.36,38130.0,38130.0,True,1.4915027537372147,1.4915027537372147,True
dmv.360,2777709.0,2777709.0,True,2.34976414016011,2.34976414016011,True
dmv.361,672064.0,672064.0,True,2.2009659794305305,2.2009659794305305,True
dmv.362,1807263.0,1807263.0,True,2.4207273650818943,2.4207273650818943,True
dmv.363,786066.0,786066.0,True,1.566673790750395,1.566673790750395,True
dmv.364,372482.0,372482.0,True,2.220316686443909,2.220316686443909,True
dmv.365,4724362.0,4724362.0,True,2.383809708062168,2.383809708062168,True
dmv.366,4460045.0,4460045.0,True,2.379892131133206,2.379892131133206,True
dmv.367,472121.0,472121.0,True,2.3488978461030117,2.3488978461030117,True
dmv.368,3438842.0,3438842.0,True,2.3951545316708356,2.3951545316708356,True
dmv.369,10908.0,10908.0,True,1.5892922625595893,1.5892922625595893,True
dmv.37,4845460.0,4845460.0,True,2.380072480218596,2.380072480218596,True
dmv.370,3214159.0,3214159.0,True,2.404855826983046,2.404855826983046,True
dmv.371,4626990.0,4626990.0,True,2.3731845108807237,2.3731845108807237,True
dmv.372,285022.0,285022.0,True,2.2477036860312536,2.2477036860312536,True
dmv.373,1779.0,1779.0,True,1.3148558758314857,1.3148558758314857,True
dmv.374,253378.0,253378.0,True,2.605123570317865,2.605123570317865,True
dmv.375,3702303.0,3702303.0,True,2.305129807041725,2.305129807041725,True
dmv.376,64653.0,64653.0,True,2.0484586948788146,2.0484586948788146,True
dmv.377,190.0,190.0,True,12.573684210526316,12.573684210526316,True
dmv.378,955749.0,955749.0,True,2.3682483580940183,2.3682483580940183,True
dmv.379,350227.0,350227.0,True,2.1552678691248817,2.1552678691248817,True
dmv.38,181358.0,181358.0,True,1.7257413513602928,1.7257413513602928,True
dmv.380,646930.0,646930.0,True,2.3640347487363393,2.3640347487363393,True
dmv.381,4337374.0,4337374.0,True,2.3760565724791083,2.3760565724791083,True
dmv.382,4742031.0,4742031.0,True,2.343555535592239,2.343555535592239,True
dmv.383,31753.0,31753.0,True,4.747929329512172,4.747929329512172,True
dmv.384,954702.0,954702.0,True,2.105018110363234,2.105018110363234,True
dmv.385,4384872.0,4384872.0,True,2.38316603084423,2.38316603084423,True
dmv.386,986941.0,986941.0,True,2.3089921282021924,2.3089921282021924,True
dmv.387,1031061.0,1031061.0,True,2.4920300544778633,2.4920300544778633,True
dmv.388,4248685.0,4248685.0,True,2.3727120273684683,2.3727120273684683,True
dmv.389,1760788.0,1760788.0,True,2.332352333159926,2.332352333159926,True
dmv.39,2052840.0,2052840.0,True,2.3469817423666726,2.3469817423666726,True
dmv.390,185141.0,185141.0,True,3.126622412107529,3.126622412107529,True
dmv.391,460153.0,460153.0,True,1.3651024767848954,1.3651024767848954,True
dmv.392,4625121.0,4625121.0,True,2.3837910402776488,2.3837910402776488,True
dmv.393,990060.0,990060.0,True,2.5098428378078097,2.5098428378078097,True
dmv.394,4430128.0,4430128.0,True,2.3638488549315055,2.3638488549315055,True
dmv.395,116893.0,116893.0,True,2.5915580915880336,2.5915580915880336,True
dmv.396,3531823.0,3531823.0,True,2.4315425773035626,2.4315425773035626,True
dmv.397,4205129.0,4205129.0,True,2.3839753786388003,2.3839753786388003,True
dmv.398,158610.0,158610.0,True,2.2594981400920497,2.2594981400920497,True
dmv.399,155054.0,155054.0,True,3.2727565880273968,3.2727565880273968,True
dmv.4,285339.0,285339.0,True,1.4719263752939487,1.4719263752939487,True
dmv.40,849660.0,849660.0,True,2.231558505755243,2.231558505755243,True
dmv.400,4475565.0,4475565.0,True,2.35245404770124,2.35245404770124,True
dmv.401,4268411.0,4268411.0,True,2.4150026789828813,2.4150026789828813,True
dmv.402,221872.0,221872.0,True,1.961513845821014,1.961513845821014,True
dmv.403,165194.0,165194.0,True,2.0367809968885067,2.0367809968885067,True
dmv.404,57981.0,57981.0,True,1.4950492496519003,1.4950492496519003,True
dmv.405,2316715.0,2316715.0,True,2.3810710424027124,2.3810710424027124,True
dmv.406,185654.0,185654.0,True,2.7971603089618324,2.7971603089618324,True
dmv.407,198125.0,198125.0,True,2.163169716088328,2.163169716088328,True
dmv.408,4679225.0,4679225.0,True,2.3259580379229465,2.3259580379229465,True
dmv.409,1099023.0,1099023.0,True,2.3405133468544332,2.3405133468544332,True
dmv.41,4850721.0,4850721.0,True,2.379406896418079,2.379406896418079,True
dmv.410,3987617.0,3987617.0,True,2.3613689579515786,2.3613689579515786,True
dmv.411,4809196.0,4809196.0,True,2.3812714224997276,2.3812714224997276,True
dmv.412,4868902.0,4868902.0,True,2.3803167531406464,2.3803167531406464,True
dmv.413,110404.0,110404.0,True,2.1802199195681315,2.1802199195681315,True
dmv.414,717639.0,717639.0,True,2.0363274571198056,2.0363274571198056,True
dmv.415,182273.0,182273.0,True,2.3035227378712153,2.3035227378712153,True
dmv.416,4722495.0,4722495.0,True,2.385540905813558,2.385540905813558,True
dmv.417,4605211.0,4605211.0,True,2.3779325203557446,2.3779325203557446,True
dmv.418,4418276.0,4418276.0,True,2.383161214917312,2.383161214917312,True
dmv.419,84178.0,84178.0,True,1.7630972463113879,1.7630972463113879,True
dmv.42,50445.0,50445.0,True,1.3828922588958272,1.3828922588958272,True
dmv.420,4014768.0,4014768.0,True,2.307501454629508,2.307501454629508,True
dmv.421,372404.0,372404.0,True,2.231197838906134,2.231197838906134,True
dmv.422,4727285.0,4727285.0,True,2.379254688473405,2.379254688473405,True
dmv.423,43547.0,43547.0,True,3.7380761016832387,3.7380761016832387,True
dmv.424,176761.0,176761.0,True,2.137547309644096,2.137547309644096,True
dmv.425,2526080.0,2526080.0,True,2.3789535564986064,2.3789535564986064,True
dmv.426,258718.0,258718.0,True,1.8500722794703113,1.8500722794703113,True
dmv.427,519448.0,519448.0,True,2.3525896721134743,2.3525896721134743,True
dmv.428,76039.0,76039.0,True,2.4001236207735506,2.4001236207735506,True
dmv.429,4375933.0,4375933.0,True,2.3828721783445954,2.3828721783445954,True
dmv.43,4626140.0,4626140.0,True,2.3756278452446318,2.3756278452446318,True
dmv.430,109538.0,109538.0,True,1.9769486388285344,1.9769486388285344,True
dmv.431,4263137.0,4263137.0,True,2.3748425162034437,2.3748425162034437,True
dmv.432,1281935.0,1281935.0,True,2.379890556073436,2.379890556073436,True
dmv.433,4415919.0,4415919.0,True,2.397988504771034,2.397988504771034,True
dmv.434,4420552.0,4420552.0,True,2.378436901092895,2.378436901092895,True
dmv.435,888014.0,888014.0,True,2.5776046323594,2.5776046323594,True
dmv.436,154538.0,154538.0,True,2.3191577476090024,2.3191577476090024,True
dmv.437,4591962.0,4591962.0,True,2.375553194908843,2.375553194908843,True
dmv.438,2672397.0,2672397.0,True,2.506190884064007,2.506190884064007,True
dmv.439,4340621.0,4340621.0,True,2.409377367892751,2.409377367892751,True
dmv.44,148298.0,148298.0,True,2.3959392574410985,2.3959392574410985,True
dmv.440,2008012.0,2008012.0,True,2.3759340083625,2.3759340083625,True
dmv.441,4624129.0,4624129.0,True,2.380323516061079,2.380323516061079,True
dmv.442,1110656.0,1110656.0,True,2.4129577474933734,2.4129577474933734,True
dmv.443,4754320.0,4754320.0,True,2.3527659055343353,2.3527659055343353,True
dmv.444,123431.0,123431.0,True,2.427420988244444,2.427420988244444,True
dmv.445,130162.0,130162.0,True,1.818172738587299,1.818172738587299,True
dmv.446,32722.0,32722.0,True,2.466383472892855,2.466383472892855,True
dmv.447,714377.0,714377.0,True,2.3380134018872387,2.3380134018872387,True
dmv.448,416144.0,416144.0,True,1.8371092698681226,1.8371092698681226,True
dmv.449,83922.0,83922.0,True,1.7185243440337457,1.7185243440337457,True
dmv.45,4513042.0,4513042.0,True,2.3680058816204235,2.3680058816204235,True
dmv.450,46192.0,46192.0,True,3.2301913751298925,3.2301913751298925,True
dmv.451,1868966.0,1868966.0,True,2.3473369767026258,2.3473369767026258,True
dmv.452,297374.0,297374.0,True,2.435522271617559,2.435522271617559,True
dmv.453,3996275.0,3996275.0,True,2.3177431483068607,2.3177431483068607,True
dmv.454,188669.0,188669.0,True,1.7111343145932825,1.7111343145932825,True
dmv.455,2580270.0,2580270.0,True,2.45373236134203,2.45373236134203,True
dmv.456,556852.0,556852.0,True,2.249285267898831,2.249285267898831,True
dmv.457,4689192.0,4689192.0,True,2.350976884717026,2.350976884717026,True
dmv.458,541754.0,541754.0,True,2.369617944675997,2.369617944675997,True
dmv.459,1014768.0,1014768.0,True,2.5628429355281206,2.5628429355281206,True
dmv.46,966498.0,966498.0,True,2.3450840043124765,2.3450840043124765,True
dmv.460,1622787.0,1622787.0,True,2.398692496304198,2.398692496304198,True
dmv.461,4813631.0,4813631.0,True,2.3792301487172574,2.3792301487172574,True
dmv.462,1466448.0,1466448.0,True,2.3582336366512826,2.3582336366512826,True
dmv.463,4481585.0,4481585.0,True,2.376122510227966,2.376122510227966,True
dmv.464,1305742.0,1305742.0,True,2.386247053399523,2.386247053399523,True
dmv.465,656431.0,656431.0,True,2.231917749161755,2.231917749161755,True
dmv.466,4803215.0,4803215.0,True,2.381563598548056,2.381563598548056,True
dmv.467,4355979.0,4355979.0,True,2.366841759338142,2.366841759338142,True
dmv.468,4164335.0,4164335.0,True,2.3787152090309736,2.3787152090309736,True
dmv.469,15416.0,15416.0,True,3.5697976128697455,3.5697976128697455,True
dmv.47,1056342.0,1056342.0,True,2.323466263766848,2.323466263766848,True
dmv.470,38348.0,38348.0,True,1.8271357045999792,1.8271357045999792,True
dmv.471,364155.0,364155.0,True,2.176523733025772,2.176523733025772,True
dmv.472,3933032.0,3933032.0,True,2.3572597426107897,2.3572597426107897,True
dmv.473,282985.0,282985.0,True,1.7334770394190504,1.7334770394190504,True
dmv.474,2457140.0,2457140.0,True,2.392962956933671,2.392962956933671,True
dmv.475,4821998.0,4821998.0,True,2.3826206481213803,2.3826206481213803,True
dmv.476,276200.0,276200.0,True,2.288779869659667,2.288779869659667,True
dmv.477,2318560.0,2318560.0,True,2.445538610171831,2.445538610171831,True
dmv.478,1537603.0,1537603.0,True,2.421275842984177,2.421275842984177,True
dmv.479,158789.0,158789.0,True,2.130563200221678,2.130563200221678,True
dmv.48,2745508.0,2745508.0,True,2.327241078882305,2.327241078882305,True
dmv.480,535461.0,535461.0,True,2.2911341815743818,2.2911341815743818,True
dmv.481,17608.0,17608.0,True,2.3078714220808725,2.3078714220808725,True
dmv.482,4655106.0,4655106.0,True,2.377470888955053,2.377470888955053,True
dmv.483,4361785.0,4361785.0,True,2.3706257873783323,2.3706257873783323,True
dmv.484,1888161.0,1888161.0,True,2.346939694231583,2.346939694231583,True
dmv.485,4759693.0,4759693.0,True,2.3807274965002994,2.3807274965002994,True
dmv.486,4648720.0,4648720.0,True,2.3618916605000946,2.3618916605000946,True
dmv.487,1307768.0,1307768.0,True,2.390183121165222,2.390183121165222,True
dmv.488,3764048.0,3764048.0,True,2.3820317913055304,2.3820317913055304,True
dmv.489,60095.0,60095.0,True,1.5419252849654714,1.5419252849654714,True
dmv.49,1328.0,1328.0,True,4.859186746987952,4.859186746987952,True
dmv.490,1717696.0,1717696.0,True,2.368504671373747,2.368504671373747,True
dmv.491,34508.0,34508.0,True,1.7889764692245276,1.7889764692245276,True
dmv.492,363078.0,363078.0,True,2.7104726808013706,2.7104726808013706,True
dmv.493,868393.0,868393.0,True,2.4278420024113507,2.4278420024113507,True
dmv.494,4650468.0,4650468.0,True,2.378243221972498,2.378243221972498,True
dmv.495,102337.0,102337.0,True,2.338675161476299,2.338675161476299,True
dmv.496,542540.0,542540.0,True,2.31966675268183,2.31966675268183,True
dmv.497,45928.0,45928.0,True,2.072874934680369,2.072874934680369,True
dmv.498,672296.0,672296.0,True,1.3493357092709164,1.3493357092709164,True
dmv.499,268964.0,268964.0,True,2.356716884043961,2.356716884043961,True
dmv.5,755837.0,755837.0,True,2.3267344678813027,2.3267344678813027,True
dmv.50,1715390.0,1715390.0,True,2.5114737756428567,2.5114737756428567,True
dmv.500,4637684.0,4637684.0,True,2.3611669100352675,2.3611669100352675,True
dmv.501,4773401.0,4773401.0,True,2.4264732839331957,2.4264732839331957,True
dmv.502,163655.0,163655.0,True,2.0645076532950415,2.0645076532950415,True
dmv.503,667202.0,667202.0,True,2.2854832569446732,2.2854832569446732,True
dmv.504,776550.0,776550.0,True,2.1992325027364625,2.1992325027364625,True
dmv.505,1731559.0,1731559.0,True,2.3920137864202142,2.3920137864202142,True
dmv.506,4377330.0,4377330.0,True,2.366834348792529,2.366834348792529,True
dmv.507,610042.0,610042.0,True,2.3876077384835797,2.3876077384835797,True
dmv.508,4219988.0,4219988.0,True,2.3811394724345187,2.3811394724345187,True
dmv.509,126923.0,126923.0,True,2.4523530014260615,2.4523530014260615,True
dmv.51,364694.0,364694.0,True,1.7522607994647568,1.7522607994647568,True
dmv.510,81314.0,81314.0,True,2.1466660107730524,2.1466660107730524,True
dmv.511,24924.0,24924.0,True,2.672805328197721,2.672805328197721,True
dmv.512,1754263.0,1754263.0,True,2.408522553345764,2.408522553345764,True
dmv.513,1045519.0,1045519.0,True,2.3445504098921206,2.3445504098921206,True
dmv.514,180342.0,180342.0,True,1.533963247607324,1.533963247607324,True
dmv.515,465760.0,465760.0,True,2.2083755582274134,2.2083755582274134,True
dmv.516,21059.0,21059.0,True,2.9300536587682227,2.9300536587682227,True
dmv.517,390195.0,390195.0,True,2.31602403926242,2.31602403926242,True
dmv.518,4432913.0,4432913.0,True,2.355670639148569,2.355670639148569,True
dmv.519,4464459.0,4464459.0,True,2.3822946968490473,2.3822946968490473,True
dmv.52,470156.0,470156.0,True,2.6186988999395946,2.6186988999395946,True
dmv.520,4446939.0,4446939.0,True,2.3575126620805906,2.3575126620805906,True
dmv.521,4623332.0,4623332.0,True,2.376682660903435,2.376682660903435,True
dmv.522,4671997.0,4671997.0,True,2.379585646138043,2.379585646138043,True
dmv.523,1307490.0,1307490.0,True,2.3407123572646826,2.3407123572646826,True
dmv.524,2181942.0,2181942.0,True,2.355085973870983,2.355085973870983,True
dmv.525,975506.0,975506.0,True,2.3585913361886037,2.3585913361886037,True
dmv.526,32999.0,32999.0,True,8.374617412648869,8.374617412648869,True
dmv.527,166127.0,166127.0,True,1.7620495163338892,1.7620495163338892,True
dmv.528,157634.0,157634.0,True,2.335206871613992,2.335206871613992,True
dmv.529,1582649.0,1582649.0,True,2.3725405949139704,2.3725405949139704,True
dmv.53,673827.0,673827.0,True,3.2583036892258694,3.2583036892258694,True
dmv.530,1393947.0,1393947.0,True,2.5625859519766534,2.5625859519766534,True
dmv.531,4416539.0,4416539.0,True,2.3792037158508053,2.3792037158508053,True
dmv.532,1334530.0,1334530.0,True,2.3969547331270187,2.3969547331270187,True
dmv.533,342270.0,342270.0,True,2.384830689221959,2.384830689221959,True
dmv.534,767751.0,767751.0,True,2.128845159433202,2.128845159433202,True
dmv.535,1165906.0,1165906.0,True,2.3751039963770664,2.3751039963770664,True
dmv.536,6141.0,6141.0,True,2.3164843455299886,2.3164843455299886,True
dmv.537,4214037.0,4214037.0,True,2.3876465726333205,2.3876465726333205,True
dmv.538,2936273.0,2936273.0,True,2.5212345718535025,2.5212345718535025,True
dmv.539,2764218.0,2764218.0,True,2.396010734319797,2.396010734319797,True
dmv.54,444273.0,444273.0,True,1.729875549493217,1.729875549493217,True
dmv.540,4613886.0,4613886.0,True,2.3769070150411173,2.3769070150411173,True
dmv.541,3070328.0,3070328.0,True,2.4042138168951332,2.4042138168951332,True
dmv.542,2322804.0,2322804.0,True,2.3911333026807253,2.3911333026807253,True
dmv.543,293797.0,293797.0,True,2.4738577997733127,2.4738577997733127,True
dmv.544,4849755.0,4849755.0,True,2.379398546936907,2.379398546936907,True
dmv.545,2624520.0,2624520.0,True,2.3997839604956335,2.3997839604956335,True
dmv.546,96375.0,96375.0,True,2.0709520103761347,2.0709520103761347,True
dmv.547,1733.0,1733.0,True,46.83783783783784,46.83783783783784,True
dmv.548,4196891.0,4196891.0,True,2.4040133517882643,2.4040133517882643,True
dmv.549,351720.0,351720.0,True,2.2262168770612987,2.2262168770612987,True
dmv.55,1060314.0,1060314.0,True,2.4158541715001407,2.4158541715001407,True
dmv.550,4364679.0,4364679.0,True,2.364992018886154,2.364992018886154,True
dmv.551,3642199.0,3642199.0,True,2.3647285609600135,2.3647285609600135,True
dmv.552,14184.0,14184.0,True,2.1505922165820643,2.1505922165820643,True
dmv.553,20023.0,20023.0,True,8.603006542476152,8.603006542476152,True
dmv.554,4581215.0,4581215.0,True,2.420763705698161,2.420763705698161,True
dmv.555,479095.0,479095.0,True,1.9120007514167336,1.9120007514167336,True
dmv.556,205.0,205.0,True,15.331707317073171,15.331707317073171,True
dmv.557,23733.0,23733.0,True,3.53545695866515,3.53545695866515,True
dmv.558,4397346.0,4397346.0,True,2.3886130406840853,2.3886130406840853,True
dmv.559,118292.0,118292.0,True,2.6587934940655327,2.6587934940655327,True
dmv.56,743006.0,743006.0,True,2.3948379959246626,2.3948379959246626,True
dmv.560,2768506.0,2768506.0,True,2.3963643206841523,2.3963643206841523,True
dmv.561,269934.0,269934.0,True,1.515244467166048,1.515244467166048,True
dmv.562,1173.0,1173.0,True,5.481308411214953,5.481308411214953,True
dmv.563,165910.0,165910.0,True,2.401561087336508,2.401561087336508,True
dmv.564,304787.0,304787.0,True,1.9138775603946363,1.9138775603946363,True
dmv.565,441277.0,441277.0,True,1.9667759706488215,1.9667759706488215,True
dmv.566,2304485.0,2304485.0,True,2.400053374181216,2.400053374181216,True
dmv.567,218558.0,218558.0,True,1.3365422450791093,1.3365422450791093,True
dmv.568,2680207.0,2680207.0,True,2.3775797914116334,2.3775797914116334,True
dmv.569,28348.0,28348.0,True,1.9726612106674193,1.9726612106674193,True
dmv.57,1504575.0,1504575.0,True,2.2892697273316385,2.2892697273316385,True
dmv.570,4380915.0,4380915.0,True,2.376439625055496,2.376439625055496,True
dmv.571,814373.0,814373.0,True,2.524435363156686,2.524435363156686,True
dmv.572,880721.0,880721.0,True,2.1438821147673326,2.1438821147673326,True
dmv.573,4152845.0,4152845.0,True,2.350002708986249,2.350002708986249,True
dmv.574,4759758.0,4759758.0,True,2.37636010066058,2.37636010066058,True
dmv.575,3555381.0,3555381.0,True,2.3759594260080705,2.3759594260080705,True
dmv.576,67715.0,67715.0,True,2.2197297496861847,2.2197297496861847,True
dmv.577,2649261.0,2649261.0,True,2.289600382899231,2.289600382899231,True
dmv.578,2697314.0,2697314.0,True,2.322500087123709,2.322500087123709,True
dmv.579,4732776.0,4732776.0,True,2.3826135020968664,2.3826135020968664,True
dmv.58,692520.0,692520.0,True,1.937123837578698,1.937123837578698,True
dmv.580,129970.0,129970.0,True,1.7148264984227128,1.7148264984227128,True
dmv.581,4256265.0,4256265.0,True,2.324474627402194,2.324474627402194,True
dmv.582,4803179.0,4803179.0,True,2.376654503194655,2.376654503194655,True
dmv.583,4863418.0,4863418.0,True,2.381314129281094,2.381314129281094,True
dmv.584,124693.0,124693.0,True,2.605326682331807,2.605326682331807,True
dmv.585,4663010.0,4663010.0,True,2.2868239613468555,2.2868239613468555,True
dmv.586,380581.0,380581.0,True,2.101965153278803,2.101965153278803,True
dmv.587,40965.0,40965.0,True,2.786964481874771,2.786964481874771,True
dmv.588,422792.0,422792.0,True,2.380359609453348,2.380359609453348,True
dmv.589,1926830.0,1926830.0,True,2.3701950872676885,2.3701950872676885,True
dmv.59,471500.0,471500.0,True,2.2652767762460235,2.2652767762460235,True
dmv.590,46980.0,46980.0,True,5.24561515538527,5.24561515538527,True
dmv.591,1155870.0,1155870.0,True,2.3278958706428923,2.3278958706428923,True
dmv.592,515120.0,515120.0,True,2.3528226432675883,2.3528226432675883,True
dmv.593,3269126.0,3269126.0,True,2.3880765072988925,2.3880765072988925,True
dmv.594,4562875.0,4562875.0,True,2.3678628057967837,2.3678628057967837,True
dmv.595,7973.0,7973.0,True,1.6890756302521008,1.6890756302521008,True
dmv.596,4753198.0,4753198.0,True,2.3787508957127392,2.3787508957127392,True
dmv.597,25738.0,25738.0,True,3.51418136607351,3.51418136607351,True
dmv.598,2879728.0,2879728.0,True,2.369304323186079,2.369304323186079,True
dmv.599,393131.0,393131.0,True,2.323782657689167,2.323782657689167,True
dmv.6,3456145.0,3456145.0,True,2.408374069953662,2.408374069953662,True
dmv.60,891010.0,891010.0,True,2.2875051907386,2.2875051907386,True
dmv.600,214202.0,214202.0,True,2.223872792971121,2.223872792971121,True
dmv.601,1871437.0,1871437.0,True,2.275936085478699,2.275936085478699,True
dmv.602,1835615.0,1835615.0,True,2.3339926945465144,2.3339926945465144,True
dmv.603,4671138.0,4671138.0,True,2.379520579353468,2.379520579353468,True
dmv.604,4624377.0,4624377.0,True,2.3803349078156906,2.3803349078156906,True
dmv.605,605312.0,605312.0,True,2.3754410948403466,2.3754410948403466,True
dmv.606,2328346.0,2328346.0,True,2.380796067251173,2.380796067251173,True
dmv.607,3269269.0,3269269.0,True,2.578014534747676,2.578014534747676,True
dmv.608,76123.0,76123.0,True,2.2476649632831074,2.2476649632831074,True
dmv.609,4604064.0,4604064.0,True,2.386400145610487,2.386400145610487,True
dmv.61,1562882.0,1562882.0,True,2.4207707299719363,2.4207707299719363,True
dmv.610,700629.0,700629.0,True,2.3398417707517103,2.3398417707517103,True
dmv.611,271295.0,271295.0,True,2.0255773235776555,2.0255773235776555,True
dmv.612,4604173.0,4604173.0,True,2.3788610897114424,2.3788610897114424,True
dmv.613,65644.0,65644.0,True,2.0515507891048688,2.0515507891048688,True
dmv.614,1482517.0,1482517.0,True,2.370665564037377,2.370665564037377,True
dmv.615,4397346.0,4397346.0,True,2.328742382336982,2.328742382336982,True
dmv.616,4589665.0,4589665.0,True,2.383051486328523,2.383051486328523,True
dmv.617,48794.0,48794.0,True,1.8875476493011436,1.8875476493011436,True
dmv.618,2523100.0,2523100.0,True,2.3895049740398715,2.3895049740398715,True
dmv.619,455221.0,455221.0,True,2.285558003694909,2.285558003694909,True
dmv.62,4217444.0,4217444.0,True,2.3851093221391912,2.3851093221391912,True
dmv.620,125618.0,125618.0,True,2.094094795331879,2.094094795331879,True
dmv.621,3113358.0,3113358.0,True,2.650516580489619,2.650516580489619,True
dmv.622,4467196.0,4467196.0,True,2.365885893522469,2.365885893522469,True
dmv.623,132521.0,132521.0,True,1.63895519250034,1.63895519250034,True
dmv.624,2648065.0,2648065.0,True,2.396620173598458,2.396620173598458,True
dmv.625,4262288.0,4262288.0,True,2.3747719534672456,2.3747719534672456,True
dmv.626,4435777.0,4435777.0,True,2.381044854148439,2.381044854148439,True
dmv.627,1070881.0,1070881.0,True,2.41614147603702,2.41614147603702,True
dmv.628,377641.0,377641.0,True,2.1126334269848877,2.1126334269848877,True
dmv.629,249633.0,249633.0,True,2.110766605376693,2.110766605376693,True
dmv.63,106553.0,106553.0,True,1.7199515733953994,1.7199515733953994,True
dmv.630,4596768.0,4596768.0,True,2.3756384920883544,2.3756384920883544,True
dmv.631,316243.0,316243.0,True,1.6458830709296333,1.6458830709296333,True
dmv.632,412514.0,412514.0,True,2.228336492822062,2.228336492822062,True
dmv.633,4792198.0,4792198.0,True,2.3787957008454157,2.3787957008454157,True
dmv.634,271740.0,271740.0,True,2.0996724810480605,2.0996724810480605,True
dmv.635,4625195.0,4625195.0,True,2.380088839497578,2.380088839497578,True
dmv.636,2532761.0,2532761.0,True,2.3442780428157257,2.3442780428157257,True
dmv.637,998363.0,998363.0,True,2.3467776750540636,2.3467776750540636,True
dmv.638,4747021.0,4747021.0,True,2.378700031029987,2.378700031029987,True
dmv.639,1640580.0,1640580.0,True,2.341485937900011,2.341485937900011,True
dmv.64,3712093.0,3712093.0,True,2.394963703764965,2.394963703764965,True
dmv.640,4821998.0,4821998.0,True,2.3826206481213803,2.3826206481213803,True
dmv.641,207549.0,207549.0,True,2.3627673465061263,2.3627673465061263,True
dmv.642,170446.0,170446.0,True,1.0506700528891793,1.0506700528891793,True
dmv.643,4645119.0,4645119.0,True,2.3774529780614877,2.3774529780614877,True
dmv.644,2094688.0,2094688.0,True,2.5025130234192394,2.5025130234192394,True
dmv.645,2809140.0,2809140.0,True,2.3593167303872358,2.3593167303872358,True
dmv.646,230249.0,230249.0,True,2.228691546977403,2.228691546977403,True
dmv.647,754343.0,754343.0,True,2.3619905003426824,2.3619905003426824,True
dmv.648,7507.0,7507.0,True,2.2443053150392966,2.2443053150392966,True
dmv.649,2918389.0,2918389.0,True,2.350510846909031,2.350510846909031,True
dmv.65,1168764.0,1168764.0,True,2.421747247519602,2.421747247519602,True
dmv.650,36972.0,36972.0,True,3.325732987125392,3.325732987125392,True
dmv.651,2818265.0,2818265.0,True,2.409440914889125,2.409440914889125,True
dmv.652,2165643.0,2165643.0,True,2.3596566931853498,2.3596566931853498,True
dmv.653,134428.0,134428.0,True,2.135522361412801,2.135522361412801,True
dmv.654,2991031.0,2991031.0,True,2.390671310327442,2.390671310327442,True
dmv.655,1134647.0,1134647.0,True,2.3067791127989588,2.3067791127989588,True
dmv.656,996795.0,996795.0,True,2.3007047587517997,2.3007047587517997,True
dmv.657,4423340.0,4423340.0,True,2.3462709174515184,2.3462709174515184,True
dmv.658,2663274.0,2663274.0,True,2.3820733428103904,2.3820733428103904,True
dmv.659,425135.0,425135.0,True,2.295731943970739,2.295731943970739,True
dmv.66,966641.0,966641.0,True,2.43048660257531,2.43048660257531,True
dmv.660,3701291.0,3701291.0,True,2.4130834349420245,2.4130834349420245,True
dmv.661,391640.0,391640.0,True,2.3662215299765093,2.3662215299765093,True
dmv.662,143233.0,143233.0,True,2.1284969245914,2.1284969245914,True
dmv.663,3015366.0,3015366.0,True,2.369629756387782,2.369629756387782,True
dmv.664,2704370.0,2704370.0,True,2.3301634021971847,2.3301634021971847,True
dmv.665,724562.0,724562.0,True,2.3828768276558803,2.3828768276558803,True
dmv.666,1638955.0,1638955.0,True,2.4104170035174852,2.4104170035174852,True
dmv.667,3718322.0,3718322.0,True,2.382472254958016,2.382472254958016,True
dmv.668,4398983.0,4398983.0,True,2.3928280695788096,2.3928280695788096,True
dmv.669,328240.0,328240.0,True,1.6658969047038752,1.6658969047038752,True
dmv.67,2481139.0,2481139.0,True,2.381071757769315,2.381071757769315,True
dmv.670,1443108.0,1443108.0,True,2.3609501159996342,2.3609501159996342,True
dmv.671,4613886.0,4613886.0,True,2.3769070150411173,2.3769070150411173,True
dmv.672,978552.0,978552.0,True,2.096240158928703,2.096240158928703,True
dmv.673,2454910.0,2454910.0,True,2.395303290140983,2.395303290140983,True
dmv.674,4829540.0,4829540.0,True,2.38911449123519,2.38911449123519,True
dmv.675,854189.0,854189.0,True,1.929069561888528,1.929069561888528,True
dmv.676,64060.0,64060.0,True,2.352044957852014,2.352044957852014,True
dmv.677,441310.0,441310.0,True,2.2069497632050035,2.2069497632050035,True
dmv.678,28732.0,28732.0,True,8.061464569121537,8.061464569121537,True
dmv.679,4803210.0,4803210.0,True,2.378561420383452,2.378561420383452,True
dmv.68,1830325.0,1830325.0,True,2.3507650280687855,2.3507650280687855,True
dmv.680,4522474.0,4522474.0,True,2.335892699438405,2.335892699438405,True
dmv.681,242987.0,242987.0,True,2.401358920436073,2.401358920436073,True
dmv.682,4776189.0,4776189.0,True,2.375551302513364,2.375551302513364,True
dmv.683,4296251.0,4296251.0,True,2.3863654614220633,2.3863654614220633,True
dmv.684,3984046.0,3984046.0,True,2.312816920286563,2.312816920286563,True
dmv.685,1844738.0,1844738.0,True,2.362966448352015,2.362966448352015,True
dmv.686,4279972.0,4279972.0,True,2.3771522337062017,2.3771522337062017,True
dmv.687,115024.0,115024.0,True,2.0012953818333563,2.0012953818333563,True
dmv.688,4671997.0,4671997.0,True,2.379585646138043,2.379585646138043,True
dmv.689,2872902.0,2872902.0,True,2.381376740313453,2.381376740313453,True
dmv.69,4563495.0,4563495.0,True,2.3796519991804526,2.3796519991804526,True
dmv.690,4433107.0,4433107.0,True,2.366675561857632,2.366675561857632,True
dmv.691,2758585.0,2758585.0,True,2.3768562505777417,2.3768562505777417,True
dmv.692,4276844.0,4276844.0,True,2.3834203445344277,2.3834203445344277,True
dmv.693,4814135.0,4814135.0,True,2.379848924053854,2.379848924053854,True
dmv.694,2557278.0,2557278.0,True,2.384497109817548,2.384497109817548,True
dmv.695,4311102.0,4311102.0,True,2.4007455634313453,2.4007455634313453,True
dmv.696,2282381.0,2282381.0,True,2.337747291096447,2.337747291096447,True
dmv.697,371235.0,371235.0,True,2.5654477621991463,2.5654477621991463,True
dmv.698,2765278.0,2765278.0,True,2.432913797455446,2.432913797455446,True
dmv.699,4822962.0,4822962.0,True,2.382571332720432,2.382571332720432,True
dmv.7,2736968.0,2736968.0,True,2.41806115380231,2.41806115380231,True
dmv.70,2222.0,2222.0,True,30.003150315031505,30.003150315031505,True
dmv.700,1713547.0,1713547.0,True,2.3622112495309437,2.3622112495309437,True
dmv.701,841430.0,841430.0,True,1.634938141021832,1.634938141021832,True
dmv.702,4606842.0,4606842.0,True,2.378281911990904,2.378281911990904,True
dmv.703,1757530.0,1757530.0,True,2.3629024824611813,2.3629024824611813,True
dmv.704,262326.0,262326.0,True,1.7412151292666378,1.7412151292666378,True
dmv.705,346660.0,346660.0,True,2.3712340621935035,2.3712340621935035,True
dmv.706,48644.0,48644.0,True,2.4676630211331303,2.4676630211331303,True
dmv.707,2495104.0,2495104.0,True,2.2416123736726004,2.2416123736726004,True
dmv.708,4747021.0,4747021.0,True,2.378700031029987,2.378700031029987,True
dmv.709,3907958.0,3907958.0,True,2.358776885524358,2.358776885524358,True
dmv.71,1342956.0,1342956.0,True,2.4410293412442403,2.4410293412442403,True
dmv.710,4596361.0,4596361.0,True,2.375294934405718,2.375294934405718,True
dmv.711,3509480.0,3509480.0,True,2.3798086896064374,2.3798086896064374,True
dmv.712,4578221.0,4578221.0,True,2.3822255413183417,2.3822255413183417,True
dmv.713,4418276.0,4418276.0,True,2.383161214917312,2.383161214917312,True
dmv.714,4743762.0,4743762.0,True,2.3812014599383358,2.3812014599383358,True
dmv.715,313634.0,313634.0,True,2.2970309341461705,2.2970309341461705,True
dmv.716,4662220.0,4662220.0,True,2.376501108913779,2.376501108913779,True
dmv.717,4833399.0,4833399.0,True,2.3702144184661766,2.3702144184661766,True
dmv.718,414108.0,414108.0,True,1.2333666579732823,1.2333666579732823,True
dmv.719,808810.0,808810.0,True,2.2766286272424923,2.2766286272424923,True
dmv.72,264821.0,264821.0,True,2.172350380068046,2.172350380068046,True
dmv.720,4844425.0,4844425.0,True,2.3716740376824905,2.3716740376824905,True
dmv.721,230456.0,230456.0,True,2.2402888186899017,2.2402888186899017,True
dmv.722,23916.0,23916.0,True,1.7279645425656465,1.7279645425656465,True
dmv.723,1120554.0,1120554.0,True,2.367179091770678,2.367179091770678,True
dmv.724,3809275.0,3809275.0,True,2.5458960038327505,2.5458960038327505,True
dmv.725,3706890.0,3706890.0,True,2.3832814030089913,2.3832814030089913,True
dmv.726,214047.0,214047.0,True,2.228851607357263,2.228851607357263,True
dmv.727,560142.0,560142.0,True,2.2248983293521998,2.2248983293521998,True
dmv.728,4668308.0,4668308.0,True,2.3803720748502455,2.3803720748502455,True
dmv.729,75758.0,75758.0,True,1.0200110879379076,1.0200110879379076,True
dmv.73,3355.0,3355.0,True,6.118628912071535,6.118628912071535,True
dmv.730,4387980.0,4387980.0,True,2.4429840154239537,2.4429840154239537,True
dmv.731,130179.0,130179.0,True,2.798024258905046,2.798024258905046,True
dmv.732,4480688.0,4480688.0,True,2.3760790753562846,2.3760790753562846,True
dmv.733,4318119.0,4318119.0,True,2.3072844912333355,2.3072844912333355,True
dmv.734,3548268.0,3548268.0,True,2.3857693387308965,2.3857693387308965,True
dmv.735,4654156.0,4654156.0,True,2.3487235924193346,2.3487235924193346,True
dmv.736,8802.0,8802.0,True,1.2825295060469182,1.2825295060469182,True
dmv.737,4438412.0,4438412.0,True,2.3771630484056008,2.3771630484056008,True
dmv.738,324717.0,324717.0,True,2.418681498042911,2.418681498042911,True
dmv.739,432995.0,432995.0,True,2.2224344391967574,2.2224344391967574,True
dmv.74,3998074.0,3998074.0,True,2.3741301436641744,2.3741301436641744,True
dmv.740,4759919.0,4759919.0,True,2.3807793788087572,2.3807793788087572,True
dmv.741,698310.0,698310.0,True,1.5197720210221821,1.5197720210221821,True
dmv.742,59057.0,59057.0,True,2.062024823475625,2.062024823475625,True
dmv.743,911654.0,911654.0,True,2.3510630129413133,2.3510630129413133,True
dmv.744,2559001.0,2559001.0,True,2.4400240562625806,2.4400240562625806,True
dmv.745,118401.0,118401.0,True,1.2085286441837484,1.2085286441837484,True
dmv.746,3571748.0,3571748.0,True,2.3676395983143266,2.3676395983143266,True
dmv.747,4351013.0,4351013.0,True,2.342621591799427,2.342621591799427,True
dmv.748,2382770.0,2382770.0,True,2.4185934857329916,2.4185934857329916,True
dmv.749,4401249.0,4401249.0,True,2.3881614060008873,2.3881614060008873,True
dmv.75,342146.0,342146.0,True,2.4359513190275495,2.4359513190275495,True
dmv.750,4613886.0,4613886.0,True,2.3769070150411173,2.3769070150411173,True
dmv.751,255493.0,255493.0,True,2.476709733730474,2.476709733730474,True
dmv.752,1303968.0,1303968.0,True,2.379574498760706,2.379574498760706,True
dmv.753,808208.0,808208.0,True,2.267811009047176,2.267811009047176,True
dmv.754,627158.0,627158.0,True,2.3352297188268345,2.3352297188268345,True
dmv.755,4165384.0,4165384.0,True,2.426793304050719,2.426793304050719,True
dmv.756,3981088.0,3981088.0,True,2.4122008857880055,2.4122008857880055,True
dmv.757,673864.0,673864.0,True,2.1742191302696092,2.1742191302696092,True
dmv.758,13845.0,13845.0,True,2.628169014084507,2.628169014084507,True
dmv.759,369728.0,369728.0,True,1.6055938419594946,1.6055938419594946,True
dmv.76,86385.0,86385.0,True,1.2550558546043873,1.2550558546043873,True
dmv.760,3559063.0,3559063.0,True,2.387554814286794,2.387554814286794,True
dmv.761,209019.0,209019.0,True,2.8240255670537127,2.8240255670537127,True
dmv.762,1391422.0,1391422.0,True,2.4285637283297232,2.4285637283297232,True
dmv.763,129415.0,129415.0,True,2.266035621836727,2.266035621836727,True
dmv.764,2027310.0,2027310.0,True,2.360577316739916,2.360577316739916,True
dmv.765,4450420.0,4450420.0,True,2.3816561133555934,2.3816561133555934,True
dmv.766,285540.0,285540.0,True,2.3570007704699867,2.3570007704699867,True
dmv.767,4647940.0,4647940.0,True,2.379413890884994,2.379413890884994,True
dmv.768,4438311.0,4438311.0,True,2.3656336836242438,2.3656336836242438,True
dmv.769,549681.0,549681.0,True,2.1167931945983214,2.1167931945983214,True
dmv.77,171513.0,171513.0,True,1.6808463498393709,1.6808463498393709,True
dmv.770,407051.0,407051.0,True,2.3509142589012186,2.3509142589012186,True
dmv.771,9212.0,9212.0,True,2.255644811115936,2.255644811115936,True
dmv.772,155407.0,155407.0,True,2.213915718082197,2.213915718082197,True
dmv.773,2522183.0,2522183.0,True,2.3220258006655348,2.3220258006655348,True
dmv.774,202848.0,202848.0,True,2.3533384603249723,2.3533384603249723,True
dmv.775,4708642.0,4708642.0,True,2.3544104648431543,2.3544104648431543,True
dmv.776,278483.0,278483.0,True,1.6662884269416804,1.6662884269416804,True
dmv.777,3951005.0,3951005.0,True,2.368177969908922,2.368177969908922,True
dmv.778,2045405.0,2045405.0,True,2.399715948675201,2.399715948675201,True
dmv.779,144445.0,144445.0,True,2.4597459240541384,2.4597459240541384,True
dmv.78,4419246.0,4419246.0,True,2.361305752157721,2.361305752157721,True
dmv.780,3742.0,3742.0,True,2.206306787814003,2.206306787814003,True
dmv.781,6159.0,6159.0,True,2.5377496346809547,2.5377496346809547,True
dmv.782,391730.0,391730.0,True,2.2607178413703317,2.2607178413703317,True
dmv.783,10095.0,10095.0,True,3.3219415552253593,3.3219415552253593,True
dmv.784,106335.0,106335.0,True,3.582037899092491,3.582037899092491,True
dmv.785,10290.0,10290.0,True,12.522448979591836,12.522448979591836,True
dmv.786,221482.0,221482.0,True,2.937105498415221,2.937105498415221,True
dmv.787,2395038.0,2395038.0,True,2.3929190267544818,2.3929190267544818,True
dmv.788,4571755.0,4571755.0,True,2.382453784159475,2.382453784159475,True
dmv.789,1550202.0,1550202.0,True,2.409031210126164,2.409031210126164,True
dmv.79,32782.0,32782.0,True,1.334174433274999,1.334174433274999,True
dmv.790,3742794.0,3742794.0,True,2.363830336374377,2.363830336374377,True
dmv.791,4599981.0,4599981.0,True,2.368086520357367,2.368086520357367,True
dmv.792,3945530.0,3945530.0,True,2.3737862847323425,2.3737862847323425,True
dmv.793,108441.0,108441.0,True,2.084912533082506,2.084912533082506,True
dmv.794,285406.0,285406.0,True,2.436518503465239,2.436518503465239,True
dmv.795,326209.0,326209.0,True,2.451974041182187,2.451974041182187,True
dmv.796,2066868.0,2066868.0,True,2.386408324092298,2.386408324092298,True
dmv.797,391497.0,391497.0,True,2.2649598847500747,2.2649598847500747,True
dmv.798,373550.0,373550.0,True,2.7778450006692545,2.7778450006692545,True
dmv.799,12666.0,12666.0,True,1.0820306331912206,1.0820306331912206,True
dmv.8,91027.0,91027.0,True,3.3863359223087657,3.3863359223087657,True
dmv.80,4408698.0,4408698.0,True,2.39041639958101,2.39041639958101,True
dmv.800,4409443.0,4409443.0,True,2.4289959071928133,2.4289959071928133,True
dmv.801,3894632.0,3894632.0,True,2.374327022424712,2.374327022424712,True
dmv.802,5552.0,5552.0,True,3.239193083573487,3.239193083573487,True
dmv.803,181670.0,181670.0,True,3.0225298618373975,3.0225298618373975,True
dmv.804,4421451.0,4421451.0,True,2.3827969596406247,2.3827969596406247,True
dmv.805,23341.0,23341.0,True,3.1787412707253333,3.1787412707253333,True
dmv.806,342924.0,342924.0,True,1.6548739662432492,1.6548739662432492,True
dmv.807,1001449.0,1001449.0,True,1.481086905074547,1.481086905074547,True
dmv.808,4444143.0,4444143.0,True,2.381209380526234,2.381209380526234,True
dmv.809,4461665.0,4461665.0,True,2.3748782125058696,2.3748782125058696,True
dmv.81,4107155.0,4107155.0,True,2.4016205865130487,2.4016205865130487,True
dmv.810,217135.0,217135.0,True,2.686628134570659,2.686628134570659,True
dmv.811,65420.0,65420.0,True,2.2499694283093854,2.2499694283093854,True
dmv.812,2274712.0,2274712.0,True,2.36603534865073,2.36603534865073,True
dmv.813,77405.0,77405.0,True,2.0745946644273627,2.0745946644273627,True
dmv.814,363157.0,363157.0,True,1.9618319349482456,1.9618319349482456,True
dmv.815,324619.0,324619.0,True,2.540190192194542,2.540190192194542,True
dmv.816,218715.0,218715.0,True,2.155531170701598,2.155531170701598,True
dmv.817,2186033.0,2186033.0,True,2.3610499018084354,2.3610499018084354,True
dmv.818,2136073.0,2136073.0,True,2.3861464472422056,2.3861464472422056,True
dmv.819,4507078.0,4507078.0,True,2.3877496684104424,2.3877496684104424,True
dmv.82,437212.0,437212.0,True,2.17264622197012,2.17264622197012,True
dmv.820,2510662.0,2510662.0,True,2.380523144891666,2.380523144891666,True
dmv.821,4476228.0,4476228.0,True,2.382466666130501,2.382466666130501,True
dmv.822,1069629.0,1069629.0,True,2.387595138127332,2.387595138127332,True
dmv.823,4833355.0,4833355.0,True,2.3769774825147336,2.3769774825147336,True
dmv.824,4469790.0,4469790.0,True,2.331558753319507,2.331558753319507,True
dmv.825,555939.0,555939.0,True,2.427528919539734,2.427528919539734,True
dmv.826,50528.0,50528.0,True,1.5473994616846105,1.5473994616846105,True
dmv.827,953943.0,953943.0,True,2.388129060122041,2.388129060122041,True
dmv.828,38353.0,38353.0,True,8.975569055875681,8.975569055875681,True
dmv.829,1189512.0,1189512.0,True,2.4126507340825483,2.4126507340825483,True
dmv.83,997262.0,997262.0,True,2.5107634703819057,2.5107634703819057,True
dmv.830,349774.0,349774.0,True,2.199723249869916,2.199723249869916,True
dmv.831,4766669.0,4766669.0,True,2.362504088284712,2.362504088284712,True
dmv.832,4655106.0,4655106.0,True,2.377470888955053,2.377470888955053,True
dmv.833,4671997.0,4671997.0,True,2.379585646138043,2.379585646138043,True
dmv.834,52034.0,52034.0,True,2.2461851866087557,2.2461851866087557,True
dmv.835,1095192.0,1095192.0,True,2.3473098780853037,2.3473098780853037,True
dmv.836,499.0,499.0,True,12.587174348697395,12.587174348697395,True
dmv.837,668.0,668.0,True,12.315868263473053,12.315868263473053,True
dmv.838,3601124.0,3601124.0,True,2.370412682262538,2.370412682262538,True
dmv.839,1676564.0,1676564.0,True,2.3614171603350664,2.3614171603350664,True
dmv.84,3614255.0,3614255.0,True,2.4126410560405946,2.4126410560405946,True
dmv.840,788081.0,788081.0,True,2.332633320686579,2.332633320686579,True
dmv.841,377128.0,377128.0,True,1.7583817695848625,1.7583817695848625,True
dmv.842,480404.0,480404.0,True,2.3124557663966163,2.3124557663966163,True
dmv.843,2938682.0,2938682.0,True,2.395775385019543,2.395775385019543,True
dmv.844,255483.0,255483.0,True,1.5928222230050533,1.5928222230050533,True
dmv.845,2735150.0,2735150.0,True,2.4071531725865127,2.4071531725865127,True
dmv.846,2506889.0,2506889.0,True,2.3987340484560744,2.3987340484560744,True
dmv.847,143899.0,143899.0,True,2.490621894523242,2.490621894523242,True
dmv.848,64719.0,64719.0,True,2.1672460946553564,2.1672460946553564,True
dmv.849,4619960.0,4619960.0,True,2.3818214876319277,2.3818214876319277,True
dmv.85,3216.0,3216.0,True,1.8090796019900497,1.8090796019900497,True
dmv.850,1895987.0,1895987.0,True,2.3576290343762905,2.3576290343762905,True
dmv.851,196910.0,196910.0,True,2.317348027017419,2.317348027017419,True
dmv.852,840008.0,840008.0,True,2.293009114198912,2.293009114198912,True
dmv.853,4810849.0,4810849.0,True,2.3751441793330033,2.3751441793330033,True
dmv.854,175282.0,175282.0,True,2.2573909471594344,2.2573909471594344,True
dmv.855,202558.0,202558.0,True,2.3176867860069708,2.3176867860069708,True
dmv.856,948828.0,948828.0,True,2.383025163675608,2.383025163675608,True
dmv.857,3837438.0,3837438.0,True,2.412739697683715,2.412739697683715,True
dmv.858,4748364.0,4748364.0,True,2.381049767877947,2.381049767877947,True
dmv.859,27545.0,27545.0,True,4.131493919041568,4.131493919041568,True
dmv.86,258438.0,258438.0,True,2.1576587034414443,2.1576587034414443,True
dmv.860,50105.0,50105.0,True,1.9956690949007085,1.9956690949007085,True
dmv.861,3917166.0,3917166.0,True,2.3824297974607154,2.3824297974607154,True
dmv.862,2003501.0,2003501.0,True,2.3529212114194102,2.3529212114194102,True
dmv.863,4812459.0,4812459.0,True,2.3803645911580755,2.3803645911580755,True
dmv.864,1845222.0,1845222.0,True,2.7268382882926825,2.7268382882926825,True
dmv.865,213820.0,213820.0,True,2.305060331119633,2.305060331119633,True
dmv.866,463079.0,463079.0,True,2.298711450961931,2.298711450961931,True
dmv.867,56515.0,56515.0,True,2.217535167654605,2.217535167654605,True
dmv.868,441581.0,441581.0,True,2.2977686992873334,2.2977686992873334,True
dmv.869,4749241.0,4749241.0,True,2.3674142878830535,2.3674142878830535,True
dmv.87,277677.0,277677.0,True,2.2877587988922383,2.2877587988922383,True
dmv.870,2061130.0,2061130.0,True,2.3660657018237568,2.3660657018237568,True
dmv.871,414890.0,414890.0,True,1.7831160066523657,1.7831160066523657,True
dmv.872,4848087.0,4848087.0,True,2.381454581982543,2.381454581982543,True
dmv.873,4668303.0,4668303.0,True,2.3752976188563597,2.3752976188563597,True
dmv.874,24130.0,24130.0,True,2.1459593866556155,2.1459593866556155,True
dmv.875,4821293.0,4821293.0,True,2.3699439133858906,2.3699439133858906,True
dmv.876,4414183.0,4414183.0,True,2.2592690425385626,2.2592690425385626,True
dmv.877,2452424.0,2452424.0,True,2.39718498921883,2.39718498921883,True
dmv.878,4420062.0,4420062.0,True,2.369339389356982,2.369339389356982,True
dmv.879,45630.0,45630.0,True,2.1253561253561255,2.1253561253561255,True
dmv.88,470958.0,470958.0,True,2.39233010162265,2.39233010162265,True
dmv.880,293940.0,293940.0,True,1.746927944478465,1.746927944478465,True
dmv.881,2466062.0,2466062.0,True,2.3229951233991684,2.3229951233991684,True
dmv.882,289565.0,289565.0,True,1.9177317700688965,1.9177317700688965,True
dmv.883,810217.0,810217.0,True,2.0312521213452692,2.0312521213452692,True
dmv.884,1822348.0,1822348.0,True,2.2705471183330515,2.2705471183330515,True
dmv.885,1238279.0,1238279.0,True,2.416954498945714,2.416954498945714,True
dmv.886,280878.0,280878.0,True,2.5247865621372982,2.5247865621372982,True
dmv.887,4804175.0,4804175.0,True,2.381514411943778,2.381514411943778,True
dmv.888,191214.0,191214.0,True,2.3497704143002083,2.3497704143002083,True
dmv.889,484390.0,484390.0,True,2.3711368938252235,2.3711368938252235,True
dmv.89,100207.0,100207.0,True,3.210633987645574,3.210633987645574,True
dmv.890,4651595.0,4651595.0,True,2.387438287297153,2.387438287297153,True
dmv.891,2641554.0,2641554.0,True,2.4227579674691486,2.4227579674691486,True
dmv.892,2806920.0,2806920.0,True,2.4377196357573427,2.4377196357573427,True
dmv.893,7094.0,7094.0,True,2.3497321680293206,2.3497321680293206,True
dmv.894,1355375.0,1355375.0,True,2.323145992806419,2.323145992806419,True
dmv.895,4845460.0,4845460.0,True,2.380072480218596,2.380072480218596,True
dmv.896,4382082.0,4382082.0,True,2.391706271128655,2.391706271128655,True
dmv.897,2588876.0,2588876.0,True,2.315861400855043,2.315861400855043,True
dmv.898,4398249.0,4398249.0,True,2.3818831084824894,2.3818831084824894,True
dmv.899,451397.0,451397.0,True,2.3078664678763925,2.3078664678763925,True
dmv.9,1790653.0,1790653.0,True,2.349247453303348,2.349247453303348,True
dmv.90,28242.0,28242.0,True,1.6527866298420792,1.6527866298420792,True
dmv.900,1931488.0,1931488.0,True,2.381110832684438,2.381110832684438,True
dmv.901,267682.0,267682.0,True,1.1202770451505892,1.1202770451505892,True
dmv.902,4225132.0,4225132.0,True,2.399221373438747,2.399221373438747,True
dmv.903,789375.0,789375.0,True,2.4101928741092635,2.4101928741092635,True
dmv.904,2760497.0,2760497.0,True,2.3966691505189104,2.3966691505189104,True
dmv.905,325745.0,325745.0,True,2.4635036608389997,2.4635036608389997,True
dmv.906,4671138.0,4671138.0,True,2.379520579353468,2.379520579353468,True
dmv.907,1834179.0,1834179.0,True,2.387073998775474,2.387073998775474,True
dmv.908,1767483.0,1767483.0,True,2.362586231381009,2.362586231381009,True
dmv.909,2505382.0,2505382.0,True,2.3728896431761703,2.3728896431761703,True
dmv.91,980.0,980.0,True,5.422448979591837,5.422448979591837,True
dmv.910,355530.0,355530.0,True,1.0602549765153209,1.0602549765153209,True
dmv.911,544379.0,544379.0,True,2.433345151080405,2.433345151080405,True
dmv.912,459525.0,459525.0,True,2.357464773407323,2.357464773407323,True
dmv.913,40792.0,40792.0,True,1.1673122180819768,1.1673122180819768,True
dmv.914,626280.0,626280.0,True,1.3633518554001405,1.3633518554001405,True
dmv.915,932320.0,932320.0,True,2.1985916852582803,2.1985916852582803,True
dmv.916,404725.0,404725.0,True,2.358638581753042,2.358638581753042,True
dmv.917,32080.0,32080.0,True,3.1305486284289277,3.1305486284289277,True
dmv.918,175926.0,175926.0,True,2.122938053499767,2.122938053499767,True
dmv.919,168221.0,168221.0,True,1.5373348155105486,1.5373348155105486,True
dmv.92,4146550.0,4146550.0,True,2.4285514463831377,2.4285514463831377,True
dmv.920,360570.0,360570.0,True,2.3640153090939346,2.3640153090939346,True
dmv.921,2148651.0,2148651.0,True,2.3694345894237827,2.3694345894237827,True
dmv.922,52.0,52.0,True,196.30769230769232,196.30769230769232,True
dmv.923,4318404.0,4318404.0,True,2.3870158975399245,2.3870158975399245,True
dmv.924,1132343.0,1132343.0,True,1.7765933113906298,1.7765933113906298,True
dmv.925,4108574.0,4108574.0,True,2.385201532210446,2.385201532210446,True
dmv.926,17185.0,17185.0,True,4.648239743962758,4.648239743962758,True
dmv.927,2554758.0,2554758.0,True,2.3529073986655487,2.3529073986655487,True
dmv.928,257277.0,257277.0,True,1.4500285684301357,1.4500285684301357,True
dmv.929,1870872.0,1870872.0,True,2.368557549634609,2.368557549634609,True
dmv.93,1049239.0,1049239.0,True,2.3630898203364534,2.3630898203364534,True
dmv.930,4076182.0,4076182.0,True,2.3527757102111733,2.3527757102111733,True
dmv.931,1024575.0,1024575.0,True,2.1299797477002658,2.1299797477002658,True
dmv.932,2409755.0,2409755.0,True,2.3548016292112686,2.3548016292112686,True
dmv.933,14859.0,14859.0,True,2.635978195033313,2.635978195033313,True
dmv.934,157418.0,157418.0,True,2.405639761653686,2.405639761653686,True
dmv.935,249902.0,249902.0,True,1.9104008771438403,1.9104008771438403,True
dmv.936,4356692.0,4356692.0,True,2.4254916344786364,2.4254916344786364,True
dmv.937,309697.0,309697.0,True,2.4605469216685987,2.4605469216685987,True
dmv.938,2586895.0,2586895.0,True,2.386694860054235,2.386694860054235,True
dmv.939,4590878.0,4590878.0,True,2.3984499261361334,2.3984499261361334,True
dmv.94,2567511.0,2567511.0,True,2.38015494383471,2.38015494383471,True
dmv.940,810173.0,810173.0,True,2.3992764508321063,2.3992764508321063,True
dmv.941,815636.0,815636.0,True,1.3949396544537025,1.3949396544537025,True
dmv.942,4009324.0,4009324.0,True,2.3690253020209893,2.3690253020209893,True
dmv.944,4276987.0,4276987.0,True,2.280144410071857,2.280144410071857,True
dmv.945,49002.0,49002.0,True,1.6401245104930213,1.6401245104930213,True
dmv.946,837575.0,837575.0,True,1.8491454496612243,1.8491454496612243,True
dmv.947,4436592.0,4436592.0,True,2.38107155221846,2.38107155221846,True
dmv.948,239179.0,239179.0,True,2.0847524239168154,2.0847524239168154,True
dmv.949,4771674.0,4771674.0,True,2.3787779718396522,2.3787779718396522,True
dmv.95,648067.0,648067.0,True,2.2086265771903215,2.2086265771903215,True
dmv.950,4459225.0,4459225.0,True,2.3798052352146395,2.3798052352146395,True
dmv.951,2199040.0,2199040.0,True,2.3738153921711294,2.3738153921711294,True
dmv.952,389838.0,389838.0,True,2.3291828913548707,2.3291828913548707,True
dmv.953,4561775.0,4561775.0,True,2.3516703476168814,2.3516703476168814,True
dmv.954,211823.0,211823.0,True,2.2366881783375745,2.2366881783375745,True
dmv.955,959580.0,959580.0,True,2.362065695408408,2.362065695408408,True
dmv.956,376186.0,376186.0,True,1.8729112726151425,1.8729112726151425,True
dmv.957,4491908.0,4491908.0,True,2.3892748916496065,2.3892748916496065,True
dmv.958,1334892.0,1334892.0,True,2.3229609586393507,2.3229609586393507,True
dmv.959,640000.0,640000.0,True,2.2442109375,2.2442109375,True
dmv.96,444305.0,444305.0,True,2.3623141760727426,2.3623141760727426,True
dmv.960,2433447.0,2433447.0,True,2.3691615227288696,2.3691615227288696,True
dmv.961,2328431.0,2328431.0,True,2.442162125482782,2.442162125482782,True
dmv.962,4856240.0,4856240.0,True,2.3528717691053163,2.3528717691053163,True
dmv.963,4257288.0,4257288.0,True,2.3809617766052003,2.3809617766052003,True
dmv.964,2175573.0,2175573.0,True,2.3728484403878887,2.3728484403878887,True
dmv.965,548866.0,548866.0,True,2.383669238028954,2.383669238028954,True
dmv.966,836638.0,836638.0,True,2.3776794742768077,2.3776794742768077,True
dmv.967,440064.0,440064.0,True,2.264888743455497,2.264888743455497,True
dmv.968,4154080.0,4154080.0,True,2.3875007221815663,2.3875007221815663,True
dmv.969,2793724.0,2793724.0,True,2.3928852671201595,2.3928852671201595,True
dmv.97,4630230.0,4630230.0,True,2.376633126216192,2.376633126216192,True
dmv.970,2604904.0,2604904.0,True,2.344547438216533,2.344547438216533,True
dmv.971,4408070.0,4408070.0,True,2.365378045266976,2.365378045266976,True
dmv.972,357508.0,357508.0,True,2.2398435839198005,2.2398435839198005,True
dmv.973,4776875.0,4776875.0,True,2.387507104540102,2.387507104540102,True
dmv.974,4393969.0,4393969.0,True,2.3823741132447678,2.3823741132447678,True
dmv.975,4464459.0,4464459.0,True,2.3822946968490473,2.3822946968490473,True
dmv.976,1564.0,1564.0,True,3.6627634660421546,3.6627634660421546,True
dmv.977,974639.0,974639.0,True,2.396770496563343,2.396770496563343,True
dmv.978,2126513.0,2126513.0,True,2.386016450404959,2.386016450404959,True
dmv.979,2866547.0,2866547.0,True,2.4400224381459643,2.4400224381459643,True
dmv.98,4695037.0,4695037.0,True,2.378138021063519,2.378138021063519,True
dmv.980,136290.0,136290.0,True,1.7000807102502018,1.7000807102502018,True
dmv.981,4671997.0,4671997.0,True,2.379585646138043,2.379585646138043,True
dmv.982,1616354.0,1616354.0,True,2.2239651709959576,2.2239651709959576,True
dmv.983,4733302.0,4733302.0,True,2.388479120918124,2.388479120918124,True
dmv.984,4649068.0,4649068.0,True,2.375717025433915,2.375717025433915,True
dmv.985,2408.0,2408.0,True,1.5627076411960132,1.5627076411960132,True
dmv.986,2441420.0,2441420.0,True,2.274386217856821,2.274386217856821,True
dmv.987,881306.0,881306.0,True,2.301367515936576,2.301367515936576,True
dmv.988,4292910.0,4292910.0,True,2.431126438709407,2.431126438709407,True
dmv.989,1645.0,1645.0,True,5.071732522796353,5.071732522796353,True
dmv.99,2344178.0,2344178.0,True,2.4382367721222535,2.4382367721222535,True
dmv.990,1120696.0,1120696.0,True,2.267187533461349,2.267187533461349,True
dmv.991,389324.0,389324.0,True,2.2455486946604886,2.2455486946604886,True
dmv.992,17919.0,17919.0,True,4.594564428818573,4.594564428818573,True
dmv.993,1993247.0,1993247.0,True,2.361826707879154,2.361826707879154,True
dmv.994,852528.0,852528.0,True,2.326210986618621,2.326210986618621,True
dmv.995,4285050.0,4285050.0,True,2.3835474498547273,2.3835474498547273,True
dmv.996,1175837.0,1175837.0,True,2.3368247469674794,2.3368247469674794,True
dmv.997,288374.0,288374.0,True,2.3123513215477125,2.3123513215477125,True
dmv.998,884310.0,884310.0,True,2.38786059187389,2.38786059187389,True
dmv.999,158290.0,158290.0,True,3.0023753869480068,3.0023753869480068,True
