path,design_id,repetition,warmup,cleanup_before_elapsed_seconds,create_elapsed_seconds,alter_elapsed_seconds,analyze_elapsed_seconds,catalog_check_elapsed_seconds,explain_elapsed_seconds,objective_elapsed_seconds,cleanup_after_elapsed_seconds,physical_materialization_seconds,physical_total_seconds,objective,estimate_vector_digest,query_count,planner_calls,ordinary_statistics_digest,statistic_count,data_row_count,payload_check
physical,empty,1,False,0.00434979399869917,3.259992809034884e-07,1.701002474874258e-06,0.05749224299870548,0.0007125789998099208,0.2820941080026387,0.0012840810013585724,0.005314746998919873,0.0671588109980803,0.35124957900188747,42791.986480127205,dc3c8f43a45d340538d352f7db150bf2e0ae3fa845501c637ad075972bb03a63,1963,1963,bf6db08fd40e3873e1fc51675b0ff77de011b20fa20bcdf4f2e5817c4f7fc4fc,0,0,"{'all_payloads_match': True, 'exact_payload_count': 0, 'states': {}}"
physical,empty,2,False,0.004262866001226939,2.3500251700170338e-07,1.7739985196385533e-06,0.05746158300098614,0.0007282299993676133,0.2910762280007475,0.0012762149999616668,0.0041608610008552205,0.06588731900410494,0.3589679920041817,42791.986480127205,dc3c8f43a45d340538d352f7db150bf2e0ae3fa845501c637ad075972bb03a63,1963,1963,bf6db08fd40e3873e1fc51675b0ff77de011b20fa20bcdf4f2e5817c4f7fc4fc,0,0,"{'all_payloads_match': True, 'exact_payload_count': 0, 'states': {}}"
physical,empty,3,False,0.004300799002521671,2.939996193163097e-07,1.6480007616337389e-06,0.05684265500167385,0.0006902009990881197,0.2815957700004219,0.0012747990003845189,0.004472633001569193,0.06561802900614566,0.3491787990060402,42791.986480127205,dc3c8f43a45d340538d352f7db150bf2e0ae3fa845501c637ad075972bb03a63,1963,1963,bf6db08fd40e3873e1fc51675b0ff77de011b20fa20bcdf4f2e5817c4f7fc4fc,0,0,"{'all_payloads_match': True, 'exact_payload_count': 0, 'states': {}}"
physical,prefix-01,1,False,0.004220694998366525,0.00015635599993402138,0.0006213460001163185,0.06079783599852817,0.0009754179991432466,0.29141817900017486,0.0013031439993937965,0.006272057002206566,0.0720682899991516,0.3657650309978635,22407.372654482235,6bf4d37c8663bde6b3e219bcf130b51e397557846efd9f773094fbea129ad1bf,1963,1963,bf6db08fd40e3873e1fc51675b0ff77de011b20fa20bcdf4f2e5817c4f7fc4fc,1,1,"{'all_payloads_match': True, 'exact_payload_count': 1, 'states': {'cand_f94acad130c4ac5b3553': {'mechanism': 'mcv', 'physical_oid': 302857, 'data_row_exists': True, 'physical_state': 'PRESENT', 'frozen_state': 'PRESENT', 'physical_payload_digest': 'e5364e7606990c4cc7af160d5e01275091a1ef9f51d8f5da42817aed6a33aeba', 'frozen_payload_digest': 'e5364e7606990c4cc7af160d5e01275091a1ef9f51d8f5da42817aed6a33aeba', 'payload_exact': True}}}"
physical,prefix-01,2,False,0.004720526001619874,0.0001765509987308178,0.0006542779992741998,0.060963168001762824,0.0009904509970510844,0.29031798600044567,0.0014974849982536398,0.006134485000075074,0.07264900800146279,0.3654549299972132,22407.372654482235,6bf4d37c8663bde6b3e219bcf130b51e397557846efd9f773094fbea129ad1bf,1963,1963,bf6db08fd40e3873e1fc51675b0ff77de011b20fa20bcdf4f2e5817c4f7fc4fc,1,1,"{'all_payloads_match': True, 'exact_payload_count': 1, 'states': {'cand_f94acad130c4ac5b3553': {'mechanism': 'mcv', 'physical_oid': 302858, 'data_row_exists': True, 'physical_state': 'PRESENT', 'frozen_state': 'PRESENT', 'physical_payload_digest': 'e5364e7606990c4cc7af160d5e01275091a1ef9f51d8f5da42817aed6a33aeba', 'frozen_payload_digest': 'e5364e7606990c4cc7af160d5e01275091a1ef9f51d8f5da42817aed6a33aeba', 'payload_exact': True}}}"
physical,prefix-01,3,False,0.004371626000647666,0.00015359600001829676,0.0005655159984598868,0.06033847399885417,0.001036483998177573,0.2874258599986206,0.0012661229993682355,0.005505263001396088,0.07093447499937611,0.3606629419955425,22407.372654482235,6bf4d37c8663bde6b3e219bcf130b51e397557846efd9f773094fbea129ad1bf,1963,1963,bf6db08fd40e3873e1fc51675b0ff77de011b20fa20bcdf4f2e5817c4f7fc4fc,1,1,"{'all_payloads_match': True, 'exact_payload_count': 1, 'states': {'cand_f94acad130c4ac5b3553': {'mechanism': 'mcv', 'physical_oid': 302859, 'data_row_exists': True, 'physical_state': 'PRESENT', 'frozen_state': 'PRESENT', 'physical_payload_digest': 'e5364e7606990c4cc7af160d5e01275091a1ef9f51d8f5da42817aed6a33aeba', 'frozen_payload_digest': 'e5364e7606990c4cc7af160d5e01275091a1ef9f51d8f5da42817aed6a33aeba', 'payload_exact': True}}}"
physical,prefix-05,1,False,0.0044600739965972025,0.0006727850013703573,0.0007967179990373552,0.07369902899881708,0.0013884120016882662,0.26594632799969986,0.0014678689985885285,0.00608116399962455,0.08570976999544655,0.3545123789954232,22060.692616801265,bf782645c518121017bc6f16b6ba4a28ffdff793e5a13c1b4e08496c8299f29c,1963,1963,bf6db08fd40e3873e1fc51675b0ff77de011b20fa20bcdf4f2e5817c4f7fc4fc,5,5,"{'all_payloads_match': True, 'exact_payload_count': 5, 'states': {'cand_f94acad130c4ac5b3553': {'mechanism': 'mcv', 'physical_oid': 302865, 'data_row_exists': True, 'physical_state': 'PRESENT', 'frozen_state': 'PRESENT', 'physical_payload_digest': 'e5364e7606990c4cc7af160d5e01275091a1ef9f51d8f5da42817aed6a33aeba', 'frozen_payload_digest': 'e5364e7606990c4cc7af160d5e01275091a1ef9f51d8f5da42817aed6a33aeba', 'payload_exact': True}, 'cand_6ca6020979af5e5766a4': {'mechanism': 'mcv', 'physical_oid': 302866, 'data_row_exists': True, 'physical_state': 'PRESENT', 'frozen_state': 'PRESENT', 'physical_payload_digest': '0c81af9f65c04abc7bfb40cee51a2a9c0d252da29bb76547540ba1b53cdfcce1', 'frozen_payload_digest': '0c81af9f65c04abc7bfb40cee51a2a9c0d252da29bb76547540ba1b53cdfcce1', 'payload_exact': True}, 'cand_c6f83d66ce3d1e079f11': {'mechanism': 'mcv', 'physical_oid': 302867, 'data_row_exists': True, 'physical_state': 'PRESENT', 'frozen_state': 'PRESENT', 'physical_payload_digest': 'ea0147b237f71cd5423db2ecfb627ad7814f2b6fc202936bee2926d27882f458', 'frozen_payload_digest': 'ea0147b237f71cd5423db2ecfb627ad7814f2b6fc202936bee2926d27882f458', 'payload_exact': True}, 'cand_1f420ce5268e234e658c': {'mechanism': 'mcv', 'physical_oid': 302868, 'data_row_exists': True, 'physical_state': 'PRESENT', 'frozen_state': 'PRESENT', 'physical_payload_digest': 'bf8c92d88e517ee8af53cab53d278a018da95e019ee24c9a780c87fe083a9d3e', 'frozen_payload_digest': 'bf8c92d88e517ee8af53cab53d278a018da95e019ee24c9a780c87fe083a9d3e', 'payload_exact': True}, 'cand_bb3c9704bc50457d0385': {'mechanism': 'fd', 'physical_oid': 302869, 'data_row_exists': True, 'physical_state': 'PRESENT', 'frozen_state': 'PRESENT', 'physical_payload_digest': '549f92848d6b7819e4c095cacaa44519dad6611740d40ad4c06823fbc6935713', 'frozen_payload_digest': '549f92848d6b7819e4c095cacaa44519dad6611740d40ad4c06823fbc6935713', 'payload_exact': True}}}"
physical,prefix-05,2,False,0.004291026998544112,0.0004067740010214038,0.0010942459994112141,0.07693926300271414,0.0013774170001852326,0.3095493390028423,0.0013792450008622836,0.006936791996849934,0.0896681019985408,0.40197410300243064,22060.692616801265,bf782645c518121017bc6f16b6ba4a28ffdff793e5a13c1b4e08496c8299f29c,1963,1963,bf6db08fd40e3873e1fc51675b0ff77de011b20fa20bcdf4f2e5817c4f7fc4fc,5,5,"{'all_payloads_match': True, 'exact_payload_count': 5, 'states': {'cand_f94acad130c4ac5b3553': {'mechanism': 'mcv', 'physical_oid': 302870, 'data_row_exists': True, 'physical_state': 'PRESENT', 'frozen_state': 'PRESENT', 'physical_payload_digest': 'e5364e7606990c4cc7af160d5e01275091a1ef9f51d8f5da42817aed6a33aeba', 'frozen_payload_digest': 'e5364e7606990c4cc7af160d5e01275091a1ef9f51d8f5da42817aed6a33aeba', 'payload_exact': True}, 'cand_6ca6020979af5e5766a4': {'mechanism': 'mcv', 'physical_oid': 302871, 'data_row_exists': True, 'physical_state': 'PRESENT', 'frozen_state': 'PRESENT', 'physical_payload_digest': '0c81af9f65c04abc7bfb40cee51a2a9c0d252da29bb76547540ba1b53cdfcce1', 'frozen_payload_digest': '0c81af9f65c04abc7bfb40cee51a2a9c0d252da29bb76547540ba1b53cdfcce1', 'payload_exact': True}, 'cand_c6f83d66ce3d1e079f11': {'mechanism': 'mcv', 'physical_oid': 302872, 'data_row_exists': True, 'physical_state': 'PRESENT', 'frozen_state': 'PRESENT', 'physical_payload_digest': 'ea0147b237f71cd5423db2ecfb627ad7814f2b6fc202936bee2926d27882f458', 'frozen_payload_digest': 'ea0147b237f71cd5423db2ecfb627ad7814f2b6fc202936bee2926d27882f458', 'payload_exact': True}, 'cand_1f420ce5268e234e658c': {'mechanism': 'mcv', 'physical_oid': 302873, 'data_row_exists': True, 'physical_state': 'PRESENT', 'frozen_state': 'PRESENT', 'physical_payload_digest': 'bf8c92d88e517ee8af53cab53d278a018da95e019ee24c9a780c87fe083a9d3e', 'frozen_payload_digest': 'bf8c92d88e517ee8af53cab53d278a018da95e019ee24c9a780c87fe083a9d3e', 'payload_exact': True}, 'cand_bb3c9704bc50457d0385': {'mechanism': 'fd', 'physical_oid': 302874, 'data_row_exists': True, 'physical_state': 'PRESENT', 'frozen_state': 'PRESENT', 'physical_payload_digest': '549f92848d6b7819e4c095cacaa44519dad6611740d40ad4c06823fbc6935713', 'frozen_payload_digest': '549f92848d6b7819e4c095cacaa44519dad6611740d40ad4c06823fbc6935713', 'payload_exact': True}}}"
physical,prefix-05,3,False,0.004881308999756584,0.0005605890000879299,0.0008331369972438551,0.07735107199914637,0.0010642480010574218,0.2581552139999985,0.0012766869986080565,0.006161662000522483,0.08978776899675722,0.3502839179964212,22060.692616801265,bf782645c518121017bc6f16b6ba4a28ffdff793e5a13c1b4e08496c8299f29c,1963,1963,bf6db08fd40e3873e1fc51675b0ff77de011b20fa20bcdf4f2e5817c4f7fc4fc,5,5,"{'all_payloads_match': True, 'exact_payload_count': 5, 'states': {'cand_f94acad130c4ac5b3553': {'mechanism': 'mcv', 'physical_oid': 302875, 'data_row_exists': True, 'physical_state': 'PRESENT', 'frozen_state': 'PRESENT', 'physical_payload_digest': 'e5364e7606990c4cc7af160d5e01275091a1ef9f51d8f5da42817aed6a33aeba', 'frozen_payload_digest': 'e5364e7606990c4cc7af160d5e01275091a1ef9f51d8f5da42817aed6a33aeba', 'payload_exact': True}, 'cand_6ca6020979af5e5766a4': {'mechanism': 'mcv', 'physical_oid': 302876, 'data_row_exists': True, 'physical_state': 'PRESENT', 'frozen_state': 'PRESENT', 'physical_payload_digest': '0c81af9f65c04abc7bfb40cee51a2a9c0d252da29bb76547540ba1b53cdfcce1', 'frozen_payload_digest': '0c81af9f65c04abc7bfb40cee51a2a9c0d252da29bb76547540ba1b53cdfcce1', 'payload_exact': True}, 'cand_c6f83d66ce3d1e079f11': {'mechanism': 'mcv', 'physical_oid': 302877, 'data_row_exists': True, 'physical_state': 'PRESENT', 'frozen_state': 'PRESENT', 'physical_payload_digest': 'ea0147b237f71cd5423db2ecfb627ad7814f2b6fc202936bee2926d27882f458', 'frozen_payload_digest': 'ea0147b237f71cd5423db2ecfb627ad7814f2b6fc202936bee2926d27882f458', 'payload_exact': True}, 'cand_1f420ce5268e234e658c': {'mechanism': 'mcv', 'physical_oid': 302878, 'data_row_exists': True, 'physical_state': 'PRESENT', 'frozen_state': 'PRESENT', 'physical_payload_digest': 'bf8c92d88e517ee8af53cab53d278a018da95e019ee24c9a780c87fe083a9d3e', 'frozen_payload_digest': 'bf8c92d88e517ee8af53cab53d278a018da95e019ee24c9a780c87fe083a9d3e', 'payload_exact': True}, 'cand_bb3c9704bc50457d0385': {'mechanism': 'fd', 'physical_oid': 302879, 'data_row_exists': True, 'physical_state': 'PRESENT', 'frozen_state': 'PRESENT', 'physical_payload_digest': '549f92848d6b7819e4c095cacaa44519dad6611740d40ad4c06823fbc6935713', 'frozen_payload_digest': '549f92848d6b7819e4c095cacaa44519dad6611740d40ad4c06823fbc6935713', 'payload_exact': True}}}"
physical,prefix-16,1,False,0.004525712996837683,0.0011546789974090643,0.0016555420006625354,0.13190780199875007,0.001333779000560753,0.28024142700087395,0.0012809069994546007,0.006421911999495933,0.1456656479931553,0.4285217609940446,22014.341461124513,7b949cb8a35fadc14be56e8a9cdeff73114af3089f6f96ac495274c8a1ab1adb,1963,1963,bf6db08fd40e3873e1fc51675b0ff77de011b20fa20bcdf4f2e5817c4f7fc4fc,16,16,"{'all_payloads_match': True, 'exact_payload_count': 16, 'states': {'cand_f94acad130c4ac5b3553': {'mechanism': 'mcv', 'physical_oid': 302898, 'data_row_exists': True, 'physical_state': 'PRESENT', 'frozen_state': 'PRESENT', 'physical_payload_digest': 'e5364e7606990c4cc7af160d5e01275091a1ef9f51d8f5da42817aed6a33aeba', 'frozen_payload_digest': 'e5364e7606990c4cc7af160d5e01275091a1ef9f51d8f5da42817aed6a33aeba', 'payload_exact': True}, 'cand_6ca6020979af5e5766a4': {'mechanism': 'mcv', 'physical_oid': 302899, 'data_row_exists': True, 'physical_state': 'PRESENT', 'frozen_state': 'PRESENT', 'physical_payload_digest': '0c81af9f65c04abc7bfb40cee51a2a9c0d252da29bb76547540ba1b53cdfcce1', 'frozen_payload_digest': '0c81af9f65c04abc7bfb40cee51a2a9c0d252da29bb76547540ba1b53cdfcce1', 'payload_exact': True}, 'cand_c6f83d66ce3d1e079f11': {'mechanism': 'mcv', 'physical_oid': 302900, 'data_row_exists': True, 'physical_state': 'PRESENT', 'frozen_state': 'PRESENT', 'physical_payload_digest': 'ea0147b237f71cd5423db2ecfb627ad7814f2b6fc202936bee2926d27882f458', 'frozen_payload_digest': 'ea0147b237f71cd5423db2ecfb627ad7814f2b6fc202936bee2926d27882f458', 'payload_exact': True}, 'cand_1f420ce5268e234e658c': {'mechanism': 'mcv', 'physical_oid': 302901, 'data_row_exists': True, 'physical_state': 'PRESENT', 'frozen_state': 'PRESENT', 'physical_payload_digest': 'bf8c92d88e517ee8af53cab53d278a018da95e019ee24c9a780c87fe083a9d3e', 'frozen_payload_digest': 'bf8c92d88e517ee8af53cab53d278a018da95e019ee24c9a780c87fe083a9d3e', 'payload_exact': True}, 'cand_93041865e5a926191d54': {'mechanism': 'mcv', 'physical_oid': 302902, 'data_row_exists': True, 'physical_state': 'PRESENT', 'frozen_state': 'PRESENT', 'physical_payload_digest': '2d7a50c64916340c9a9869524072d3574043dccdba7843fb058fe902928abdb7', 'frozen_payload_digest': '2d7a50c64916340c9a9869524072d3574043dccdba7843fb058fe902928abdb7', 'payload_exact': True}, 'cand_560443d79842b416ea0d': {'mechanism': 'mcv', 'physical_oid': 302903, 'data_row_exists': True, 'physical_state': 'PRESENT', 'frozen_state': 'PRESENT', 'physical_payload_digest': 'a450d305b4d7caf5b333e8e52440adf27af378894e03a4d5b18f9ed849292cbc', 'frozen_payload_digest': 'a450d305b4d7caf5b333e8e52440adf27af378894e03a4d5b18f9ed849292cbc', 'payload_exact': True}, 'cand_0fdc909a2a3cf9718db9': {'mechanism': 'mcv', 'physical_oid': 302904, 'data_row_exists': True, 'physical_state': 'PRESENT', 'frozen_state': 'PRESENT', 'physical_payload_digest': 'ee02896fb5813f451f4a465c84acac57ab7b3bb1c69f049ea6bf4144a8b702d2', 'frozen_payload_digest': 'ee02896fb5813f451f4a465c84acac57ab7b3bb1c69f049ea6bf4144a8b702d2', 'payload_exact': True}, 'cand_7531356383a7948fede1': {'mechanism': 'mcv', 'physical_oid': 302905, 'data_row_exists': True, 'physical_state': 'PRESENT', 'frozen_state': 'PRESENT', 'physical_payload_digest': '56c3fb0c5a0bd61162474cfd9a0a74a9f323b27ded869e57b59aad89839cd4a4', 'frozen_payload_digest': '56c3fb0c5a0bd61162474cfd9a0a74a9f323b27ded869e57b59aad89839cd4a4', 'payload_exact': True}, 'cand_850ffdf5fc1ceee3e08d': {'mechanism': 'fd', 'physical_oid': 302906, 'data_row_exists': True, 'physical_state': 'PRESENT', 'frozen_state': 'PRESENT', 'physical_payload_digest': '795fab1f226de13bb19258d3f3b3b7992c4a81a39d5d7cad2055a3803d19a218', 'frozen_payload_digest': '795fab1f226de13bb19258d3f3b3b7992c4a81a39d5d7cad2055a3803d19a218', 'payload_exact': True}, 'cand_cfb64b0bf69c059cd760': {'mechanism': 'fd', 'physical_oid': 302907, 'data_row_exists': True, 'physical_state': 'PRESENT', 'frozen_state': 'PRESENT', 'physical_payload_digest': 'fef16a8cb39fbe1f68bf24d2999058c6caa284bf09ab830aa3b0050ed0e93169', 'frozen_payload_digest': 'fef16a8cb39fbe1f68bf24d2999058c6caa284bf09ab830aa3b0050ed0e93169', 'payload_exact': True}, 'cand_663a31a8fc0678a2324b': {'mechanism': 'fd', 'physical_oid': 302908, 'data_row_exists': True, 'physical_state': 'PRESENT', 'frozen_state': 'PRESENT', 'physical_payload_digest': '9a72dadbc8664c8b00edb8d78f3a657c09af2ae16a2b035217a54cf34fd9306a', 'frozen_payload_digest': '9a72dadbc8664c8b00edb8d78f3a657c09af2ae16a2b035217a54cf34fd9306a', 'payload_exact': True}, 'cand_bb3c9704bc50457d0385': {'mechanism': 'fd', 'physical_oid': 302909, 'data_row_exists': True, 'physical_state': 'PRESENT', 'frozen_state': 'PRESENT', 'physical_payload_digest': '549f92848d6b7819e4c095cacaa44519dad6611740d40ad4c06823fbc6935713', 'frozen_payload_digest': '549f92848d6b7819e4c095cacaa44519dad6611740d40ad4c06823fbc6935713', 'payload_exact': True}, 'cand_9e3965b9e6ab7faacc4e': {'mechanism': 'fd', 'physical_oid': 302910, 'data_row_exists': True, 'physical_state': 'PRESENT', 'frozen_state': 'PRESENT', 'physical_payload_digest': 'f80bd8b3374f2a59dec5f903dd8190d700a7356e34ff22aeb972f7bed7a3952f', 'frozen_payload_digest': 'f80bd8b3374f2a59dec5f903dd8190d700a7356e34ff22aeb972f7bed7a3952f', 'payload_exact': True}, 'cand_2bea04f8b2c85ff2a4e0': {'mechanism': 'fd', 'physical_oid': 302911, 'data_row_exists': True, 'physical_state': 'PRESENT', 'frozen_state': 'PRESENT', 'physical_payload_digest': 'ad5477df5b974c9a962ba5eac390815b699551f1cddbd17f5110f1e8745ccac3', 'frozen_payload_digest': 'ad5477df5b974c9a962ba5eac390815b699551f1cddbd17f5110f1e8745ccac3', 'payload_exact': True}, 'cand_0ef1e644231e36b17de7': {'mechanism': 'fd', 'physical_oid': 302912, 'data_row_exists': True, 'physical_state': 'PRESENT', 'frozen_state': 'PRESENT', 'physical_payload_digest': 'fe360fe594fedc725d337d71717d66b7c4e3652c6cc2dc186dca2cdb4fbed233', 'frozen_payload_digest': 'fe360fe594fedc725d337d71717d66b7c4e3652c6cc2dc186dca2cdb4fbed233', 'payload_exact': True}, 'cand_dd4fa07161dcf5def8eb': {'mechanism': 'fd', 'physical_oid': 302913, 'data_row_exists': True, 'physical_state': 'PRESENT', 'frozen_state': 'PRESENT', 'physical_payload_digest': 'a9678dec0b8ad5625dcfefdae79ed81c621275b5c6adb0bac7b8b715b86e1992', 'frozen_payload_digest': 'a9678dec0b8ad5625dcfefdae79ed81c621275b5c6adb0bac7b8b715b86e1992', 'payload_exact': True}}}"
physical,prefix-16,2,False,0.0043301229998178314,0.001267594998353161,0.0017348529981973115,0.1286664320032287,0.001567176001117332,0.2686822409996239,0.0012634010017791297,0.006366919998981757,0.14236592299857875,0.4138787410010991,22014.341461124513,7b949cb8a35fadc14be56e8a9cdeff73114af3089f6f96ac495274c8a1ab1adb,1963,1963,bf6db08fd40e3873e1fc51675b0ff77de011b20fa20bcdf4f2e5817c4f7fc4fc,16,16,"{'all_payloads_match': True, 'exact_payload_count': 16, 'states': {'cand_f94acad130c4ac5b3553': {'mechanism': 'mcv', 'physical_oid': 302916, 'data_row_exists': True, 'physical_state': 'PRESENT', 'frozen_state': 'PRESENT', 'physical_payload_digest': 'e5364e7606990c4cc7af160d5e01275091a1ef9f51d8f5da42817aed6a33aeba', 'frozen_payload_digest': 'e5364e7606990c4cc7af160d5e01275091a1ef9f51d8f5da42817aed6a33aeba', 'payload_exact': True}, 'cand_6ca6020979af5e5766a4': {'mechanism': 'mcv', 'physical_oid': 302917, 'data_row_exists': True, 'physical_state': 'PRESENT', 'frozen_state': 'PRESENT', 'physical_payload_digest': '0c81af9f65c04abc7bfb40cee51a2a9c0d252da29bb76547540ba1b53cdfcce1', 'frozen_payload_digest': '0c81af9f65c04abc7bfb40cee51a2a9c0d252da29bb76547540ba1b53cdfcce1', 'payload_exact': True}, 'cand_c6f83d66ce3d1e079f11': {'mechanism': 'mcv', 'physical_oid': 302918, 'data_row_exists': True, 'physical_state': 'PRESENT', 'frozen_state': 'PRESENT', 'physical_payload_digest': 'ea0147b237f71cd5423db2ecfb627ad7814f2b6fc202936bee2926d27882f458', 'frozen_payload_digest': 'ea0147b237f71cd5423db2ecfb627ad7814f2b6fc202936bee2926d27882f458', 'payload_exact': True}, 'cand_1f420ce5268e234e658c': {'mechanism': 'mcv', 'physical_oid': 302919, 'data_row_exists': True, 'physical_state': 'PRESENT', 'frozen_state': 'PRESENT', 'physical_payload_digest': 'bf8c92d88e517ee8af53cab53d278a018da95e019ee24c9a780c87fe083a9d3e', 'frozen_payload_digest': 'bf8c92d88e517ee8af53cab53d278a018da95e019ee24c9a780c87fe083a9d3e', 'payload_exact': True}, 'cand_93041865e5a926191d54': {'mechanism': 'mcv', 'physical_oid': 302920, 'data_row_exists': True, 'physical_state': 'PRESENT', 'frozen_state': 'PRESENT', 'physical_payload_digest': '2d7a50c64916340c9a9869524072d3574043dccdba7843fb058fe902928abdb7', 'frozen_payload_digest': '2d7a50c64916340c9a9869524072d3574043dccdba7843fb058fe902928abdb7', 'payload_exact': True}, 'cand_560443d79842b416ea0d': {'mechanism': 'mcv', 'physical_oid': 302921, 'data_row_exists': True, 'physical_state': 'PRESENT', 'frozen_state': 'PRESENT', 'physical_payload_digest': 'a450d305b4d7caf5b333e8e52440adf27af378894e03a4d5b18f9ed849292cbc', 'frozen_payload_digest': 'a450d305b4d7caf5b333e8e52440adf27af378894e03a4d5b18f9ed849292cbc', 'payload_exact': True}, 'cand_0fdc909a2a3cf9718db9': {'mechanism': 'mcv', 'physical_oid': 302922, 'data_row_exists': True, 'physical_state': 'PRESENT', 'frozen_state': 'PRESENT', 'physical_payload_digest': 'ee02896fb5813f451f4a465c84acac57ab7b3bb1c69f049ea6bf4144a8b702d2', 'frozen_payload_digest': 'ee02896fb5813f451f4a465c84acac57ab7b3bb1c69f049ea6bf4144a8b702d2', 'payload_exact': True}, 'cand_7531356383a7948fede1': {'mechanism': 'mcv', 'physical_oid': 302923, 'data_row_exists': True, 'physical_state': 'PRESENT', 'frozen_state': 'PRESENT', 'physical_payload_digest': '56c3fb0c5a0bd61162474cfd9a0a74a9f323b27ded869e57b59aad89839cd4a4', 'frozen_payload_digest': '56c3fb0c5a0bd61162474cfd9a0a74a9f323b27ded869e57b59aad89839cd4a4', 'payload_exact': True}, 'cand_850ffdf5fc1ceee3e08d': {'mechanism': 'fd', 'physical_oid': 302924, 'data_row_exists': True, 'physical_state': 'PRESENT', 'frozen_state': 'PRESENT', 'physical_payload_digest': '795fab1f226de13bb19258d3f3b3b7992c4a81a39d5d7cad2055a3803d19a218', 'frozen_payload_digest': '795fab1f226de13bb19258d3f3b3b7992c4a81a39d5d7cad2055a3803d19a218', 'payload_exact': True}, 'cand_cfb64b0bf69c059cd760': {'mechanism': 'fd', 'physical_oid': 302925, 'data_row_exists': True, 'physical_state': 'PRESENT', 'frozen_state': 'PRESENT', 'physical_payload_digest': 'fef16a8cb39fbe1f68bf24d2999058c6caa284bf09ab830aa3b0050ed0e93169', 'frozen_payload_digest': 'fef16a8cb39fbe1f68bf24d2999058c6caa284bf09ab830aa3b0050ed0e93169', 'payload_exact': True}, 'cand_663a31a8fc0678a2324b': {'mechanism': 'fd', 'physical_oid': 302926, 'data_row_exists': True, 'physical_state': 'PRESENT', 'frozen_state': 'PRESENT', 'physical_payload_digest': '9a72dadbc8664c8b00edb8d78f3a657c09af2ae16a2b035217a54cf34fd9306a', 'frozen_payload_digest': '9a72dadbc8664c8b00edb8d78f3a657c09af2ae16a2b035217a54cf34fd9306a', 'payload_exact': True}, 'cand_bb3c9704bc50457d0385': {'mechanism': 'fd', 'physical_oid': 302927, 'data_row_exists': True, 'physical_state': 'PRESENT', 'frozen_state': 'PRESENT', 'physical_payload_digest': '549f92848d6b7819e4c095cacaa44519dad6611740d40ad4c06823fbc6935713', 'frozen_payload_digest': '549f92848d6b7819e4c095cacaa44519dad6611740d40ad4c06823fbc6935713', 'payload_exact': True}, 'cand_9e3965b9e6ab7faacc4e': {'mechanism': 'fd', 'physical_oid': 302928, 'data_row_exists': True, 'physical_state': 'PRESENT', 'frozen_state': 'PRESENT', 'physical_payload_digest': 'f80bd8b3374f2a59dec5f903dd8190d700a7356e34ff22aeb972f7bed7a3952f', 'frozen_payload_digest': 'f80bd8b3374f2a59dec5f903dd8190d700a7356e34ff22aeb972f7bed7a3952f', 'payload_exact': True}, 'cand_2bea04f8b2c85ff2a4e0': {'mechanism': 'fd', 'physical_oid': 302929, 'data_row_exists': True, 'physical_state': 'PRESENT', 'frozen_state': 'PRESENT', 'physical_payload_digest': 'ad5477df5b974c9a962ba5eac390815b699551f1cddbd17f5110f1e8745ccac3', 'frozen_payload_digest': 'ad5477df5b974c9a962ba5eac390815b699551f1cddbd17f5110f1e8745ccac3', 'payload_exact': True}, 'cand_0ef1e644231e36b17de7': {'mechanism': 'fd', 'physical_oid': 302930, 'data_row_exists': True, 'physical_state': 'PRESENT', 'frozen_state': 'PRESENT', 'physical_payload_digest': 'fe360fe594fedc725d337d71717d66b7c4e3652c6cc2dc186dca2cdb4fbed233', 'frozen_payload_digest': 'fe360fe594fedc725d337d71717d66b7c4e3652c6cc2dc186dca2cdb4fbed233', 'payload_exact': True}, 'cand_dd4fa07161dcf5def8eb': {'mechanism': 'fd', 'physical_oid': 302931, 'data_row_exists': True, 'physical_state': 'PRESENT', 'frozen_state': 'PRESENT', 'physical_payload_digest': 'a9678dec0b8ad5625dcfefdae79ed81c621275b5c6adb0bac7b8b715b86e1992', 'frozen_payload_digest': 'a9678dec0b8ad5625dcfefdae79ed81c621275b5c6adb0bac7b8b715b86e1992', 'payload_exact': True}}}"
physical,prefix-16,3,False,0.004483377000724431,0.0011873319999722298,0.0015759649977553636,0.13014872100029606,0.0013926289975643158,0.27215892899766914,0.0012645229980989825,0.0065297569999529514,0.14392515199870104,0.4187412329920335,22014.341461124513,7b949cb8a35fadc14be56e8a9cdeff73114af3089f6f96ac495274c8a1ab1adb,1963,1963,bf6db08fd40e3873e1fc51675b0ff77de011b20fa20bcdf4f2e5817c4f7fc4fc,16,16,"{'all_payloads_match': True, 'exact_payload_count': 16, 'states': {'cand_f94acad130c4ac5b3553': {'mechanism': 'mcv', 'physical_oid': 302934, 'data_row_exists': True, 'physical_state': 'PRESENT', 'frozen_state': 'PRESENT', 'physical_payload_digest': 'e5364e7606990c4cc7af160d5e01275091a1ef9f51d8f5da42817aed6a33aeba', 'frozen_payload_digest': 'e5364e7606990c4cc7af160d5e01275091a1ef9f51d8f5da42817aed6a33aeba', 'payload_exact': True}, 'cand_6ca6020979af5e5766a4': {'mechanism': 'mcv', 'physical_oid': 302935, 'data_row_exists': True, 'physical_state': 'PRESENT', 'frozen_state': 'PRESENT', 'physical_payload_digest': '0c81af9f65c04abc7bfb40cee51a2a9c0d252da29bb76547540ba1b53cdfcce1', 'frozen_payload_digest': '0c81af9f65c04abc7bfb40cee51a2a9c0d252da29bb76547540ba1b53cdfcce1', 'payload_exact': True}, 'cand_c6f83d66ce3d1e079f11': {'mechanism': 'mcv', 'physical_oid': 302936, 'data_row_exists': True, 'physical_state': 'PRESENT', 'frozen_state': 'PRESENT', 'physical_payload_digest': 'ea0147b237f71cd5423db2ecfb627ad7814f2b6fc202936bee2926d27882f458', 'frozen_payload_digest': 'ea0147b237f71cd5423db2ecfb627ad7814f2b6fc202936bee2926d27882f458', 'payload_exact': True}, 'cand_1f420ce5268e234e658c': {'mechanism': 'mcv', 'physical_oid': 302937, 'data_row_exists': True, 'physical_state': 'PRESENT', 'frozen_state': 'PRESENT', 'physical_payload_digest': 'bf8c92d88e517ee8af53cab53d278a018da95e019ee24c9a780c87fe083a9d3e', 'frozen_payload_digest': 'bf8c92d88e517ee8af53cab53d278a018da95e019ee24c9a780c87fe083a9d3e', 'payload_exact': True}, 'cand_93041865e5a926191d54': {'mechanism': 'mcv', 'physical_oid': 302938, 'data_row_exists': True, 'physical_state': 'PRESENT', 'frozen_state': 'PRESENT', 'physical_payload_digest': '2d7a50c64916340c9a9869524072d3574043dccdba7843fb058fe902928abdb7', 'frozen_payload_digest': '2d7a50c64916340c9a9869524072d3574043dccdba7843fb058fe902928abdb7', 'payload_exact': True}, 'cand_560443d79842b416ea0d': {'mechanism': 'mcv', 'physical_oid': 302939, 'data_row_exists': True, 'physical_state': 'PRESENT', 'frozen_state': 'PRESENT', 'physical_payload_digest': 'a450d305b4d7caf5b333e8e52440adf27af378894e03a4d5b18f9ed849292cbc', 'frozen_payload_digest': 'a450d305b4d7caf5b333e8e52440adf27af378894e03a4d5b18f9ed849292cbc', 'payload_exact': True}, 'cand_0fdc909a2a3cf9718db9': {'mechanism': 'mcv', 'physical_oid': 302940, 'data_row_exists': True, 'physical_state': 'PRESENT', 'frozen_state': 'PRESENT', 'physical_payload_digest': 'ee02896fb5813f451f4a465c84acac57ab7b3bb1c69f049ea6bf4144a8b702d2', 'frozen_payload_digest': 'ee02896fb5813f451f4a465c84acac57ab7b3bb1c69f049ea6bf4144a8b702d2', 'payload_exact': True}, 'cand_7531356383a7948fede1': {'mechanism': 'mcv', 'physical_oid': 302941, 'data_row_exists': True, 'physical_state': 'PRESENT', 'frozen_state': 'PRESENT', 'physical_payload_digest': '56c3fb0c5a0bd61162474cfd9a0a74a9f323b27ded869e57b59aad89839cd4a4', 'frozen_payload_digest': '56c3fb0c5a0bd61162474cfd9a0a74a9f323b27ded869e57b59aad89839cd4a4', 'payload_exact': True}, 'cand_850ffdf5fc1ceee3e08d': {'mechanism': 'fd', 'physical_oid': 302942, 'data_row_exists': True, 'physical_state': 'PRESENT', 'frozen_state': 'PRESENT', 'physical_payload_digest': '795fab1f226de13bb19258d3f3b3b7992c4a81a39d5d7cad2055a3803d19a218', 'frozen_payload_digest': '795fab1f226de13bb19258d3f3b3b7992c4a81a39d5d7cad2055a3803d19a218', 'payload_exact': True}, 'cand_cfb64b0bf69c059cd760': {'mechanism': 'fd', 'physical_oid': 302943, 'data_row_exists': True, 'physical_state': 'PRESENT', 'frozen_state': 'PRESENT', 'physical_payload_digest': 'fef16a8cb39fbe1f68bf24d2999058c6caa284bf09ab830aa3b0050ed0e93169', 'frozen_payload_digest': 'fef16a8cb39fbe1f68bf24d2999058c6caa284bf09ab830aa3b0050ed0e93169', 'payload_exact': True}, 'cand_663a31a8fc0678a2324b': {'mechanism': 'fd', 'physical_oid': 302944, 'data_row_exists': True, 'physical_state': 'PRESENT', 'frozen_state': 'PRESENT', 'physical_payload_digest': '9a72dadbc8664c8b00edb8d78f3a657c09af2ae16a2b035217a54cf34fd9306a', 'frozen_payload_digest': '9a72dadbc8664c8b00edb8d78f3a657c09af2ae16a2b035217a54cf34fd9306a', 'payload_exact': True}, 'cand_bb3c9704bc50457d0385': {'mechanism': 'fd', 'physical_oid': 302945, 'data_row_exists': True, 'physical_state': 'PRESENT', 'frozen_state': 'PRESENT', 'physical_payload_digest': '549f92848d6b7819e4c095cacaa44519dad6611740d40ad4c06823fbc6935713', 'frozen_payload_digest': '549f92848d6b7819e4c095cacaa44519dad6611740d40ad4c06823fbc6935713', 'payload_exact': True}, 'cand_9e3965b9e6ab7faacc4e': {'mechanism': 'fd', 'physical_oid': 302946, 'data_row_exists': True, 'physical_state': 'PRESENT', 'frozen_state': 'PRESENT', 'physical_payload_digest': 'f80bd8b3374f2a59dec5f903dd8190d700a7356e34ff22aeb972f7bed7a3952f', 'frozen_payload_digest': 'f80bd8b3374f2a59dec5f903dd8190d700a7356e34ff22aeb972f7bed7a3952f', 'payload_exact': True}, 'cand_2bea04f8b2c85ff2a4e0': {'mechanism': 'fd', 'physical_oid': 302947, 'data_row_exists': True, 'physical_state': 'PRESENT', 'frozen_state': 'PRESENT', 'physical_payload_digest': 'ad5477df5b974c9a962ba5eac390815b699551f1cddbd17f5110f1e8745ccac3', 'frozen_payload_digest': 'ad5477df5b974c9a962ba5eac390815b699551f1cddbd17f5110f1e8745ccac3', 'payload_exact': True}, 'cand_0ef1e644231e36b17de7': {'mechanism': 'fd', 'physical_oid': 302948, 'data_row_exists': True, 'physical_state': 'PRESENT', 'frozen_state': 'PRESENT', 'physical_payload_digest': 'fe360fe594fedc725d337d71717d66b7c4e3652c6cc2dc186dca2cdb4fbed233', 'frozen_payload_digest': 'fe360fe594fedc725d337d71717d66b7c4e3652c6cc2dc186dca2cdb4fbed233', 'payload_exact': True}, 'cand_dd4fa07161dcf5def8eb': {'mechanism': 'fd', 'physical_oid': 302949, 'data_row_exists': True, 'physical_state': 'PRESENT', 'frozen_state': 'PRESENT', 'physical_payload_digest': 'a9678dec0b8ad5625dcfefdae79ed81c621275b5c6adb0bac7b8b715b86e1992', 'frozen_payload_digest': 'a9678dec0b8ad5625dcfefdae79ed81c621275b5c6adb0bac7b8b715b86e1992', 'payload_exact': True}}}"
physical,prefix-30,1,False,0.004911800999252591,0.0029791330016450956,0.002275365000969032,0.1982634509986383,0.001297098999202717,0.27315694699791493,0.0013206000003265217,0.008076309000898618,0.21650605900140363,0.4922807049988478,22014.061481271827,5bcdb5fdafa4ac297e20ab8413a0846cd40aa02dca6824e473a435629cf9d08b,1963,1963,bf6db08fd40e3873e1fc51675b0ff77de011b20fa20bcdf4f2e5817c4f7fc4fc,30,30,"{'all_payloads_match': True, 'exact_payload_count': 30, 'states': {'cand_f94acad130c4ac5b3553': {'mechanism': 'mcv', 'physical_oid': 302984, 'data_row_exists': True, 'physical_state': 'PRESENT', 'frozen_state': 'PRESENT', 'physical_payload_digest': 'e5364e7606990c4cc7af160d5e01275091a1ef9f51d8f5da42817aed6a33aeba', 'frozen_payload_digest': 'e5364e7606990c4cc7af160d5e01275091a1ef9f51d8f5da42817aed6a33aeba', 'payload_exact': True}, 'cand_6ca6020979af5e5766a4': {'mechanism': 'mcv', 'physical_oid': 302985, 'data_row_exists': True, 'physical_state': 'PRESENT', 'frozen_state': 'PRESENT', 'physical_payload_digest': '0c81af9f65c04abc7bfb40cee51a2a9c0d252da29bb76547540ba1b53cdfcce1', 'frozen_payload_digest': '0c81af9f65c04abc7bfb40cee51a2a9c0d252da29bb76547540ba1b53cdfcce1', 'payload_exact': True}, 'cand_c6f83d66ce3d1e079f11': {'mechanism': 'mcv', 'physical_oid': 302986, 'data_row_exists': True, 'physical_state': 'PRESENT', 'frozen_state': 'PRESENT', 'physical_payload_digest': 'ea0147b237f71cd5423db2ecfb627ad7814f2b6fc202936bee2926d27882f458', 'frozen_payload_digest': 'ea0147b237f71cd5423db2ecfb627ad7814f2b6fc202936bee2926d27882f458', 'payload_exact': True}, 'cand_1f420ce5268e234e658c': {'mechanism': 'mcv', 'physical_oid': 302987, 'data_row_exists': True, 'physical_state': 'PRESENT', 'frozen_state': 'PRESENT', 'physical_payload_digest': 'bf8c92d88e517ee8af53cab53d278a018da95e019ee24c9a780c87fe083a9d3e', 'frozen_payload_digest': 'bf8c92d88e517ee8af53cab53d278a018da95e019ee24c9a780c87fe083a9d3e', 'payload_exact': True}, 'cand_93041865e5a926191d54': {'mechanism': 'mcv', 'physical_oid': 302988, 'data_row_exists': True, 'physical_state': 'PRESENT', 'frozen_state': 'PRESENT', 'physical_payload_digest': '2d7a50c64916340c9a9869524072d3574043dccdba7843fb058fe902928abdb7', 'frozen_payload_digest': '2d7a50c64916340c9a9869524072d3574043dccdba7843fb058fe902928abdb7', 'payload_exact': True}, 'cand_560443d79842b416ea0d': {'mechanism': 'mcv', 'physical_oid': 302989, 'data_row_exists': True, 'physical_state': 'PRESENT', 'frozen_state': 'PRESENT', 'physical_payload_digest': 'a450d305b4d7caf5b333e8e52440adf27af378894e03a4d5b18f9ed849292cbc', 'frozen_payload_digest': 'a450d305b4d7caf5b333e8e52440adf27af378894e03a4d5b18f9ed849292cbc', 'payload_exact': True}, 'cand_0fdc909a2a3cf9718db9': {'mechanism': 'mcv', 'physical_oid': 302990, 'data_row_exists': True, 'physical_state': 'PRESENT', 'frozen_state': 'PRESENT', 'physical_payload_digest': 'ee02896fb5813f451f4a465c84acac57ab7b3bb1c69f049ea6bf4144a8b702d2', 'frozen_payload_digest': 'ee02896fb5813f451f4a465c84acac57ab7b3bb1c69f049ea6bf4144a8b702d2', 'payload_exact': True}, 'cand_7531356383a7948fede1': {'mechanism': 'mcv', 'physical_oid': 302991, 'data_row_exists': True, 'physical_state': 'PRESENT', 'frozen_state': 'PRESENT', 'physical_payload_digest': '56c3fb0c5a0bd61162474cfd9a0a74a9f323b27ded869e57b59aad89839cd4a4', 'frozen_payload_digest': '56c3fb0c5a0bd61162474cfd9a0a74a9f323b27ded869e57b59aad89839cd4a4', 'payload_exact': True}, 'cand_850ffdf5fc1ceee3e08d': {'mechanism': 'fd', 'physical_oid': 302992, 'data_row_exists': True, 'physical_state': 'PRESENT', 'frozen_state': 'PRESENT', 'physical_payload_digest': '795fab1f226de13bb19258d3f3b3b7992c4a81a39d5d7cad2055a3803d19a218', 'frozen_payload_digest': '795fab1f226de13bb19258d3f3b3b7992c4a81a39d5d7cad2055a3803d19a218', 'payload_exact': True}, 'cand_9a47b4882350bf5fccf9': {'mechanism': 'fd', 'physical_oid': 302993, 'data_row_exists': True, 'physical_state': 'PRESENT', 'frozen_state': 'PRESENT', 'physical_payload_digest': '180fd3cb085f62aa76860da67a0d018028911da4b3d72dbe6677fa11c89886b0', 'frozen_payload_digest': '180fd3cb085f62aa76860da67a0d018028911da4b3d72dbe6677fa11c89886b0', 'payload_exact': True}, 'cand_835deeb29a9e7947a98b': {'mechanism': 'fd', 'physical_oid': 302994, 'data_row_exists': True, 'physical_state': 'PRESENT', 'frozen_state': 'PRESENT', 'physical_payload_digest': 'a6deb8078f72296a17b819de3aac3bda3aa18ab346a6c5c47f4a8a2454b39d70', 'frozen_payload_digest': 'a6deb8078f72296a17b819de3aac3bda3aa18ab346a6c5c47f4a8a2454b39d70', 'payload_exact': True}, 'cand_b6cafc68143c6fa37e85': {'mechanism': 'fd', 'physical_oid': 302995, 'data_row_exists': True, 'physical_state': 'PRESENT', 'frozen_state': 'PRESENT', 'physical_payload_digest': '09be01e4afb38a6b1ecdc998327c94108fdfca73624e2021c09e3bab53892b90', 'frozen_payload_digest': '09be01e4afb38a6b1ecdc998327c94108fdfca73624e2021c09e3bab53892b90', 'payload_exact': True}, 'cand_f002ec4adfff3911240b': {'mechanism': 'fd', 'physical_oid': 302996, 'data_row_exists': True, 'physical_state': 'PRESENT', 'frozen_state': 'PRESENT', 'physical_payload_digest': '74cdfd4129fc34a93089052eca95d2f5716d6bb4cacb408652b62f7160ad535d', 'frozen_payload_digest': '74cdfd4129fc34a93089052eca95d2f5716d6bb4cacb408652b62f7160ad535d', 'payload_exact': True}, 'cand_d17d4fee04bca1295fdb': {'mechanism': 'fd', 'physical_oid': 302997, 'data_row_exists': True, 'physical_state': 'PRESENT', 'frozen_state': 'PRESENT', 'physical_payload_digest': '436b51fb8610d64a34c504e92d362e15590cdb1163d3ac49c878a391e39483f3', 'frozen_payload_digest': '436b51fb8610d64a34c504e92d362e15590cdb1163d3ac49c878a391e39483f3', 'payload_exact': True}, 'cand_044e770ab213d0ef37b1': {'mechanism': 'fd', 'physical_oid': 302998, 'data_row_exists': True, 'physical_state': 'PRESENT', 'frozen_state': 'PRESENT', 'physical_payload_digest': 'e9c7b0a31c4faed5d3ad0e2699f34309d8068b206a7d06da851e837fa989bf41', 'frozen_payload_digest': 'e9c7b0a31c4faed5d3ad0e2699f34309d8068b206a7d06da851e837fa989bf41', 'payload_exact': True}, 'cand_cfb64b0bf69c059cd760': {'mechanism': 'fd', 'physical_oid': 302999, 'data_row_exists': True, 'physical_state': 'PRESENT', 'frozen_state': 'PRESENT', 'physical_payload_digest': 'fef16a8cb39fbe1f68bf24d2999058c6caa284bf09ab830aa3b0050ed0e93169', 'frozen_payload_digest': 'fef16a8cb39fbe1f68bf24d2999058c6caa284bf09ab830aa3b0050ed0e93169', 'payload_exact': True}, 'cand_6505783b203dc0346b49': {'mechanism': 'fd', 'physical_oid': 303000, 'data_row_exists': True, 'physical_state': 'PRESENT', 'frozen_state': 'PRESENT', 'physical_payload_digest': 'f0f32920ce388e5878db7a1ff135e5482f5ff2b773b7b2a825ccdce2e58612f8', 'frozen_payload_digest': 'f0f32920ce388e5878db7a1ff135e5482f5ff2b773b7b2a825ccdce2e58612f8', 'payload_exact': True}, 'cand_7b08320f31dae1c5e9f4': {'mechanism': 'fd', 'physical_oid': 303001, 'data_row_exists': True, 'physical_state': 'PRESENT', 'frozen_state': 'PRESENT', 'physical_payload_digest': 'f0cf4dc4c5da8b5bdc5e0cf8f61a373bf5bc0da4b52038017a47a3a01a9abe81', 'frozen_payload_digest': 'f0cf4dc4c5da8b5bdc5e0cf8f61a373bf5bc0da4b52038017a47a3a01a9abe81', 'payload_exact': True}, 'cand_e95bcd15c94c80f62716': {'mechanism': 'fd', 'physical_oid': 303002, 'data_row_exists': True, 'physical_state': 'PRESENT', 'frozen_state': 'PRESENT', 'physical_payload_digest': '6ce6c5f3e921087ca963905f8fad96869c601ac73217f1ae7a386842d686a882', 'frozen_payload_digest': '6ce6c5f3e921087ca963905f8fad96869c601ac73217f1ae7a386842d686a882', 'payload_exact': True}, 'cand_5e3a909effbf6f7d6e21': {'mechanism': 'fd', 'physical_oid': 303003, 'data_row_exists': True, 'physical_state': 'PRESENT', 'frozen_state': 'PRESENT', 'physical_payload_digest': 'fb386bcb3ddf04e35bbfb9960ee3384eae46e32435d3bb721a14084018f42159', 'frozen_payload_digest': 'fb386bcb3ddf04e35bbfb9960ee3384eae46e32435d3bb721a14084018f42159', 'payload_exact': True}, 'cand_cf35fb1b66d3371735fd': {'mechanism': 'fd', 'physical_oid': 303004, 'data_row_exists': True, 'physical_state': 'PRESENT', 'frozen_state': 'PRESENT', 'physical_payload_digest': '94cb17a327e80cef496e3da7c53c386deb013b495f1893da567f69d0ee447d46', 'frozen_payload_digest': '94cb17a327e80cef496e3da7c53c386deb013b495f1893da567f69d0ee447d46', 'payload_exact': True}, 'cand_663a31a8fc0678a2324b': {'mechanism': 'fd', 'physical_oid': 303005, 'data_row_exists': True, 'physical_state': 'PRESENT', 'frozen_state': 'PRESENT', 'physical_payload_digest': '9a72dadbc8664c8b00edb8d78f3a657c09af2ae16a2b035217a54cf34fd9306a', 'frozen_payload_digest': '9a72dadbc8664c8b00edb8d78f3a657c09af2ae16a2b035217a54cf34fd9306a', 'payload_exact': True}, 'cand_bb3c9704bc50457d0385': {'mechanism': 'fd', 'physical_oid': 303006, 'data_row_exists': True, 'physical_state': 'PRESENT', 'frozen_state': 'PRESENT', 'physical_payload_digest': '549f92848d6b7819e4c095cacaa44519dad6611740d40ad4c06823fbc6935713', 'frozen_payload_digest': '549f92848d6b7819e4c095cacaa44519dad6611740d40ad4c06823fbc6935713', 'payload_exact': True}, 'cand_a658273d38918de4ed71': {'mechanism': 'fd', 'physical_oid': 303007, 'data_row_exists': True, 'physical_state': 'PRESENT', 'frozen_state': 'PRESENT', 'physical_payload_digest': '39e75082e4c9de20034495a785602e99745b1ce950685bbecd52f473a7bde29a', 'frozen_payload_digest': '39e75082e4c9de20034495a785602e99745b1ce950685bbecd52f473a7bde29a', 'payload_exact': True}, 'cand_9e3965b9e6ab7faacc4e': {'mechanism': 'fd', 'physical_oid': 303008, 'data_row_exists': True, 'physical_state': 'PRESENT', 'frozen_state': 'PRESENT', 'physical_payload_digest': 'f80bd8b3374f2a59dec5f903dd8190d700a7356e34ff22aeb972f7bed7a3952f', 'frozen_payload_digest': 'f80bd8b3374f2a59dec5f903dd8190d700a7356e34ff22aeb972f7bed7a3952f', 'payload_exact': True}, 'cand_2bea04f8b2c85ff2a4e0': {'mechanism': 'fd', 'physical_oid': 303009, 'data_row_exists': True, 'physical_state': 'PRESENT', 'frozen_state': 'PRESENT', 'physical_payload_digest': 'ad5477df5b974c9a962ba5eac390815b699551f1cddbd17f5110f1e8745ccac3', 'frozen_payload_digest': 'ad5477df5b974c9a962ba5eac390815b699551f1cddbd17f5110f1e8745ccac3', 'payload_exact': True}, 'cand_d033eb981110aa21d3df': {'mechanism': 'fd', 'physical_oid': 303010, 'data_row_exists': True, 'physical_state': 'PRESENT', 'frozen_state': 'PRESENT', 'physical_payload_digest': '994b8d82a15a00e20b375e45cacbc23729275e112f971be3b42cacd237fc7121', 'frozen_payload_digest': '994b8d82a15a00e20b375e45cacbc23729275e112f971be3b42cacd237fc7121', 'payload_exact': True}, 'cand_0ef1e644231e36b17de7': {'mechanism': 'fd', 'physical_oid': 303011, 'data_row_exists': True, 'physical_state': 'PRESENT', 'frozen_state': 'PRESENT', 'physical_payload_digest': 'fe360fe594fedc725d337d71717d66b7c4e3652c6cc2dc186dca2cdb4fbed233', 'frozen_payload_digest': 'fe360fe594fedc725d337d71717d66b7c4e3652c6cc2dc186dca2cdb4fbed233', 'payload_exact': True}, 'cand_dd4fa07161dcf5def8eb': {'mechanism': 'fd', 'physical_oid': 303012, 'data_row_exists': True, 'physical_state': 'PRESENT', 'frozen_state': 'PRESENT', 'physical_payload_digest': 'a9678dec0b8ad5625dcfefdae79ed81c621275b5c6adb0bac7b8b715b86e1992', 'frozen_payload_digest': 'a9678dec0b8ad5625dcfefdae79ed81c621275b5c6adb0bac7b8b715b86e1992', 'payload_exact': True}, 'cand_d102d0d6903dbc44935f': {'mechanism': 'fd', 'physical_oid': 303013, 'data_row_exists': True, 'physical_state': 'PRESENT', 'frozen_state': 'PRESENT', 'physical_payload_digest': '039649766927b9d5cccd47a16010e988ccaf06c930389a92420c9e68080f8f67', 'frozen_payload_digest': '039649766927b9d5cccd47a16010e988ccaf06c930389a92420c9e68080f8f67', 'payload_exact': True}}}"
physical,prefix-30,2,False,0.004345242999988841,0.002294504000019515,0.0027111290000902954,0.20002724900041358,0.00140012699921499,0.2851234590016247,0.001339611000730656,0.006824557000072673,0.2162026820005849,0.5040658790021553,22014.061481271827,5bcdb5fdafa4ac297e20ab8413a0846cd40aa02dca6824e473a435629cf9d08b,1963,1963,bf6db08fd40e3873e1fc51675b0ff77de011b20fa20bcdf4f2e5817c4f7fc4fc,30,30,"{'all_payloads_match': True, 'exact_payload_count': 30, 'states': {'cand_f94acad130c4ac5b3553': {'mechanism': 'mcv', 'physical_oid': 303016, 'data_row_exists': True, 'physical_state': 'PRESENT', 'frozen_state': 'PRESENT', 'physical_payload_digest': 'e5364e7606990c4cc7af160d5e01275091a1ef9f51d8f5da42817aed6a33aeba', 'frozen_payload_digest': 'e5364e7606990c4cc7af160d5e01275091a1ef9f51d8f5da42817aed6a33aeba', 'payload_exact': True}, 'cand_6ca6020979af5e5766a4': {'mechanism': 'mcv', 'physical_oid': 303017, 'data_row_exists': True, 'physical_state': 'PRESENT', 'frozen_state': 'PRESENT', 'physical_payload_digest': '0c81af9f65c04abc7bfb40cee51a2a9c0d252da29bb76547540ba1b53cdfcce1', 'frozen_payload_digest': '0c81af9f65c04abc7bfb40cee51a2a9c0d252da29bb76547540ba1b53cdfcce1', 'payload_exact': True}, 'cand_c6f83d66ce3d1e079f11': {'mechanism': 'mcv', 'physical_oid': 303018, 'data_row_exists': True, 'physical_state': 'PRESENT', 'frozen_state': 'PRESENT', 'physical_payload_digest': 'ea0147b237f71cd5423db2ecfb627ad7814f2b6fc202936bee2926d27882f458', 'frozen_payload_digest': 'ea0147b237f71cd5423db2ecfb627ad7814f2b6fc202936bee2926d27882f458', 'payload_exact': True}, 'cand_1f420ce5268e234e658c': {'mechanism': 'mcv', 'physical_oid': 303019, 'data_row_exists': True, 'physical_state': 'PRESENT', 'frozen_state': 'PRESENT', 'physical_payload_digest': 'bf8c92d88e517ee8af53cab53d278a018da95e019ee24c9a780c87fe083a9d3e', 'frozen_payload_digest': 'bf8c92d88e517ee8af53cab53d278a018da95e019ee24c9a780c87fe083a9d3e', 'payload_exact': True}, 'cand_93041865e5a926191d54': {'mechanism': 'mcv', 'physical_oid': 303020, 'data_row_exists': True, 'physical_state': 'PRESENT', 'frozen_state': 'PRESENT', 'physical_payload_digest': '2d7a50c64916340c9a9869524072d3574043dccdba7843fb058fe902928abdb7', 'frozen_payload_digest': '2d7a50c64916340c9a9869524072d3574043dccdba7843fb058fe902928abdb7', 'payload_exact': True}, 'cand_560443d79842b416ea0d': {'mechanism': 'mcv', 'physical_oid': 303021, 'data_row_exists': True, 'physical_state': 'PRESENT', 'frozen_state': 'PRESENT', 'physical_payload_digest': 'a450d305b4d7caf5b333e8e52440adf27af378894e03a4d5b18f9ed849292cbc', 'frozen_payload_digest': 'a450d305b4d7caf5b333e8e52440adf27af378894e03a4d5b18f9ed849292cbc', 'payload_exact': True}, 'cand_0fdc909a2a3cf9718db9': {'mechanism': 'mcv', 'physical_oid': 303022, 'data_row_exists': True, 'physical_state': 'PRESENT', 'frozen_state': 'PRESENT', 'physical_payload_digest': 'ee02896fb5813f451f4a465c84acac57ab7b3bb1c69f049ea6bf4144a8b702d2', 'frozen_payload_digest': 'ee02896fb5813f451f4a465c84acac57ab7b3bb1c69f049ea6bf4144a8b702d2', 'payload_exact': True}, 'cand_7531356383a7948fede1': {'mechanism': 'mcv', 'physical_oid': 303023, 'data_row_exists': True, 'physical_state': 'PRESENT', 'frozen_state': 'PRESENT', 'physical_payload_digest': '56c3fb0c5a0bd61162474cfd9a0a74a9f323b27ded869e57b59aad89839cd4a4', 'frozen_payload_digest': '56c3fb0c5a0bd61162474cfd9a0a74a9f323b27ded869e57b59aad89839cd4a4', 'payload_exact': True}, 'cand_850ffdf5fc1ceee3e08d': {'mechanism': 'fd', 'physical_oid': 303024, 'data_row_exists': True, 'physical_state': 'PRESENT', 'frozen_state': 'PRESENT', 'physical_payload_digest': '795fab1f226de13bb19258d3f3b3b7992c4a81a39d5d7cad2055a3803d19a218', 'frozen_payload_digest': '795fab1f226de13bb19258d3f3b3b7992c4a81a39d5d7cad2055a3803d19a218', 'payload_exact': True}, 'cand_9a47b4882350bf5fccf9': {'mechanism': 'fd', 'physical_oid': 303025, 'data_row_exists': True, 'physical_state': 'PRESENT', 'frozen_state': 'PRESENT', 'physical_payload_digest': '180fd3cb085f62aa76860da67a0d018028911da4b3d72dbe6677fa11c89886b0', 'frozen_payload_digest': '180fd3cb085f62aa76860da67a0d018028911da4b3d72dbe6677fa11c89886b0', 'payload_exact': True}, 'cand_835deeb29a9e7947a98b': {'mechanism': 'fd', 'physical_oid': 303026, 'data_row_exists': True, 'physical_state': 'PRESENT', 'frozen_state': 'PRESENT', 'physical_payload_digest': 'a6deb8078f72296a17b819de3aac3bda3aa18ab346a6c5c47f4a8a2454b39d70', 'frozen_payload_digest': 'a6deb8078f72296a17b819de3aac3bda3aa18ab346a6c5c47f4a8a2454b39d70', 'payload_exact': True}, 'cand_b6cafc68143c6fa37e85': {'mechanism': 'fd', 'physical_oid': 303027, 'data_row_exists': True, 'physical_state': 'PRESENT', 'frozen_state': 'PRESENT', 'physical_payload_digest': '09be01e4afb38a6b1ecdc998327c94108fdfca73624e2021c09e3bab53892b90', 'frozen_payload_digest': '09be01e4afb38a6b1ecdc998327c94108fdfca73624e2021c09e3bab53892b90', 'payload_exact': True}, 'cand_f002ec4adfff3911240b': {'mechanism': 'fd', 'physical_oid': 303028, 'data_row_exists': True, 'physical_state': 'PRESENT', 'frozen_state': 'PRESENT', 'physical_payload_digest': '74cdfd4129fc34a93089052eca95d2f5716d6bb4cacb408652b62f7160ad535d', 'frozen_payload_digest': '74cdfd4129fc34a93089052eca95d2f5716d6bb4cacb408652b62f7160ad535d', 'payload_exact': True}, 'cand_d17d4fee04bca1295fdb': {'mechanism': 'fd', 'physical_oid': 303029, 'data_row_exists': True, 'physical_state': 'PRESENT', 'frozen_state': 'PRESENT', 'physical_payload_digest': '436b51fb8610d64a34c504e92d362e15590cdb1163d3ac49c878a391e39483f3', 'frozen_payload_digest': '436b51fb8610d64a34c504e92d362e15590cdb1163d3ac49c878a391e39483f3', 'payload_exact': True}, 'cand_044e770ab213d0ef37b1': {'mechanism': 'fd', 'physical_oid': 303030, 'data_row_exists': True, 'physical_state': 'PRESENT', 'frozen_state': 'PRESENT', 'physical_payload_digest': 'e9c7b0a31c4faed5d3ad0e2699f34309d8068b206a7d06da851e837fa989bf41', 'frozen_payload_digest': 'e9c7b0a31c4faed5d3ad0e2699f34309d8068b206a7d06da851e837fa989bf41', 'payload_exact': True}, 'cand_cfb64b0bf69c059cd760': {'mechanism': 'fd', 'physical_oid': 303031, 'data_row_exists': True, 'physical_state': 'PRESENT', 'frozen_state': 'PRESENT', 'physical_payload_digest': 'fef16a8cb39fbe1f68bf24d2999058c6caa284bf09ab830aa3b0050ed0e93169', 'frozen_payload_digest': 'fef16a8cb39fbe1f68bf24d2999058c6caa284bf09ab830aa3b0050ed0e93169', 'payload_exact': True}, 'cand_6505783b203dc0346b49': {'mechanism': 'fd', 'physical_oid': 303032, 'data_row_exists': True, 'physical_state': 'PRESENT', 'frozen_state': 'PRESENT', 'physical_payload_digest': 'f0f32920ce388e5878db7a1ff135e5482f5ff2b773b7b2a825ccdce2e58612f8', 'frozen_payload_digest': 'f0f32920ce388e5878db7a1ff135e5482f5ff2b773b7b2a825ccdce2e58612f8', 'payload_exact': True}, 'cand_7b08320f31dae1c5e9f4': {'mechanism': 'fd', 'physical_oid': 303033, 'data_row_exists': True, 'physical_state': 'PRESENT', 'frozen_state': 'PRESENT', 'physical_payload_digest': 'f0cf4dc4c5da8b5bdc5e0cf8f61a373bf5bc0da4b52038017a47a3a01a9abe81', 'frozen_payload_digest': 'f0cf4dc4c5da8b5bdc5e0cf8f61a373bf5bc0da4b52038017a47a3a01a9abe81', 'payload_exact': True}, 'cand_e95bcd15c94c80f62716': {'mechanism': 'fd', 'physical_oid': 303034, 'data_row_exists': True, 'physical_state': 'PRESENT', 'frozen_state': 'PRESENT', 'physical_payload_digest': '6ce6c5f3e921087ca963905f8fad96869c601ac73217f1ae7a386842d686a882', 'frozen_payload_digest': '6ce6c5f3e921087ca963905f8fad96869c601ac73217f1ae7a386842d686a882', 'payload_exact': True}, 'cand_5e3a909effbf6f7d6e21': {'mechanism': 'fd', 'physical_oid': 303035, 'data_row_exists': True, 'physical_state': 'PRESENT', 'frozen_state': 'PRESENT', 'physical_payload_digest': 'fb386bcb3ddf04e35bbfb9960ee3384eae46e32435d3bb721a14084018f42159', 'frozen_payload_digest': 'fb386bcb3ddf04e35bbfb9960ee3384eae46e32435d3bb721a14084018f42159', 'payload_exact': True}, 'cand_cf35fb1b66d3371735fd': {'mechanism': 'fd', 'physical_oid': 303036, 'data_row_exists': True, 'physical_state': 'PRESENT', 'frozen_state': 'PRESENT', 'physical_payload_digest': '94cb17a327e80cef496e3da7c53c386deb013b495f1893da567f69d0ee447d46', 'frozen_payload_digest': '94cb17a327e80cef496e3da7c53c386deb013b495f1893da567f69d0ee447d46', 'payload_exact': True}, 'cand_663a31a8fc0678a2324b': {'mechanism': 'fd', 'physical_oid': 303037, 'data_row_exists': True, 'physical_state': 'PRESENT', 'frozen_state': 'PRESENT', 'physical_payload_digest': '9a72dadbc8664c8b00edb8d78f3a657c09af2ae16a2b035217a54cf34fd9306a', 'frozen_payload_digest': '9a72dadbc8664c8b00edb8d78f3a657c09af2ae16a2b035217a54cf34fd9306a', 'payload_exact': True}, 'cand_bb3c9704bc50457d0385': {'mechanism': 'fd', 'physical_oid': 303038, 'data_row_exists': True, 'physical_state': 'PRESENT', 'frozen_state': 'PRESENT', 'physical_payload_digest': '549f92848d6b7819e4c095cacaa44519dad6611740d40ad4c06823fbc6935713', 'frozen_payload_digest': '549f92848d6b7819e4c095cacaa44519dad6611740d40ad4c06823fbc6935713', 'payload_exact': True}, 'cand_a658273d38918de4ed71': {'mechanism': 'fd', 'physical_oid': 303039, 'data_row_exists': True, 'physical_state': 'PRESENT', 'frozen_state': 'PRESENT', 'physical_payload_digest': '39e75082e4c9de20034495a785602e99745b1ce950685bbecd52f473a7bde29a', 'frozen_payload_digest': '39e75082e4c9de20034495a785602e99745b1ce950685bbecd52f473a7bde29a', 'payload_exact': True}, 'cand_9e3965b9e6ab7faacc4e': {'mechanism': 'fd', 'physical_oid': 303040, 'data_row_exists': True, 'physical_state': 'PRESENT', 'frozen_state': 'PRESENT', 'physical_payload_digest': 'f80bd8b3374f2a59dec5f903dd8190d700a7356e34ff22aeb972f7bed7a3952f', 'frozen_payload_digest': 'f80bd8b3374f2a59dec5f903dd8190d700a7356e34ff22aeb972f7bed7a3952f', 'payload_exact': True}, 'cand_2bea04f8b2c85ff2a4e0': {'mechanism': 'fd', 'physical_oid': 303041, 'data_row_exists': True, 'physical_state': 'PRESENT', 'frozen_state': 'PRESENT', 'physical_payload_digest': 'ad5477df5b974c9a962ba5eac390815b699551f1cddbd17f5110f1e8745ccac3', 'frozen_payload_digest': 'ad5477df5b974c9a962ba5eac390815b699551f1cddbd17f5110f1e8745ccac3', 'payload_exact': True}, 'cand_d033eb981110aa21d3df': {'mechanism': 'fd', 'physical_oid': 303042, 'data_row_exists': True, 'physical_state': 'PRESENT', 'frozen_state': 'PRESENT', 'physical_payload_digest': '994b8d82a15a00e20b375e45cacbc23729275e112f971be3b42cacd237fc7121', 'frozen_payload_digest': '994b8d82a15a00e20b375e45cacbc23729275e112f971be3b42cacd237fc7121', 'payload_exact': True}, 'cand_0ef1e644231e36b17de7': {'mechanism': 'fd', 'physical_oid': 303043, 'data_row_exists': True, 'physical_state': 'PRESENT', 'frozen_state': 'PRESENT', 'physical_payload_digest': 'fe360fe594fedc725d337d71717d66b7c4e3652c6cc2dc186dca2cdb4fbed233', 'frozen_payload_digest': 'fe360fe594fedc725d337d71717d66b7c4e3652c6cc2dc186dca2cdb4fbed233', 'payload_exact': True}, 'cand_dd4fa07161dcf5def8eb': {'mechanism': 'fd', 'physical_oid': 303044, 'data_row_exists': True, 'physical_state': 'PRESENT', 'frozen_state': 'PRESENT', 'physical_payload_digest': 'a9678dec0b8ad5625dcfefdae79ed81c621275b5c6adb0bac7b8b715b86e1992', 'frozen_payload_digest': 'a9678dec0b8ad5625dcfefdae79ed81c621275b5c6adb0bac7b8b715b86e1992', 'payload_exact': True}, 'cand_d102d0d6903dbc44935f': {'mechanism': 'fd', 'physical_oid': 303045, 'data_row_exists': True, 'physical_state': 'PRESENT', 'frozen_state': 'PRESENT', 'physical_payload_digest': '039649766927b9d5cccd47a16010e988ccaf06c930389a92420c9e68080f8f67', 'frozen_payload_digest': '039649766927b9d5cccd47a16010e988ccaf06c930389a92420c9e68080f8f67', 'payload_exact': True}}}"
physical,prefix-30,3,False,0.0043607350016827695,0.00271433800298837,0.0027781930002674926,0.1978716669982532,0.0016787550011940766,0.2701370449976821,0.0012275049994059373,0.006638205999479396,0.21436313900267123,0.48740644400095334,22014.061481271827,5bcdb5fdafa4ac297e20ab8413a0846cd40aa02dca6824e473a435629cf9d08b,1963,1963,bf6db08fd40e3873e1fc51675b0ff77de011b20fa20bcdf4f2e5817c4f7fc4fc,30,30,"{'all_payloads_match': True, 'exact_payload_count': 30, 'states': {'cand_f94acad130c4ac5b3553': {'mechanism': 'mcv', 'physical_oid': 303048, 'data_row_exists': True, 'physical_state': 'PRESENT', 'frozen_state': 'PRESENT', 'physical_payload_digest': 'e5364e7606990c4cc7af160d5e01275091a1ef9f51d8f5da42817aed6a33aeba', 'frozen_payload_digest': 'e5364e7606990c4cc7af160d5e01275091a1ef9f51d8f5da42817aed6a33aeba', 'payload_exact': True}, 'cand_6ca6020979af5e5766a4': {'mechanism': 'mcv', 'physical_oid': 303049, 'data_row_exists': True, 'physical_state': 'PRESENT', 'frozen_state': 'PRESENT', 'physical_payload_digest': '0c81af9f65c04abc7bfb40cee51a2a9c0d252da29bb76547540ba1b53cdfcce1', 'frozen_payload_digest': '0c81af9f65c04abc7bfb40cee51a2a9c0d252da29bb76547540ba1b53cdfcce1', 'payload_exact': True}, 'cand_c6f83d66ce3d1e079f11': {'mechanism': 'mcv', 'physical_oid': 303050, 'data_row_exists': True, 'physical_state': 'PRESENT', 'frozen_state': 'PRESENT', 'physical_payload_digest': 'ea0147b237f71cd5423db2ecfb627ad7814f2b6fc202936bee2926d27882f458', 'frozen_payload_digest': 'ea0147b237f71cd5423db2ecfb627ad7814f2b6fc202936bee2926d27882f458', 'payload_exact': True}, 'cand_1f420ce5268e234e658c': {'mechanism': 'mcv', 'physical_oid': 303051, 'data_row_exists': True, 'physical_state': 'PRESENT', 'frozen_state': 'PRESENT', 'physical_payload_digest': 'bf8c92d88e517ee8af53cab53d278a018da95e019ee24c9a780c87fe083a9d3e', 'frozen_payload_digest': 'bf8c92d88e517ee8af53cab53d278a018da95e019ee24c9a780c87fe083a9d3e', 'payload_exact': True}, 'cand_93041865e5a926191d54': {'mechanism': 'mcv', 'physical_oid': 303052, 'data_row_exists': True, 'physical_state': 'PRESENT', 'frozen_state': 'PRESENT', 'physical_payload_digest': '2d7a50c64916340c9a9869524072d3574043dccdba7843fb058fe902928abdb7', 'frozen_payload_digest': '2d7a50c64916340c9a9869524072d3574043dccdba7843fb058fe902928abdb7', 'payload_exact': True}, 'cand_560443d79842b416ea0d': {'mechanism': 'mcv', 'physical_oid': 303053, 'data_row_exists': True, 'physical_state': 'PRESENT', 'frozen_state': 'PRESENT', 'physical_payload_digest': 'a450d305b4d7caf5b333e8e52440adf27af378894e03a4d5b18f9ed849292cbc', 'frozen_payload_digest': 'a450d305b4d7caf5b333e8e52440adf27af378894e03a4d5b18f9ed849292cbc', 'payload_exact': True}, 'cand_0fdc909a2a3cf9718db9': {'mechanism': 'mcv', 'physical_oid': 303054, 'data_row_exists': True, 'physical_state': 'PRESENT', 'frozen_state': 'PRESENT', 'physical_payload_digest': 'ee02896fb5813f451f4a465c84acac57ab7b3bb1c69f049ea6bf4144a8b702d2', 'frozen_payload_digest': 'ee02896fb5813f451f4a465c84acac57ab7b3bb1c69f049ea6bf4144a8b702d2', 'payload_exact': True}, 'cand_7531356383a7948fede1': {'mechanism': 'mcv', 'physical_oid': 303055, 'data_row_exists': True, 'physical_state': 'PRESENT', 'frozen_state': 'PRESENT', 'physical_payload_digest': '56c3fb0c5a0bd61162474cfd9a0a74a9f323b27ded869e57b59aad89839cd4a4', 'frozen_payload_digest': '56c3fb0c5a0bd61162474cfd9a0a74a9f323b27ded869e57b59aad89839cd4a4', 'payload_exact': True}, 'cand_850ffdf5fc1ceee3e08d': {'mechanism': 'fd', 'physical_oid': 303056, 'data_row_exists': True, 'physical_state': 'PRESENT', 'frozen_state': 'PRESENT', 'physical_payload_digest': '795fab1f226de13bb19258d3f3b3b7992c4a81a39d5d7cad2055a3803d19a218', 'frozen_payload_digest': '795fab1f226de13bb19258d3f3b3b7992c4a81a39d5d7cad2055a3803d19a218', 'payload_exact': True}, 'cand_9a47b4882350bf5fccf9': {'mechanism': 'fd', 'physical_oid': 303057, 'data_row_exists': True, 'physical_state': 'PRESENT', 'frozen_state': 'PRESENT', 'physical_payload_digest': '180fd3cb085f62aa76860da67a0d018028911da4b3d72dbe6677fa11c89886b0', 'frozen_payload_digest': '180fd3cb085f62aa76860da67a0d018028911da4b3d72dbe6677fa11c89886b0', 'payload_exact': True}, 'cand_835deeb29a9e7947a98b': {'mechanism': 'fd', 'physical_oid': 303058, 'data_row_exists': True, 'physical_state': 'PRESENT', 'frozen_state': 'PRESENT', 'physical_payload_digest': 'a6deb8078f72296a17b819de3aac3bda3aa18ab346a6c5c47f4a8a2454b39d70', 'frozen_payload_digest': 'a6deb8078f72296a17b819de3aac3bda3aa18ab346a6c5c47f4a8a2454b39d70', 'payload_exact': True}, 'cand_b6cafc68143c6fa37e85': {'mechanism': 'fd', 'physical_oid': 303059, 'data_row_exists': True, 'physical_state': 'PRESENT', 'frozen_state': 'PRESENT', 'physical_payload_digest': '09be01e4afb38a6b1ecdc998327c94108fdfca73624e2021c09e3bab53892b90', 'frozen_payload_digest': '09be01e4afb38a6b1ecdc998327c94108fdfca73624e2021c09e3bab53892b90', 'payload_exact': True}, 'cand_f002ec4adfff3911240b': {'mechanism': 'fd', 'physical_oid': 303060, 'data_row_exists': True, 'physical_state': 'PRESENT', 'frozen_state': 'PRESENT', 'physical_payload_digest': '74cdfd4129fc34a93089052eca95d2f5716d6bb4cacb408652b62f7160ad535d', 'frozen_payload_digest': '74cdfd4129fc34a93089052eca95d2f5716d6bb4cacb408652b62f7160ad535d', 'payload_exact': True}, 'cand_d17d4fee04bca1295fdb': {'mechanism': 'fd', 'physical_oid': 303061, 'data_row_exists': True, 'physical_state': 'PRESENT', 'frozen_state': 'PRESENT', 'physical_payload_digest': '436b51fb8610d64a34c504e92d362e15590cdb1163d3ac49c878a391e39483f3', 'frozen_payload_digest': '436b51fb8610d64a34c504e92d362e15590cdb1163d3ac49c878a391e39483f3', 'payload_exact': True}, 'cand_044e770ab213d0ef37b1': {'mechanism': 'fd', 'physical_oid': 303062, 'data_row_exists': True, 'physical_state': 'PRESENT', 'frozen_state': 'PRESENT', 'physical_payload_digest': 'e9c7b0a31c4faed5d3ad0e2699f34309d8068b206a7d06da851e837fa989bf41', 'frozen_payload_digest': 'e9c7b0a31c4faed5d3ad0e2699f34309d8068b206a7d06da851e837fa989bf41', 'payload_exact': True}, 'cand_cfb64b0bf69c059cd760': {'mechanism': 'fd', 'physical_oid': 303063, 'data_row_exists': True, 'physical_state': 'PRESENT', 'frozen_state': 'PRESENT', 'physical_payload_digest': 'fef16a8cb39fbe1f68bf24d2999058c6caa284bf09ab830aa3b0050ed0e93169', 'frozen_payload_digest': 'fef16a8cb39fbe1f68bf24d2999058c6caa284bf09ab830aa3b0050ed0e93169', 'payload_exact': True}, 'cand_6505783b203dc0346b49': {'mechanism': 'fd', 'physical_oid': 303064, 'data_row_exists': True, 'physical_state': 'PRESENT', 'frozen_state': 'PRESENT', 'physical_payload_digest': 'f0f32920ce388e5878db7a1ff135e5482f5ff2b773b7b2a825ccdce2e58612f8', 'frozen_payload_digest': 'f0f32920ce388e5878db7a1ff135e5482f5ff2b773b7b2a825ccdce2e58612f8', 'payload_exact': True}, 'cand_7b08320f31dae1c5e9f4': {'mechanism': 'fd', 'physical_oid': 303065, 'data_row_exists': True, 'physical_state': 'PRESENT', 'frozen_state': 'PRESENT', 'physical_payload_digest': 'f0cf4dc4c5da8b5bdc5e0cf8f61a373bf5bc0da4b52038017a47a3a01a9abe81', 'frozen_payload_digest': 'f0cf4dc4c5da8b5bdc5e0cf8f61a373bf5bc0da4b52038017a47a3a01a9abe81', 'payload_exact': True}, 'cand_e95bcd15c94c80f62716': {'mechanism': 'fd', 'physical_oid': 303066, 'data_row_exists': True, 'physical_state': 'PRESENT', 'frozen_state': 'PRESENT', 'physical_payload_digest': '6ce6c5f3e921087ca963905f8fad96869c601ac73217f1ae7a386842d686a882', 'frozen_payload_digest': '6ce6c5f3e921087ca963905f8fad96869c601ac73217f1ae7a386842d686a882', 'payload_exact': True}, 'cand_5e3a909effbf6f7d6e21': {'mechanism': 'fd', 'physical_oid': 303067, 'data_row_exists': True, 'physical_state': 'PRESENT', 'frozen_state': 'PRESENT', 'physical_payload_digest': 'fb386bcb3ddf04e35bbfb9960ee3384eae46e32435d3bb721a14084018f42159', 'frozen_payload_digest': 'fb386bcb3ddf04e35bbfb9960ee3384eae46e32435d3bb721a14084018f42159', 'payload_exact': True}, 'cand_cf35fb1b66d3371735fd': {'mechanism': 'fd', 'physical_oid': 303068, 'data_row_exists': True, 'physical_state': 'PRESENT', 'frozen_state': 'PRESENT', 'physical_payload_digest': '94cb17a327e80cef496e3da7c53c386deb013b495f1893da567f69d0ee447d46', 'frozen_payload_digest': '94cb17a327e80cef496e3da7c53c386deb013b495f1893da567f69d0ee447d46', 'payload_exact': True}, 'cand_663a31a8fc0678a2324b': {'mechanism': 'fd', 'physical_oid': 303069, 'data_row_exists': True, 'physical_state': 'PRESENT', 'frozen_state': 'PRESENT', 'physical_payload_digest': '9a72dadbc8664c8b00edb8d78f3a657c09af2ae16a2b035217a54cf34fd9306a', 'frozen_payload_digest': '9a72dadbc8664c8b00edb8d78f3a657c09af2ae16a2b035217a54cf34fd9306a', 'payload_exact': True}, 'cand_bb3c9704bc50457d0385': {'mechanism': 'fd', 'physical_oid': 303070, 'data_row_exists': True, 'physical_state': 'PRESENT', 'frozen_state': 'PRESENT', 'physical_payload_digest': '549f92848d6b7819e4c095cacaa44519dad6611740d40ad4c06823fbc6935713', 'frozen_payload_digest': '549f92848d6b7819e4c095cacaa44519dad6611740d40ad4c06823fbc6935713', 'payload_exact': True}, 'cand_a658273d38918de4ed71': {'mechanism': 'fd', 'physical_oid': 303071, 'data_row_exists': True, 'physical_state': 'PRESENT', 'frozen_state': 'PRESENT', 'physical_payload_digest': '39e75082e4c9de20034495a785602e99745b1ce950685bbecd52f473a7bde29a', 'frozen_payload_digest': '39e75082e4c9de20034495a785602e99745b1ce950685bbecd52f473a7bde29a', 'payload_exact': True}, 'cand_9e3965b9e6ab7faacc4e': {'mechanism': 'fd', 'physical_oid': 303072, 'data_row_exists': True, 'physical_state': 'PRESENT', 'frozen_state': 'PRESENT', 'physical_payload_digest': 'f80bd8b3374f2a59dec5f903dd8190d700a7356e34ff22aeb972f7bed7a3952f', 'frozen_payload_digest': 'f80bd8b3374f2a59dec5f903dd8190d700a7356e34ff22aeb972f7bed7a3952f', 'payload_exact': True}, 'cand_2bea04f8b2c85ff2a4e0': {'mechanism': 'fd', 'physical_oid': 303073, 'data_row_exists': True, 'physical_state': 'PRESENT', 'frozen_state': 'PRESENT', 'physical_payload_digest': 'ad5477df5b974c9a962ba5eac390815b699551f1cddbd17f5110f1e8745ccac3', 'frozen_payload_digest': 'ad5477df5b974c9a962ba5eac390815b699551f1cddbd17f5110f1e8745ccac3', 'payload_exact': True}, 'cand_d033eb981110aa21d3df': {'mechanism': 'fd', 'physical_oid': 303074, 'data_row_exists': True, 'physical_state': 'PRESENT', 'frozen_state': 'PRESENT', 'physical_payload_digest': '994b8d82a15a00e20b375e45cacbc23729275e112f971be3b42cacd237fc7121', 'frozen_payload_digest': '994b8d82a15a00e20b375e45cacbc23729275e112f971be3b42cacd237fc7121', 'payload_exact': True}, 'cand_0ef1e644231e36b17de7': {'mechanism': 'fd', 'physical_oid': 303075, 'data_row_exists': True, 'physical_state': 'PRESENT', 'frozen_state': 'PRESENT', 'physical_payload_digest': 'fe360fe594fedc725d337d71717d66b7c4e3652c6cc2dc186dca2cdb4fbed233', 'frozen_payload_digest': 'fe360fe594fedc725d337d71717d66b7c4e3652c6cc2dc186dca2cdb4fbed233', 'payload_exact': True}, 'cand_dd4fa07161dcf5def8eb': {'mechanism': 'fd', 'physical_oid': 303076, 'data_row_exists': True, 'physical_state': 'PRESENT', 'frozen_state': 'PRESENT', 'physical_payload_digest': 'a9678dec0b8ad5625dcfefdae79ed81c621275b5c6adb0bac7b8b715b86e1992', 'frozen_payload_digest': 'a9678dec0b8ad5625dcfefdae79ed81c621275b5c6adb0bac7b8b715b86e1992', 'payload_exact': True}, 'cand_d102d0d6903dbc44935f': {'mechanism': 'fd', 'physical_oid': 303077, 'data_row_exists': True, 'physical_state': 'PRESENT', 'frozen_state': 'PRESENT', 'physical_payload_digest': '039649766927b9d5cccd47a16010e988ccaf06c930389a92420c9e68080f8f67', 'frozen_payload_digest': '039649766927b9d5cccd47a16010e988ccaf06c930389a92420c9e68080f8f67', 'payload_exact': True}}}"
physical,final-31,1,False,0.004349708000518149,0.002305902999069076,0.0023438870011887047,0.20150812499923632,0.0015624340012436733,0.27054448899798444,0.0012816809976357035,0.007555655000032857,0.2180632780000451,0.4914518819969089,22014.061316846422,d20f1c1d3de82a594ece438589baa385ee98504cc3ef77cd56496cd8438524a0,1963,1963,bf6db08fd40e3873e1fc51675b0ff77de011b20fa20bcdf4f2e5817c4f7fc4fc,31,31,"{'all_payloads_match': True, 'exact_payload_count': 31, 'states': {'cand_f94acad130c4ac5b3553': {'mechanism': 'mcv', 'physical_oid': 303113, 'data_row_exists': True, 'physical_state': 'PRESENT', 'frozen_state': 'PRESENT', 'physical_payload_digest': 'e5364e7606990c4cc7af160d5e01275091a1ef9f51d8f5da42817aed6a33aeba', 'frozen_payload_digest': 'e5364e7606990c4cc7af160d5e01275091a1ef9f51d8f5da42817aed6a33aeba', 'payload_exact': True}, 'cand_6ca6020979af5e5766a4': {'mechanism': 'mcv', 'physical_oid': 303114, 'data_row_exists': True, 'physical_state': 'PRESENT', 'frozen_state': 'PRESENT', 'physical_payload_digest': '0c81af9f65c04abc7bfb40cee51a2a9c0d252da29bb76547540ba1b53cdfcce1', 'frozen_payload_digest': '0c81af9f65c04abc7bfb40cee51a2a9c0d252da29bb76547540ba1b53cdfcce1', 'payload_exact': True}, 'cand_c6f83d66ce3d1e079f11': {'mechanism': 'mcv', 'physical_oid': 303115, 'data_row_exists': True, 'physical_state': 'PRESENT', 'frozen_state': 'PRESENT', 'physical_payload_digest': 'ea0147b237f71cd5423db2ecfb627ad7814f2b6fc202936bee2926d27882f458', 'frozen_payload_digest': 'ea0147b237f71cd5423db2ecfb627ad7814f2b6fc202936bee2926d27882f458', 'payload_exact': True}, 'cand_1f420ce5268e234e658c': {'mechanism': 'mcv', 'physical_oid': 303116, 'data_row_exists': True, 'physical_state': 'PRESENT', 'frozen_state': 'PRESENT', 'physical_payload_digest': 'bf8c92d88e517ee8af53cab53d278a018da95e019ee24c9a780c87fe083a9d3e', 'frozen_payload_digest': 'bf8c92d88e517ee8af53cab53d278a018da95e019ee24c9a780c87fe083a9d3e', 'payload_exact': True}, 'cand_93041865e5a926191d54': {'mechanism': 'mcv', 'physical_oid': 303117, 'data_row_exists': True, 'physical_state': 'PRESENT', 'frozen_state': 'PRESENT', 'physical_payload_digest': '2d7a50c64916340c9a9869524072d3574043dccdba7843fb058fe902928abdb7', 'frozen_payload_digest': '2d7a50c64916340c9a9869524072d3574043dccdba7843fb058fe902928abdb7', 'payload_exact': True}, 'cand_560443d79842b416ea0d': {'mechanism': 'mcv', 'physical_oid': 303118, 'data_row_exists': True, 'physical_state': 'PRESENT', 'frozen_state': 'PRESENT', 'physical_payload_digest': 'a450d305b4d7caf5b333e8e52440adf27af378894e03a4d5b18f9ed849292cbc', 'frozen_payload_digest': 'a450d305b4d7caf5b333e8e52440adf27af378894e03a4d5b18f9ed849292cbc', 'payload_exact': True}, 'cand_0fdc909a2a3cf9718db9': {'mechanism': 'mcv', 'physical_oid': 303119, 'data_row_exists': True, 'physical_state': 'PRESENT', 'frozen_state': 'PRESENT', 'physical_payload_digest': 'ee02896fb5813f451f4a465c84acac57ab7b3bb1c69f049ea6bf4144a8b702d2', 'frozen_payload_digest': 'ee02896fb5813f451f4a465c84acac57ab7b3bb1c69f049ea6bf4144a8b702d2', 'payload_exact': True}, 'cand_7531356383a7948fede1': {'mechanism': 'mcv', 'physical_oid': 303120, 'data_row_exists': True, 'physical_state': 'PRESENT', 'frozen_state': 'PRESENT', 'physical_payload_digest': '56c3fb0c5a0bd61162474cfd9a0a74a9f323b27ded869e57b59aad89839cd4a4', 'frozen_payload_digest': '56c3fb0c5a0bd61162474cfd9a0a74a9f323b27ded869e57b59aad89839cd4a4', 'payload_exact': True}, 'cand_850ffdf5fc1ceee3e08d': {'mechanism': 'fd', 'physical_oid': 303121, 'data_row_exists': True, 'physical_state': 'PRESENT', 'frozen_state': 'PRESENT', 'physical_payload_digest': '795fab1f226de13bb19258d3f3b3b7992c4a81a39d5d7cad2055a3803d19a218', 'frozen_payload_digest': '795fab1f226de13bb19258d3f3b3b7992c4a81a39d5d7cad2055a3803d19a218', 'payload_exact': True}, 'cand_9a47b4882350bf5fccf9': {'mechanism': 'fd', 'physical_oid': 303122, 'data_row_exists': True, 'physical_state': 'PRESENT', 'frozen_state': 'PRESENT', 'physical_payload_digest': '180fd3cb085f62aa76860da67a0d018028911da4b3d72dbe6677fa11c89886b0', 'frozen_payload_digest': '180fd3cb085f62aa76860da67a0d018028911da4b3d72dbe6677fa11c89886b0', 'payload_exact': True}, 'cand_835deeb29a9e7947a98b': {'mechanism': 'fd', 'physical_oid': 303123, 'data_row_exists': True, 'physical_state': 'PRESENT', 'frozen_state': 'PRESENT', 'physical_payload_digest': 'a6deb8078f72296a17b819de3aac3bda3aa18ab346a6c5c47f4a8a2454b39d70', 'frozen_payload_digest': 'a6deb8078f72296a17b819de3aac3bda3aa18ab346a6c5c47f4a8a2454b39d70', 'payload_exact': True}, 'cand_b6cafc68143c6fa37e85': {'mechanism': 'fd', 'physical_oid': 303124, 'data_row_exists': True, 'physical_state': 'PRESENT', 'frozen_state': 'PRESENT', 'physical_payload_digest': '09be01e4afb38a6b1ecdc998327c94108fdfca73624e2021c09e3bab53892b90', 'frozen_payload_digest': '09be01e4afb38a6b1ecdc998327c94108fdfca73624e2021c09e3bab53892b90', 'payload_exact': True}, 'cand_f002ec4adfff3911240b': {'mechanism': 'fd', 'physical_oid': 303125, 'data_row_exists': True, 'physical_state': 'PRESENT', 'frozen_state': 'PRESENT', 'physical_payload_digest': '74cdfd4129fc34a93089052eca95d2f5716d6bb4cacb408652b62f7160ad535d', 'frozen_payload_digest': '74cdfd4129fc34a93089052eca95d2f5716d6bb4cacb408652b62f7160ad535d', 'payload_exact': True}, 'cand_d17d4fee04bca1295fdb': {'mechanism': 'fd', 'physical_oid': 303126, 'data_row_exists': True, 'physical_state': 'PRESENT', 'frozen_state': 'PRESENT', 'physical_payload_digest': '436b51fb8610d64a34c504e92d362e15590cdb1163d3ac49c878a391e39483f3', 'frozen_payload_digest': '436b51fb8610d64a34c504e92d362e15590cdb1163d3ac49c878a391e39483f3', 'payload_exact': True}, 'cand_044e770ab213d0ef37b1': {'mechanism': 'fd', 'physical_oid': 303127, 'data_row_exists': True, 'physical_state': 'PRESENT', 'frozen_state': 'PRESENT', 'physical_payload_digest': 'e9c7b0a31c4faed5d3ad0e2699f34309d8068b206a7d06da851e837fa989bf41', 'frozen_payload_digest': 'e9c7b0a31c4faed5d3ad0e2699f34309d8068b206a7d06da851e837fa989bf41', 'payload_exact': True}, 'cand_cfb64b0bf69c059cd760': {'mechanism': 'fd', 'physical_oid': 303128, 'data_row_exists': True, 'physical_state': 'PRESENT', 'frozen_state': 'PRESENT', 'physical_payload_digest': 'fef16a8cb39fbe1f68bf24d2999058c6caa284bf09ab830aa3b0050ed0e93169', 'frozen_payload_digest': 'fef16a8cb39fbe1f68bf24d2999058c6caa284bf09ab830aa3b0050ed0e93169', 'payload_exact': True}, 'cand_6505783b203dc0346b49': {'mechanism': 'fd', 'physical_oid': 303129, 'data_row_exists': True, 'physical_state': 'PRESENT', 'frozen_state': 'PRESENT', 'physical_payload_digest': 'f0f32920ce388e5878db7a1ff135e5482f5ff2b773b7b2a825ccdce2e58612f8', 'frozen_payload_digest': 'f0f32920ce388e5878db7a1ff135e5482f5ff2b773b7b2a825ccdce2e58612f8', 'payload_exact': True}, 'cand_7b08320f31dae1c5e9f4': {'mechanism': 'fd', 'physical_oid': 303130, 'data_row_exists': True, 'physical_state': 'PRESENT', 'frozen_state': 'PRESENT', 'physical_payload_digest': 'f0cf4dc4c5da8b5bdc5e0cf8f61a373bf5bc0da4b52038017a47a3a01a9abe81', 'frozen_payload_digest': 'f0cf4dc4c5da8b5bdc5e0cf8f61a373bf5bc0da4b52038017a47a3a01a9abe81', 'payload_exact': True}, 'cand_e95bcd15c94c80f62716': {'mechanism': 'fd', 'physical_oid': 303131, 'data_row_exists': True, 'physical_state': 'PRESENT', 'frozen_state': 'PRESENT', 'physical_payload_digest': '6ce6c5f3e921087ca963905f8fad96869c601ac73217f1ae7a386842d686a882', 'frozen_payload_digest': '6ce6c5f3e921087ca963905f8fad96869c601ac73217f1ae7a386842d686a882', 'payload_exact': True}, 'cand_5e3a909effbf6f7d6e21': {'mechanism': 'fd', 'physical_oid': 303132, 'data_row_exists': True, 'physical_state': 'PRESENT', 'frozen_state': 'PRESENT', 'physical_payload_digest': 'fb386bcb3ddf04e35bbfb9960ee3384eae46e32435d3bb721a14084018f42159', 'frozen_payload_digest': 'fb386bcb3ddf04e35bbfb9960ee3384eae46e32435d3bb721a14084018f42159', 'payload_exact': True}, 'cand_cf35fb1b66d3371735fd': {'mechanism': 'fd', 'physical_oid': 303133, 'data_row_exists': True, 'physical_state': 'PRESENT', 'frozen_state': 'PRESENT', 'physical_payload_digest': '94cb17a327e80cef496e3da7c53c386deb013b495f1893da567f69d0ee447d46', 'frozen_payload_digest': '94cb17a327e80cef496e3da7c53c386deb013b495f1893da567f69d0ee447d46', 'payload_exact': True}, 'cand_663a31a8fc0678a2324b': {'mechanism': 'fd', 'physical_oid': 303134, 'data_row_exists': True, 'physical_state': 'PRESENT', 'frozen_state': 'PRESENT', 'physical_payload_digest': '9a72dadbc8664c8b00edb8d78f3a657c09af2ae16a2b035217a54cf34fd9306a', 'frozen_payload_digest': '9a72dadbc8664c8b00edb8d78f3a657c09af2ae16a2b035217a54cf34fd9306a', 'payload_exact': True}, 'cand_bb3c9704bc50457d0385': {'mechanism': 'fd', 'physical_oid': 303135, 'data_row_exists': True, 'physical_state': 'PRESENT', 'frozen_state': 'PRESENT', 'physical_payload_digest': '549f92848d6b7819e4c095cacaa44519dad6611740d40ad4c06823fbc6935713', 'frozen_payload_digest': '549f92848d6b7819e4c095cacaa44519dad6611740d40ad4c06823fbc6935713', 'payload_exact': True}, 'cand_a658273d38918de4ed71': {'mechanism': 'fd', 'physical_oid': 303136, 'data_row_exists': True, 'physical_state': 'PRESENT', 'frozen_state': 'PRESENT', 'physical_payload_digest': '39e75082e4c9de20034495a785602e99745b1ce950685bbecd52f473a7bde29a', 'frozen_payload_digest': '39e75082e4c9de20034495a785602e99745b1ce950685bbecd52f473a7bde29a', 'payload_exact': True}, 'cand_9e3965b9e6ab7faacc4e': {'mechanism': 'fd', 'physical_oid': 303137, 'data_row_exists': True, 'physical_state': 'PRESENT', 'frozen_state': 'PRESENT', 'physical_payload_digest': 'f80bd8b3374f2a59dec5f903dd8190d700a7356e34ff22aeb972f7bed7a3952f', 'frozen_payload_digest': 'f80bd8b3374f2a59dec5f903dd8190d700a7356e34ff22aeb972f7bed7a3952f', 'payload_exact': True}, 'cand_2bea04f8b2c85ff2a4e0': {'mechanism': 'fd', 'physical_oid': 303138, 'data_row_exists': True, 'physical_state': 'PRESENT', 'frozen_state': 'PRESENT', 'physical_payload_digest': 'ad5477df5b974c9a962ba5eac390815b699551f1cddbd17f5110f1e8745ccac3', 'frozen_payload_digest': 'ad5477df5b974c9a962ba5eac390815b699551f1cddbd17f5110f1e8745ccac3', 'payload_exact': True}, 'cand_d033eb981110aa21d3df': {'mechanism': 'fd', 'physical_oid': 303139, 'data_row_exists': True, 'physical_state': 'PRESENT', 'frozen_state': 'PRESENT', 'physical_payload_digest': '994b8d82a15a00e20b375e45cacbc23729275e112f971be3b42cacd237fc7121', 'frozen_payload_digest': '994b8d82a15a00e20b375e45cacbc23729275e112f971be3b42cacd237fc7121', 'payload_exact': True}, 'cand_0ef1e644231e36b17de7': {'mechanism': 'fd', 'physical_oid': 303140, 'data_row_exists': True, 'physical_state': 'PRESENT', 'frozen_state': 'PRESENT', 'physical_payload_digest': 'fe360fe594fedc725d337d71717d66b7c4e3652c6cc2dc186dca2cdb4fbed233', 'frozen_payload_digest': 'fe360fe594fedc725d337d71717d66b7c4e3652c6cc2dc186dca2cdb4fbed233', 'payload_exact': True}, 'cand_dd4fa07161dcf5def8eb': {'mechanism': 'fd', 'physical_oid': 303141, 'data_row_exists': True, 'physical_state': 'PRESENT', 'frozen_state': 'PRESENT', 'physical_payload_digest': 'a9678dec0b8ad5625dcfefdae79ed81c621275b5c6adb0bac7b8b715b86e1992', 'frozen_payload_digest': 'a9678dec0b8ad5625dcfefdae79ed81c621275b5c6adb0bac7b8b715b86e1992', 'payload_exact': True}, 'cand_5400d6d245a511006593': {'mechanism': 'fd', 'physical_oid': 303142, 'data_row_exists': True, 'physical_state': 'PRESENT', 'frozen_state': 'PRESENT', 'physical_payload_digest': 'aa183f8a70934392610104efd7c93393c89640f7ee6cad79d3e5bbc4b9188b59', 'frozen_payload_digest': 'aa183f8a70934392610104efd7c93393c89640f7ee6cad79d3e5bbc4b9188b59', 'payload_exact': True}, 'cand_d102d0d6903dbc44935f': {'mechanism': 'fd', 'physical_oid': 303143, 'data_row_exists': True, 'physical_state': 'PRESENT', 'frozen_state': 'PRESENT', 'physical_payload_digest': '039649766927b9d5cccd47a16010e988ccaf06c930389a92420c9e68080f8f67', 'frozen_payload_digest': '039649766927b9d5cccd47a16010e988ccaf06c930389a92420c9e68080f8f67', 'payload_exact': True}}}"
physical,final-31,2,False,0.00433884399899398,0.002491597999323858,0.002414152000710601,0.20450936099950923,0.001799769997887779,0.2723910370004887,0.0012750609967042692,0.006986939002672443,0.2207408940012101,0.4962067619962909,22014.061316846422,d20f1c1d3de82a594ece438589baa385ee98504cc3ef77cd56496cd8438524a0,1963,1963,bf6db08fd40e3873e1fc51675b0ff77de011b20fa20bcdf4f2e5817c4f7fc4fc,31,31,"{'all_payloads_match': True, 'exact_payload_count': 31, 'states': {'cand_f94acad130c4ac5b3553': {'mechanism': 'mcv', 'physical_oid': 303146, 'data_row_exists': True, 'physical_state': 'PRESENT', 'frozen_state': 'PRESENT', 'physical_payload_digest': 'e5364e7606990c4cc7af160d5e01275091a1ef9f51d8f5da42817aed6a33aeba', 'frozen_payload_digest': 'e5364e7606990c4cc7af160d5e01275091a1ef9f51d8f5da42817aed6a33aeba', 'payload_exact': True}, 'cand_6ca6020979af5e5766a4': {'mechanism': 'mcv', 'physical_oid': 303147, 'data_row_exists': True, 'physical_state': 'PRESENT', 'frozen_state': 'PRESENT', 'physical_payload_digest': '0c81af9f65c04abc7bfb40cee51a2a9c0d252da29bb76547540ba1b53cdfcce1', 'frozen_payload_digest': '0c81af9f65c04abc7bfb40cee51a2a9c0d252da29bb76547540ba1b53cdfcce1', 'payload_exact': True}, 'cand_c6f83d66ce3d1e079f11': {'mechanism': 'mcv', 'physical_oid': 303148, 'data_row_exists': True, 'physical_state': 'PRESENT', 'frozen_state': 'PRESENT', 'physical_payload_digest': 'ea0147b237f71cd5423db2ecfb627ad7814f2b6fc202936bee2926d27882f458', 'frozen_payload_digest': 'ea0147b237f71cd5423db2ecfb627ad7814f2b6fc202936bee2926d27882f458', 'payload_exact': True}, 'cand_1f420ce5268e234e658c': {'mechanism': 'mcv', 'physical_oid': 303149, 'data_row_exists': True, 'physical_state': 'PRESENT', 'frozen_state': 'PRESENT', 'physical_payload_digest': 'bf8c92d88e517ee8af53cab53d278a018da95e019ee24c9a780c87fe083a9d3e', 'frozen_payload_digest': 'bf8c92d88e517ee8af53cab53d278a018da95e019ee24c9a780c87fe083a9d3e', 'payload_exact': True}, 'cand_93041865e5a926191d54': {'mechanism': 'mcv', 'physical_oid': 303150, 'data_row_exists': True, 'physical_state': 'PRESENT', 'frozen_state': 'PRESENT', 'physical_payload_digest': '2d7a50c64916340c9a9869524072d3574043dccdba7843fb058fe902928abdb7', 'frozen_payload_digest': '2d7a50c64916340c9a9869524072d3574043dccdba7843fb058fe902928abdb7', 'payload_exact': True}, 'cand_560443d79842b416ea0d': {'mechanism': 'mcv', 'physical_oid': 303151, 'data_row_exists': True, 'physical_state': 'PRESENT', 'frozen_state': 'PRESENT', 'physical_payload_digest': 'a450d305b4d7caf5b333e8e52440adf27af378894e03a4d5b18f9ed849292cbc', 'frozen_payload_digest': 'a450d305b4d7caf5b333e8e52440adf27af378894e03a4d5b18f9ed849292cbc', 'payload_exact': True}, 'cand_0fdc909a2a3cf9718db9': {'mechanism': 'mcv', 'physical_oid': 303152, 'data_row_exists': True, 'physical_state': 'PRESENT', 'frozen_state': 'PRESENT', 'physical_payload_digest': 'ee02896fb5813f451f4a465c84acac57ab7b3bb1c69f049ea6bf4144a8b702d2', 'frozen_payload_digest': 'ee02896fb5813f451f4a465c84acac57ab7b3bb1c69f049ea6bf4144a8b702d2', 'payload_exact': True}, 'cand_7531356383a7948fede1': {'mechanism': 'mcv', 'physical_oid': 303153, 'data_row_exists': True, 'physical_state': 'PRESENT', 'frozen_state': 'PRESENT', 'physical_payload_digest': '56c3fb0c5a0bd61162474cfd9a0a74a9f323b27ded869e57b59aad89839cd4a4', 'frozen_payload_digest': '56c3fb0c5a0bd61162474cfd9a0a74a9f323b27ded869e57b59aad89839cd4a4', 'payload_exact': True}, 'cand_850ffdf5fc1ceee3e08d': {'mechanism': 'fd', 'physical_oid': 303154, 'data_row_exists': True, 'physical_state': 'PRESENT', 'frozen_state': 'PRESENT', 'physical_payload_digest': '795fab1f226de13bb19258d3f3b3b7992c4a81a39d5d7cad2055a3803d19a218', 'frozen_payload_digest': '795fab1f226de13bb19258d3f3b3b7992c4a81a39d5d7cad2055a3803d19a218', 'payload_exact': True}, 'cand_9a47b4882350bf5fccf9': {'mechanism': 'fd', 'physical_oid': 303155, 'data_row_exists': True, 'physical_state': 'PRESENT', 'frozen_state': 'PRESENT', 'physical_payload_digest': '180fd3cb085f62aa76860da67a0d018028911da4b3d72dbe6677fa11c89886b0', 'frozen_payload_digest': '180fd3cb085f62aa76860da67a0d018028911da4b3d72dbe6677fa11c89886b0', 'payload_exact': True}, 'cand_835deeb29a9e7947a98b': {'mechanism': 'fd', 'physical_oid': 303156, 'data_row_exists': True, 'physical_state': 'PRESENT', 'frozen_state': 'PRESENT', 'physical_payload_digest': 'a6deb8078f72296a17b819de3aac3bda3aa18ab346a6c5c47f4a8a2454b39d70', 'frozen_payload_digest': 'a6deb8078f72296a17b819de3aac3bda3aa18ab346a6c5c47f4a8a2454b39d70', 'payload_exact': True}, 'cand_b6cafc68143c6fa37e85': {'mechanism': 'fd', 'physical_oid': 303157, 'data_row_exists': True, 'physical_state': 'PRESENT', 'frozen_state': 'PRESENT', 'physical_payload_digest': '09be01e4afb38a6b1ecdc998327c94108fdfca73624e2021c09e3bab53892b90', 'frozen_payload_digest': '09be01e4afb38a6b1ecdc998327c94108fdfca73624e2021c09e3bab53892b90', 'payload_exact': True}, 'cand_f002ec4adfff3911240b': {'mechanism': 'fd', 'physical_oid': 303158, 'data_row_exists': True, 'physical_state': 'PRESENT', 'frozen_state': 'PRESENT', 'physical_payload_digest': '74cdfd4129fc34a93089052eca95d2f5716d6bb4cacb408652b62f7160ad535d', 'frozen_payload_digest': '74cdfd4129fc34a93089052eca95d2f5716d6bb4cacb408652b62f7160ad535d', 'payload_exact': True}, 'cand_d17d4fee04bca1295fdb': {'mechanism': 'fd', 'physical_oid': 303159, 'data_row_exists': True, 'physical_state': 'PRESENT', 'frozen_state': 'PRESENT', 'physical_payload_digest': '436b51fb8610d64a34c504e92d362e15590cdb1163d3ac49c878a391e39483f3', 'frozen_payload_digest': '436b51fb8610d64a34c504e92d362e15590cdb1163d3ac49c878a391e39483f3', 'payload_exact': True}, 'cand_044e770ab213d0ef37b1': {'mechanism': 'fd', 'physical_oid': 303160, 'data_row_exists': True, 'physical_state': 'PRESENT', 'frozen_state': 'PRESENT', 'physical_payload_digest': 'e9c7b0a31c4faed5d3ad0e2699f34309d8068b206a7d06da851e837fa989bf41', 'frozen_payload_digest': 'e9c7b0a31c4faed5d3ad0e2699f34309d8068b206a7d06da851e837fa989bf41', 'payload_exact': True}, 'cand_cfb64b0bf69c059cd760': {'mechanism': 'fd', 'physical_oid': 303161, 'data_row_exists': True, 'physical_state': 'PRESENT', 'frozen_state': 'PRESENT', 'physical_payload_digest': 'fef16a8cb39fbe1f68bf24d2999058c6caa284bf09ab830aa3b0050ed0e93169', 'frozen_payload_digest': 'fef16a8cb39fbe1f68bf24d2999058c6caa284bf09ab830aa3b0050ed0e93169', 'payload_exact': True}, 'cand_6505783b203dc0346b49': {'mechanism': 'fd', 'physical_oid': 303162, 'data_row_exists': True, 'physical_state': 'PRESENT', 'frozen_state': 'PRESENT', 'physical_payload_digest': 'f0f32920ce388e5878db7a1ff135e5482f5ff2b773b7b2a825ccdce2e58612f8', 'frozen_payload_digest': 'f0f32920ce388e5878db7a1ff135e5482f5ff2b773b7b2a825ccdce2e58612f8', 'payload_exact': True}, 'cand_7b08320f31dae1c5e9f4': {'mechanism': 'fd', 'physical_oid': 303163, 'data_row_exists': True, 'physical_state': 'PRESENT', 'frozen_state': 'PRESENT', 'physical_payload_digest': 'f0cf4dc4c5da8b5bdc5e0cf8f61a373bf5bc0da4b52038017a47a3a01a9abe81', 'frozen_payload_digest': 'f0cf4dc4c5da8b5bdc5e0cf8f61a373bf5bc0da4b52038017a47a3a01a9abe81', 'payload_exact': True}, 'cand_e95bcd15c94c80f62716': {'mechanism': 'fd', 'physical_oid': 303164, 'data_row_exists': True, 'physical_state': 'PRESENT', 'frozen_state': 'PRESENT', 'physical_payload_digest': '6ce6c5f3e921087ca963905f8fad96869c601ac73217f1ae7a386842d686a882', 'frozen_payload_digest': '6ce6c5f3e921087ca963905f8fad96869c601ac73217f1ae7a386842d686a882', 'payload_exact': True}, 'cand_5e3a909effbf6f7d6e21': {'mechanism': 'fd', 'physical_oid': 303165, 'data_row_exists': True, 'physical_state': 'PRESENT', 'frozen_state': 'PRESENT', 'physical_payload_digest': 'fb386bcb3ddf04e35bbfb9960ee3384eae46e32435d3bb721a14084018f42159', 'frozen_payload_digest': 'fb386bcb3ddf04e35bbfb9960ee3384eae46e32435d3bb721a14084018f42159', 'payload_exact': True}, 'cand_cf35fb1b66d3371735fd': {'mechanism': 'fd', 'physical_oid': 303166, 'data_row_exists': True, 'physical_state': 'PRESENT', 'frozen_state': 'PRESENT', 'physical_payload_digest': '94cb17a327e80cef496e3da7c53c386deb013b495f1893da567f69d0ee447d46', 'frozen_payload_digest': '94cb17a327e80cef496e3da7c53c386deb013b495f1893da567f69d0ee447d46', 'payload_exact': True}, 'cand_663a31a8fc0678a2324b': {'mechanism': 'fd', 'physical_oid': 303167, 'data_row_exists': True, 'physical_state': 'PRESENT', 'frozen_state': 'PRESENT', 'physical_payload_digest': '9a72dadbc8664c8b00edb8d78f3a657c09af2ae16a2b035217a54cf34fd9306a', 'frozen_payload_digest': '9a72dadbc8664c8b00edb8d78f3a657c09af2ae16a2b035217a54cf34fd9306a', 'payload_exact': True}, 'cand_bb3c9704bc50457d0385': {'mechanism': 'fd', 'physical_oid': 303168, 'data_row_exists': True, 'physical_state': 'PRESENT', 'frozen_state': 'PRESENT', 'physical_payload_digest': '549f92848d6b7819e4c095cacaa44519dad6611740d40ad4c06823fbc6935713', 'frozen_payload_digest': '549f92848d6b7819e4c095cacaa44519dad6611740d40ad4c06823fbc6935713', 'payload_exact': True}, 'cand_a658273d38918de4ed71': {'mechanism': 'fd', 'physical_oid': 303169, 'data_row_exists': True, 'physical_state': 'PRESENT', 'frozen_state': 'PRESENT', 'physical_payload_digest': '39e75082e4c9de20034495a785602e99745b1ce950685bbecd52f473a7bde29a', 'frozen_payload_digest': '39e75082e4c9de20034495a785602e99745b1ce950685bbecd52f473a7bde29a', 'payload_exact': True}, 'cand_9e3965b9e6ab7faacc4e': {'mechanism': 'fd', 'physical_oid': 303170, 'data_row_exists': True, 'physical_state': 'PRESENT', 'frozen_state': 'PRESENT', 'physical_payload_digest': 'f80bd8b3374f2a59dec5f903dd8190d700a7356e34ff22aeb972f7bed7a3952f', 'frozen_payload_digest': 'f80bd8b3374f2a59dec5f903dd8190d700a7356e34ff22aeb972f7bed7a3952f', 'payload_exact': True}, 'cand_2bea04f8b2c85ff2a4e0': {'mechanism': 'fd', 'physical_oid': 303171, 'data_row_exists': True, 'physical_state': 'PRESENT', 'frozen_state': 'PRESENT', 'physical_payload_digest': 'ad5477df5b974c9a962ba5eac390815b699551f1cddbd17f5110f1e8745ccac3', 'frozen_payload_digest': 'ad5477df5b974c9a962ba5eac390815b699551f1cddbd17f5110f1e8745ccac3', 'payload_exact': True}, 'cand_d033eb981110aa21d3df': {'mechanism': 'fd', 'physical_oid': 303172, 'data_row_exists': True, 'physical_state': 'PRESENT', 'frozen_state': 'PRESENT', 'physical_payload_digest': '994b8d82a15a00e20b375e45cacbc23729275e112f971be3b42cacd237fc7121', 'frozen_payload_digest': '994b8d82a15a00e20b375e45cacbc23729275e112f971be3b42cacd237fc7121', 'payload_exact': True}, 'cand_0ef1e644231e36b17de7': {'mechanism': 'fd', 'physical_oid': 303173, 'data_row_exists': True, 'physical_state': 'PRESENT', 'frozen_state': 'PRESENT', 'physical_payload_digest': 'fe360fe594fedc725d337d71717d66b7c4e3652c6cc2dc186dca2cdb4fbed233', 'frozen_payload_digest': 'fe360fe594fedc725d337d71717d66b7c4e3652c6cc2dc186dca2cdb4fbed233', 'payload_exact': True}, 'cand_dd4fa07161dcf5def8eb': {'mechanism': 'fd', 'physical_oid': 303174, 'data_row_exists': True, 'physical_state': 'PRESENT', 'frozen_state': 'PRESENT', 'physical_payload_digest': 'a9678dec0b8ad5625dcfefdae79ed81c621275b5c6adb0bac7b8b715b86e1992', 'frozen_payload_digest': 'a9678dec0b8ad5625dcfefdae79ed81c621275b5c6adb0bac7b8b715b86e1992', 'payload_exact': True}, 'cand_5400d6d245a511006593': {'mechanism': 'fd', 'physical_oid': 303175, 'data_row_exists': True, 'physical_state': 'PRESENT', 'frozen_state': 'PRESENT', 'physical_payload_digest': 'aa183f8a70934392610104efd7c93393c89640f7ee6cad79d3e5bbc4b9188b59', 'frozen_payload_digest': 'aa183f8a70934392610104efd7c93393c89640f7ee6cad79d3e5bbc4b9188b59', 'payload_exact': True}, 'cand_d102d0d6903dbc44935f': {'mechanism': 'fd', 'physical_oid': 303176, 'data_row_exists': True, 'physical_state': 'PRESENT', 'frozen_state': 'PRESENT', 'physical_payload_digest': '039649766927b9d5cccd47a16010e988ccaf06c930389a92420c9e68080f8f67', 'frozen_payload_digest': '039649766927b9d5cccd47a16010e988ccaf06c930389a92420c9e68080f8f67', 'payload_exact': True}}}"
physical,final-31,3,False,0.004495969998970395,0.00244758900225861,0.002798118999635335,0.2015004710010544,0.0015803789974597748,0.27363547600180027,0.0013396260001172777,0.006865772000310244,0.21810792100222898,0.4946634020016063,22014.061316846422,d20f1c1d3de82a594ece438589baa385ee98504cc3ef77cd56496cd8438524a0,1963,1963,bf6db08fd40e3873e1fc51675b0ff77de011b20fa20bcdf4f2e5817c4f7fc4fc,31,31,"{'all_payloads_match': True, 'exact_payload_count': 31, 'states': {'cand_f94acad130c4ac5b3553': {'mechanism': 'mcv', 'physical_oid': 303179, 'data_row_exists': True, 'physical_state': 'PRESENT', 'frozen_state': 'PRESENT', 'physical_payload_digest': 'e5364e7606990c4cc7af160d5e01275091a1ef9f51d8f5da42817aed6a33aeba', 'frozen_payload_digest': 'e5364e7606990c4cc7af160d5e01275091a1ef9f51d8f5da42817aed6a33aeba', 'payload_exact': True}, 'cand_6ca6020979af5e5766a4': {'mechanism': 'mcv', 'physical_oid': 303180, 'data_row_exists': True, 'physical_state': 'PRESENT', 'frozen_state': 'PRESENT', 'physical_payload_digest': '0c81af9f65c04abc7bfb40cee51a2a9c0d252da29bb76547540ba1b53cdfcce1', 'frozen_payload_digest': '0c81af9f65c04abc7bfb40cee51a2a9c0d252da29bb76547540ba1b53cdfcce1', 'payload_exact': True}, 'cand_c6f83d66ce3d1e079f11': {'mechanism': 'mcv', 'physical_oid': 303181, 'data_row_exists': True, 'physical_state': 'PRESENT', 'frozen_state': 'PRESENT', 'physical_payload_digest': 'ea0147b237f71cd5423db2ecfb627ad7814f2b6fc202936bee2926d27882f458', 'frozen_payload_digest': 'ea0147b237f71cd5423db2ecfb627ad7814f2b6fc202936bee2926d27882f458', 'payload_exact': True}, 'cand_1f420ce5268e234e658c': {'mechanism': 'mcv', 'physical_oid': 303182, 'data_row_exists': True, 'physical_state': 'PRESENT', 'frozen_state': 'PRESENT', 'physical_payload_digest': 'bf8c92d88e517ee8af53cab53d278a018da95e019ee24c9a780c87fe083a9d3e', 'frozen_payload_digest': 'bf8c92d88e517ee8af53cab53d278a018da95e019ee24c9a780c87fe083a9d3e', 'payload_exact': True}, 'cand_93041865e5a926191d54': {'mechanism': 'mcv', 'physical_oid': 303183, 'data_row_exists': True, 'physical_state': 'PRESENT', 'frozen_state': 'PRESENT', 'physical_payload_digest': '2d7a50c64916340c9a9869524072d3574043dccdba7843fb058fe902928abdb7', 'frozen_payload_digest': '2d7a50c64916340c9a9869524072d3574043dccdba7843fb058fe902928abdb7', 'payload_exact': True}, 'cand_560443d79842b416ea0d': {'mechanism': 'mcv', 'physical_oid': 303184, 'data_row_exists': True, 'physical_state': 'PRESENT', 'frozen_state': 'PRESENT', 'physical_payload_digest': 'a450d305b4d7caf5b333e8e52440adf27af378894e03a4d5b18f9ed849292cbc', 'frozen_payload_digest': 'a450d305b4d7caf5b333e8e52440adf27af378894e03a4d5b18f9ed849292cbc', 'payload_exact': True}, 'cand_0fdc909a2a3cf9718db9': {'mechanism': 'mcv', 'physical_oid': 303185, 'data_row_exists': True, 'physical_state': 'PRESENT', 'frozen_state': 'PRESENT', 'physical_payload_digest': 'ee02896fb5813f451f4a465c84acac57ab7b3bb1c69f049ea6bf4144a8b702d2', 'frozen_payload_digest': 'ee02896fb5813f451f4a465c84acac57ab7b3bb1c69f049ea6bf4144a8b702d2', 'payload_exact': True}, 'cand_7531356383a7948fede1': {'mechanism': 'mcv', 'physical_oid': 303186, 'data_row_exists': True, 'physical_state': 'PRESENT', 'frozen_state': 'PRESENT', 'physical_payload_digest': '56c3fb0c5a0bd61162474cfd9a0a74a9f323b27ded869e57b59aad89839cd4a4', 'frozen_payload_digest': '56c3fb0c5a0bd61162474cfd9a0a74a9f323b27ded869e57b59aad89839cd4a4', 'payload_exact': True}, 'cand_850ffdf5fc1ceee3e08d': {'mechanism': 'fd', 'physical_oid': 303187, 'data_row_exists': True, 'physical_state': 'PRESENT', 'frozen_state': 'PRESENT', 'physical_payload_digest': '795fab1f226de13bb19258d3f3b3b7992c4a81a39d5d7cad2055a3803d19a218', 'frozen_payload_digest': '795fab1f226de13bb19258d3f3b3b7992c4a81a39d5d7cad2055a3803d19a218', 'payload_exact': True}, 'cand_9a47b4882350bf5fccf9': {'mechanism': 'fd', 'physical_oid': 303188, 'data_row_exists': True, 'physical_state': 'PRESENT', 'frozen_state': 'PRESENT', 'physical_payload_digest': '180fd3cb085f62aa76860da67a0d018028911da4b3d72dbe6677fa11c89886b0', 'frozen_payload_digest': '180fd3cb085f62aa76860da67a0d018028911da4b3d72dbe6677fa11c89886b0', 'payload_exact': True}, 'cand_835deeb29a9e7947a98b': {'mechanism': 'fd', 'physical_oid': 303189, 'data_row_exists': True, 'physical_state': 'PRESENT', 'frozen_state': 'PRESENT', 'physical_payload_digest': 'a6deb8078f72296a17b819de3aac3bda3aa18ab346a6c5c47f4a8a2454b39d70', 'frozen_payload_digest': 'a6deb8078f72296a17b819de3aac3bda3aa18ab346a6c5c47f4a8a2454b39d70', 'payload_exact': True}, 'cand_b6cafc68143c6fa37e85': {'mechanism': 'fd', 'physical_oid': 303190, 'data_row_exists': True, 'physical_state': 'PRESENT', 'frozen_state': 'PRESENT', 'physical_payload_digest': '09be01e4afb38a6b1ecdc998327c94108fdfca73624e2021c09e3bab53892b90', 'frozen_payload_digest': '09be01e4afb38a6b1ecdc998327c94108fdfca73624e2021c09e3bab53892b90', 'payload_exact': True}, 'cand_f002ec4adfff3911240b': {'mechanism': 'fd', 'physical_oid': 303191, 'data_row_exists': True, 'physical_state': 'PRESENT', 'frozen_state': 'PRESENT', 'physical_payload_digest': '74cdfd4129fc34a93089052eca95d2f5716d6bb4cacb408652b62f7160ad535d', 'frozen_payload_digest': '74cdfd4129fc34a93089052eca95d2f5716d6bb4cacb408652b62f7160ad535d', 'payload_exact': True}, 'cand_d17d4fee04bca1295fdb': {'mechanism': 'fd', 'physical_oid': 303192, 'data_row_exists': True, 'physical_state': 'PRESENT', 'frozen_state': 'PRESENT', 'physical_payload_digest': '436b51fb8610d64a34c504e92d362e15590cdb1163d3ac49c878a391e39483f3', 'frozen_payload_digest': '436b51fb8610d64a34c504e92d362e15590cdb1163d3ac49c878a391e39483f3', 'payload_exact': True}, 'cand_044e770ab213d0ef37b1': {'mechanism': 'fd', 'physical_oid': 303193, 'data_row_exists': True, 'physical_state': 'PRESENT', 'frozen_state': 'PRESENT', 'physical_payload_digest': 'e9c7b0a31c4faed5d3ad0e2699f34309d8068b206a7d06da851e837fa989bf41', 'frozen_payload_digest': 'e9c7b0a31c4faed5d3ad0e2699f34309d8068b206a7d06da851e837fa989bf41', 'payload_exact': True}, 'cand_cfb64b0bf69c059cd760': {'mechanism': 'fd', 'physical_oid': 303194, 'data_row_exists': True, 'physical_state': 'PRESENT', 'frozen_state': 'PRESENT', 'physical_payload_digest': 'fef16a8cb39fbe1f68bf24d2999058c6caa284bf09ab830aa3b0050ed0e93169', 'frozen_payload_digest': 'fef16a8cb39fbe1f68bf24d2999058c6caa284bf09ab830aa3b0050ed0e93169', 'payload_exact': True}, 'cand_6505783b203dc0346b49': {'mechanism': 'fd', 'physical_oid': 303195, 'data_row_exists': True, 'physical_state': 'PRESENT', 'frozen_state': 'PRESENT', 'physical_payload_digest': 'f0f32920ce388e5878db7a1ff135e5482f5ff2b773b7b2a825ccdce2e58612f8', 'frozen_payload_digest': 'f0f32920ce388e5878db7a1ff135e5482f5ff2b773b7b2a825ccdce2e58612f8', 'payload_exact': True}, 'cand_7b08320f31dae1c5e9f4': {'mechanism': 'fd', 'physical_oid': 303196, 'data_row_exists': True, 'physical_state': 'PRESENT', 'frozen_state': 'PRESENT', 'physical_payload_digest': 'f0cf4dc4c5da8b5bdc5e0cf8f61a373bf5bc0da4b52038017a47a3a01a9abe81', 'frozen_payload_digest': 'f0cf4dc4c5da8b5bdc5e0cf8f61a373bf5bc0da4b52038017a47a3a01a9abe81', 'payload_exact': True}, 'cand_e95bcd15c94c80f62716': {'mechanism': 'fd', 'physical_oid': 303197, 'data_row_exists': True, 'physical_state': 'PRESENT', 'frozen_state': 'PRESENT', 'physical_payload_digest': '6ce6c5f3e921087ca963905f8fad96869c601ac73217f1ae7a386842d686a882', 'frozen_payload_digest': '6ce6c5f3e921087ca963905f8fad96869c601ac73217f1ae7a386842d686a882', 'payload_exact': True}, 'cand_5e3a909effbf6f7d6e21': {'mechanism': 'fd', 'physical_oid': 303198, 'data_row_exists': True, 'physical_state': 'PRESENT', 'frozen_state': 'PRESENT', 'physical_payload_digest': 'fb386bcb3ddf04e35bbfb9960ee3384eae46e32435d3bb721a14084018f42159', 'frozen_payload_digest': 'fb386bcb3ddf04e35bbfb9960ee3384eae46e32435d3bb721a14084018f42159', 'payload_exact': True}, 'cand_cf35fb1b66d3371735fd': {'mechanism': 'fd', 'physical_oid': 303199, 'data_row_exists': True, 'physical_state': 'PRESENT', 'frozen_state': 'PRESENT', 'physical_payload_digest': '94cb17a327e80cef496e3da7c53c386deb013b495f1893da567f69d0ee447d46', 'frozen_payload_digest': '94cb17a327e80cef496e3da7c53c386deb013b495f1893da567f69d0ee447d46', 'payload_exact': True}, 'cand_663a31a8fc0678a2324b': {'mechanism': 'fd', 'physical_oid': 303200, 'data_row_exists': True, 'physical_state': 'PRESENT', 'frozen_state': 'PRESENT', 'physical_payload_digest': '9a72dadbc8664c8b00edb8d78f3a657c09af2ae16a2b035217a54cf34fd9306a', 'frozen_payload_digest': '9a72dadbc8664c8b00edb8d78f3a657c09af2ae16a2b035217a54cf34fd9306a', 'payload_exact': True}, 'cand_bb3c9704bc50457d0385': {'mechanism': 'fd', 'physical_oid': 303201, 'data_row_exists': True, 'physical_state': 'PRESENT', 'frozen_state': 'PRESENT', 'physical_payload_digest': '549f92848d6b7819e4c095cacaa44519dad6611740d40ad4c06823fbc6935713', 'frozen_payload_digest': '549f92848d6b7819e4c095cacaa44519dad6611740d40ad4c06823fbc6935713', 'payload_exact': True}, 'cand_a658273d38918de4ed71': {'mechanism': 'fd', 'physical_oid': 303202, 'data_row_exists': True, 'physical_state': 'PRESENT', 'frozen_state': 'PRESENT', 'physical_payload_digest': '39e75082e4c9de20034495a785602e99745b1ce950685bbecd52f473a7bde29a', 'frozen_payload_digest': '39e75082e4c9de20034495a785602e99745b1ce950685bbecd52f473a7bde29a', 'payload_exact': True}, 'cand_9e3965b9e6ab7faacc4e': {'mechanism': 'fd', 'physical_oid': 303203, 'data_row_exists': True, 'physical_state': 'PRESENT', 'frozen_state': 'PRESENT', 'physical_payload_digest': 'f80bd8b3374f2a59dec5f903dd8190d700a7356e34ff22aeb972f7bed7a3952f', 'frozen_payload_digest': 'f80bd8b3374f2a59dec5f903dd8190d700a7356e34ff22aeb972f7bed7a3952f', 'payload_exact': True}, 'cand_2bea04f8b2c85ff2a4e0': {'mechanism': 'fd', 'physical_oid': 303204, 'data_row_exists': True, 'physical_state': 'PRESENT', 'frozen_state': 'PRESENT', 'physical_payload_digest': 'ad5477df5b974c9a962ba5eac390815b699551f1cddbd17f5110f1e8745ccac3', 'frozen_payload_digest': 'ad5477df5b974c9a962ba5eac390815b699551f1cddbd17f5110f1e8745ccac3', 'payload_exact': True}, 'cand_d033eb981110aa21d3df': {'mechanism': 'fd', 'physical_oid': 303205, 'data_row_exists': True, 'physical_state': 'PRESENT', 'frozen_state': 'PRESENT', 'physical_payload_digest': '994b8d82a15a00e20b375e45cacbc23729275e112f971be3b42cacd237fc7121', 'frozen_payload_digest': '994b8d82a15a00e20b375e45cacbc23729275e112f971be3b42cacd237fc7121', 'payload_exact': True}, 'cand_0ef1e644231e36b17de7': {'mechanism': 'fd', 'physical_oid': 303206, 'data_row_exists': True, 'physical_state': 'PRESENT', 'frozen_state': 'PRESENT', 'physical_payload_digest': 'fe360fe594fedc725d337d71717d66b7c4e3652c6cc2dc186dca2cdb4fbed233', 'frozen_payload_digest': 'fe360fe594fedc725d337d71717d66b7c4e3652c6cc2dc186dca2cdb4fbed233', 'payload_exact': True}, 'cand_dd4fa07161dcf5def8eb': {'mechanism': 'fd', 'physical_oid': 303207, 'data_row_exists': True, 'physical_state': 'PRESENT', 'frozen_state': 'PRESENT', 'physical_payload_digest': 'a9678dec0b8ad5625dcfefdae79ed81c621275b5c6adb0bac7b8b715b86e1992', 'frozen_payload_digest': 'a9678dec0b8ad5625dcfefdae79ed81c621275b5c6adb0bac7b8b715b86e1992', 'payload_exact': True}, 'cand_5400d6d245a511006593': {'mechanism': 'fd', 'physical_oid': 303208, 'data_row_exists': True, 'physical_state': 'PRESENT', 'frozen_state': 'PRESENT', 'physical_payload_digest': 'aa183f8a70934392610104efd7c93393c89640f7ee6cad79d3e5bbc4b9188b59', 'frozen_payload_digest': 'aa183f8a70934392610104efd7c93393c89640f7ee6cad79d3e5bbc4b9188b59', 'payload_exact': True}, 'cand_d102d0d6903dbc44935f': {'mechanism': 'fd', 'physical_oid': 303209, 'data_row_exists': True, 'physical_state': 'PRESENT', 'frozen_state': 'PRESENT', 'physical_payload_digest': '039649766927b9d5cccd47a16010e988ccaf06c930389a92420c9e68080f8f67', 'frozen_payload_digest': '039649766927b9d5cccd47a16010e988ccaf06c930389a92420c9e68080f8f67', 'payload_exact': True}}}"
hypothetical,empty,1,False,,,,,,0.2547103210017667,0.0012862410003435798,,,,42791.986480127205,dc3c8f43a45d340538d352f7db150bf2e0ae3fa845501c637ad075972bb03a63,1963,1963,,,,
hypothetical,empty,2,False,,,,,,0.2549646919978841,0.0012960849999217317,,,,42791.986480127205,dc3c8f43a45d340538d352f7db150bf2e0ae3fa845501c637ad075972bb03a63,1963,1963,,,,
hypothetical,empty,3,False,,,,,,0.25433074600005057,0.001280889002373442,,,,42791.986480127205,dc3c8f43a45d340538d352f7db150bf2e0ae3fa845501c637ad075972bb03a63,1963,1963,,,,
hypothetical,prefix-01,1,False,,,,,,0.2700969969992002,0.0013183470000512898,,,,22407.372654482235,6bf4d37c8663bde6b3e219bcf130b51e397557846efd9f773094fbea129ad1bf,1963,1963,,,,
hypothetical,prefix-01,2,False,,,,,,0.27234396600033506,0.0013448329991661012,,,,22407.372654482235,6bf4d37c8663bde6b3e219bcf130b51e397557846efd9f773094fbea129ad1bf,1963,1963,,,,
hypothetical,prefix-01,3,False,,,,,,0.2658191810005519,0.0012685349975072313,,,,22407.372654482235,6bf4d37c8663bde6b3e219bcf130b51e397557846efd9f773094fbea129ad1bf,1963,1963,,,,
hypothetical,prefix-05,1,False,,,,,,0.2656261039992387,0.0012930140001117252,,,,22060.692616801265,bf782645c518121017bc6f16b6ba4a28ffdff793e5a13c1b4e08496c8299f29c,1963,1963,,,,
hypothetical,prefix-05,2,False,,,,,,0.2651326240011258,0.0013289250018715393,,,,22060.692616801265,bf782645c518121017bc6f16b6ba4a28ffdff793e5a13c1b4e08496c8299f29c,1963,1963,,,,
hypothetical,prefix-05,3,False,,,,,,0.28441813100289437,0.0012816230009775609,,,,22060.692616801265,bf782645c518121017bc6f16b6ba4a28ffdff793e5a13c1b4e08496c8299f29c,1963,1963,,,,
hypothetical,prefix-16,1,False,,,,,,0.2848306349987979,0.0013006419976591133,,,,22014.341461124513,7b949cb8a35fadc14be56e8a9cdeff73114af3089f6f96ac495274c8a1ab1adb,1963,1963,,,,
hypothetical,prefix-16,2,False,,,,,,0.2904135140015569,0.0013627780026581604,,,,22014.341461124513,7b949cb8a35fadc14be56e8a9cdeff73114af3089f6f96ac495274c8a1ab1adb,1963,1963,,,,
hypothetical,prefix-16,3,False,,,,,,0.28528511300100945,0.0012542600015876815,,,,22014.341461124513,7b949cb8a35fadc14be56e8a9cdeff73114af3089f6f96ac495274c8a1ab1adb,1963,1963,,,,
hypothetical,prefix-30,1,False,,,,,,0.3027043849979236,0.0013535519974539056,,,,22014.061481271827,5bcdb5fdafa4ac297e20ab8413a0846cd40aa02dca6824e473a435629cf9d08b,1963,1963,,,,
hypothetical,prefix-30,2,False,,,,,,0.32090459400205873,0.001414883998222649,,,,22014.061481271827,5bcdb5fdafa4ac297e20ab8413a0846cd40aa02dca6824e473a435629cf9d08b,1963,1963,,,,
hypothetical,prefix-30,3,False,,,,,,0.30000235800252995,0.001336722998530604,,,,22014.061481271827,5bcdb5fdafa4ac297e20ab8413a0846cd40aa02dca6824e473a435629cf9d08b,1963,1963,,,,
hypothetical,final-31,1,False,,,,,,0.2970573590027925,0.0013129159997333772,,,,22014.061316846422,d20f1c1d3de82a594ece438589baa385ee98504cc3ef77cd56496cd8438524a0,1963,1963,,,,
hypothetical,final-31,2,False,,,,,,0.2935098839989223,0.0014044050003576558,,,,22014.061316846422,d20f1c1d3de82a594ece438589baa385ee98504cc3ef77cd56496cd8438524a0,1963,1963,,,,
hypothetical,final-31,3,False,,,,,,0.2947106960018573,0.001340492999588605,,,,22014.061316846422,d20f1c1d3de82a594ece438589baa385ee98504cc3ef77cd56496cd8438524a0,1963,1963,,,,
