path,input_rows,config_id,repetition,warmup,create_s,analyze_s,explain_s,cleanup_s,physical_materialization_s,per_design_total_s,objective,estimate_vector_digest,planner_calls,payload_check
physical,30000,empty,1,False,2.0709994714707136e-06,0.05240701000002446,0.27438261099450756,0.00804694699763786,0.06045602799713379,0.33483863899164135,81776753.29332289,5b68e50ef3dc61e9cafe77b46e9e8b6c8a18b97f62d60d1cc3acfd369a6238c2,1963,"{'all_payloads_match': True, 'exact_payload_count': 0}"
physical,30000,prefix-01,1,False,0.0008251350009231828,0.0566258859980735,0.2744306999957189,0.009471698002016637,0.06692271900101332,0.3413534189967322,112264351.17240727,da687475a33b3e39aa81cf9f6bfd4ef2b3990f60324eef1c0a42d1afdaaf4e07,1963,"{'all_payloads_match': True, 'exact_payload_count': 1, 'states': {'cand_f94acad130c4ac5b3553': {'state': 'PRESENT', 'expected_state': 'PRESENT', 'payload_exact': True, 'physical_payload_sha256': '1b4de28601248f5348e6aaa6f6256f718496eb0835c8567f278c7f73ee34e982', 'frozen_payload_sha256': '1b4de28601248f5348e6aaa6f6256f718496eb0835c8567f278c7f73ee34e982'}}}"
physical,30000,prefix-05,1,False,0.0014316770029836334,0.06789760999527061,0.2748902330058627,0.008723975006432738,0.07805326200468699,0.35294349501054967,133360320.24741,abf90a695dfeff1b4b099780e054cc837c03f167c4ec6e541a63965c3fa85621,1963,"{'all_payloads_match': True, 'exact_payload_count': 5, 'states': {'cand_f94acad130c4ac5b3553': {'state': 'PRESENT', 'expected_state': 'PRESENT', 'payload_exact': True, 'physical_payload_sha256': '1b4de28601248f5348e6aaa6f6256f718496eb0835c8567f278c7f73ee34e982', 'frozen_payload_sha256': '1b4de28601248f5348e6aaa6f6256f718496eb0835c8567f278c7f73ee34e982'}, 'cand_6ca6020979af5e5766a4': {'state': 'PRESENT', 'expected_state': 'PRESENT', 'payload_exact': True, 'physical_payload_sha256': 'a957bb6303ac901d173581fe078a62136b2dfd05b9dcd4a032e8785b2548616c', 'frozen_payload_sha256': 'a957bb6303ac901d173581fe078a62136b2dfd05b9dcd4a032e8785b2548616c'}, 'cand_c6f83d66ce3d1e079f11': {'state': 'PRESENT', 'expected_state': 'PRESENT', 'payload_exact': True, 'physical_payload_sha256': 'cd6f66e643e0e10724abcf6655845ed5b480f3a087d473531b51e27148b64c83', 'frozen_payload_sha256': 'cd6f66e643e0e10724abcf6655845ed5b480f3a087d473531b51e27148b64c83'}, 'cand_1f420ce5268e234e658c': {'state': 'PRESENT', 'expected_state': 'PRESENT', 'payload_exact': True, 'physical_payload_sha256': 'eb673a8ffdae84c1b9bea049e97ceebc476e9e9b6f7db6d6630219ab09719eba', 'frozen_payload_sha256': 'eb673a8ffdae84c1b9bea049e97ceebc476e9e9b6f7db6d6630219ab09719eba'}, 'cand_bb3c9704bc50457d0385': {'state': 'PRESENT', 'expected_state': 'PRESENT', 'payload_exact': True, 'physical_payload_sha256': '807d7ef3d439765478ee73f4d3d640640f540ff6cbc2073a717e857f54a4af55', 'frozen_payload_sha256': '807d7ef3d439765478ee73f4d3d640640f540ff6cbc2073a717e857f54a4af55'}}}"
physical,30000,prefix-16,1,False,0.0029249250001157634,0.11816252800053917,0.2635833740059752,0.00995780299854232,0.13104525599919725,0.39462863000517245,133257263.69363861,8a1809eb0565da996ced9f480461f3db8a64ae044e6d430a04dbfb288af3d8e6,1963,"{'all_payloads_match': True, 'exact_payload_count': 16, 'states': {'cand_f94acad130c4ac5b3553': {'state': 'PRESENT', 'expected_state': 'PRESENT', 'payload_exact': True, 'physical_payload_sha256': '1b4de28601248f5348e6aaa6f6256f718496eb0835c8567f278c7f73ee34e982', 'frozen_payload_sha256': '1b4de28601248f5348e6aaa6f6256f718496eb0835c8567f278c7f73ee34e982'}, 'cand_6ca6020979af5e5766a4': {'state': 'PRESENT', 'expected_state': 'PRESENT', 'payload_exact': True, 'physical_payload_sha256': 'a957bb6303ac901d173581fe078a62136b2dfd05b9dcd4a032e8785b2548616c', 'frozen_payload_sha256': 'a957bb6303ac901d173581fe078a62136b2dfd05b9dcd4a032e8785b2548616c'}, 'cand_c6f83d66ce3d1e079f11': {'state': 'PRESENT', 'expected_state': 'PRESENT', 'payload_exact': True, 'physical_payload_sha256': 'cd6f66e643e0e10724abcf6655845ed5b480f3a087d473531b51e27148b64c83', 'frozen_payload_sha256': 'cd6f66e643e0e10724abcf6655845ed5b480f3a087d473531b51e27148b64c83'}, 'cand_1f420ce5268e234e658c': {'state': 'PRESENT', 'expected_state': 'PRESENT', 'payload_exact': True, 'physical_payload_sha256': 'eb673a8ffdae84c1b9bea049e97ceebc476e9e9b6f7db6d6630219ab09719eba', 'frozen_payload_sha256': 'eb673a8ffdae84c1b9bea049e97ceebc476e9e9b6f7db6d6630219ab09719eba'}, 'cand_93041865e5a926191d54': {'state': 'PRESENT', 'expected_state': 'PRESENT', 'payload_exact': True, 'physical_payload_sha256': 'deb46428bae407481bede8e0a266e57147fd154296089a7dafd319abe644d89d', 'frozen_payload_sha256': 'deb46428bae407481bede8e0a266e57147fd154296089a7dafd319abe644d89d'}, 'cand_560443d79842b416ea0d': {'state': 'PRESENT', 'expected_state': 'PRESENT', 'payload_exact': True, 'physical_payload_sha256': 'fa9a17b12dcb8dde4a30217312b569839465badf672114a013a865e04fba7435', 'frozen_payload_sha256': 'fa9a17b12dcb8dde4a30217312b569839465badf672114a013a865e04fba7435'}, 'cand_0fdc909a2a3cf9718db9': {'state': 'PRESENT', 'expected_state': 'PRESENT', 'payload_exact': True, 'physical_payload_sha256': '38dabac647b4558b9603f53c304fd1e40c83fbededf2673ff13c6f70b3d40daa', 'frozen_payload_sha256': '38dabac647b4558b9603f53c304fd1e40c83fbededf2673ff13c6f70b3d40daa'}, 'cand_7531356383a7948fede1': {'state': 'PRESENT', 'expected_state': 'PRESENT', 'payload_exact': True, 'physical_payload_sha256': '9dc66e18b96447cca55280033660186cd59b6f86c07e29d88ee34fb840232599', 'frozen_payload_sha256': '9dc66e18b96447cca55280033660186cd59b6f86c07e29d88ee34fb840232599'}, 'cand_850ffdf5fc1ceee3e08d': {'state': 'PRESENT', 'expected_state': 'PRESENT', 'payload_exact': True, 'physical_payload_sha256': '454d59861034c0f3e55889b8176b61864ebf485e14d7422ef505d18749170a4a', 'frozen_payload_sha256': '454d59861034c0f3e55889b8176b61864ebf485e14d7422ef505d18749170a4a'}, 'cand_cfb64b0bf69c059cd760': {'state': 'PRESENT', 'expected_state': 'PRESENT', 'payload_exact': True, 'physical_payload_sha256': 'd2c7e6b524e9299a2de172dc211a93037689aa5ff879872033b6e822e7f528e7', 'frozen_payload_sha256': 'd2c7e6b524e9299a2de172dc211a93037689aa5ff879872033b6e822e7f528e7'}, 'cand_663a31a8fc0678a2324b': {'state': 'PRESENT', 'expected_state': 'PRESENT', 'payload_exact': True, 'physical_payload_sha256': '45559b268894fb49c7203540eb1a961f5771681514a9b54c26ea610755552522', 'frozen_payload_sha256': '45559b268894fb49c7203540eb1a961f5771681514a9b54c26ea610755552522'}, 'cand_bb3c9704bc50457d0385': {'state': 'PRESENT', 'expected_state': 'PRESENT', 'payload_exact': True, 'physical_payload_sha256': '807d7ef3d439765478ee73f4d3d640640f540ff6cbc2073a717e857f54a4af55', 'frozen_payload_sha256': '807d7ef3d439765478ee73f4d3d640640f540ff6cbc2073a717e857f54a4af55'}, 'cand_9e3965b9e6ab7faacc4e': {'state': 'PRESENT', 'expected_state': 'PRESENT', 'payload_exact': True, 'physical_payload_sha256': '523bce3aa5df3c32aa9dfa75b8391ee3d4d6463d77b66a5b6f9333935a94a0b6', 'frozen_payload_sha256': '523bce3aa5df3c32aa9dfa75b8391ee3d4d6463d77b66a5b6f9333935a94a0b6'}, 'cand_2bea04f8b2c85ff2a4e0': {'state': 'PRESENT', 'expected_state': 'PRESENT', 'payload_exact': True, 'physical_payload_sha256': '1d960444a0064f162c810e3f98ccbdbc2e73b8b6d2dda00b936a85f3178ddd42', 'frozen_payload_sha256': '1d960444a0064f162c810e3f98ccbdbc2e73b8b6d2dda00b936a85f3178ddd42'}, 'cand_0ef1e644231e36b17de7': {'state': 'PRESENT', 'expected_state': 'PRESENT', 'payload_exact': True, 'physical_payload_sha256': 'c2cae727bd0a0c7c5fa9c9d3f1898a8315091a73dc4704a4c5d5262035097619', 'frozen_payload_sha256': 'c2cae727bd0a0c7c5fa9c9d3f1898a8315091a73dc4704a4c5d5262035097619'}, 'cand_dd4fa07161dcf5def8eb': {'state': 'PRESENT', 'expected_state': 'PRESENT', 'payload_exact': True, 'physical_payload_sha256': 'ec4ce01840d97c64b7e4b0332a1666b9cb3258397502d5913b13a4e7a3e4214e', 'frozen_payload_sha256': 'ec4ce01840d97c64b7e4b0332a1666b9cb3258397502d5913b13a4e7a3e4214e'}}}"
physical,30000,prefix-30,1,False,0.004614533994754311,0.18507577599666547,0.2626249269960681,0.00870879300055094,0.19839910299197072,0.4610240299880388,133257250.37696595,95f8e4b3fee5dbdad1e21090fc47b2ca406228c2c77feffdc2baee116e2cdc79,1963,"{'all_payloads_match': True, 'exact_payload_count': 30, 'states': {'cand_f94acad130c4ac5b3553': {'state': 'PRESENT', 'expected_state': 'PRESENT', 'payload_exact': True, 'physical_payload_sha256': '1b4de28601248f5348e6aaa6f6256f718496eb0835c8567f278c7f73ee34e982', 'frozen_payload_sha256': '1b4de28601248f5348e6aaa6f6256f718496eb0835c8567f278c7f73ee34e982'}, 'cand_6ca6020979af5e5766a4': {'state': 'PRESENT', 'expected_state': 'PRESENT', 'payload_exact': True, 'physical_payload_sha256': 'a957bb6303ac901d173581fe078a62136b2dfd05b9dcd4a032e8785b2548616c', 'frozen_payload_sha256': 'a957bb6303ac901d173581fe078a62136b2dfd05b9dcd4a032e8785b2548616c'}, 'cand_c6f83d66ce3d1e079f11': {'state': 'PRESENT', 'expected_state': 'PRESENT', 'payload_exact': True, 'physical_payload_sha256': 'cd6f66e643e0e10724abcf6655845ed5b480f3a087d473531b51e27148b64c83', 'frozen_payload_sha256': 'cd6f66e643e0e10724abcf6655845ed5b480f3a087d473531b51e27148b64c83'}, 'cand_1f420ce5268e234e658c': {'state': 'PRESENT', 'expected_state': 'PRESENT', 'payload_exact': True, 'physical_payload_sha256': 'eb673a8ffdae84c1b9bea049e97ceebc476e9e9b6f7db6d6630219ab09719eba', 'frozen_payload_sha256': 'eb673a8ffdae84c1b9bea049e97ceebc476e9e9b6f7db6d6630219ab09719eba'}, 'cand_93041865e5a926191d54': {'state': 'PRESENT', 'expected_state': 'PRESENT', 'payload_exact': True, 'physical_payload_sha256': 'deb46428bae407481bede8e0a266e57147fd154296089a7dafd319abe644d89d', 'frozen_payload_sha256': 'deb46428bae407481bede8e0a266e57147fd154296089a7dafd319abe644d89d'}, 'cand_560443d79842b416ea0d': {'state': 'PRESENT', 'expected_state': 'PRESENT', 'payload_exact': True, 'physical_payload_sha256': 'fa9a17b12dcb8dde4a30217312b569839465badf672114a013a865e04fba7435', 'frozen_payload_sha256': 'fa9a17b12dcb8dde4a30217312b569839465badf672114a013a865e04fba7435'}, 'cand_0fdc909a2a3cf9718db9': {'state': 'PRESENT', 'expected_state': 'PRESENT', 'payload_exact': True, 'physical_payload_sha256': '38dabac647b4558b9603f53c304fd1e40c83fbededf2673ff13c6f70b3d40daa', 'frozen_payload_sha256': '38dabac647b4558b9603f53c304fd1e40c83fbededf2673ff13c6f70b3d40daa'}, 'cand_7531356383a7948fede1': {'state': 'PRESENT', 'expected_state': 'PRESENT', 'payload_exact': True, 'physical_payload_sha256': '9dc66e18b96447cca55280033660186cd59b6f86c07e29d88ee34fb840232599', 'frozen_payload_sha256': '9dc66e18b96447cca55280033660186cd59b6f86c07e29d88ee34fb840232599'}, 'cand_850ffdf5fc1ceee3e08d': {'state': 'PRESENT', 'expected_state': 'PRESENT', 'payload_exact': True, 'physical_payload_sha256': '454d59861034c0f3e55889b8176b61864ebf485e14d7422ef505d18749170a4a', 'frozen_payload_sha256': '454d59861034c0f3e55889b8176b61864ebf485e14d7422ef505d18749170a4a'}, 'cand_9a47b4882350bf5fccf9': {'state': 'PRESENT', 'expected_state': 'PRESENT', 'payload_exact': True, 'physical_payload_sha256': '6572aa9c7b3f76ba408b01f2ecd52339c6e8d3fa11be261185717cfbbb5b97c4', 'frozen_payload_sha256': '6572aa9c7b3f76ba408b01f2ecd52339c6e8d3fa11be261185717cfbbb5b97c4'}, 'cand_835deeb29a9e7947a98b': {'state': 'PRESENT', 'expected_state': 'PRESENT', 'payload_exact': True, 'physical_payload_sha256': '350fcc8b0194d7a40b43e82a0a08d53a472551766b14dc9c4ca8c2459e17b267', 'frozen_payload_sha256': '350fcc8b0194d7a40b43e82a0a08d53a472551766b14dc9c4ca8c2459e17b267'}, 'cand_b6cafc68143c6fa37e85': {'state': 'PRESENT', 'expected_state': 'PRESENT', 'payload_exact': True, 'physical_payload_sha256': '29c9fe4704d536feecc86b629c457d6df83408d06860142b94d569a68758791e', 'frozen_payload_sha256': '29c9fe4704d536feecc86b629c457d6df83408d06860142b94d569a68758791e'}, 'cand_f002ec4adfff3911240b': {'state': 'PRESENT', 'expected_state': 'PRESENT', 'payload_exact': True, 'physical_payload_sha256': '8ca28e1f85b64f132176f5f38374a69f3322425f8b16b86cf39d130402b884f9', 'frozen_payload_sha256': '8ca28e1f85b64f132176f5f38374a69f3322425f8b16b86cf39d130402b884f9'}, 'cand_d17d4fee04bca1295fdb': {'state': 'PRESENT', 'expected_state': 'PRESENT', 'payload_exact': True, 'physical_payload_sha256': 'dec1ac93145cb624fd3569ef6a0af3dca4deeb7bfca21e1811405f5e3daf82a7', 'frozen_payload_sha256': 'dec1ac93145cb624fd3569ef6a0af3dca4deeb7bfca21e1811405f5e3daf82a7'}, 'cand_044e770ab213d0ef37b1': {'state': 'PRESENT', 'expected_state': 'PRESENT', 'payload_exact': True, 'physical_payload_sha256': 'abc9e64b0b818e7bc3606393d9c314d90411a0f003ebb6c9b4dcd356f5012470', 'frozen_payload_sha256': 'abc9e64b0b818e7bc3606393d9c314d90411a0f003ebb6c9b4dcd356f5012470'}, 'cand_cfb64b0bf69c059cd760': {'state': 'PRESENT', 'expected_state': 'PRESENT', 'payload_exact': True, 'physical_payload_sha256': 'd2c7e6b524e9299a2de172dc211a93037689aa5ff879872033b6e822e7f528e7', 'frozen_payload_sha256': 'd2c7e6b524e9299a2de172dc211a93037689aa5ff879872033b6e822e7f528e7'}, 'cand_6505783b203dc0346b49': {'state': 'PRESENT', 'expected_state': 'PRESENT', 'payload_exact': True, 'physical_payload_sha256': '6896fbf912c5723a264a33f528327dc096d0a3c3e9d030737631e1ce25674ee5', 'frozen_payload_sha256': '6896fbf912c5723a264a33f528327dc096d0a3c3e9d030737631e1ce25674ee5'}, 'cand_7b08320f31dae1c5e9f4': {'state': 'PRESENT', 'expected_state': 'PRESENT', 'payload_exact': True, 'physical_payload_sha256': 'd41be836e2a6efd614aa13d34f71356cb5ba9ec5b176d535ec80380e23704192', 'frozen_payload_sha256': 'd41be836e2a6efd614aa13d34f71356cb5ba9ec5b176d535ec80380e23704192'}, 'cand_e95bcd15c94c80f62716': {'state': 'PRESENT', 'expected_state': 'PRESENT', 'payload_exact': True, 'physical_payload_sha256': '250c3e1841ff733b2e82365c0f0ca578cbc1bc3227f500bfa9a26da1735c68e6', 'frozen_payload_sha256': '250c3e1841ff733b2e82365c0f0ca578cbc1bc3227f500bfa9a26da1735c68e6'}, 'cand_5e3a909effbf6f7d6e21': {'state': 'PRESENT', 'expected_state': 'PRESENT', 'payload_exact': True, 'physical_payload_sha256': '474438e654486f2b902952f26e6822f901b4bcc414a399b700babe023f62a832', 'frozen_payload_sha256': '474438e654486f2b902952f26e6822f901b4bcc414a399b700babe023f62a832'}, 'cand_cf35fb1b66d3371735fd': {'state': 'PRESENT', 'expected_state': 'PRESENT', 'payload_exact': True, 'physical_payload_sha256': '2b1ed3268f5b988b1a1bbebabde8ecf735f68253dcb5132bcdfc5b3301d11cd6', 'frozen_payload_sha256': '2b1ed3268f5b988b1a1bbebabde8ecf735f68253dcb5132bcdfc5b3301d11cd6'}, 'cand_663a31a8fc0678a2324b': {'state': 'PRESENT', 'expected_state': 'PRESENT', 'payload_exact': True, 'physical_payload_sha256': '45559b268894fb49c7203540eb1a961f5771681514a9b54c26ea610755552522', 'frozen_payload_sha256': '45559b268894fb49c7203540eb1a961f5771681514a9b54c26ea610755552522'}, 'cand_bb3c9704bc50457d0385': {'state': 'PRESENT', 'expected_state': 'PRESENT', 'payload_exact': True, 'physical_payload_sha256': '807d7ef3d439765478ee73f4d3d640640f540ff6cbc2073a717e857f54a4af55', 'frozen_payload_sha256': '807d7ef3d439765478ee73f4d3d640640f540ff6cbc2073a717e857f54a4af55'}, 'cand_a658273d38918de4ed71': {'state': 'PRESENT', 'expected_state': 'PRESENT', 'payload_exact': True, 'physical_payload_sha256': 'df03012caf96b062c1e1e52b072ee5e27d2adf18ded929c8a81d56b9adfd1352', 'frozen_payload_sha256': 'df03012caf96b062c1e1e52b072ee5e27d2adf18ded929c8a81d56b9adfd1352'}, 'cand_9e3965b9e6ab7faacc4e': {'state': 'PRESENT', 'expected_state': 'PRESENT', 'payload_exact': True, 'physical_payload_sha256': '523bce3aa5df3c32aa9dfa75b8391ee3d4d6463d77b66a5b6f9333935a94a0b6', 'frozen_payload_sha256': '523bce3aa5df3c32aa9dfa75b8391ee3d4d6463d77b66a5b6f9333935a94a0b6'}, 'cand_2bea04f8b2c85ff2a4e0': {'state': 'PRESENT', 'expected_state': 'PRESENT', 'payload_exact': True, 'physical_payload_sha256': '1d960444a0064f162c810e3f98ccbdbc2e73b8b6d2dda00b936a85f3178ddd42', 'frozen_payload_sha256': '1d960444a0064f162c810e3f98ccbdbc2e73b8b6d2dda00b936a85f3178ddd42'}, 'cand_d033eb981110aa21d3df': {'state': 'PRESENT', 'expected_state': 'PRESENT', 'payload_exact': True, 'physical_payload_sha256': 'c55e4ba7266c1861690788e5696a7f6263bffb4b0ac3a9ec7db2a763ee913425', 'frozen_payload_sha256': 'c55e4ba7266c1861690788e5696a7f6263bffb4b0ac3a9ec7db2a763ee913425'}, 'cand_0ef1e644231e36b17de7': {'state': 'PRESENT', 'expected_state': 'PRESENT', 'payload_exact': True, 'physical_payload_sha256': 'c2cae727bd0a0c7c5fa9c9d3f1898a8315091a73dc4704a4c5d5262035097619', 'frozen_payload_sha256': 'c2cae727bd0a0c7c5fa9c9d3f1898a8315091a73dc4704a4c5d5262035097619'}, 'cand_dd4fa07161dcf5def8eb': {'state': 'PRESENT', 'expected_state': 'PRESENT', 'payload_exact': True, 'physical_payload_sha256': 'ec4ce01840d97c64b7e4b0332a1666b9cb3258397502d5913b13a4e7a3e4214e', 'frozen_payload_sha256': 'ec4ce01840d97c64b7e4b0332a1666b9cb3258397502d5913b13a4e7a3e4214e'}, 'cand_d102d0d6903dbc44935f': {'state': 'PRESENT', 'expected_state': 'PRESENT', 'payload_exact': True, 'physical_payload_sha256': 'c2d2b0b1e00b9f5400b2642bc28e6e12b88c53a513826db1b62676c03d955637', 'frozen_payload_sha256': 'c2d2b0b1e00b9f5400b2642bc28e6e12b88c53a513826db1b62676c03d955637'}}}"
physical,30000,final-31,1,False,0.0046844180033076555,0.18058809600188397,0.2721530380003969,0.009505823996732943,0.19477833800192457,0.4669313760023215,133257250.37696595,95f8e4b3fee5dbdad1e21090fc47b2ca406228c2c77feffdc2baee116e2cdc79,1963,"{'all_payloads_match': True, 'exact_payload_count': 31, 'states': {'cand_f94acad130c4ac5b3553': {'state': 'PRESENT', 'expected_state': 'PRESENT', 'payload_exact': True, 'physical_payload_sha256': '1b4de28601248f5348e6aaa6f6256f718496eb0835c8567f278c7f73ee34e982', 'frozen_payload_sha256': '1b4de28601248f5348e6aaa6f6256f718496eb0835c8567f278c7f73ee34e982'}, 'cand_6ca6020979af5e5766a4': {'state': 'PRESENT', 'expected_state': 'PRESENT', 'payload_exact': True, 'physical_payload_sha256': 'a957bb6303ac901d173581fe078a62136b2dfd05b9dcd4a032e8785b2548616c', 'frozen_payload_sha256': 'a957bb6303ac901d173581fe078a62136b2dfd05b9dcd4a032e8785b2548616c'}, 'cand_c6f83d66ce3d1e079f11': {'state': 'PRESENT', 'expected_state': 'PRESENT', 'payload_exact': True, 'physical_payload_sha256': 'cd6f66e643e0e10724abcf6655845ed5b480f3a087d473531b51e27148b64c83', 'frozen_payload_sha256': 'cd6f66e643e0e10724abcf6655845ed5b480f3a087d473531b51e27148b64c83'}, 'cand_1f420ce5268e234e658c': {'state': 'PRESENT', 'expected_state': 'PRESENT', 'payload_exact': True, 'physical_payload_sha256': 'eb673a8ffdae84c1b9bea049e97ceebc476e9e9b6f7db6d6630219ab09719eba', 'frozen_payload_sha256': 'eb673a8ffdae84c1b9bea049e97ceebc476e9e9b6f7db6d6630219ab09719eba'}, 'cand_93041865e5a926191d54': {'state': 'PRESENT', 'expected_state': 'PRESENT', 'payload_exact': True, 'physical_payload_sha256': 'deb46428bae407481bede8e0a266e57147fd154296089a7dafd319abe644d89d', 'frozen_payload_sha256': 'deb46428bae407481bede8e0a266e57147fd154296089a7dafd319abe644d89d'}, 'cand_560443d79842b416ea0d': {'state': 'PRESENT', 'expected_state': 'PRESENT', 'payload_exact': True, 'physical_payload_sha256': 'fa9a17b12dcb8dde4a30217312b569839465badf672114a013a865e04fba7435', 'frozen_payload_sha256': 'fa9a17b12dcb8dde4a30217312b569839465badf672114a013a865e04fba7435'}, 'cand_0fdc909a2a3cf9718db9': {'state': 'PRESENT', 'expected_state': 'PRESENT', 'payload_exact': True, 'physical_payload_sha256': '38dabac647b4558b9603f53c304fd1e40c83fbededf2673ff13c6f70b3d40daa', 'frozen_payload_sha256': '38dabac647b4558b9603f53c304fd1e40c83fbededf2673ff13c6f70b3d40daa'}, 'cand_7531356383a7948fede1': {'state': 'PRESENT', 'expected_state': 'PRESENT', 'payload_exact': True, 'physical_payload_sha256': '9dc66e18b96447cca55280033660186cd59b6f86c07e29d88ee34fb840232599', 'frozen_payload_sha256': '9dc66e18b96447cca55280033660186cd59b6f86c07e29d88ee34fb840232599'}, 'cand_850ffdf5fc1ceee3e08d': {'state': 'PRESENT', 'expected_state': 'PRESENT', 'payload_exact': True, 'physical_payload_sha256': '454d59861034c0f3e55889b8176b61864ebf485e14d7422ef505d18749170a4a', 'frozen_payload_sha256': '454d59861034c0f3e55889b8176b61864ebf485e14d7422ef505d18749170a4a'}, 'cand_9a47b4882350bf5fccf9': {'state': 'PRESENT', 'expected_state': 'PRESENT', 'payload_exact': True, 'physical_payload_sha256': '6572aa9c7b3f76ba408b01f2ecd52339c6e8d3fa11be261185717cfbbb5b97c4', 'frozen_payload_sha256': '6572aa9c7b3f76ba408b01f2ecd52339c6e8d3fa11be261185717cfbbb5b97c4'}, 'cand_835deeb29a9e7947a98b': {'state': 'PRESENT', 'expected_state': 'PRESENT', 'payload_exact': True, 'physical_payload_sha256': '350fcc8b0194d7a40b43e82a0a08d53a472551766b14dc9c4ca8c2459e17b267', 'frozen_payload_sha256': '350fcc8b0194d7a40b43e82a0a08d53a472551766b14dc9c4ca8c2459e17b267'}, 'cand_b6cafc68143c6fa37e85': {'state': 'PRESENT', 'expected_state': 'PRESENT', 'payload_exact': True, 'physical_payload_sha256': '29c9fe4704d536feecc86b629c457d6df83408d06860142b94d569a68758791e', 'frozen_payload_sha256': '29c9fe4704d536feecc86b629c457d6df83408d06860142b94d569a68758791e'}, 'cand_f002ec4adfff3911240b': {'state': 'PRESENT', 'expected_state': 'PRESENT', 'payload_exact': True, 'physical_payload_sha256': '8ca28e1f85b64f132176f5f38374a69f3322425f8b16b86cf39d130402b884f9', 'frozen_payload_sha256': '8ca28e1f85b64f132176f5f38374a69f3322425f8b16b86cf39d130402b884f9'}, 'cand_d17d4fee04bca1295fdb': {'state': 'PRESENT', 'expected_state': 'PRESENT', 'payload_exact': True, 'physical_payload_sha256': 'dec1ac93145cb624fd3569ef6a0af3dca4deeb7bfca21e1811405f5e3daf82a7', 'frozen_payload_sha256': 'dec1ac93145cb624fd3569ef6a0af3dca4deeb7bfca21e1811405f5e3daf82a7'}, 'cand_044e770ab213d0ef37b1': {'state': 'PRESENT', 'expected_state': 'PRESENT', 'payload_exact': True, 'physical_payload_sha256': 'abc9e64b0b818e7bc3606393d9c314d90411a0f003ebb6c9b4dcd356f5012470', 'frozen_payload_sha256': 'abc9e64b0b818e7bc3606393d9c314d90411a0f003ebb6c9b4dcd356f5012470'}, 'cand_cfb64b0bf69c059cd760': {'state': 'PRESENT', 'expected_state': 'PRESENT', 'payload_exact': True, 'physical_payload_sha256': 'd2c7e6b524e9299a2de172dc211a93037689aa5ff879872033b6e822e7f528e7', 'frozen_payload_sha256': 'd2c7e6b524e9299a2de172dc211a93037689aa5ff879872033b6e822e7f528e7'}, 'cand_6505783b203dc0346b49': {'state': 'PRESENT', 'expected_state': 'PRESENT', 'payload_exact': True, 'physical_payload_sha256': '6896fbf912c5723a264a33f528327dc096d0a3c3e9d030737631e1ce25674ee5', 'frozen_payload_sha256': '6896fbf912c5723a264a33f528327dc096d0a3c3e9d030737631e1ce25674ee5'}, 'cand_7b08320f31dae1c5e9f4': {'state': 'PRESENT', 'expected_state': 'PRESENT', 'payload_exact': True, 'physical_payload_sha256': 'd41be836e2a6efd614aa13d34f71356cb5ba9ec5b176d535ec80380e23704192', 'frozen_payload_sha256': 'd41be836e2a6efd614aa13d34f71356cb5ba9ec5b176d535ec80380e23704192'}, 'cand_e95bcd15c94c80f62716': {'state': 'PRESENT', 'expected_state': 'PRESENT', 'payload_exact': True, 'physical_payload_sha256': '250c3e1841ff733b2e82365c0f0ca578cbc1bc3227f500bfa9a26da1735c68e6', 'frozen_payload_sha256': '250c3e1841ff733b2e82365c0f0ca578cbc1bc3227f500bfa9a26da1735c68e6'}, 'cand_5e3a909effbf6f7d6e21': {'state': 'PRESENT', 'expected_state': 'PRESENT', 'payload_exact': True, 'physical_payload_sha256': '474438e654486f2b902952f26e6822f901b4bcc414a399b700babe023f62a832', 'frozen_payload_sha256': '474438e654486f2b902952f26e6822f901b4bcc414a399b700babe023f62a832'}, 'cand_cf35fb1b66d3371735fd': {'state': 'PRESENT', 'expected_state': 'PRESENT', 'payload_exact': True, 'physical_payload_sha256': '2b1ed3268f5b988b1a1bbebabde8ecf735f68253dcb5132bcdfc5b3301d11cd6', 'frozen_payload_sha256': '2b1ed3268f5b988b1a1bbebabde8ecf735f68253dcb5132bcdfc5b3301d11cd6'}, 'cand_663a31a8fc0678a2324b': {'state': 'PRESENT', 'expected_state': 'PRESENT', 'payload_exact': True, 'physical_payload_sha256': '45559b268894fb49c7203540eb1a961f5771681514a9b54c26ea610755552522', 'frozen_payload_sha256': '45559b268894fb49c7203540eb1a961f5771681514a9b54c26ea610755552522'}, 'cand_bb3c9704bc50457d0385': {'state': 'PRESENT', 'expected_state': 'PRESENT', 'payload_exact': True, 'physical_payload_sha256': '807d7ef3d439765478ee73f4d3d640640f540ff6cbc2073a717e857f54a4af55', 'frozen_payload_sha256': '807d7ef3d439765478ee73f4d3d640640f540ff6cbc2073a717e857f54a4af55'}, 'cand_a658273d38918de4ed71': {'state': 'PRESENT', 'expected_state': 'PRESENT', 'payload_exact': True, 'physical_payload_sha256': 'df03012caf96b062c1e1e52b072ee5e27d2adf18ded929c8a81d56b9adfd1352', 'frozen_payload_sha256': 'df03012caf96b062c1e1e52b072ee5e27d2adf18ded929c8a81d56b9adfd1352'}, 'cand_9e3965b9e6ab7faacc4e': {'state': 'PRESENT', 'expected_state': 'PRESENT', 'payload_exact': True, 'physical_payload_sha256': '523bce3aa5df3c32aa9dfa75b8391ee3d4d6463d77b66a5b6f9333935a94a0b6', 'frozen_payload_sha256': '523bce3aa5df3c32aa9dfa75b8391ee3d4d6463d77b66a5b6f9333935a94a0b6'}, 'cand_2bea04f8b2c85ff2a4e0': {'state': 'PRESENT', 'expected_state': 'PRESENT', 'payload_exact': True, 'physical_payload_sha256': '1d960444a0064f162c810e3f98ccbdbc2e73b8b6d2dda00b936a85f3178ddd42', 'frozen_payload_sha256': '1d960444a0064f162c810e3f98ccbdbc2e73b8b6d2dda00b936a85f3178ddd42'}, 'cand_d033eb981110aa21d3df': {'state': 'PRESENT', 'expected_state': 'PRESENT', 'payload_exact': True, 'physical_payload_sha256': 'c55e4ba7266c1861690788e5696a7f6263bffb4b0ac3a9ec7db2a763ee913425', 'frozen_payload_sha256': 'c55e4ba7266c1861690788e5696a7f6263bffb4b0ac3a9ec7db2a763ee913425'}, 'cand_0ef1e644231e36b17de7': {'state': 'PRESENT', 'expected_state': 'PRESENT', 'payload_exact': True, 'physical_payload_sha256': 'c2cae727bd0a0c7c5fa9c9d3f1898a8315091a73dc4704a4c5d5262035097619', 'frozen_payload_sha256': 'c2cae727bd0a0c7c5fa9c9d3f1898a8315091a73dc4704a4c5d5262035097619'}, 'cand_dd4fa07161dcf5def8eb': {'state': 'PRESENT', 'expected_state': 'PRESENT', 'payload_exact': True, 'physical_payload_sha256': 'ec4ce01840d97c64b7e4b0332a1666b9cb3258397502d5913b13a4e7a3e4214e', 'frozen_payload_sha256': 'ec4ce01840d97c64b7e4b0332a1666b9cb3258397502d5913b13a4e7a3e4214e'}, 'cand_5400d6d245a511006593': {'state': 'PRESENT', 'expected_state': 'PRESENT', 'payload_exact': True, 'physical_payload_sha256': '72aa31da7902c9d0e64635533487e1bd177635d8598c451a6e89f77888f6f564', 'frozen_payload_sha256': '72aa31da7902c9d0e64635533487e1bd177635d8598c451a6e89f77888f6f564'}, 'cand_d102d0d6903dbc44935f': {'state': 'PRESENT', 'expected_state': 'PRESENT', 'payload_exact': True, 'physical_payload_sha256': 'c2d2b0b1e00b9f5400b2642bc28e6e12b88c53a513826db1b62676c03d955637', 'frozen_payload_sha256': 'c2d2b0b1e00b9f5400b2642bc28e6e12b88c53a513826db1b62676c03d955637'}}}"
physical,30000,empty,2,False,2.0119987311773002e-06,0.05167337699822383,0.23454370599938557,0.008672454001498409,0.060347842998453416,0.294891548997839,81776753.29332289,5b68e50ef3dc61e9cafe77b46e9e8b6c8a18b97f62d60d1cc3acfd369a6238c2,1963,"{'all_payloads_match': True, 'exact_payload_count': 0}"
physical,30000,prefix-01,2,False,0.0016179169979295693,0.05657396700553363,0.2532446129989694,0.009540029990603216,0.06773191399406642,0.3209765269930358,112264351.17240727,da687475a33b3e39aa81cf9f6bfd4ef2b3990f60324eef1c0a42d1afdaaf4e07,1963,"{'all_payloads_match': True, 'exact_payload_count': 1, 'states': {'cand_f94acad130c4ac5b3553': {'state': 'PRESENT', 'expected_state': 'PRESENT', 'payload_exact': True, 'physical_payload_sha256': '1b4de28601248f5348e6aaa6f6256f718496eb0835c8567f278c7f73ee34e982', 'frozen_payload_sha256': '1b4de28601248f5348e6aaa6f6256f718496eb0835c8567f278c7f73ee34e982'}}}"
physical,30000,prefix-05,2,False,0.0018126780050806701,0.0694408339986694,0.24405517400009558,0.011234115001570899,0.08248762700532097,0.32654280100541655,133360320.24741,abf90a695dfeff1b4b099780e054cc837c03f167c4ec6e541a63965c3fa85621,1963,"{'all_payloads_match': True, 'exact_payload_count': 5, 'states': {'cand_f94acad130c4ac5b3553': {'state': 'PRESENT', 'expected_state': 'PRESENT', 'payload_exact': True, 'physical_payload_sha256': '1b4de28601248f5348e6aaa6f6256f718496eb0835c8567f278c7f73ee34e982', 'frozen_payload_sha256': '1b4de28601248f5348e6aaa6f6256f718496eb0835c8567f278c7f73ee34e982'}, 'cand_6ca6020979af5e5766a4': {'state': 'PRESENT', 'expected_state': 'PRESENT', 'payload_exact': True, 'physical_payload_sha256': 'a957bb6303ac901d173581fe078a62136b2dfd05b9dcd4a032e8785b2548616c', 'frozen_payload_sha256': 'a957bb6303ac901d173581fe078a62136b2dfd05b9dcd4a032e8785b2548616c'}, 'cand_c6f83d66ce3d1e079f11': {'state': 'PRESENT', 'expected_state': 'PRESENT', 'payload_exact': True, 'physical_payload_sha256': 'cd6f66e643e0e10724abcf6655845ed5b480f3a087d473531b51e27148b64c83', 'frozen_payload_sha256': 'cd6f66e643e0e10724abcf6655845ed5b480f3a087d473531b51e27148b64c83'}, 'cand_1f420ce5268e234e658c': {'state': 'PRESENT', 'expected_state': 'PRESENT', 'payload_exact': True, 'physical_payload_sha256': 'eb673a8ffdae84c1b9bea049e97ceebc476e9e9b6f7db6d6630219ab09719eba', 'frozen_payload_sha256': 'eb673a8ffdae84c1b9bea049e97ceebc476e9e9b6f7db6d6630219ab09719eba'}, 'cand_bb3c9704bc50457d0385': {'state': 'PRESENT', 'expected_state': 'PRESENT', 'payload_exact': True, 'physical_payload_sha256': '807d7ef3d439765478ee73f4d3d640640f540ff6cbc2073a717e857f54a4af55', 'frozen_payload_sha256': '807d7ef3d439765478ee73f4d3d640640f540ff6cbc2073a717e857f54a4af55'}}}"
physical,30000,prefix-16,2,False,0.0027353389959898777,0.11725514700083295,0.2871227830037242,0.009765278999111615,0.12975576499593444,0.4168785479996586,133257263.69363861,8a1809eb0565da996ced9f480461f3db8a64ae044e6d430a04dbfb288af3d8e6,1963,"{'all_payloads_match': True, 'exact_payload_count': 16, 'states': {'cand_f94acad130c4ac5b3553': {'state': 'PRESENT', 'expected_state': 'PRESENT', 'payload_exact': True, 'physical_payload_sha256': '1b4de28601248f5348e6aaa6f6256f718496eb0835c8567f278c7f73ee34e982', 'frozen_payload_sha256': '1b4de28601248f5348e6aaa6f6256f718496eb0835c8567f278c7f73ee34e982'}, 'cand_6ca6020979af5e5766a4': {'state': 'PRESENT', 'expected_state': 'PRESENT', 'payload_exact': True, 'physical_payload_sha256': 'a957bb6303ac901d173581fe078a62136b2dfd05b9dcd4a032e8785b2548616c', 'frozen_payload_sha256': 'a957bb6303ac901d173581fe078a62136b2dfd05b9dcd4a032e8785b2548616c'}, 'cand_c6f83d66ce3d1e079f11': {'state': 'PRESENT', 'expected_state': 'PRESENT', 'payload_exact': True, 'physical_payload_sha256': 'cd6f66e643e0e10724abcf6655845ed5b480f3a087d473531b51e27148b64c83', 'frozen_payload_sha256': 'cd6f66e643e0e10724abcf6655845ed5b480f3a087d473531b51e27148b64c83'}, 'cand_1f420ce5268e234e658c': {'state': 'PRESENT', 'expected_state': 'PRESENT', 'payload_exact': True, 'physical_payload_sha256': 'eb673a8ffdae84c1b9bea049e97ceebc476e9e9b6f7db6d6630219ab09719eba', 'frozen_payload_sha256': 'eb673a8ffdae84c1b9bea049e97ceebc476e9e9b6f7db6d6630219ab09719eba'}, 'cand_93041865e5a926191d54': {'state': 'PRESENT', 'expected_state': 'PRESENT', 'payload_exact': True, 'physical_payload_sha256': 'deb46428bae407481bede8e0a266e57147fd154296089a7dafd319abe644d89d', 'frozen_payload_sha256': 'deb46428bae407481bede8e0a266e57147fd154296089a7dafd319abe644d89d'}, 'cand_560443d79842b416ea0d': {'state': 'PRESENT', 'expected_state': 'PRESENT', 'payload_exact': True, 'physical_payload_sha256': 'fa9a17b12dcb8dde4a30217312b569839465badf672114a013a865e04fba7435', 'frozen_payload_sha256': 'fa9a17b12dcb8dde4a30217312b569839465badf672114a013a865e04fba7435'}, 'cand_0fdc909a2a3cf9718db9': {'state': 'PRESENT', 'expected_state': 'PRESENT', 'payload_exact': True, 'physical_payload_sha256': '38dabac647b4558b9603f53c304fd1e40c83fbededf2673ff13c6f70b3d40daa', 'frozen_payload_sha256': '38dabac647b4558b9603f53c304fd1e40c83fbededf2673ff13c6f70b3d40daa'}, 'cand_7531356383a7948fede1': {'state': 'PRESENT', 'expected_state': 'PRESENT', 'payload_exact': True, 'physical_payload_sha256': '9dc66e18b96447cca55280033660186cd59b6f86c07e29d88ee34fb840232599', 'frozen_payload_sha256': '9dc66e18b96447cca55280033660186cd59b6f86c07e29d88ee34fb840232599'}, 'cand_850ffdf5fc1ceee3e08d': {'state': 'PRESENT', 'expected_state': 'PRESENT', 'payload_exact': True, 'physical_payload_sha256': '454d59861034c0f3e55889b8176b61864ebf485e14d7422ef505d18749170a4a', 'frozen_payload_sha256': '454d59861034c0f3e55889b8176b61864ebf485e14d7422ef505d18749170a4a'}, 'cand_cfb64b0bf69c059cd760': {'state': 'PRESENT', 'expected_state': 'PRESENT', 'payload_exact': True, 'physical_payload_sha256': 'd2c7e6b524e9299a2de172dc211a93037689aa5ff879872033b6e822e7f528e7', 'frozen_payload_sha256': 'd2c7e6b524e9299a2de172dc211a93037689aa5ff879872033b6e822e7f528e7'}, 'cand_663a31a8fc0678a2324b': {'state': 'PRESENT', 'expected_state': 'PRESENT', 'payload_exact': True, 'physical_payload_sha256': '45559b268894fb49c7203540eb1a961f5771681514a9b54c26ea610755552522', 'frozen_payload_sha256': '45559b268894fb49c7203540eb1a961f5771681514a9b54c26ea610755552522'}, 'cand_bb3c9704bc50457d0385': {'state': 'PRESENT', 'expected_state': 'PRESENT', 'payload_exact': True, 'physical_payload_sha256': '807d7ef3d439765478ee73f4d3d640640f540ff6cbc2073a717e857f54a4af55', 'frozen_payload_sha256': '807d7ef3d439765478ee73f4d3d640640f540ff6cbc2073a717e857f54a4af55'}, 'cand_9e3965b9e6ab7faacc4e': {'state': 'PRESENT', 'expected_state': 'PRESENT', 'payload_exact': True, 'physical_payload_sha256': '523bce3aa5df3c32aa9dfa75b8391ee3d4d6463d77b66a5b6f9333935a94a0b6', 'frozen_payload_sha256': '523bce3aa5df3c32aa9dfa75b8391ee3d4d6463d77b66a5b6f9333935a94a0b6'}, 'cand_2bea04f8b2c85ff2a4e0': {'state': 'PRESENT', 'expected_state': 'PRESENT', 'payload_exact': True, 'physical_payload_sha256': '1d960444a0064f162c810e3f98ccbdbc2e73b8b6d2dda00b936a85f3178ddd42', 'frozen_payload_sha256': '1d960444a0064f162c810e3f98ccbdbc2e73b8b6d2dda00b936a85f3178ddd42'}, 'cand_0ef1e644231e36b17de7': {'state': 'PRESENT', 'expected_state': 'PRESENT', 'payload_exact': True, 'physical_payload_sha256': 'c2cae727bd0a0c7c5fa9c9d3f1898a8315091a73dc4704a4c5d5262035097619', 'frozen_payload_sha256': 'c2cae727bd0a0c7c5fa9c9d3f1898a8315091a73dc4704a4c5d5262035097619'}, 'cand_dd4fa07161dcf5def8eb': {'state': 'PRESENT', 'expected_state': 'PRESENT', 'payload_exact': True, 'physical_payload_sha256': 'ec4ce01840d97c64b7e4b0332a1666b9cb3258397502d5913b13a4e7a3e4214e', 'frozen_payload_sha256': 'ec4ce01840d97c64b7e4b0332a1666b9cb3258397502d5913b13a4e7a3e4214e'}}}"
physical,30000,prefix-30,2,False,0.004890855998382904,0.18836559200281044,0.2799829699943075,0.010806720005348325,0.20406316800654167,0.48404613800084917,133257250.37696595,95f8e4b3fee5dbdad1e21090fc47b2ca406228c2c77feffdc2baee116e2cdc79,1963,"{'all_payloads_match': True, 'exact_payload_count': 30, 'states': {'cand_f94acad130c4ac5b3553': {'state': 'PRESENT', 'expected_state': 'PRESENT', 'payload_exact': True, 'physical_payload_sha256': '1b4de28601248f5348e6aaa6f6256f718496eb0835c8567f278c7f73ee34e982', 'frozen_payload_sha256': '1b4de28601248f5348e6aaa6f6256f718496eb0835c8567f278c7f73ee34e982'}, 'cand_6ca6020979af5e5766a4': {'state': 'PRESENT', 'expected_state': 'PRESENT', 'payload_exact': True, 'physical_payload_sha256': 'a957bb6303ac901d173581fe078a62136b2dfd05b9dcd4a032e8785b2548616c', 'frozen_payload_sha256': 'a957bb6303ac901d173581fe078a62136b2dfd05b9dcd4a032e8785b2548616c'}, 'cand_c6f83d66ce3d1e079f11': {'state': 'PRESENT', 'expected_state': 'PRESENT', 'payload_exact': True, 'physical_payload_sha256': 'cd6f66e643e0e10724abcf6655845ed5b480f3a087d473531b51e27148b64c83', 'frozen_payload_sha256': 'cd6f66e643e0e10724abcf6655845ed5b480f3a087d473531b51e27148b64c83'}, 'cand_1f420ce5268e234e658c': {'state': 'PRESENT', 'expected_state': 'PRESENT', 'payload_exact': True, 'physical_payload_sha256': 'eb673a8ffdae84c1b9bea049e97ceebc476e9e9b6f7db6d6630219ab09719eba', 'frozen_payload_sha256': 'eb673a8ffdae84c1b9bea049e97ceebc476e9e9b6f7db6d6630219ab09719eba'}, 'cand_93041865e5a926191d54': {'state': 'PRESENT', 'expected_state': 'PRESENT', 'payload_exact': True, 'physical_payload_sha256': 'deb46428bae407481bede8e0a266e57147fd154296089a7dafd319abe644d89d', 'frozen_payload_sha256': 'deb46428bae407481bede8e0a266e57147fd154296089a7dafd319abe644d89d'}, 'cand_560443d79842b416ea0d': {'state': 'PRESENT', 'expected_state': 'PRESENT', 'payload_exact': True, 'physical_payload_sha256': 'fa9a17b12dcb8dde4a30217312b569839465badf672114a013a865e04fba7435', 'frozen_payload_sha256': 'fa9a17b12dcb8dde4a30217312b569839465badf672114a013a865e04fba7435'}, 'cand_0fdc909a2a3cf9718db9': {'state': 'PRESENT', 'expected_state': 'PRESENT', 'payload_exact': True, 'physical_payload_sha256': '38dabac647b4558b9603f53c304fd1e40c83fbededf2673ff13c6f70b3d40daa', 'frozen_payload_sha256': '38dabac647b4558b9603f53c304fd1e40c83fbededf2673ff13c6f70b3d40daa'}, 'cand_7531356383a7948fede1': {'state': 'PRESENT', 'expected_state': 'PRESENT', 'payload_exact': True, 'physical_payload_sha256': '9dc66e18b96447cca55280033660186cd59b6f86c07e29d88ee34fb840232599', 'frozen_payload_sha256': '9dc66e18b96447cca55280033660186cd59b6f86c07e29d88ee34fb840232599'}, 'cand_850ffdf5fc1ceee3e08d': {'state': 'PRESENT', 'expected_state': 'PRESENT', 'payload_exact': True, 'physical_payload_sha256': '454d59861034c0f3e55889b8176b61864ebf485e14d7422ef505d18749170a4a', 'frozen_payload_sha256': '454d59861034c0f3e55889b8176b61864ebf485e14d7422ef505d18749170a4a'}, 'cand_9a47b4882350bf5fccf9': {'state': 'PRESENT', 'expected_state': 'PRESENT', 'payload_exact': True, 'physical_payload_sha256': '6572aa9c7b3f76ba408b01f2ecd52339c6e8d3fa11be261185717cfbbb5b97c4', 'frozen_payload_sha256': '6572aa9c7b3f76ba408b01f2ecd52339c6e8d3fa11be261185717cfbbb5b97c4'}, 'cand_835deeb29a9e7947a98b': {'state': 'PRESENT', 'expected_state': 'PRESENT', 'payload_exact': True, 'physical_payload_sha256': '350fcc8b0194d7a40b43e82a0a08d53a472551766b14dc9c4ca8c2459e17b267', 'frozen_payload_sha256': '350fcc8b0194d7a40b43e82a0a08d53a472551766b14dc9c4ca8c2459e17b267'}, 'cand_b6cafc68143c6fa37e85': {'state': 'PRESENT', 'expected_state': 'PRESENT', 'payload_exact': True, 'physical_payload_sha256': '29c9fe4704d536feecc86b629c457d6df83408d06860142b94d569a68758791e', 'frozen_payload_sha256': '29c9fe4704d536feecc86b629c457d6df83408d06860142b94d569a68758791e'}, 'cand_f002ec4adfff3911240b': {'state': 'PRESENT', 'expected_state': 'PRESENT', 'payload_exact': True, 'physical_payload_sha256': '8ca28e1f85b64f132176f5f38374a69f3322425f8b16b86cf39d130402b884f9', 'frozen_payload_sha256': '8ca28e1f85b64f132176f5f38374a69f3322425f8b16b86cf39d130402b884f9'}, 'cand_d17d4fee04bca1295fdb': {'state': 'PRESENT', 'expected_state': 'PRESENT', 'payload_exact': True, 'physical_payload_sha256': 'dec1ac93145cb624fd3569ef6a0af3dca4deeb7bfca21e1811405f5e3daf82a7', 'frozen_payload_sha256': 'dec1ac93145cb624fd3569ef6a0af3dca4deeb7bfca21e1811405f5e3daf82a7'}, 'cand_044e770ab213d0ef37b1': {'state': 'PRESENT', 'expected_state': 'PRESENT', 'payload_exact': True, 'physical_payload_sha256': 'abc9e64b0b818e7bc3606393d9c314d90411a0f003ebb6c9b4dcd356f5012470', 'frozen_payload_sha256': 'abc9e64b0b818e7bc3606393d9c314d90411a0f003ebb6c9b4dcd356f5012470'}, 'cand_cfb64b0bf69c059cd760': {'state': 'PRESENT', 'expected_state': 'PRESENT', 'payload_exact': True, 'physical_payload_sha256': 'd2c7e6b524e9299a2de172dc211a93037689aa5ff879872033b6e822e7f528e7', 'frozen_payload_sha256': 'd2c7e6b524e9299a2de172dc211a93037689aa5ff879872033b6e822e7f528e7'}, 'cand_6505783b203dc0346b49': {'state': 'PRESENT', 'expected_state': 'PRESENT', 'payload_exact': True, 'physical_payload_sha256': '6896fbf912c5723a264a33f528327dc096d0a3c3e9d030737631e1ce25674ee5', 'frozen_payload_sha256': '6896fbf912c5723a264a33f528327dc096d0a3c3e9d030737631e1ce25674ee5'}, 'cand_7b08320f31dae1c5e9f4': {'state': 'PRESENT', 'expected_state': 'PRESENT', 'payload_exact': True, 'physical_payload_sha256': 'd41be836e2a6efd614aa13d34f71356cb5ba9ec5b176d535ec80380e23704192', 'frozen_payload_sha256': 'd41be836e2a6efd614aa13d34f71356cb5ba9ec5b176d535ec80380e23704192'}, 'cand_e95bcd15c94c80f62716': {'state': 'PRESENT', 'expected_state': 'PRESENT', 'payload_exact': True, 'physical_payload_sha256': '250c3e1841ff733b2e82365c0f0ca578cbc1bc3227f500bfa9a26da1735c68e6', 'frozen_payload_sha256': '250c3e1841ff733b2e82365c0f0ca578cbc1bc3227f500bfa9a26da1735c68e6'}, 'cand_5e3a909effbf6f7d6e21': {'state': 'PRESENT', 'expected_state': 'PRESENT', 'payload_exact': True, 'physical_payload_sha256': '474438e654486f2b902952f26e6822f901b4bcc414a399b700babe023f62a832', 'frozen_payload_sha256': '474438e654486f2b902952f26e6822f901b4bcc414a399b700babe023f62a832'}, 'cand_cf35fb1b66d3371735fd': {'state': 'PRESENT', 'expected_state': 'PRESENT', 'payload_exact': True, 'physical_payload_sha256': '2b1ed3268f5b988b1a1bbebabde8ecf735f68253dcb5132bcdfc5b3301d11cd6', 'frozen_payload_sha256': '2b1ed3268f5b988b1a1bbebabde8ecf735f68253dcb5132bcdfc5b3301d11cd6'}, 'cand_663a31a8fc0678a2324b': {'state': 'PRESENT', 'expected_state': 'PRESENT', 'payload_exact': True, 'physical_payload_sha256': '45559b268894fb49c7203540eb1a961f5771681514a9b54c26ea610755552522', 'frozen_payload_sha256': '45559b268894fb49c7203540eb1a961f5771681514a9b54c26ea610755552522'}, 'cand_bb3c9704bc50457d0385': {'state': 'PRESENT', 'expected_state': 'PRESENT', 'payload_exact': True, 'physical_payload_sha256': '807d7ef3d439765478ee73f4d3d640640f540ff6cbc2073a717e857f54a4af55', 'frozen_payload_sha256': '807d7ef3d439765478ee73f4d3d640640f540ff6cbc2073a717e857f54a4af55'}, 'cand_a658273d38918de4ed71': {'state': 'PRESENT', 'expected_state': 'PRESENT', 'payload_exact': True, 'physical_payload_sha256': 'df03012caf96b062c1e1e52b072ee5e27d2adf18ded929c8a81d56b9adfd1352', 'frozen_payload_sha256': 'df03012caf96b062c1e1e52b072ee5e27d2adf18ded929c8a81d56b9adfd1352'}, 'cand_9e3965b9e6ab7faacc4e': {'state': 'PRESENT', 'expected_state': 'PRESENT', 'payload_exact': True, 'physical_payload_sha256': '523bce3aa5df3c32aa9dfa75b8391ee3d4d6463d77b66a5b6f9333935a94a0b6', 'frozen_payload_sha256': '523bce3aa5df3c32aa9dfa75b8391ee3d4d6463d77b66a5b6f9333935a94a0b6'}, 'cand_2bea04f8b2c85ff2a4e0': {'state': 'PRESENT', 'expected_state': 'PRESENT', 'payload_exact': True, 'physical_payload_sha256': '1d960444a0064f162c810e3f98ccbdbc2e73b8b6d2dda00b936a85f3178ddd42', 'frozen_payload_sha256': '1d960444a0064f162c810e3f98ccbdbc2e73b8b6d2dda00b936a85f3178ddd42'}, 'cand_d033eb981110aa21d3df': {'state': 'PRESENT', 'expected_state': 'PRESENT', 'payload_exact': True, 'physical_payload_sha256': 'c55e4ba7266c1861690788e5696a7f6263bffb4b0ac3a9ec7db2a763ee913425', 'frozen_payload_sha256': 'c55e4ba7266c1861690788e5696a7f6263bffb4b0ac3a9ec7db2a763ee913425'}, 'cand_0ef1e644231e36b17de7': {'state': 'PRESENT', 'expected_state': 'PRESENT', 'payload_exact': True, 'physical_payload_sha256': 'c2cae727bd0a0c7c5fa9c9d3f1898a8315091a73dc4704a4c5d5262035097619', 'frozen_payload_sha256': 'c2cae727bd0a0c7c5fa9c9d3f1898a8315091a73dc4704a4c5d5262035097619'}, 'cand_dd4fa07161dcf5def8eb': {'state': 'PRESENT', 'expected_state': 'PRESENT', 'payload_exact': True, 'physical_payload_sha256': 'ec4ce01840d97c64b7e4b0332a1666b9cb3258397502d5913b13a4e7a3e4214e', 'frozen_payload_sha256': 'ec4ce01840d97c64b7e4b0332a1666b9cb3258397502d5913b13a4e7a3e4214e'}, 'cand_d102d0d6903dbc44935f': {'state': 'PRESENT', 'expected_state': 'PRESENT', 'payload_exact': True, 'physical_payload_sha256': 'c2d2b0b1e00b9f5400b2642bc28e6e12b88c53a513826db1b62676c03d955637', 'frozen_payload_sha256': 'c2d2b0b1e00b9f5400b2642bc28e6e12b88c53a513826db1b62676c03d955637'}}}"
physical,30000,final-31,2,False,0.006004299997584894,0.18468035299883923,0.27593467500264524,0.010277312001562677,0.2009619649979868,0.47689664000063203,133257250.37696595,95f8e4b3fee5dbdad1e21090fc47b2ca406228c2c77feffdc2baee116e2cdc79,1963,"{'all_payloads_match': True, 'exact_payload_count': 31, 'states': {'cand_f94acad130c4ac5b3553': {'state': 'PRESENT', 'expected_state': 'PRESENT', 'payload_exact': True, 'physical_payload_sha256': '1b4de28601248f5348e6aaa6f6256f718496eb0835c8567f278c7f73ee34e982', 'frozen_payload_sha256': '1b4de28601248f5348e6aaa6f6256f718496eb0835c8567f278c7f73ee34e982'}, 'cand_6ca6020979af5e5766a4': {'state': 'PRESENT', 'expected_state': 'PRESENT', 'payload_exact': True, 'physical_payload_sha256': 'a957bb6303ac901d173581fe078a62136b2dfd05b9dcd4a032e8785b2548616c', 'frozen_payload_sha256': 'a957bb6303ac901d173581fe078a62136b2dfd05b9dcd4a032e8785b2548616c'}, 'cand_c6f83d66ce3d1e079f11': {'state': 'PRESENT', 'expected_state': 'PRESENT', 'payload_exact': True, 'physical_payload_sha256': 'cd6f66e643e0e10724abcf6655845ed5b480f3a087d473531b51e27148b64c83', 'frozen_payload_sha256': 'cd6f66e643e0e10724abcf6655845ed5b480f3a087d473531b51e27148b64c83'}, 'cand_1f420ce5268e234e658c': {'state': 'PRESENT', 'expected_state': 'PRESENT', 'payload_exact': True, 'physical_payload_sha256': 'eb673a8ffdae84c1b9bea049e97ceebc476e9e9b6f7db6d6630219ab09719eba', 'frozen_payload_sha256': 'eb673a8ffdae84c1b9bea049e97ceebc476e9e9b6f7db6d6630219ab09719eba'}, 'cand_93041865e5a926191d54': {'state': 'PRESENT', 'expected_state': 'PRESENT', 'payload_exact': True, 'physical_payload_sha256': 'deb46428bae407481bede8e0a266e57147fd154296089a7dafd319abe644d89d', 'frozen_payload_sha256': 'deb46428bae407481bede8e0a266e57147fd154296089a7dafd319abe644d89d'}, 'cand_560443d79842b416ea0d': {'state': 'PRESENT', 'expected_state': 'PRESENT', 'payload_exact': True, 'physical_payload_sha256': 'fa9a17b12dcb8dde4a30217312b569839465badf672114a013a865e04fba7435', 'frozen_payload_sha256': 'fa9a17b12dcb8dde4a30217312b569839465badf672114a013a865e04fba7435'}, 'cand_0fdc909a2a3cf9718db9': {'state': 'PRESENT', 'expected_state': 'PRESENT', 'payload_exact': True, 'physical_payload_sha256': '38dabac647b4558b9603f53c304fd1e40c83fbededf2673ff13c6f70b3d40daa', 'frozen_payload_sha256': '38dabac647b4558b9603f53c304fd1e40c83fbededf2673ff13c6f70b3d40daa'}, 'cand_7531356383a7948fede1': {'state': 'PRESENT', 'expected_state': 'PRESENT', 'payload_exact': True, 'physical_payload_sha256': '9dc66e18b96447cca55280033660186cd59b6f86c07e29d88ee34fb840232599', 'frozen_payload_sha256': '9dc66e18b96447cca55280033660186cd59b6f86c07e29d88ee34fb840232599'}, 'cand_850ffdf5fc1ceee3e08d': {'state': 'PRESENT', 'expected_state': 'PRESENT', 'payload_exact': True, 'physical_payload_sha256': '454d59861034c0f3e55889b8176b61864ebf485e14d7422ef505d18749170a4a', 'frozen_payload_sha256': '454d59861034c0f3e55889b8176b61864ebf485e14d7422ef505d18749170a4a'}, 'cand_9a47b4882350bf5fccf9': {'state': 'PRESENT', 'expected_state': 'PRESENT', 'payload_exact': True, 'physical_payload_sha256': '6572aa9c7b3f76ba408b01f2ecd52339c6e8d3fa11be261185717cfbbb5b97c4', 'frozen_payload_sha256': '6572aa9c7b3f76ba408b01f2ecd52339c6e8d3fa11be261185717cfbbb5b97c4'}, 'cand_835deeb29a9e7947a98b': {'state': 'PRESENT', 'expected_state': 'PRESENT', 'payload_exact': True, 'physical_payload_sha256': '350fcc8b0194d7a40b43e82a0a08d53a472551766b14dc9c4ca8c2459e17b267', 'frozen_payload_sha256': '350fcc8b0194d7a40b43e82a0a08d53a472551766b14dc9c4ca8c2459e17b267'}, 'cand_b6cafc68143c6fa37e85': {'state': 'PRESENT', 'expected_state': 'PRESENT', 'payload_exact': True, 'physical_payload_sha256': '29c9fe4704d536feecc86b629c457d6df83408d06860142b94d569a68758791e', 'frozen_payload_sha256': '29c9fe4704d536feecc86b629c457d6df83408d06860142b94d569a68758791e'}, 'cand_f002ec4adfff3911240b': {'state': 'PRESENT', 'expected_state': 'PRESENT', 'payload_exact': True, 'physical_payload_sha256': '8ca28e1f85b64f132176f5f38374a69f3322425f8b16b86cf39d130402b884f9', 'frozen_payload_sha256': '8ca28e1f85b64f132176f5f38374a69f3322425f8b16b86cf39d130402b884f9'}, 'cand_d17d4fee04bca1295fdb': {'state': 'PRESENT', 'expected_state': 'PRESENT', 'payload_exact': True, 'physical_payload_sha256': 'dec1ac93145cb624fd3569ef6a0af3dca4deeb7bfca21e1811405f5e3daf82a7', 'frozen_payload_sha256': 'dec1ac93145cb624fd3569ef6a0af3dca4deeb7bfca21e1811405f5e3daf82a7'}, 'cand_044e770ab213d0ef37b1': {'state': 'PRESENT', 'expected_state': 'PRESENT', 'payload_exact': True, 'physical_payload_sha256': 'abc9e64b0b818e7bc3606393d9c314d90411a0f003ebb6c9b4dcd356f5012470', 'frozen_payload_sha256': 'abc9e64b0b818e7bc3606393d9c314d90411a0f003ebb6c9b4dcd356f5012470'}, 'cand_cfb64b0bf69c059cd760': {'state': 'PRESENT', 'expected_state': 'PRESENT', 'payload_exact': True, 'physical_payload_sha256': 'd2c7e6b524e9299a2de172dc211a93037689aa5ff879872033b6e822e7f528e7', 'frozen_payload_sha256': 'd2c7e6b524e9299a2de172dc211a93037689aa5ff879872033b6e822e7f528e7'}, 'cand_6505783b203dc0346b49': {'state': 'PRESENT', 'expected_state': 'PRESENT', 'payload_exact': True, 'physical_payload_sha256': '6896fbf912c5723a264a33f528327dc096d0a3c3e9d030737631e1ce25674ee5', 'frozen_payload_sha256': '6896fbf912c5723a264a33f528327dc096d0a3c3e9d030737631e1ce25674ee5'}, 'cand_7b08320f31dae1c5e9f4': {'state': 'PRESENT', 'expected_state': 'PRESENT', 'payload_exact': True, 'physical_payload_sha256': 'd41be836e2a6efd614aa13d34f71356cb5ba9ec5b176d535ec80380e23704192', 'frozen_payload_sha256': 'd41be836e2a6efd614aa13d34f71356cb5ba9ec5b176d535ec80380e23704192'}, 'cand_e95bcd15c94c80f62716': {'state': 'PRESENT', 'expected_state': 'PRESENT', 'payload_exact': True, 'physical_payload_sha256': '250c3e1841ff733b2e82365c0f0ca578cbc1bc3227f500bfa9a26da1735c68e6', 'frozen_payload_sha256': '250c3e1841ff733b2e82365c0f0ca578cbc1bc3227f500bfa9a26da1735c68e6'}, 'cand_5e3a909effbf6f7d6e21': {'state': 'PRESENT', 'expected_state': 'PRESENT', 'payload_exact': True, 'physical_payload_sha256': '474438e654486f2b902952f26e6822f901b4bcc414a399b700babe023f62a832', 'frozen_payload_sha256': '474438e654486f2b902952f26e6822f901b4bcc414a399b700babe023f62a832'}, 'cand_cf35fb1b66d3371735fd': {'state': 'PRESENT', 'expected_state': 'PRESENT', 'payload_exact': True, 'physical_payload_sha256': '2b1ed3268f5b988b1a1bbebabde8ecf735f68253dcb5132bcdfc5b3301d11cd6', 'frozen_payload_sha256': '2b1ed3268f5b988b1a1bbebabde8ecf735f68253dcb5132bcdfc5b3301d11cd6'}, 'cand_663a31a8fc0678a2324b': {'state': 'PRESENT', 'expected_state': 'PRESENT', 'payload_exact': True, 'physical_payload_sha256': '45559b268894fb49c7203540eb1a961f5771681514a9b54c26ea610755552522', 'frozen_payload_sha256': '45559b268894fb49c7203540eb1a961f5771681514a9b54c26ea610755552522'}, 'cand_bb3c9704bc50457d0385': {'state': 'PRESENT', 'expected_state': 'PRESENT', 'payload_exact': True, 'physical_payload_sha256': '807d7ef3d439765478ee73f4d3d640640f540ff6cbc2073a717e857f54a4af55', 'frozen_payload_sha256': '807d7ef3d439765478ee73f4d3d640640f540ff6cbc2073a717e857f54a4af55'}, 'cand_a658273d38918de4ed71': {'state': 'PRESENT', 'expected_state': 'PRESENT', 'payload_exact': True, 'physical_payload_sha256': 'df03012caf96b062c1e1e52b072ee5e27d2adf18ded929c8a81d56b9adfd1352', 'frozen_payload_sha256': 'df03012caf96b062c1e1e52b072ee5e27d2adf18ded929c8a81d56b9adfd1352'}, 'cand_9e3965b9e6ab7faacc4e': {'state': 'PRESENT', 'expected_state': 'PRESENT', 'payload_exact': True, 'physical_payload_sha256': '523bce3aa5df3c32aa9dfa75b8391ee3d4d6463d77b66a5b6f9333935a94a0b6', 'frozen_payload_sha256': '523bce3aa5df3c32aa9dfa75b8391ee3d4d6463d77b66a5b6f9333935a94a0b6'}, 'cand_2bea04f8b2c85ff2a4e0': {'state': 'PRESENT', 'expected_state': 'PRESENT', 'payload_exact': True, 'physical_payload_sha256': '1d960444a0064f162c810e3f98ccbdbc2e73b8b6d2dda00b936a85f3178ddd42', 'frozen_payload_sha256': '1d960444a0064f162c810e3f98ccbdbc2e73b8b6d2dda00b936a85f3178ddd42'}, 'cand_d033eb981110aa21d3df': {'state': 'PRESENT', 'expected_state': 'PRESENT', 'payload_exact': True, 'physical_payload_sha256': 'c55e4ba7266c1861690788e5696a7f6263bffb4b0ac3a9ec7db2a763ee913425', 'frozen_payload_sha256': 'c55e4ba7266c1861690788e5696a7f6263bffb4b0ac3a9ec7db2a763ee913425'}, 'cand_0ef1e644231e36b17de7': {'state': 'PRESENT', 'expected_state': 'PRESENT', 'payload_exact': True, 'physical_payload_sha256': 'c2cae727bd0a0c7c5fa9c9d3f1898a8315091a73dc4704a4c5d5262035097619', 'frozen_payload_sha256': 'c2cae727bd0a0c7c5fa9c9d3f1898a8315091a73dc4704a4c5d5262035097619'}, 'cand_dd4fa07161dcf5def8eb': {'state': 'PRESENT', 'expected_state': 'PRESENT', 'payload_exact': True, 'physical_payload_sha256': 'ec4ce01840d97c64b7e4b0332a1666b9cb3258397502d5913b13a4e7a3e4214e', 'frozen_payload_sha256': 'ec4ce01840d97c64b7e4b0332a1666b9cb3258397502d5913b13a4e7a3e4214e'}, 'cand_5400d6d245a511006593': {'state': 'PRESENT', 'expected_state': 'PRESENT', 'payload_exact': True, 'physical_payload_sha256': '72aa31da7902c9d0e64635533487e1bd177635d8598c451a6e89f77888f6f564', 'frozen_payload_sha256': '72aa31da7902c9d0e64635533487e1bd177635d8598c451a6e89f77888f6f564'}, 'cand_d102d0d6903dbc44935f': {'state': 'PRESENT', 'expected_state': 'PRESENT', 'payload_exact': True, 'physical_payload_sha256': 'c2d2b0b1e00b9f5400b2642bc28e6e12b88c53a513826db1b62676c03d955637', 'frozen_payload_sha256': 'c2d2b0b1e00b9f5400b2642bc28e6e12b88c53a513826db1b62676c03d955637'}}}"
physical,30000,empty,3,False,2.335000317543745e-06,0.05318381999677513,0.26388921000034316,0.010587390999717172,0.06377354599680984,0.327662755997153,81776753.29332289,5b68e50ef3dc61e9cafe77b46e9e8b6c8a18b97f62d60d1cc3acfd369a6238c2,1963,"{'all_payloads_match': True, 'exact_payload_count': 0}"
physical,30000,prefix-01,3,False,0.0015211560021270998,0.055406461004167795,0.24089585200272268,0.010829450999153778,0.06775706800544867,0.30865292000817135,112264351.17240727,da687475a33b3e39aa81cf9f6bfd4ef2b3990f60324eef1c0a42d1afdaaf4e07,1963,"{'all_payloads_match': True, 'exact_payload_count': 1, 'states': {'cand_f94acad130c4ac5b3553': {'state': 'PRESENT', 'expected_state': 'PRESENT', 'payload_exact': True, 'physical_payload_sha256': '1b4de28601248f5348e6aaa6f6256f718496eb0835c8567f278c7f73ee34e982', 'frozen_payload_sha256': '1b4de28601248f5348e6aaa6f6256f718496eb0835c8567f278c7f73ee34e982'}}}"
physical,30000,prefix-05,3,False,0.00145755399717018,0.06772129800083349,0.24045183300040662,0.009031622990733013,0.07821047498873668,0.3186623079891433,133360320.24741,abf90a695dfeff1b4b099780e054cc837c03f167c4ec6e541a63965c3fa85621,1963,"{'all_payloads_match': True, 'exact_payload_count': 5, 'states': {'cand_f94acad130c4ac5b3553': {'state': 'PRESENT', 'expected_state': 'PRESENT', 'payload_exact': True, 'physical_payload_sha256': '1b4de28601248f5348e6aaa6f6256f718496eb0835c8567f278c7f73ee34e982', 'frozen_payload_sha256': '1b4de28601248f5348e6aaa6f6256f718496eb0835c8567f278c7f73ee34e982'}, 'cand_6ca6020979af5e5766a4': {'state': 'PRESENT', 'expected_state': 'PRESENT', 'payload_exact': True, 'physical_payload_sha256': 'a957bb6303ac901d173581fe078a62136b2dfd05b9dcd4a032e8785b2548616c', 'frozen_payload_sha256': 'a957bb6303ac901d173581fe078a62136b2dfd05b9dcd4a032e8785b2548616c'}, 'cand_c6f83d66ce3d1e079f11': {'state': 'PRESENT', 'expected_state': 'PRESENT', 'payload_exact': True, 'physical_payload_sha256': 'cd6f66e643e0e10724abcf6655845ed5b480f3a087d473531b51e27148b64c83', 'frozen_payload_sha256': 'cd6f66e643e0e10724abcf6655845ed5b480f3a087d473531b51e27148b64c83'}, 'cand_1f420ce5268e234e658c': {'state': 'PRESENT', 'expected_state': 'PRESENT', 'payload_exact': True, 'physical_payload_sha256': 'eb673a8ffdae84c1b9bea049e97ceebc476e9e9b6f7db6d6630219ab09719eba', 'frozen_payload_sha256': 'eb673a8ffdae84c1b9bea049e97ceebc476e9e9b6f7db6d6630219ab09719eba'}, 'cand_bb3c9704bc50457d0385': {'state': 'PRESENT', 'expected_state': 'PRESENT', 'payload_exact': True, 'physical_payload_sha256': '807d7ef3d439765478ee73f4d3d640640f540ff6cbc2073a717e857f54a4af55', 'frozen_payload_sha256': '807d7ef3d439765478ee73f4d3d640640f540ff6cbc2073a717e857f54a4af55'}}}"
physical,30000,prefix-16,3,False,0.002765145996818319,0.11931352299870923,0.2690031899983296,0.008534975000657141,0.1306136439961847,0.3996168339945143,133257263.69363861,8a1809eb0565da996ced9f480461f3db8a64ae044e6d430a04dbfb288af3d8e6,1963,"{'all_payloads_match': True, 'exact_payload_count': 16, 'states': {'cand_f94acad130c4ac5b3553': {'state': 'PRESENT', 'expected_state': 'PRESENT', 'payload_exact': True, 'physical_payload_sha256': '1b4de28601248f5348e6aaa6f6256f718496eb0835c8567f278c7f73ee34e982', 'frozen_payload_sha256': '1b4de28601248f5348e6aaa6f6256f718496eb0835c8567f278c7f73ee34e982'}, 'cand_6ca6020979af5e5766a4': {'state': 'PRESENT', 'expected_state': 'PRESENT', 'payload_exact': True, 'physical_payload_sha256': 'a957bb6303ac901d173581fe078a62136b2dfd05b9dcd4a032e8785b2548616c', 'frozen_payload_sha256': 'a957bb6303ac901d173581fe078a62136b2dfd05b9dcd4a032e8785b2548616c'}, 'cand_c6f83d66ce3d1e079f11': {'state': 'PRESENT', 'expected_state': 'PRESENT', 'payload_exact': True, 'physical_payload_sha256': 'cd6f66e643e0e10724abcf6655845ed5b480f3a087d473531b51e27148b64c83', 'frozen_payload_sha256': 'cd6f66e643e0e10724abcf6655845ed5b480f3a087d473531b51e27148b64c83'}, 'cand_1f420ce5268e234e658c': {'state': 'PRESENT', 'expected_state': 'PRESENT', 'payload_exact': True, 'physical_payload_sha256': 'eb673a8ffdae84c1b9bea049e97ceebc476e9e9b6f7db6d6630219ab09719eba', 'frozen_payload_sha256': 'eb673a8ffdae84c1b9bea049e97ceebc476e9e9b6f7db6d6630219ab09719eba'}, 'cand_93041865e5a926191d54': {'state': 'PRESENT', 'expected_state': 'PRESENT', 'payload_exact': True, 'physical_payload_sha256': 'deb46428bae407481bede8e0a266e57147fd154296089a7dafd319abe644d89d', 'frozen_payload_sha256': 'deb46428bae407481bede8e0a266e57147fd154296089a7dafd319abe644d89d'}, 'cand_560443d79842b416ea0d': {'state': 'PRESENT', 'expected_state': 'PRESENT', 'payload_exact': True, 'physical_payload_sha256': 'fa9a17b12dcb8dde4a30217312b569839465badf672114a013a865e04fba7435', 'frozen_payload_sha256': 'fa9a17b12dcb8dde4a30217312b569839465badf672114a013a865e04fba7435'}, 'cand_0fdc909a2a3cf9718db9': {'state': 'PRESENT', 'expected_state': 'PRESENT', 'payload_exact': True, 'physical_payload_sha256': '38dabac647b4558b9603f53c304fd1e40c83fbededf2673ff13c6f70b3d40daa', 'frozen_payload_sha256': '38dabac647b4558b9603f53c304fd1e40c83fbededf2673ff13c6f70b3d40daa'}, 'cand_7531356383a7948fede1': {'state': 'PRESENT', 'expected_state': 'PRESENT', 'payload_exact': True, 'physical_payload_sha256': '9dc66e18b96447cca55280033660186cd59b6f86c07e29d88ee34fb840232599', 'frozen_payload_sha256': '9dc66e18b96447cca55280033660186cd59b6f86c07e29d88ee34fb840232599'}, 'cand_850ffdf5fc1ceee3e08d': {'state': 'PRESENT', 'expected_state': 'PRESENT', 'payload_exact': True, 'physical_payload_sha256': '454d59861034c0f3e55889b8176b61864ebf485e14d7422ef505d18749170a4a', 'frozen_payload_sha256': '454d59861034c0f3e55889b8176b61864ebf485e14d7422ef505d18749170a4a'}, 'cand_cfb64b0bf69c059cd760': {'state': 'PRESENT', 'expected_state': 'PRESENT', 'payload_exact': True, 'physical_payload_sha256': 'd2c7e6b524e9299a2de172dc211a93037689aa5ff879872033b6e822e7f528e7', 'frozen_payload_sha256': 'd2c7e6b524e9299a2de172dc211a93037689aa5ff879872033b6e822e7f528e7'}, 'cand_663a31a8fc0678a2324b': {'state': 'PRESENT', 'expected_state': 'PRESENT', 'payload_exact': True, 'physical_payload_sha256': '45559b268894fb49c7203540eb1a961f5771681514a9b54c26ea610755552522', 'frozen_payload_sha256': '45559b268894fb49c7203540eb1a961f5771681514a9b54c26ea610755552522'}, 'cand_bb3c9704bc50457d0385': {'state': 'PRESENT', 'expected_state': 'PRESENT', 'payload_exact': True, 'physical_payload_sha256': '807d7ef3d439765478ee73f4d3d640640f540ff6cbc2073a717e857f54a4af55', 'frozen_payload_sha256': '807d7ef3d439765478ee73f4d3d640640f540ff6cbc2073a717e857f54a4af55'}, 'cand_9e3965b9e6ab7faacc4e': {'state': 'PRESENT', 'expected_state': 'PRESENT', 'payload_exact': True, 'physical_payload_sha256': '523bce3aa5df3c32aa9dfa75b8391ee3d4d6463d77b66a5b6f9333935a94a0b6', 'frozen_payload_sha256': '523bce3aa5df3c32aa9dfa75b8391ee3d4d6463d77b66a5b6f9333935a94a0b6'}, 'cand_2bea04f8b2c85ff2a4e0': {'state': 'PRESENT', 'expected_state': 'PRESENT', 'payload_exact': True, 'physical_payload_sha256': '1d960444a0064f162c810e3f98ccbdbc2e73b8b6d2dda00b936a85f3178ddd42', 'frozen_payload_sha256': '1d960444a0064f162c810e3f98ccbdbc2e73b8b6d2dda00b936a85f3178ddd42'}, 'cand_0ef1e644231e36b17de7': {'state': 'PRESENT', 'expected_state': 'PRESENT', 'payload_exact': True, 'physical_payload_sha256': 'c2cae727bd0a0c7c5fa9c9d3f1898a8315091a73dc4704a4c5d5262035097619', 'frozen_payload_sha256': 'c2cae727bd0a0c7c5fa9c9d3f1898a8315091a73dc4704a4c5d5262035097619'}, 'cand_dd4fa07161dcf5def8eb': {'state': 'PRESENT', 'expected_state': 'PRESENT', 'payload_exact': True, 'physical_payload_sha256': 'ec4ce01840d97c64b7e4b0332a1666b9cb3258397502d5913b13a4e7a3e4214e', 'frozen_payload_sha256': 'ec4ce01840d97c64b7e4b0332a1666b9cb3258397502d5913b13a4e7a3e4214e'}}}"
physical,30000,prefix-30,3,False,0.004428862994245719,0.17861026999889873,0.26720209699851694,0.009748695993039291,0.19278782898618374,0.4599899259847007,133257250.37696595,95f8e4b3fee5dbdad1e21090fc47b2ca406228c2c77feffdc2baee116e2cdc79,1963,"{'all_payloads_match': True, 'exact_payload_count': 30, 'states': {'cand_f94acad130c4ac5b3553': {'state': 'PRESENT', 'expected_state': 'PRESENT', 'payload_exact': True, 'physical_payload_sha256': '1b4de28601248f5348e6aaa6f6256f718496eb0835c8567f278c7f73ee34e982', 'frozen_payload_sha256': '1b4de28601248f5348e6aaa6f6256f718496eb0835c8567f278c7f73ee34e982'}, 'cand_6ca6020979af5e5766a4': {'state': 'PRESENT', 'expected_state': 'PRESENT', 'payload_exact': True, 'physical_payload_sha256': 'a957bb6303ac901d173581fe078a62136b2dfd05b9dcd4a032e8785b2548616c', 'frozen_payload_sha256': 'a957bb6303ac901d173581fe078a62136b2dfd05b9dcd4a032e8785b2548616c'}, 'cand_c6f83d66ce3d1e079f11': {'state': 'PRESENT', 'expected_state': 'PRESENT', 'payload_exact': True, 'physical_payload_sha256': 'cd6f66e643e0e10724abcf6655845ed5b480f3a087d473531b51e27148b64c83', 'frozen_payload_sha256': 'cd6f66e643e0e10724abcf6655845ed5b480f3a087d473531b51e27148b64c83'}, 'cand_1f420ce5268e234e658c': {'state': 'PRESENT', 'expected_state': 'PRESENT', 'payload_exact': True, 'physical_payload_sha256': 'eb673a8ffdae84c1b9bea049e97ceebc476e9e9b6f7db6d6630219ab09719eba', 'frozen_payload_sha256': 'eb673a8ffdae84c1b9bea049e97ceebc476e9e9b6f7db6d6630219ab09719eba'}, 'cand_93041865e5a926191d54': {'state': 'PRESENT', 'expected_state': 'PRESENT', 'payload_exact': True, 'physical_payload_sha256': 'deb46428bae407481bede8e0a266e57147fd154296089a7dafd319abe644d89d', 'frozen_payload_sha256': 'deb46428bae407481bede8e0a266e57147fd154296089a7dafd319abe644d89d'}, 'cand_560443d79842b416ea0d': {'state': 'PRESENT', 'expected_state': 'PRESENT', 'payload_exact': True, 'physical_payload_sha256': 'fa9a17b12dcb8dde4a30217312b569839465badf672114a013a865e04fba7435', 'frozen_payload_sha256': 'fa9a17b12dcb8dde4a30217312b569839465badf672114a013a865e04fba7435'}, 'cand_0fdc909a2a3cf9718db9': {'state': 'PRESENT', 'expected_state': 'PRESENT', 'payload_exact': True, 'physical_payload_sha256': '38dabac647b4558b9603f53c304fd1e40c83fbededf2673ff13c6f70b3d40daa', 'frozen_payload_sha256': '38dabac647b4558b9603f53c304fd1e40c83fbededf2673ff13c6f70b3d40daa'}, 'cand_7531356383a7948fede1': {'state': 'PRESENT', 'expected_state': 'PRESENT', 'payload_exact': True, 'physical_payload_sha256': '9dc66e18b96447cca55280033660186cd59b6f86c07e29d88ee34fb840232599', 'frozen_payload_sha256': '9dc66e18b96447cca55280033660186cd59b6f86c07e29d88ee34fb840232599'}, 'cand_850ffdf5fc1ceee3e08d': {'state': 'PRESENT', 'expected_state': 'PRESENT', 'payload_exact': True, 'physical_payload_sha256': '454d59861034c0f3e55889b8176b61864ebf485e14d7422ef505d18749170a4a', 'frozen_payload_sha256': '454d59861034c0f3e55889b8176b61864ebf485e14d7422ef505d18749170a4a'}, 'cand_9a47b4882350bf5fccf9': {'state': 'PRESENT', 'expected_state': 'PRESENT', 'payload_exact': True, 'physical_payload_sha256': '6572aa9c7b3f76ba408b01f2ecd52339c6e8d3fa11be261185717cfbbb5b97c4', 'frozen_payload_sha256': '6572aa9c7b3f76ba408b01f2ecd52339c6e8d3fa11be261185717cfbbb5b97c4'}, 'cand_835deeb29a9e7947a98b': {'state': 'PRESENT', 'expected_state': 'PRESENT', 'payload_exact': True, 'physical_payload_sha256': '350fcc8b0194d7a40b43e82a0a08d53a472551766b14dc9c4ca8c2459e17b267', 'frozen_payload_sha256': '350fcc8b0194d7a40b43e82a0a08d53a472551766b14dc9c4ca8c2459e17b267'}, 'cand_b6cafc68143c6fa37e85': {'state': 'PRESENT', 'expected_state': 'PRESENT', 'payload_exact': True, 'physical_payload_sha256': '29c9fe4704d536feecc86b629c457d6df83408d06860142b94d569a68758791e', 'frozen_payload_sha256': '29c9fe4704d536feecc86b629c457d6df83408d06860142b94d569a68758791e'}, 'cand_f002ec4adfff3911240b': {'state': 'PRESENT', 'expected_state': 'PRESENT', 'payload_exact': True, 'physical_payload_sha256': '8ca28e1f85b64f132176f5f38374a69f3322425f8b16b86cf39d130402b884f9', 'frozen_payload_sha256': '8ca28e1f85b64f132176f5f38374a69f3322425f8b16b86cf39d130402b884f9'}, 'cand_d17d4fee04bca1295fdb': {'state': 'PRESENT', 'expected_state': 'PRESENT', 'payload_exact': True, 'physical_payload_sha256': 'dec1ac93145cb624fd3569ef6a0af3dca4deeb7bfca21e1811405f5e3daf82a7', 'frozen_payload_sha256': 'dec1ac93145cb624fd3569ef6a0af3dca4deeb7bfca21e1811405f5e3daf82a7'}, 'cand_044e770ab213d0ef37b1': {'state': 'PRESENT', 'expected_state': 'PRESENT', 'payload_exact': True, 'physical_payload_sha256': 'abc9e64b0b818e7bc3606393d9c314d90411a0f003ebb6c9b4dcd356f5012470', 'frozen_payload_sha256': 'abc9e64b0b818e7bc3606393d9c314d90411a0f003ebb6c9b4dcd356f5012470'}, 'cand_cfb64b0bf69c059cd760': {'state': 'PRESENT', 'expected_state': 'PRESENT', 'payload_exact': True, 'physical_payload_sha256': 'd2c7e6b524e9299a2de172dc211a93037689aa5ff879872033b6e822e7f528e7', 'frozen_payload_sha256': 'd2c7e6b524e9299a2de172dc211a93037689aa5ff879872033b6e822e7f528e7'}, 'cand_6505783b203dc0346b49': {'state': 'PRESENT', 'expected_state': 'PRESENT', 'payload_exact': True, 'physical_payload_sha256': '6896fbf912c5723a264a33f528327dc096d0a3c3e9d030737631e1ce25674ee5', 'frozen_payload_sha256': '6896fbf912c5723a264a33f528327dc096d0a3c3e9d030737631e1ce25674ee5'}, 'cand_7b08320f31dae1c5e9f4': {'state': 'PRESENT', 'expected_state': 'PRESENT', 'payload_exact': True, 'physical_payload_sha256': 'd41be836e2a6efd614aa13d34f71356cb5ba9ec5b176d535ec80380e23704192', 'frozen_payload_sha256': 'd41be836e2a6efd614aa13d34f71356cb5ba9ec5b176d535ec80380e23704192'}, 'cand_e95bcd15c94c80f62716': {'state': 'PRESENT', 'expected_state': 'PRESENT', 'payload_exact': True, 'physical_payload_sha256': '250c3e1841ff733b2e82365c0f0ca578cbc1bc3227f500bfa9a26da1735c68e6', 'frozen_payload_sha256': '250c3e1841ff733b2e82365c0f0ca578cbc1bc3227f500bfa9a26da1735c68e6'}, 'cand_5e3a909effbf6f7d6e21': {'state': 'PRESENT', 'expected_state': 'PRESENT', 'payload_exact': True, 'physical_payload_sha256': '474438e654486f2b902952f26e6822f901b4bcc414a399b700babe023f62a832', 'frozen_payload_sha256': '474438e654486f2b902952f26e6822f901b4bcc414a399b700babe023f62a832'}, 'cand_cf35fb1b66d3371735fd': {'state': 'PRESENT', 'expected_state': 'PRESENT', 'payload_exact': True, 'physical_payload_sha256': '2b1ed3268f5b988b1a1bbebabde8ecf735f68253dcb5132bcdfc5b3301d11cd6', 'frozen_payload_sha256': '2b1ed3268f5b988b1a1bbebabde8ecf735f68253dcb5132bcdfc5b3301d11cd6'}, 'cand_663a31a8fc0678a2324b': {'state': 'PRESENT', 'expected_state': 'PRESENT', 'payload_exact': True, 'physical_payload_sha256': '45559b268894fb49c7203540eb1a961f5771681514a9b54c26ea610755552522', 'frozen_payload_sha256': '45559b268894fb49c7203540eb1a961f5771681514a9b54c26ea610755552522'}, 'cand_bb3c9704bc50457d0385': {'state': 'PRESENT', 'expected_state': 'PRESENT', 'payload_exact': True, 'physical_payload_sha256': '807d7ef3d439765478ee73f4d3d640640f540ff6cbc2073a717e857f54a4af55', 'frozen_payload_sha256': '807d7ef3d439765478ee73f4d3d640640f540ff6cbc2073a717e857f54a4af55'}, 'cand_a658273d38918de4ed71': {'state': 'PRESENT', 'expected_state': 'PRESENT', 'payload_exact': True, 'physical_payload_sha256': 'df03012caf96b062c1e1e52b072ee5e27d2adf18ded929c8a81d56b9adfd1352', 'frozen_payload_sha256': 'df03012caf96b062c1e1e52b072ee5e27d2adf18ded929c8a81d56b9adfd1352'}, 'cand_9e3965b9e6ab7faacc4e': {'state': 'PRESENT', 'expected_state': 'PRESENT', 'payload_exact': True, 'physical_payload_sha256': '523bce3aa5df3c32aa9dfa75b8391ee3d4d6463d77b66a5b6f9333935a94a0b6', 'frozen_payload_sha256': '523bce3aa5df3c32aa9dfa75b8391ee3d4d6463d77b66a5b6f9333935a94a0b6'}, 'cand_2bea04f8b2c85ff2a4e0': {'state': 'PRESENT', 'expected_state': 'PRESENT', 'payload_exact': True, 'physical_payload_sha256': '1d960444a0064f162c810e3f98ccbdbc2e73b8b6d2dda00b936a85f3178ddd42', 'frozen_payload_sha256': '1d960444a0064f162c810e3f98ccbdbc2e73b8b6d2dda00b936a85f3178ddd42'}, 'cand_d033eb981110aa21d3df': {'state': 'PRESENT', 'expected_state': 'PRESENT', 'payload_exact': True, 'physical_payload_sha256': 'c55e4ba7266c1861690788e5696a7f6263bffb4b0ac3a9ec7db2a763ee913425', 'frozen_payload_sha256': 'c55e4ba7266c1861690788e5696a7f6263bffb4b0ac3a9ec7db2a763ee913425'}, 'cand_0ef1e644231e36b17de7': {'state': 'PRESENT', 'expected_state': 'PRESENT', 'payload_exact': True, 'physical_payload_sha256': 'c2cae727bd0a0c7c5fa9c9d3f1898a8315091a73dc4704a4c5d5262035097619', 'frozen_payload_sha256': 'c2cae727bd0a0c7c5fa9c9d3f1898a8315091a73dc4704a4c5d5262035097619'}, 'cand_dd4fa07161dcf5def8eb': {'state': 'PRESENT', 'expected_state': 'PRESENT', 'payload_exact': True, 'physical_payload_sha256': 'ec4ce01840d97c64b7e4b0332a1666b9cb3258397502d5913b13a4e7a3e4214e', 'frozen_payload_sha256': 'ec4ce01840d97c64b7e4b0332a1666b9cb3258397502d5913b13a4e7a3e4214e'}, 'cand_d102d0d6903dbc44935f': {'state': 'PRESENT', 'expected_state': 'PRESENT', 'payload_exact': True, 'physical_payload_sha256': 'c2d2b0b1e00b9f5400b2642bc28e6e12b88c53a513826db1b62676c03d955637', 'frozen_payload_sha256': 'c2d2b0b1e00b9f5400b2642bc28e6e12b88c53a513826db1b62676c03d955637'}}}"
physical,30000,final-31,3,False,0.004870094999205321,0.18761571100185392,0.2610434329981217,0.009853553005086724,0.20233935900614597,0.4633827920042677,133257250.37696595,95f8e4b3fee5dbdad1e21090fc47b2ca406228c2c77feffdc2baee116e2cdc79,1963,"{'all_payloads_match': True, 'exact_payload_count': 31, 'states': {'cand_f94acad130c4ac5b3553': {'state': 'PRESENT', 'expected_state': 'PRESENT', 'payload_exact': True, 'physical_payload_sha256': '1b4de28601248f5348e6aaa6f6256f718496eb0835c8567f278c7f73ee34e982', 'frozen_payload_sha256': '1b4de28601248f5348e6aaa6f6256f718496eb0835c8567f278c7f73ee34e982'}, 'cand_6ca6020979af5e5766a4': {'state': 'PRESENT', 'expected_state': 'PRESENT', 'payload_exact': True, 'physical_payload_sha256': 'a957bb6303ac901d173581fe078a62136b2dfd05b9dcd4a032e8785b2548616c', 'frozen_payload_sha256': 'a957bb6303ac901d173581fe078a62136b2dfd05b9dcd4a032e8785b2548616c'}, 'cand_c6f83d66ce3d1e079f11': {'state': 'PRESENT', 'expected_state': 'PRESENT', 'payload_exact': True, 'physical_payload_sha256': 'cd6f66e643e0e10724abcf6655845ed5b480f3a087d473531b51e27148b64c83', 'frozen_payload_sha256': 'cd6f66e643e0e10724abcf6655845ed5b480f3a087d473531b51e27148b64c83'}, 'cand_1f420ce5268e234e658c': {'state': 'PRESENT', 'expected_state': 'PRESENT', 'payload_exact': True, 'physical_payload_sha256': 'eb673a8ffdae84c1b9bea049e97ceebc476e9e9b6f7db6d6630219ab09719eba', 'frozen_payload_sha256': 'eb673a8ffdae84c1b9bea049e97ceebc476e9e9b6f7db6d6630219ab09719eba'}, 'cand_93041865e5a926191d54': {'state': 'PRESENT', 'expected_state': 'PRESENT', 'payload_exact': True, 'physical_payload_sha256': 'deb46428bae407481bede8e0a266e57147fd154296089a7dafd319abe644d89d', 'frozen_payload_sha256': 'deb46428bae407481bede8e0a266e57147fd154296089a7dafd319abe644d89d'}, 'cand_560443d79842b416ea0d': {'state': 'PRESENT', 'expected_state': 'PRESENT', 'payload_exact': True, 'physical_payload_sha256': 'fa9a17b12dcb8dde4a30217312b569839465badf672114a013a865e04fba7435', 'frozen_payload_sha256': 'fa9a17b12dcb8dde4a30217312b569839465badf672114a013a865e04fba7435'}, 'cand_0fdc909a2a3cf9718db9': {'state': 'PRESENT', 'expected_state': 'PRESENT', 'payload_exact': True, 'physical_payload_sha256': '38dabac647b4558b9603f53c304fd1e40c83fbededf2673ff13c6f70b3d40daa', 'frozen_payload_sha256': '38dabac647b4558b9603f53c304fd1e40c83fbededf2673ff13c6f70b3d40daa'}, 'cand_7531356383a7948fede1': {'state': 'PRESENT', 'expected_state': 'PRESENT', 'payload_exact': True, 'physical_payload_sha256': '9dc66e18b96447cca55280033660186cd59b6f86c07e29d88ee34fb840232599', 'frozen_payload_sha256': '9dc66e18b96447cca55280033660186cd59b6f86c07e29d88ee34fb840232599'}, 'cand_850ffdf5fc1ceee3e08d': {'state': 'PRESENT', 'expected_state': 'PRESENT', 'payload_exact': True, 'physical_payload_sha256': '454d59861034c0f3e55889b8176b61864ebf485e14d7422ef505d18749170a4a', 'frozen_payload_sha256': '454d59861034c0f3e55889b8176b61864ebf485e14d7422ef505d18749170a4a'}, 'cand_9a47b4882350bf5fccf9': {'state': 'PRESENT', 'expected_state': 'PRESENT', 'payload_exact': True, 'physical_payload_sha256': '6572aa9c7b3f76ba408b01f2ecd52339c6e8d3fa11be261185717cfbbb5b97c4', 'frozen_payload_sha256': '6572aa9c7b3f76ba408b01f2ecd52339c6e8d3fa11be261185717cfbbb5b97c4'}, 'cand_835deeb29a9e7947a98b': {'state': 'PRESENT', 'expected_state': 'PRESENT', 'payload_exact': True, 'physical_payload_sha256': '350fcc8b0194d7a40b43e82a0a08d53a472551766b14dc9c4ca8c2459e17b267', 'frozen_payload_sha256': '350fcc8b0194d7a40b43e82a0a08d53a472551766b14dc9c4ca8c2459e17b267'}, 'cand_b6cafc68143c6fa37e85': {'state': 'PRESENT', 'expected_state': 'PRESENT', 'payload_exact': True, 'physical_payload_sha256': '29c9fe4704d536feecc86b629c457d6df83408d06860142b94d569a68758791e', 'frozen_payload_sha256': '29c9fe4704d536feecc86b629c457d6df83408d06860142b94d569a68758791e'}, 'cand_f002ec4adfff3911240b': {'state': 'PRESENT', 'expected_state': 'PRESENT', 'payload_exact': True, 'physical_payload_sha256': '8ca28e1f85b64f132176f5f38374a69f3322425f8b16b86cf39d130402b884f9', 'frozen_payload_sha256': '8ca28e1f85b64f132176f5f38374a69f3322425f8b16b86cf39d130402b884f9'}, 'cand_d17d4fee04bca1295fdb': {'state': 'PRESENT', 'expected_state': 'PRESENT', 'payload_exact': True, 'physical_payload_sha256': 'dec1ac93145cb624fd3569ef6a0af3dca4deeb7bfca21e1811405f5e3daf82a7', 'frozen_payload_sha256': 'dec1ac93145cb624fd3569ef6a0af3dca4deeb7bfca21e1811405f5e3daf82a7'}, 'cand_044e770ab213d0ef37b1': {'state': 'PRESENT', 'expected_state': 'PRESENT', 'payload_exact': True, 'physical_payload_sha256': 'abc9e64b0b818e7bc3606393d9c314d90411a0f003ebb6c9b4dcd356f5012470', 'frozen_payload_sha256': 'abc9e64b0b818e7bc3606393d9c314d90411a0f003ebb6c9b4dcd356f5012470'}, 'cand_cfb64b0bf69c059cd760': {'state': 'PRESENT', 'expected_state': 'PRESENT', 'payload_exact': True, 'physical_payload_sha256': 'd2c7e6b524e9299a2de172dc211a93037689aa5ff879872033b6e822e7f528e7', 'frozen_payload_sha256': 'd2c7e6b524e9299a2de172dc211a93037689aa5ff879872033b6e822e7f528e7'}, 'cand_6505783b203dc0346b49': {'state': 'PRESENT', 'expected_state': 'PRESENT', 'payload_exact': True, 'physical_payload_sha256': '6896fbf912c5723a264a33f528327dc096d0a3c3e9d030737631e1ce25674ee5', 'frozen_payload_sha256': '6896fbf912c5723a264a33f528327dc096d0a3c3e9d030737631e1ce25674ee5'}, 'cand_7b08320f31dae1c5e9f4': {'state': 'PRESENT', 'expected_state': 'PRESENT', 'payload_exact': True, 'physical_payload_sha256': 'd41be836e2a6efd614aa13d34f71356cb5ba9ec5b176d535ec80380e23704192', 'frozen_payload_sha256': 'd41be836e2a6efd614aa13d34f71356cb5ba9ec5b176d535ec80380e23704192'}, 'cand_e95bcd15c94c80f62716': {'state': 'PRESENT', 'expected_state': 'PRESENT', 'payload_exact': True, 'physical_payload_sha256': '250c3e1841ff733b2e82365c0f0ca578cbc1bc3227f500bfa9a26da1735c68e6', 'frozen_payload_sha256': '250c3e1841ff733b2e82365c0f0ca578cbc1bc3227f500bfa9a26da1735c68e6'}, 'cand_5e3a909effbf6f7d6e21': {'state': 'PRESENT', 'expected_state': 'PRESENT', 'payload_exact': True, 'physical_payload_sha256': '474438e654486f2b902952f26e6822f901b4bcc414a399b700babe023f62a832', 'frozen_payload_sha256': '474438e654486f2b902952f26e6822f901b4bcc414a399b700babe023f62a832'}, 'cand_cf35fb1b66d3371735fd': {'state': 'PRESENT', 'expected_state': 'PRESENT', 'payload_exact': True, 'physical_payload_sha256': '2b1ed3268f5b988b1a1bbebabde8ecf735f68253dcb5132bcdfc5b3301d11cd6', 'frozen_payload_sha256': '2b1ed3268f5b988b1a1bbebabde8ecf735f68253dcb5132bcdfc5b3301d11cd6'}, 'cand_663a31a8fc0678a2324b': {'state': 'PRESENT', 'expected_state': 'PRESENT', 'payload_exact': True, 'physical_payload_sha256': '45559b268894fb49c7203540eb1a961f5771681514a9b54c26ea610755552522', 'frozen_payload_sha256': '45559b268894fb49c7203540eb1a961f5771681514a9b54c26ea610755552522'}, 'cand_bb3c9704bc50457d0385': {'state': 'PRESENT', 'expected_state': 'PRESENT', 'payload_exact': True, 'physical_payload_sha256': '807d7ef3d439765478ee73f4d3d640640f540ff6cbc2073a717e857f54a4af55', 'frozen_payload_sha256': '807d7ef3d439765478ee73f4d3d640640f540ff6cbc2073a717e857f54a4af55'}, 'cand_a658273d38918de4ed71': {'state': 'PRESENT', 'expected_state': 'PRESENT', 'payload_exact': True, 'physical_payload_sha256': 'df03012caf96b062c1e1e52b072ee5e27d2adf18ded929c8a81d56b9adfd1352', 'frozen_payload_sha256': 'df03012caf96b062c1e1e52b072ee5e27d2adf18ded929c8a81d56b9adfd1352'}, 'cand_9e3965b9e6ab7faacc4e': {'state': 'PRESENT', 'expected_state': 'PRESENT', 'payload_exact': True, 'physical_payload_sha256': '523bce3aa5df3c32aa9dfa75b8391ee3d4d6463d77b66a5b6f9333935a94a0b6', 'frozen_payload_sha256': '523bce3aa5df3c32aa9dfa75b8391ee3d4d6463d77b66a5b6f9333935a94a0b6'}, 'cand_2bea04f8b2c85ff2a4e0': {'state': 'PRESENT', 'expected_state': 'PRESENT', 'payload_exact': True, 'physical_payload_sha256': '1d960444a0064f162c810e3f98ccbdbc2e73b8b6d2dda00b936a85f3178ddd42', 'frozen_payload_sha256': '1d960444a0064f162c810e3f98ccbdbc2e73b8b6d2dda00b936a85f3178ddd42'}, 'cand_d033eb981110aa21d3df': {'state': 'PRESENT', 'expected_state': 'PRESENT', 'payload_exact': True, 'physical_payload_sha256': 'c55e4ba7266c1861690788e5696a7f6263bffb4b0ac3a9ec7db2a763ee913425', 'frozen_payload_sha256': 'c55e4ba7266c1861690788e5696a7f6263bffb4b0ac3a9ec7db2a763ee913425'}, 'cand_0ef1e644231e36b17de7': {'state': 'PRESENT', 'expected_state': 'PRESENT', 'payload_exact': True, 'physical_payload_sha256': 'c2cae727bd0a0c7c5fa9c9d3f1898a8315091a73dc4704a4c5d5262035097619', 'frozen_payload_sha256': 'c2cae727bd0a0c7c5fa9c9d3f1898a8315091a73dc4704a4c5d5262035097619'}, 'cand_dd4fa07161dcf5def8eb': {'state': 'PRESENT', 'expected_state': 'PRESENT', 'payload_exact': True, 'physical_payload_sha256': 'ec4ce01840d97c64b7e4b0332a1666b9cb3258397502d5913b13a4e7a3e4214e', 'frozen_payload_sha256': 'ec4ce01840d97c64b7e4b0332a1666b9cb3258397502d5913b13a4e7a3e4214e'}, 'cand_5400d6d245a511006593': {'state': 'PRESENT', 'expected_state': 'PRESENT', 'payload_exact': True, 'physical_payload_sha256': '72aa31da7902c9d0e64635533487e1bd177635d8598c451a6e89f77888f6f564', 'frozen_payload_sha256': '72aa31da7902c9d0e64635533487e1bd177635d8598c451a6e89f77888f6f564'}, 'cand_d102d0d6903dbc44935f': {'state': 'PRESENT', 'expected_state': 'PRESENT', 'payload_exact': True, 'physical_payload_sha256': 'c2d2b0b1e00b9f5400b2642bc28e6e12b88c53a513826db1b62676c03d955637', 'frozen_payload_sha256': 'c2d2b0b1e00b9f5400b2642bc28e6e12b88c53a513826db1b62676c03d955637'}}}"
physical,30000,empty,4,False,2.7810019673779607e-06,0.05279052900004899,0.25295421500049997,0.008529500002623536,0.061322810004639905,0.3142770250051399,81776753.29332289,5b68e50ef3dc61e9cafe77b46e9e8b6c8a18b97f62d60d1cc3acfd369a6238c2,1963,"{'all_payloads_match': True, 'exact_payload_count': 0}"
physical,30000,prefix-01,4,False,0.0009687839992693625,0.05525800499890465,0.24055697999574477,0.008745489998545963,0.06497227899671998,0.30552925899246475,112264351.17240727,da687475a33b3e39aa81cf9f6bfd4ef2b3990f60324eef1c0a42d1afdaaf4e07,1963,"{'all_payloads_match': True, 'exact_payload_count': 1, 'states': {'cand_f94acad130c4ac5b3553': {'state': 'PRESENT', 'expected_state': 'PRESENT', 'payload_exact': True, 'physical_payload_sha256': '1b4de28601248f5348e6aaa6f6256f718496eb0835c8567f278c7f73ee34e982', 'frozen_payload_sha256': '1b4de28601248f5348e6aaa6f6256f718496eb0835c8567f278c7f73ee34e982'}}}"
physical,30000,prefix-05,4,False,0.0013008120004087687,0.06469450899749063,0.24620514300477225,0.008766923005168792,0.07476224400306819,0.32096738700784044,133360320.24741,abf90a695dfeff1b4b099780e054cc837c03f167c4ec6e541a63965c3fa85621,1963,"{'all_payloads_match': True, 'exact_payload_count': 5, 'states': {'cand_f94acad130c4ac5b3553': {'state': 'PRESENT', 'expected_state': 'PRESENT', 'payload_exact': True, 'physical_payload_sha256': '1b4de28601248f5348e6aaa6f6256f718496eb0835c8567f278c7f73ee34e982', 'frozen_payload_sha256': '1b4de28601248f5348e6aaa6f6256f718496eb0835c8567f278c7f73ee34e982'}, 'cand_6ca6020979af5e5766a4': {'state': 'PRESENT', 'expected_state': 'PRESENT', 'payload_exact': True, 'physical_payload_sha256': 'a957bb6303ac901d173581fe078a62136b2dfd05b9dcd4a032e8785b2548616c', 'frozen_payload_sha256': 'a957bb6303ac901d173581fe078a62136b2dfd05b9dcd4a032e8785b2548616c'}, 'cand_c6f83d66ce3d1e079f11': {'state': 'PRESENT', 'expected_state': 'PRESENT', 'payload_exact': True, 'physical_payload_sha256': 'cd6f66e643e0e10724abcf6655845ed5b480f3a087d473531b51e27148b64c83', 'frozen_payload_sha256': 'cd6f66e643e0e10724abcf6655845ed5b480f3a087d473531b51e27148b64c83'}, 'cand_1f420ce5268e234e658c': {'state': 'PRESENT', 'expected_state': 'PRESENT', 'payload_exact': True, 'physical_payload_sha256': 'eb673a8ffdae84c1b9bea049e97ceebc476e9e9b6f7db6d6630219ab09719eba', 'frozen_payload_sha256': 'eb673a8ffdae84c1b9bea049e97ceebc476e9e9b6f7db6d6630219ab09719eba'}, 'cand_bb3c9704bc50457d0385': {'state': 'PRESENT', 'expected_state': 'PRESENT', 'payload_exact': True, 'physical_payload_sha256': '807d7ef3d439765478ee73f4d3d640640f540ff6cbc2073a717e857f54a4af55', 'frozen_payload_sha256': '807d7ef3d439765478ee73f4d3d640640f540ff6cbc2073a717e857f54a4af55'}}}"
physical,30000,prefix-16,4,False,0.0033367170035489835,0.11584465999476379,0.2669325020033284,0.008889601995178964,0.12807097899349174,0.39500348099682014,133257263.69363861,8a1809eb0565da996ced9f480461f3db8a64ae044e6d430a04dbfb288af3d8e6,1963,"{'all_payloads_match': True, 'exact_payload_count': 16, 'states': {'cand_f94acad130c4ac5b3553': {'state': 'PRESENT', 'expected_state': 'PRESENT', 'payload_exact': True, 'physical_payload_sha256': '1b4de28601248f5348e6aaa6f6256f718496eb0835c8567f278c7f73ee34e982', 'frozen_payload_sha256': '1b4de28601248f5348e6aaa6f6256f718496eb0835c8567f278c7f73ee34e982'}, 'cand_6ca6020979af5e5766a4': {'state': 'PRESENT', 'expected_state': 'PRESENT', 'payload_exact': True, 'physical_payload_sha256': 'a957bb6303ac901d173581fe078a62136b2dfd05b9dcd4a032e8785b2548616c', 'frozen_payload_sha256': 'a957bb6303ac901d173581fe078a62136b2dfd05b9dcd4a032e8785b2548616c'}, 'cand_c6f83d66ce3d1e079f11': {'state': 'PRESENT', 'expected_state': 'PRESENT', 'payload_exact': True, 'physical_payload_sha256': 'cd6f66e643e0e10724abcf6655845ed5b480f3a087d473531b51e27148b64c83', 'frozen_payload_sha256': 'cd6f66e643e0e10724abcf6655845ed5b480f3a087d473531b51e27148b64c83'}, 'cand_1f420ce5268e234e658c': {'state': 'PRESENT', 'expected_state': 'PRESENT', 'payload_exact': True, 'physical_payload_sha256': 'eb673a8ffdae84c1b9bea049e97ceebc476e9e9b6f7db6d6630219ab09719eba', 'frozen_payload_sha256': 'eb673a8ffdae84c1b9bea049e97ceebc476e9e9b6f7db6d6630219ab09719eba'}, 'cand_93041865e5a926191d54': {'state': 'PRESENT', 'expected_state': 'PRESENT', 'payload_exact': True, 'physical_payload_sha256': 'deb46428bae407481bede8e0a266e57147fd154296089a7dafd319abe644d89d', 'frozen_payload_sha256': 'deb46428bae407481bede8e0a266e57147fd154296089a7dafd319abe644d89d'}, 'cand_560443d79842b416ea0d': {'state': 'PRESENT', 'expected_state': 'PRESENT', 'payload_exact': True, 'physical_payload_sha256': 'fa9a17b12dcb8dde4a30217312b569839465badf672114a013a865e04fba7435', 'frozen_payload_sha256': 'fa9a17b12dcb8dde4a30217312b569839465badf672114a013a865e04fba7435'}, 'cand_0fdc909a2a3cf9718db9': {'state': 'PRESENT', 'expected_state': 'PRESENT', 'payload_exact': True, 'physical_payload_sha256': '38dabac647b4558b9603f53c304fd1e40c83fbededf2673ff13c6f70b3d40daa', 'frozen_payload_sha256': '38dabac647b4558b9603f53c304fd1e40c83fbededf2673ff13c6f70b3d40daa'}, 'cand_7531356383a7948fede1': {'state': 'PRESENT', 'expected_state': 'PRESENT', 'payload_exact': True, 'physical_payload_sha256': '9dc66e18b96447cca55280033660186cd59b6f86c07e29d88ee34fb840232599', 'frozen_payload_sha256': '9dc66e18b96447cca55280033660186cd59b6f86c07e29d88ee34fb840232599'}, 'cand_850ffdf5fc1ceee3e08d': {'state': 'PRESENT', 'expected_state': 'PRESENT', 'payload_exact': True, 'physical_payload_sha256': '454d59861034c0f3e55889b8176b61864ebf485e14d7422ef505d18749170a4a', 'frozen_payload_sha256': '454d59861034c0f3e55889b8176b61864ebf485e14d7422ef505d18749170a4a'}, 'cand_cfb64b0bf69c059cd760': {'state': 'PRESENT', 'expected_state': 'PRESENT', 'payload_exact': True, 'physical_payload_sha256': 'd2c7e6b524e9299a2de172dc211a93037689aa5ff879872033b6e822e7f528e7', 'frozen_payload_sha256': 'd2c7e6b524e9299a2de172dc211a93037689aa5ff879872033b6e822e7f528e7'}, 'cand_663a31a8fc0678a2324b': {'state': 'PRESENT', 'expected_state': 'PRESENT', 'payload_exact': True, 'physical_payload_sha256': '45559b268894fb49c7203540eb1a961f5771681514a9b54c26ea610755552522', 'frozen_payload_sha256': '45559b268894fb49c7203540eb1a961f5771681514a9b54c26ea610755552522'}, 'cand_bb3c9704bc50457d0385': {'state': 'PRESENT', 'expected_state': 'PRESENT', 'payload_exact': True, 'physical_payload_sha256': '807d7ef3d439765478ee73f4d3d640640f540ff6cbc2073a717e857f54a4af55', 'frozen_payload_sha256': '807d7ef3d439765478ee73f4d3d640640f540ff6cbc2073a717e857f54a4af55'}, 'cand_9e3965b9e6ab7faacc4e': {'state': 'PRESENT', 'expected_state': 'PRESENT', 'payload_exact': True, 'physical_payload_sha256': '523bce3aa5df3c32aa9dfa75b8391ee3d4d6463d77b66a5b6f9333935a94a0b6', 'frozen_payload_sha256': '523bce3aa5df3c32aa9dfa75b8391ee3d4d6463d77b66a5b6f9333935a94a0b6'}, 'cand_2bea04f8b2c85ff2a4e0': {'state': 'PRESENT', 'expected_state': 'PRESENT', 'payload_exact': True, 'physical_payload_sha256': '1d960444a0064f162c810e3f98ccbdbc2e73b8b6d2dda00b936a85f3178ddd42', 'frozen_payload_sha256': '1d960444a0064f162c810e3f98ccbdbc2e73b8b6d2dda00b936a85f3178ddd42'}, 'cand_0ef1e644231e36b17de7': {'state': 'PRESENT', 'expected_state': 'PRESENT', 'payload_exact': True, 'physical_payload_sha256': 'c2cae727bd0a0c7c5fa9c9d3f1898a8315091a73dc4704a4c5d5262035097619', 'frozen_payload_sha256': 'c2cae727bd0a0c7c5fa9c9d3f1898a8315091a73dc4704a4c5d5262035097619'}, 'cand_dd4fa07161dcf5def8eb': {'state': 'PRESENT', 'expected_state': 'PRESENT', 'payload_exact': True, 'physical_payload_sha256': 'ec4ce01840d97c64b7e4b0332a1666b9cb3258397502d5913b13a4e7a3e4214e', 'frozen_payload_sha256': 'ec4ce01840d97c64b7e4b0332a1666b9cb3258397502d5913b13a4e7a3e4214e'}}}"
physical,30000,prefix-30,4,False,0.005299691001710016,0.18777410400070949,0.26491871600592276,0.009267759996873792,0.2023415549992933,0.46726027100521605,133257250.37696595,95f8e4b3fee5dbdad1e21090fc47b2ca406228c2c77feffdc2baee116e2cdc79,1963,"{'all_payloads_match': True, 'exact_payload_count': 30, 'states': {'cand_f94acad130c4ac5b3553': {'state': 'PRESENT', 'expected_state': 'PRESENT', 'payload_exact': True, 'physical_payload_sha256': '1b4de28601248f5348e6aaa6f6256f718496eb0835c8567f278c7f73ee34e982', 'frozen_payload_sha256': '1b4de28601248f5348e6aaa6f6256f718496eb0835c8567f278c7f73ee34e982'}, 'cand_6ca6020979af5e5766a4': {'state': 'PRESENT', 'expected_state': 'PRESENT', 'payload_exact': True, 'physical_payload_sha256': 'a957bb6303ac901d173581fe078a62136b2dfd05b9dcd4a032e8785b2548616c', 'frozen_payload_sha256': 'a957bb6303ac901d173581fe078a62136b2dfd05b9dcd4a032e8785b2548616c'}, 'cand_c6f83d66ce3d1e079f11': {'state': 'PRESENT', 'expected_state': 'PRESENT', 'payload_exact': True, 'physical_payload_sha256': 'cd6f66e643e0e10724abcf6655845ed5b480f3a087d473531b51e27148b64c83', 'frozen_payload_sha256': 'cd6f66e643e0e10724abcf6655845ed5b480f3a087d473531b51e27148b64c83'}, 'cand_1f420ce5268e234e658c': {'state': 'PRESENT', 'expected_state': 'PRESENT', 'payload_exact': True, 'physical_payload_sha256': 'eb673a8ffdae84c1b9bea049e97ceebc476e9e9b6f7db6d6630219ab09719eba', 'frozen_payload_sha256': 'eb673a8ffdae84c1b9bea049e97ceebc476e9e9b6f7db6d6630219ab09719eba'}, 'cand_93041865e5a926191d54': {'state': 'PRESENT', 'expected_state': 'PRESENT', 'payload_exact': True, 'physical_payload_sha256': 'deb46428bae407481bede8e0a266e57147fd154296089a7dafd319abe644d89d', 'frozen_payload_sha256': 'deb46428bae407481bede8e0a266e57147fd154296089a7dafd319abe644d89d'}, 'cand_560443d79842b416ea0d': {'state': 'PRESENT', 'expected_state': 'PRESENT', 'payload_exact': True, 'physical_payload_sha256': 'fa9a17b12dcb8dde4a30217312b569839465badf672114a013a865e04fba7435', 'frozen_payload_sha256': 'fa9a17b12dcb8dde4a30217312b569839465badf672114a013a865e04fba7435'}, 'cand_0fdc909a2a3cf9718db9': {'state': 'PRESENT', 'expected_state': 'PRESENT', 'payload_exact': True, 'physical_payload_sha256': '38dabac647b4558b9603f53c304fd1e40c83fbededf2673ff13c6f70b3d40daa', 'frozen_payload_sha256': '38dabac647b4558b9603f53c304fd1e40c83fbededf2673ff13c6f70b3d40daa'}, 'cand_7531356383a7948fede1': {'state': 'PRESENT', 'expected_state': 'PRESENT', 'payload_exact': True, 'physical_payload_sha256': '9dc66e18b96447cca55280033660186cd59b6f86c07e29d88ee34fb840232599', 'frozen_payload_sha256': '9dc66e18b96447cca55280033660186cd59b6f86c07e29d88ee34fb840232599'}, 'cand_850ffdf5fc1ceee3e08d': {'state': 'PRESENT', 'expected_state': 'PRESENT', 'payload_exact': True, 'physical_payload_sha256': '454d59861034c0f3e55889b8176b61864ebf485e14d7422ef505d18749170a4a', 'frozen_payload_sha256': '454d59861034c0f3e55889b8176b61864ebf485e14d7422ef505d18749170a4a'}, 'cand_9a47b4882350bf5fccf9': {'state': 'PRESENT', 'expected_state': 'PRESENT', 'payload_exact': True, 'physical_payload_sha256': '6572aa9c7b3f76ba408b01f2ecd52339c6e8d3fa11be261185717cfbbb5b97c4', 'frozen_payload_sha256': '6572aa9c7b3f76ba408b01f2ecd52339c6e8d3fa11be261185717cfbbb5b97c4'}, 'cand_835deeb29a9e7947a98b': {'state': 'PRESENT', 'expected_state': 'PRESENT', 'payload_exact': True, 'physical_payload_sha256': '350fcc8b0194d7a40b43e82a0a08d53a472551766b14dc9c4ca8c2459e17b267', 'frozen_payload_sha256': '350fcc8b0194d7a40b43e82a0a08d53a472551766b14dc9c4ca8c2459e17b267'}, 'cand_b6cafc68143c6fa37e85': {'state': 'PRESENT', 'expected_state': 'PRESENT', 'payload_exact': True, 'physical_payload_sha256': '29c9fe4704d536feecc86b629c457d6df83408d06860142b94d569a68758791e', 'frozen_payload_sha256': '29c9fe4704d536feecc86b629c457d6df83408d06860142b94d569a68758791e'}, 'cand_f002ec4adfff3911240b': {'state': 'PRESENT', 'expected_state': 'PRESENT', 'payload_exact': True, 'physical_payload_sha256': '8ca28e1f85b64f132176f5f38374a69f3322425f8b16b86cf39d130402b884f9', 'frozen_payload_sha256': '8ca28e1f85b64f132176f5f38374a69f3322425f8b16b86cf39d130402b884f9'}, 'cand_d17d4fee04bca1295fdb': {'state': 'PRESENT', 'expected_state': 'PRESENT', 'payload_exact': True, 'physical_payload_sha256': 'dec1ac93145cb624fd3569ef6a0af3dca4deeb7bfca21e1811405f5e3daf82a7', 'frozen_payload_sha256': 'dec1ac93145cb624fd3569ef6a0af3dca4deeb7bfca21e1811405f5e3daf82a7'}, 'cand_044e770ab213d0ef37b1': {'state': 'PRESENT', 'expected_state': 'PRESENT', 'payload_exact': True, 'physical_payload_sha256': 'abc9e64b0b818e7bc3606393d9c314d90411a0f003ebb6c9b4dcd356f5012470', 'frozen_payload_sha256': 'abc9e64b0b818e7bc3606393d9c314d90411a0f003ebb6c9b4dcd356f5012470'}, 'cand_cfb64b0bf69c059cd760': {'state': 'PRESENT', 'expected_state': 'PRESENT', 'payload_exact': True, 'physical_payload_sha256': 'd2c7e6b524e9299a2de172dc211a93037689aa5ff879872033b6e822e7f528e7', 'frozen_payload_sha256': 'd2c7e6b524e9299a2de172dc211a93037689aa5ff879872033b6e822e7f528e7'}, 'cand_6505783b203dc0346b49': {'state': 'PRESENT', 'expected_state': 'PRESENT', 'payload_exact': True, 'physical_payload_sha256': '6896fbf912c5723a264a33f528327dc096d0a3c3e9d030737631e1ce25674ee5', 'frozen_payload_sha256': '6896fbf912c5723a264a33f528327dc096d0a3c3e9d030737631e1ce25674ee5'}, 'cand_7b08320f31dae1c5e9f4': {'state': 'PRESENT', 'expected_state': 'PRESENT', 'payload_exact': True, 'physical_payload_sha256': 'd41be836e2a6efd614aa13d34f71356cb5ba9ec5b176d535ec80380e23704192', 'frozen_payload_sha256': 'd41be836e2a6efd614aa13d34f71356cb5ba9ec5b176d535ec80380e23704192'}, 'cand_e95bcd15c94c80f62716': {'state': 'PRESENT', 'expected_state': 'PRESENT', 'payload_exact': True, 'physical_payload_sha256': '250c3e1841ff733b2e82365c0f0ca578cbc1bc3227f500bfa9a26da1735c68e6', 'frozen_payload_sha256': '250c3e1841ff733b2e82365c0f0ca578cbc1bc3227f500bfa9a26da1735c68e6'}, 'cand_5e3a909effbf6f7d6e21': {'state': 'PRESENT', 'expected_state': 'PRESENT', 'payload_exact': True, 'physical_payload_sha256': '474438e654486f2b902952f26e6822f901b4bcc414a399b700babe023f62a832', 'frozen_payload_sha256': '474438e654486f2b902952f26e6822f901b4bcc414a399b700babe023f62a832'}, 'cand_cf35fb1b66d3371735fd': {'state': 'PRESENT', 'expected_state': 'PRESENT', 'payload_exact': True, 'physical_payload_sha256': '2b1ed3268f5b988b1a1bbebabde8ecf735f68253dcb5132bcdfc5b3301d11cd6', 'frozen_payload_sha256': '2b1ed3268f5b988b1a1bbebabde8ecf735f68253dcb5132bcdfc5b3301d11cd6'}, 'cand_663a31a8fc0678a2324b': {'state': 'PRESENT', 'expected_state': 'PRESENT', 'payload_exact': True, 'physical_payload_sha256': '45559b268894fb49c7203540eb1a961f5771681514a9b54c26ea610755552522', 'frozen_payload_sha256': '45559b268894fb49c7203540eb1a961f5771681514a9b54c26ea610755552522'}, 'cand_bb3c9704bc50457d0385': {'state': 'PRESENT', 'expected_state': 'PRESENT', 'payload_exact': True, 'physical_payload_sha256': '807d7ef3d439765478ee73f4d3d640640f540ff6cbc2073a717e857f54a4af55', 'frozen_payload_sha256': '807d7ef3d439765478ee73f4d3d640640f540ff6cbc2073a717e857f54a4af55'}, 'cand_a658273d38918de4ed71': {'state': 'PRESENT', 'expected_state': 'PRESENT', 'payload_exact': True, 'physical_payload_sha256': 'df03012caf96b062c1e1e52b072ee5e27d2adf18ded929c8a81d56b9adfd1352', 'frozen_payload_sha256': 'df03012caf96b062c1e1e52b072ee5e27d2adf18ded929c8a81d56b9adfd1352'}, 'cand_9e3965b9e6ab7faacc4e': {'state': 'PRESENT', 'expected_state': 'PRESENT', 'payload_exact': True, 'physical_payload_sha256': '523bce3aa5df3c32aa9dfa75b8391ee3d4d6463d77b66a5b6f9333935a94a0b6', 'frozen_payload_sha256': '523bce3aa5df3c32aa9dfa75b8391ee3d4d6463d77b66a5b6f9333935a94a0b6'}, 'cand_2bea04f8b2c85ff2a4e0': {'state': 'PRESENT', 'expected_state': 'PRESENT', 'payload_exact': True, 'physical_payload_sha256': '1d960444a0064f162c810e3f98ccbdbc2e73b8b6d2dda00b936a85f3178ddd42', 'frozen_payload_sha256': '1d960444a0064f162c810e3f98ccbdbc2e73b8b6d2dda00b936a85f3178ddd42'}, 'cand_d033eb981110aa21d3df': {'state': 'PRESENT', 'expected_state': 'PRESENT', 'payload_exact': True, 'physical_payload_sha256': 'c55e4ba7266c1861690788e5696a7f6263bffb4b0ac3a9ec7db2a763ee913425', 'frozen_payload_sha256': 'c55e4ba7266c1861690788e5696a7f6263bffb4b0ac3a9ec7db2a763ee913425'}, 'cand_0ef1e644231e36b17de7': {'state': 'PRESENT', 'expected_state': 'PRESENT', 'payload_exact': True, 'physical_payload_sha256': 'c2cae727bd0a0c7c5fa9c9d3f1898a8315091a73dc4704a4c5d5262035097619', 'frozen_payload_sha256': 'c2cae727bd0a0c7c5fa9c9d3f1898a8315091a73dc4704a4c5d5262035097619'}, 'cand_dd4fa07161dcf5def8eb': {'state': 'PRESENT', 'expected_state': 'PRESENT', 'payload_exact': True, 'physical_payload_sha256': 'ec4ce01840d97c64b7e4b0332a1666b9cb3258397502d5913b13a4e7a3e4214e', 'frozen_payload_sha256': 'ec4ce01840d97c64b7e4b0332a1666b9cb3258397502d5913b13a4e7a3e4214e'}, 'cand_d102d0d6903dbc44935f': {'state': 'PRESENT', 'expected_state': 'PRESENT', 'payload_exact': True, 'physical_payload_sha256': 'c2d2b0b1e00b9f5400b2642bc28e6e12b88c53a513826db1b62676c03d955637', 'frozen_payload_sha256': 'c2d2b0b1e00b9f5400b2642bc28e6e12b88c53a513826db1b62676c03d955637'}}}"
physical,30000,final-31,4,False,0.004851939003856387,0.18665555600455264,0.27700056699541165,0.009814942997763865,0.2013224380061729,0.47832300500158453,133257250.37696595,95f8e4b3fee5dbdad1e21090fc47b2ca406228c2c77feffdc2baee116e2cdc79,1963,"{'all_payloads_match': True, 'exact_payload_count': 31, 'states': {'cand_f94acad130c4ac5b3553': {'state': 'PRESENT', 'expected_state': 'PRESENT', 'payload_exact': True, 'physical_payload_sha256': '1b4de28601248f5348e6aaa6f6256f718496eb0835c8567f278c7f73ee34e982', 'frozen_payload_sha256': '1b4de28601248f5348e6aaa6f6256f718496eb0835c8567f278c7f73ee34e982'}, 'cand_6ca6020979af5e5766a4': {'state': 'PRESENT', 'expected_state': 'PRESENT', 'payload_exact': True, 'physical_payload_sha256': 'a957bb6303ac901d173581fe078a62136b2dfd05b9dcd4a032e8785b2548616c', 'frozen_payload_sha256': 'a957bb6303ac901d173581fe078a62136b2dfd05b9dcd4a032e8785b2548616c'}, 'cand_c6f83d66ce3d1e079f11': {'state': 'PRESENT', 'expected_state': 'PRESENT', 'payload_exact': True, 'physical_payload_sha256': 'cd6f66e643e0e10724abcf6655845ed5b480f3a087d473531b51e27148b64c83', 'frozen_payload_sha256': 'cd6f66e643e0e10724abcf6655845ed5b480f3a087d473531b51e27148b64c83'}, 'cand_1f420ce5268e234e658c': {'state': 'PRESENT', 'expected_state': 'PRESENT', 'payload_exact': True, 'physical_payload_sha256': 'eb673a8ffdae84c1b9bea049e97ceebc476e9e9b6f7db6d6630219ab09719eba', 'frozen_payload_sha256': 'eb673a8ffdae84c1b9bea049e97ceebc476e9e9b6f7db6d6630219ab09719eba'}, 'cand_93041865e5a926191d54': {'state': 'PRESENT', 'expected_state': 'PRESENT', 'payload_exact': True, 'physical_payload_sha256': 'deb46428bae407481bede8e0a266e57147fd154296089a7dafd319abe644d89d', 'frozen_payload_sha256': 'deb46428bae407481bede8e0a266e57147fd154296089a7dafd319abe644d89d'}, 'cand_560443d79842b416ea0d': {'state': 'PRESENT', 'expected_state': 'PRESENT', 'payload_exact': True, 'physical_payload_sha256': 'fa9a17b12dcb8dde4a30217312b569839465badf672114a013a865e04fba7435', 'frozen_payload_sha256': 'fa9a17b12dcb8dde4a30217312b569839465badf672114a013a865e04fba7435'}, 'cand_0fdc909a2a3cf9718db9': {'state': 'PRESENT', 'expected_state': 'PRESENT', 'payload_exact': True, 'physical_payload_sha256': '38dabac647b4558b9603f53c304fd1e40c83fbededf2673ff13c6f70b3d40daa', 'frozen_payload_sha256': '38dabac647b4558b9603f53c304fd1e40c83fbededf2673ff13c6f70b3d40daa'}, 'cand_7531356383a7948fede1': {'state': 'PRESENT', 'expected_state': 'PRESENT', 'payload_exact': True, 'physical_payload_sha256': '9dc66e18b96447cca55280033660186cd59b6f86c07e29d88ee34fb840232599', 'frozen_payload_sha256': '9dc66e18b96447cca55280033660186cd59b6f86c07e29d88ee34fb840232599'}, 'cand_850ffdf5fc1ceee3e08d': {'state': 'PRESENT', 'expected_state': 'PRESENT', 'payload_exact': True, 'physical_payload_sha256': '454d59861034c0f3e55889b8176b61864ebf485e14d7422ef505d18749170a4a', 'frozen_payload_sha256': '454d59861034c0f3e55889b8176b61864ebf485e14d7422ef505d18749170a4a'}, 'cand_9a47b4882350bf5fccf9': {'state': 'PRESENT', 'expected_state': 'PRESENT', 'payload_exact': True, 'physical_payload_sha256': '6572aa9c7b3f76ba408b01f2ecd52339c6e8d3fa11be261185717cfbbb5b97c4', 'frozen_payload_sha256': '6572aa9c7b3f76ba408b01f2ecd52339c6e8d3fa11be261185717cfbbb5b97c4'}, 'cand_835deeb29a9e7947a98b': {'state': 'PRESENT', 'expected_state': 'PRESENT', 'payload_exact': True, 'physical_payload_sha256': '350fcc8b0194d7a40b43e82a0a08d53a472551766b14dc9c4ca8c2459e17b267', 'frozen_payload_sha256': '350fcc8b0194d7a40b43e82a0a08d53a472551766b14dc9c4ca8c2459e17b267'}, 'cand_b6cafc68143c6fa37e85': {'state': 'PRESENT', 'expected_state': 'PRESENT', 'payload_exact': True, 'physical_payload_sha256': '29c9fe4704d536feecc86b629c457d6df83408d06860142b94d569a68758791e', 'frozen_payload_sha256': '29c9fe4704d536feecc86b629c457d6df83408d06860142b94d569a68758791e'}, 'cand_f002ec4adfff3911240b': {'state': 'PRESENT', 'expected_state': 'PRESENT', 'payload_exact': True, 'physical_payload_sha256': '8ca28e1f85b64f132176f5f38374a69f3322425f8b16b86cf39d130402b884f9', 'frozen_payload_sha256': '8ca28e1f85b64f132176f5f38374a69f3322425f8b16b86cf39d130402b884f9'}, 'cand_d17d4fee04bca1295fdb': {'state': 'PRESENT', 'expected_state': 'PRESENT', 'payload_exact': True, 'physical_payload_sha256': 'dec1ac93145cb624fd3569ef6a0af3dca4deeb7bfca21e1811405f5e3daf82a7', 'frozen_payload_sha256': 'dec1ac93145cb624fd3569ef6a0af3dca4deeb7bfca21e1811405f5e3daf82a7'}, 'cand_044e770ab213d0ef37b1': {'state': 'PRESENT', 'expected_state': 'PRESENT', 'payload_exact': True, 'physical_payload_sha256': 'abc9e64b0b818e7bc3606393d9c314d90411a0f003ebb6c9b4dcd356f5012470', 'frozen_payload_sha256': 'abc9e64b0b818e7bc3606393d9c314d90411a0f003ebb6c9b4dcd356f5012470'}, 'cand_cfb64b0bf69c059cd760': {'state': 'PRESENT', 'expected_state': 'PRESENT', 'payload_exact': True, 'physical_payload_sha256': 'd2c7e6b524e9299a2de172dc211a93037689aa5ff879872033b6e822e7f528e7', 'frozen_payload_sha256': 'd2c7e6b524e9299a2de172dc211a93037689aa5ff879872033b6e822e7f528e7'}, 'cand_6505783b203dc0346b49': {'state': 'PRESENT', 'expected_state': 'PRESENT', 'payload_exact': True, 'physical_payload_sha256': '6896fbf912c5723a264a33f528327dc096d0a3c3e9d030737631e1ce25674ee5', 'frozen_payload_sha256': '6896fbf912c5723a264a33f528327dc096d0a3c3e9d030737631e1ce25674ee5'}, 'cand_7b08320f31dae1c5e9f4': {'state': 'PRESENT', 'expected_state': 'PRESENT', 'payload_exact': True, 'physical_payload_sha256': 'd41be836e2a6efd614aa13d34f71356cb5ba9ec5b176d535ec80380e23704192', 'frozen_payload_sha256': 'd41be836e2a6efd614aa13d34f71356cb5ba9ec5b176d535ec80380e23704192'}, 'cand_e95bcd15c94c80f62716': {'state': 'PRESENT', 'expected_state': 'PRESENT', 'payload_exact': True, 'physical_payload_sha256': '250c3e1841ff733b2e82365c0f0ca578cbc1bc3227f500bfa9a26da1735c68e6', 'frozen_payload_sha256': '250c3e1841ff733b2e82365c0f0ca578cbc1bc3227f500bfa9a26da1735c68e6'}, 'cand_5e3a909effbf6f7d6e21': {'state': 'PRESENT', 'expected_state': 'PRESENT', 'payload_exact': True, 'physical_payload_sha256': '474438e654486f2b902952f26e6822f901b4bcc414a399b700babe023f62a832', 'frozen_payload_sha256': '474438e654486f2b902952f26e6822f901b4bcc414a399b700babe023f62a832'}, 'cand_cf35fb1b66d3371735fd': {'state': 'PRESENT', 'expected_state': 'PRESENT', 'payload_exact': True, 'physical_payload_sha256': '2b1ed3268f5b988b1a1bbebabde8ecf735f68253dcb5132bcdfc5b3301d11cd6', 'frozen_payload_sha256': '2b1ed3268f5b988b1a1bbebabde8ecf735f68253dcb5132bcdfc5b3301d11cd6'}, 'cand_663a31a8fc0678a2324b': {'state': 'PRESENT', 'expected_state': 'PRESENT', 'payload_exact': True, 'physical_payload_sha256': '45559b268894fb49c7203540eb1a961f5771681514a9b54c26ea610755552522', 'frozen_payload_sha256': '45559b268894fb49c7203540eb1a961f5771681514a9b54c26ea610755552522'}, 'cand_bb3c9704bc50457d0385': {'state': 'PRESENT', 'expected_state': 'PRESENT', 'payload_exact': True, 'physical_payload_sha256': '807d7ef3d439765478ee73f4d3d640640f540ff6cbc2073a717e857f54a4af55', 'frozen_payload_sha256': '807d7ef3d439765478ee73f4d3d640640f540ff6cbc2073a717e857f54a4af55'}, 'cand_a658273d38918de4ed71': {'state': 'PRESENT', 'expected_state': 'PRESENT', 'payload_exact': True, 'physical_payload_sha256': 'df03012caf96b062c1e1e52b072ee5e27d2adf18ded929c8a81d56b9adfd1352', 'frozen_payload_sha256': 'df03012caf96b062c1e1e52b072ee5e27d2adf18ded929c8a81d56b9adfd1352'}, 'cand_9e3965b9e6ab7faacc4e': {'state': 'PRESENT', 'expected_state': 'PRESENT', 'payload_exact': True, 'physical_payload_sha256': '523bce3aa5df3c32aa9dfa75b8391ee3d4d6463d77b66a5b6f9333935a94a0b6', 'frozen_payload_sha256': '523bce3aa5df3c32aa9dfa75b8391ee3d4d6463d77b66a5b6f9333935a94a0b6'}, 'cand_2bea04f8b2c85ff2a4e0': {'state': 'PRESENT', 'expected_state': 'PRESENT', 'payload_exact': True, 'physical_payload_sha256': '1d960444a0064f162c810e3f98ccbdbc2e73b8b6d2dda00b936a85f3178ddd42', 'frozen_payload_sha256': '1d960444a0064f162c810e3f98ccbdbc2e73b8b6d2dda00b936a85f3178ddd42'}, 'cand_d033eb981110aa21d3df': {'state': 'PRESENT', 'expected_state': 'PRESENT', 'payload_exact': True, 'physical_payload_sha256': 'c55e4ba7266c1861690788e5696a7f6263bffb4b0ac3a9ec7db2a763ee913425', 'frozen_payload_sha256': 'c55e4ba7266c1861690788e5696a7f6263bffb4b0ac3a9ec7db2a763ee913425'}, 'cand_0ef1e644231e36b17de7': {'state': 'PRESENT', 'expected_state': 'PRESENT', 'payload_exact': True, 'physical_payload_sha256': 'c2cae727bd0a0c7c5fa9c9d3f1898a8315091a73dc4704a4c5d5262035097619', 'frozen_payload_sha256': 'c2cae727bd0a0c7c5fa9c9d3f1898a8315091a73dc4704a4c5d5262035097619'}, 'cand_dd4fa07161dcf5def8eb': {'state': 'PRESENT', 'expected_state': 'PRESENT', 'payload_exact': True, 'physical_payload_sha256': 'ec4ce01840d97c64b7e4b0332a1666b9cb3258397502d5913b13a4e7a3e4214e', 'frozen_payload_sha256': 'ec4ce01840d97c64b7e4b0332a1666b9cb3258397502d5913b13a4e7a3e4214e'}, 'cand_5400d6d245a511006593': {'state': 'PRESENT', 'expected_state': 'PRESENT', 'payload_exact': True, 'physical_payload_sha256': '72aa31da7902c9d0e64635533487e1bd177635d8598c451a6e89f77888f6f564', 'frozen_payload_sha256': '72aa31da7902c9d0e64635533487e1bd177635d8598c451a6e89f77888f6f564'}, 'cand_d102d0d6903dbc44935f': {'state': 'PRESENT', 'expected_state': 'PRESENT', 'payload_exact': True, 'physical_payload_sha256': 'c2d2b0b1e00b9f5400b2642bc28e6e12b88c53a513826db1b62676c03d955637', 'frozen_payload_sha256': 'c2d2b0b1e00b9f5400b2642bc28e6e12b88c53a513826db1b62676c03d955637'}}}"
physical,30000,empty,5,False,2.0380030036903918e-06,0.05195196199929342,0.24050146999798017,0.009048199004610069,0.061002199006907176,0.30150366900488734,81776753.29332289,5b68e50ef3dc61e9cafe77b46e9e8b6c8a18b97f62d60d1cc3acfd369a6238c2,1963,"{'all_payloads_match': True, 'exact_payload_count': 0}"
physical,30000,prefix-01,5,False,0.0012287830031709746,0.05438037099520443,0.23975408100523055,0.009421890994417481,0.06503104499279289,0.30478512599802343,112264351.17240727,da687475a33b3e39aa81cf9f6bfd4ef2b3990f60324eef1c0a42d1afdaaf4e07,1963,"{'all_payloads_match': True, 'exact_payload_count': 1, 'states': {'cand_f94acad130c4ac5b3553': {'state': 'PRESENT', 'expected_state': 'PRESENT', 'payload_exact': True, 'physical_payload_sha256': '1b4de28601248f5348e6aaa6f6256f718496eb0835c8567f278c7f73ee34e982', 'frozen_payload_sha256': '1b4de28601248f5348e6aaa6f6256f718496eb0835c8567f278c7f73ee34e982'}}}"
physical,30000,prefix-05,5,False,0.0014404659959836863,0.06956351699773222,0.25360451299638953,0.00921719699545065,0.08022117998916656,0.3338256929855561,133360320.24741,abf90a695dfeff1b4b099780e054cc837c03f167c4ec6e541a63965c3fa85621,1963,"{'all_payloads_match': True, 'exact_payload_count': 5, 'states': {'cand_f94acad130c4ac5b3553': {'state': 'PRESENT', 'expected_state': 'PRESENT', 'payload_exact': True, 'physical_payload_sha256': '1b4de28601248f5348e6aaa6f6256f718496eb0835c8567f278c7f73ee34e982', 'frozen_payload_sha256': '1b4de28601248f5348e6aaa6f6256f718496eb0835c8567f278c7f73ee34e982'}, 'cand_6ca6020979af5e5766a4': {'state': 'PRESENT', 'expected_state': 'PRESENT', 'payload_exact': True, 'physical_payload_sha256': 'a957bb6303ac901d173581fe078a62136b2dfd05b9dcd4a032e8785b2548616c', 'frozen_payload_sha256': 'a957bb6303ac901d173581fe078a62136b2dfd05b9dcd4a032e8785b2548616c'}, 'cand_c6f83d66ce3d1e079f11': {'state': 'PRESENT', 'expected_state': 'PRESENT', 'payload_exact': True, 'physical_payload_sha256': 'cd6f66e643e0e10724abcf6655845ed5b480f3a087d473531b51e27148b64c83', 'frozen_payload_sha256': 'cd6f66e643e0e10724abcf6655845ed5b480f3a087d473531b51e27148b64c83'}, 'cand_1f420ce5268e234e658c': {'state': 'PRESENT', 'expected_state': 'PRESENT', 'payload_exact': True, 'physical_payload_sha256': 'eb673a8ffdae84c1b9bea049e97ceebc476e9e9b6f7db6d6630219ab09719eba', 'frozen_payload_sha256': 'eb673a8ffdae84c1b9bea049e97ceebc476e9e9b6f7db6d6630219ab09719eba'}, 'cand_bb3c9704bc50457d0385': {'state': 'PRESENT', 'expected_state': 'PRESENT', 'payload_exact': True, 'physical_payload_sha256': '807d7ef3d439765478ee73f4d3d640640f540ff6cbc2073a717e857f54a4af55', 'frozen_payload_sha256': '807d7ef3d439765478ee73f4d3d640640f540ff6cbc2073a717e857f54a4af55'}}}"
physical,30000,prefix-16,5,False,0.00331433199608,0.12686133600072935,0.31337149599858094,0.010127672001544852,0.1403033399983542,0.45367483599693514,133257263.69363861,8a1809eb0565da996ced9f480461f3db8a64ae044e6d430a04dbfb288af3d8e6,1963,"{'all_payloads_match': True, 'exact_payload_count': 16, 'states': {'cand_f94acad130c4ac5b3553': {'state': 'PRESENT', 'expected_state': 'PRESENT', 'payload_exact': True, 'physical_payload_sha256': '1b4de28601248f5348e6aaa6f6256f718496eb0835c8567f278c7f73ee34e982', 'frozen_payload_sha256': '1b4de28601248f5348e6aaa6f6256f718496eb0835c8567f278c7f73ee34e982'}, 'cand_6ca6020979af5e5766a4': {'state': 'PRESENT', 'expected_state': 'PRESENT', 'payload_exact': True, 'physical_payload_sha256': 'a957bb6303ac901d173581fe078a62136b2dfd05b9dcd4a032e8785b2548616c', 'frozen_payload_sha256': 'a957bb6303ac901d173581fe078a62136b2dfd05b9dcd4a032e8785b2548616c'}, 'cand_c6f83d66ce3d1e079f11': {'state': 'PRESENT', 'expected_state': 'PRESENT', 'payload_exact': True, 'physical_payload_sha256': 'cd6f66e643e0e10724abcf6655845ed5b480f3a087d473531b51e27148b64c83', 'frozen_payload_sha256': 'cd6f66e643e0e10724abcf6655845ed5b480f3a087d473531b51e27148b64c83'}, 'cand_1f420ce5268e234e658c': {'state': 'PRESENT', 'expected_state': 'PRESENT', 'payload_exact': True, 'physical_payload_sha256': 'eb673a8ffdae84c1b9bea049e97ceebc476e9e9b6f7db6d6630219ab09719eba', 'frozen_payload_sha256': 'eb673a8ffdae84c1b9bea049e97ceebc476e9e9b6f7db6d6630219ab09719eba'}, 'cand_93041865e5a926191d54': {'state': 'PRESENT', 'expected_state': 'PRESENT', 'payload_exact': True, 'physical_payload_sha256': 'deb46428bae407481bede8e0a266e57147fd154296089a7dafd319abe644d89d', 'frozen_payload_sha256': 'deb46428bae407481bede8e0a266e57147fd154296089a7dafd319abe644d89d'}, 'cand_560443d79842b416ea0d': {'state': 'PRESENT', 'expected_state': 'PRESENT', 'payload_exact': True, 'physical_payload_sha256': 'fa9a17b12dcb8dde4a30217312b569839465badf672114a013a865e04fba7435', 'frozen_payload_sha256': 'fa9a17b12dcb8dde4a30217312b569839465badf672114a013a865e04fba7435'}, 'cand_0fdc909a2a3cf9718db9': {'state': 'PRESENT', 'expected_state': 'PRESENT', 'payload_exact': True, 'physical_payload_sha256': '38dabac647b4558b9603f53c304fd1e40c83fbededf2673ff13c6f70b3d40daa', 'frozen_payload_sha256': '38dabac647b4558b9603f53c304fd1e40c83fbededf2673ff13c6f70b3d40daa'}, 'cand_7531356383a7948fede1': {'state': 'PRESENT', 'expected_state': 'PRESENT', 'payload_exact': True, 'physical_payload_sha256': '9dc66e18b96447cca55280033660186cd59b6f86c07e29d88ee34fb840232599', 'frozen_payload_sha256': '9dc66e18b96447cca55280033660186cd59b6f86c07e29d88ee34fb840232599'}, 'cand_850ffdf5fc1ceee3e08d': {'state': 'PRESENT', 'expected_state': 'PRESENT', 'payload_exact': True, 'physical_payload_sha256': '454d59861034c0f3e55889b8176b61864ebf485e14d7422ef505d18749170a4a', 'frozen_payload_sha256': '454d59861034c0f3e55889b8176b61864ebf485e14d7422ef505d18749170a4a'}, 'cand_cfb64b0bf69c059cd760': {'state': 'PRESENT', 'expected_state': 'PRESENT', 'payload_exact': True, 'physical_payload_sha256': 'd2c7e6b524e9299a2de172dc211a93037689aa5ff879872033b6e822e7f528e7', 'frozen_payload_sha256': 'd2c7e6b524e9299a2de172dc211a93037689aa5ff879872033b6e822e7f528e7'}, 'cand_663a31a8fc0678a2324b': {'state': 'PRESENT', 'expected_state': 'PRESENT', 'payload_exact': True, 'physical_payload_sha256': '45559b268894fb49c7203540eb1a961f5771681514a9b54c26ea610755552522', 'frozen_payload_sha256': '45559b268894fb49c7203540eb1a961f5771681514a9b54c26ea610755552522'}, 'cand_bb3c9704bc50457d0385': {'state': 'PRESENT', 'expected_state': 'PRESENT', 'payload_exact': True, 'physical_payload_sha256': '807d7ef3d439765478ee73f4d3d640640f540ff6cbc2073a717e857f54a4af55', 'frozen_payload_sha256': '807d7ef3d439765478ee73f4d3d640640f540ff6cbc2073a717e857f54a4af55'}, 'cand_9e3965b9e6ab7faacc4e': {'state': 'PRESENT', 'expected_state': 'PRESENT', 'payload_exact': True, 'physical_payload_sha256': '523bce3aa5df3c32aa9dfa75b8391ee3d4d6463d77b66a5b6f9333935a94a0b6', 'frozen_payload_sha256': '523bce3aa5df3c32aa9dfa75b8391ee3d4d6463d77b66a5b6f9333935a94a0b6'}, 'cand_2bea04f8b2c85ff2a4e0': {'state': 'PRESENT', 'expected_state': 'PRESENT', 'payload_exact': True, 'physical_payload_sha256': '1d960444a0064f162c810e3f98ccbdbc2e73b8b6d2dda00b936a85f3178ddd42', 'frozen_payload_sha256': '1d960444a0064f162c810e3f98ccbdbc2e73b8b6d2dda00b936a85f3178ddd42'}, 'cand_0ef1e644231e36b17de7': {'state': 'PRESENT', 'expected_state': 'PRESENT', 'payload_exact': True, 'physical_payload_sha256': 'c2cae727bd0a0c7c5fa9c9d3f1898a8315091a73dc4704a4c5d5262035097619', 'frozen_payload_sha256': 'c2cae727bd0a0c7c5fa9c9d3f1898a8315091a73dc4704a4c5d5262035097619'}, 'cand_dd4fa07161dcf5def8eb': {'state': 'PRESENT', 'expected_state': 'PRESENT', 'payload_exact': True, 'physical_payload_sha256': 'ec4ce01840d97c64b7e4b0332a1666b9cb3258397502d5913b13a4e7a3e4214e', 'frozen_payload_sha256': 'ec4ce01840d97c64b7e4b0332a1666b9cb3258397502d5913b13a4e7a3e4214e'}}}"
physical,30000,prefix-30,5,False,0.0056072020015562885,0.1881659939972451,0.307022932000109,0.0101502920006169,0.20392348799941828,0.5109464199995273,133257250.37696595,95f8e4b3fee5dbdad1e21090fc47b2ca406228c2c77feffdc2baee116e2cdc79,1963,"{'all_payloads_match': True, 'exact_payload_count': 30, 'states': {'cand_f94acad130c4ac5b3553': {'state': 'PRESENT', 'expected_state': 'PRESENT', 'payload_exact': True, 'physical_payload_sha256': '1b4de28601248f5348e6aaa6f6256f718496eb0835c8567f278c7f73ee34e982', 'frozen_payload_sha256': '1b4de28601248f5348e6aaa6f6256f718496eb0835c8567f278c7f73ee34e982'}, 'cand_6ca6020979af5e5766a4': {'state': 'PRESENT', 'expected_state': 'PRESENT', 'payload_exact': True, 'physical_payload_sha256': 'a957bb6303ac901d173581fe078a62136b2dfd05b9dcd4a032e8785b2548616c', 'frozen_payload_sha256': 'a957bb6303ac901d173581fe078a62136b2dfd05b9dcd4a032e8785b2548616c'}, 'cand_c6f83d66ce3d1e079f11': {'state': 'PRESENT', 'expected_state': 'PRESENT', 'payload_exact': True, 'physical_payload_sha256': 'cd6f66e643e0e10724abcf6655845ed5b480f3a087d473531b51e27148b64c83', 'frozen_payload_sha256': 'cd6f66e643e0e10724abcf6655845ed5b480f3a087d473531b51e27148b64c83'}, 'cand_1f420ce5268e234e658c': {'state': 'PRESENT', 'expected_state': 'PRESENT', 'payload_exact': True, 'physical_payload_sha256': 'eb673a8ffdae84c1b9bea049e97ceebc476e9e9b6f7db6d6630219ab09719eba', 'frozen_payload_sha256': 'eb673a8ffdae84c1b9bea049e97ceebc476e9e9b6f7db6d6630219ab09719eba'}, 'cand_93041865e5a926191d54': {'state': 'PRESENT', 'expected_state': 'PRESENT', 'payload_exact': True, 'physical_payload_sha256': 'deb46428bae407481bede8e0a266e57147fd154296089a7dafd319abe644d89d', 'frozen_payload_sha256': 'deb46428bae407481bede8e0a266e57147fd154296089a7dafd319abe644d89d'}, 'cand_560443d79842b416ea0d': {'state': 'PRESENT', 'expected_state': 'PRESENT', 'payload_exact': True, 'physical_payload_sha256': 'fa9a17b12dcb8dde4a30217312b569839465badf672114a013a865e04fba7435', 'frozen_payload_sha256': 'fa9a17b12dcb8dde4a30217312b569839465badf672114a013a865e04fba7435'}, 'cand_0fdc909a2a3cf9718db9': {'state': 'PRESENT', 'expected_state': 'PRESENT', 'payload_exact': True, 'physical_payload_sha256': '38dabac647b4558b9603f53c304fd1e40c83fbededf2673ff13c6f70b3d40daa', 'frozen_payload_sha256': '38dabac647b4558b9603f53c304fd1e40c83fbededf2673ff13c6f70b3d40daa'}, 'cand_7531356383a7948fede1': {'state': 'PRESENT', 'expected_state': 'PRESENT', 'payload_exact': True, 'physical_payload_sha256': '9dc66e18b96447cca55280033660186cd59b6f86c07e29d88ee34fb840232599', 'frozen_payload_sha256': '9dc66e18b96447cca55280033660186cd59b6f86c07e29d88ee34fb840232599'}, 'cand_850ffdf5fc1ceee3e08d': {'state': 'PRESENT', 'expected_state': 'PRESENT', 'payload_exact': True, 'physical_payload_sha256': '454d59861034c0f3e55889b8176b61864ebf485e14d7422ef505d18749170a4a', 'frozen_payload_sha256': '454d59861034c0f3e55889b8176b61864ebf485e14d7422ef505d18749170a4a'}, 'cand_9a47b4882350bf5fccf9': {'state': 'PRESENT', 'expected_state': 'PRESENT', 'payload_exact': True, 'physical_payload_sha256': '6572aa9c7b3f76ba408b01f2ecd52339c6e8d3fa11be261185717cfbbb5b97c4', 'frozen_payload_sha256': '6572aa9c7b3f76ba408b01f2ecd52339c6e8d3fa11be261185717cfbbb5b97c4'}, 'cand_835deeb29a9e7947a98b': {'state': 'PRESENT', 'expected_state': 'PRESENT', 'payload_exact': True, 'physical_payload_sha256': '350fcc8b0194d7a40b43e82a0a08d53a472551766b14dc9c4ca8c2459e17b267', 'frozen_payload_sha256': '350fcc8b0194d7a40b43e82a0a08d53a472551766b14dc9c4ca8c2459e17b267'}, 'cand_b6cafc68143c6fa37e85': {'state': 'PRESENT', 'expected_state': 'PRESENT', 'payload_exact': True, 'physical_payload_sha256': '29c9fe4704d536feecc86b629c457d6df83408d06860142b94d569a68758791e', 'frozen_payload_sha256': '29c9fe4704d536feecc86b629c457d6df83408d06860142b94d569a68758791e'}, 'cand_f002ec4adfff3911240b': {'state': 'PRESENT', 'expected_state': 'PRESENT', 'payload_exact': True, 'physical_payload_sha256': '8ca28e1f85b64f132176f5f38374a69f3322425f8b16b86cf39d130402b884f9', 'frozen_payload_sha256': '8ca28e1f85b64f132176f5f38374a69f3322425f8b16b86cf39d130402b884f9'}, 'cand_d17d4fee04bca1295fdb': {'state': 'PRESENT', 'expected_state': 'PRESENT', 'payload_exact': True, 'physical_payload_sha256': 'dec1ac93145cb624fd3569ef6a0af3dca4deeb7bfca21e1811405f5e3daf82a7', 'frozen_payload_sha256': 'dec1ac93145cb624fd3569ef6a0af3dca4deeb7bfca21e1811405f5e3daf82a7'}, 'cand_044e770ab213d0ef37b1': {'state': 'PRESENT', 'expected_state': 'PRESENT', 'payload_exact': True, 'physical_payload_sha256': 'abc9e64b0b818e7bc3606393d9c314d90411a0f003ebb6c9b4dcd356f5012470', 'frozen_payload_sha256': 'abc9e64b0b818e7bc3606393d9c314d90411a0f003ebb6c9b4dcd356f5012470'}, 'cand_cfb64b0bf69c059cd760': {'state': 'PRESENT', 'expected_state': 'PRESENT', 'payload_exact': True, 'physical_payload_sha256': 'd2c7e6b524e9299a2de172dc211a93037689aa5ff879872033b6e822e7f528e7', 'frozen_payload_sha256': 'd2c7e6b524e9299a2de172dc211a93037689aa5ff879872033b6e822e7f528e7'}, 'cand_6505783b203dc0346b49': {'state': 'PRESENT', 'expected_state': 'PRESENT', 'payload_exact': True, 'physical_payload_sha256': '6896fbf912c5723a264a33f528327dc096d0a3c3e9d030737631e1ce25674ee5', 'frozen_payload_sha256': '6896fbf912c5723a264a33f528327dc096d0a3c3e9d030737631e1ce25674ee5'}, 'cand_7b08320f31dae1c5e9f4': {'state': 'PRESENT', 'expected_state': 'PRESENT', 'payload_exact': True, 'physical_payload_sha256': 'd41be836e2a6efd614aa13d34f71356cb5ba9ec5b176d535ec80380e23704192', 'frozen_payload_sha256': 'd41be836e2a6efd614aa13d34f71356cb5ba9ec5b176d535ec80380e23704192'}, 'cand_e95bcd15c94c80f62716': {'state': 'PRESENT', 'expected_state': 'PRESENT', 'payload_exact': True, 'physical_payload_sha256': '250c3e1841ff733b2e82365c0f0ca578cbc1bc3227f500bfa9a26da1735c68e6', 'frozen_payload_sha256': '250c3e1841ff733b2e82365c0f0ca578cbc1bc3227f500bfa9a26da1735c68e6'}, 'cand_5e3a909effbf6f7d6e21': {'state': 'PRESENT', 'expected_state': 'PRESENT', 'payload_exact': True, 'physical_payload_sha256': '474438e654486f2b902952f26e6822f901b4bcc414a399b700babe023f62a832', 'frozen_payload_sha256': '474438e654486f2b902952f26e6822f901b4bcc414a399b700babe023f62a832'}, 'cand_cf35fb1b66d3371735fd': {'state': 'PRESENT', 'expected_state': 'PRESENT', 'payload_exact': True, 'physical_payload_sha256': '2b1ed3268f5b988b1a1bbebabde8ecf735f68253dcb5132bcdfc5b3301d11cd6', 'frozen_payload_sha256': '2b1ed3268f5b988b1a1bbebabde8ecf735f68253dcb5132bcdfc5b3301d11cd6'}, 'cand_663a31a8fc0678a2324b': {'state': 'PRESENT', 'expected_state': 'PRESENT', 'payload_exact': True, 'physical_payload_sha256': '45559b268894fb49c7203540eb1a961f5771681514a9b54c26ea610755552522', 'frozen_payload_sha256': '45559b268894fb49c7203540eb1a961f5771681514a9b54c26ea610755552522'}, 'cand_bb3c9704bc50457d0385': {'state': 'PRESENT', 'expected_state': 'PRESENT', 'payload_exact': True, 'physical_payload_sha256': '807d7ef3d439765478ee73f4d3d640640f540ff6cbc2073a717e857f54a4af55', 'frozen_payload_sha256': '807d7ef3d439765478ee73f4d3d640640f540ff6cbc2073a717e857f54a4af55'}, 'cand_a658273d38918de4ed71': {'state': 'PRESENT', 'expected_state': 'PRESENT', 'payload_exact': True, 'physical_payload_sha256': 'df03012caf96b062c1e1e52b072ee5e27d2adf18ded929c8a81d56b9adfd1352', 'frozen_payload_sha256': 'df03012caf96b062c1e1e52b072ee5e27d2adf18ded929c8a81d56b9adfd1352'}, 'cand_9e3965b9e6ab7faacc4e': {'state': 'PRESENT', 'expected_state': 'PRESENT', 'payload_exact': True, 'physical_payload_sha256': '523bce3aa5df3c32aa9dfa75b8391ee3d4d6463d77b66a5b6f9333935a94a0b6', 'frozen_payload_sha256': '523bce3aa5df3c32aa9dfa75b8391ee3d4d6463d77b66a5b6f9333935a94a0b6'}, 'cand_2bea04f8b2c85ff2a4e0': {'state': 'PRESENT', 'expected_state': 'PRESENT', 'payload_exact': True, 'physical_payload_sha256': '1d960444a0064f162c810e3f98ccbdbc2e73b8b6d2dda00b936a85f3178ddd42', 'frozen_payload_sha256': '1d960444a0064f162c810e3f98ccbdbc2e73b8b6d2dda00b936a85f3178ddd42'}, 'cand_d033eb981110aa21d3df': {'state': 'PRESENT', 'expected_state': 'PRESENT', 'payload_exact': True, 'physical_payload_sha256': 'c55e4ba7266c1861690788e5696a7f6263bffb4b0ac3a9ec7db2a763ee913425', 'frozen_payload_sha256': 'c55e4ba7266c1861690788e5696a7f6263bffb4b0ac3a9ec7db2a763ee913425'}, 'cand_0ef1e644231e36b17de7': {'state': 'PRESENT', 'expected_state': 'PRESENT', 'payload_exact': True, 'physical_payload_sha256': 'c2cae727bd0a0c7c5fa9c9d3f1898a8315091a73dc4704a4c5d5262035097619', 'frozen_payload_sha256': 'c2cae727bd0a0c7c5fa9c9d3f1898a8315091a73dc4704a4c5d5262035097619'}, 'cand_dd4fa07161dcf5def8eb': {'state': 'PRESENT', 'expected_state': 'PRESENT', 'payload_exact': True, 'physical_payload_sha256': 'ec4ce01840d97c64b7e4b0332a1666b9cb3258397502d5913b13a4e7a3e4214e', 'frozen_payload_sha256': 'ec4ce01840d97c64b7e4b0332a1666b9cb3258397502d5913b13a4e7a3e4214e'}, 'cand_d102d0d6903dbc44935f': {'state': 'PRESENT', 'expected_state': 'PRESENT', 'payload_exact': True, 'physical_payload_sha256': 'c2d2b0b1e00b9f5400b2642bc28e6e12b88c53a513826db1b62676c03d955637', 'frozen_payload_sha256': 'c2d2b0b1e00b9f5400b2642bc28e6e12b88c53a513826db1b62676c03d955637'}}}"
physical,30000,final-31,5,False,0.005584380000072997,0.18911947299784515,0.2947906929985038,0.010393398995802272,0.20509725199372042,0.4998879449922242,133257250.37696595,95f8e4b3fee5dbdad1e21090fc47b2ca406228c2c77feffdc2baee116e2cdc79,1963,"{'all_payloads_match': True, 'exact_payload_count': 31, 'states': {'cand_f94acad130c4ac5b3553': {'state': 'PRESENT', 'expected_state': 'PRESENT', 'payload_exact': True, 'physical_payload_sha256': '1b4de28601248f5348e6aaa6f6256f718496eb0835c8567f278c7f73ee34e982', 'frozen_payload_sha256': '1b4de28601248f5348e6aaa6f6256f718496eb0835c8567f278c7f73ee34e982'}, 'cand_6ca6020979af5e5766a4': {'state': 'PRESENT', 'expected_state': 'PRESENT', 'payload_exact': True, 'physical_payload_sha256': 'a957bb6303ac901d173581fe078a62136b2dfd05b9dcd4a032e8785b2548616c', 'frozen_payload_sha256': 'a957bb6303ac901d173581fe078a62136b2dfd05b9dcd4a032e8785b2548616c'}, 'cand_c6f83d66ce3d1e079f11': {'state': 'PRESENT', 'expected_state': 'PRESENT', 'payload_exact': True, 'physical_payload_sha256': 'cd6f66e643e0e10724abcf6655845ed5b480f3a087d473531b51e27148b64c83', 'frozen_payload_sha256': 'cd6f66e643e0e10724abcf6655845ed5b480f3a087d473531b51e27148b64c83'}, 'cand_1f420ce5268e234e658c': {'state': 'PRESENT', 'expected_state': 'PRESENT', 'payload_exact': True, 'physical_payload_sha256': 'eb673a8ffdae84c1b9bea049e97ceebc476e9e9b6f7db6d6630219ab09719eba', 'frozen_payload_sha256': 'eb673a8ffdae84c1b9bea049e97ceebc476e9e9b6f7db6d6630219ab09719eba'}, 'cand_93041865e5a926191d54': {'state': 'PRESENT', 'expected_state': 'PRESENT', 'payload_exact': True, 'physical_payload_sha256': 'deb46428bae407481bede8e0a266e57147fd154296089a7dafd319abe644d89d', 'frozen_payload_sha256': 'deb46428bae407481bede8e0a266e57147fd154296089a7dafd319abe644d89d'}, 'cand_560443d79842b416ea0d': {'state': 'PRESENT', 'expected_state': 'PRESENT', 'payload_exact': True, 'physical_payload_sha256': 'fa9a17b12dcb8dde4a30217312b569839465badf672114a013a865e04fba7435', 'frozen_payload_sha256': 'fa9a17b12dcb8dde4a30217312b569839465badf672114a013a865e04fba7435'}, 'cand_0fdc909a2a3cf9718db9': {'state': 'PRESENT', 'expected_state': 'PRESENT', 'payload_exact': True, 'physical_payload_sha256': '38dabac647b4558b9603f53c304fd1e40c83fbededf2673ff13c6f70b3d40daa', 'frozen_payload_sha256': '38dabac647b4558b9603f53c304fd1e40c83fbededf2673ff13c6f70b3d40daa'}, 'cand_7531356383a7948fede1': {'state': 'PRESENT', 'expected_state': 'PRESENT', 'payload_exact': True, 'physical_payload_sha256': '9dc66e18b96447cca55280033660186cd59b6f86c07e29d88ee34fb840232599', 'frozen_payload_sha256': '9dc66e18b96447cca55280033660186cd59b6f86c07e29d88ee34fb840232599'}, 'cand_850ffdf5fc1ceee3e08d': {'state': 'PRESENT', 'expected_state': 'PRESENT', 'payload_exact': True, 'physical_payload_sha256': '454d59861034c0f3e55889b8176b61864ebf485e14d7422ef505d18749170a4a', 'frozen_payload_sha256': '454d59861034c0f3e55889b8176b61864ebf485e14d7422ef505d18749170a4a'}, 'cand_9a47b4882350bf5fccf9': {'state': 'PRESENT', 'expected_state': 'PRESENT', 'payload_exact': True, 'physical_payload_sha256': '6572aa9c7b3f76ba408b01f2ecd52339c6e8d3fa11be261185717cfbbb5b97c4', 'frozen_payload_sha256': '6572aa9c7b3f76ba408b01f2ecd52339c6e8d3fa11be261185717cfbbb5b97c4'}, 'cand_835deeb29a9e7947a98b': {'state': 'PRESENT', 'expected_state': 'PRESENT', 'payload_exact': True, 'physical_payload_sha256': '350fcc8b0194d7a40b43e82a0a08d53a472551766b14dc9c4ca8c2459e17b267', 'frozen_payload_sha256': '350fcc8b0194d7a40b43e82a0a08d53a472551766b14dc9c4ca8c2459e17b267'}, 'cand_b6cafc68143c6fa37e85': {'state': 'PRESENT', 'expected_state': 'PRESENT', 'payload_exact': True, 'physical_payload_sha256': '29c9fe4704d536feecc86b629c457d6df83408d06860142b94d569a68758791e', 'frozen_payload_sha256': '29c9fe4704d536feecc86b629c457d6df83408d06860142b94d569a68758791e'}, 'cand_f002ec4adfff3911240b': {'state': 'PRESENT', 'expected_state': 'PRESENT', 'payload_exact': True, 'physical_payload_sha256': '8ca28e1f85b64f132176f5f38374a69f3322425f8b16b86cf39d130402b884f9', 'frozen_payload_sha256': '8ca28e1f85b64f132176f5f38374a69f3322425f8b16b86cf39d130402b884f9'}, 'cand_d17d4fee04bca1295fdb': {'state': 'PRESENT', 'expected_state': 'PRESENT', 'payload_exact': True, 'physical_payload_sha256': 'dec1ac93145cb624fd3569ef6a0af3dca4deeb7bfca21e1811405f5e3daf82a7', 'frozen_payload_sha256': 'dec1ac93145cb624fd3569ef6a0af3dca4deeb7bfca21e1811405f5e3daf82a7'}, 'cand_044e770ab213d0ef37b1': {'state': 'PRESENT', 'expected_state': 'PRESENT', 'payload_exact': True, 'physical_payload_sha256': 'abc9e64b0b818e7bc3606393d9c314d90411a0f003ebb6c9b4dcd356f5012470', 'frozen_payload_sha256': 'abc9e64b0b818e7bc3606393d9c314d90411a0f003ebb6c9b4dcd356f5012470'}, 'cand_cfb64b0bf69c059cd760': {'state': 'PRESENT', 'expected_state': 'PRESENT', 'payload_exact': True, 'physical_payload_sha256': 'd2c7e6b524e9299a2de172dc211a93037689aa5ff879872033b6e822e7f528e7', 'frozen_payload_sha256': 'd2c7e6b524e9299a2de172dc211a93037689aa5ff879872033b6e822e7f528e7'}, 'cand_6505783b203dc0346b49': {'state': 'PRESENT', 'expected_state': 'PRESENT', 'payload_exact': True, 'physical_payload_sha256': '6896fbf912c5723a264a33f528327dc096d0a3c3e9d030737631e1ce25674ee5', 'frozen_payload_sha256': '6896fbf912c5723a264a33f528327dc096d0a3c3e9d030737631e1ce25674ee5'}, 'cand_7b08320f31dae1c5e9f4': {'state': 'PRESENT', 'expected_state': 'PRESENT', 'payload_exact': True, 'physical_payload_sha256': 'd41be836e2a6efd614aa13d34f71356cb5ba9ec5b176d535ec80380e23704192', 'frozen_payload_sha256': 'd41be836e2a6efd614aa13d34f71356cb5ba9ec5b176d535ec80380e23704192'}, 'cand_e95bcd15c94c80f62716': {'state': 'PRESENT', 'expected_state': 'PRESENT', 'payload_exact': True, 'physical_payload_sha256': '250c3e1841ff733b2e82365c0f0ca578cbc1bc3227f500bfa9a26da1735c68e6', 'frozen_payload_sha256': '250c3e1841ff733b2e82365c0f0ca578cbc1bc3227f500bfa9a26da1735c68e6'}, 'cand_5e3a909effbf6f7d6e21': {'state': 'PRESENT', 'expected_state': 'PRESENT', 'payload_exact': True, 'physical_payload_sha256': '474438e654486f2b902952f26e6822f901b4bcc414a399b700babe023f62a832', 'frozen_payload_sha256': '474438e654486f2b902952f26e6822f901b4bcc414a399b700babe023f62a832'}, 'cand_cf35fb1b66d3371735fd': {'state': 'PRESENT', 'expected_state': 'PRESENT', 'payload_exact': True, 'physical_payload_sha256': '2b1ed3268f5b988b1a1bbebabde8ecf735f68253dcb5132bcdfc5b3301d11cd6', 'frozen_payload_sha256': '2b1ed3268f5b988b1a1bbebabde8ecf735f68253dcb5132bcdfc5b3301d11cd6'}, 'cand_663a31a8fc0678a2324b': {'state': 'PRESENT', 'expected_state': 'PRESENT', 'payload_exact': True, 'physical_payload_sha256': '45559b268894fb49c7203540eb1a961f5771681514a9b54c26ea610755552522', 'frozen_payload_sha256': '45559b268894fb49c7203540eb1a961f5771681514a9b54c26ea610755552522'}, 'cand_bb3c9704bc50457d0385': {'state': 'PRESENT', 'expected_state': 'PRESENT', 'payload_exact': True, 'physical_payload_sha256': '807d7ef3d439765478ee73f4d3d640640f540ff6cbc2073a717e857f54a4af55', 'frozen_payload_sha256': '807d7ef3d439765478ee73f4d3d640640f540ff6cbc2073a717e857f54a4af55'}, 'cand_a658273d38918de4ed71': {'state': 'PRESENT', 'expected_state': 'PRESENT', 'payload_exact': True, 'physical_payload_sha256': 'df03012caf96b062c1e1e52b072ee5e27d2adf18ded929c8a81d56b9adfd1352', 'frozen_payload_sha256': 'df03012caf96b062c1e1e52b072ee5e27d2adf18ded929c8a81d56b9adfd1352'}, 'cand_9e3965b9e6ab7faacc4e': {'state': 'PRESENT', 'expected_state': 'PRESENT', 'payload_exact': True, 'physical_payload_sha256': '523bce3aa5df3c32aa9dfa75b8391ee3d4d6463d77b66a5b6f9333935a94a0b6', 'frozen_payload_sha256': '523bce3aa5df3c32aa9dfa75b8391ee3d4d6463d77b66a5b6f9333935a94a0b6'}, 'cand_2bea04f8b2c85ff2a4e0': {'state': 'PRESENT', 'expected_state': 'PRESENT', 'payload_exact': True, 'physical_payload_sha256': '1d960444a0064f162c810e3f98ccbdbc2e73b8b6d2dda00b936a85f3178ddd42', 'frozen_payload_sha256': '1d960444a0064f162c810e3f98ccbdbc2e73b8b6d2dda00b936a85f3178ddd42'}, 'cand_d033eb981110aa21d3df': {'state': 'PRESENT', 'expected_state': 'PRESENT', 'payload_exact': True, 'physical_payload_sha256': 'c55e4ba7266c1861690788e5696a7f6263bffb4b0ac3a9ec7db2a763ee913425', 'frozen_payload_sha256': 'c55e4ba7266c1861690788e5696a7f6263bffb4b0ac3a9ec7db2a763ee913425'}, 'cand_0ef1e644231e36b17de7': {'state': 'PRESENT', 'expected_state': 'PRESENT', 'payload_exact': True, 'physical_payload_sha256': 'c2cae727bd0a0c7c5fa9c9d3f1898a8315091a73dc4704a4c5d5262035097619', 'frozen_payload_sha256': 'c2cae727bd0a0c7c5fa9c9d3f1898a8315091a73dc4704a4c5d5262035097619'}, 'cand_dd4fa07161dcf5def8eb': {'state': 'PRESENT', 'expected_state': 'PRESENT', 'payload_exact': True, 'physical_payload_sha256': 'ec4ce01840d97c64b7e4b0332a1666b9cb3258397502d5913b13a4e7a3e4214e', 'frozen_payload_sha256': 'ec4ce01840d97c64b7e4b0332a1666b9cb3258397502d5913b13a4e7a3e4214e'}, 'cand_5400d6d245a511006593': {'state': 'PRESENT', 'expected_state': 'PRESENT', 'payload_exact': True, 'physical_payload_sha256': '72aa31da7902c9d0e64635533487e1bd177635d8598c451a6e89f77888f6f564', 'frozen_payload_sha256': '72aa31da7902c9d0e64635533487e1bd177635d8598c451a6e89f77888f6f564'}, 'cand_d102d0d6903dbc44935f': {'state': 'PRESENT', 'expected_state': 'PRESENT', 'payload_exact': True, 'physical_payload_sha256': 'c2d2b0b1e00b9f5400b2642bc28e6e12b88c53a513826db1b62676c03d955637', 'frozen_payload_sha256': 'c2d2b0b1e00b9f5400b2642bc28e6e12b88c53a513826db1b62676c03d955637'}}}"
hypothetical,30000,empty,1,False,,,0.22891386300034355,,,0.22909968200110598,81776753.29332289,5b68e50ef3dc61e9cafe77b46e9e8b6c8a18b97f62d60d1cc3acfd369a6238c2,1963,
hypothetical,30000,prefix-01,1,False,,,0.23491314800048713,,,0.23524043299403274,112264351.17240727,da687475a33b3e39aa81cf9f6bfd4ef2b3990f60324eef1c0a42d1afdaaf4e07,1963,
hypothetical,30000,prefix-05,1,False,,,0.24253811899689026,,,0.2427864920027787,133360320.24741,abf90a695dfeff1b4b099780e054cc837c03f167c4ec6e541a63965c3fa85621,1963,
hypothetical,30000,prefix-16,1,False,,,0.2652562820003368,,,0.265471022001293,133257263.69363861,8a1809eb0565da996ced9f480461f3db8a64ae044e6d430a04dbfb288af3d8e6,1963,
hypothetical,30000,prefix-30,1,False,,,0.2852251860022079,,,0.2854909440065967,133257250.37696595,95f8e4b3fee5dbdad1e21090fc47b2ca406228c2c77feffdc2baee116e2cdc79,1963,
hypothetical,30000,final-31,1,False,,,0.2652349940035492,,,0.2655594400057453,133257250.37696595,95f8e4b3fee5dbdad1e21090fc47b2ca406228c2c77feffdc2baee116e2cdc79,1963,
hypothetical,30000,empty,2,False,,,0.23911934500210918,,,0.239386752997234,81776753.29332289,5b68e50ef3dc61e9cafe77b46e9e8b6c8a18b97f62d60d1cc3acfd369a6238c2,1963,
hypothetical,30000,prefix-01,2,False,,,0.25402027500240365,,,0.25429166000685655,112264351.17240727,da687475a33b3e39aa81cf9f6bfd4ef2b3990f60324eef1c0a42d1afdaaf4e07,1963,
hypothetical,30000,prefix-05,2,False,,,0.2851588220000849,,,0.2853848829981871,133360320.24741,abf90a695dfeff1b4b099780e054cc837c03f167c4ec6e541a63965c3fa85621,1963,
hypothetical,30000,prefix-16,2,False,,,0.3057959639991168,,,0.3061838329958846,133257263.69363861,8a1809eb0565da996ced9f480461f3db8a64ae044e6d430a04dbfb288af3d8e6,1963,
hypothetical,30000,prefix-30,2,False,,,0.3130232809999143,,,0.3132726690018899,133257250.37696595,95f8e4b3fee5dbdad1e21090fc47b2ca406228c2c77feffdc2baee116e2cdc79,1963,
hypothetical,30000,final-31,2,False,,,0.30583485300303437,,,0.30613896300201304,133257250.37696595,95f8e4b3fee5dbdad1e21090fc47b2ca406228c2c77feffdc2baee116e2cdc79,1963,
hypothetical,30000,empty,3,False,,,0.2697752500025672,,,0.270012550005049,81776753.29332289,5b68e50ef3dc61e9cafe77b46e9e8b6c8a18b97f62d60d1cc3acfd369a6238c2,1963,
hypothetical,30000,prefix-01,3,False,,,0.2758678919999511,,,0.276162646994635,112264351.17240727,da687475a33b3e39aa81cf9f6bfd4ef2b3990f60324eef1c0a42d1afdaaf4e07,1963,
hypothetical,30000,prefix-05,3,False,,,0.3022655509994365,,,0.3025351309988764,133360320.24741,abf90a695dfeff1b4b099780e054cc837c03f167c4ec6e541a63965c3fa85621,1963,
hypothetical,30000,prefix-16,3,False,,,0.3249209450004855,,,0.325183039996773,133257263.69363861,8a1809eb0565da996ced9f480461f3db8a64ae044e6d430a04dbfb288af3d8e6,1963,
hypothetical,30000,prefix-30,3,False,,,0.3379571390032652,,,0.33824406600615475,133257250.37696595,95f8e4b3fee5dbdad1e21090fc47b2ca406228c2c77feffdc2baee116e2cdc79,1963,
hypothetical,30000,final-31,3,False,,,0.3360078900004737,,,0.33642847800365416,133257250.37696595,95f8e4b3fee5dbdad1e21090fc47b2ca406228c2c77feffdc2baee116e2cdc79,1963,
hypothetical,30000,empty,4,False,,,0.2985805119969882,,,0.2988412619961309,81776753.29332289,5b68e50ef3dc61e9cafe77b46e9e8b6c8a18b97f62d60d1cc3acfd369a6238c2,1963,
hypothetical,30000,prefix-01,4,False,,,0.2957204720005393,,,0.2960781029978534,112264351.17240727,da687475a33b3e39aa81cf9f6bfd4ef2b3990f60324eef1c0a42d1afdaaf4e07,1963,
hypothetical,30000,prefix-05,4,False,,,0.3080008659962914,,,0.3082635999962804,133360320.24741,abf90a695dfeff1b4b099780e054cc837c03f167c4ec6e541a63965c3fa85621,1963,
hypothetical,30000,prefix-16,4,False,,,0.3138467609969666,,,0.3141774319956312,133257263.69363861,8a1809eb0565da996ced9f480461f3db8a64ae044e6d430a04dbfb288af3d8e6,1963,
hypothetical,30000,prefix-30,4,False,,,0.306348601996433,,,0.30688494599598926,133257250.37696595,95f8e4b3fee5dbdad1e21090fc47b2ca406228c2c77feffdc2baee116e2cdc79,1963,
hypothetical,30000,final-31,4,False,,,0.27490358499926515,,,0.2751605320008821,133257250.37696595,95f8e4b3fee5dbdad1e21090fc47b2ca406228c2c77feffdc2baee116e2cdc79,1963,
hypothetical,30000,empty,5,False,,,0.25465302499651443,,,0.2549775459992816,81776753.29332289,5b68e50ef3dc61e9cafe77b46e9e8b6c8a18b97f62d60d1cc3acfd369a6238c2,1963,
hypothetical,30000,prefix-01,5,False,,,0.24724667899863562,,,0.2475001799975871,112264351.17240727,da687475a33b3e39aa81cf9f6bfd4ef2b3990f60324eef1c0a42d1afdaaf4e07,1963,
hypothetical,30000,prefix-05,5,False,,,0.249803332000738,,,0.2500737830050639,133360320.24741,abf90a695dfeff1b4b099780e054cc837c03f167c4ec6e541a63965c3fa85621,1963,
hypothetical,30000,prefix-16,5,False,,,0.28746694500296144,,,0.2877461360039888,133257263.69363861,8a1809eb0565da996ced9f480461f3db8a64ae044e6d430a04dbfb288af3d8e6,1963,
hypothetical,30000,prefix-30,5,False,,,0.2710657830029959,,,0.2713457589998143,133257250.37696595,95f8e4b3fee5dbdad1e21090fc47b2ca406228c2c77feffdc2baee116e2cdc79,1963,
hypothetical,30000,final-31,5,False,,,0.2808291780020227,,,0.2811293190025026,133257250.37696595,95f8e4b3fee5dbdad1e21090fc47b2ca406228c2c77feffdc2baee116e2cdc79,1963,
physical,60000,empty,1,False,2.143002348020673e-06,0.0629241579954396,0.2571429000017815,0.008159826997143682,0.0710861279949313,0.32822902799671283,47377906.75903602,e56435357b66d22eb8116dda1e92437d83ac898ef695a3eee4c0e412db84e71e,1963,"{'all_payloads_match': True, 'exact_payload_count': 0}"
physical,60000,prefix-01,1,False,0.002489654994860757,0.06487226600438589,0.2708807379967766,0.010497955001483206,0.07785987600072986,0.34874061399750644,51101068.88451451,869af75cffc00146d9b543742a1896271ac4ccc7bf6c4834026d3a927e9778f7,1963,"{'all_payloads_match': False, 'exact_payload_count': 0, 'states': {'cand_f94acad130c4ac5b3553': {'state': 'PRESENT', 'expected_state': 'PRESENT', 'payload_exact': False, 'physical_payload_sha256': '748cee1618cb38147e44a93cd45a16abd280e47c8fac1190a38729ccb5c6329a', 'frozen_payload_sha256': '348c8dcc3f8e4bb419792cf6dc8f79bad4b29b7c92309191bb9174651a95cf9f'}}}"
physical,60000,prefix-05,1,False,0.001200473001517821,0.08345366400317289,0.2795907710024039,0.010038903004897293,0.094693040009588,0.37428381101199193,49162048.86796053,8816ca664d78750d5c7b6d7a95fb8e2fd7f2bd1aa550935bb3686d9064a78cc1,1963,"{'all_payloads_match': False, 'exact_payload_count': 0, 'states': {'cand_f94acad130c4ac5b3553': {'state': 'PRESENT', 'expected_state': 'PRESENT', 'payload_exact': False, 'physical_payload_sha256': 'b76cc757ffad5081a5112603950173450ec3bd1b9a7c670af3ecafb2baeeaa18', 'frozen_payload_sha256': '348c8dcc3f8e4bb419792cf6dc8f79bad4b29b7c92309191bb9174651a95cf9f'}, 'cand_6ca6020979af5e5766a4': {'state': 'PRESENT', 'expected_state': 'PRESENT', 'payload_exact': False, 'physical_payload_sha256': '14878631755ab3d601e6ea895ce2686042843dd5d6b47364158a384ca86bd8bb', 'frozen_payload_sha256': 'efa2bfe39973c84e389049c089d09c3b23baa34d77043d5978b835ec0cacc161'}, 'cand_c6f83d66ce3d1e079f11': {'state': 'PRESENT', 'expected_state': 'PRESENT', 'payload_exact': False, 'physical_payload_sha256': 'b3bfb04dc2069858ec6dd73688f7cb7ab48a52d621417692f8ad99453911d41f', 'frozen_payload_sha256': '2cb05987ec047bd41f0f701af9cbe2c7d06760490597744d907d1893386206d4'}, 'cand_1f420ce5268e234e658c': {'state': 'PRESENT', 'expected_state': 'PRESENT', 'payload_exact': False, 'physical_payload_sha256': '3802ed44b696d9fb6beea18dfd5a36f62234937d270eb396165164fb6c64274c', 'frozen_payload_sha256': '5f6d115ccbf8cf03540b9222c68720032bae762beedcbb44d02555547194f187'}, 'cand_bb3c9704bc50457d0385': {'state': 'PRESENT', 'expected_state': 'PRESENT', 'payload_exact': False, 'physical_payload_sha256': 'ab6c40b1a0fd91a1317269ddb8137fbd0b1b1a088a057c65b950f9d7c4eb25d6', 'frozen_payload_sha256': '077f3348eee1cfc37bf96d3cfc75a6cadfafb3309ea0e3d667c91c1743aac661'}}}"
physical,60000,prefix-16,1,False,0.0030543210014002398,0.13079452899546595,0.28262142399762524,0.011279537007794715,0.1451283870046609,0.42774981100228615,45405765.51231427,cf72f872a380717c8f0b47fea072014f7614e385f9a7220ff88ae39b1acdf2db,1963,"{'all_payloads_match': False, 'exact_payload_count': 3, 'states': {'cand_f94acad130c4ac5b3553': {'state': 'PRESENT', 'expected_state': 'PRESENT', 'payload_exact': False, 'physical_payload_sha256': '35195d2e61e4fc35b2b1f48800815f9c58aa74786a811a81dfd2dbd0d7290f94', 'frozen_payload_sha256': '348c8dcc3f8e4bb419792cf6dc8f79bad4b29b7c92309191bb9174651a95cf9f'}, 'cand_6ca6020979af5e5766a4': {'state': 'PRESENT', 'expected_state': 'PRESENT', 'payload_exact': True, 'physical_payload_sha256': 'efa2bfe39973c84e389049c089d09c3b23baa34d77043d5978b835ec0cacc161', 'frozen_payload_sha256': 'efa2bfe39973c84e389049c089d09c3b23baa34d77043d5978b835ec0cacc161'}, 'cand_c6f83d66ce3d1e079f11': {'state': 'PRESENT', 'expected_state': 'PRESENT', 'payload_exact': False, 'physical_payload_sha256': '8e433a83a50cadcc45055cffa2c1df4aad88db6b845f4a4028c5f44878fa4fab', 'frozen_payload_sha256': '2cb05987ec047bd41f0f701af9cbe2c7d06760490597744d907d1893386206d4'}, 'cand_1f420ce5268e234e658c': {'state': 'PRESENT', 'expected_state': 'PRESENT', 'payload_exact': False, 'physical_payload_sha256': '128cfa02bca82c03e77925f4c9327d1e01db5e5ee2d04ee5a7e725b200675bd2', 'frozen_payload_sha256': '5f6d115ccbf8cf03540b9222c68720032bae762beedcbb44d02555547194f187'}, 'cand_93041865e5a926191d54': {'state': 'PRESENT', 'expected_state': 'PRESENT', 'payload_exact': False, 'physical_payload_sha256': 'c49597966b6b8338f4d938f201037cd03c639ea3dd42633390f0fa251e989747', 'frozen_payload_sha256': 'b67df8ecfe123d1adb94f40f4eb420b3350dddc002e6d8259fd32011e7acfd62'}, 'cand_560443d79842b416ea0d': {'state': 'PRESENT', 'expected_state': 'PRESENT', 'payload_exact': False, 'physical_payload_sha256': '5f1ac947dc21307b1414a11317bb66d386109141c4f950bb5d825ba69864185d', 'frozen_payload_sha256': 'd42afd30abaf76482f80aa16e672786b7d1ca060861d14076db14b4a068ddfd2'}, 'cand_0fdc909a2a3cf9718db9': {'state': 'PRESENT', 'expected_state': 'PRESENT', 'payload_exact': False, 'physical_payload_sha256': '837e9cce2b58dc24c4f75994fc1c51766182b92f4fd7e8016a63bc55aa9855a7', 'frozen_payload_sha256': 'ce4da41cb61ca77cd84d3ec0467cbf88633839813149a07f1725d5a2e408e94c'}, 'cand_7531356383a7948fede1': {'state': 'PRESENT', 'expected_state': 'PRESENT', 'payload_exact': False, 'physical_payload_sha256': '6332841b6ff8d3379aa375f911afdefe75b5ec87a8b60a42a1e01e8f0069dfe6', 'frozen_payload_sha256': '317daf6b6d91c773c9563bfedcf038703469c59fa06d5f951e67892fd394f606'}, 'cand_850ffdf5fc1ceee3e08d': {'state': 'PRESENT', 'expected_state': 'PRESENT', 'payload_exact': True, 'physical_payload_sha256': '454d59861034c0f3e55889b8176b61864ebf485e14d7422ef505d18749170a4a', 'frozen_payload_sha256': '454d59861034c0f3e55889b8176b61864ebf485e14d7422ef505d18749170a4a'}, 'cand_cfb64b0bf69c059cd760': {'state': 'PRESENT', 'expected_state': 'PRESENT', 'payload_exact': False, 'physical_payload_sha256': '2aeaad90479b1f44bc13c9ba57d3eb7da0d82a4d277f4c6f8879faa49150c71b', 'frozen_payload_sha256': '77a06ec1b4b55a35bc7a2109e2a107abd1a337894e5632ddf8edeb170245d56a'}, 'cand_663a31a8fc0678a2324b': {'state': 'PRESENT', 'expected_state': 'PRESENT', 'payload_exact': False, 'physical_payload_sha256': 'c1939b16217450d73e8508006f2843e2c328dd86f25e56a57c226a90bbba664a', 'frozen_payload_sha256': '8bb8a3b0d26b35e47cf45118feaea5be1442fcb6d840061e5754ebfd96ba9abb'}, 'cand_bb3c9704bc50457d0385': {'state': 'PRESENT', 'expected_state': 'PRESENT', 'payload_exact': False, 'physical_payload_sha256': 'c72ee8a3ec3240a0e5bbf3511ede7d196302f4db52444b388a502e09fc814e51', 'frozen_payload_sha256': '077f3348eee1cfc37bf96d3cfc75a6cadfafb3309ea0e3d667c91c1743aac661'}, 'cand_9e3965b9e6ab7faacc4e': {'state': 'PRESENT', 'expected_state': 'PRESENT', 'payload_exact': False, 'physical_payload_sha256': '523bce3aa5df3c32aa9dfa75b8391ee3d4d6463d77b66a5b6f9333935a94a0b6', 'frozen_payload_sha256': '649fb44ed9f328780449cc1567836952ca7be5838a4f97e4c462990cf3b5f1fd'}, 'cand_2bea04f8b2c85ff2a4e0': {'state': 'PRESENT', 'expected_state': 'PRESENT', 'payload_exact': False, 'physical_payload_sha256': '685a3d35b680ebb9fbd74f52a0197440cb494cf2f95034ce2d0cce775fd1eec9', 'frozen_payload_sha256': 'b6ddecbea14e9d656b09d7966d76bf89161655658b19db5f784c7f8bcfc0d307'}, 'cand_0ef1e644231e36b17de7': {'state': 'PRESENT', 'expected_state': 'PRESENT', 'payload_exact': False, 'physical_payload_sha256': 'cf8d8059fb728ae8156f03e578b0b76b2c551b582b8d9a7399eaba2b238cd8af', 'frozen_payload_sha256': '0c689934e64907d227809512e09120892458bf362dc9c69e97e978212f6e44d0'}, 'cand_dd4fa07161dcf5def8eb': {'state': 'PRESENT', 'expected_state': 'PRESENT', 'payload_exact': True, 'physical_payload_sha256': 'd4a100e580a3beb1e20f89796de798e1a62a6b66138203dccfcb39c54abb4b75', 'frozen_payload_sha256': 'd4a100e580a3beb1e20f89796de798e1a62a6b66138203dccfcb39c54abb4b75'}}}"
physical,60000,prefix-30,1,False,0.004443685000296682,0.2044989260029979,0.2786669359993539,0.009637064998969436,0.21857967600226402,0.4972466120016179,89108484.16914493,c8f48a6388caf1bff9ec4424795e59bf6cba808ab078cab8d235d088d40e1c86,1963,"{'all_payloads_match': False, 'exact_payload_count': 5, 'states': {'cand_f94acad130c4ac5b3553': {'state': 'PRESENT', 'expected_state': 'PRESENT', 'payload_exact': False, 'physical_payload_sha256': 'f04784cdd8bae4d2cfbb40dd4f1ff0ae806a3103994ac494e8e99e27f70e3312', 'frozen_payload_sha256': '348c8dcc3f8e4bb419792cf6dc8f79bad4b29b7c92309191bb9174651a95cf9f'}, 'cand_6ca6020979af5e5766a4': {'state': 'PRESENT', 'expected_state': 'PRESENT', 'payload_exact': False, 'physical_payload_sha256': '14878631755ab3d601e6ea895ce2686042843dd5d6b47364158a384ca86bd8bb', 'frozen_payload_sha256': 'efa2bfe39973c84e389049c089d09c3b23baa34d77043d5978b835ec0cacc161'}, 'cand_c6f83d66ce3d1e079f11': {'state': 'PRESENT', 'expected_state': 'PRESENT', 'payload_exact': False, 'physical_payload_sha256': '3a27ae67ad68e7d68d340142185365a5d10d0d9ec12f92c532f0a49c0aa63d20', 'frozen_payload_sha256': '2cb05987ec047bd41f0f701af9cbe2c7d06760490597744d907d1893386206d4'}, 'cand_1f420ce5268e234e658c': {'state': 'PRESENT', 'expected_state': 'PRESENT', 'payload_exact': False, 'physical_payload_sha256': '2d25fedefa86e53aec3385a36bf31553560f977d293a02b4a57c3f9a9bdd7200', 'frozen_payload_sha256': '5f6d115ccbf8cf03540b9222c68720032bae762beedcbb44d02555547194f187'}, 'cand_93041865e5a926191d54': {'state': 'PRESENT', 'expected_state': 'PRESENT', 'payload_exact': False, 'physical_payload_sha256': 'badc7d546b3a5b202804067fa66a491333c5f4d23ae39f9bc32c504cbbe62c11', 'frozen_payload_sha256': 'b67df8ecfe123d1adb94f40f4eb420b3350dddc002e6d8259fd32011e7acfd62'}, 'cand_560443d79842b416ea0d': {'state': 'PRESENT', 'expected_state': 'PRESENT', 'payload_exact': False, 'physical_payload_sha256': '72ac25038db69d6250ec2f38e2f203d5d92f370cf0011d8cd1a27926b41cdd54', 'frozen_payload_sha256': 'd42afd30abaf76482f80aa16e672786b7d1ca060861d14076db14b4a068ddfd2'}, 'cand_0fdc909a2a3cf9718db9': {'state': 'PRESENT', 'expected_state': 'PRESENT', 'payload_exact': False, 'physical_payload_sha256': 'd76f9809b7e4aaf86c515eb3c8ba9cec7844a7696fb96f9bf4134baad3013167', 'frozen_payload_sha256': 'ce4da41cb61ca77cd84d3ec0467cbf88633839813149a07f1725d5a2e408e94c'}, 'cand_7531356383a7948fede1': {'state': 'PRESENT', 'expected_state': 'PRESENT', 'payload_exact': False, 'physical_payload_sha256': '88e8246b9b62351ca50b4e8498104e60efcf60cd9bdc4c59329b1931451c9176', 'frozen_payload_sha256': '317daf6b6d91c773c9563bfedcf038703469c59fa06d5f951e67892fd394f606'}, 'cand_850ffdf5fc1ceee3e08d': {'state': 'PRESENT', 'expected_state': 'PRESENT', 'payload_exact': True, 'physical_payload_sha256': '454d59861034c0f3e55889b8176b61864ebf485e14d7422ef505d18749170a4a', 'frozen_payload_sha256': '454d59861034c0f3e55889b8176b61864ebf485e14d7422ef505d18749170a4a'}, 'cand_9a47b4882350bf5fccf9': {'state': 'PRESENT', 'expected_state': 'PRESENT', 'payload_exact': True, 'physical_payload_sha256': '6572aa9c7b3f76ba408b01f2ecd52339c6e8d3fa11be261185717cfbbb5b97c4', 'frozen_payload_sha256': '6572aa9c7b3f76ba408b01f2ecd52339c6e8d3fa11be261185717cfbbb5b97c4'}, 'cand_835deeb29a9e7947a98b': {'state': 'PRESENT', 'expected_state': 'PRESENT', 'payload_exact': True, 'physical_payload_sha256': '350fcc8b0194d7a40b43e82a0a08d53a472551766b14dc9c4ca8c2459e17b267', 'frozen_payload_sha256': '350fcc8b0194d7a40b43e82a0a08d53a472551766b14dc9c4ca8c2459e17b267'}, 'cand_b6cafc68143c6fa37e85': {'state': 'PRESENT', 'expected_state': 'PRESENT', 'payload_exact': True, 'physical_payload_sha256': '29c9fe4704d536feecc86b629c457d6df83408d06860142b94d569a68758791e', 'frozen_payload_sha256': '29c9fe4704d536feecc86b629c457d6df83408d06860142b94d569a68758791e'}, 'cand_f002ec4adfff3911240b': {'state': 'PRESENT', 'expected_state': 'PRESENT', 'payload_exact': True, 'physical_payload_sha256': '8ca28e1f85b64f132176f5f38374a69f3322425f8b16b86cf39d130402b884f9', 'frozen_payload_sha256': '8ca28e1f85b64f132176f5f38374a69f3322425f8b16b86cf39d130402b884f9'}, 'cand_d17d4fee04bca1295fdb': {'state': 'PRESENT', 'expected_state': 'PRESENT', 'payload_exact': False, 'physical_payload_sha256': '17de1c46310a30d206068c472a595c7e20e4ebe4383c27654a4b062cc5873750', 'frozen_payload_sha256': '76d6ac5d257e7d629dd40dac7f4df31b6afa7cd5f78213fd7b5877ea698c0cff'}, 'cand_044e770ab213d0ef37b1': {'state': 'PRESENT', 'expected_state': 'PRESENT', 'payload_exact': False, 'physical_payload_sha256': 'e10b0b7af5d9f6439b7dced5b1a3d3d04e5f20a65dfcc4b15b5598fed969b2c4', 'frozen_payload_sha256': 'a4643c81d0bbdeeff55bd5af299ec8b701fddf4b58bccdccf63364e56f3efec9'}, 'cand_cfb64b0bf69c059cd760': {'state': 'PRESENT', 'expected_state': 'PRESENT', 'payload_exact': False, 'physical_payload_sha256': '1be09c5b8ae0b6c2c43f12a2a5cbe88597e3fba9d41950831275d56dc0aaa9eb', 'frozen_payload_sha256': '77a06ec1b4b55a35bc7a2109e2a107abd1a337894e5632ddf8edeb170245d56a'}, 'cand_6505783b203dc0346b49': {'state': 'PRESENT', 'expected_state': 'PRESENT', 'payload_exact': False, 'physical_payload_sha256': '328f549a78b161e7590faf8e9ab48c5dfe3f18060ba327ae7e6f48c4888dc5a1', 'frozen_payload_sha256': '2ac34bb1e198457880f2c8c1777a9be44de186a43c643fc821cbbdbc52a2eb85'}, 'cand_7b08320f31dae1c5e9f4': {'state': 'PRESENT', 'expected_state': 'PRESENT', 'payload_exact': False, 'physical_payload_sha256': '9354a786cf7c26b345623fbab8db249bde0094aee4dc094c8a6bf87b54d8ecfe', 'frozen_payload_sha256': '34590ff396c3da7afc71438febcef566f01312571437efda2bd2307d62fa96d3'}, 'cand_e95bcd15c94c80f62716': {'state': 'PRESENT', 'expected_state': 'PRESENT', 'payload_exact': False, 'physical_payload_sha256': '15a37f7ccd1f499f31cb8f5397c23018d455bd98dd8ef928f198428831b3036f', 'frozen_payload_sha256': '855bae25320c7ef500e92c5dae7a0ad3fa34c6e91b08bf99c3514eec41a211fd'}, 'cand_5e3a909effbf6f7d6e21': {'state': 'PRESENT', 'expected_state': 'PRESENT', 'payload_exact': False, 'physical_payload_sha256': '01b0412aa50e98110553ca5933f23eb9ca25db0075470f6373324d675d2fc5b0', 'frozen_payload_sha256': '4600b66199d22a269d2c57b3a16753342ec0788979205796c6f7abe2e477cfb0'}, 'cand_cf35fb1b66d3371735fd': {'state': 'PRESENT', 'expected_state': 'PRESENT', 'payload_exact': False, 'physical_payload_sha256': '5eb241b18d2698e7b192b81c1adb70586aa931dc8a31426af91dd2985ed30f1f', 'frozen_payload_sha256': '1fa72add83fb87ead9666a8e9f20d2271cee71bbd91a030ee37b426c4bfcad54'}, 'cand_663a31a8fc0678a2324b': {'state': 'PRESENT', 'expected_state': 'PRESENT', 'payload_exact': False, 'physical_payload_sha256': '70ed2d6d88bc2d6845e6fd231ad1d0430e88106152dbcfd5597c65c7112ab7d9', 'frozen_payload_sha256': '8bb8a3b0d26b35e47cf45118feaea5be1442fcb6d840061e5754ebfd96ba9abb'}, 'cand_bb3c9704bc50457d0385': {'state': 'PRESENT', 'expected_state': 'PRESENT', 'payload_exact': False, 'physical_payload_sha256': 'ab6c40b1a0fd91a1317269ddb8137fbd0b1b1a088a057c65b950f9d7c4eb25d6', 'frozen_payload_sha256': '077f3348eee1cfc37bf96d3cfc75a6cadfafb3309ea0e3d667c91c1743aac661'}, 'cand_a658273d38918de4ed71': {'state': 'PRESENT', 'expected_state': 'PRESENT', 'payload_exact': False, 'physical_payload_sha256': '2742da55173c022017b6c1d3c90e276afea97e8356962826942907d53bf1f609', 'frozen_payload_sha256': '101ea86e36180af73ad6030c88f90300b3ae1cf8b22e521259e9ba8e5cbacfa4'}, 'cand_9e3965b9e6ab7faacc4e': {'state': 'PRESENT', 'expected_state': 'PRESENT', 'payload_exact': False, 'physical_payload_sha256': '523bce3aa5df3c32aa9dfa75b8391ee3d4d6463d77b66a5b6f9333935a94a0b6', 'frozen_payload_sha256': '649fb44ed9f328780449cc1567836952ca7be5838a4f97e4c462990cf3b5f1fd'}, 'cand_2bea04f8b2c85ff2a4e0': {'state': 'PRESENT', 'expected_state': 'PRESENT', 'payload_exact': False, 'physical_payload_sha256': '4be598572d18d28f6bfcd2b528ef1eccea44f4cd0afd1cf741ac2b7780963850', 'frozen_payload_sha256': 'b6ddecbea14e9d656b09d7966d76bf89161655658b19db5f784c7f8bcfc0d307'}, 'cand_d033eb981110aa21d3df': {'state': 'PRESENT', 'expected_state': 'PRESENT', 'payload_exact': False, 'physical_payload_sha256': '2134647eca919138d17d9e4032b72253b7f856be0cc7e137e48f46c02fd6a341', 'frozen_payload_sha256': '037a60cd1824505ccdccf7cabba581664b442a0eebfeaef5f1f2a80a6366be29'}, 'cand_0ef1e644231e36b17de7': {'state': 'PRESENT', 'expected_state': 'PRESENT', 'payload_exact': False, 'physical_payload_sha256': '4269168c27e93d7e428532837f889f3be4485eb4ec9434d39c0f01d2ea8b23bf', 'frozen_payload_sha256': '0c689934e64907d227809512e09120892458bf362dc9c69e97e978212f6e44d0'}, 'cand_dd4fa07161dcf5def8eb': {'state': 'PRESENT', 'expected_state': 'PRESENT', 'payload_exact': False, 'physical_payload_sha256': '6f9487e58636c6f706f6df4e520d360c6e8d66b50e3efe90cd4bbc1ea6a49f1b', 'frozen_payload_sha256': 'd4a100e580a3beb1e20f89796de798e1a62a6b66138203dccfcb39c54abb4b75'}, 'cand_d102d0d6903dbc44935f': {'state': 'PRESENT', 'expected_state': 'PRESENT', 'payload_exact': False, 'physical_payload_sha256': '3cc1917d714efb72900185d0feafb50704879dfaf9893e6410c6484232cd811d', 'frozen_payload_sha256': '510a673beacda7c55471e1a8e317e317e940299a18694b2e7c70f022126aad53'}}}"
physical,60000,final-31,1,False,0.004957374003424775,0.20000543399510207,0.27685743500478566,0.010077981991344132,0.21504078998987097,0.49189822499465663,48590261.16954867,a097f89b8d85c73e909a2bdbda486c0a78d17bbedc24c35a12edbc5a80aeeeb4,1963,"{'all_payloads_match': False, 'exact_payload_count': 5, 'states': {'cand_f94acad130c4ac5b3553': {'state': 'PRESENT', 'expected_state': 'PRESENT', 'payload_exact': False, 'physical_payload_sha256': '3037b934e0ff21764236375f6a744f5d972e967d80776ac63d92b966e00ec444', 'frozen_payload_sha256': '348c8dcc3f8e4bb419792cf6dc8f79bad4b29b7c92309191bb9174651a95cf9f'}, 'cand_6ca6020979af5e5766a4': {'state': 'PRESENT', 'expected_state': 'PRESENT', 'payload_exact': False, 'physical_payload_sha256': '14878631755ab3d601e6ea895ce2686042843dd5d6b47364158a384ca86bd8bb', 'frozen_payload_sha256': 'efa2bfe39973c84e389049c089d09c3b23baa34d77043d5978b835ec0cacc161'}, 'cand_c6f83d66ce3d1e079f11': {'state': 'PRESENT', 'expected_state': 'PRESENT', 'payload_exact': False, 'physical_payload_sha256': '955a86b64e9cf9758778722da233879315363b6b1ffa1be53d18514b49947221', 'frozen_payload_sha256': '2cb05987ec047bd41f0f701af9cbe2c7d06760490597744d907d1893386206d4'}, 'cand_1f420ce5268e234e658c': {'state': 'PRESENT', 'expected_state': 'PRESENT', 'payload_exact': False, 'physical_payload_sha256': 'd4e73a79d3c913d774cf6266b67be5e004336634ec935e7213a9806910347949', 'frozen_payload_sha256': '5f6d115ccbf8cf03540b9222c68720032bae762beedcbb44d02555547194f187'}, 'cand_93041865e5a926191d54': {'state': 'PRESENT', 'expected_state': 'PRESENT', 'payload_exact': False, 'physical_payload_sha256': '305912712bcbeeeb646ca3900c64fe11d2f7aa60a9660c46d9b5fc9fbbf548b4', 'frozen_payload_sha256': 'b67df8ecfe123d1adb94f40f4eb420b3350dddc002e6d8259fd32011e7acfd62'}, 'cand_560443d79842b416ea0d': {'state': 'PRESENT', 'expected_state': 'PRESENT', 'payload_exact': False, 'physical_payload_sha256': '410fb41baf6a3464015be9d31bbe13fea1e59698c58db453c83c153e1867598c', 'frozen_payload_sha256': 'd42afd30abaf76482f80aa16e672786b7d1ca060861d14076db14b4a068ddfd2'}, 'cand_0fdc909a2a3cf9718db9': {'state': 'PRESENT', 'expected_state': 'PRESENT', 'payload_exact': False, 'physical_payload_sha256': 'e3beedb4edd2a894a297054f5df241d27462985c6ee4cfdcb67687f849b75f39', 'frozen_payload_sha256': 'ce4da41cb61ca77cd84d3ec0467cbf88633839813149a07f1725d5a2e408e94c'}, 'cand_7531356383a7948fede1': {'state': 'PRESENT', 'expected_state': 'PRESENT', 'payload_exact': False, 'physical_payload_sha256': 'f55d27f310c8dc871aecc3f069b4813b293f89f42ab731ec9ea1a2bccdfaff73', 'frozen_payload_sha256': '317daf6b6d91c773c9563bfedcf038703469c59fa06d5f951e67892fd394f606'}, 'cand_850ffdf5fc1ceee3e08d': {'state': 'PRESENT', 'expected_state': 'PRESENT', 'payload_exact': True, 'physical_payload_sha256': '454d59861034c0f3e55889b8176b61864ebf485e14d7422ef505d18749170a4a', 'frozen_payload_sha256': '454d59861034c0f3e55889b8176b61864ebf485e14d7422ef505d18749170a4a'}, 'cand_9a47b4882350bf5fccf9': {'state': 'PRESENT', 'expected_state': 'PRESENT', 'payload_exact': True, 'physical_payload_sha256': '6572aa9c7b3f76ba408b01f2ecd52339c6e8d3fa11be261185717cfbbb5b97c4', 'frozen_payload_sha256': '6572aa9c7b3f76ba408b01f2ecd52339c6e8d3fa11be261185717cfbbb5b97c4'}, 'cand_835deeb29a9e7947a98b': {'state': 'PRESENT', 'expected_state': 'PRESENT', 'payload_exact': True, 'physical_payload_sha256': '350fcc8b0194d7a40b43e82a0a08d53a472551766b14dc9c4ca8c2459e17b267', 'frozen_payload_sha256': '350fcc8b0194d7a40b43e82a0a08d53a472551766b14dc9c4ca8c2459e17b267'}, 'cand_b6cafc68143c6fa37e85': {'state': 'PRESENT', 'expected_state': 'PRESENT', 'payload_exact': True, 'physical_payload_sha256': '29c9fe4704d536feecc86b629c457d6df83408d06860142b94d569a68758791e', 'frozen_payload_sha256': '29c9fe4704d536feecc86b629c457d6df83408d06860142b94d569a68758791e'}, 'cand_f002ec4adfff3911240b': {'state': 'PRESENT', 'expected_state': 'PRESENT', 'payload_exact': True, 'physical_payload_sha256': '8ca28e1f85b64f132176f5f38374a69f3322425f8b16b86cf39d130402b884f9', 'frozen_payload_sha256': '8ca28e1f85b64f132176f5f38374a69f3322425f8b16b86cf39d130402b884f9'}, 'cand_d17d4fee04bca1295fdb': {'state': 'PRESENT', 'expected_state': 'PRESENT', 'payload_exact': False, 'physical_payload_sha256': '0beff2fed5db8e1dd27f53e4a81cd06761a86653835c0a04f705fe1781876b6b', 'frozen_payload_sha256': '76d6ac5d257e7d629dd40dac7f4df31b6afa7cd5f78213fd7b5877ea698c0cff'}, 'cand_044e770ab213d0ef37b1': {'state': 'PRESENT', 'expected_state': 'PRESENT', 'payload_exact': False, 'physical_payload_sha256': '235dad499214d53634de5bd8736f3c3012eeb95e8efc191e3d6523f51fb3958e', 'frozen_payload_sha256': 'a4643c81d0bbdeeff55bd5af299ec8b701fddf4b58bccdccf63364e56f3efec9'}, 'cand_cfb64b0bf69c059cd760': {'state': 'PRESENT', 'expected_state': 'PRESENT', 'payload_exact': False, 'physical_payload_sha256': 'e7f1c380fc8e8b4f8b5eb3cdc6f820b4e3aae3949f58ecb19c56927db7d14281', 'frozen_payload_sha256': '77a06ec1b4b55a35bc7a2109e2a107abd1a337894e5632ddf8edeb170245d56a'}, 'cand_6505783b203dc0346b49': {'state': 'PRESENT', 'expected_state': 'PRESENT', 'payload_exact': False, 'physical_payload_sha256': '83618e9a570db114b96cae0e4256e5d41cb97728d478df6bd6a1dd4f42ac7cd5', 'frozen_payload_sha256': '2ac34bb1e198457880f2c8c1777a9be44de186a43c643fc821cbbdbc52a2eb85'}, 'cand_7b08320f31dae1c5e9f4': {'state': 'PRESENT', 'expected_state': 'PRESENT', 'payload_exact': False, 'physical_payload_sha256': 'ec367f42ce09247bdb8db0c9129317b6206a4839fc472f8f7162153b50493648', 'frozen_payload_sha256': '34590ff396c3da7afc71438febcef566f01312571437efda2bd2307d62fa96d3'}, 'cand_e95bcd15c94c80f62716': {'state': 'PRESENT', 'expected_state': 'PRESENT', 'payload_exact': False, 'physical_payload_sha256': 'fc2a7db260db9881958ebf41c6ba60521f14794573af7afb729ba5723e3ace8b', 'frozen_payload_sha256': '855bae25320c7ef500e92c5dae7a0ad3fa34c6e91b08bf99c3514eec41a211fd'}, 'cand_5e3a909effbf6f7d6e21': {'state': 'PRESENT', 'expected_state': 'PRESENT', 'payload_exact': False, 'physical_payload_sha256': '074da68a5b09b3daa66ca5b8f90c119f91eda2f3d33e709c2bfed6423bdd24dd', 'frozen_payload_sha256': '4600b66199d22a269d2c57b3a16753342ec0788979205796c6f7abe2e477cfb0'}, 'cand_cf35fb1b66d3371735fd': {'state': 'PRESENT', 'expected_state': 'PRESENT', 'payload_exact': False, 'physical_payload_sha256': 'ba71d5a229ca180bbddee056f4a5faa56e6bdb2acef7d79d33fdb6fdc087d60b', 'frozen_payload_sha256': '1fa72add83fb87ead9666a8e9f20d2271cee71bbd91a030ee37b426c4bfcad54'}, 'cand_663a31a8fc0678a2324b': {'state': 'PRESENT', 'expected_state': 'PRESENT', 'payload_exact': False, 'physical_payload_sha256': '146af1710e5a9c4ae9dfd7ebdfdced43f66464be361cfc2899b30ff2a8e49fc9', 'frozen_payload_sha256': '8bb8a3b0d26b35e47cf45118feaea5be1442fcb6d840061e5754ebfd96ba9abb'}, 'cand_bb3c9704bc50457d0385': {'state': 'PRESENT', 'expected_state': 'PRESENT', 'payload_exact': False, 'physical_payload_sha256': '8182fcf65207c9eb4bdbc82a4cdc1aeefdadb0a57360f16114a4f193788f6afa', 'frozen_payload_sha256': '077f3348eee1cfc37bf96d3cfc75a6cadfafb3309ea0e3d667c91c1743aac661'}, 'cand_a658273d38918de4ed71': {'state': 'PRESENT', 'expected_state': 'PRESENT', 'payload_exact': False, 'physical_payload_sha256': '1825ce9e07e5e62de5eee9276155f2cd6b8464d5ebe43c9391cc3b87736c7f1a', 'frozen_payload_sha256': '101ea86e36180af73ad6030c88f90300b3ae1cf8b22e521259e9ba8e5cbacfa4'}, 'cand_9e3965b9e6ab7faacc4e': {'state': 'PRESENT', 'expected_state': 'PRESENT', 'payload_exact': False, 'physical_payload_sha256': '973df838ea5ff628326945676eab8ad15798c7302eb23221446efa4a898cd367', 'frozen_payload_sha256': '649fb44ed9f328780449cc1567836952ca7be5838a4f97e4c462990cf3b5f1fd'}, 'cand_2bea04f8b2c85ff2a4e0': {'state': 'PRESENT', 'expected_state': 'PRESENT', 'payload_exact': False, 'physical_payload_sha256': 'cee5920cf6d2bb1c62a28777cd4ba09e5b6e6de20007a4ce21c26cea92a279d9', 'frozen_payload_sha256': 'b6ddecbea14e9d656b09d7966d76bf89161655658b19db5f784c7f8bcfc0d307'}, 'cand_d033eb981110aa21d3df': {'state': 'PRESENT', 'expected_state': 'PRESENT', 'payload_exact': False, 'physical_payload_sha256': '778f118fa1d72df4c4a119e512a3c3cf9498f3056e9b6a878c2d4da93bb35535', 'frozen_payload_sha256': '037a60cd1824505ccdccf7cabba581664b442a0eebfeaef5f1f2a80a6366be29'}, 'cand_0ef1e644231e36b17de7': {'state': 'PRESENT', 'expected_state': 'PRESENT', 'payload_exact': False, 'physical_payload_sha256': '9bd85c9172a95b3315a6880bf71acc99b52d742172c4fa1709acfd0d977dd248', 'frozen_payload_sha256': '0c689934e64907d227809512e09120892458bf362dc9c69e97e978212f6e44d0'}, 'cand_dd4fa07161dcf5def8eb': {'state': 'PRESENT', 'expected_state': 'PRESENT', 'payload_exact': False, 'physical_payload_sha256': '6f9487e58636c6f706f6df4e520d360c6e8d66b50e3efe90cd4bbc1ea6a49f1b', 'frozen_payload_sha256': 'd4a100e580a3beb1e20f89796de798e1a62a6b66138203dccfcb39c54abb4b75'}, 'cand_5400d6d245a511006593': {'state': 'PRESENT', 'expected_state': 'PRESENT', 'payload_exact': False, 'physical_payload_sha256': '78ccafa7c24751582d06757cb23e68e4b74bace6985992e2ec23c302190d775b', 'frozen_payload_sha256': '8960fa20a2b9bf2c1da9035dbb4e2e392958dcc0d110c644ba68dccb502274d8'}, 'cand_d102d0d6903dbc44935f': {'state': 'PRESENT', 'expected_state': 'PRESENT', 'payload_exact': False, 'physical_payload_sha256': '26a895db526b0b9478919735cd3addb9f63beb957a27b0c53848772332a3611c', 'frozen_payload_sha256': '510a673beacda7c55471e1a8e317e317e940299a18694b2e7c70f022126aad53'}}}"
physical,60000,empty,2,False,1.901003997772932e-06,0.06129552100173896,0.22510867399978451,0.008336301994859241,0.06963372400059598,0.2947423980003805,47577962.33112787,f7c308aa6766cd7f727d9d1193c749439bc7597fcd4b848caf2cb705ed24e4e3,1963,"{'all_payloads_match': True, 'exact_payload_count': 0}"
physical,60000,prefix-01,2,False,0.001622965995920822,0.0666216660029022,0.22855917700508144,0.009537908001220785,0.07778254000004381,0.30634171700512525,51339743.78965121,0d88a137ad32ad55ab08fb10f803a05cd9e95fe3d899969bfef80f8e3c108f57,1963,"{'all_payloads_match': False, 'exact_payload_count': 0, 'states': {'cand_f94acad130c4ac5b3553': {'state': 'PRESENT', 'expected_state': 'PRESENT', 'payload_exact': False, 'physical_payload_sha256': 'a7cbb72d83962e993541af6c6d55dec677e9d99be9c80c1b7744cecac7c94650', 'frozen_payload_sha256': '348c8dcc3f8e4bb419792cf6dc8f79bad4b29b7c92309191bb9174651a95cf9f'}}}"
physical,60000,prefix-05,2,False,0.0013680699994438328,0.07502354800089961,0.23365362400363665,0.008559524998418055,0.0849511429987615,0.31860476700239815,48885736.42032941,54dcc6b1ac9e4ae278bc52807220b02e7099f452d9453c162e5dcbba35125a46,1963,"{'all_payloads_match': False, 'exact_payload_count': 0, 'states': {'cand_f94acad130c4ac5b3553': {'state': 'PRESENT', 'expected_state': 'PRESENT', 'payload_exact': False, 'physical_payload_sha256': '44988f7711a53b223abe6d15eda6ed22452b86db9c330949ee98a4ca8b311be0', 'frozen_payload_sha256': '348c8dcc3f8e4bb419792cf6dc8f79bad4b29b7c92309191bb9174651a95cf9f'}, 'cand_6ca6020979af5e5766a4': {'state': 'PRESENT', 'expected_state': 'PRESENT', 'payload_exact': False, 'physical_payload_sha256': '14878631755ab3d601e6ea895ce2686042843dd5d6b47364158a384ca86bd8bb', 'frozen_payload_sha256': 'efa2bfe39973c84e389049c089d09c3b23baa34d77043d5978b835ec0cacc161'}, 'cand_c6f83d66ce3d1e079f11': {'state': 'PRESENT', 'expected_state': 'PRESENT', 'payload_exact': False, 'physical_payload_sha256': 'c44096334c2b01605ff05ef10aa4cb47defa7bb70d85107edac806b32a8a1cdd', 'frozen_payload_sha256': '2cb05987ec047bd41f0f701af9cbe2c7d06760490597744d907d1893386206d4'}, 'cand_1f420ce5268e234e658c': {'state': 'PRESENT', 'expected_state': 'PRESENT', 'payload_exact': False, 'physical_payload_sha256': 'bb779f848b26e092ba53e4aefa3cc97033e2294271007ae4820ceffd50e5ed98', 'frozen_payload_sha256': '5f6d115ccbf8cf03540b9222c68720032bae762beedcbb44d02555547194f187'}, 'cand_bb3c9704bc50457d0385': {'state': 'PRESENT', 'expected_state': 'PRESENT', 'payload_exact': False, 'physical_payload_sha256': '91eec373f476c7f50558fb5e6975ab7624b3c50ff1fba34ed1321f2e88f68d31', 'frozen_payload_sha256': '077f3348eee1cfc37bf96d3cfc75a6cadfafb3309ea0e3d667c91c1743aac661'}}}"
physical,60000,prefix-16,2,False,0.0025793550012167543,0.13155394900240935,0.2431950579994009,0.009424805000890046,0.14355810900451615,0.38675316700391704,46325059.08328494,6ced07c36cafa171c3f9036e8fdb737128eaf14270ede8ad60df63a90b0f9b2a,1963,"{'all_payloads_match': False, 'exact_payload_count': 2, 'states': {'cand_f94acad130c4ac5b3553': {'state': 'PRESENT', 'expected_state': 'PRESENT', 'payload_exact': False, 'physical_payload_sha256': '799f3fe07ad6a2d16b4d0d4c1caf8e016552e03fab3452c2d9a782990c63b958', 'frozen_payload_sha256': '348c8dcc3f8e4bb419792cf6dc8f79bad4b29b7c92309191bb9174651a95cf9f'}, 'cand_6ca6020979af5e5766a4': {'state': 'PRESENT', 'expected_state': 'PRESENT', 'payload_exact': True, 'physical_payload_sha256': 'efa2bfe39973c84e389049c089d09c3b23baa34d77043d5978b835ec0cacc161', 'frozen_payload_sha256': 'efa2bfe39973c84e389049c089d09c3b23baa34d77043d5978b835ec0cacc161'}, 'cand_c6f83d66ce3d1e079f11': {'state': 'PRESENT', 'expected_state': 'PRESENT', 'payload_exact': False, 'physical_payload_sha256': '1f60d72e87d5c46c5c597cb5a1e38b75816174ae166dfd593f4827161ec05182', 'frozen_payload_sha256': '2cb05987ec047bd41f0f701af9cbe2c7d06760490597744d907d1893386206d4'}, 'cand_1f420ce5268e234e658c': {'state': 'PRESENT', 'expected_state': 'PRESENT', 'payload_exact': False, 'physical_payload_sha256': '100a8b3d855a4fc2756b0d6b752d0def7375890db83739de6afe5af6ec474a7a', 'frozen_payload_sha256': '5f6d115ccbf8cf03540b9222c68720032bae762beedcbb44d02555547194f187'}, 'cand_93041865e5a926191d54': {'state': 'PRESENT', 'expected_state': 'PRESENT', 'payload_exact': False, 'physical_payload_sha256': '946b5a580a1f36de1c6dfb5e0d915530019f113e2b2939962a4c8efb6329c4f9', 'frozen_payload_sha256': 'b67df8ecfe123d1adb94f40f4eb420b3350dddc002e6d8259fd32011e7acfd62'}, 'cand_560443d79842b416ea0d': {'state': 'PRESENT', 'expected_state': 'PRESENT', 'payload_exact': False, 'physical_payload_sha256': 'd535a1a79ed6cf230f29f3e977a097c4d881265c2aedd1f415dd65ca9a326576', 'frozen_payload_sha256': 'd42afd30abaf76482f80aa16e672786b7d1ca060861d14076db14b4a068ddfd2'}, 'cand_0fdc909a2a3cf9718db9': {'state': 'PRESENT', 'expected_state': 'PRESENT', 'payload_exact': False, 'physical_payload_sha256': '92407d4e7880bd886561cc65247695b477b187ec5399c13f743122a331d44b30', 'frozen_payload_sha256': 'ce4da41cb61ca77cd84d3ec0467cbf88633839813149a07f1725d5a2e408e94c'}, 'cand_7531356383a7948fede1': {'state': 'PRESENT', 'expected_state': 'PRESENT', 'payload_exact': False, 'physical_payload_sha256': 'dd69301bf13da04def04b0510d3279ef6dd21a182428b920a0c7e6f25640fd6c', 'frozen_payload_sha256': '317daf6b6d91c773c9563bfedcf038703469c59fa06d5f951e67892fd394f606'}, 'cand_850ffdf5fc1ceee3e08d': {'state': 'PRESENT', 'expected_state': 'PRESENT', 'payload_exact': True, 'physical_payload_sha256': '454d59861034c0f3e55889b8176b61864ebf485e14d7422ef505d18749170a4a', 'frozen_payload_sha256': '454d59861034c0f3e55889b8176b61864ebf485e14d7422ef505d18749170a4a'}, 'cand_cfb64b0bf69c059cd760': {'state': 'PRESENT', 'expected_state': 'PRESENT', 'payload_exact': False, 'physical_payload_sha256': '4d0d41b86f128833193d821f2835d8730e96e12f82502d7858acf90e350bfba0', 'frozen_payload_sha256': '77a06ec1b4b55a35bc7a2109e2a107abd1a337894e5632ddf8edeb170245d56a'}, 'cand_663a31a8fc0678a2324b': {'state': 'PRESENT', 'expected_state': 'PRESENT', 'payload_exact': False, 'physical_payload_sha256': '57e9bfe487a592fdeb75b44c0759002e47f8189e4fe9e986ec82bc7303b6514f', 'frozen_payload_sha256': '8bb8a3b0d26b35e47cf45118feaea5be1442fcb6d840061e5754ebfd96ba9abb'}, 'cand_bb3c9704bc50457d0385': {'state': 'PRESENT', 'expected_state': 'PRESENT', 'payload_exact': False, 'physical_payload_sha256': 'ef649005ebf56c2a3e4c65c5e55efd13f9d9949c43a8d2f5f325670317dfb73d', 'frozen_payload_sha256': '077f3348eee1cfc37bf96d3cfc75a6cadfafb3309ea0e3d667c91c1743aac661'}, 'cand_9e3965b9e6ab7faacc4e': {'state': 'PRESENT', 'expected_state': 'PRESENT', 'payload_exact': False, 'physical_payload_sha256': '523bce3aa5df3c32aa9dfa75b8391ee3d4d6463d77b66a5b6f9333935a94a0b6', 'frozen_payload_sha256': '649fb44ed9f328780449cc1567836952ca7be5838a4f97e4c462990cf3b5f1fd'}, 'cand_2bea04f8b2c85ff2a4e0': {'state': 'PRESENT', 'expected_state': 'PRESENT', 'payload_exact': False, 'physical_payload_sha256': '14925007becd12b6904e2c3a355fcaa926cf34d8190c0755f5a4a1ee7baa902c', 'frozen_payload_sha256': 'b6ddecbea14e9d656b09d7966d76bf89161655658b19db5f784c7f8bcfc0d307'}, 'cand_0ef1e644231e36b17de7': {'state': 'PRESENT', 'expected_state': 'PRESENT', 'payload_exact': False, 'physical_payload_sha256': 'd78a0f2977edf36aef314552b539f8df01e8c15ad28e5bbfd92e6dd9887e4046', 'frozen_payload_sha256': '0c689934e64907d227809512e09120892458bf362dc9c69e97e978212f6e44d0'}, 'cand_dd4fa07161dcf5def8eb': {'state': 'PRESENT', 'expected_state': 'PRESENT', 'payload_exact': False, 'physical_payload_sha256': '9e896b7136397f69dc239c14b43ead5df23d40fa8b0479add652a939d7603c84', 'frozen_payload_sha256': 'd4a100e580a3beb1e20f89796de798e1a62a6b66138203dccfcb39c54abb4b75'}}}"
physical,60000,prefix-30,2,False,0.004353398995590396,0.18804761100182077,0.24935397499939427,0.010264284996083006,0.20266529499349417,0.45201926999288844,107522645.98159392,2fbf5df78c79c1d2ca92c7fdf83fa0307ec5f015f9e39139ab33f765b4dd6854,1963,"{'all_payloads_match': False, 'exact_payload_count': 5, 'states': {'cand_f94acad130c4ac5b3553': {'state': 'PRESENT', 'expected_state': 'PRESENT', 'payload_exact': False, 'physical_payload_sha256': '258b09ad3c24a96e4bdaa7437f267fac48c4bc998203fec3ec70f87268667488', 'frozen_payload_sha256': '348c8dcc3f8e4bb419792cf6dc8f79bad4b29b7c92309191bb9174651a95cf9f'}, 'cand_6ca6020979af5e5766a4': {'state': 'PRESENT', 'expected_state': 'PRESENT', 'payload_exact': False, 'physical_payload_sha256': '7e83f2cab98b315522d07c7d4c4eaa1a533ae658679153a2729388534758dc3e', 'frozen_payload_sha256': 'efa2bfe39973c84e389049c089d09c3b23baa34d77043d5978b835ec0cacc161'}, 'cand_c6f83d66ce3d1e079f11': {'state': 'PRESENT', 'expected_state': 'PRESENT', 'payload_exact': False, 'physical_payload_sha256': '675dd2390779b8b256885e0bd4b5f845bab66f557197c956c1967c7a7cbb306d', 'frozen_payload_sha256': '2cb05987ec047bd41f0f701af9cbe2c7d06760490597744d907d1893386206d4'}, 'cand_1f420ce5268e234e658c': {'state': 'PRESENT', 'expected_state': 'PRESENT', 'payload_exact': False, 'physical_payload_sha256': '0c3100dde0c23c2d1885cc96ea08cd048bc2fc55efa4405829a1340741ba3e03', 'frozen_payload_sha256': '5f6d115ccbf8cf03540b9222c68720032bae762beedcbb44d02555547194f187'}, 'cand_93041865e5a926191d54': {'state': 'PRESENT', 'expected_state': 'PRESENT', 'payload_exact': False, 'physical_payload_sha256': '8cf440cabc6a3558a7c175b9860475af7057b25c07d4a63c4956edbbd61129c2', 'frozen_payload_sha256': 'b67df8ecfe123d1adb94f40f4eb420b3350dddc002e6d8259fd32011e7acfd62'}, 'cand_560443d79842b416ea0d': {'state': 'PRESENT', 'expected_state': 'PRESENT', 'payload_exact': False, 'physical_payload_sha256': '034584125e7d273971e2863b7c5eb1a7372db65ad0cbe7b530a51fcbddcf5f0e', 'frozen_payload_sha256': 'd42afd30abaf76482f80aa16e672786b7d1ca060861d14076db14b4a068ddfd2'}, 'cand_0fdc909a2a3cf9718db9': {'state': 'PRESENT', 'expected_state': 'PRESENT', 'payload_exact': False, 'physical_payload_sha256': '320c52653a080a5e8cf39590f38069486d92452a938c78536eb60130818d4ad5', 'frozen_payload_sha256': 'ce4da41cb61ca77cd84d3ec0467cbf88633839813149a07f1725d5a2e408e94c'}, 'cand_7531356383a7948fede1': {'state': 'PRESENT', 'expected_state': 'PRESENT', 'payload_exact': False, 'physical_payload_sha256': '80a83ca5daeb8a3116ff16641c9d394ccfb6d3af28a9673f983b2d4874c87db7', 'frozen_payload_sha256': '317daf6b6d91c773c9563bfedcf038703469c59fa06d5f951e67892fd394f606'}, 'cand_850ffdf5fc1ceee3e08d': {'state': 'PRESENT', 'expected_state': 'PRESENT', 'payload_exact': True, 'physical_payload_sha256': '454d59861034c0f3e55889b8176b61864ebf485e14d7422ef505d18749170a4a', 'frozen_payload_sha256': '454d59861034c0f3e55889b8176b61864ebf485e14d7422ef505d18749170a4a'}, 'cand_9a47b4882350bf5fccf9': {'state': 'PRESENT', 'expected_state': 'PRESENT', 'payload_exact': True, 'physical_payload_sha256': '6572aa9c7b3f76ba408b01f2ecd52339c6e8d3fa11be261185717cfbbb5b97c4', 'frozen_payload_sha256': '6572aa9c7b3f76ba408b01f2ecd52339c6e8d3fa11be261185717cfbbb5b97c4'}, 'cand_835deeb29a9e7947a98b': {'state': 'PRESENT', 'expected_state': 'PRESENT', 'payload_exact': True, 'physical_payload_sha256': '350fcc8b0194d7a40b43e82a0a08d53a472551766b14dc9c4ca8c2459e17b267', 'frozen_payload_sha256': '350fcc8b0194d7a40b43e82a0a08d53a472551766b14dc9c4ca8c2459e17b267'}, 'cand_b6cafc68143c6fa37e85': {'state': 'PRESENT', 'expected_state': 'PRESENT', 'payload_exact': True, 'physical_payload_sha256': '29c9fe4704d536feecc86b629c457d6df83408d06860142b94d569a68758791e', 'frozen_payload_sha256': '29c9fe4704d536feecc86b629c457d6df83408d06860142b94d569a68758791e'}, 'cand_f002ec4adfff3911240b': {'state': 'PRESENT', 'expected_state': 'PRESENT', 'payload_exact': True, 'physical_payload_sha256': '8ca28e1f85b64f132176f5f38374a69f3322425f8b16b86cf39d130402b884f9', 'frozen_payload_sha256': '8ca28e1f85b64f132176f5f38374a69f3322425f8b16b86cf39d130402b884f9'}, 'cand_d17d4fee04bca1295fdb': {'state': 'PRESENT', 'expected_state': 'PRESENT', 'payload_exact': False, 'physical_payload_sha256': 'e6a91d3a60116d49ce7876b3ab91bf61786e2f72374f14210e26f97e165174b7', 'frozen_payload_sha256': '76d6ac5d257e7d629dd40dac7f4df31b6afa7cd5f78213fd7b5877ea698c0cff'}, 'cand_044e770ab213d0ef37b1': {'state': 'PRESENT', 'expected_state': 'PRESENT', 'payload_exact': False, 'physical_payload_sha256': 'f6f973eb12f3653a61c7ff5d5a1df7c54574d8673b71edd0ec773f17494950ee', 'frozen_payload_sha256': 'a4643c81d0bbdeeff55bd5af299ec8b701fddf4b58bccdccf63364e56f3efec9'}, 'cand_cfb64b0bf69c059cd760': {'state': 'PRESENT', 'expected_state': 'PRESENT', 'payload_exact': False, 'physical_payload_sha256': '68b23c80f620a8e04481fc0ba68a8493643c0af508925b1d13884be5fe6e53fa', 'frozen_payload_sha256': '77a06ec1b4b55a35bc7a2109e2a107abd1a337894e5632ddf8edeb170245d56a'}, 'cand_6505783b203dc0346b49': {'state': 'PRESENT', 'expected_state': 'PRESENT', 'payload_exact': False, 'physical_payload_sha256': 'b036204e20dcb820beb360efd3abe11803bf715212dde562855a2cd5c3a39512', 'frozen_payload_sha256': '2ac34bb1e198457880f2c8c1777a9be44de186a43c643fc821cbbdbc52a2eb85'}, 'cand_7b08320f31dae1c5e9f4': {'state': 'PRESENT', 'expected_state': 'PRESENT', 'payload_exact': False, 'physical_payload_sha256': '2d91bf4c22a37f07ce63c6beb845ba9bbd81706dab6cb7f8d3951a20533298a1', 'frozen_payload_sha256': '34590ff396c3da7afc71438febcef566f01312571437efda2bd2307d62fa96d3'}, 'cand_e95bcd15c94c80f62716': {'state': 'PRESENT', 'expected_state': 'PRESENT', 'payload_exact': False, 'physical_payload_sha256': 'b7df8113a135f915dcfcf101edf6032dde80b3b02b921524b2b36681df25e7a9', 'frozen_payload_sha256': '855bae25320c7ef500e92c5dae7a0ad3fa34c6e91b08bf99c3514eec41a211fd'}, 'cand_5e3a909effbf6f7d6e21': {'state': 'PRESENT', 'expected_state': 'PRESENT', 'payload_exact': False, 'physical_payload_sha256': '7c2e67b364a56c53860c2677e09dd6da6490a6fa0f56c1630c6119ef293632c1', 'frozen_payload_sha256': '4600b66199d22a269d2c57b3a16753342ec0788979205796c6f7abe2e477cfb0'}, 'cand_cf35fb1b66d3371735fd': {'state': 'PRESENT', 'expected_state': 'PRESENT', 'payload_exact': False, 'physical_payload_sha256': '2724899f9f49dd68e31cc40b05cc1c15da77de52214803f208b7a4f78e3de95a', 'frozen_payload_sha256': '1fa72add83fb87ead9666a8e9f20d2271cee71bbd91a030ee37b426c4bfcad54'}, 'cand_663a31a8fc0678a2324b': {'state': 'PRESENT', 'expected_state': 'PRESENT', 'payload_exact': False, 'physical_payload_sha256': 'a0a16a28640d8b06dcb3d9cc663ad6f7e7b8f9210aca2aeeb05f27bb3f7beb04', 'frozen_payload_sha256': '8bb8a3b0d26b35e47cf45118feaea5be1442fcb6d840061e5754ebfd96ba9abb'}, 'cand_bb3c9704bc50457d0385': {'state': 'PRESENT', 'expected_state': 'PRESENT', 'payload_exact': False, 'physical_payload_sha256': 'ce33723f5f8e33844ebe88b00aa446ec58c5930a4c2e547f63f0934183287986', 'frozen_payload_sha256': '077f3348eee1cfc37bf96d3cfc75a6cadfafb3309ea0e3d667c91c1743aac661'}, 'cand_a658273d38918de4ed71': {'state': 'PRESENT', 'expected_state': 'PRESENT', 'payload_exact': False, 'physical_payload_sha256': '2d92226cecda977b7a9357ff82ffee9c42996185942d5a389c68d4477cf72884', 'frozen_payload_sha256': '101ea86e36180af73ad6030c88f90300b3ae1cf8b22e521259e9ba8e5cbacfa4'}, 'cand_9e3965b9e6ab7faacc4e': {'state': 'PRESENT', 'expected_state': 'PRESENT', 'payload_exact': False, 'physical_payload_sha256': '446ca81df7fd3e2aaf15fb354eafddca812c6ce05bad5842ccb0a7a917695bc8', 'frozen_payload_sha256': '649fb44ed9f328780449cc1567836952ca7be5838a4f97e4c462990cf3b5f1fd'}, 'cand_2bea04f8b2c85ff2a4e0': {'state': 'PRESENT', 'expected_state': 'PRESENT', 'payload_exact': False, 'physical_payload_sha256': '0bf57393cdac79e628d29fee5bf9976aa9c98b1acb709c57c9e75b99108eb265', 'frozen_payload_sha256': 'b6ddecbea14e9d656b09d7966d76bf89161655658b19db5f784c7f8bcfc0d307'}, 'cand_d033eb981110aa21d3df': {'state': 'PRESENT', 'expected_state': 'PRESENT', 'payload_exact': False, 'physical_payload_sha256': 'cf22b907fd8311423e872435a1085238906b782b9e2833e2fba220994bd65401', 'frozen_payload_sha256': '037a60cd1824505ccdccf7cabba581664b442a0eebfeaef5f1f2a80a6366be29'}, 'cand_0ef1e644231e36b17de7': {'state': 'PRESENT', 'expected_state': 'PRESENT', 'payload_exact': False, 'physical_payload_sha256': '6bd44e446b89ac3a45656c24fb51f4f4154cf225e01c16f8f1246f566421ae50', 'frozen_payload_sha256': '0c689934e64907d227809512e09120892458bf362dc9c69e97e978212f6e44d0'}, 'cand_dd4fa07161dcf5def8eb': {'state': 'PRESENT', 'expected_state': 'PRESENT', 'payload_exact': False, 'physical_payload_sha256': '7eb5ca2cb869bd63a35c4d3690e308c812b1d95b6d5f72c8323ae9f2d1305ac1', 'frozen_payload_sha256': 'd4a100e580a3beb1e20f89796de798e1a62a6b66138203dccfcb39c54abb4b75'}, 'cand_d102d0d6903dbc44935f': {'state': 'PRESENT', 'expected_state': 'PRESENT', 'payload_exact': False, 'physical_payload_sha256': '3044640b4a7035ca80709e7cf0168bac8a84c17a35bd39d92f11d9305e2e0c86', 'frozen_payload_sha256': '510a673beacda7c55471e1a8e317e317e940299a18694b2e7c70f022126aad53'}}}"
physical,60000,final-31,2,False,0.0050555429988889955,0.19474022099893773,0.2514539030016749,0.00860337600170169,0.20839913999952842,0.45985304300120333,86081644.98445721,27a007eaa73901bb18e1ba7888f53e0ae3e96d3dec0f93c02f3f7ad42bf6f3b2,1963,"{'all_payloads_match': False, 'exact_payload_count': 6, 'states': {'cand_f94acad130c4ac5b3553': {'state': 'PRESENT', 'expected_state': 'PRESENT', 'payload_exact': False, 'physical_payload_sha256': '5304b6b97a8646f25ca072838257b59fca943b1697ccb07596403a09ec05a737', 'frozen_payload_sha256': '348c8dcc3f8e4bb419792cf6dc8f79bad4b29b7c92309191bb9174651a95cf9f'}, 'cand_6ca6020979af5e5766a4': {'state': 'PRESENT', 'expected_state': 'PRESENT', 'payload_exact': True, 'physical_payload_sha256': 'efa2bfe39973c84e389049c089d09c3b23baa34d77043d5978b835ec0cacc161', 'frozen_payload_sha256': 'efa2bfe39973c84e389049c089d09c3b23baa34d77043d5978b835ec0cacc161'}, 'cand_c6f83d66ce3d1e079f11': {'state': 'PRESENT', 'expected_state': 'PRESENT', 'payload_exact': False, 'physical_payload_sha256': '33e6fecc15bbe3b58efc880caf52244880bf3231600be00a4df77e014f80fe49', 'frozen_payload_sha256': '2cb05987ec047bd41f0f701af9cbe2c7d06760490597744d907d1893386206d4'}, 'cand_1f420ce5268e234e658c': {'state': 'PRESENT', 'expected_state': 'PRESENT', 'payload_exact': False, 'physical_payload_sha256': '827931abac6451ac8be55ee165b1cf1e6404e742e871dfe1bcf9cb331efb7378', 'frozen_payload_sha256': '5f6d115ccbf8cf03540b9222c68720032bae762beedcbb44d02555547194f187'}, 'cand_93041865e5a926191d54': {'state': 'PRESENT', 'expected_state': 'PRESENT', 'payload_exact': False, 'physical_payload_sha256': '8226a767e55e59806494f6d41c3f9c6ad69351aee6a13cfdbb93a7f312f06416', 'frozen_payload_sha256': 'b67df8ecfe123d1adb94f40f4eb420b3350dddc002e6d8259fd32011e7acfd62'}, 'cand_560443d79842b416ea0d': {'state': 'PRESENT', 'expected_state': 'PRESENT', 'payload_exact': False, 'physical_payload_sha256': '613d1e4be84478a611afbe834d490855be1b522b320e9bd6d0050e1d8725f4b6', 'frozen_payload_sha256': 'd42afd30abaf76482f80aa16e672786b7d1ca060861d14076db14b4a068ddfd2'}, 'cand_0fdc909a2a3cf9718db9': {'state': 'PRESENT', 'expected_state': 'PRESENT', 'payload_exact': False, 'physical_payload_sha256': '4c36031ece243b030865fe57c5f01d6a9692becaa0d4f1db5c61057b985697f0', 'frozen_payload_sha256': 'ce4da41cb61ca77cd84d3ec0467cbf88633839813149a07f1725d5a2e408e94c'}, 'cand_7531356383a7948fede1': {'state': 'PRESENT', 'expected_state': 'PRESENT', 'payload_exact': False, 'physical_payload_sha256': 'cb371e2a0111cc54bea390f6c7a0b1f6e3980991f7e96494ae9e0a48a913bd0b', 'frozen_payload_sha256': '317daf6b6d91c773c9563bfedcf038703469c59fa06d5f951e67892fd394f606'}, 'cand_850ffdf5fc1ceee3e08d': {'state': 'PRESENT', 'expected_state': 'PRESENT', 'payload_exact': True, 'physical_payload_sha256': '454d59861034c0f3e55889b8176b61864ebf485e14d7422ef505d18749170a4a', 'frozen_payload_sha256': '454d59861034c0f3e55889b8176b61864ebf485e14d7422ef505d18749170a4a'}, 'cand_9a47b4882350bf5fccf9': {'state': 'PRESENT', 'expected_state': 'PRESENT', 'payload_exact': True, 'physical_payload_sha256': '6572aa9c7b3f76ba408b01f2ecd52339c6e8d3fa11be261185717cfbbb5b97c4', 'frozen_payload_sha256': '6572aa9c7b3f76ba408b01f2ecd52339c6e8d3fa11be261185717cfbbb5b97c4'}, 'cand_835deeb29a9e7947a98b': {'state': 'PRESENT', 'expected_state': 'PRESENT', 'payload_exact': True, 'physical_payload_sha256': '350fcc8b0194d7a40b43e82a0a08d53a472551766b14dc9c4ca8c2459e17b267', 'frozen_payload_sha256': '350fcc8b0194d7a40b43e82a0a08d53a472551766b14dc9c4ca8c2459e17b267'}, 'cand_b6cafc68143c6fa37e85': {'state': 'PRESENT', 'expected_state': 'PRESENT', 'payload_exact': True, 'physical_payload_sha256': '29c9fe4704d536feecc86b629c457d6df83408d06860142b94d569a68758791e', 'frozen_payload_sha256': '29c9fe4704d536feecc86b629c457d6df83408d06860142b94d569a68758791e'}, 'cand_f002ec4adfff3911240b': {'state': 'PRESENT', 'expected_state': 'PRESENT', 'payload_exact': True, 'physical_payload_sha256': '8ca28e1f85b64f132176f5f38374a69f3322425f8b16b86cf39d130402b884f9', 'frozen_payload_sha256': '8ca28e1f85b64f132176f5f38374a69f3322425f8b16b86cf39d130402b884f9'}, 'cand_d17d4fee04bca1295fdb': {'state': 'PRESENT', 'expected_state': 'PRESENT', 'payload_exact': False, 'physical_payload_sha256': 'f0c2986ac13c0826f47907b931bd41484326d00b352455a7f82a8fe1869a977a', 'frozen_payload_sha256': '76d6ac5d257e7d629dd40dac7f4df31b6afa7cd5f78213fd7b5877ea698c0cff'}, 'cand_044e770ab213d0ef37b1': {'state': 'PRESENT', 'expected_state': 'PRESENT', 'payload_exact': False, 'physical_payload_sha256': '59e7fa03514a4a746c135dac3a884c6091c129c25271879c787f444c52bad9b0', 'frozen_payload_sha256': 'a4643c81d0bbdeeff55bd5af299ec8b701fddf4b58bccdccf63364e56f3efec9'}, 'cand_cfb64b0bf69c059cd760': {'state': 'PRESENT', 'expected_state': 'PRESENT', 'payload_exact': False, 'physical_payload_sha256': 'a7b0b24decaf522290dea81934d84309b2349d766652fae611453d874a321f77', 'frozen_payload_sha256': '77a06ec1b4b55a35bc7a2109e2a107abd1a337894e5632ddf8edeb170245d56a'}, 'cand_6505783b203dc0346b49': {'state': 'PRESENT', 'expected_state': 'PRESENT', 'payload_exact': False, 'physical_payload_sha256': 'b65b67acd062309dfe75f5a0be4de5262d1cd0c27ddfce9d945b0247d7afe72c', 'frozen_payload_sha256': '2ac34bb1e198457880f2c8c1777a9be44de186a43c643fc821cbbdbc52a2eb85'}, 'cand_7b08320f31dae1c5e9f4': {'state': 'PRESENT', 'expected_state': 'PRESENT', 'payload_exact': False, 'physical_payload_sha256': '9e8929dfc4820138bb319bb43d92571853f87eededea484409d07f977b8edfb9', 'frozen_payload_sha256': '34590ff396c3da7afc71438febcef566f01312571437efda2bd2307d62fa96d3'}, 'cand_e95bcd15c94c80f62716': {'state': 'PRESENT', 'expected_state': 'PRESENT', 'payload_exact': False, 'physical_payload_sha256': 'd0642c69018b8fba65124047b04c13a53c5cf7dd615f79899426ed59b12e1a19', 'frozen_payload_sha256': '855bae25320c7ef500e92c5dae7a0ad3fa34c6e91b08bf99c3514eec41a211fd'}, 'cand_5e3a909effbf6f7d6e21': {'state': 'PRESENT', 'expected_state': 'PRESENT', 'payload_exact': False, 'physical_payload_sha256': '6b97ccbe53747f6a8fef0e80c2464eb213cecb8437c81ffe2624c298372f6a47', 'frozen_payload_sha256': '4600b66199d22a269d2c57b3a16753342ec0788979205796c6f7abe2e477cfb0'}, 'cand_cf35fb1b66d3371735fd': {'state': 'PRESENT', 'expected_state': 'PRESENT', 'payload_exact': False, 'physical_payload_sha256': '94f1a6a271ec35f607633777bd25e8c36d02224edc4d189916eebd43478abaf1', 'frozen_payload_sha256': '1fa72add83fb87ead9666a8e9f20d2271cee71bbd91a030ee37b426c4bfcad54'}, 'cand_663a31a8fc0678a2324b': {'state': 'PRESENT', 'expected_state': 'PRESENT', 'payload_exact': False, 'physical_payload_sha256': '1fc6d85d03fcc288f26cd32a94275b6c4bb83e5233391525aed16ed5ff1bdc3f', 'frozen_payload_sha256': '8bb8a3b0d26b35e47cf45118feaea5be1442fcb6d840061e5754ebfd96ba9abb'}, 'cand_bb3c9704bc50457d0385': {'state': 'PRESENT', 'expected_state': 'PRESENT', 'payload_exact': False, 'physical_payload_sha256': 'b11638559666e97a02769b450641b26c1137a8e02f0d6dcca7b8313b8c9a760b', 'frozen_payload_sha256': '077f3348eee1cfc37bf96d3cfc75a6cadfafb3309ea0e3d667c91c1743aac661'}, 'cand_a658273d38918de4ed71': {'state': 'PRESENT', 'expected_state': 'PRESENT', 'payload_exact': False, 'physical_payload_sha256': '6aff2e284c0ec2f8f521a2dfd2a8abed5c7a4c884dffdccd3044a83ebb534540', 'frozen_payload_sha256': '101ea86e36180af73ad6030c88f90300b3ae1cf8b22e521259e9ba8e5cbacfa4'}, 'cand_9e3965b9e6ab7faacc4e': {'state': 'PRESENT', 'expected_state': 'PRESENT', 'payload_exact': False, 'physical_payload_sha256': '523bce3aa5df3c32aa9dfa75b8391ee3d4d6463d77b66a5b6f9333935a94a0b6', 'frozen_payload_sha256': '649fb44ed9f328780449cc1567836952ca7be5838a4f97e4c462990cf3b5f1fd'}, 'cand_2bea04f8b2c85ff2a4e0': {'state': 'PRESENT', 'expected_state': 'PRESENT', 'payload_exact': False, 'physical_payload_sha256': 'feed8ccb38d640664eee1fe051b1a31d6d7e700950215e1f285bc54e8b75c28f', 'frozen_payload_sha256': 'b6ddecbea14e9d656b09d7966d76bf89161655658b19db5f784c7f8bcfc0d307'}, 'cand_d033eb981110aa21d3df': {'state': 'PRESENT', 'expected_state': 'PRESENT', 'payload_exact': False, 'physical_payload_sha256': '588accce11068ffcd994a9de26fc39479efb341d45594dc57aed715fcb10b414', 'frozen_payload_sha256': '037a60cd1824505ccdccf7cabba581664b442a0eebfeaef5f1f2a80a6366be29'}, 'cand_0ef1e644231e36b17de7': {'state': 'PRESENT', 'expected_state': 'PRESENT', 'payload_exact': False, 'physical_payload_sha256': 'cbd7de9dc32507a370745f78ce7ce0dd017b7300b717baad92c5a9b29b520fbf', 'frozen_payload_sha256': '0c689934e64907d227809512e09120892458bf362dc9c69e97e978212f6e44d0'}, 'cand_dd4fa07161dcf5def8eb': {'state': 'PRESENT', 'expected_state': 'PRESENT', 'payload_exact': False, 'physical_payload_sha256': '69156b938076ac38b000db6c662c33d0ab43bc1735167cb8f62bdabd7cf19f25', 'frozen_payload_sha256': 'd4a100e580a3beb1e20f89796de798e1a62a6b66138203dccfcb39c54abb4b75'}, 'cand_5400d6d245a511006593': {'state': 'PRESENT', 'expected_state': 'PRESENT', 'payload_exact': False, 'physical_payload_sha256': '50c1e4e443d3d539663954e047ff36f8205242f9d82c6ff1b56f00e73389c442', 'frozen_payload_sha256': '8960fa20a2b9bf2c1da9035dbb4e2e392958dcc0d110c644ba68dccb502274d8'}, 'cand_d102d0d6903dbc44935f': {'state': 'PRESENT', 'expected_state': 'PRESENT', 'payload_exact': False, 'physical_payload_sha256': '55c879030f5b9c33a5c77944ada6c006e3e18408473277ee53b873254d268aaa', 'frozen_payload_sha256': '510a673beacda7c55471e1a8e317e317e940299a18694b2e7c70f022126aad53'}}}"
physical,60000,empty,3,False,2.1800005924887955e-06,0.065868521000084,0.2455711570000858,0.008699648002220783,0.07457034900289727,0.3201415060029831,47753600.91395415,9f3fffce905a487f78374254dd61cfc188077e3f4fd8d23537f54d1b0c69b5dc,1963,"{'all_payloads_match': True, 'exact_payload_count': 0}"
physical,60000,prefix-01,3,False,0.0024306900013471022,0.0678124689948163,0.23133421600505244,0.009283469000365585,0.07952662799652899,0.3108608440015814,49680497.54198626,3c545c766c99a51450f0e529d82127b2d40d3310ec825324cae1e69a182d3cb6,1963,"{'all_payloads_match': False, 'exact_payload_count': 0, 'states': {'cand_f94acad130c4ac5b3553': {'state': 'PRESENT', 'expected_state': 'PRESENT', 'payload_exact': False, 'physical_payload_sha256': '12fefcf706e599232e1f8d4349481ce002963918b59eb071c19fbb8dfa467604', 'frozen_payload_sha256': '348c8dcc3f8e4bb419792cf6dc8f79bad4b29b7c92309191bb9174651a95cf9f'}}}"
physical,60000,prefix-05,3,False,0.0013229269970906898,0.07798965799884172,0.25328317799721844,0.00949204000789905,0.08880462500383146,0.3420878030010499,81281258.78468841,7a6f11e094fcd557b62f0a4c27ed748c3ca484a99842948d4c09a0a8298700f3,1963,"{'all_payloads_match': False, 'exact_payload_count': 0, 'states': {'cand_f94acad130c4ac5b3553': {'state': 'PRESENT', 'expected_state': 'PRESENT', 'payload_exact': False, 'physical_payload_sha256': 'bece5d1172078f8c4a8fcd6aa4605f1d09758077e60d7b2b8da4470d14275c0c', 'frozen_payload_sha256': '348c8dcc3f8e4bb419792cf6dc8f79bad4b29b7c92309191bb9174651a95cf9f'}, 'cand_6ca6020979af5e5766a4': {'state': 'PRESENT', 'expected_state': 'PRESENT', 'payload_exact': False, 'physical_payload_sha256': 'b1997281cc99246b0d891a7b2ff01b2eb5eb7cd96f3bac6ec6b7c8884d8bd79b', 'frozen_payload_sha256': 'efa2bfe39973c84e389049c089d09c3b23baa34d77043d5978b835ec0cacc161'}, 'cand_c6f83d66ce3d1e079f11': {'state': 'PRESENT', 'expected_state': 'PRESENT', 'payload_exact': False, 'physical_payload_sha256': '2b200bb7330db5d665bcaf4cd95d0b7d1a0a9309a5e07fa4844b2a097ca2d839', 'frozen_payload_sha256': '2cb05987ec047bd41f0f701af9cbe2c7d06760490597744d907d1893386206d4'}, 'cand_1f420ce5268e234e658c': {'state': 'PRESENT', 'expected_state': 'PRESENT', 'payload_exact': False, 'physical_payload_sha256': '5e0098b4d66f9a9988a88cb41adfed2f7b3aa05540a65d576ad7da184fa0c01d', 'frozen_payload_sha256': '5f6d115ccbf8cf03540b9222c68720032bae762beedcbb44d02555547194f187'}, 'cand_bb3c9704bc50457d0385': {'state': 'PRESENT', 'expected_state': 'PRESENT', 'payload_exact': False, 'physical_payload_sha256': 'd3547905896e3bdc0b5516a67aa39a65ab0e35fc5ba0805db2aea5175afcf96c', 'frozen_payload_sha256': '077f3348eee1cfc37bf96d3cfc75a6cadfafb3309ea0e3d667c91c1743aac661'}}}"
physical,60000,prefix-16,3,False,0.0027116890050820075,0.1316801509965444,0.24839254000107758,0.014175193995470181,0.1485670339970966,0.39695957399817416,76498329.59756586,d3f12b1b196b55b804e4e1e1aecfb722212a7de57df813cf19daefb7926373b9,1963,"{'all_payloads_match': False, 'exact_payload_count': 1, 'states': {'cand_f94acad130c4ac5b3553': {'state': 'PRESENT', 'expected_state': 'PRESENT', 'payload_exact': False, 'physical_payload_sha256': '94a3e4988394bd1eec29316da2036efc199b96ca12b4d0ab40dd163664c6bbaa', 'frozen_payload_sha256': '348c8dcc3f8e4bb419792cf6dc8f79bad4b29b7c92309191bb9174651a95cf9f'}, 'cand_6ca6020979af5e5766a4': {'state': 'PRESENT', 'expected_state': 'PRESENT', 'payload_exact': False, 'physical_payload_sha256': 'a957bb6303ac901d173581fe078a62136b2dfd05b9dcd4a032e8785b2548616c', 'frozen_payload_sha256': 'efa2bfe39973c84e389049c089d09c3b23baa34d77043d5978b835ec0cacc161'}, 'cand_c6f83d66ce3d1e079f11': {'state': 'PRESENT', 'expected_state': 'PRESENT', 'payload_exact': False, 'physical_payload_sha256': '0bc3d2a998c7bc8d0f23d2ff3af2400555e335fe1043cf43ce3ac151959d8cdb', 'frozen_payload_sha256': '2cb05987ec047bd41f0f701af9cbe2c7d06760490597744d907d1893386206d4'}, 'cand_1f420ce5268e234e658c': {'state': 'PRESENT', 'expected_state': 'PRESENT', 'payload_exact': False, 'physical_payload_sha256': '68f1df413f168de5d45f4101618adae9efbcf647abc896d66eb3fa2d193c2cb6', 'frozen_payload_sha256': '5f6d115ccbf8cf03540b9222c68720032bae762beedcbb44d02555547194f187'}, 'cand_93041865e5a926191d54': {'state': 'PRESENT', 'expected_state': 'PRESENT', 'payload_exact': False, 'physical_payload_sha256': 'aa9350c284ae2f8fcecce48c81df2677eb9f0c6360e5658f3a918902f1606b3d', 'frozen_payload_sha256': 'b67df8ecfe123d1adb94f40f4eb420b3350dddc002e6d8259fd32011e7acfd62'}, 'cand_560443d79842b416ea0d': {'state': 'PRESENT', 'expected_state': 'PRESENT', 'payload_exact': False, 'physical_payload_sha256': '160d0541a52c293d275f31165cf3ee7435d7594b2d78f34b6cc5951534a302b1', 'frozen_payload_sha256': 'd42afd30abaf76482f80aa16e672786b7d1ca060861d14076db14b4a068ddfd2'}, 'cand_0fdc909a2a3cf9718db9': {'state': 'PRESENT', 'expected_state': 'PRESENT', 'payload_exact': False, 'physical_payload_sha256': 'a375640e65d51344ee786d9bac25c40b3faf4ebaa2ee4b7ba0122d109f5b61a5', 'frozen_payload_sha256': 'ce4da41cb61ca77cd84d3ec0467cbf88633839813149a07f1725d5a2e408e94c'}, 'cand_7531356383a7948fede1': {'state': 'PRESENT', 'expected_state': 'PRESENT', 'payload_exact': False, 'physical_payload_sha256': '8cfff996e304e3cbfeb781f0e9a026a3598a03ecfd58bc26abf3d5e35085d4f0', 'frozen_payload_sha256': '317daf6b6d91c773c9563bfedcf038703469c59fa06d5f951e67892fd394f606'}, 'cand_850ffdf5fc1ceee3e08d': {'state': 'PRESENT', 'expected_state': 'PRESENT', 'payload_exact': True, 'physical_payload_sha256': '454d59861034c0f3e55889b8176b61864ebf485e14d7422ef505d18749170a4a', 'frozen_payload_sha256': '454d59861034c0f3e55889b8176b61864ebf485e14d7422ef505d18749170a4a'}, 'cand_cfb64b0bf69c059cd760': {'state': 'PRESENT', 'expected_state': 'PRESENT', 'payload_exact': False, 'physical_payload_sha256': '0a18c37aee2fd21b98dda5dedeed8d8937602dc27f42a65acf98f28d7145a1a8', 'frozen_payload_sha256': '77a06ec1b4b55a35bc7a2109e2a107abd1a337894e5632ddf8edeb170245d56a'}, 'cand_663a31a8fc0678a2324b': {'state': 'PRESENT', 'expected_state': 'PRESENT', 'payload_exact': False, 'physical_payload_sha256': '127d02c3c75398f22e80e4f80726cd612e074116d3df273c73e94472ede92820', 'frozen_payload_sha256': '8bb8a3b0d26b35e47cf45118feaea5be1442fcb6d840061e5754ebfd96ba9abb'}, 'cand_bb3c9704bc50457d0385': {'state': 'PRESENT', 'expected_state': 'PRESENT', 'payload_exact': False, 'physical_payload_sha256': '807d7ef3d439765478ee73f4d3d640640f540ff6cbc2073a717e857f54a4af55', 'frozen_payload_sha256': '077f3348eee1cfc37bf96d3cfc75a6cadfafb3309ea0e3d667c91c1743aac661'}, 'cand_9e3965b9e6ab7faacc4e': {'state': 'PRESENT', 'expected_state': 'PRESENT', 'payload_exact': False, 'physical_payload_sha256': '18e01c7a4ef56c24481821eabf561efa971d745e18b538b566c4b534f0cb2f17', 'frozen_payload_sha256': '649fb44ed9f328780449cc1567836952ca7be5838a4f97e4c462990cf3b5f1fd'}, 'cand_2bea04f8b2c85ff2a4e0': {'state': 'PRESENT', 'expected_state': 'PRESENT', 'payload_exact': False, 'physical_payload_sha256': '05faa6bba72f35f6988645f544b7dfe76e3ba305eb91f194751089fb70bddbc2', 'frozen_payload_sha256': 'b6ddecbea14e9d656b09d7966d76bf89161655658b19db5f784c7f8bcfc0d307'}, 'cand_0ef1e644231e36b17de7': {'state': 'PRESENT', 'expected_state': 'PRESENT', 'payload_exact': False, 'physical_payload_sha256': 'c2cae727bd0a0c7c5fa9c9d3f1898a8315091a73dc4704a4c5d5262035097619', 'frozen_payload_sha256': '0c689934e64907d227809512e09120892458bf362dc9c69e97e978212f6e44d0'}, 'cand_dd4fa07161dcf5def8eb': {'state': 'PRESENT', 'expected_state': 'PRESENT', 'payload_exact': False, 'physical_payload_sha256': 'ec4ce01840d97c64b7e4b0332a1666b9cb3258397502d5913b13a4e7a3e4214e', 'frozen_payload_sha256': 'd4a100e580a3beb1e20f89796de798e1a62a6b66138203dccfcb39c54abb4b75'}}}"
physical,60000,prefix-30,3,False,0.004358707999926992,0.2008178379983292,0.2505807560009998,0.009665684010542464,0.21484223000879865,0.4654229860097985,53529231.758378506,9f554bcadfad63c2a16b960b374138fef5b1a567d782bc0192b944cb07689f9c,1963,"{'all_payloads_match': False, 'exact_payload_count': 5, 'states': {'cand_f94acad130c4ac5b3553': {'state': 'PRESENT', 'expected_state': 'PRESENT', 'payload_exact': False, 'physical_payload_sha256': 'cca1ed6d0a8ff4622a5495d8b748c3ef9a6850bd1a2ddf55d5ff7f8443a17ec8', 'frozen_payload_sha256': '348c8dcc3f8e4bb419792cf6dc8f79bad4b29b7c92309191bb9174651a95cf9f'}, 'cand_6ca6020979af5e5766a4': {'state': 'PRESENT', 'expected_state': 'PRESENT', 'payload_exact': False, 'physical_payload_sha256': '14878631755ab3d601e6ea895ce2686042843dd5d6b47364158a384ca86bd8bb', 'frozen_payload_sha256': 'efa2bfe39973c84e389049c089d09c3b23baa34d77043d5978b835ec0cacc161'}, 'cand_c6f83d66ce3d1e079f11': {'state': 'PRESENT', 'expected_state': 'PRESENT', 'payload_exact': False, 'physical_payload_sha256': 'fc5c6540d1bffcc80d8b00806603adab815bbc92d835a7eb7f621233f8e637a3', 'frozen_payload_sha256': '2cb05987ec047bd41f0f701af9cbe2c7d06760490597744d907d1893386206d4'}, 'cand_1f420ce5268e234e658c': {'state': 'PRESENT', 'expected_state': 'PRESENT', 'payload_exact': False, 'physical_payload_sha256': '8a8d545668e980d415c0637e0b19ad438bbc0e2170fce3d46a28ce6e3d285372', 'frozen_payload_sha256': '5f6d115ccbf8cf03540b9222c68720032bae762beedcbb44d02555547194f187'}, 'cand_93041865e5a926191d54': {'state': 'PRESENT', 'expected_state': 'PRESENT', 'payload_exact': False, 'physical_payload_sha256': 'dc7a734d82fc945309d9dd96594dc8c5af69328b9b2ad60c40451d21d507e64f', 'frozen_payload_sha256': 'b67df8ecfe123d1adb94f40f4eb420b3350dddc002e6d8259fd32011e7acfd62'}, 'cand_560443d79842b416ea0d': {'state': 'PRESENT', 'expected_state': 'PRESENT', 'payload_exact': False, 'physical_payload_sha256': '319c0cecfaea2a40bbc2975350cbd4af0e64e12fd746f7978c2bb4777ecb93d1', 'frozen_payload_sha256': 'd42afd30abaf76482f80aa16e672786b7d1ca060861d14076db14b4a068ddfd2'}, 'cand_0fdc909a2a3cf9718db9': {'state': 'PRESENT', 'expected_state': 'PRESENT', 'payload_exact': False, 'physical_payload_sha256': '2d9d2f2d6dd5d3689174e721767004726f9905cf72faed81303bc60411683b88', 'frozen_payload_sha256': 'ce4da41cb61ca77cd84d3ec0467cbf88633839813149a07f1725d5a2e408e94c'}, 'cand_7531356383a7948fede1': {'state': 'PRESENT', 'expected_state': 'PRESENT', 'payload_exact': False, 'physical_payload_sha256': 'de1e68cc1c1d0436cf1185c5f413085997e47232043a213fe4865bc46cf901ec', 'frozen_payload_sha256': '317daf6b6d91c773c9563bfedcf038703469c59fa06d5f951e67892fd394f606'}, 'cand_850ffdf5fc1ceee3e08d': {'state': 'PRESENT', 'expected_state': 'PRESENT', 'payload_exact': True, 'physical_payload_sha256': '454d59861034c0f3e55889b8176b61864ebf485e14d7422ef505d18749170a4a', 'frozen_payload_sha256': '454d59861034c0f3e55889b8176b61864ebf485e14d7422ef505d18749170a4a'}, 'cand_9a47b4882350bf5fccf9': {'state': 'PRESENT', 'expected_state': 'PRESENT', 'payload_exact': True, 'physical_payload_sha256': '6572aa9c7b3f76ba408b01f2ecd52339c6e8d3fa11be261185717cfbbb5b97c4', 'frozen_payload_sha256': '6572aa9c7b3f76ba408b01f2ecd52339c6e8d3fa11be261185717cfbbb5b97c4'}, 'cand_835deeb29a9e7947a98b': {'state': 'PRESENT', 'expected_state': 'PRESENT', 'payload_exact': True, 'physical_payload_sha256': '350fcc8b0194d7a40b43e82a0a08d53a472551766b14dc9c4ca8c2459e17b267', 'frozen_payload_sha256': '350fcc8b0194d7a40b43e82a0a08d53a472551766b14dc9c4ca8c2459e17b267'}, 'cand_b6cafc68143c6fa37e85': {'state': 'PRESENT', 'expected_state': 'PRESENT', 'payload_exact': True, 'physical_payload_sha256': '29c9fe4704d536feecc86b629c457d6df83408d06860142b94d569a68758791e', 'frozen_payload_sha256': '29c9fe4704d536feecc86b629c457d6df83408d06860142b94d569a68758791e'}, 'cand_f002ec4adfff3911240b': {'state': 'PRESENT', 'expected_state': 'PRESENT', 'payload_exact': True, 'physical_payload_sha256': '8ca28e1f85b64f132176f5f38374a69f3322425f8b16b86cf39d130402b884f9', 'frozen_payload_sha256': '8ca28e1f85b64f132176f5f38374a69f3322425f8b16b86cf39d130402b884f9'}, 'cand_d17d4fee04bca1295fdb': {'state': 'PRESENT', 'expected_state': 'PRESENT', 'payload_exact': False, 'physical_payload_sha256': '48a29b57b7abf1e8718f255affb3dbb0450352c593f808e6065c34a524961e28', 'frozen_payload_sha256': '76d6ac5d257e7d629dd40dac7f4df31b6afa7cd5f78213fd7b5877ea698c0cff'}, 'cand_044e770ab213d0ef37b1': {'state': 'PRESENT', 'expected_state': 'PRESENT', 'payload_exact': False, 'physical_payload_sha256': '59714db370bbe3d7a33424062442847fa11289af470adc1b812687b2fae48a60', 'frozen_payload_sha256': 'a4643c81d0bbdeeff55bd5af299ec8b701fddf4b58bccdccf63364e56f3efec9'}, 'cand_cfb64b0bf69c059cd760': {'state': 'PRESENT', 'expected_state': 'PRESENT', 'payload_exact': False, 'physical_payload_sha256': 'b669c85772ad7e3be50f4a52fd3deed49c4b67f2e9375417cdf4707a7b5c9f77', 'frozen_payload_sha256': '77a06ec1b4b55a35bc7a2109e2a107abd1a337894e5632ddf8edeb170245d56a'}, 'cand_6505783b203dc0346b49': {'state': 'PRESENT', 'expected_state': 'PRESENT', 'payload_exact': False, 'physical_payload_sha256': 'e0ae03ed16ba91f48f55970f504eb844c210b397e55a310c2522974cfe226d95', 'frozen_payload_sha256': '2ac34bb1e198457880f2c8c1777a9be44de186a43c643fc821cbbdbc52a2eb85'}, 'cand_7b08320f31dae1c5e9f4': {'state': 'PRESENT', 'expected_state': 'PRESENT', 'payload_exact': False, 'physical_payload_sha256': '3f8c8dad3ed40334a0ef1ff3a193a3eb0aca7b1ad1df13e01dd86b10a5795f3b', 'frozen_payload_sha256': '34590ff396c3da7afc71438febcef566f01312571437efda2bd2307d62fa96d3'}, 'cand_e95bcd15c94c80f62716': {'state': 'PRESENT', 'expected_state': 'PRESENT', 'payload_exact': False, 'physical_payload_sha256': '073eafb18334aa975d37a2ca04d822fa84af89aa2387098940b8b68a6f3b1634', 'frozen_payload_sha256': '855bae25320c7ef500e92c5dae7a0ad3fa34c6e91b08bf99c3514eec41a211fd'}, 'cand_5e3a909effbf6f7d6e21': {'state': 'PRESENT', 'expected_state': 'PRESENT', 'payload_exact': False, 'physical_payload_sha256': 'ff0a29a5691600c418348bf1f6988452e3a96edb8a55ca78871ffbbab8c0c3e4', 'frozen_payload_sha256': '4600b66199d22a269d2c57b3a16753342ec0788979205796c6f7abe2e477cfb0'}, 'cand_cf35fb1b66d3371735fd': {'state': 'PRESENT', 'expected_state': 'PRESENT', 'payload_exact': False, 'physical_payload_sha256': 'b7c6db30123c1b7c702e8785b4491e21497c61ec043ff8c57e51d6ecbe398295', 'frozen_payload_sha256': '1fa72add83fb87ead9666a8e9f20d2271cee71bbd91a030ee37b426c4bfcad54'}, 'cand_663a31a8fc0678a2324b': {'state': 'PRESENT', 'expected_state': 'PRESENT', 'payload_exact': False, 'physical_payload_sha256': '897e8569ccb6c9c89055d573761de94dacd8437ad71303f6dea634800bc59b85', 'frozen_payload_sha256': '8bb8a3b0d26b35e47cf45118feaea5be1442fcb6d840061e5754ebfd96ba9abb'}, 'cand_bb3c9704bc50457d0385': {'state': 'PRESENT', 'expected_state': 'PRESENT', 'payload_exact': False, 'physical_payload_sha256': 'a072ccfcdc664659cf1deed438ee5f7bdb3ab31202e897048e1a8613bbbf7d9c', 'frozen_payload_sha256': '077f3348eee1cfc37bf96d3cfc75a6cadfafb3309ea0e3d667c91c1743aac661'}, 'cand_a658273d38918de4ed71': {'state': 'PRESENT', 'expected_state': 'PRESENT', 'payload_exact': False, 'physical_payload_sha256': '60aa9eb0913ad533b3bd7a9ca5f9a8079283da01fb9130790a0963c346035298', 'frozen_payload_sha256': '101ea86e36180af73ad6030c88f90300b3ae1cf8b22e521259e9ba8e5cbacfa4'}, 'cand_9e3965b9e6ab7faacc4e': {'state': 'PRESENT', 'expected_state': 'PRESENT', 'payload_exact': False, 'physical_payload_sha256': '446ca81df7fd3e2aaf15fb354eafddca812c6ce05bad5842ccb0a7a917695bc8', 'frozen_payload_sha256': '649fb44ed9f328780449cc1567836952ca7be5838a4f97e4c462990cf3b5f1fd'}, 'cand_2bea04f8b2c85ff2a4e0': {'state': 'PRESENT', 'expected_state': 'PRESENT', 'payload_exact': False, 'physical_payload_sha256': '0c2b5de6f14577ea68c9c87f99421e75235644497324ea3bd7b31b8fe27bfd8d', 'frozen_payload_sha256': 'b6ddecbea14e9d656b09d7966d76bf89161655658b19db5f784c7f8bcfc0d307'}, 'cand_d033eb981110aa21d3df': {'state': 'PRESENT', 'expected_state': 'PRESENT', 'payload_exact': False, 'physical_payload_sha256': '32cf8edfb58cf23e106d0bf27924a67832bd7e0c6ef289e31cb0686c66b4c6c6', 'frozen_payload_sha256': '037a60cd1824505ccdccf7cabba581664b442a0eebfeaef5f1f2a80a6366be29'}, 'cand_0ef1e644231e36b17de7': {'state': 'PRESENT', 'expected_state': 'PRESENT', 'payload_exact': False, 'physical_payload_sha256': 'd7b8a6063844bf6bd407dd6aabcafa80c97aa7480241fa9d3c9c0ceadffeff1f', 'frozen_payload_sha256': '0c689934e64907d227809512e09120892458bf362dc9c69e97e978212f6e44d0'}, 'cand_dd4fa07161dcf5def8eb': {'state': 'PRESENT', 'expected_state': 'PRESENT', 'payload_exact': False, 'physical_payload_sha256': '842a028fa3965d49dd25a44b7e299f3ac9cddd7b4cb31b57c03c7ce9f36aa3d0', 'frozen_payload_sha256': 'd4a100e580a3beb1e20f89796de798e1a62a6b66138203dccfcb39c54abb4b75'}, 'cand_d102d0d6903dbc44935f': {'state': 'PRESENT', 'expected_state': 'PRESENT', 'payload_exact': False, 'physical_payload_sha256': '1cb8c601baa62add53cf398e6881984a5784f45b3af1f09f0db188cb54e263da', 'frozen_payload_sha256': '510a673beacda7c55471e1a8e317e317e940299a18694b2e7c70f022126aad53'}}}"
physical,60000,final-31,3,False,0.0045226829970488325,0.21247994800069137,0.25121488500008127,0.009724168994580396,0.2267267999923206,0.47794168499240186,47005848.20236155,c41dcac5c2e0514314ee3988ebdbf962e1836d48fbfefb7e4bb72e9451b22164,1963,"{'all_payloads_match': False, 'exact_payload_count': 6, 'states': {'cand_f94acad130c4ac5b3553': {'state': 'PRESENT', 'expected_state': 'PRESENT', 'payload_exact': False, 'physical_payload_sha256': 'b970e62aa8852cd28d0171b794c3f0fca9531634c81d06458960f8f3fd6322c6', 'frozen_payload_sha256': '348c8dcc3f8e4bb419792cf6dc8f79bad4b29b7c92309191bb9174651a95cf9f'}, 'cand_6ca6020979af5e5766a4': {'state': 'PRESENT', 'expected_state': 'PRESENT', 'payload_exact': True, 'physical_payload_sha256': 'efa2bfe39973c84e389049c089d09c3b23baa34d77043d5978b835ec0cacc161', 'frozen_payload_sha256': 'efa2bfe39973c84e389049c089d09c3b23baa34d77043d5978b835ec0cacc161'}, 'cand_c6f83d66ce3d1e079f11': {'state': 'PRESENT', 'expected_state': 'PRESENT', 'payload_exact': False, 'physical_payload_sha256': '561453ba96e32d9e3ec7594aba5f29f052a44d17c599014c463124bafddaa1bd', 'frozen_payload_sha256': '2cb05987ec047bd41f0f701af9cbe2c7d06760490597744d907d1893386206d4'}, 'cand_1f420ce5268e234e658c': {'state': 'PRESENT', 'expected_state': 'PRESENT', 'payload_exact': False, 'physical_payload_sha256': '1bee61055fe9c445dcfa4a50079ea4991e5a56e109039b0702e6569b0f934750', 'frozen_payload_sha256': '5f6d115ccbf8cf03540b9222c68720032bae762beedcbb44d02555547194f187'}, 'cand_93041865e5a926191d54': {'state': 'PRESENT', 'expected_state': 'PRESENT', 'payload_exact': False, 'physical_payload_sha256': 'edaa68f1b8c6bf3a8a219088674e6a3893454273604b73deb847e7dbf0044591', 'frozen_payload_sha256': 'b67df8ecfe123d1adb94f40f4eb420b3350dddc002e6d8259fd32011e7acfd62'}, 'cand_560443d79842b416ea0d': {'state': 'PRESENT', 'expected_state': 'PRESENT', 'payload_exact': False, 'physical_payload_sha256': 'e532d54a367fd843a0b3f7aa1c9482e41267e7565bde53c2e6903fd8463b3606', 'frozen_payload_sha256': 'd42afd30abaf76482f80aa16e672786b7d1ca060861d14076db14b4a068ddfd2'}, 'cand_0fdc909a2a3cf9718db9': {'state': 'PRESENT', 'expected_state': 'PRESENT', 'payload_exact': False, 'physical_payload_sha256': '0bee2cd6aa63d664615e13515a8e3f4c1885e1083d83419f5753786bc8550376', 'frozen_payload_sha256': 'ce4da41cb61ca77cd84d3ec0467cbf88633839813149a07f1725d5a2e408e94c'}, 'cand_7531356383a7948fede1': {'state': 'PRESENT', 'expected_state': 'PRESENT', 'payload_exact': False, 'physical_payload_sha256': '89aa2d256eb6d41466666203222a934ff6059cf22fe865095deeb33c0470b2f1', 'frozen_payload_sha256': '317daf6b6d91c773c9563bfedcf038703469c59fa06d5f951e67892fd394f606'}, 'cand_850ffdf5fc1ceee3e08d': {'state': 'PRESENT', 'expected_state': 'PRESENT', 'payload_exact': True, 'physical_payload_sha256': '454d59861034c0f3e55889b8176b61864ebf485e14d7422ef505d18749170a4a', 'frozen_payload_sha256': '454d59861034c0f3e55889b8176b61864ebf485e14d7422ef505d18749170a4a'}, 'cand_9a47b4882350bf5fccf9': {'state': 'PRESENT', 'expected_state': 'PRESENT', 'payload_exact': True, 'physical_payload_sha256': '6572aa9c7b3f76ba408b01f2ecd52339c6e8d3fa11be261185717cfbbb5b97c4', 'frozen_payload_sha256': '6572aa9c7b3f76ba408b01f2ecd52339c6e8d3fa11be261185717cfbbb5b97c4'}, 'cand_835deeb29a9e7947a98b': {'state': 'PRESENT', 'expected_state': 'PRESENT', 'payload_exact': True, 'physical_payload_sha256': '350fcc8b0194d7a40b43e82a0a08d53a472551766b14dc9c4ca8c2459e17b267', 'frozen_payload_sha256': '350fcc8b0194d7a40b43e82a0a08d53a472551766b14dc9c4ca8c2459e17b267'}, 'cand_b6cafc68143c6fa37e85': {'state': 'PRESENT', 'expected_state': 'PRESENT', 'payload_exact': True, 'physical_payload_sha256': '29c9fe4704d536feecc86b629c457d6df83408d06860142b94d569a68758791e', 'frozen_payload_sha256': '29c9fe4704d536feecc86b629c457d6df83408d06860142b94d569a68758791e'}, 'cand_f002ec4adfff3911240b': {'state': 'PRESENT', 'expected_state': 'PRESENT', 'payload_exact': True, 'physical_payload_sha256': '8ca28e1f85b64f132176f5f38374a69f3322425f8b16b86cf39d130402b884f9', 'frozen_payload_sha256': '8ca28e1f85b64f132176f5f38374a69f3322425f8b16b86cf39d130402b884f9'}, 'cand_d17d4fee04bca1295fdb': {'state': 'PRESENT', 'expected_state': 'PRESENT', 'payload_exact': False, 'physical_payload_sha256': 'be75b49f7c6440248d1b77119dec57a59fcf30ca8a3a49f6a5eba3a9bc4ced90', 'frozen_payload_sha256': '76d6ac5d257e7d629dd40dac7f4df31b6afa7cd5f78213fd7b5877ea698c0cff'}, 'cand_044e770ab213d0ef37b1': {'state': 'PRESENT', 'expected_state': 'PRESENT', 'payload_exact': False, 'physical_payload_sha256': 'e2952ad7f79abbbc090feed316032efb5059e638d99fff03c3f51f43fb898166', 'frozen_payload_sha256': 'a4643c81d0bbdeeff55bd5af299ec8b701fddf4b58bccdccf63364e56f3efec9'}, 'cand_cfb64b0bf69c059cd760': {'state': 'PRESENT', 'expected_state': 'PRESENT', 'payload_exact': False, 'physical_payload_sha256': 'a15987a57d71ced6f7c0210785cc973ab66c2306a912e0dc646c33fe60512e8d', 'frozen_payload_sha256': '77a06ec1b4b55a35bc7a2109e2a107abd1a337894e5632ddf8edeb170245d56a'}, 'cand_6505783b203dc0346b49': {'state': 'PRESENT', 'expected_state': 'PRESENT', 'payload_exact': False, 'physical_payload_sha256': 'c54a8b7ffa0d10020e4f25ff8af5165a5caababb1d5bb7eb3198e2457374b74e', 'frozen_payload_sha256': '2ac34bb1e198457880f2c8c1777a9be44de186a43c643fc821cbbdbc52a2eb85'}, 'cand_7b08320f31dae1c5e9f4': {'state': 'PRESENT', 'expected_state': 'PRESENT', 'payload_exact': False, 'physical_payload_sha256': 'db2f908fe7641976cf5422fdb67a9cba5fb284d2394c69741e9d1e442f705bb6', 'frozen_payload_sha256': '34590ff396c3da7afc71438febcef566f01312571437efda2bd2307d62fa96d3'}, 'cand_e95bcd15c94c80f62716': {'state': 'PRESENT', 'expected_state': 'PRESENT', 'payload_exact': False, 'physical_payload_sha256': '008797e68f5c2817c3b5b96f6f67bfc49753e384e295df31014cfc0ed9ac1552', 'frozen_payload_sha256': '855bae25320c7ef500e92c5dae7a0ad3fa34c6e91b08bf99c3514eec41a211fd'}, 'cand_5e3a909effbf6f7d6e21': {'state': 'PRESENT', 'expected_state': 'PRESENT', 'payload_exact': False, 'physical_payload_sha256': '44e6eccf666163dc0731e05b31f5051dea4eadbab9076641deeb20a03b008830', 'frozen_payload_sha256': '4600b66199d22a269d2c57b3a16753342ec0788979205796c6f7abe2e477cfb0'}, 'cand_cf35fb1b66d3371735fd': {'state': 'PRESENT', 'expected_state': 'PRESENT', 'payload_exact': False, 'physical_payload_sha256': '6e0f24eea30b81901aabaa9946487b7564293d7bf8aa10c247cf24db698f50df', 'frozen_payload_sha256': '1fa72add83fb87ead9666a8e9f20d2271cee71bbd91a030ee37b426c4bfcad54'}, 'cand_663a31a8fc0678a2324b': {'state': 'PRESENT', 'expected_state': 'PRESENT', 'payload_exact': False, 'physical_payload_sha256': '2125c81c9950a45361f27b5decd65b591a166e11c1d6b2459d7a3cc5f801a323', 'frozen_payload_sha256': '8bb8a3b0d26b35e47cf45118feaea5be1442fcb6d840061e5754ebfd96ba9abb'}, 'cand_bb3c9704bc50457d0385': {'state': 'PRESENT', 'expected_state': 'PRESENT', 'payload_exact': False, 'physical_payload_sha256': 'cd96a3a6f42f6a1194c42c7f252615bb13c71dacea7a767abfc0f56300141d3c', 'frozen_payload_sha256': '077f3348eee1cfc37bf96d3cfc75a6cadfafb3309ea0e3d667c91c1743aac661'}, 'cand_a658273d38918de4ed71': {'state': 'PRESENT', 'expected_state': 'PRESENT', 'payload_exact': False, 'physical_payload_sha256': 'f8ec4dacbd60b763d85c51c97336ef421042c4adae919cdfd0fa873e6bf95929', 'frozen_payload_sha256': '101ea86e36180af73ad6030c88f90300b3ae1cf8b22e521259e9ba8e5cbacfa4'}, 'cand_9e3965b9e6ab7faacc4e': {'state': 'PRESENT', 'expected_state': 'PRESENT', 'payload_exact': False, 'physical_payload_sha256': '29d42714f08dae324777fc98999ffb1bfe8642fb3c4cdb32ca7518b8cd464599', 'frozen_payload_sha256': '649fb44ed9f328780449cc1567836952ca7be5838a4f97e4c462990cf3b5f1fd'}, 'cand_2bea04f8b2c85ff2a4e0': {'state': 'PRESENT', 'expected_state': 'PRESENT', 'payload_exact': False, 'physical_payload_sha256': 'b58b36cae7ef356d732dedebed12f63022213f04c369bb9b2aff765a1c534db6', 'frozen_payload_sha256': 'b6ddecbea14e9d656b09d7966d76bf89161655658b19db5f784c7f8bcfc0d307'}, 'cand_d033eb981110aa21d3df': {'state': 'PRESENT', 'expected_state': 'PRESENT', 'payload_exact': False, 'physical_payload_sha256': '613c0765ae1ceb2342d0ad05d47b5de9f03cd3f670d2be081fc5040eacab6a73', 'frozen_payload_sha256': '037a60cd1824505ccdccf7cabba581664b442a0eebfeaef5f1f2a80a6366be29'}, 'cand_0ef1e644231e36b17de7': {'state': 'PRESENT', 'expected_state': 'PRESENT', 'payload_exact': False, 'physical_payload_sha256': 'cbd7de9dc32507a370745f78ce7ce0dd017b7300b717baad92c5a9b29b520fbf', 'frozen_payload_sha256': '0c689934e64907d227809512e09120892458bf362dc9c69e97e978212f6e44d0'}, 'cand_dd4fa07161dcf5def8eb': {'state': 'PRESENT', 'expected_state': 'PRESENT', 'payload_exact': False, 'physical_payload_sha256': 'f085d8fdc72054e4452b0e5e3e99db0b5b9347e95185a65462d86f7e679f3e75', 'frozen_payload_sha256': 'd4a100e580a3beb1e20f89796de798e1a62a6b66138203dccfcb39c54abb4b75'}, 'cand_5400d6d245a511006593': {'state': 'PRESENT', 'expected_state': 'PRESENT', 'payload_exact': False, 'physical_payload_sha256': 'ab79200a8f1e9f879156adef2db3f78214c663883b6db88c239235742d3d2783', 'frozen_payload_sha256': '8960fa20a2b9bf2c1da9035dbb4e2e392958dcc0d110c644ba68dccb502274d8'}, 'cand_d102d0d6903dbc44935f': {'state': 'PRESENT', 'expected_state': 'PRESENT', 'payload_exact': False, 'physical_payload_sha256': '4ecaa1e2ac7c8e93e163a51d0166ea466c73bef20db66b3956f441997fa0066b', 'frozen_payload_sha256': '510a673beacda7c55471e1a8e317e317e940299a18694b2e7c70f022126aad53'}}}"
physical,60000,empty,4,False,1.9709987100213766e-06,0.06504679600038799,0.23300795300019672,0.007860664998588618,0.07290943199768662,0.30591738499788335,47385162.52894018,d746b004841fc6e1f1247bada39ded1b40cc717585f400502a22b516124f3cb8,1963,"{'all_payloads_match': True, 'exact_payload_count': 0}"
physical,60000,prefix-01,4,False,0.00160892400162993,0.06859720699867466,0.2527403999993112,0.009483338995778468,0.07968946999608306,0.33242986999539426,44327533.04010913,48bb21b5ca093528a761e8f7d2acfc27c963dbbe68ea8a8c2de08253746ffab2,1963,"{'all_payloads_match': False, 'exact_payload_count': 0, 'states': {'cand_f94acad130c4ac5b3553': {'state': 'PRESENT', 'expected_state': 'PRESENT', 'payload_exact': False, 'physical_payload_sha256': '95055c447767a8439c4440e432fdde241584432c9b4c12d47a2f5f8acdb188d6', 'frozen_payload_sha256': '348c8dcc3f8e4bb419792cf6dc8f79bad4b29b7c92309191bb9174651a95cf9f'}}}"
physical,60000,prefix-05,4,False,0.0013564809996751137,0.07814466599666048,0.24032427999918582,0.009827895009948406,0.089329042006284,0.3296533220054698,49777584.66017906,f0050f760c3df39d9e0d1916b89c1e2c50fba00cb7b340a551c67e1eb0f79116,1963,"{'all_payloads_match': False, 'exact_payload_count': 0, 'states': {'cand_f94acad130c4ac5b3553': {'state': 'PRESENT', 'expected_state': 'PRESENT', 'payload_exact': False, 'physical_payload_sha256': 'c813145f346ce646f8b8e5a78df96ebd1029fc8d130a92a5e327a467b06ebfd5', 'frozen_payload_sha256': '348c8dcc3f8e4bb419792cf6dc8f79bad4b29b7c92309191bb9174651a95cf9f'}, 'cand_6ca6020979af5e5766a4': {'state': 'PRESENT', 'expected_state': 'PRESENT', 'payload_exact': False, 'physical_payload_sha256': '14878631755ab3d601e6ea895ce2686042843dd5d6b47364158a384ca86bd8bb', 'frozen_payload_sha256': 'efa2bfe39973c84e389049c089d09c3b23baa34d77043d5978b835ec0cacc161'}, 'cand_c6f83d66ce3d1e079f11': {'state': 'PRESENT', 'expected_state': 'PRESENT', 'payload_exact': False, 'physical_payload_sha256': '865d95cde0fbbbb682b6c4bf643cf5c624325b3a770fdfd6d8e99cc6896cefb9', 'frozen_payload_sha256': '2cb05987ec047bd41f0f701af9cbe2c7d06760490597744d907d1893386206d4'}, 'cand_1f420ce5268e234e658c': {'state': 'PRESENT', 'expected_state': 'PRESENT', 'payload_exact': False, 'physical_payload_sha256': '985ac526ed8178cc93b28cdbf031673cf5af98f02b3752a54957c06b0027fbb9', 'frozen_payload_sha256': '5f6d115ccbf8cf03540b9222c68720032bae762beedcbb44d02555547194f187'}, 'cand_bb3c9704bc50457d0385': {'state': 'PRESENT', 'expected_state': 'PRESENT', 'payload_exact': False, 'physical_payload_sha256': '2d938a8a6f4271cd556b0a9f7104fb4e5af08889b17c2159dafa0459a90d19ed', 'frozen_payload_sha256': '077f3348eee1cfc37bf96d3cfc75a6cadfafb3309ea0e3d667c91c1743aac661'}}}"
physical,60000,prefix-16,4,False,0.002753421002125833,0.12994095299654873,0.2475814560020808,0.009883928003546316,0.14257830200222088,0.3901597580043017,55589417.53722585,a6ac0e2315b500fc97dcd5e9b499a72c3c9ec041b78389b76991e3d67a8b5dfa,1963,"{'all_payloads_match': False, 'exact_payload_count': 1, 'states': {'cand_f94acad130c4ac5b3553': {'state': 'PRESENT', 'expected_state': 'PRESENT', 'payload_exact': False, 'physical_payload_sha256': '61b1ebcc36ae91a8467c3664748befd42e705cd48c64eb0a6d4fd302314de567', 'frozen_payload_sha256': '348c8dcc3f8e4bb419792cf6dc8f79bad4b29b7c92309191bb9174651a95cf9f'}, 'cand_6ca6020979af5e5766a4': {'state': 'PRESENT', 'expected_state': 'PRESENT', 'payload_exact': False, 'physical_payload_sha256': '7e83f2cab98b315522d07c7d4c4eaa1a533ae658679153a2729388534758dc3e', 'frozen_payload_sha256': 'efa2bfe39973c84e389049c089d09c3b23baa34d77043d5978b835ec0cacc161'}, 'cand_c6f83d66ce3d1e079f11': {'state': 'PRESENT', 'expected_state': 'PRESENT', 'payload_exact': False, 'physical_payload_sha256': '565433202c3e0682ce8196d3634cfeb25cc659f08f159bba97741183614d125e', 'frozen_payload_sha256': '2cb05987ec047bd41f0f701af9cbe2c7d06760490597744d907d1893386206d4'}, 'cand_1f420ce5268e234e658c': {'state': 'PRESENT', 'expected_state': 'PRESENT', 'payload_exact': False, 'physical_payload_sha256': '3a547e5fd0793fd3dc3c97e4d9b8cadc271930a31cf823c4cdcf6f4065dbb477', 'frozen_payload_sha256': '5f6d115ccbf8cf03540b9222c68720032bae762beedcbb44d02555547194f187'}, 'cand_93041865e5a926191d54': {'state': 'PRESENT', 'expected_state': 'PRESENT', 'payload_exact': False, 'physical_payload_sha256': 'ed83bf5914a99e9c529bf80999fb3f77401725cc06ff75fa86d54fb63dbeaad0', 'frozen_payload_sha256': 'b67df8ecfe123d1adb94f40f4eb420b3350dddc002e6d8259fd32011e7acfd62'}, 'cand_560443d79842b416ea0d': {'state': 'PRESENT', 'expected_state': 'PRESENT', 'payload_exact': False, 'physical_payload_sha256': '8e3f7308cfc31742b962bec5cf69efc869b0bdef22fd4bec1ca8ea677a16bd7b', 'frozen_payload_sha256': 'd42afd30abaf76482f80aa16e672786b7d1ca060861d14076db14b4a068ddfd2'}, 'cand_0fdc909a2a3cf9718db9': {'state': 'PRESENT', 'expected_state': 'PRESENT', 'payload_exact': False, 'physical_payload_sha256': 'efcddba7469300858f7410e42416fdd57ce03c08feec87357f006b37af5bdd82', 'frozen_payload_sha256': 'ce4da41cb61ca77cd84d3ec0467cbf88633839813149a07f1725d5a2e408e94c'}, 'cand_7531356383a7948fede1': {'state': 'PRESENT', 'expected_state': 'PRESENT', 'payload_exact': False, 'physical_payload_sha256': '5cb2684ee1742b8b29a43404357fee61f5a31946697750cdb883db0ccd85fd76', 'frozen_payload_sha256': '317daf6b6d91c773c9563bfedcf038703469c59fa06d5f951e67892fd394f606'}, 'cand_850ffdf5fc1ceee3e08d': {'state': 'PRESENT', 'expected_state': 'PRESENT', 'payload_exact': True, 'physical_payload_sha256': '454d59861034c0f3e55889b8176b61864ebf485e14d7422ef505d18749170a4a', 'frozen_payload_sha256': '454d59861034c0f3e55889b8176b61864ebf485e14d7422ef505d18749170a4a'}, 'cand_cfb64b0bf69c059cd760': {'state': 'PRESENT', 'expected_state': 'PRESENT', 'payload_exact': False, 'physical_payload_sha256': '77be2d17e83e941156b570669e88436bbfb87952110aa2deada076b8917052c1', 'frozen_payload_sha256': '77a06ec1b4b55a35bc7a2109e2a107abd1a337894e5632ddf8edeb170245d56a'}, 'cand_663a31a8fc0678a2324b': {'state': 'PRESENT', 'expected_state': 'PRESENT', 'payload_exact': False, 'physical_payload_sha256': '48d3e1d5edcda28f0ec4ceddd00468cbcf31a810f8c2a9ba46fd5bfb79f47bc3', 'frozen_payload_sha256': '8bb8a3b0d26b35e47cf45118feaea5be1442fcb6d840061e5754ebfd96ba9abb'}, 'cand_bb3c9704bc50457d0385': {'state': 'PRESENT', 'expected_state': 'PRESENT', 'payload_exact': False, 'physical_payload_sha256': 'a077dd4dd0ac341324c454cf3a7212a6e54de8de7d3ca16eab347477cabf311f', 'frozen_payload_sha256': '077f3348eee1cfc37bf96d3cfc75a6cadfafb3309ea0e3d667c91c1743aac661'}, 'cand_9e3965b9e6ab7faacc4e': {'state': 'PRESENT', 'expected_state': 'PRESENT', 'payload_exact': False, 'physical_payload_sha256': '446ca81df7fd3e2aaf15fb354eafddca812c6ce05bad5842ccb0a7a917695bc8', 'frozen_payload_sha256': '649fb44ed9f328780449cc1567836952ca7be5838a4f97e4c462990cf3b5f1fd'}, 'cand_2bea04f8b2c85ff2a4e0': {'state': 'PRESENT', 'expected_state': 'PRESENT', 'payload_exact': False, 'physical_payload_sha256': 'e3c2a3b655ffb3b3f5f6a2d7e1f505b20ec11720407afc42248c4b41d3c74cff', 'frozen_payload_sha256': 'b6ddecbea14e9d656b09d7966d76bf89161655658b19db5f784c7f8bcfc0d307'}, 'cand_0ef1e644231e36b17de7': {'state': 'PRESENT', 'expected_state': 'PRESENT', 'payload_exact': False, 'physical_payload_sha256': '5c90a6aac9b1beea9f9ede6872307223088e170d8c23536e484982971af757fe', 'frozen_payload_sha256': '0c689934e64907d227809512e09120892458bf362dc9c69e97e978212f6e44d0'}, 'cand_dd4fa07161dcf5def8eb': {'state': 'PRESENT', 'expected_state': 'PRESENT', 'payload_exact': False, 'physical_payload_sha256': '2a5a4bd2c9d77a93462c6f88a44f5760f5ecc60806b87bf62cee2cd92f8cc1b6', 'frozen_payload_sha256': 'd4a100e580a3beb1e20f89796de798e1a62a6b66138203dccfcb39c54abb4b75'}}}"
physical,60000,prefix-30,4,False,0.004139037999266293,0.20350247199530713,0.260290056001395,0.010108802998729516,0.21775031299330294,0.47804036899469793,51046720.09792511,0fde3721c04b4430094c481d62f60812fe28a800e1bc811de64cbabe22b503d1,1963,"{'all_payloads_match': False, 'exact_payload_count': 5, 'states': {'cand_f94acad130c4ac5b3553': {'state': 'PRESENT', 'expected_state': 'PRESENT', 'payload_exact': False, 'physical_payload_sha256': 'c77ae290ef679ef1c73116ab24c7ff226c0a16b69677c6a7394a185948666f23', 'frozen_payload_sha256': '348c8dcc3f8e4bb419792cf6dc8f79bad4b29b7c92309191bb9174651a95cf9f'}, 'cand_6ca6020979af5e5766a4': {'state': 'PRESENT', 'expected_state': 'PRESENT', 'payload_exact': False, 'physical_payload_sha256': '7e83f2cab98b315522d07c7d4c4eaa1a533ae658679153a2729388534758dc3e', 'frozen_payload_sha256': 'efa2bfe39973c84e389049c089d09c3b23baa34d77043d5978b835ec0cacc161'}, 'cand_c6f83d66ce3d1e079f11': {'state': 'PRESENT', 'expected_state': 'PRESENT', 'payload_exact': False, 'physical_payload_sha256': 'd46149a667f5850d01aed3b034af307ae5b396a94fadf277f28a21be86916eb0', 'frozen_payload_sha256': '2cb05987ec047bd41f0f701af9cbe2c7d06760490597744d907d1893386206d4'}, 'cand_1f420ce5268e234e658c': {'state': 'PRESENT', 'expected_state': 'PRESENT', 'payload_exact': False, 'physical_payload_sha256': '50a1f6b3b6bbffce9d0e7c80532881bcb96acee7ceb96f9798d1a3e5c28c01f7', 'frozen_payload_sha256': '5f6d115ccbf8cf03540b9222c68720032bae762beedcbb44d02555547194f187'}, 'cand_93041865e5a926191d54': {'state': 'PRESENT', 'expected_state': 'PRESENT', 'payload_exact': False, 'physical_payload_sha256': 'e385b8b1eeaf61a95880f29eb75f9d55d5fac2aa859477fefa83bd1a6ca85c0c', 'frozen_payload_sha256': 'b67df8ecfe123d1adb94f40f4eb420b3350dddc002e6d8259fd32011e7acfd62'}, 'cand_560443d79842b416ea0d': {'state': 'PRESENT', 'expected_state': 'PRESENT', 'payload_exact': False, 'physical_payload_sha256': '19d13581518438a38b2124a16336deca754151c40b22d6c990e5b18c83fa366c', 'frozen_payload_sha256': 'd42afd30abaf76482f80aa16e672786b7d1ca060861d14076db14b4a068ddfd2'}, 'cand_0fdc909a2a3cf9718db9': {'state': 'PRESENT', 'expected_state': 'PRESENT', 'payload_exact': False, 'physical_payload_sha256': '0348dad884e72fecd8c19b672928fd56336fea957d38bdd7d2acce63108b99d9', 'frozen_payload_sha256': 'ce4da41cb61ca77cd84d3ec0467cbf88633839813149a07f1725d5a2e408e94c'}, 'cand_7531356383a7948fede1': {'state': 'PRESENT', 'expected_state': 'PRESENT', 'payload_exact': False, 'physical_payload_sha256': '52dfc30f6ab670b20b97e75227760f84bc326902b2957a19c320eb728a2ed42a', 'frozen_payload_sha256': '317daf6b6d91c773c9563bfedcf038703469c59fa06d5f951e67892fd394f606'}, 'cand_850ffdf5fc1ceee3e08d': {'state': 'PRESENT', 'expected_state': 'PRESENT', 'payload_exact': True, 'physical_payload_sha256': '454d59861034c0f3e55889b8176b61864ebf485e14d7422ef505d18749170a4a', 'frozen_payload_sha256': '454d59861034c0f3e55889b8176b61864ebf485e14d7422ef505d18749170a4a'}, 'cand_9a47b4882350bf5fccf9': {'state': 'PRESENT', 'expected_state': 'PRESENT', 'payload_exact': True, 'physical_payload_sha256': '6572aa9c7b3f76ba408b01f2ecd52339c6e8d3fa11be261185717cfbbb5b97c4', 'frozen_payload_sha256': '6572aa9c7b3f76ba408b01f2ecd52339c6e8d3fa11be261185717cfbbb5b97c4'}, 'cand_835deeb29a9e7947a98b': {'state': 'PRESENT', 'expected_state': 'PRESENT', 'payload_exact': True, 'physical_payload_sha256': '350fcc8b0194d7a40b43e82a0a08d53a472551766b14dc9c4ca8c2459e17b267', 'frozen_payload_sha256': '350fcc8b0194d7a40b43e82a0a08d53a472551766b14dc9c4ca8c2459e17b267'}, 'cand_b6cafc68143c6fa37e85': {'state': 'PRESENT', 'expected_state': 'PRESENT', 'payload_exact': True, 'physical_payload_sha256': '29c9fe4704d536feecc86b629c457d6df83408d06860142b94d569a68758791e', 'frozen_payload_sha256': '29c9fe4704d536feecc86b629c457d6df83408d06860142b94d569a68758791e'}, 'cand_f002ec4adfff3911240b': {'state': 'PRESENT', 'expected_state': 'PRESENT', 'payload_exact': True, 'physical_payload_sha256': '8ca28e1f85b64f132176f5f38374a69f3322425f8b16b86cf39d130402b884f9', 'frozen_payload_sha256': '8ca28e1f85b64f132176f5f38374a69f3322425f8b16b86cf39d130402b884f9'}, 'cand_d17d4fee04bca1295fdb': {'state': 'PRESENT', 'expected_state': 'PRESENT', 'payload_exact': False, 'physical_payload_sha256': 'd2d24e1624767715f39e594c677b4587e96308921778daa64b5129b1ee3ad2b9', 'frozen_payload_sha256': '76d6ac5d257e7d629dd40dac7f4df31b6afa7cd5f78213fd7b5877ea698c0cff'}, 'cand_044e770ab213d0ef37b1': {'state': 'PRESENT', 'expected_state': 'PRESENT', 'payload_exact': False, 'physical_payload_sha256': '031cde04b9feb6fdbf6f34bc8c512a67b25584d207c96fddc2377cd2f82a98bd', 'frozen_payload_sha256': 'a4643c81d0bbdeeff55bd5af299ec8b701fddf4b58bccdccf63364e56f3efec9'}, 'cand_cfb64b0bf69c059cd760': {'state': 'PRESENT', 'expected_state': 'PRESENT', 'payload_exact': False, 'physical_payload_sha256': '65683eb4607743571bb45b7a52de1c21a95f56260039a068030ff2de1b2c93c1', 'frozen_payload_sha256': '77a06ec1b4b55a35bc7a2109e2a107abd1a337894e5632ddf8edeb170245d56a'}, 'cand_6505783b203dc0346b49': {'state': 'PRESENT', 'expected_state': 'PRESENT', 'payload_exact': False, 'physical_payload_sha256': '37c669883641d73773a4b473eff5305e6bacf420e5555780935bcc2a331ceeed', 'frozen_payload_sha256': '2ac34bb1e198457880f2c8c1777a9be44de186a43c643fc821cbbdbc52a2eb85'}, 'cand_7b08320f31dae1c5e9f4': {'state': 'PRESENT', 'expected_state': 'PRESENT', 'payload_exact': False, 'physical_payload_sha256': '792e7b55dfa9d573b8e88d1b32153e6af0657b526271be0a02ebc5960a164bbd', 'frozen_payload_sha256': '34590ff396c3da7afc71438febcef566f01312571437efda2bd2307d62fa96d3'}, 'cand_e95bcd15c94c80f62716': {'state': 'PRESENT', 'expected_state': 'PRESENT', 'payload_exact': False, 'physical_payload_sha256': '45dcbabdd09a1193d6b91150aeb7a7dda89d559278cd4fad69b167c4173ea43e', 'frozen_payload_sha256': '855bae25320c7ef500e92c5dae7a0ad3fa34c6e91b08bf99c3514eec41a211fd'}, 'cand_5e3a909effbf6f7d6e21': {'state': 'PRESENT', 'expected_state': 'PRESENT', 'payload_exact': False, 'physical_payload_sha256': 'e5adfb9d4d30c1a06ade17cc968ab500884c1a39c1e0e2a6409115edd43eeb36', 'frozen_payload_sha256': '4600b66199d22a269d2c57b3a16753342ec0788979205796c6f7abe2e477cfb0'}, 'cand_cf35fb1b66d3371735fd': {'state': 'PRESENT', 'expected_state': 'PRESENT', 'payload_exact': False, 'physical_payload_sha256': '2af80d484679260f18126ff82ee5c93c75df8775e38564f3c68dc33953b30aed', 'frozen_payload_sha256': '1fa72add83fb87ead9666a8e9f20d2271cee71bbd91a030ee37b426c4bfcad54'}, 'cand_663a31a8fc0678a2324b': {'state': 'PRESENT', 'expected_state': 'PRESENT', 'payload_exact': False, 'physical_payload_sha256': 'f3c15489188e5c96c7ce6784db26cb35383efe24a4f4f643cb436af08db99104', 'frozen_payload_sha256': '8bb8a3b0d26b35e47cf45118feaea5be1442fcb6d840061e5754ebfd96ba9abb'}, 'cand_bb3c9704bc50457d0385': {'state': 'PRESENT', 'expected_state': 'PRESENT', 'payload_exact': False, 'physical_payload_sha256': '96708d8e8b5e6d4c3ccf5c5e45171ef95ee2d7f985aad9f224f25329fc16057f', 'frozen_payload_sha256': '077f3348eee1cfc37bf96d3cfc75a6cadfafb3309ea0e3d667c91c1743aac661'}, 'cand_a658273d38918de4ed71': {'state': 'PRESENT', 'expected_state': 'PRESENT', 'payload_exact': False, 'physical_payload_sha256': '305a566f2a4fb1bc7c6bb719d368c2f3c350f024a33d1a67a11ffd9b23a9e092', 'frozen_payload_sha256': '101ea86e36180af73ad6030c88f90300b3ae1cf8b22e521259e9ba8e5cbacfa4'}, 'cand_9e3965b9e6ab7faacc4e': {'state': 'PRESENT', 'expected_state': 'PRESENT', 'payload_exact': False, 'physical_payload_sha256': '523bce3aa5df3c32aa9dfa75b8391ee3d4d6463d77b66a5b6f9333935a94a0b6', 'frozen_payload_sha256': '649fb44ed9f328780449cc1567836952ca7be5838a4f97e4c462990cf3b5f1fd'}, 'cand_2bea04f8b2c85ff2a4e0': {'state': 'PRESENT', 'expected_state': 'PRESENT', 'payload_exact': False, 'physical_payload_sha256': '05faa6bba72f35f6988645f544b7dfe76e3ba305eb91f194751089fb70bddbc2', 'frozen_payload_sha256': 'b6ddecbea14e9d656b09d7966d76bf89161655658b19db5f784c7f8bcfc0d307'}, 'cand_d033eb981110aa21d3df': {'state': 'PRESENT', 'expected_state': 'PRESENT', 'payload_exact': False, 'physical_payload_sha256': 'b0437daa1aeb9d71f52d1d0a59d45fa1014fa3eaad92c0ddde725d9732471ef4', 'frozen_payload_sha256': '037a60cd1824505ccdccf7cabba581664b442a0eebfeaef5f1f2a80a6366be29'}, 'cand_0ef1e644231e36b17de7': {'state': 'PRESENT', 'expected_state': 'PRESENT', 'payload_exact': False, 'physical_payload_sha256': 'ff59b4e29ef1b7e9269f93bcd6e1a0bf7719e882071289b11c06f7f86eda57ca', 'frozen_payload_sha256': '0c689934e64907d227809512e09120892458bf362dc9c69e97e978212f6e44d0'}, 'cand_dd4fa07161dcf5def8eb': {'state': 'PRESENT', 'expected_state': 'PRESENT', 'payload_exact': False, 'physical_payload_sha256': '2a5a4bd2c9d77a93462c6f88a44f5760f5ecc60806b87bf62cee2cd92f8cc1b6', 'frozen_payload_sha256': 'd4a100e580a3beb1e20f89796de798e1a62a6b66138203dccfcb39c54abb4b75'}, 'cand_d102d0d6903dbc44935f': {'state': 'PRESENT', 'expected_state': 'PRESENT', 'payload_exact': False, 'physical_payload_sha256': 'd57a9881aafdaf1784cdb59b0c24c59214f22bfaf9405711434abc2467c8a315', 'frozen_payload_sha256': '510a673beacda7c55471e1a8e317e317e940299a18694b2e7c70f022126aad53'}}}"
physical,60000,final-31,4,False,0.004584595997584984,0.207904464994499,0.24917225900571793,0.01092213000083575,0.22341119099291973,0.47258344999863766,52941945.317475036,ac45c5a460616bdd84d1c887772d0a3285cd1a75195702bfa8c96e9d5e2f46d6,1963,"{'all_payloads_match': False, 'exact_payload_count': 5, 'states': {'cand_f94acad130c4ac5b3553': {'state': 'PRESENT', 'expected_state': 'PRESENT', 'payload_exact': False, 'physical_payload_sha256': '715aeef7ebd22b3b0b8aa2ce5c9f2e14abc36c8ba59329f795721b0c3977f38d', 'frozen_payload_sha256': '348c8dcc3f8e4bb419792cf6dc8f79bad4b29b7c92309191bb9174651a95cf9f'}, 'cand_6ca6020979af5e5766a4': {'state': 'PRESENT', 'expected_state': 'PRESENT', 'payload_exact': False, 'physical_payload_sha256': '7e83f2cab98b315522d07c7d4c4eaa1a533ae658679153a2729388534758dc3e', 'frozen_payload_sha256': 'efa2bfe39973c84e389049c089d09c3b23baa34d77043d5978b835ec0cacc161'}, 'cand_c6f83d66ce3d1e079f11': {'state': 'PRESENT', 'expected_state': 'PRESENT', 'payload_exact': False, 'physical_payload_sha256': '6e078c739bc88fd2b5ba50c49a4dcc1f65a76a169bf8c6182ce78919786be309', 'frozen_payload_sha256': '2cb05987ec047bd41f0f701af9cbe2c7d06760490597744d907d1893386206d4'}, 'cand_1f420ce5268e234e658c': {'state': 'PRESENT', 'expected_state': 'PRESENT', 'payload_exact': False, 'physical_payload_sha256': 'af6f5329e3234e1e43a6bafe2228e5fb69975a22278837a5ac2b694cb651a618', 'frozen_payload_sha256': '5f6d115ccbf8cf03540b9222c68720032bae762beedcbb44d02555547194f187'}, 'cand_93041865e5a926191d54': {'state': 'PRESENT', 'expected_state': 'PRESENT', 'payload_exact': False, 'physical_payload_sha256': 'f564bcd3607fdff11f5f8ed5667c2505b1aef466b90a481793efad31eb8d972e', 'frozen_payload_sha256': 'b67df8ecfe123d1adb94f40f4eb420b3350dddc002e6d8259fd32011e7acfd62'}, 'cand_560443d79842b416ea0d': {'state': 'PRESENT', 'expected_state': 'PRESENT', 'payload_exact': False, 'physical_payload_sha256': '8ea87aa3fa42b75c94c20700baf992a157ebc3589d99f46def2224b215817bcb', 'frozen_payload_sha256': 'd42afd30abaf76482f80aa16e672786b7d1ca060861d14076db14b4a068ddfd2'}, 'cand_0fdc909a2a3cf9718db9': {'state': 'PRESENT', 'expected_state': 'PRESENT', 'payload_exact': False, 'physical_payload_sha256': '7cfc3469b1dd0d967be7b7cbeb8bc9ccee186bbe7778f16b4138a582ff6e2fbf', 'frozen_payload_sha256': 'ce4da41cb61ca77cd84d3ec0467cbf88633839813149a07f1725d5a2e408e94c'}, 'cand_7531356383a7948fede1': {'state': 'PRESENT', 'expected_state': 'PRESENT', 'payload_exact': False, 'physical_payload_sha256': 'f0ec2e7dd0473ff99d29be86833e7ffe4bf657ba356010881de8b65fee2f30b8', 'frozen_payload_sha256': '317daf6b6d91c773c9563bfedcf038703469c59fa06d5f951e67892fd394f606'}, 'cand_850ffdf5fc1ceee3e08d': {'state': 'PRESENT', 'expected_state': 'PRESENT', 'payload_exact': True, 'physical_payload_sha256': '454d59861034c0f3e55889b8176b61864ebf485e14d7422ef505d18749170a4a', 'frozen_payload_sha256': '454d59861034c0f3e55889b8176b61864ebf485e14d7422ef505d18749170a4a'}, 'cand_9a47b4882350bf5fccf9': {'state': 'PRESENT', 'expected_state': 'PRESENT', 'payload_exact': True, 'physical_payload_sha256': '6572aa9c7b3f76ba408b01f2ecd52339c6e8d3fa11be261185717cfbbb5b97c4', 'frozen_payload_sha256': '6572aa9c7b3f76ba408b01f2ecd52339c6e8d3fa11be261185717cfbbb5b97c4'}, 'cand_835deeb29a9e7947a98b': {'state': 'PRESENT', 'expected_state': 'PRESENT', 'payload_exact': True, 'physical_payload_sha256': '350fcc8b0194d7a40b43e82a0a08d53a472551766b14dc9c4ca8c2459e17b267', 'frozen_payload_sha256': '350fcc8b0194d7a40b43e82a0a08d53a472551766b14dc9c4ca8c2459e17b267'}, 'cand_b6cafc68143c6fa37e85': {'state': 'PRESENT', 'expected_state': 'PRESENT', 'payload_exact': True, 'physical_payload_sha256': '29c9fe4704d536feecc86b629c457d6df83408d06860142b94d569a68758791e', 'frozen_payload_sha256': '29c9fe4704d536feecc86b629c457d6df83408d06860142b94d569a68758791e'}, 'cand_f002ec4adfff3911240b': {'state': 'PRESENT', 'expected_state': 'PRESENT', 'payload_exact': True, 'physical_payload_sha256': '8ca28e1f85b64f132176f5f38374a69f3322425f8b16b86cf39d130402b884f9', 'frozen_payload_sha256': '8ca28e1f85b64f132176f5f38374a69f3322425f8b16b86cf39d130402b884f9'}, 'cand_d17d4fee04bca1295fdb': {'state': 'PRESENT', 'expected_state': 'PRESENT', 'payload_exact': False, 'physical_payload_sha256': 'ee665749ad74e204621b20b186685f74ed41996fed302d0ab630ae2a6ef6a69c', 'frozen_payload_sha256': '76d6ac5d257e7d629dd40dac7f4df31b6afa7cd5f78213fd7b5877ea698c0cff'}, 'cand_044e770ab213d0ef37b1': {'state': 'PRESENT', 'expected_state': 'PRESENT', 'payload_exact': False, 'physical_payload_sha256': '0407389a2377cac4a2a25ce6eeae2fdd40de8fbd6957bc71ad4ca85aecdb590e', 'frozen_payload_sha256': 'a4643c81d0bbdeeff55bd5af299ec8b701fddf4b58bccdccf63364e56f3efec9'}, 'cand_cfb64b0bf69c059cd760': {'state': 'PRESENT', 'expected_state': 'PRESENT', 'payload_exact': False, 'physical_payload_sha256': '4abfeac5d4b668d65e1375f2ee15adc5ad118deca1e3aba8c26d208d985cb204', 'frozen_payload_sha256': '77a06ec1b4b55a35bc7a2109e2a107abd1a337894e5632ddf8edeb170245d56a'}, 'cand_6505783b203dc0346b49': {'state': 'PRESENT', 'expected_state': 'PRESENT', 'payload_exact': False, 'physical_payload_sha256': 'ec878e7efce77ff63e0518fe3c148f35a5c5180e85f6fbcfde630549a390e5b2', 'frozen_payload_sha256': '2ac34bb1e198457880f2c8c1777a9be44de186a43c643fc821cbbdbc52a2eb85'}, 'cand_7b08320f31dae1c5e9f4': {'state': 'PRESENT', 'expected_state': 'PRESENT', 'payload_exact': False, 'physical_payload_sha256': 'cbd3cdaaf050fea9998c93df6f4e04349269a3a1e5106474a26beed7533e4978', 'frozen_payload_sha256': '34590ff396c3da7afc71438febcef566f01312571437efda2bd2307d62fa96d3'}, 'cand_e95bcd15c94c80f62716': {'state': 'PRESENT', 'expected_state': 'PRESENT', 'payload_exact': False, 'physical_payload_sha256': '95bad7abbc8a6d376a754dc0ef4d67f8600279190ffc111c3602a2d155026872', 'frozen_payload_sha256': '855bae25320c7ef500e92c5dae7a0ad3fa34c6e91b08bf99c3514eec41a211fd'}, 'cand_5e3a909effbf6f7d6e21': {'state': 'PRESENT', 'expected_state': 'PRESENT', 'payload_exact': False, 'physical_payload_sha256': 'ea31756a6c67645431c3715a436ac3483bb03fcb7ec012b82816287b2573e20b', 'frozen_payload_sha256': '4600b66199d22a269d2c57b3a16753342ec0788979205796c6f7abe2e477cfb0'}, 'cand_cf35fb1b66d3371735fd': {'state': 'PRESENT', 'expected_state': 'PRESENT', 'payload_exact': False, 'physical_payload_sha256': '083f5eb256141e20a38aff5ff3c90c1ee0ed3e85cd5bf159a257b50a2349e142', 'frozen_payload_sha256': '1fa72add83fb87ead9666a8e9f20d2271cee71bbd91a030ee37b426c4bfcad54'}, 'cand_663a31a8fc0678a2324b': {'state': 'PRESENT', 'expected_state': 'PRESENT', 'payload_exact': False, 'physical_payload_sha256': '7959b9103287b434d3f6aa0850da4ff5b770c366c866ca1e17bd99ce4b5035d8', 'frozen_payload_sha256': '8bb8a3b0d26b35e47cf45118feaea5be1442fcb6d840061e5754ebfd96ba9abb'}, 'cand_bb3c9704bc50457d0385': {'state': 'PRESENT', 'expected_state': 'PRESENT', 'payload_exact': False, 'physical_payload_sha256': '96708d8e8b5e6d4c3ccf5c5e45171ef95ee2d7f985aad9f224f25329fc16057f', 'frozen_payload_sha256': '077f3348eee1cfc37bf96d3cfc75a6cadfafb3309ea0e3d667c91c1743aac661'}, 'cand_a658273d38918de4ed71': {'state': 'PRESENT', 'expected_state': 'PRESENT', 'payload_exact': False, 'physical_payload_sha256': 'f2fd0cdd13fedb878dc7b27651d6478245bc08761a27493c07b146ef0eca4ec2', 'frozen_payload_sha256': '101ea86e36180af73ad6030c88f90300b3ae1cf8b22e521259e9ba8e5cbacfa4'}, 'cand_9e3965b9e6ab7faacc4e': {'state': 'PRESENT', 'expected_state': 'PRESENT', 'payload_exact': False, 'physical_payload_sha256': '29d42714f08dae324777fc98999ffb1bfe8642fb3c4cdb32ca7518b8cd464599', 'frozen_payload_sha256': '649fb44ed9f328780449cc1567836952ca7be5838a4f97e4c462990cf3b5f1fd'}, 'cand_2bea04f8b2c85ff2a4e0': {'state': 'PRESENT', 'expected_state': 'PRESENT', 'payload_exact': False, 'physical_payload_sha256': '76a9a82bb9e02599b7dc657502fb37aee773a64193964b7c6e415b8d7e5389b6', 'frozen_payload_sha256': 'b6ddecbea14e9d656b09d7966d76bf89161655658b19db5f784c7f8bcfc0d307'}, 'cand_d033eb981110aa21d3df': {'state': 'PRESENT', 'expected_state': 'PRESENT', 'payload_exact': False, 'physical_payload_sha256': '7bcc7d1c4bfda98c1168ce2913186fa5f440b8ebffb6a02d47aba7b3ffcaab9a', 'frozen_payload_sha256': '037a60cd1824505ccdccf7cabba581664b442a0eebfeaef5f1f2a80a6366be29'}, 'cand_0ef1e644231e36b17de7': {'state': 'PRESENT', 'expected_state': 'PRESENT', 'payload_exact': False, 'physical_payload_sha256': 'b7c4f3d36a5cc961ef916696b06853c7342ae87f4b224125ab7954d8261dc974', 'frozen_payload_sha256': '0c689934e64907d227809512e09120892458bf362dc9c69e97e978212f6e44d0'}, 'cand_dd4fa07161dcf5def8eb': {'state': 'PRESENT', 'expected_state': 'PRESENT', 'payload_exact': False, 'physical_payload_sha256': '2a5a4bd2c9d77a93462c6f88a44f5760f5ecc60806b87bf62cee2cd92f8cc1b6', 'frozen_payload_sha256': 'd4a100e580a3beb1e20f89796de798e1a62a6b66138203dccfcb39c54abb4b75'}, 'cand_5400d6d245a511006593': {'state': 'PRESENT', 'expected_state': 'PRESENT', 'payload_exact': False, 'physical_payload_sha256': 'ffad79c9ce5a4f3affd2162fe793c6ccdc7f6feccec104ecb0e6315a4eb84a46', 'frozen_payload_sha256': '8960fa20a2b9bf2c1da9035dbb4e2e392958dcc0d110c644ba68dccb502274d8'}, 'cand_d102d0d6903dbc44935f': {'state': 'PRESENT', 'expected_state': 'PRESENT', 'payload_exact': False, 'physical_payload_sha256': 'ffe6fe73690ecc558c5b421858349d3fc25fa3f26ef5e223af77da5aa50420b1', 'frozen_payload_sha256': '510a673beacda7c55471e1a8e317e317e940299a18694b2e7c70f022126aad53'}}}"
physical,60000,empty,5,False,2.059001417364925e-06,0.06675429399911081,0.24807098100427538,0.008164161998138297,0.07492051499866648,0.32299149600294186,47805869.79579516,366638fecd8db23cded62c13b4482010a4d5325e3847cf6290612e9771d3e25d,1963,"{'all_payloads_match': True, 'exact_payload_count': 0}"
physical,60000,prefix-01,5,False,0.002435813999909442,0.06706597399897873,0.23294102400541306,0.010165403000428341,0.07966719099931652,0.3126082150047296,54105426.69923818,15bbc63599aa9f4f30d8f408a13c0569777ab00f7059095d87db42b0abb128d2,1963,"{'all_payloads_match': False, 'exact_payload_count': 0, 'states': {'cand_f94acad130c4ac5b3553': {'state': 'PRESENT', 'expected_state': 'PRESENT', 'payload_exact': False, 'physical_payload_sha256': 'f4dc19666284404c283e5b1c615d1f3049eceae994f49b575f5cc8222f16badf', 'frozen_payload_sha256': '348c8dcc3f8e4bb419792cf6dc8f79bad4b29b7c92309191bb9174651a95cf9f'}}}"
physical,60000,prefix-05,5,False,0.0013327659980859607,0.07682855299935909,0.23705096599587705,0.009073357003217097,0.08723467600066215,0.3242856419965392,122025368.80686386,1beda11e7e7dbf0035e4b6260e5a952c57c65a241c5bb32c95b86552f7f88596,1963,"{'all_payloads_match': False, 'exact_payload_count': 0, 'states': {'cand_f94acad130c4ac5b3553': {'state': 'PRESENT', 'expected_state': 'PRESENT', 'payload_exact': False, 'physical_payload_sha256': '530d09c2c3d39c617d07f5bf36fdff9b4b6d81f22fb131fe4cf2a15d6c340404', 'frozen_payload_sha256': '348c8dcc3f8e4bb419792cf6dc8f79bad4b29b7c92309191bb9174651a95cf9f'}, 'cand_6ca6020979af5e5766a4': {'state': 'PRESENT', 'expected_state': 'PRESENT', 'payload_exact': False, 'physical_payload_sha256': 'a957bb6303ac901d173581fe078a62136b2dfd05b9dcd4a032e8785b2548616c', 'frozen_payload_sha256': 'efa2bfe39973c84e389049c089d09c3b23baa34d77043d5978b835ec0cacc161'}, 'cand_c6f83d66ce3d1e079f11': {'state': 'PRESENT', 'expected_state': 'PRESENT', 'payload_exact': False, 'physical_payload_sha256': '8c01e2205436b159459e3396e02fbb9fbc1b8218ca2addabd6bcce09b46e2fce', 'frozen_payload_sha256': '2cb05987ec047bd41f0f701af9cbe2c7d06760490597744d907d1893386206d4'}, 'cand_1f420ce5268e234e658c': {'state': 'PRESENT', 'expected_state': 'PRESENT', 'payload_exact': False, 'physical_payload_sha256': '928f352b45d6b24a6d48b48ba5c0fbe15741cfe9d22762c0feb31cfe7a89497c', 'frozen_payload_sha256': '5f6d115ccbf8cf03540b9222c68720032bae762beedcbb44d02555547194f187'}, 'cand_bb3c9704bc50457d0385': {'state': 'PRESENT', 'expected_state': 'PRESENT', 'payload_exact': False, 'physical_payload_sha256': '807d7ef3d439765478ee73f4d3d640640f540ff6cbc2073a717e857f54a4af55', 'frozen_payload_sha256': '077f3348eee1cfc37bf96d3cfc75a6cadfafb3309ea0e3d667c91c1743aac661'}}}"
physical,60000,prefix-16,5,False,0.0029104240020387806,0.12829228500049794,0.24907594800606603,0.01037971000187099,0.1415824190044077,0.39065836701047374,49254421.692718044,9e85076301264708c6b0c203a1c4ae16a1f6bb60f0bec336f26a07185efe3877,1963,"{'all_payloads_match': False, 'exact_payload_count': 1, 'states': {'cand_f94acad130c4ac5b3553': {'state': 'PRESENT', 'expected_state': 'PRESENT', 'payload_exact': False, 'physical_payload_sha256': 'f255ee5f7115b28ffd90a1784eaa5580f6aa8f868bb86c4053bc6e3d78cc2056', 'frozen_payload_sha256': '348c8dcc3f8e4bb419792cf6dc8f79bad4b29b7c92309191bb9174651a95cf9f'}, 'cand_6ca6020979af5e5766a4': {'state': 'PRESENT', 'expected_state': 'PRESENT', 'payload_exact': False, 'physical_payload_sha256': '14878631755ab3d601e6ea895ce2686042843dd5d6b47364158a384ca86bd8bb', 'frozen_payload_sha256': 'efa2bfe39973c84e389049c089d09c3b23baa34d77043d5978b835ec0cacc161'}, 'cand_c6f83d66ce3d1e079f11': {'state': 'PRESENT', 'expected_state': 'PRESENT', 'payload_exact': False, 'physical_payload_sha256': '32c32368c1a2cd432e8c6a89f548a69b1357c8617f895a525cc3d4a3dd4c7e35', 'frozen_payload_sha256': '2cb05987ec047bd41f0f701af9cbe2c7d06760490597744d907d1893386206d4'}, 'cand_1f420ce5268e234e658c': {'state': 'PRESENT', 'expected_state': 'PRESENT', 'payload_exact': False, 'physical_payload_sha256': '71991d3e531f1c9754fbbf6604bac87db2a755d2832008df2fe19b68569b53af', 'frozen_payload_sha256': '5f6d115ccbf8cf03540b9222c68720032bae762beedcbb44d02555547194f187'}, 'cand_93041865e5a926191d54': {'state': 'PRESENT', 'expected_state': 'PRESENT', 'payload_exact': False, 'physical_payload_sha256': '6558e0b4b52618b73b82f12cd59d33760cdefe6452a76f67193c19aaab8c7a52', 'frozen_payload_sha256': 'b67df8ecfe123d1adb94f40f4eb420b3350dddc002e6d8259fd32011e7acfd62'}, 'cand_560443d79842b416ea0d': {'state': 'PRESENT', 'expected_state': 'PRESENT', 'payload_exact': False, 'physical_payload_sha256': '4d2c4c895b2081f2b7f8b25b7df75c8285517b6644a224d261d82a06e12a87ec', 'frozen_payload_sha256': 'd42afd30abaf76482f80aa16e672786b7d1ca060861d14076db14b4a068ddfd2'}, 'cand_0fdc909a2a3cf9718db9': {'state': 'PRESENT', 'expected_state': 'PRESENT', 'payload_exact': False, 'physical_payload_sha256': '47c05838d06a43f3f4bd07e5cf5c29327f49cd12ca2a9cbd61a003be44995714', 'frozen_payload_sha256': 'ce4da41cb61ca77cd84d3ec0467cbf88633839813149a07f1725d5a2e408e94c'}, 'cand_7531356383a7948fede1': {'state': 'PRESENT', 'expected_state': 'PRESENT', 'payload_exact': False, 'physical_payload_sha256': '0c1df273d81de2da141f2701f837e3a1bcd4d9660da2675af937f7fcb888dfb0', 'frozen_payload_sha256': '317daf6b6d91c773c9563bfedcf038703469c59fa06d5f951e67892fd394f606'}, 'cand_850ffdf5fc1ceee3e08d': {'state': 'PRESENT', 'expected_state': 'PRESENT', 'payload_exact': True, 'physical_payload_sha256': '454d59861034c0f3e55889b8176b61864ebf485e14d7422ef505d18749170a4a', 'frozen_payload_sha256': '454d59861034c0f3e55889b8176b61864ebf485e14d7422ef505d18749170a4a'}, 'cand_cfb64b0bf69c059cd760': {'state': 'PRESENT', 'expected_state': 'PRESENT', 'payload_exact': False, 'physical_payload_sha256': '2aeaad90479b1f44bc13c9ba57d3eb7da0d82a4d277f4c6f8879faa49150c71b', 'frozen_payload_sha256': '77a06ec1b4b55a35bc7a2109e2a107abd1a337894e5632ddf8edeb170245d56a'}, 'cand_663a31a8fc0678a2324b': {'state': 'PRESENT', 'expected_state': 'PRESENT', 'payload_exact': False, 'physical_payload_sha256': '47efb42dbc5ff2dec414098deaaf2f9e37057e8497425d1466c7f5ac6a3a99bd', 'frozen_payload_sha256': '8bb8a3b0d26b35e47cf45118feaea5be1442fcb6d840061e5754ebfd96ba9abb'}, 'cand_bb3c9704bc50457d0385': {'state': 'PRESENT', 'expected_state': 'PRESENT', 'payload_exact': False, 'physical_payload_sha256': 'ab6c40b1a0fd91a1317269ddb8137fbd0b1b1a088a057c65b950f9d7c4eb25d6', 'frozen_payload_sha256': '077f3348eee1cfc37bf96d3cfc75a6cadfafb3309ea0e3d667c91c1743aac661'}, 'cand_9e3965b9e6ab7faacc4e': {'state': 'PRESENT', 'expected_state': 'PRESENT', 'payload_exact': False, 'physical_payload_sha256': '523bce3aa5df3c32aa9dfa75b8391ee3d4d6463d77b66a5b6f9333935a94a0b6', 'frozen_payload_sha256': '649fb44ed9f328780449cc1567836952ca7be5838a4f97e4c462990cf3b5f1fd'}, 'cand_2bea04f8b2c85ff2a4e0': {'state': 'PRESENT', 'expected_state': 'PRESENT', 'payload_exact': False, 'physical_payload_sha256': '0843b268f793fafbf2b06eff501e0682f905726fdcd61cbc007b5e5484fdb428', 'frozen_payload_sha256': 'b6ddecbea14e9d656b09d7966d76bf89161655658b19db5f784c7f8bcfc0d307'}, 'cand_0ef1e644231e36b17de7': {'state': 'PRESENT', 'expected_state': 'PRESENT', 'payload_exact': False, 'physical_payload_sha256': '46a1f81dedcb4ed7539c4254af6ba2b89a66ee676106b780ce9eae2a4995728b', 'frozen_payload_sha256': '0c689934e64907d227809512e09120892458bf362dc9c69e97e978212f6e44d0'}, 'cand_dd4fa07161dcf5def8eb': {'state': 'PRESENT', 'expected_state': 'PRESENT', 'payload_exact': False, 'physical_payload_sha256': 'df9109e28c4a084dac97324819bea5d09381a31b0ab79be6dc77e2e60294274d', 'frozen_payload_sha256': 'd4a100e580a3beb1e20f89796de798e1a62a6b66138203dccfcb39c54abb4b75'}}}"
physical,60000,prefix-30,5,False,0.004666821005230304,0.2051204199960921,0.2534623340034159,0.009982620002119802,0.2197698610034422,0.4732321950068581,70097957.74501163,cfaf8f3f6f0f78a3157ef0f94bc01f5f0f7b196f4b1e9f146a02ba9b038e96e9,1963,"{'all_payloads_match': False, 'exact_payload_count': 5, 'states': {'cand_f94acad130c4ac5b3553': {'state': 'PRESENT', 'expected_state': 'PRESENT', 'payload_exact': False, 'physical_payload_sha256': 'dea87f08ed8c93d9cf70f36299faf2ce0a0e724d6801532ce5c4f0ab2d0191a8', 'frozen_payload_sha256': '348c8dcc3f8e4bb419792cf6dc8f79bad4b29b7c92309191bb9174651a95cf9f'}, 'cand_6ca6020979af5e5766a4': {'state': 'PRESENT', 'expected_state': 'PRESENT', 'payload_exact': False, 'physical_payload_sha256': 'a957bb6303ac901d173581fe078a62136b2dfd05b9dcd4a032e8785b2548616c', 'frozen_payload_sha256': 'efa2bfe39973c84e389049c089d09c3b23baa34d77043d5978b835ec0cacc161'}, 'cand_c6f83d66ce3d1e079f11': {'state': 'PRESENT', 'expected_state': 'PRESENT', 'payload_exact': False, 'physical_payload_sha256': '159e55482d6c371546f0d99f13dd0cea63743809b5c8288ed67be6e2387f22a5', 'frozen_payload_sha256': '2cb05987ec047bd41f0f701af9cbe2c7d06760490597744d907d1893386206d4'}, 'cand_1f420ce5268e234e658c': {'state': 'PRESENT', 'expected_state': 'PRESENT', 'payload_exact': False, 'physical_payload_sha256': 'beeb48c1d3feaf34019d5c08a810b479148f92bec4d80ba76cb726834467f151', 'frozen_payload_sha256': '5f6d115ccbf8cf03540b9222c68720032bae762beedcbb44d02555547194f187'}, 'cand_93041865e5a926191d54': {'state': 'PRESENT', 'expected_state': 'PRESENT', 'payload_exact': False, 'physical_payload_sha256': '98db4f558247ed16738f3746ee691947778108fde78d4b0f91fe546f45b78b68', 'frozen_payload_sha256': 'b67df8ecfe123d1adb94f40f4eb420b3350dddc002e6d8259fd32011e7acfd62'}, 'cand_560443d79842b416ea0d': {'state': 'PRESENT', 'expected_state': 'PRESENT', 'payload_exact': False, 'physical_payload_sha256': '3aaa16210ca21be59c4b39c223a951c1f80856f84151bd7ea9723be1763d71d8', 'frozen_payload_sha256': 'd42afd30abaf76482f80aa16e672786b7d1ca060861d14076db14b4a068ddfd2'}, 'cand_0fdc909a2a3cf9718db9': {'state': 'PRESENT', 'expected_state': 'PRESENT', 'payload_exact': False, 'physical_payload_sha256': '300678b0514acf00cf79c3ef9869f07d14afe8c04607a24c872969c71153bf77', 'frozen_payload_sha256': 'ce4da41cb61ca77cd84d3ec0467cbf88633839813149a07f1725d5a2e408e94c'}, 'cand_7531356383a7948fede1': {'state': 'PRESENT', 'expected_state': 'PRESENT', 'payload_exact': False, 'physical_payload_sha256': 'd22c7a1ffbcd8c3db92fd3a821b07d44fa3ee363694922385c3c6e6c86cfad37', 'frozen_payload_sha256': '317daf6b6d91c773c9563bfedcf038703469c59fa06d5f951e67892fd394f606'}, 'cand_850ffdf5fc1ceee3e08d': {'state': 'PRESENT', 'expected_state': 'PRESENT', 'payload_exact': True, 'physical_payload_sha256': '454d59861034c0f3e55889b8176b61864ebf485e14d7422ef505d18749170a4a', 'frozen_payload_sha256': '454d59861034c0f3e55889b8176b61864ebf485e14d7422ef505d18749170a4a'}, 'cand_9a47b4882350bf5fccf9': {'state': 'PRESENT', 'expected_state': 'PRESENT', 'payload_exact': True, 'physical_payload_sha256': '6572aa9c7b3f76ba408b01f2ecd52339c6e8d3fa11be261185717cfbbb5b97c4', 'frozen_payload_sha256': '6572aa9c7b3f76ba408b01f2ecd52339c6e8d3fa11be261185717cfbbb5b97c4'}, 'cand_835deeb29a9e7947a98b': {'state': 'PRESENT', 'expected_state': 'PRESENT', 'payload_exact': True, 'physical_payload_sha256': '350fcc8b0194d7a40b43e82a0a08d53a472551766b14dc9c4ca8c2459e17b267', 'frozen_payload_sha256': '350fcc8b0194d7a40b43e82a0a08d53a472551766b14dc9c4ca8c2459e17b267'}, 'cand_b6cafc68143c6fa37e85': {'state': 'PRESENT', 'expected_state': 'PRESENT', 'payload_exact': True, 'physical_payload_sha256': '29c9fe4704d536feecc86b629c457d6df83408d06860142b94d569a68758791e', 'frozen_payload_sha256': '29c9fe4704d536feecc86b629c457d6df83408d06860142b94d569a68758791e'}, 'cand_f002ec4adfff3911240b': {'state': 'PRESENT', 'expected_state': 'PRESENT', 'payload_exact': True, 'physical_payload_sha256': '8ca28e1f85b64f132176f5f38374a69f3322425f8b16b86cf39d130402b884f9', 'frozen_payload_sha256': '8ca28e1f85b64f132176f5f38374a69f3322425f8b16b86cf39d130402b884f9'}, 'cand_d17d4fee04bca1295fdb': {'state': 'PRESENT', 'expected_state': 'PRESENT', 'payload_exact': False, 'physical_payload_sha256': '69a2977739d0d4efbf74b939b8e6bb3f8aea96d6ff5b6a3bb8572ca91b98e1a4', 'frozen_payload_sha256': '76d6ac5d257e7d629dd40dac7f4df31b6afa7cd5f78213fd7b5877ea698c0cff'}, 'cand_044e770ab213d0ef37b1': {'state': 'PRESENT', 'expected_state': 'PRESENT', 'payload_exact': False, 'physical_payload_sha256': '55d17f29d9d66a2daffaa350ed22fea1a818f11ab14874b1e50b7789946f9f12', 'frozen_payload_sha256': 'a4643c81d0bbdeeff55bd5af299ec8b701fddf4b58bccdccf63364e56f3efec9'}, 'cand_cfb64b0bf69c059cd760': {'state': 'PRESENT', 'expected_state': 'PRESENT', 'payload_exact': False, 'physical_payload_sha256': '586809ef4595c378c7b35b5392062fd9d1e8edbe1d0a9069b61e7fca86f5ecfa', 'frozen_payload_sha256': '77a06ec1b4b55a35bc7a2109e2a107abd1a337894e5632ddf8edeb170245d56a'}, 'cand_6505783b203dc0346b49': {'state': 'PRESENT', 'expected_state': 'PRESENT', 'payload_exact': False, 'physical_payload_sha256': '55756f6a56a4ecc070a3fe78352501b236e6e54b0f68ff797244ba0d0f484ef2', 'frozen_payload_sha256': '2ac34bb1e198457880f2c8c1777a9be44de186a43c643fc821cbbdbc52a2eb85'}, 'cand_7b08320f31dae1c5e9f4': {'state': 'PRESENT', 'expected_state': 'PRESENT', 'payload_exact': False, 'physical_payload_sha256': 'd41be836e2a6efd614aa13d34f71356cb5ba9ec5b176d535ec80380e23704192', 'frozen_payload_sha256': '34590ff396c3da7afc71438febcef566f01312571437efda2bd2307d62fa96d3'}, 'cand_e95bcd15c94c80f62716': {'state': 'PRESENT', 'expected_state': 'PRESENT', 'payload_exact': False, 'physical_payload_sha256': 'a7369703fbf2730820b45a667995d5df777f81ac9639b3fd70ba2a010d173b45', 'frozen_payload_sha256': '855bae25320c7ef500e92c5dae7a0ad3fa34c6e91b08bf99c3514eec41a211fd'}, 'cand_5e3a909effbf6f7d6e21': {'state': 'PRESENT', 'expected_state': 'PRESENT', 'payload_exact': False, 'physical_payload_sha256': '474438e654486f2b902952f26e6822f901b4bcc414a399b700babe023f62a832', 'frozen_payload_sha256': '4600b66199d22a269d2c57b3a16753342ec0788979205796c6f7abe2e477cfb0'}, 'cand_cf35fb1b66d3371735fd': {'state': 'PRESENT', 'expected_state': 'PRESENT', 'payload_exact': False, 'physical_payload_sha256': '5524c572d1066775dacac7258b9acbe9242ae3d034b8c1f0ad2703bd72147ca1', 'frozen_payload_sha256': '1fa72add83fb87ead9666a8e9f20d2271cee71bbd91a030ee37b426c4bfcad54'}, 'cand_663a31a8fc0678a2324b': {'state': 'PRESENT', 'expected_state': 'PRESENT', 'payload_exact': False, 'physical_payload_sha256': 'f776b9de4bf27fb9e10e2c431945afc49657ac7c414aa5818c9686a53ba2768b', 'frozen_payload_sha256': '8bb8a3b0d26b35e47cf45118feaea5be1442fcb6d840061e5754ebfd96ba9abb'}, 'cand_bb3c9704bc50457d0385': {'state': 'PRESENT', 'expected_state': 'PRESENT', 'payload_exact': False, 'physical_payload_sha256': '807d7ef3d439765478ee73f4d3d640640f540ff6cbc2073a717e857f54a4af55', 'frozen_payload_sha256': '077f3348eee1cfc37bf96d3cfc75a6cadfafb3309ea0e3d667c91c1743aac661'}, 'cand_a658273d38918de4ed71': {'state': 'PRESENT', 'expected_state': 'PRESENT', 'payload_exact': False, 'physical_payload_sha256': '4de17cf881171313d071f4fc0606d904c6c4e216a9976a71b1b65f8bffda1fb0', 'frozen_payload_sha256': '101ea86e36180af73ad6030c88f90300b3ae1cf8b22e521259e9ba8e5cbacfa4'}, 'cand_9e3965b9e6ab7faacc4e': {'state': 'PRESENT', 'expected_state': 'PRESENT', 'payload_exact': False, 'physical_payload_sha256': '446ca81df7fd3e2aaf15fb354eafddca812c6ce05bad5842ccb0a7a917695bc8', 'frozen_payload_sha256': '649fb44ed9f328780449cc1567836952ca7be5838a4f97e4c462990cf3b5f1fd'}, 'cand_2bea04f8b2c85ff2a4e0': {'state': 'PRESENT', 'expected_state': 'PRESENT', 'payload_exact': False, 'physical_payload_sha256': 'd685d029d6e8f1487e6c6b21044319e50d863c6056c9cfdc8606175972d0abae', 'frozen_payload_sha256': 'b6ddecbea14e9d656b09d7966d76bf89161655658b19db5f784c7f8bcfc0d307'}, 'cand_d033eb981110aa21d3df': {'state': 'PRESENT', 'expected_state': 'PRESENT', 'payload_exact': False, 'physical_payload_sha256': 'c55e4ba7266c1861690788e5696a7f6263bffb4b0ac3a9ec7db2a763ee913425', 'frozen_payload_sha256': '037a60cd1824505ccdccf7cabba581664b442a0eebfeaef5f1f2a80a6366be29'}, 'cand_0ef1e644231e36b17de7': {'state': 'PRESENT', 'expected_state': 'PRESENT', 'payload_exact': False, 'physical_payload_sha256': 'c2cae727bd0a0c7c5fa9c9d3f1898a8315091a73dc4704a4c5d5262035097619', 'frozen_payload_sha256': '0c689934e64907d227809512e09120892458bf362dc9c69e97e978212f6e44d0'}, 'cand_dd4fa07161dcf5def8eb': {'state': 'PRESENT', 'expected_state': 'PRESENT', 'payload_exact': False, 'physical_payload_sha256': 'ec4ce01840d97c64b7e4b0332a1666b9cb3258397502d5913b13a4e7a3e4214e', 'frozen_payload_sha256': 'd4a100e580a3beb1e20f89796de798e1a62a6b66138203dccfcb39c54abb4b75'}, 'cand_d102d0d6903dbc44935f': {'state': 'PRESENT', 'expected_state': 'PRESENT', 'payload_exact': False, 'physical_payload_sha256': 'c0aa317614167f68b2bd59266205b2969b7c650c63570b0baf78582f77b43625', 'frozen_payload_sha256': '510a673beacda7c55471e1a8e317e317e940299a18694b2e7c70f022126aad53'}}}"
physical,60000,final-31,5,False,0.004276903004210908,0.20866233600099804,0.26085924899962265,0.010799467003380414,0.22373870600858936,0.484597955008212,49673879.566390984,d81dceeaeff49c3bdababb9cae8bfb2d49463908342499e17f1026bc67e3d06a,1963,"{'all_payloads_match': False, 'exact_payload_count': 5, 'states': {'cand_f94acad130c4ac5b3553': {'state': 'PRESENT', 'expected_state': 'PRESENT', 'payload_exact': False, 'physical_payload_sha256': '8b6a2bb77464735c1cddc50ae4af36014c9c2b7ee15445f1515d7ad7bb8a3389', 'frozen_payload_sha256': '348c8dcc3f8e4bb419792cf6dc8f79bad4b29b7c92309191bb9174651a95cf9f'}, 'cand_6ca6020979af5e5766a4': {'state': 'PRESENT', 'expected_state': 'PRESENT', 'payload_exact': False, 'physical_payload_sha256': '14878631755ab3d601e6ea895ce2686042843dd5d6b47364158a384ca86bd8bb', 'frozen_payload_sha256': 'efa2bfe39973c84e389049c089d09c3b23baa34d77043d5978b835ec0cacc161'}, 'cand_c6f83d66ce3d1e079f11': {'state': 'PRESENT', 'expected_state': 'PRESENT', 'payload_exact': False, 'physical_payload_sha256': '80445e36faae297c81d7ba1feaf4b5f07fea86ffd2b14dedfa1adacf7a9cacb2', 'frozen_payload_sha256': '2cb05987ec047bd41f0f701af9cbe2c7d06760490597744d907d1893386206d4'}, 'cand_1f420ce5268e234e658c': {'state': 'PRESENT', 'expected_state': 'PRESENT', 'payload_exact': False, 'physical_payload_sha256': '2207cf9f8fef1ec4c560a43b0e95b5dbde678ab3dfbd12cd08872b7969e660d6', 'frozen_payload_sha256': '5f6d115ccbf8cf03540b9222c68720032bae762beedcbb44d02555547194f187'}, 'cand_93041865e5a926191d54': {'state': 'PRESENT', 'expected_state': 'PRESENT', 'payload_exact': False, 'physical_payload_sha256': 'fdf07ff2bd02d45c827687b6dfb54391de98438020818e791ba36cc404f951f6', 'frozen_payload_sha256': 'b67df8ecfe123d1adb94f40f4eb420b3350dddc002e6d8259fd32011e7acfd62'}, 'cand_560443d79842b416ea0d': {'state': 'PRESENT', 'expected_state': 'PRESENT', 'payload_exact': False, 'physical_payload_sha256': '978cac675732ec0b19c376682a13869342ef7a8b58037c6c1f2a82ca2b02d71c', 'frozen_payload_sha256': 'd42afd30abaf76482f80aa16e672786b7d1ca060861d14076db14b4a068ddfd2'}, 'cand_0fdc909a2a3cf9718db9': {'state': 'PRESENT', 'expected_state': 'PRESENT', 'payload_exact': False, 'physical_payload_sha256': '45d6ab49b2424d5e1c2e09bbf1fec41ce8032b3b0a32a65e01e05cb216dd7208', 'frozen_payload_sha256': 'ce4da41cb61ca77cd84d3ec0467cbf88633839813149a07f1725d5a2e408e94c'}, 'cand_7531356383a7948fede1': {'state': 'PRESENT', 'expected_state': 'PRESENT', 'payload_exact': False, 'physical_payload_sha256': 'e5fa53a1587a98611269800575806b238308725aa165a392ca75fe5cac9d84b4', 'frozen_payload_sha256': '317daf6b6d91c773c9563bfedcf038703469c59fa06d5f951e67892fd394f606'}, 'cand_850ffdf5fc1ceee3e08d': {'state': 'PRESENT', 'expected_state': 'PRESENT', 'payload_exact': True, 'physical_payload_sha256': '454d59861034c0f3e55889b8176b61864ebf485e14d7422ef505d18749170a4a', 'frozen_payload_sha256': '454d59861034c0f3e55889b8176b61864ebf485e14d7422ef505d18749170a4a'}, 'cand_9a47b4882350bf5fccf9': {'state': 'PRESENT', 'expected_state': 'PRESENT', 'payload_exact': True, 'physical_payload_sha256': '6572aa9c7b3f76ba408b01f2ecd52339c6e8d3fa11be261185717cfbbb5b97c4', 'frozen_payload_sha256': '6572aa9c7b3f76ba408b01f2ecd52339c6e8d3fa11be261185717cfbbb5b97c4'}, 'cand_835deeb29a9e7947a98b': {'state': 'PRESENT', 'expected_state': 'PRESENT', 'payload_exact': True, 'physical_payload_sha256': '350fcc8b0194d7a40b43e82a0a08d53a472551766b14dc9c4ca8c2459e17b267', 'frozen_payload_sha256': '350fcc8b0194d7a40b43e82a0a08d53a472551766b14dc9c4ca8c2459e17b267'}, 'cand_b6cafc68143c6fa37e85': {'state': 'PRESENT', 'expected_state': 'PRESENT', 'payload_exact': True, 'physical_payload_sha256': '29c9fe4704d536feecc86b629c457d6df83408d06860142b94d569a68758791e', 'frozen_payload_sha256': '29c9fe4704d536feecc86b629c457d6df83408d06860142b94d569a68758791e'}, 'cand_f002ec4adfff3911240b': {'state': 'PRESENT', 'expected_state': 'PRESENT', 'payload_exact': True, 'physical_payload_sha256': '8ca28e1f85b64f132176f5f38374a69f3322425f8b16b86cf39d130402b884f9', 'frozen_payload_sha256': '8ca28e1f85b64f132176f5f38374a69f3322425f8b16b86cf39d130402b884f9'}, 'cand_d17d4fee04bca1295fdb': {'state': 'PRESENT', 'expected_state': 'PRESENT', 'payload_exact': False, 'physical_payload_sha256': 'c1eaac6ab8cf91042b015f7c5b917c8b7b29cd973a86227f80f36b63e74111cb', 'frozen_payload_sha256': '76d6ac5d257e7d629dd40dac7f4df31b6afa7cd5f78213fd7b5877ea698c0cff'}, 'cand_044e770ab213d0ef37b1': {'state': 'PRESENT', 'expected_state': 'PRESENT', 'payload_exact': False, 'physical_payload_sha256': 'e10b0b7af5d9f6439b7dced5b1a3d3d04e5f20a65dfcc4b15b5598fed969b2c4', 'frozen_payload_sha256': 'a4643c81d0bbdeeff55bd5af299ec8b701fddf4b58bccdccf63364e56f3efec9'}, 'cand_cfb64b0bf69c059cd760': {'state': 'PRESENT', 'expected_state': 'PRESENT', 'payload_exact': False, 'physical_payload_sha256': 'adafa8c1af06998fe7b62f3622539302ffcae43cb6a88fb0235f86b58a77f57b', 'frozen_payload_sha256': '77a06ec1b4b55a35bc7a2109e2a107abd1a337894e5632ddf8edeb170245d56a'}, 'cand_6505783b203dc0346b49': {'state': 'PRESENT', 'expected_state': 'PRESENT', 'payload_exact': False, 'physical_payload_sha256': '3ebff1eaf70013f9c749dca26bae0fa7097e4c02e17ef5eea0576299fd4e3909', 'frozen_payload_sha256': '2ac34bb1e198457880f2c8c1777a9be44de186a43c643fc821cbbdbc52a2eb85'}, 'cand_7b08320f31dae1c5e9f4': {'state': 'PRESENT', 'expected_state': 'PRESENT', 'payload_exact': False, 'physical_payload_sha256': 'e001eb12b96d60167954d5003bd3222580ec266f0cbdc779afcf3adabab9bd08', 'frozen_payload_sha256': '34590ff396c3da7afc71438febcef566f01312571437efda2bd2307d62fa96d3'}, 'cand_e95bcd15c94c80f62716': {'state': 'PRESENT', 'expected_state': 'PRESENT', 'payload_exact': False, 'physical_payload_sha256': '4474230040ec7f8d3de645ecaed49e96dc80ca87bd415e04ba2d48093636ba46', 'frozen_payload_sha256': '855bae25320c7ef500e92c5dae7a0ad3fa34c6e91b08bf99c3514eec41a211fd'}, 'cand_5e3a909effbf6f7d6e21': {'state': 'PRESENT', 'expected_state': 'PRESENT', 'payload_exact': False, 'physical_payload_sha256': '97445c45eab08141019f059923c504a83b25137dad583dd541a496fd38a19bf7', 'frozen_payload_sha256': '4600b66199d22a269d2c57b3a16753342ec0788979205796c6f7abe2e477cfb0'}, 'cand_cf35fb1b66d3371735fd': {'state': 'PRESENT', 'expected_state': 'PRESENT', 'payload_exact': False, 'physical_payload_sha256': '9a99419fa65f55920dac9f85a3aea67ef05660e73e799696eb33dd3ae3f2fb55', 'frozen_payload_sha256': '1fa72add83fb87ead9666a8e9f20d2271cee71bbd91a030ee37b426c4bfcad54'}, 'cand_663a31a8fc0678a2324b': {'state': 'PRESENT', 'expected_state': 'PRESENT', 'payload_exact': False, 'physical_payload_sha256': '229c62707cc88d0ef83d760f36d325e9b0000541b80f3fb429ffa1022acf73b8', 'frozen_payload_sha256': '8bb8a3b0d26b35e47cf45118feaea5be1442fcb6d840061e5754ebfd96ba9abb'}, 'cand_bb3c9704bc50457d0385': {'state': 'PRESENT', 'expected_state': 'PRESENT', 'payload_exact': False, 'physical_payload_sha256': 'ab6c40b1a0fd91a1317269ddb8137fbd0b1b1a088a057c65b950f9d7c4eb25d6', 'frozen_payload_sha256': '077f3348eee1cfc37bf96d3cfc75a6cadfafb3309ea0e3d667c91c1743aac661'}, 'cand_a658273d38918de4ed71': {'state': 'PRESENT', 'expected_state': 'PRESENT', 'payload_exact': False, 'physical_payload_sha256': 'd6a65d8808f4c81e258f3309f1fddc227e414ce2304c1c0e5db1bbbaff5cd24e', 'frozen_payload_sha256': '101ea86e36180af73ad6030c88f90300b3ae1cf8b22e521259e9ba8e5cbacfa4'}, 'cand_9e3965b9e6ab7faacc4e': {'state': 'PRESENT', 'expected_state': 'PRESENT', 'payload_exact': False, 'physical_payload_sha256': '29d42714f08dae324777fc98999ffb1bfe8642fb3c4cdb32ca7518b8cd464599', 'frozen_payload_sha256': '649fb44ed9f328780449cc1567836952ca7be5838a4f97e4c462990cf3b5f1fd'}, 'cand_2bea04f8b2c85ff2a4e0': {'state': 'PRESENT', 'expected_state': 'PRESENT', 'payload_exact': False, 'physical_payload_sha256': '03c53cf7faff9047bccb90d6e2cd436467624e94631f1977166b996d44c717e1', 'frozen_payload_sha256': 'b6ddecbea14e9d656b09d7966d76bf89161655658b19db5f784c7f8bcfc0d307'}, 'cand_d033eb981110aa21d3df': {'state': 'PRESENT', 'expected_state': 'PRESENT', 'payload_exact': False, 'physical_payload_sha256': '2134647eca919138d17d9e4032b72253b7f856be0cc7e137e48f46c02fd6a341', 'frozen_payload_sha256': '037a60cd1824505ccdccf7cabba581664b442a0eebfeaef5f1f2a80a6366be29'}, 'cand_0ef1e644231e36b17de7': {'state': 'PRESENT', 'expected_state': 'PRESENT', 'payload_exact': False, 'physical_payload_sha256': 'd7b8a6063844bf6bd407dd6aabcafa80c97aa7480241fa9d3c9c0ceadffeff1f', 'frozen_payload_sha256': '0c689934e64907d227809512e09120892458bf362dc9c69e97e978212f6e44d0'}, 'cand_dd4fa07161dcf5def8eb': {'state': 'PRESENT', 'expected_state': 'PRESENT', 'payload_exact': False, 'physical_payload_sha256': '891bf364a2281e42a213e80d57ec05b7cf697e91fda7aa647338d7f0262a3d17', 'frozen_payload_sha256': 'd4a100e580a3beb1e20f89796de798e1a62a6b66138203dccfcb39c54abb4b75'}, 'cand_5400d6d245a511006593': {'state': 'PRESENT', 'expected_state': 'PRESENT', 'payload_exact': False, 'physical_payload_sha256': 'd4b1cd50d1d53fd9cc8ae14d4ef13ce480a9b40f765d0a577885ddd81fdc9979', 'frozen_payload_sha256': '8960fa20a2b9bf2c1da9035dbb4e2e392958dcc0d110c644ba68dccb502274d8'}, 'cand_d102d0d6903dbc44935f': {'state': 'PRESENT', 'expected_state': 'PRESENT', 'payload_exact': False, 'physical_payload_sha256': 'af333542ff9506ddfec92758cb2e7c0cfb237e05d97bebc6fa04019f25e2e251', 'frozen_payload_sha256': '510a673beacda7c55471e1a8e317e317e940299a18694b2e7c70f022126aad53'}}}"
hypothetical,60000,empty,1,False,,,0.24307846000010613,,,0.24333309999929043,45557385.17332646,d7f7efc9679483e6301416a22becb6cfa479cbb43110c579842c33e644165d6c,1963,
hypothetical,60000,prefix-01,1,False,,,0.2606927689994336,,,0.2609638479989371,47757244.80435576,812d518e695e7cd41df379d8f864e178dee1f383ee229b2cf808113075be41d4,1963,
hypothetical,60000,prefix-05,1,False,,,0.2862431870016735,,,0.28646134600421647,47312077.99567127,38c560c8bc2ef4854706b0d3908f983c36c5d041fcdb4cd26ca1522ae004e9b4,1963,
hypothetical,60000,prefix-16,1,False,,,0.29140046799875563,,,0.2916643610005849,47294273.28511551,3270a20918009db1f0f5befd8b0f876fe387110bec76da1bb9e18b5684967ee8,1963,
hypothetical,60000,prefix-30,1,False,,,0.30017013200267684,,,0.3005061130024842,47168976.56348081,b3493d91e7d538f337fedbb79d0bba520acb2d7906641e185a501e4de7fffce4,1963,
hypothetical,60000,final-31,1,False,,,0.2911642809995101,,,0.2914949460027856,47168976.56348081,b3493d91e7d538f337fedbb79d0bba520acb2d7906641e185a501e4de7fffce4,1963,
hypothetical,60000,empty,2,False,,,0.2605958269996336,,,0.26087171599647263,45557385.17332646,d7f7efc9679483e6301416a22becb6cfa479cbb43110c579842c33e644165d6c,1963,
hypothetical,60000,prefix-01,2,False,,,0.26760457800264703,,,0.26783820200216724,47757244.80435576,812d518e695e7cd41df379d8f864e178dee1f383ee229b2cf808113075be41d4,1963,
hypothetical,60000,prefix-05,2,False,,,0.28077348499937216,,,0.28114775699941674,47312077.99567127,38c560c8bc2ef4854706b0d3908f983c36c5d041fcdb4cd26ca1522ae004e9b4,1963,
hypothetical,60000,prefix-16,2,False,,,0.2859059239999624,,,0.2861539340010495,47294273.28511551,3270a20918009db1f0f5befd8b0f876fe387110bec76da1bb9e18b5684967ee8,1963,
hypothetical,60000,prefix-30,2,False,,,0.29824214299878804,,,0.2985497400004533,47168976.56348081,b3493d91e7d538f337fedbb79d0bba520acb2d7906641e185a501e4de7fffce4,1963,
hypothetical,60000,final-31,2,False,,,0.3020752330048708,,,0.30247766700631473,47168976.56348081,b3493d91e7d538f337fedbb79d0bba520acb2d7906641e185a501e4de7fffce4,1963,
hypothetical,60000,empty,3,False,,,0.2616628200048581,,,0.26193099000374787,45557385.17332646,d7f7efc9679483e6301416a22becb6cfa479cbb43110c579842c33e644165d6c,1963,
hypothetical,60000,prefix-01,3,False,,,0.2682123440026771,,,0.2684981250058627,47757244.80435576,812d518e695e7cd41df379d8f864e178dee1f383ee229b2cf808113075be41d4,1963,
hypothetical,60000,prefix-05,3,False,,,0.2700219019970973,,,0.27027330699638696,47312077.99567127,38c560c8bc2ef4854706b0d3908f983c36c5d041fcdb4cd26ca1522ae004e9b4,1963,
hypothetical,60000,prefix-16,3,False,,,0.2957040449982742,,,0.2960003760017571,47294273.28511551,3270a20918009db1f0f5befd8b0f876fe387110bec76da1bb9e18b5684967ee8,1963,
hypothetical,60000,prefix-30,3,False,,,0.29183047600236023,,,0.2921526560021448,47168976.56348081,b3493d91e7d538f337fedbb79d0bba520acb2d7906641e185a501e4de7fffce4,1963,
hypothetical,60000,final-31,3,False,,,0.2662447609982337,,,0.26654120899911504,47168976.56348081,b3493d91e7d538f337fedbb79d0bba520acb2d7906641e185a501e4de7fffce4,1963,
hypothetical,60000,empty,4,False,,,0.22673506299906876,,,0.22701658499863697,45557385.17332646,d7f7efc9679483e6301416a22becb6cfa479cbb43110c579842c33e644165d6c,1963,
hypothetical,60000,prefix-01,4,False,,,0.22702469499927247,,,0.22729020599945216,47757244.80435576,812d518e695e7cd41df379d8f864e178dee1f383ee229b2cf808113075be41d4,1963,
hypothetical,60000,prefix-05,4,False,,,0.23466479499620618,,,0.23492089698993368,47312077.99567127,38c560c8bc2ef4854706b0d3908f983c36c5d041fcdb4cd26ca1522ae004e9b4,1963,
hypothetical,60000,prefix-16,4,False,,,0.24116292600228917,,,0.24137810400134185,47294273.28511551,3270a20918009db1f0f5befd8b0f876fe387110bec76da1bb9e18b5684967ee8,1963,
hypothetical,60000,prefix-30,4,False,,,0.24870704399654642,,,0.2490997839922784,47168976.56348081,b3493d91e7d538f337fedbb79d0bba520acb2d7906641e185a501e4de7fffce4,1963,
hypothetical,60000,final-31,4,False,,,0.2678146519974689,,,0.2680445539954235,47168976.56348081,b3493d91e7d538f337fedbb79d0bba520acb2d7906641e185a501e4de7fffce4,1963,
hypothetical,60000,empty,5,False,,,0.23341746300138766,,,0.23368482899968512,45557385.17332646,d7f7efc9679483e6301416a22becb6cfa479cbb43110c579842c33e644165d6c,1963,
hypothetical,60000,prefix-01,5,False,,,0.26467108500219183,,,0.2648656140008825,47757244.80435576,812d518e695e7cd41df379d8f864e178dee1f383ee229b2cf808113075be41d4,1963,
hypothetical,60000,prefix-05,5,False,,,0.23966469199513085,,,0.23987479899369646,47312077.99567127,38c560c8bc2ef4854706b0d3908f983c36c5d041fcdb4cd26ca1522ae004e9b4,1963,
hypothetical,60000,prefix-16,5,False,,,0.23670621600467712,,,0.236927772006311,47294273.28511551,3270a20918009db1f0f5befd8b0f876fe387110bec76da1bb9e18b5684967ee8,1963,
hypothetical,60000,prefix-30,5,False,,,0.24311156700423453,,,0.24339272500219522,47168976.56348081,b3493d91e7d538f337fedbb79d0bba520acb2d7906641e185a501e4de7fffce4,1963,
hypothetical,60000,final-31,5,False,,,0.2467802120008855,,,0.24705917399842292,47168976.56348081,b3493d91e7d538f337fedbb79d0bba520acb2d7906641e185a501e4de7fffce4,1963,
physical,120000,empty,1,False,1.872002030722797e-06,0.06520229200395988,0.24572508800338255,0.00698823499988066,0.07219239900587127,0.3179174870092538,26671621.68336575,4018b51f92c39449982b9255bae636a9179eb5ea73cdb075d449e14f276f9b6a,1963,"{'all_payloads_match': True, 'exact_payload_count': 0}"
physical,120000,prefix-01,1,False,0.002264183000079356,0.06664088000252377,0.2451569019976887,0.009683945005235728,0.07858900800783886,0.32374591000552755,26684060.350049444,57d3ff6f8a8263e564bd108a5fbe6ef10c4a95caa7b3c51bb02ad900765e3d68,1963,"{'all_payloads_match': False, 'exact_payload_count': 0, 'states': {'cand_f94acad130c4ac5b3553': {'state': 'PRESENT', 'expected_state': 'PRESENT', 'payload_exact': False, 'physical_payload_sha256': '4168b4bf66dc8c564523d906408db4c75fe5c4876bcfc7cfb8255297d3845fcf', 'frozen_payload_sha256': '3c4e013d02f3b8d0724b2a166139b9e3af87f27c15bd35f0d400f6c8a1a368e9'}}}"
physical,120000,prefix-05,1,False,0.0013697030008188449,0.08074034300079802,0.24848337600269588,0.009839628997724503,0.09194967499934137,0.34043305100203725,26222752.84229453,1387a3757ef64667671752fc37a3c9f193a8e07dfb717395a12f165dca76c6b1,1963,"{'all_payloads_match': False, 'exact_payload_count': 0, 'states': {'cand_f94acad130c4ac5b3553': {'state': 'PRESENT', 'expected_state': 'PRESENT', 'payload_exact': False, 'physical_payload_sha256': '1cad931e9d7969464e0e2b82a7595f5726ed7e2fc0932ac4c697483454e3ba9b', 'frozen_payload_sha256': '3c4e013d02f3b8d0724b2a166139b9e3af87f27c15bd35f0d400f6c8a1a368e9'}, 'cand_6ca6020979af5e5766a4': {'state': 'PRESENT', 'expected_state': 'PRESENT', 'payload_exact': False, 'physical_payload_sha256': '4e26c58004d7d0279919e9636298335f4be843250a8bf631c44ead29a535ca6c', 'frozen_payload_sha256': '566293273bdde4e051a7642e81f5a3b934c3fcdcf9a5c6915d3b531daac5435a'}, 'cand_c6f83d66ce3d1e079f11': {'state': 'PRESENT', 'expected_state': 'PRESENT', 'payload_exact': False, 'physical_payload_sha256': '2b48a5802c877f9c3ad6681dcd6b79fde3ebc7a1bbc36b061693a7dfcd164bb3', 'frozen_payload_sha256': '2c0cc00f4dc7b84e1b5663b0fa242ba63406f778ed4a6bc9a04c6fc2bbf5cbca'}, 'cand_1f420ce5268e234e658c': {'state': 'PRESENT', 'expected_state': 'PRESENT', 'payload_exact': False, 'physical_payload_sha256': '9237e8921b1cc4dfe435e99ad909af30ae5d21ae5fced234ce1f854dcab598e0', 'frozen_payload_sha256': '91ec3b38f39234abbc7c93de5d3efe8950f0bc7e53d612bc25a538bc7dffaecb'}, 'cand_bb3c9704bc50457d0385': {'state': 'PRESENT', 'expected_state': 'PRESENT', 'payload_exact': False, 'physical_payload_sha256': 'dac34a3ce9efb39feb959b2401c7370e403d962fb47f10fec7840f730a6e0ed5', 'frozen_payload_sha256': '64b23a717d41913b3ce11944f179b39f51d8e7a4879120dd9c498791de459806'}}}"
physical,120000,prefix-16,1,False,0.0025645499990787357,0.13589786200464005,0.29513135699380655,0.008815471002890263,0.14727788300660904,0.4424092400004156,26168650.668865312,c97e5d8bf6b2a48f5e1c08ac6f87841c4a3d020fa1fa1044f92e7e6f7d49ca71,1963,"{'all_payloads_match': False, 'exact_payload_count': 1, 'states': {'cand_f94acad130c4ac5b3553': {'state': 'PRESENT', 'expected_state': 'PRESENT', 'payload_exact': False, 'physical_payload_sha256': '1faddc36187e560f49e71a4cda74480e5e4721281c82dcdad430391726813e49', 'frozen_payload_sha256': '3c4e013d02f3b8d0724b2a166139b9e3af87f27c15bd35f0d400f6c8a1a368e9'}, 'cand_6ca6020979af5e5766a4': {'state': 'PRESENT', 'expected_state': 'PRESENT', 'payload_exact': False, 'physical_payload_sha256': 'bd3f1c0d5e68636ac207e66928645d7b71277722c7408be3e2ccf386ed5e161c', 'frozen_payload_sha256': '566293273bdde4e051a7642e81f5a3b934c3fcdcf9a5c6915d3b531daac5435a'}, 'cand_c6f83d66ce3d1e079f11': {'state': 'PRESENT', 'expected_state': 'PRESENT', 'payload_exact': False, 'physical_payload_sha256': '94835d78467a2e6fcadd524c836f3a75370ddd567e43be882a30cd580db2b979', 'frozen_payload_sha256': '2c0cc00f4dc7b84e1b5663b0fa242ba63406f778ed4a6bc9a04c6fc2bbf5cbca'}, 'cand_1f420ce5268e234e658c': {'state': 'PRESENT', 'expected_state': 'PRESENT', 'payload_exact': False, 'physical_payload_sha256': 'c1f5b35cacea573a1da351eabd1e408ee6b90ca619f4426b4b2f5f184fe256e0', 'frozen_payload_sha256': '91ec3b38f39234abbc7c93de5d3efe8950f0bc7e53d612bc25a538bc7dffaecb'}, 'cand_93041865e5a926191d54': {'state': 'PRESENT', 'expected_state': 'PRESENT', 'payload_exact': False, 'physical_payload_sha256': '1b0e6ff79cd65e0b96613708c20aebafcfcaf8ecf8d77879a8d29be8a20a0e4d', 'frozen_payload_sha256': '113812e4cd54ed7959caae6952fada4535674a16973580aff64c559560f49e8b'}, 'cand_560443d79842b416ea0d': {'state': 'PRESENT', 'expected_state': 'PRESENT', 'payload_exact': False, 'physical_payload_sha256': '59ebc41fda5ca51315212199279881be004e10467b72ea7572b7fb397b21b91d', 'frozen_payload_sha256': 'be78ff92a97910cc3de151f0dca1042f41c18a3f3bc2a2cd7232086e03853af7'}, 'cand_0fdc909a2a3cf9718db9': {'state': 'PRESENT', 'expected_state': 'PRESENT', 'payload_exact': False, 'physical_payload_sha256': '0e48ea7cbd99c41911e6e8e46b143a9939172d45336117b185beeb68264009b0', 'frozen_payload_sha256': '2ad2ca3dab99c5a630c7c0c648513d0a4d2c2c786a5831a3531adf621367fdc8'}, 'cand_7531356383a7948fede1': {'state': 'PRESENT', 'expected_state': 'PRESENT', 'payload_exact': False, 'physical_payload_sha256': 'fbe9660a218ce4800662cfb8d1e71d67985232369d957fdd45ea09789816ed43', 'frozen_payload_sha256': 'c5fe4a04f2721d84170dcd083a7c33cd35dbd446ad580049e0e52c86a768df5e'}, 'cand_850ffdf5fc1ceee3e08d': {'state': 'PRESENT', 'expected_state': 'PRESENT', 'payload_exact': True, 'physical_payload_sha256': '454d59861034c0f3e55889b8176b61864ebf485e14d7422ef505d18749170a4a', 'frozen_payload_sha256': '454d59861034c0f3e55889b8176b61864ebf485e14d7422ef505d18749170a4a'}, 'cand_cfb64b0bf69c059cd760': {'state': 'PRESENT', 'expected_state': 'PRESENT', 'payload_exact': False, 'physical_payload_sha256': 'c43b2c275884d68b3277d137b05cfad4b859cec5e3ee7d55f1c8006bdc15e946', 'frozen_payload_sha256': 'd2972276ef2029733a9fd28fe87c72b707aa4d8c891c836d2897c298a70713ca'}, 'cand_663a31a8fc0678a2324b': {'state': 'PRESENT', 'expected_state': 'PRESENT', 'payload_exact': False, 'physical_payload_sha256': '20992faf5ed0fe760a64d034b57da02ddc62488ab75e43f58b2909aaed419e63', 'frozen_payload_sha256': '363cbc361303a331f1e2dc39caed83a6acc9d8e078dc633eb198a2139a28b63a'}, 'cand_bb3c9704bc50457d0385': {'state': 'PRESENT', 'expected_state': 'PRESENT', 'payload_exact': False, 'physical_payload_sha256': '1dd82df6abec36ca7bbe45844f75a01d724f1438eda9f5ed4704f331aadad57e', 'frozen_payload_sha256': '64b23a717d41913b3ce11944f179b39f51d8e7a4879120dd9c498791de459806'}, 'cand_9e3965b9e6ab7faacc4e': {'state': 'PRESENT', 'expected_state': 'PRESENT', 'payload_exact': False, 'physical_payload_sha256': '54dd689ea5f8af46140e18ff73fec1bc22be9b7c9f357cc411609b9d87b6ba4f', 'frozen_payload_sha256': 'fc622ae586ae4fcb2832a08be2cebc66fa4b50be4acd805a48aa92876a312a83'}, 'cand_2bea04f8b2c85ff2a4e0': {'state': 'PRESENT', 'expected_state': 'PRESENT', 'payload_exact': False, 'physical_payload_sha256': '4000649bc7aa73f824e24a15c8e8bde425c19d72f76b2502085abb61968dd4e5', 'frozen_payload_sha256': '4a7c0e1d0141710fdcdf76df8fa423c804ec8925ca9d61640570cf5aa5bf5b2c'}, 'cand_0ef1e644231e36b17de7': {'state': 'PRESENT', 'expected_state': 'PRESENT', 'payload_exact': False, 'physical_payload_sha256': 'c9390e1baed057d2cc90295e68e68f29d3a46eb84cb710b2433bb4c5c3723de2', 'frozen_payload_sha256': '38aad8babae9bf7fd2d705dc029db3a75135e046ee1042a7fd6ae338ff66b81a'}, 'cand_dd4fa07161dcf5def8eb': {'state': 'PRESENT', 'expected_state': 'PRESENT', 'payload_exact': False, 'physical_payload_sha256': 'de56e29cfa63d4e836f0556d44d9ebf9a3f67046323b141dded0b46946b95740', 'frozen_payload_sha256': '7e95d8be59b3a80bb6048fb0ce97f5f15b7a7a58b294d7a00d552af271f72133'}}}"
physical,120000,prefix-30,1,False,0.0048676419974071905,0.19776155200088397,0.27866504600388,0.010190553999564145,0.2128197479978553,0.4914847940017353,26220637.755173817,c4f5890764ac7dd26f66cb2d047a736c950615699ceb1bb9846516ab531f303e,1963,"{'all_payloads_match': False, 'exact_payload_count': 5, 'states': {'cand_f94acad130c4ac5b3553': {'state': 'PRESENT', 'expected_state': 'PRESENT', 'payload_exact': False, 'physical_payload_sha256': 'e5151984078209630dc05a85dd2417306320412872463a19dc3790051dc0990e', 'frozen_payload_sha256': '3c4e013d02f3b8d0724b2a166139b9e3af87f27c15bd35f0d400f6c8a1a368e9'}, 'cand_6ca6020979af5e5766a4': {'state': 'PRESENT', 'expected_state': 'PRESENT', 'payload_exact': False, 'physical_payload_sha256': '7c10fe06860fdf657a7f9461e9bf03082a2e5af7a801f959e7349444486c65f4', 'frozen_payload_sha256': '566293273bdde4e051a7642e81f5a3b934c3fcdcf9a5c6915d3b531daac5435a'}, 'cand_c6f83d66ce3d1e079f11': {'state': 'PRESENT', 'expected_state': 'PRESENT', 'payload_exact': False, 'physical_payload_sha256': 'b47c511be094098a2a8e165066c02e44c151270074429d042164e3a5eafb4d22', 'frozen_payload_sha256': '2c0cc00f4dc7b84e1b5663b0fa242ba63406f778ed4a6bc9a04c6fc2bbf5cbca'}, 'cand_1f420ce5268e234e658c': {'state': 'PRESENT', 'expected_state': 'PRESENT', 'payload_exact': False, 'physical_payload_sha256': '80ee6664beb2cf0c573f3d37421508eaf92c78ed0cfcd29e83fc9d7b7fa8676a', 'frozen_payload_sha256': '91ec3b38f39234abbc7c93de5d3efe8950f0bc7e53d612bc25a538bc7dffaecb'}, 'cand_93041865e5a926191d54': {'state': 'PRESENT', 'expected_state': 'PRESENT', 'payload_exact': False, 'physical_payload_sha256': 'af531501df4fe809672f455a8dbb9801b2e2edfe68c2becd58027f8f29acefda', 'frozen_payload_sha256': '113812e4cd54ed7959caae6952fada4535674a16973580aff64c559560f49e8b'}, 'cand_560443d79842b416ea0d': {'state': 'PRESENT', 'expected_state': 'PRESENT', 'payload_exact': False, 'physical_payload_sha256': '1d9f204041a1ab19be769664d390275b067a24de7fb56cf5e20ecaec7fae7fff', 'frozen_payload_sha256': 'be78ff92a97910cc3de151f0dca1042f41c18a3f3bc2a2cd7232086e03853af7'}, 'cand_0fdc909a2a3cf9718db9': {'state': 'PRESENT', 'expected_state': 'PRESENT', 'payload_exact': False, 'physical_payload_sha256': 'f5a08c623667dc405fc3f180e1d18bb2ceac12cf46c0e6b20febc60bd93b4414', 'frozen_payload_sha256': '2ad2ca3dab99c5a630c7c0c648513d0a4d2c2c786a5831a3531adf621367fdc8'}, 'cand_7531356383a7948fede1': {'state': 'PRESENT', 'expected_state': 'PRESENT', 'payload_exact': False, 'physical_payload_sha256': 'c231bd7562f7f212f3d26ded785cac34a49c5b21b765c2ffc49f28b044327a44', 'frozen_payload_sha256': 'c5fe4a04f2721d84170dcd083a7c33cd35dbd446ad580049e0e52c86a768df5e'}, 'cand_850ffdf5fc1ceee3e08d': {'state': 'PRESENT', 'expected_state': 'PRESENT', 'payload_exact': True, 'physical_payload_sha256': '454d59861034c0f3e55889b8176b61864ebf485e14d7422ef505d18749170a4a', 'frozen_payload_sha256': '454d59861034c0f3e55889b8176b61864ebf485e14d7422ef505d18749170a4a'}, 'cand_9a47b4882350bf5fccf9': {'state': 'PRESENT', 'expected_state': 'PRESENT', 'payload_exact': True, 'physical_payload_sha256': '6572aa9c7b3f76ba408b01f2ecd52339c6e8d3fa11be261185717cfbbb5b97c4', 'frozen_payload_sha256': '6572aa9c7b3f76ba408b01f2ecd52339c6e8d3fa11be261185717cfbbb5b97c4'}, 'cand_835deeb29a9e7947a98b': {'state': 'PRESENT', 'expected_state': 'PRESENT', 'payload_exact': True, 'physical_payload_sha256': '350fcc8b0194d7a40b43e82a0a08d53a472551766b14dc9c4ca8c2459e17b267', 'frozen_payload_sha256': '350fcc8b0194d7a40b43e82a0a08d53a472551766b14dc9c4ca8c2459e17b267'}, 'cand_b6cafc68143c6fa37e85': {'state': 'PRESENT', 'expected_state': 'PRESENT', 'payload_exact': True, 'physical_payload_sha256': '29c9fe4704d536feecc86b629c457d6df83408d06860142b94d569a68758791e', 'frozen_payload_sha256': '29c9fe4704d536feecc86b629c457d6df83408d06860142b94d569a68758791e'}, 'cand_f002ec4adfff3911240b': {'state': 'PRESENT', 'expected_state': 'PRESENT', 'payload_exact': True, 'physical_payload_sha256': '8ca28e1f85b64f132176f5f38374a69f3322425f8b16b86cf39d130402b884f9', 'frozen_payload_sha256': '8ca28e1f85b64f132176f5f38374a69f3322425f8b16b86cf39d130402b884f9'}, 'cand_d17d4fee04bca1295fdb': {'state': 'PRESENT', 'expected_state': 'PRESENT', 'payload_exact': False, 'physical_payload_sha256': 'd55c1e9d5472fdb1dc59896631afb756a4a560b94444b6caa66bbad46b27e63b', 'frozen_payload_sha256': '521abe6a7105a98b023917c07edecd0807613872118e9cef8c621a3561b7e8b3'}, 'cand_044e770ab213d0ef37b1': {'state': 'PRESENT', 'expected_state': 'PRESENT', 'payload_exact': False, 'physical_payload_sha256': '1809c4a4c98b992be5971e4418a0c2a980604a8c4657070a74de8cd16636a20f', 'frozen_payload_sha256': 'b317223e170577ca8ab253066cab88805fe4b6daf941b2dde27d87378ed57718'}, 'cand_cfb64b0bf69c059cd760': {'state': 'PRESENT', 'expected_state': 'PRESENT', 'payload_exact': False, 'physical_payload_sha256': 'ce5f10c2e087bdb79fd1a5d0e26ab7e0b1cfab68b43c69b7d460b6f609173dc1', 'frozen_payload_sha256': 'd2972276ef2029733a9fd28fe87c72b707aa4d8c891c836d2897c298a70713ca'}, 'cand_6505783b203dc0346b49': {'state': 'PRESENT', 'expected_state': 'PRESENT', 'payload_exact': False, 'physical_payload_sha256': 'ba39680f84f493ab9d2a765901d78945cfc073e02bf5f28e700c6a44ca554f0a', 'frozen_payload_sha256': '62dd86cc324c57d751a95b6bb40bf32cf734605b6274986eddb36bd235bdf1f0'}, 'cand_7b08320f31dae1c5e9f4': {'state': 'PRESENT', 'expected_state': 'PRESENT', 'payload_exact': False, 'physical_payload_sha256': 'c0de112e1e038cf0edd28d3b13e1cc73d7112d149f8ef0519595cbbe5fc9f1a7', 'frozen_payload_sha256': '30f8bf69ea746fc2ece4fa158fb3592b0af48f507cdba8f714db0743728debcd'}, 'cand_e95bcd15c94c80f62716': {'state': 'PRESENT', 'expected_state': 'PRESENT', 'payload_exact': False, 'physical_payload_sha256': 'c8589dbadc6321ae109f43509e623d2188d1785a5a09aa2fc1f3b83c5d665ac8', 'frozen_payload_sha256': 'df57b832272f3cb05ba73349e6d8d14a2c5bd1c8b36c1dce06af7c12d7a54469'}, 'cand_5e3a909effbf6f7d6e21': {'state': 'PRESENT', 'expected_state': 'PRESENT', 'payload_exact': False, 'physical_payload_sha256': '7f195d11dba626ca40618e5db5cffeb57cf1a100a7a74fd365b0c35de28064ea', 'frozen_payload_sha256': '750559a80d6ddae2040622b145a63733a1512442c0db9c18ccfebe631f1d4d55'}, 'cand_cf35fb1b66d3371735fd': {'state': 'PRESENT', 'expected_state': 'PRESENT', 'payload_exact': False, 'physical_payload_sha256': '8090cd640d2b022efd6add39955f0889f6629227a631c09c60a9d24300035272', 'frozen_payload_sha256': 'ac4cafa3d4dc672a82e60cb929588b5548cbb761b5d7e5080ab411264fbdfd19'}, 'cand_663a31a8fc0678a2324b': {'state': 'PRESENT', 'expected_state': 'PRESENT', 'payload_exact': False, 'physical_payload_sha256': 'a050962e3c75b9c89a1d5243d528bdadf08a73d99515e71faf69643f699be946', 'frozen_payload_sha256': '363cbc361303a331f1e2dc39caed83a6acc9d8e078dc633eb198a2139a28b63a'}, 'cand_bb3c9704bc50457d0385': {'state': 'PRESENT', 'expected_state': 'PRESENT', 'payload_exact': False, 'physical_payload_sha256': 'b75c0cbe10cdcddf2bac128d82736ba73c0cf8751af6bd6bcbb74578f74f69aa', 'frozen_payload_sha256': '64b23a717d41913b3ce11944f179b39f51d8e7a4879120dd9c498791de459806'}, 'cand_a658273d38918de4ed71': {'state': 'PRESENT', 'expected_state': 'PRESENT', 'payload_exact': False, 'physical_payload_sha256': '8e92f5929a5691d3df990ebe52c7e78d3c712c9b11aa4a8049dacfa4f3e4c904', 'frozen_payload_sha256': '86cb8926db7981c756aeafae2b782fb530091aced914ce129c327c9ccdc9753d'}, 'cand_9e3965b9e6ab7faacc4e': {'state': 'PRESENT', 'expected_state': 'PRESENT', 'payload_exact': False, 'physical_payload_sha256': '8866b8e4fdcb0e65001236ba2f5410e6d1182b47f46bc47be1fe38065f2570cd', 'frozen_payload_sha256': 'fc622ae586ae4fcb2832a08be2cebc66fa4b50be4acd805a48aa92876a312a83'}, 'cand_2bea04f8b2c85ff2a4e0': {'state': 'PRESENT', 'expected_state': 'PRESENT', 'payload_exact': False, 'physical_payload_sha256': '99ec29e52c20bfe4f048c537972988d1986902a5a8abd7596caecb56a1e99093', 'frozen_payload_sha256': '4a7c0e1d0141710fdcdf76df8fa423c804ec8925ca9d61640570cf5aa5bf5b2c'}, 'cand_d033eb981110aa21d3df': {'state': 'PRESENT', 'expected_state': 'PRESENT', 'payload_exact': False, 'physical_payload_sha256': 'd68b5116eef95ab1b9c27c9638950ac8a1e0b26811483b656896147a16319a2a', 'frozen_payload_sha256': '733ab1bb1f4ef4def3888a09e10d19ac64d6335565cd3127d626bbbaa6e82236'}, 'cand_0ef1e644231e36b17de7': {'state': 'PRESENT', 'expected_state': 'PRESENT', 'payload_exact': False, 'physical_payload_sha256': 'a06d17249d722717f18e52d4bf5d80297899789b9d67b03fc6506236d7037f4e', 'frozen_payload_sha256': '38aad8babae9bf7fd2d705dc029db3a75135e046ee1042a7fd6ae338ff66b81a'}, 'cand_dd4fa07161dcf5def8eb': {'state': 'PRESENT', 'expected_state': 'PRESENT', 'payload_exact': False, 'physical_payload_sha256': 'ad5b59e88e722ddda9cfe88c523a99791f90cf4fdfc5610c62a6210bdd53a7a3', 'frozen_payload_sha256': '7e95d8be59b3a80bb6048fb0ce97f5f15b7a7a58b294d7a00d552af271f72133'}, 'cand_d102d0d6903dbc44935f': {'state': 'PRESENT', 'expected_state': 'PRESENT', 'payload_exact': False, 'physical_payload_sha256': '243ac2aceed129e9182609d587f625320321538f99046c1ad2150dfb2f43f34f', 'frozen_payload_sha256': 'bf92095272c99df681c6de75268ad16fae2557e56723c8b1e8706568729f97c0'}}}"
physical,120000,final-31,1,False,0.005062383999757003,0.21396341000217944,0.26912703499692725,0.010143781000806484,0.22916957500274293,0.4982966099996702,26328665.6618518,3bb994484cd1b84f1ac84c65522fb83b71a94ccc358e919b9568f9a405229d47,1963,"{'all_payloads_match': False, 'exact_payload_count': 5, 'states': {'cand_f94acad130c4ac5b3553': {'state': 'PRESENT', 'expected_state': 'PRESENT', 'payload_exact': False, 'physical_payload_sha256': 'e861066fb4cc3f9b2e08d7c877a3e12ff490609a99294881339a1a97c1e003e5', 'frozen_payload_sha256': '3c4e013d02f3b8d0724b2a166139b9e3af87f27c15bd35f0d400f6c8a1a368e9'}, 'cand_6ca6020979af5e5766a4': {'state': 'PRESENT', 'expected_state': 'PRESENT', 'payload_exact': False, 'physical_payload_sha256': '1de19df1ea076041f50e9320a23312d6c5b9744690998f7e5b226b51c808aca0', 'frozen_payload_sha256': '566293273bdde4e051a7642e81f5a3b934c3fcdcf9a5c6915d3b531daac5435a'}, 'cand_c6f83d66ce3d1e079f11': {'state': 'PRESENT', 'expected_state': 'PRESENT', 'payload_exact': False, 'physical_payload_sha256': '413e5927efda84055cb49f85e8421f71f9f8608454d1d410a9551b322a6a6d8d', 'frozen_payload_sha256': '2c0cc00f4dc7b84e1b5663b0fa242ba63406f778ed4a6bc9a04c6fc2bbf5cbca'}, 'cand_1f420ce5268e234e658c': {'state': 'PRESENT', 'expected_state': 'PRESENT', 'payload_exact': False, 'physical_payload_sha256': '284e5fd757c6ff0700893cf2903295eecbc446347555210c9a1fce12bad891d3', 'frozen_payload_sha256': '91ec3b38f39234abbc7c93de5d3efe8950f0bc7e53d612bc25a538bc7dffaecb'}, 'cand_93041865e5a926191d54': {'state': 'PRESENT', 'expected_state': 'PRESENT', 'payload_exact': False, 'physical_payload_sha256': '5c4ca58969efb3e5ab93f0d445fce7f07b4a40bf1c35b1a9909b5a3c0bf2c68d', 'frozen_payload_sha256': '113812e4cd54ed7959caae6952fada4535674a16973580aff64c559560f49e8b'}, 'cand_560443d79842b416ea0d': {'state': 'PRESENT', 'expected_state': 'PRESENT', 'payload_exact': False, 'physical_payload_sha256': '30d90b81015fa3ed44f332af7fb12f0d2701a4afa0a4c8eb0ec3b3de34c751b9', 'frozen_payload_sha256': 'be78ff92a97910cc3de151f0dca1042f41c18a3f3bc2a2cd7232086e03853af7'}, 'cand_0fdc909a2a3cf9718db9': {'state': 'PRESENT', 'expected_state': 'PRESENT', 'payload_exact': False, 'physical_payload_sha256': 'ee40cf82a6a58efb657ecd8a4981414f9f6230e2c999945ef51162d17110f2b8', 'frozen_payload_sha256': '2ad2ca3dab99c5a630c7c0c648513d0a4d2c2c786a5831a3531adf621367fdc8'}, 'cand_7531356383a7948fede1': {'state': 'PRESENT', 'expected_state': 'PRESENT', 'payload_exact': False, 'physical_payload_sha256': '76ec914e5ca0d96d93985eaea79b8a9d19392e0c6605d3bc16d4160c1a56a62b', 'frozen_payload_sha256': 'c5fe4a04f2721d84170dcd083a7c33cd35dbd446ad580049e0e52c86a768df5e'}, 'cand_850ffdf5fc1ceee3e08d': {'state': 'PRESENT', 'expected_state': 'PRESENT', 'payload_exact': True, 'physical_payload_sha256': '454d59861034c0f3e55889b8176b61864ebf485e14d7422ef505d18749170a4a', 'frozen_payload_sha256': '454d59861034c0f3e55889b8176b61864ebf485e14d7422ef505d18749170a4a'}, 'cand_9a47b4882350bf5fccf9': {'state': 'PRESENT', 'expected_state': 'PRESENT', 'payload_exact': True, 'physical_payload_sha256': '6572aa9c7b3f76ba408b01f2ecd52339c6e8d3fa11be261185717cfbbb5b97c4', 'frozen_payload_sha256': '6572aa9c7b3f76ba408b01f2ecd52339c6e8d3fa11be261185717cfbbb5b97c4'}, 'cand_835deeb29a9e7947a98b': {'state': 'PRESENT', 'expected_state': 'PRESENT', 'payload_exact': True, 'physical_payload_sha256': '350fcc8b0194d7a40b43e82a0a08d53a472551766b14dc9c4ca8c2459e17b267', 'frozen_payload_sha256': '350fcc8b0194d7a40b43e82a0a08d53a472551766b14dc9c4ca8c2459e17b267'}, 'cand_b6cafc68143c6fa37e85': {'state': 'PRESENT', 'expected_state': 'PRESENT', 'payload_exact': True, 'physical_payload_sha256': '29c9fe4704d536feecc86b629c457d6df83408d06860142b94d569a68758791e', 'frozen_payload_sha256': '29c9fe4704d536feecc86b629c457d6df83408d06860142b94d569a68758791e'}, 'cand_f002ec4adfff3911240b': {'state': 'PRESENT', 'expected_state': 'PRESENT', 'payload_exact': True, 'physical_payload_sha256': '8ca28e1f85b64f132176f5f38374a69f3322425f8b16b86cf39d130402b884f9', 'frozen_payload_sha256': '8ca28e1f85b64f132176f5f38374a69f3322425f8b16b86cf39d130402b884f9'}, 'cand_d17d4fee04bca1295fdb': {'state': 'PRESENT', 'expected_state': 'PRESENT', 'payload_exact': False, 'physical_payload_sha256': 'daeeab153228d723db2fa51de8c908b39286271579731558166a68e69c8d6365', 'frozen_payload_sha256': '521abe6a7105a98b023917c07edecd0807613872118e9cef8c621a3561b7e8b3'}, 'cand_044e770ab213d0ef37b1': {'state': 'PRESENT', 'expected_state': 'PRESENT', 'payload_exact': False, 'physical_payload_sha256': 'e7e37352a6b87e4128305f83795a383b2275a05be9d9fc5378ec013a02094085', 'frozen_payload_sha256': 'b317223e170577ca8ab253066cab88805fe4b6daf941b2dde27d87378ed57718'}, 'cand_cfb64b0bf69c059cd760': {'state': 'PRESENT', 'expected_state': 'PRESENT', 'payload_exact': False, 'physical_payload_sha256': '8696abc5e92491f82bea9627aff61e68e27ab8c551a6feaa04fdb9b81514a32e', 'frozen_payload_sha256': 'd2972276ef2029733a9fd28fe87c72b707aa4d8c891c836d2897c298a70713ca'}, 'cand_6505783b203dc0346b49': {'state': 'PRESENT', 'expected_state': 'PRESENT', 'payload_exact': False, 'physical_payload_sha256': '03cd2c181b6667275ff51841dbe8a15bf1f5f03d1fe270687b6c323da1e89d8a', 'frozen_payload_sha256': '62dd86cc324c57d751a95b6bb40bf32cf734605b6274986eddb36bd235bdf1f0'}, 'cand_7b08320f31dae1c5e9f4': {'state': 'PRESENT', 'expected_state': 'PRESENT', 'payload_exact': False, 'physical_payload_sha256': '93a2906dc1b23b5a54b42321b3827b3de5ae293220701361253aa3f1918fe404', 'frozen_payload_sha256': '30f8bf69ea746fc2ece4fa158fb3592b0af48f507cdba8f714db0743728debcd'}, 'cand_e95bcd15c94c80f62716': {'state': 'PRESENT', 'expected_state': 'PRESENT', 'payload_exact': False, 'physical_payload_sha256': '768b56ffa07423845a97d0dd06862b910552ad3ce85a997396685a938289bd38', 'frozen_payload_sha256': 'df57b832272f3cb05ba73349e6d8d14a2c5bd1c8b36c1dce06af7c12d7a54469'}, 'cand_5e3a909effbf6f7d6e21': {'state': 'PRESENT', 'expected_state': 'PRESENT', 'payload_exact': False, 'physical_payload_sha256': 'c6c9c8f04710b72186643b1251ad1d16e88f4ca36b071e08996b26ce7d766d61', 'frozen_payload_sha256': '750559a80d6ddae2040622b145a63733a1512442c0db9c18ccfebe631f1d4d55'}, 'cand_cf35fb1b66d3371735fd': {'state': 'PRESENT', 'expected_state': 'PRESENT', 'payload_exact': False, 'physical_payload_sha256': 'f4225ef6b4baa9be4bac802be6f5f7c0758eecc78941c0e72f121dd4e445eb88', 'frozen_payload_sha256': 'ac4cafa3d4dc672a82e60cb929588b5548cbb761b5d7e5080ab411264fbdfd19'}, 'cand_663a31a8fc0678a2324b': {'state': 'PRESENT', 'expected_state': 'PRESENT', 'payload_exact': False, 'physical_payload_sha256': '1178fb035bd145c560cfaead4a5ec403ed1d1ae4806e8df939d5cf757f4905c3', 'frozen_payload_sha256': '363cbc361303a331f1e2dc39caed83a6acc9d8e078dc633eb198a2139a28b63a'}, 'cand_bb3c9704bc50457d0385': {'state': 'PRESENT', 'expected_state': 'PRESENT', 'payload_exact': False, 'physical_payload_sha256': '829a198ce37dee26983c49aaa3f1158c9ec43607bf4432a019e0cafaefec375c', 'frozen_payload_sha256': '64b23a717d41913b3ce11944f179b39f51d8e7a4879120dd9c498791de459806'}, 'cand_a658273d38918de4ed71': {'state': 'PRESENT', 'expected_state': 'PRESENT', 'payload_exact': False, 'physical_payload_sha256': 'c0e8d2a95372c1d405cef53e76b8817960d56b7661fd4e3dcf1ab9428bb67cee', 'frozen_payload_sha256': '86cb8926db7981c756aeafae2b782fb530091aced914ce129c327c9ccdc9753d'}, 'cand_9e3965b9e6ab7faacc4e': {'state': 'PRESENT', 'expected_state': 'PRESENT', 'payload_exact': False, 'physical_payload_sha256': '64729a0afaeb7cf7138c205488385681c8f18bb052b0f9db1a27be1ec6eab29a', 'frozen_payload_sha256': 'fc622ae586ae4fcb2832a08be2cebc66fa4b50be4acd805a48aa92876a312a83'}, 'cand_2bea04f8b2c85ff2a4e0': {'state': 'PRESENT', 'expected_state': 'PRESENT', 'payload_exact': False, 'physical_payload_sha256': '2707cacb5f500b66a4a68c6011c0e42eaf04175f1624b0548ef734a25fcd7e78', 'frozen_payload_sha256': '4a7c0e1d0141710fdcdf76df8fa423c804ec8925ca9d61640570cf5aa5bf5b2c'}, 'cand_d033eb981110aa21d3df': {'state': 'PRESENT', 'expected_state': 'PRESENT', 'payload_exact': False, 'physical_payload_sha256': '9a666a7dd367ad1414af3ec1ab9debc30712ddb993a1ba170d341ad9128f3df1', 'frozen_payload_sha256': '733ab1bb1f4ef4def3888a09e10d19ac64d6335565cd3127d626bbbaa6e82236'}, 'cand_0ef1e644231e36b17de7': {'state': 'PRESENT', 'expected_state': 'PRESENT', 'payload_exact': False, 'physical_payload_sha256': '235fba781aa2a0390148a4a34ef2966ad468d7b53e28c49c6e27921d1458f847', 'frozen_payload_sha256': '38aad8babae9bf7fd2d705dc029db3a75135e046ee1042a7fd6ae338ff66b81a'}, 'cand_dd4fa07161dcf5def8eb': {'state': 'PRESENT', 'expected_state': 'PRESENT', 'payload_exact': False, 'physical_payload_sha256': '5938a0ab01ec4fe62ebb3ccd515b9bb200cb94990d007b511836a0997cf402b7', 'frozen_payload_sha256': '7e95d8be59b3a80bb6048fb0ce97f5f15b7a7a58b294d7a00d552af271f72133'}, 'cand_5400d6d245a511006593': {'state': 'PRESENT', 'expected_state': 'PRESENT', 'payload_exact': False, 'physical_payload_sha256': '50c1e4e443d3d539663954e047ff36f8205242f9d82c6ff1b56f00e73389c442', 'frozen_payload_sha256': 'c7e212dc5d68b5bd1dc0a176417e3ff5212f3f48eda13984bee610c7655e03cb'}, 'cand_d102d0d6903dbc44935f': {'state': 'PRESENT', 'expected_state': 'PRESENT', 'payload_exact': False, 'physical_payload_sha256': 'dc97483ae2168beee3d4312c1bf1983c607f7a7e2a9f24c7ef0700fbbd673c4c', 'frozen_payload_sha256': 'bf92095272c99df681c6de75268ad16fae2557e56723c8b1e8706568729f97c0'}}}"
physical,120000,empty,2,False,2.221000613644719e-06,0.06257085700053722,0.23916691000340506,0.008647973998449743,0.0712210519996006,0.31038796200300567,26692924.03092783,44a3823cdbe014bccbd46f18be93e18d332e1171a7d62328015ba4c8ed822775,1963,"{'all_payloads_match': True, 'exact_payload_count': 0}"
physical,120000,prefix-01,2,False,0.002337613004783634,0.06327061999763828,0.24820784099574666,0.009258079000574071,0.07486631200299598,0.32307415299874265,26600907.40484893,b71d2c6f9432f43c44c2e5bf922d8fa94efafb1f8069510af8d63c3b7983218e,1963,"{'all_payloads_match': False, 'exact_payload_count': 0, 'states': {'cand_f94acad130c4ac5b3553': {'state': 'PRESENT', 'expected_state': 'PRESENT', 'payload_exact': False, 'physical_payload_sha256': '33a2fc1d012a033d633e63878e24c7e796f467d7dab3be873ae49347ed117152', 'frozen_payload_sha256': '3c4e013d02f3b8d0724b2a166139b9e3af87f27c15bd35f0d400f6c8a1a368e9'}}}"
physical,120000,prefix-05,2,False,0.001425406000635121,0.07715767400077311,0.2670732560000033,0.008454019000055268,0.0870370990014635,0.3541103550014668,26209204.35453957,9489b478d05638eb73c93efc3d8a0cedc260d8d94cdbd25bb3cadab52dc33311,1963,"{'all_payloads_match': False, 'exact_payload_count': 0, 'states': {'cand_f94acad130c4ac5b3553': {'state': 'PRESENT', 'expected_state': 'PRESENT', 'payload_exact': False, 'physical_payload_sha256': '3d12fc4e6384d7d3aeb1bd7b22c5c2c98444d92f5a175b80e3d70d05a4694a02', 'frozen_payload_sha256': '3c4e013d02f3b8d0724b2a166139b9e3af87f27c15bd35f0d400f6c8a1a368e9'}, 'cand_6ca6020979af5e5766a4': {'state': 'PRESENT', 'expected_state': 'PRESENT', 'payload_exact': False, 'physical_payload_sha256': '91aa7a0017684346fa9db3aff22665adcbeab2a85448fa691503862b42425829', 'frozen_payload_sha256': '566293273bdde4e051a7642e81f5a3b934c3fcdcf9a5c6915d3b531daac5435a'}, 'cand_c6f83d66ce3d1e079f11': {'state': 'PRESENT', 'expected_state': 'PRESENT', 'payload_exact': False, 'physical_payload_sha256': 'eebde5fdff8d7b9e8d1c088ebafb9424ae496b409ea49548d0fa22ee96e51fa9', 'frozen_payload_sha256': '2c0cc00f4dc7b84e1b5663b0fa242ba63406f778ed4a6bc9a04c6fc2bbf5cbca'}, 'cand_1f420ce5268e234e658c': {'state': 'PRESENT', 'expected_state': 'PRESENT', 'payload_exact': False, 'physical_payload_sha256': 'e2805ece754310f261afcd454704140292e0dbb30ea143a9d430dfc2186bd1c4', 'frozen_payload_sha256': '91ec3b38f39234abbc7c93de5d3efe8950f0bc7e53d612bc25a538bc7dffaecb'}, 'cand_bb3c9704bc50457d0385': {'state': 'PRESENT', 'expected_state': 'PRESENT', 'payload_exact': False, 'physical_payload_sha256': '7e4f09595cd7d7de551d9a17e287bd3c54b4362330b5508ada397904d4184cab', 'frozen_payload_sha256': '64b23a717d41913b3ce11944f179b39f51d8e7a4879120dd9c498791de459806'}}}"
physical,120000,prefix-16,2,False,0.002784656004223507,0.12780643999576569,0.2572031719973893,0.009403579999343492,0.13999467599933269,0.397197847996722,26212328.849259704,db22ec4605e10e963fad0e55031dd8aedd8c7ab3f8a6f9ae3ac1606cb06b411c,1963,"{'all_payloads_match': False, 'exact_payload_count': 1, 'states': {'cand_f94acad130c4ac5b3553': {'state': 'PRESENT', 'expected_state': 'PRESENT', 'payload_exact': False, 'physical_payload_sha256': '7aca43a0a4576c26a3abd3fdbbaf18d682ea5af5e39a93755df3fe99e4aa1a75', 'frozen_payload_sha256': '3c4e013d02f3b8d0724b2a166139b9e3af87f27c15bd35f0d400f6c8a1a368e9'}, 'cand_6ca6020979af5e5766a4': {'state': 'PRESENT', 'expected_state': 'PRESENT', 'payload_exact': False, 'physical_payload_sha256': 'f9efa4e6be1cb8fcad683eaff4f05df1c8c0270981a4bd1653be3bfaf7c243fc', 'frozen_payload_sha256': '566293273bdde4e051a7642e81f5a3b934c3fcdcf9a5c6915d3b531daac5435a'}, 'cand_c6f83d66ce3d1e079f11': {'state': 'PRESENT', 'expected_state': 'PRESENT', 'payload_exact': False, 'physical_payload_sha256': 'efe7fa1954b147e3f94236350d5f5bf653193488d7f1acd09cb80e8e99dd21f0', 'frozen_payload_sha256': '2c0cc00f4dc7b84e1b5663b0fa242ba63406f778ed4a6bc9a04c6fc2bbf5cbca'}, 'cand_1f420ce5268e234e658c': {'state': 'PRESENT', 'expected_state': 'PRESENT', 'payload_exact': False, 'physical_payload_sha256': '2322f924aea486ad61c797ab2862dfad9b4b83b659cd2cb5b72901acf77f3231', 'frozen_payload_sha256': '91ec3b38f39234abbc7c93de5d3efe8950f0bc7e53d612bc25a538bc7dffaecb'}, 'cand_93041865e5a926191d54': {'state': 'PRESENT', 'expected_state': 'PRESENT', 'payload_exact': False, 'physical_payload_sha256': '743fb968d86e7a19d1772268f37fc5067e01499b27aad75582438f14965fa985', 'frozen_payload_sha256': '113812e4cd54ed7959caae6952fada4535674a16973580aff64c559560f49e8b'}, 'cand_560443d79842b416ea0d': {'state': 'PRESENT', 'expected_state': 'PRESENT', 'payload_exact': False, 'physical_payload_sha256': 'f311bd83210b44fd8614c706edb32f704f05f1ac82c4abf0e6f8fcf1e10c0e14', 'frozen_payload_sha256': 'be78ff92a97910cc3de151f0dca1042f41c18a3f3bc2a2cd7232086e03853af7'}, 'cand_0fdc909a2a3cf9718db9': {'state': 'PRESENT', 'expected_state': 'PRESENT', 'payload_exact': False, 'physical_payload_sha256': '89611dc54dc42d4a35bdf4def0aa0a55ac87e13ac8444a1b5790962d87ca808b', 'frozen_payload_sha256': '2ad2ca3dab99c5a630c7c0c648513d0a4d2c2c786a5831a3531adf621367fdc8'}, 'cand_7531356383a7948fede1': {'state': 'PRESENT', 'expected_state': 'PRESENT', 'payload_exact': False, 'physical_payload_sha256': '3548a666e8a3cce0ee93a5da813386b95f0b32ae9eda1b71f1fcd8dda8af356f', 'frozen_payload_sha256': 'c5fe4a04f2721d84170dcd083a7c33cd35dbd446ad580049e0e52c86a768df5e'}, 'cand_850ffdf5fc1ceee3e08d': {'state': 'PRESENT', 'expected_state': 'PRESENT', 'payload_exact': True, 'physical_payload_sha256': '454d59861034c0f3e55889b8176b61864ebf485e14d7422ef505d18749170a4a', 'frozen_payload_sha256': '454d59861034c0f3e55889b8176b61864ebf485e14d7422ef505d18749170a4a'}, 'cand_cfb64b0bf69c059cd760': {'state': 'PRESENT', 'expected_state': 'PRESENT', 'payload_exact': False, 'physical_payload_sha256': 'c43b2c275884d68b3277d137b05cfad4b859cec5e3ee7d55f1c8006bdc15e946', 'frozen_payload_sha256': 'd2972276ef2029733a9fd28fe87c72b707aa4d8c891c836d2897c298a70713ca'}, 'cand_663a31a8fc0678a2324b': {'state': 'PRESENT', 'expected_state': 'PRESENT', 'payload_exact': False, 'physical_payload_sha256': '12fa2d00af8dca5871f11deb2eb55ea475ea2124808715ee6365e21d7c7c3181', 'frozen_payload_sha256': '363cbc361303a331f1e2dc39caed83a6acc9d8e078dc633eb198a2139a28b63a'}, 'cand_bb3c9704bc50457d0385': {'state': 'PRESENT', 'expected_state': 'PRESENT', 'payload_exact': False, 'physical_payload_sha256': 'bf71393e91bfd1fda1048e704be21f5220bf361e6956222d3a3236eb07d80ad4', 'frozen_payload_sha256': '64b23a717d41913b3ce11944f179b39f51d8e7a4879120dd9c498791de459806'}, 'cand_9e3965b9e6ab7faacc4e': {'state': 'PRESENT', 'expected_state': 'PRESENT', 'payload_exact': False, 'physical_payload_sha256': '367875407e0411a3291edef63b19cd34684535966eb685cb474dc60bcb5e95bd', 'frozen_payload_sha256': 'fc622ae586ae4fcb2832a08be2cebc66fa4b50be4acd805a48aa92876a312a83'}, 'cand_2bea04f8b2c85ff2a4e0': {'state': 'PRESENT', 'expected_state': 'PRESENT', 'payload_exact': False, 'physical_payload_sha256': 'ac292803db5eb5a70e0fbaade8af4ca70763bd96242df403d09170c45a92b6b0', 'frozen_payload_sha256': '4a7c0e1d0141710fdcdf76df8fa423c804ec8925ca9d61640570cf5aa5bf5b2c'}, 'cand_0ef1e644231e36b17de7': {'state': 'PRESENT', 'expected_state': 'PRESENT', 'payload_exact': False, 'physical_payload_sha256': '22b903ed40d422b37ce08249e35affef7c0febd9a47bdd98cd2c46c723547a4d', 'frozen_payload_sha256': '38aad8babae9bf7fd2d705dc029db3a75135e046ee1042a7fd6ae338ff66b81a'}, 'cand_dd4fa07161dcf5def8eb': {'state': 'PRESENT', 'expected_state': 'PRESENT', 'payload_exact': False, 'physical_payload_sha256': 'acd9a52d75354ac9af982921ccb3e036a89ea564525d4df281284bd2868a20ee', 'frozen_payload_sha256': '7e95d8be59b3a80bb6048fb0ce97f5f15b7a7a58b294d7a00d552af271f72133'}}}"
physical,120000,prefix-30,2,False,0.004243073999532498,0.19682850100070937,0.2587554359997739,0.009625951002817601,0.21069752600305947,0.4694529620028334,26278486.93234054,e1033e4b266a0e4b494538f4383200f3a437efb6c040345aa8558fa2db86aaee,1963,"{'all_payloads_match': False, 'exact_payload_count': 5, 'states': {'cand_f94acad130c4ac5b3553': {'state': 'PRESENT', 'expected_state': 'PRESENT', 'payload_exact': False, 'physical_payload_sha256': '9f135c56fba86098747b31d1438beaa4dcb427d871a31a7b58342ef1901a1fa8', 'frozen_payload_sha256': '3c4e013d02f3b8d0724b2a166139b9e3af87f27c15bd35f0d400f6c8a1a368e9'}, 'cand_6ca6020979af5e5766a4': {'state': 'PRESENT', 'expected_state': 'PRESENT', 'payload_exact': False, 'physical_payload_sha256': '936e4fa33add823c25ecdfb7857b5cc3e8e42e576c6c2481e21d80047b9a79b8', 'frozen_payload_sha256': '566293273bdde4e051a7642e81f5a3b934c3fcdcf9a5c6915d3b531daac5435a'}, 'cand_c6f83d66ce3d1e079f11': {'state': 'PRESENT', 'expected_state': 'PRESENT', 'payload_exact': False, 'physical_payload_sha256': '878f432e72ac86f0c310fea7511a2ab7635a9db599ee3731db54fb6913bccb88', 'frozen_payload_sha256': '2c0cc00f4dc7b84e1b5663b0fa242ba63406f778ed4a6bc9a04c6fc2bbf5cbca'}, 'cand_1f420ce5268e234e658c': {'state': 'PRESENT', 'expected_state': 'PRESENT', 'payload_exact': False, 'physical_payload_sha256': '7633df117bde325d658c4f3c0246ae93d41ddc4e1253f28f45401daea01bc32e', 'frozen_payload_sha256': '91ec3b38f39234abbc7c93de5d3efe8950f0bc7e53d612bc25a538bc7dffaecb'}, 'cand_93041865e5a926191d54': {'state': 'PRESENT', 'expected_state': 'PRESENT', 'payload_exact': False, 'physical_payload_sha256': '9e4a26d5ded6df03726438e0ccc9266a9b9cb3b903fa8a740c3f3f96a5e45881', 'frozen_payload_sha256': '113812e4cd54ed7959caae6952fada4535674a16973580aff64c559560f49e8b'}, 'cand_560443d79842b416ea0d': {'state': 'PRESENT', 'expected_state': 'PRESENT', 'payload_exact': False, 'physical_payload_sha256': 'd447fc34263829f0cfa50b5fe3373a305aeab4feb6eddfb19ed8ef48cddce844', 'frozen_payload_sha256': 'be78ff92a97910cc3de151f0dca1042f41c18a3f3bc2a2cd7232086e03853af7'}, 'cand_0fdc909a2a3cf9718db9': {'state': 'PRESENT', 'expected_state': 'PRESENT', 'payload_exact': False, 'physical_payload_sha256': '302839eba0ec4f489311e288a76e14e20073dd16ab9dffa5caf5e4d924d785b4', 'frozen_payload_sha256': '2ad2ca3dab99c5a630c7c0c648513d0a4d2c2c786a5831a3531adf621367fdc8'}, 'cand_7531356383a7948fede1': {'state': 'PRESENT', 'expected_state': 'PRESENT', 'payload_exact': False, 'physical_payload_sha256': '0e57ccc57d4faf16028486d7ea784c98c2e6dfa73fcb404e533b2647fe5e720c', 'frozen_payload_sha256': 'c5fe4a04f2721d84170dcd083a7c33cd35dbd446ad580049e0e52c86a768df5e'}, 'cand_850ffdf5fc1ceee3e08d': {'state': 'PRESENT', 'expected_state': 'PRESENT', 'payload_exact': True, 'physical_payload_sha256': '454d59861034c0f3e55889b8176b61864ebf485e14d7422ef505d18749170a4a', 'frozen_payload_sha256': '454d59861034c0f3e55889b8176b61864ebf485e14d7422ef505d18749170a4a'}, 'cand_9a47b4882350bf5fccf9': {'state': 'PRESENT', 'expected_state': 'PRESENT', 'payload_exact': True, 'physical_payload_sha256': '6572aa9c7b3f76ba408b01f2ecd52339c6e8d3fa11be261185717cfbbb5b97c4', 'frozen_payload_sha256': '6572aa9c7b3f76ba408b01f2ecd52339c6e8d3fa11be261185717cfbbb5b97c4'}, 'cand_835deeb29a9e7947a98b': {'state': 'PRESENT', 'expected_state': 'PRESENT', 'payload_exact': True, 'physical_payload_sha256': '350fcc8b0194d7a40b43e82a0a08d53a472551766b14dc9c4ca8c2459e17b267', 'frozen_payload_sha256': '350fcc8b0194d7a40b43e82a0a08d53a472551766b14dc9c4ca8c2459e17b267'}, 'cand_b6cafc68143c6fa37e85': {'state': 'PRESENT', 'expected_state': 'PRESENT', 'payload_exact': True, 'physical_payload_sha256': '29c9fe4704d536feecc86b629c457d6df83408d06860142b94d569a68758791e', 'frozen_payload_sha256': '29c9fe4704d536feecc86b629c457d6df83408d06860142b94d569a68758791e'}, 'cand_f002ec4adfff3911240b': {'state': 'PRESENT', 'expected_state': 'PRESENT', 'payload_exact': True, 'physical_payload_sha256': '8ca28e1f85b64f132176f5f38374a69f3322425f8b16b86cf39d130402b884f9', 'frozen_payload_sha256': '8ca28e1f85b64f132176f5f38374a69f3322425f8b16b86cf39d130402b884f9'}, 'cand_d17d4fee04bca1295fdb': {'state': 'PRESENT', 'expected_state': 'PRESENT', 'payload_exact': False, 'physical_payload_sha256': '1de57a491f06435a658d9738f4460d877b56055413a0e0b0d22b0a24d2fd2ddc', 'frozen_payload_sha256': '521abe6a7105a98b023917c07edecd0807613872118e9cef8c621a3561b7e8b3'}, 'cand_044e770ab213d0ef37b1': {'state': 'PRESENT', 'expected_state': 'PRESENT', 'payload_exact': False, 'physical_payload_sha256': '62a0252a9a397e93f06c29ad6fe74a97c718d30bc5b5b064c442ca1e2ababf55', 'frozen_payload_sha256': 'b317223e170577ca8ab253066cab88805fe4b6daf941b2dde27d87378ed57718'}, 'cand_cfb64b0bf69c059cd760': {'state': 'PRESENT', 'expected_state': 'PRESENT', 'payload_exact': False, 'physical_payload_sha256': '3dc721f6a33f25b914e5260942b2afd278c1c1e770b28c7c7b8a2f69372d574b', 'frozen_payload_sha256': 'd2972276ef2029733a9fd28fe87c72b707aa4d8c891c836d2897c298a70713ca'}, 'cand_6505783b203dc0346b49': {'state': 'PRESENT', 'expected_state': 'PRESENT', 'payload_exact': False, 'physical_payload_sha256': '6375fc76f8e43091a4c253f8f0c3183aa4b88e7c3a06e7670ebd4a5ed6e1d054', 'frozen_payload_sha256': '62dd86cc324c57d751a95b6bb40bf32cf734605b6274986eddb36bd235bdf1f0'}, 'cand_7b08320f31dae1c5e9f4': {'state': 'PRESENT', 'expected_state': 'PRESENT', 'payload_exact': False, 'physical_payload_sha256': '716080d63ab7b417d5c6e3df604efb6aef629b3ed016fcc485bd92cf3331eb9c', 'frozen_payload_sha256': '30f8bf69ea746fc2ece4fa158fb3592b0af48f507cdba8f714db0743728debcd'}, 'cand_e95bcd15c94c80f62716': {'state': 'PRESENT', 'expected_state': 'PRESENT', 'payload_exact': False, 'physical_payload_sha256': '909d34a51ed6e9d12ea53f21e6b3f867f028612312d1eba35b7b8b1de2eb2024', 'frozen_payload_sha256': 'df57b832272f3cb05ba73349e6d8d14a2c5bd1c8b36c1dce06af7c12d7a54469'}, 'cand_5e3a909effbf6f7d6e21': {'state': 'PRESENT', 'expected_state': 'PRESENT', 'payload_exact': False, 'physical_payload_sha256': '789a7f3497d12187fc6c84a256fa4c5e16038dbb18a03ad4369acc324f1be970', 'frozen_payload_sha256': '750559a80d6ddae2040622b145a63733a1512442c0db9c18ccfebe631f1d4d55'}, 'cand_cf35fb1b66d3371735fd': {'state': 'PRESENT', 'expected_state': 'PRESENT', 'payload_exact': False, 'physical_payload_sha256': 'd6f2670f8f932b9f383e97c04f1cdbc24a3c2765b1996cbbfeed7b94a27656a0', 'frozen_payload_sha256': 'ac4cafa3d4dc672a82e60cb929588b5548cbb761b5d7e5080ab411264fbdfd19'}, 'cand_663a31a8fc0678a2324b': {'state': 'PRESENT', 'expected_state': 'PRESENT', 'payload_exact': False, 'physical_payload_sha256': '586b9aeca49e952f299d1a63cc8b105152362cd23507139d446bc2ce556b4f61', 'frozen_payload_sha256': '363cbc361303a331f1e2dc39caed83a6acc9d8e078dc633eb198a2139a28b63a'}, 'cand_bb3c9704bc50457d0385': {'state': 'PRESENT', 'expected_state': 'PRESENT', 'payload_exact': False, 'physical_payload_sha256': '7e57c85b82fe447614f9421cdc4fa218dbff3bfdaecc856ec5ab1b4d11d7c8a1', 'frozen_payload_sha256': '64b23a717d41913b3ce11944f179b39f51d8e7a4879120dd9c498791de459806'}, 'cand_a658273d38918de4ed71': {'state': 'PRESENT', 'expected_state': 'PRESENT', 'payload_exact': False, 'physical_payload_sha256': '1e9ffe6d0ba36e3957526f58f7797d89472707541892d4b53e1df3adbd92fa41', 'frozen_payload_sha256': '86cb8926db7981c756aeafae2b782fb530091aced914ce129c327c9ccdc9753d'}, 'cand_9e3965b9e6ab7faacc4e': {'state': 'PRESENT', 'expected_state': 'PRESENT', 'payload_exact': False, 'physical_payload_sha256': '7f02c5900b28156c9e90d18530236a8de1b6d11d3ccd5eed006ada93c665d89e', 'frozen_payload_sha256': 'fc622ae586ae4fcb2832a08be2cebc66fa4b50be4acd805a48aa92876a312a83'}, 'cand_2bea04f8b2c85ff2a4e0': {'state': 'PRESENT', 'expected_state': 'PRESENT', 'payload_exact': False, 'physical_payload_sha256': '64c76541719d9fa677c971145512e4160e488cbdbdedfc1e4b473a5297c44c20', 'frozen_payload_sha256': '4a7c0e1d0141710fdcdf76df8fa423c804ec8925ca9d61640570cf5aa5bf5b2c'}, 'cand_d033eb981110aa21d3df': {'state': 'PRESENT', 'expected_state': 'PRESENT', 'payload_exact': False, 'physical_payload_sha256': '217917cb8a963129f831ea1729ef006736da986fafd795905cbe9ea97fc10a67', 'frozen_payload_sha256': '733ab1bb1f4ef4def3888a09e10d19ac64d6335565cd3127d626bbbaa6e82236'}, 'cand_0ef1e644231e36b17de7': {'state': 'PRESENT', 'expected_state': 'PRESENT', 'payload_exact': False, 'physical_payload_sha256': '18756c273f5e9dd227f7a51c9a39c8d0f61a3479a74569a0e1d0fdfb26cfd87a', 'frozen_payload_sha256': '38aad8babae9bf7fd2d705dc029db3a75135e046ee1042a7fd6ae338ff66b81a'}, 'cand_dd4fa07161dcf5def8eb': {'state': 'PRESENT', 'expected_state': 'PRESENT', 'payload_exact': False, 'physical_payload_sha256': 'd18525d93f1791999eadc23e95e4e85fd94ec89b20f9c7f9d1130f0a8b622714', 'frozen_payload_sha256': '7e95d8be59b3a80bb6048fb0ce97f5f15b7a7a58b294d7a00d552af271f72133'}, 'cand_d102d0d6903dbc44935f': {'state': 'PRESENT', 'expected_state': 'PRESENT', 'payload_exact': False, 'physical_payload_sha256': '0a0b6d148c76ceb4ecc6af78ec694b5dd2c640b82bd176df83ff0e2ac2ca0c7d', 'frozen_payload_sha256': 'bf92095272c99df681c6de75268ad16fae2557e56723c8b1e8706568729f97c0'}}}"
physical,120000,final-31,2,False,0.005072626001492608,0.19887529800325865,0.2761877340017236,0.010010677004174795,0.21395860100892605,0.49014633501064964,26214330.36429779,3371d2a51f22132f583f07ea2270ead35e6a60d25491d5906340a51bb16bbdfe,1963,"{'all_payloads_match': False, 'exact_payload_count': 5, 'states': {'cand_f94acad130c4ac5b3553': {'state': 'PRESENT', 'expected_state': 'PRESENT', 'payload_exact': False, 'physical_payload_sha256': '0da734ee592eaadb5f0a66a55bec446f6144b0acedad10e68f3fa8a3451db85b', 'frozen_payload_sha256': '3c4e013d02f3b8d0724b2a166139b9e3af87f27c15bd35f0d400f6c8a1a368e9'}, 'cand_6ca6020979af5e5766a4': {'state': 'PRESENT', 'expected_state': 'PRESENT', 'payload_exact': False, 'physical_payload_sha256': '3b352d81b3f38347fc6952692d4e98740b34c6682768f41e128a58d986ad586b', 'frozen_payload_sha256': '566293273bdde4e051a7642e81f5a3b934c3fcdcf9a5c6915d3b531daac5435a'}, 'cand_c6f83d66ce3d1e079f11': {'state': 'PRESENT', 'expected_state': 'PRESENT', 'payload_exact': False, 'physical_payload_sha256': '452aee9609a600e7c707d6ea79acfc2b1c58cc9804d15efa97e7b1e698262f20', 'frozen_payload_sha256': '2c0cc00f4dc7b84e1b5663b0fa242ba63406f778ed4a6bc9a04c6fc2bbf5cbca'}, 'cand_1f420ce5268e234e658c': {'state': 'PRESENT', 'expected_state': 'PRESENT', 'payload_exact': False, 'physical_payload_sha256': '8444333c86c7a249bb0c87607ea5506ad0d014dbab75b7151acfefa1c258aabc', 'frozen_payload_sha256': '91ec3b38f39234abbc7c93de5d3efe8950f0bc7e53d612bc25a538bc7dffaecb'}, 'cand_93041865e5a926191d54': {'state': 'PRESENT', 'expected_state': 'PRESENT', 'payload_exact': False, 'physical_payload_sha256': '994a7a1c50023f661a573437e3c3a658056f68e82231597644bd242200d7bd01', 'frozen_payload_sha256': '113812e4cd54ed7959caae6952fada4535674a16973580aff64c559560f49e8b'}, 'cand_560443d79842b416ea0d': {'state': 'PRESENT', 'expected_state': 'PRESENT', 'payload_exact': False, 'physical_payload_sha256': '6af1435eb32df4cc6dddd6bbac70b0f9ec659795cec0519e1a67303ac75dc2d7', 'frozen_payload_sha256': 'be78ff92a97910cc3de151f0dca1042f41c18a3f3bc2a2cd7232086e03853af7'}, 'cand_0fdc909a2a3cf9718db9': {'state': 'PRESENT', 'expected_state': 'PRESENT', 'payload_exact': False, 'physical_payload_sha256': '6ea54d56cb6e6db287ab3ec1650f78eb36d09795393d4766ffcf883597d0bd71', 'frozen_payload_sha256': '2ad2ca3dab99c5a630c7c0c648513d0a4d2c2c786a5831a3531adf621367fdc8'}, 'cand_7531356383a7948fede1': {'state': 'PRESENT', 'expected_state': 'PRESENT', 'payload_exact': False, 'physical_payload_sha256': '231a9f6e3c4933340084d0eabd03b8d816c325ddd635b5576be912fac613403d', 'frozen_payload_sha256': 'c5fe4a04f2721d84170dcd083a7c33cd35dbd446ad580049e0e52c86a768df5e'}, 'cand_850ffdf5fc1ceee3e08d': {'state': 'PRESENT', 'expected_state': 'PRESENT', 'payload_exact': True, 'physical_payload_sha256': '454d59861034c0f3e55889b8176b61864ebf485e14d7422ef505d18749170a4a', 'frozen_payload_sha256': '454d59861034c0f3e55889b8176b61864ebf485e14d7422ef505d18749170a4a'}, 'cand_9a47b4882350bf5fccf9': {'state': 'PRESENT', 'expected_state': 'PRESENT', 'payload_exact': True, 'physical_payload_sha256': '6572aa9c7b3f76ba408b01f2ecd52339c6e8d3fa11be261185717cfbbb5b97c4', 'frozen_payload_sha256': '6572aa9c7b3f76ba408b01f2ecd52339c6e8d3fa11be261185717cfbbb5b97c4'}, 'cand_835deeb29a9e7947a98b': {'state': 'PRESENT', 'expected_state': 'PRESENT', 'payload_exact': True, 'physical_payload_sha256': '350fcc8b0194d7a40b43e82a0a08d53a472551766b14dc9c4ca8c2459e17b267', 'frozen_payload_sha256': '350fcc8b0194d7a40b43e82a0a08d53a472551766b14dc9c4ca8c2459e17b267'}, 'cand_b6cafc68143c6fa37e85': {'state': 'PRESENT', 'expected_state': 'PRESENT', 'payload_exact': True, 'physical_payload_sha256': '29c9fe4704d536feecc86b629c457d6df83408d06860142b94d569a68758791e', 'frozen_payload_sha256': '29c9fe4704d536feecc86b629c457d6df83408d06860142b94d569a68758791e'}, 'cand_f002ec4adfff3911240b': {'state': 'PRESENT', 'expected_state': 'PRESENT', 'payload_exact': True, 'physical_payload_sha256': '8ca28e1f85b64f132176f5f38374a69f3322425f8b16b86cf39d130402b884f9', 'frozen_payload_sha256': '8ca28e1f85b64f132176f5f38374a69f3322425f8b16b86cf39d130402b884f9'}, 'cand_d17d4fee04bca1295fdb': {'state': 'PRESENT', 'expected_state': 'PRESENT', 'payload_exact': False, 'physical_payload_sha256': 'c8f1c16461ec2d53f88f2e107766cc341d94215fdf53ce9516b18e87b8ec4c24', 'frozen_payload_sha256': '521abe6a7105a98b023917c07edecd0807613872118e9cef8c621a3561b7e8b3'}, 'cand_044e770ab213d0ef37b1': {'state': 'PRESENT', 'expected_state': 'PRESENT', 'payload_exact': False, 'physical_payload_sha256': '91520b8adee13726f2bba4eb85d330fe5028dd5a7f0edc51fc77941b576465d6', 'frozen_payload_sha256': 'b317223e170577ca8ab253066cab88805fe4b6daf941b2dde27d87378ed57718'}, 'cand_cfb64b0bf69c059cd760': {'state': 'PRESENT', 'expected_state': 'PRESENT', 'payload_exact': False, 'physical_payload_sha256': 'a8dd8baf1017db0fd0e91218374dbe3e0b52b2bde43c6bced33f6d5345d428b4', 'frozen_payload_sha256': 'd2972276ef2029733a9fd28fe87c72b707aa4d8c891c836d2897c298a70713ca'}, 'cand_6505783b203dc0346b49': {'state': 'PRESENT', 'expected_state': 'PRESENT', 'payload_exact': False, 'physical_payload_sha256': '90e0d1d111808df582ab2a211fdc84806844ca4404e33dc4e7f58eb927e4bbf7', 'frozen_payload_sha256': '62dd86cc324c57d751a95b6bb40bf32cf734605b6274986eddb36bd235bdf1f0'}, 'cand_7b08320f31dae1c5e9f4': {'state': 'PRESENT', 'expected_state': 'PRESENT', 'payload_exact': False, 'physical_payload_sha256': '172ad65c63363ea5dd53c59b0ddbfa788c8afc3462161b397003934998e02016', 'frozen_payload_sha256': '30f8bf69ea746fc2ece4fa158fb3592b0af48f507cdba8f714db0743728debcd'}, 'cand_e95bcd15c94c80f62716': {'state': 'PRESENT', 'expected_state': 'PRESENT', 'payload_exact': False, 'physical_payload_sha256': '30bd3b2ccab2b1b9370f05d02817f8e27bdb55fd9ea593b3a6e716bd2f870aef', 'frozen_payload_sha256': 'df57b832272f3cb05ba73349e6d8d14a2c5bd1c8b36c1dce06af7c12d7a54469'}, 'cand_5e3a909effbf6f7d6e21': {'state': 'PRESENT', 'expected_state': 'PRESENT', 'payload_exact': False, 'physical_payload_sha256': 'b2217b0a9464a5073ef6af2ba27b15f5f88d082b00d122134dd7926d2f46b251', 'frozen_payload_sha256': '750559a80d6ddae2040622b145a63733a1512442c0db9c18ccfebe631f1d4d55'}, 'cand_cf35fb1b66d3371735fd': {'state': 'PRESENT', 'expected_state': 'PRESENT', 'payload_exact': False, 'physical_payload_sha256': '50456ac34fb027e3ac22c6f8634dc7e99b8af9c357f7a5b4dd73a3e19aa64c62', 'frozen_payload_sha256': 'ac4cafa3d4dc672a82e60cb929588b5548cbb761b5d7e5080ab411264fbdfd19'}, 'cand_663a31a8fc0678a2324b': {'state': 'PRESENT', 'expected_state': 'PRESENT', 'payload_exact': False, 'physical_payload_sha256': 'ec7d29fd016c419b39af656b8f96f099c2dfb76ab94ca0bc7ed48b3e105d30a2', 'frozen_payload_sha256': '363cbc361303a331f1e2dc39caed83a6acc9d8e078dc633eb198a2139a28b63a'}, 'cand_bb3c9704bc50457d0385': {'state': 'PRESENT', 'expected_state': 'PRESENT', 'payload_exact': False, 'physical_payload_sha256': 'd09944ae1815c4d8a1ef6ffdc853f690f4f502f57ddcc0a6cdce4dfb25855e8a', 'frozen_payload_sha256': '64b23a717d41913b3ce11944f179b39f51d8e7a4879120dd9c498791de459806'}, 'cand_a658273d38918de4ed71': {'state': 'PRESENT', 'expected_state': 'PRESENT', 'payload_exact': False, 'physical_payload_sha256': '87b37cd7b2d937444deba8d725e8e3e3fa9691befc60522b90af2be0cd32e44d', 'frozen_payload_sha256': '86cb8926db7981c756aeafae2b782fb530091aced914ce129c327c9ccdc9753d'}, 'cand_9e3965b9e6ab7faacc4e': {'state': 'PRESENT', 'expected_state': 'PRESENT', 'payload_exact': False, 'physical_payload_sha256': 'f8572253a6ccc6b7f56b7cca1770d0422847d760857b4f1ef981962d1f545727', 'frozen_payload_sha256': 'fc622ae586ae4fcb2832a08be2cebc66fa4b50be4acd805a48aa92876a312a83'}, 'cand_2bea04f8b2c85ff2a4e0': {'state': 'PRESENT', 'expected_state': 'PRESENT', 'payload_exact': False, 'physical_payload_sha256': '5c6c0011bb11be8cf3914e4e5c166206521fbbdef350ec6435cfae56ecc38332', 'frozen_payload_sha256': '4a7c0e1d0141710fdcdf76df8fa423c804ec8925ca9d61640570cf5aa5bf5b2c'}, 'cand_d033eb981110aa21d3df': {'state': 'PRESENT', 'expected_state': 'PRESENT', 'payload_exact': False, 'physical_payload_sha256': 'a879c5c6855059ce3e7ff061b40b5a033ad6be94f9205ffcf4cc5f416c4c007f', 'frozen_payload_sha256': '733ab1bb1f4ef4def3888a09e10d19ac64d6335565cd3127d626bbbaa6e82236'}, 'cand_0ef1e644231e36b17de7': {'state': 'PRESENT', 'expected_state': 'PRESENT', 'payload_exact': False, 'physical_payload_sha256': '3173d139cce0021ced1693656c241969532d223203c5f475e6eec23782ee02f6', 'frozen_payload_sha256': '38aad8babae9bf7fd2d705dc029db3a75135e046ee1042a7fd6ae338ff66b81a'}, 'cand_dd4fa07161dcf5def8eb': {'state': 'PRESENT', 'expected_state': 'PRESENT', 'payload_exact': False, 'physical_payload_sha256': '4874c2268301b2485d37300660ac19d0dc230d8057c2443c30523f8a1e22728a', 'frozen_payload_sha256': '7e95d8be59b3a80bb6048fb0ce97f5f15b7a7a58b294d7a00d552af271f72133'}, 'cand_5400d6d245a511006593': {'state': 'PRESENT', 'expected_state': 'PRESENT', 'payload_exact': False, 'physical_payload_sha256': '10289e19d0389650bbc2ae5e1f3441ff7b692ecaf6067e129749dd08ca6a89ca', 'frozen_payload_sha256': 'c7e212dc5d68b5bd1dc0a176417e3ff5212f3f48eda13984bee610c7655e03cb'}, 'cand_d102d0d6903dbc44935f': {'state': 'ABSENT_NATIVE', 'expected_state': 'PRESENT', 'payload_exact': False, 'physical_payload_sha256': None, 'frozen_payload_sha256': 'bf92095272c99df681c6de75268ad16fae2557e56723c8b1e8706568729f97c0'}}}"
physical,120000,empty,3,False,1.9040016923099756e-06,0.06417051799508044,0.24492492599529214,0.0071304500015685335,0.07130287199834129,0.31622779799363343,26708240.734840922,e27dc9e07a8a88a59c96538ff0c63420ccd429a0cb586626118b6a969969e07e,1963,"{'all_payloads_match': True, 'exact_payload_count': 0}"
physical,120000,prefix-01,3,False,0.002151943997887429,0.0645853310052189,0.263109050996718,0.00999585899990052,0.07673313400300685,0.33984218499972485,26691509.38464229,d557cc0493a46843c3552ec1d5695fe5920a3460c80feda68eabc740763b3e7e,1963,"{'all_payloads_match': False, 'exact_payload_count': 0, 'states': {'cand_f94acad130c4ac5b3553': {'state': 'PRESENT', 'expected_state': 'PRESENT', 'payload_exact': False, 'physical_payload_sha256': '93cdde3b91c81b1783c9568e9a68e71c5e7aac43505df476357a257505766eaa', 'frozen_payload_sha256': '3c4e013d02f3b8d0724b2a166139b9e3af87f27c15bd35f0d400f6c8a1a368e9'}}}"
physical,120000,prefix-05,3,False,0.0012709580041700974,0.07851708499947563,0.24934952199691907,0.009328772997832857,0.08911681600147858,0.33846633799839765,26322565.694349457,aa0fd59a654982b4617cf82391e7f302a141e971022b82bffcc14e69d51332f1,1963,"{'all_payloads_match': False, 'exact_payload_count': 0, 'states': {'cand_f94acad130c4ac5b3553': {'state': 'PRESENT', 'expected_state': 'PRESENT', 'payload_exact': False, 'physical_payload_sha256': 'a584368c194e5578751edb20eaa5a11d79bda3c5a99653cc6972c9a934539cd2', 'frozen_payload_sha256': '3c4e013d02f3b8d0724b2a166139b9e3af87f27c15bd35f0d400f6c8a1a368e9'}, 'cand_6ca6020979af5e5766a4': {'state': 'PRESENT', 'expected_state': 'PRESENT', 'payload_exact': False, 'physical_payload_sha256': '341ac6d1a6104a814f9abfb327606d09587d3c0a41be88e3823004bc3d84dbb4', 'frozen_payload_sha256': '566293273bdde4e051a7642e81f5a3b934c3fcdcf9a5c6915d3b531daac5435a'}, 'cand_c6f83d66ce3d1e079f11': {'state': 'PRESENT', 'expected_state': 'PRESENT', 'payload_exact': False, 'physical_payload_sha256': '15d46dc3d1aed1ea8c5231bc9bb94d4b82ba31ddff32fe11454a0c79ba6b8d24', 'frozen_payload_sha256': '2c0cc00f4dc7b84e1b5663b0fa242ba63406f778ed4a6bc9a04c6fc2bbf5cbca'}, 'cand_1f420ce5268e234e658c': {'state': 'PRESENT', 'expected_state': 'PRESENT', 'payload_exact': False, 'physical_payload_sha256': 'e488f508e1e29098579982f7687ca3111c612c0260140a16c1d9c0ff35df25f9', 'frozen_payload_sha256': '91ec3b38f39234abbc7c93de5d3efe8950f0bc7e53d612bc25a538bc7dffaecb'}, 'cand_bb3c9704bc50457d0385': {'state': 'PRESENT', 'expected_state': 'PRESENT', 'payload_exact': False, 'physical_payload_sha256': '5456a28106a1acbd70460c66a00fe629640833815bae13e9c6b1ebb7e434303f', 'frozen_payload_sha256': '64b23a717d41913b3ce11944f179b39f51d8e7a4879120dd9c498791de459806'}}}"
physical,120000,prefix-16,3,False,0.002610862000437919,0.12954012599948328,0.2715461050029262,0.015629302004526835,0.14778029000444803,0.41932639500737423,26237094.170743417,0cbcbcc8d11ec9c1fcc2f6363fb97536f69217a205826edfca327181afde2122,1963,"{'all_payloads_match': False, 'exact_payload_count': 1, 'states': {'cand_f94acad130c4ac5b3553': {'state': 'PRESENT', 'expected_state': 'PRESENT', 'payload_exact': False, 'physical_payload_sha256': '25ec56d84c4094b57439839ecb3bb812d0535e89a268f5ca48d48c6b28e06e50', 'frozen_payload_sha256': '3c4e013d02f3b8d0724b2a166139b9e3af87f27c15bd35f0d400f6c8a1a368e9'}, 'cand_6ca6020979af5e5766a4': {'state': 'PRESENT', 'expected_state': 'PRESENT', 'payload_exact': False, 'physical_payload_sha256': '35de7c095de741d7481deb626a9f5a774a67bfd26c78733ccc73b461c743522b', 'frozen_payload_sha256': '566293273bdde4e051a7642e81f5a3b934c3fcdcf9a5c6915d3b531daac5435a'}, 'cand_c6f83d66ce3d1e079f11': {'state': 'PRESENT', 'expected_state': 'PRESENT', 'payload_exact': False, 'physical_payload_sha256': '0a7f5e0f066dc52b4ead0a8101434d23eb0a25a1c31ade1d4f184f69d6bf6dbb', 'frozen_payload_sha256': '2c0cc00f4dc7b84e1b5663b0fa242ba63406f778ed4a6bc9a04c6fc2bbf5cbca'}, 'cand_1f420ce5268e234e658c': {'state': 'PRESENT', 'expected_state': 'PRESENT', 'payload_exact': False, 'physical_payload_sha256': 'ca28abb5d81d0b091a21483d41762c8746094d75f59f3ebe5ca207b04df7962e', 'frozen_payload_sha256': '91ec3b38f39234abbc7c93de5d3efe8950f0bc7e53d612bc25a538bc7dffaecb'}, 'cand_93041865e5a926191d54': {'state': 'PRESENT', 'expected_state': 'PRESENT', 'payload_exact': False, 'physical_payload_sha256': '874a351f2307017793d7cb949bfe6f09fc360da6f9aeb60d5e8674040e929e2c', 'frozen_payload_sha256': '113812e4cd54ed7959caae6952fada4535674a16973580aff64c559560f49e8b'}, 'cand_560443d79842b416ea0d': {'state': 'PRESENT', 'expected_state': 'PRESENT', 'payload_exact': False, 'physical_payload_sha256': '2dcb4b420bb0ece0bcbcef177e482297f1ec74ae396860519ce264e78a7942ef', 'frozen_payload_sha256': 'be78ff92a97910cc3de151f0dca1042f41c18a3f3bc2a2cd7232086e03853af7'}, 'cand_0fdc909a2a3cf9718db9': {'state': 'PRESENT', 'expected_state': 'PRESENT', 'payload_exact': False, 'physical_payload_sha256': '0a866a8b2a4047ff68db1bfabf8068f780a353d31ddf1eaa551ff4a1be5ee5ad', 'frozen_payload_sha256': '2ad2ca3dab99c5a630c7c0c648513d0a4d2c2c786a5831a3531adf621367fdc8'}, 'cand_7531356383a7948fede1': {'state': 'PRESENT', 'expected_state': 'PRESENT', 'payload_exact': False, 'physical_payload_sha256': '7e5ae1ed3391071133f953e3c193927aa980f959135e6afb36575f51d9f2e787', 'frozen_payload_sha256': 'c5fe4a04f2721d84170dcd083a7c33cd35dbd446ad580049e0e52c86a768df5e'}, 'cand_850ffdf5fc1ceee3e08d': {'state': 'PRESENT', 'expected_state': 'PRESENT', 'payload_exact': True, 'physical_payload_sha256': '454d59861034c0f3e55889b8176b61864ebf485e14d7422ef505d18749170a4a', 'frozen_payload_sha256': '454d59861034c0f3e55889b8176b61864ebf485e14d7422ef505d18749170a4a'}, 'cand_cfb64b0bf69c059cd760': {'state': 'PRESENT', 'expected_state': 'PRESENT', 'payload_exact': False, 'physical_payload_sha256': '68b23c80f620a8e04481fc0ba68a8493643c0af508925b1d13884be5fe6e53fa', 'frozen_payload_sha256': 'd2972276ef2029733a9fd28fe87c72b707aa4d8c891c836d2897c298a70713ca'}, 'cand_663a31a8fc0678a2324b': {'state': 'PRESENT', 'expected_state': 'PRESENT', 'payload_exact': False, 'physical_payload_sha256': '974930bc260ad8b7e633da47d651f3c104fcf5b6f4c23c01f663843247b08d5c', 'frozen_payload_sha256': '363cbc361303a331f1e2dc39caed83a6acc9d8e078dc633eb198a2139a28b63a'}, 'cand_bb3c9704bc50457d0385': {'state': 'PRESENT', 'expected_state': 'PRESENT', 'payload_exact': False, 'physical_payload_sha256': 'b19b7a93ef37c12554a42e5d0100308f6ce23d764e3a9ade6a8ab0443656ba28', 'frozen_payload_sha256': '64b23a717d41913b3ce11944f179b39f51d8e7a4879120dd9c498791de459806'}, 'cand_9e3965b9e6ab7faacc4e': {'state': 'PRESENT', 'expected_state': 'PRESENT', 'payload_exact': False, 'physical_payload_sha256': 'cdc0f8d64629972522afff2f6f09a6651695ec0d0f1b7bff16e02986e80d7afa', 'frozen_payload_sha256': 'fc622ae586ae4fcb2832a08be2cebc66fa4b50be4acd805a48aa92876a312a83'}, 'cand_2bea04f8b2c85ff2a4e0': {'state': 'PRESENT', 'expected_state': 'PRESENT', 'payload_exact': False, 'physical_payload_sha256': '0579df504f3e33224abec54bb859da64f770c628f9e638be75b9ea57eb90e9dd', 'frozen_payload_sha256': '4a7c0e1d0141710fdcdf76df8fa423c804ec8925ca9d61640570cf5aa5bf5b2c'}, 'cand_0ef1e644231e36b17de7': {'state': 'PRESENT', 'expected_state': 'PRESENT', 'payload_exact': False, 'physical_payload_sha256': '9b82c6a27727969ce9a94dc88a8243e158ae704d42472e9c8cdd8ad2e0489718', 'frozen_payload_sha256': '38aad8babae9bf7fd2d705dc029db3a75135e046ee1042a7fd6ae338ff66b81a'}, 'cand_dd4fa07161dcf5def8eb': {'state': 'PRESENT', 'expected_state': 'PRESENT', 'payload_exact': False, 'physical_payload_sha256': 'd87383ed79d32abe278b0e5d0b8b399d454ec224d092249acef212aaeff415bd', 'frozen_payload_sha256': '7e95d8be59b3a80bb6048fb0ce97f5f15b7a7a58b294d7a00d552af271f72133'}}}"
physical,120000,prefix-30,3,False,0.005290764995152131,0.2202129450015491,0.27905413100234,0.01000073499744758,0.2355044449941488,0.5145585759964888,26283715.34624498,c2db44875fc828e16d1049380bdf18b048dc22fe1cd2762fb2d657ad4aeb7669,1963,"{'all_payloads_match': False, 'exact_payload_count': 5, 'states': {'cand_f94acad130c4ac5b3553': {'state': 'PRESENT', 'expected_state': 'PRESENT', 'payload_exact': False, 'physical_payload_sha256': 'efb7d60333475635e49e3f80e780169d261cf69644fd6f801e1a5508b0273390', 'frozen_payload_sha256': '3c4e013d02f3b8d0724b2a166139b9e3af87f27c15bd35f0d400f6c8a1a368e9'}, 'cand_6ca6020979af5e5766a4': {'state': 'PRESENT', 'expected_state': 'PRESENT', 'payload_exact': False, 'physical_payload_sha256': '3a0eabc7e35b44f65134958a793ca371fb308cb4e6340fa8dc5e2bf41f56b2e5', 'frozen_payload_sha256': '566293273bdde4e051a7642e81f5a3b934c3fcdcf9a5c6915d3b531daac5435a'}, 'cand_c6f83d66ce3d1e079f11': {'state': 'PRESENT', 'expected_state': 'PRESENT', 'payload_exact': False, 'physical_payload_sha256': '99c56773e255543eed70605f458d5e74e1071f93032847f76fade3c2fe9c2c23', 'frozen_payload_sha256': '2c0cc00f4dc7b84e1b5663b0fa242ba63406f778ed4a6bc9a04c6fc2bbf5cbca'}, 'cand_1f420ce5268e234e658c': {'state': 'PRESENT', 'expected_state': 'PRESENT', 'payload_exact': False, 'physical_payload_sha256': '3be90c377c012259046f41b8317915842ff985b845e977573b24c9d3f74e3d8c', 'frozen_payload_sha256': '91ec3b38f39234abbc7c93de5d3efe8950f0bc7e53d612bc25a538bc7dffaecb'}, 'cand_93041865e5a926191d54': {'state': 'PRESENT', 'expected_state': 'PRESENT', 'payload_exact': False, 'physical_payload_sha256': '6db1264f6e0ed601e41b199657fae865153112147b57da9b9188513d34b4c715', 'frozen_payload_sha256': '113812e4cd54ed7959caae6952fada4535674a16973580aff64c559560f49e8b'}, 'cand_560443d79842b416ea0d': {'state': 'PRESENT', 'expected_state': 'PRESENT', 'payload_exact': False, 'physical_payload_sha256': '96a6945367ae0abc2c957ce2f705b75cf8a9fb297df919f923cb52a85cf659f6', 'frozen_payload_sha256': 'be78ff92a97910cc3de151f0dca1042f41c18a3f3bc2a2cd7232086e03853af7'}, 'cand_0fdc909a2a3cf9718db9': {'state': 'PRESENT', 'expected_state': 'PRESENT', 'payload_exact': False, 'physical_payload_sha256': '54b26d6b8d0a1bae3394f97096e212576799f0cddf740906fc76ce50142495a5', 'frozen_payload_sha256': '2ad2ca3dab99c5a630c7c0c648513d0a4d2c2c786a5831a3531adf621367fdc8'}, 'cand_7531356383a7948fede1': {'state': 'PRESENT', 'expected_state': 'PRESENT', 'payload_exact': False, 'physical_payload_sha256': '1e523bb796823401afbdc68630a7eafa9b5e2b9c6e8e5805339bed42b8372429', 'frozen_payload_sha256': 'c5fe4a04f2721d84170dcd083a7c33cd35dbd446ad580049e0e52c86a768df5e'}, 'cand_850ffdf5fc1ceee3e08d': {'state': 'PRESENT', 'expected_state': 'PRESENT', 'payload_exact': True, 'physical_payload_sha256': '454d59861034c0f3e55889b8176b61864ebf485e14d7422ef505d18749170a4a', 'frozen_payload_sha256': '454d59861034c0f3e55889b8176b61864ebf485e14d7422ef505d18749170a4a'}, 'cand_9a47b4882350bf5fccf9': {'state': 'PRESENT', 'expected_state': 'PRESENT', 'payload_exact': True, 'physical_payload_sha256': '6572aa9c7b3f76ba408b01f2ecd52339c6e8d3fa11be261185717cfbbb5b97c4', 'frozen_payload_sha256': '6572aa9c7b3f76ba408b01f2ecd52339c6e8d3fa11be261185717cfbbb5b97c4'}, 'cand_835deeb29a9e7947a98b': {'state': 'PRESENT', 'expected_state': 'PRESENT', 'payload_exact': True, 'physical_payload_sha256': '350fcc8b0194d7a40b43e82a0a08d53a472551766b14dc9c4ca8c2459e17b267', 'frozen_payload_sha256': '350fcc8b0194d7a40b43e82a0a08d53a472551766b14dc9c4ca8c2459e17b267'}, 'cand_b6cafc68143c6fa37e85': {'state': 'PRESENT', 'expected_state': 'PRESENT', 'payload_exact': True, 'physical_payload_sha256': '29c9fe4704d536feecc86b629c457d6df83408d06860142b94d569a68758791e', 'frozen_payload_sha256': '29c9fe4704d536feecc86b629c457d6df83408d06860142b94d569a68758791e'}, 'cand_f002ec4adfff3911240b': {'state': 'PRESENT', 'expected_state': 'PRESENT', 'payload_exact': True, 'physical_payload_sha256': '8ca28e1f85b64f132176f5f38374a69f3322425f8b16b86cf39d130402b884f9', 'frozen_payload_sha256': '8ca28e1f85b64f132176f5f38374a69f3322425f8b16b86cf39d130402b884f9'}, 'cand_d17d4fee04bca1295fdb': {'state': 'PRESENT', 'expected_state': 'PRESENT', 'payload_exact': False, 'physical_payload_sha256': 'ae34043a810a517b71301f549fee7e453914ad2d7864919edcbdde8547e06cdd', 'frozen_payload_sha256': '521abe6a7105a98b023917c07edecd0807613872118e9cef8c621a3561b7e8b3'}, 'cand_044e770ab213d0ef37b1': {'state': 'PRESENT', 'expected_state': 'PRESENT', 'payload_exact': False, 'physical_payload_sha256': 'bc5476c93d508e0273d7700776b2e1654fde1a4fcb909590d35a8e0f5496f916', 'frozen_payload_sha256': 'b317223e170577ca8ab253066cab88805fe4b6daf941b2dde27d87378ed57718'}, 'cand_cfb64b0bf69c059cd760': {'state': 'PRESENT', 'expected_state': 'PRESENT', 'payload_exact': False, 'physical_payload_sha256': '9feb07c1263cfb82817b7c4d9c5f3aed5be22f7af45e291b0aaa6b71add14466', 'frozen_payload_sha256': 'd2972276ef2029733a9fd28fe87c72b707aa4d8c891c836d2897c298a70713ca'}, 'cand_6505783b203dc0346b49': {'state': 'PRESENT', 'expected_state': 'PRESENT', 'payload_exact': False, 'physical_payload_sha256': '187384776f057362826e73096dfc6a3c2bae4646574169b8e5ed0a5674f4f95d', 'frozen_payload_sha256': '62dd86cc324c57d751a95b6bb40bf32cf734605b6274986eddb36bd235bdf1f0'}, 'cand_7b08320f31dae1c5e9f4': {'state': 'PRESENT', 'expected_state': 'PRESENT', 'payload_exact': False, 'physical_payload_sha256': '9730af7f41e9c5908c1bbb037df986b34ff39de8b332e896dab596596c2baddd', 'frozen_payload_sha256': '30f8bf69ea746fc2ece4fa158fb3592b0af48f507cdba8f714db0743728debcd'}, 'cand_e95bcd15c94c80f62716': {'state': 'PRESENT', 'expected_state': 'PRESENT', 'payload_exact': False, 'physical_payload_sha256': '9d5af6a517d1fc7c827eca3aa90aa5787befe2095c15e3f32df254f45fb79a1f', 'frozen_payload_sha256': 'df57b832272f3cb05ba73349e6d8d14a2c5bd1c8b36c1dce06af7c12d7a54469'}, 'cand_5e3a909effbf6f7d6e21': {'state': 'PRESENT', 'expected_state': 'PRESENT', 'payload_exact': False, 'physical_payload_sha256': '473b93b0891092c8185b83703e3a2d6d525c73a4f03ec2bef6138dae643c7a12', 'frozen_payload_sha256': '750559a80d6ddae2040622b145a63733a1512442c0db9c18ccfebe631f1d4d55'}, 'cand_cf35fb1b66d3371735fd': {'state': 'PRESENT', 'expected_state': 'PRESENT', 'payload_exact': False, 'physical_payload_sha256': '806e92cd57199ab84aae290112c7e97f79613c15dae74ca109768b05e7200a11', 'frozen_payload_sha256': 'ac4cafa3d4dc672a82e60cb929588b5548cbb761b5d7e5080ab411264fbdfd19'}, 'cand_663a31a8fc0678a2324b': {'state': 'PRESENT', 'expected_state': 'PRESENT', 'payload_exact': False, 'physical_payload_sha256': 'adafd8edb3b5329b52f49c4779ef4ed13966d216b454397f8caa371d16ad7a50', 'frozen_payload_sha256': '363cbc361303a331f1e2dc39caed83a6acc9d8e078dc633eb198a2139a28b63a'}, 'cand_bb3c9704bc50457d0385': {'state': 'PRESENT', 'expected_state': 'PRESENT', 'payload_exact': False, 'physical_payload_sha256': '394810daf121c2ddc5d49107c80b89ca2edc0d5ccd1fbd3be57c9b4f0e5e9d51', 'frozen_payload_sha256': '64b23a717d41913b3ce11944f179b39f51d8e7a4879120dd9c498791de459806'}, 'cand_a658273d38918de4ed71': {'state': 'PRESENT', 'expected_state': 'PRESENT', 'payload_exact': False, 'physical_payload_sha256': '23ee89cd1c7ee40902dfffb0bbfba844cba56724915b405d3decb660b8759390', 'frozen_payload_sha256': '86cb8926db7981c756aeafae2b782fb530091aced914ce129c327c9ccdc9753d'}, 'cand_9e3965b9e6ab7faacc4e': {'state': 'PRESENT', 'expected_state': 'PRESENT', 'payload_exact': False, 'physical_payload_sha256': 'b6ba1449dbc2fbfd9c435d31eafa82fbcd139b145edba266ad2c7a9327f6ebf9', 'frozen_payload_sha256': 'fc622ae586ae4fcb2832a08be2cebc66fa4b50be4acd805a48aa92876a312a83'}, 'cand_2bea04f8b2c85ff2a4e0': {'state': 'PRESENT', 'expected_state': 'PRESENT', 'payload_exact': False, 'physical_payload_sha256': '4250a212a4df0c88042f5f05778e5a9348f0ab2bdc06ba40605e872b86b9755e', 'frozen_payload_sha256': '4a7c0e1d0141710fdcdf76df8fa423c804ec8925ca9d61640570cf5aa5bf5b2c'}, 'cand_d033eb981110aa21d3df': {'state': 'PRESENT', 'expected_state': 'PRESENT', 'payload_exact': False, 'physical_payload_sha256': '47f6758511751bebf8fedac841e60e57755b7ab0ce45a11aacc9c243bfa60453', 'frozen_payload_sha256': '733ab1bb1f4ef4def3888a09e10d19ac64d6335565cd3127d626bbbaa6e82236'}, 'cand_0ef1e644231e36b17de7': {'state': 'PRESENT', 'expected_state': 'PRESENT', 'payload_exact': False, 'physical_payload_sha256': '010bc748d1630335f4531056e96ae50541e34817a06108cac056d4a7300e24bd', 'frozen_payload_sha256': '38aad8babae9bf7fd2d705dc029db3a75135e046ee1042a7fd6ae338ff66b81a'}, 'cand_dd4fa07161dcf5def8eb': {'state': 'PRESENT', 'expected_state': 'PRESENT', 'payload_exact': False, 'physical_payload_sha256': '92d826d0b9b36d895fcf0c2d1c4a17f9a7d64d95f5df0380805eef70f1125a00', 'frozen_payload_sha256': '7e95d8be59b3a80bb6048fb0ce97f5f15b7a7a58b294d7a00d552af271f72133'}, 'cand_d102d0d6903dbc44935f': {'state': 'PRESENT', 'expected_state': 'PRESENT', 'payload_exact': False, 'physical_payload_sha256': 'b2d5300621b4daf29d29d67ac2718b1de80f52a05083dac3171da24248385d6c', 'frozen_payload_sha256': 'bf92095272c99df681c6de75268ad16fae2557e56723c8b1e8706568729f97c0'}}}"
physical,120000,final-31,3,False,0.005030781001551077,0.2095843990027788,0.284852482000133,0.011353237001458183,0.22596841700578807,0.5108208990059211,26171010.661842607,a6ae279a00f7a2d2e970e65c46d7cc53787a74a3a7d48f496c8d2ea958abbd9d,1963,"{'all_payloads_match': False, 'exact_payload_count': 5, 'states': {'cand_f94acad130c4ac5b3553': {'state': 'PRESENT', 'expected_state': 'PRESENT', 'payload_exact': False, 'physical_payload_sha256': '40605585670bb56e06359cb10004bc3a7a9439e3e71c92f969cc4f974b2446c3', 'frozen_payload_sha256': '3c4e013d02f3b8d0724b2a166139b9e3af87f27c15bd35f0d400f6c8a1a368e9'}, 'cand_6ca6020979af5e5766a4': {'state': 'PRESENT', 'expected_state': 'PRESENT', 'payload_exact': False, 'physical_payload_sha256': '41556e8033c4a0c58974553cd751db4a199af189a83e55f5f310474bde299768', 'frozen_payload_sha256': '566293273bdde4e051a7642e81f5a3b934c3fcdcf9a5c6915d3b531daac5435a'}, 'cand_c6f83d66ce3d1e079f11': {'state': 'PRESENT', 'expected_state': 'PRESENT', 'payload_exact': False, 'physical_payload_sha256': '3231b075f6487cc8719503ee917b8eced71c42f01c609913f439fb383712e771', 'frozen_payload_sha256': '2c0cc00f4dc7b84e1b5663b0fa242ba63406f778ed4a6bc9a04c6fc2bbf5cbca'}, 'cand_1f420ce5268e234e658c': {'state': 'PRESENT', 'expected_state': 'PRESENT', 'payload_exact': False, 'physical_payload_sha256': 'b80795bba5971f088894431a567ddf05f209196aa5f6ec7d291a22502a3b0344', 'frozen_payload_sha256': '91ec3b38f39234abbc7c93de5d3efe8950f0bc7e53d612bc25a538bc7dffaecb'}, 'cand_93041865e5a926191d54': {'state': 'PRESENT', 'expected_state': 'PRESENT', 'payload_exact': False, 'physical_payload_sha256': 'c5f31441924b4f2fc36d292ba81bbab875f1cef718fe20da0bb1669dd23df2c7', 'frozen_payload_sha256': '113812e4cd54ed7959caae6952fada4535674a16973580aff64c559560f49e8b'}, 'cand_560443d79842b416ea0d': {'state': 'PRESENT', 'expected_state': 'PRESENT', 'payload_exact': False, 'physical_payload_sha256': '05d0921f438441653411e87926b597f602c29b6df03ecccd3f6367cb9170d01c', 'frozen_payload_sha256': 'be78ff92a97910cc3de151f0dca1042f41c18a3f3bc2a2cd7232086e03853af7'}, 'cand_0fdc909a2a3cf9718db9': {'state': 'PRESENT', 'expected_state': 'PRESENT', 'payload_exact': False, 'physical_payload_sha256': '39948c56feb0cdae8a9d67db38eff9ce33eb3a884e51031982e48ef8f9ad3b67', 'frozen_payload_sha256': '2ad2ca3dab99c5a630c7c0c648513d0a4d2c2c786a5831a3531adf621367fdc8'}, 'cand_7531356383a7948fede1': {'state': 'PRESENT', 'expected_state': 'PRESENT', 'payload_exact': False, 'physical_payload_sha256': '179bc9092d57df670a721dfcd2ca316efcd3e2a889d3708e4642d90e4afa0a85', 'frozen_payload_sha256': 'c5fe4a04f2721d84170dcd083a7c33cd35dbd446ad580049e0e52c86a768df5e'}, 'cand_850ffdf5fc1ceee3e08d': {'state': 'PRESENT', 'expected_state': 'PRESENT', 'payload_exact': True, 'physical_payload_sha256': '454d59861034c0f3e55889b8176b61864ebf485e14d7422ef505d18749170a4a', 'frozen_payload_sha256': '454d59861034c0f3e55889b8176b61864ebf485e14d7422ef505d18749170a4a'}, 'cand_9a47b4882350bf5fccf9': {'state': 'PRESENT', 'expected_state': 'PRESENT', 'payload_exact': True, 'physical_payload_sha256': '6572aa9c7b3f76ba408b01f2ecd52339c6e8d3fa11be261185717cfbbb5b97c4', 'frozen_payload_sha256': '6572aa9c7b3f76ba408b01f2ecd52339c6e8d3fa11be261185717cfbbb5b97c4'}, 'cand_835deeb29a9e7947a98b': {'state': 'PRESENT', 'expected_state': 'PRESENT', 'payload_exact': True, 'physical_payload_sha256': '350fcc8b0194d7a40b43e82a0a08d53a472551766b14dc9c4ca8c2459e17b267', 'frozen_payload_sha256': '350fcc8b0194d7a40b43e82a0a08d53a472551766b14dc9c4ca8c2459e17b267'}, 'cand_b6cafc68143c6fa37e85': {'state': 'PRESENT', 'expected_state': 'PRESENT', 'payload_exact': True, 'physical_payload_sha256': '29c9fe4704d536feecc86b629c457d6df83408d06860142b94d569a68758791e', 'frozen_payload_sha256': '29c9fe4704d536feecc86b629c457d6df83408d06860142b94d569a68758791e'}, 'cand_f002ec4adfff3911240b': {'state': 'PRESENT', 'expected_state': 'PRESENT', 'payload_exact': True, 'physical_payload_sha256': '8ca28e1f85b64f132176f5f38374a69f3322425f8b16b86cf39d130402b884f9', 'frozen_payload_sha256': '8ca28e1f85b64f132176f5f38374a69f3322425f8b16b86cf39d130402b884f9'}, 'cand_d17d4fee04bca1295fdb': {'state': 'PRESENT', 'expected_state': 'PRESENT', 'payload_exact': False, 'physical_payload_sha256': '8d6c24846c7ed96aa88597eb3ffa38b44833b90664191f57b3f5b6a9ef836060', 'frozen_payload_sha256': '521abe6a7105a98b023917c07edecd0807613872118e9cef8c621a3561b7e8b3'}, 'cand_044e770ab213d0ef37b1': {'state': 'PRESENT', 'expected_state': 'PRESENT', 'payload_exact': False, 'physical_payload_sha256': '02d103dc6fafeee1e561df05559e42a2fc2fda3b293b197a52f7744594b7fb4b', 'frozen_payload_sha256': 'b317223e170577ca8ab253066cab88805fe4b6daf941b2dde27d87378ed57718'}, 'cand_cfb64b0bf69c059cd760': {'state': 'PRESENT', 'expected_state': 'PRESENT', 'payload_exact': False, 'physical_payload_sha256': '193279d79bc5ed5a353f7b6bbc6a65ec2d7a3c9b312e46b7f5edc738f5fa0f6c', 'frozen_payload_sha256': 'd2972276ef2029733a9fd28fe87c72b707aa4d8c891c836d2897c298a70713ca'}, 'cand_6505783b203dc0346b49': {'state': 'PRESENT', 'expected_state': 'PRESENT', 'payload_exact': False, 'physical_payload_sha256': '10a90e824de5eb4631efb95fa95e1b5a6ae0c82568cd98ed5c3f1fadd31e5008', 'frozen_payload_sha256': '62dd86cc324c57d751a95b6bb40bf32cf734605b6274986eddb36bd235bdf1f0'}, 'cand_7b08320f31dae1c5e9f4': {'state': 'PRESENT', 'expected_state': 'PRESENT', 'payload_exact': False, 'physical_payload_sha256': 'b27c45add7c78bf2045a81d497a1b7555c4ff4fb1ba166e70ee553ea931025e9', 'frozen_payload_sha256': '30f8bf69ea746fc2ece4fa158fb3592b0af48f507cdba8f714db0743728debcd'}, 'cand_e95bcd15c94c80f62716': {'state': 'PRESENT', 'expected_state': 'PRESENT', 'payload_exact': False, 'physical_payload_sha256': 'b219c22ded09ccc436ba5b2b000a5064061529b5f1c04afa9531b48ff70c53da', 'frozen_payload_sha256': 'df57b832272f3cb05ba73349e6d8d14a2c5bd1c8b36c1dce06af7c12d7a54469'}, 'cand_5e3a909effbf6f7d6e21': {'state': 'PRESENT', 'expected_state': 'PRESENT', 'payload_exact': False, 'physical_payload_sha256': '71fdc72dbdeccf1875218cbb0bc9c054fbe9d00fc460f3d0738a10cab08a5e6d', 'frozen_payload_sha256': '750559a80d6ddae2040622b145a63733a1512442c0db9c18ccfebe631f1d4d55'}, 'cand_cf35fb1b66d3371735fd': {'state': 'PRESENT', 'expected_state': 'PRESENT', 'payload_exact': False, 'physical_payload_sha256': '99f35383518fb06462669ca5313d5918ae0943a1d6b952e05b2933686dbbc079', 'frozen_payload_sha256': 'ac4cafa3d4dc672a82e60cb929588b5548cbb761b5d7e5080ab411264fbdfd19'}, 'cand_663a31a8fc0678a2324b': {'state': 'PRESENT', 'expected_state': 'PRESENT', 'payload_exact': False, 'physical_payload_sha256': '2e8d467745dafd48c6beeae7a1828c0acf723ed4d087e07146e91758e9795622', 'frozen_payload_sha256': '363cbc361303a331f1e2dc39caed83a6acc9d8e078dc633eb198a2139a28b63a'}, 'cand_bb3c9704bc50457d0385': {'state': 'PRESENT', 'expected_state': 'PRESENT', 'payload_exact': False, 'physical_payload_sha256': '030079ced88c2591da7f6bad3927c9ded7915307d4431944d3172455edc35df9', 'frozen_payload_sha256': '64b23a717d41913b3ce11944f179b39f51d8e7a4879120dd9c498791de459806'}, 'cand_a658273d38918de4ed71': {'state': 'PRESENT', 'expected_state': 'PRESENT', 'payload_exact': False, 'physical_payload_sha256': 'a18fc62a030a12f7f5f5be3c73bd54f97d1d9e03ec882bda5fde9ff525c6557b', 'frozen_payload_sha256': '86cb8926db7981c756aeafae2b782fb530091aced914ce129c327c9ccdc9753d'}, 'cand_9e3965b9e6ab7faacc4e': {'state': 'PRESENT', 'expected_state': 'PRESENT', 'payload_exact': False, 'physical_payload_sha256': 'bba39c27995e26af2a5bf7ff5737b2371c66856293cee00660066a715e13c97d', 'frozen_payload_sha256': 'fc622ae586ae4fcb2832a08be2cebc66fa4b50be4acd805a48aa92876a312a83'}, 'cand_2bea04f8b2c85ff2a4e0': {'state': 'PRESENT', 'expected_state': 'PRESENT', 'payload_exact': False, 'physical_payload_sha256': '92bf3cf63bf18f6625bf735f7d065416d0b92745c8f46074b9dfe3e31bd11731', 'frozen_payload_sha256': '4a7c0e1d0141710fdcdf76df8fa423c804ec8925ca9d61640570cf5aa5bf5b2c'}, 'cand_d033eb981110aa21d3df': {'state': 'PRESENT', 'expected_state': 'PRESENT', 'payload_exact': False, 'physical_payload_sha256': '38e9d4b52937259e99607ae9725b135865c82cf50376463d95a0ca19561f47a0', 'frozen_payload_sha256': '733ab1bb1f4ef4def3888a09e10d19ac64d6335565cd3127d626bbbaa6e82236'}, 'cand_0ef1e644231e36b17de7': {'state': 'PRESENT', 'expected_state': 'PRESENT', 'payload_exact': False, 'physical_payload_sha256': '010bc748d1630335f4531056e96ae50541e34817a06108cac056d4a7300e24bd', 'frozen_payload_sha256': '38aad8babae9bf7fd2d705dc029db3a75135e046ee1042a7fd6ae338ff66b81a'}, 'cand_dd4fa07161dcf5def8eb': {'state': 'PRESENT', 'expected_state': 'PRESENT', 'payload_exact': False, 'physical_payload_sha256': '02fc93f3c223bbca3e51305ab919a094adb7146ac2389f8569ed6ec8cfa8bcb2', 'frozen_payload_sha256': '7e95d8be59b3a80bb6048fb0ce97f5f15b7a7a58b294d7a00d552af271f72133'}, 'cand_5400d6d245a511006593': {'state': 'PRESENT', 'expected_state': 'PRESENT', 'payload_exact': False, 'physical_payload_sha256': '01a08fefe3d3c60d02ee4dac14475f84deaf5af820771ddc2328fab8acf625e3', 'frozen_payload_sha256': 'c7e212dc5d68b5bd1dc0a176417e3ff5212f3f48eda13984bee610c7655e03cb'}, 'cand_d102d0d6903dbc44935f': {'state': 'PRESENT', 'expected_state': 'PRESENT', 'payload_exact': False, 'physical_payload_sha256': 'd190de0968b0c4a65a630b5d7c5f97a519180c3e9684a600d83eb16eb4cc6302', 'frozen_payload_sha256': 'bf92095272c99df681c6de75268ad16fae2557e56723c8b1e8706568729f97c0'}}}"
physical,120000,empty,4,False,2.0790030248463154e-06,0.06868416700308444,0.2711442090003402,0.007797041005687788,0.07648328701179707,0.34762749601213727,26696473.82252176,a9023ef85bffa59659ea33a8d9766db18d69b3c9dc3892fa4599983d8b8fabe3,1963,"{'all_payloads_match': True, 'exact_payload_count': 0}"
physical,120000,prefix-01,4,False,0.0024880240016500466,0.06778834400029154,0.25728995600366034,0.009480259999691043,0.07975662800163263,0.33704658400529297,26661578.039256934,508c18c6ec560baa1430f1700416bbb3c95373fa4625110d084b6d5a7d223106,1963,"{'all_payloads_match': False, 'exact_payload_count': 0, 'states': {'cand_f94acad130c4ac5b3553': {'state': 'PRESENT', 'expected_state': 'PRESENT', 'payload_exact': False, 'physical_payload_sha256': '80b67ffe77f96011f2333e8ce710da28aaa029efdf2c46f507b443a36cafdab3', 'frozen_payload_sha256': '3c4e013d02f3b8d0724b2a166139b9e3af87f27c15bd35f0d400f6c8a1a368e9'}}}"
physical,120000,prefix-05,4,False,0.0015827440001885407,0.08178865700028837,0.2561264870018931,0.009848601002886426,0.09322000200336333,0.34934648900525644,26280511.551918633,32ebfdc529e691c2625627b4dc3a4348cdeca60f93e7cad788677152620fc7d9,1963,"{'all_payloads_match': False, 'exact_payload_count': 0, 'states': {'cand_f94acad130c4ac5b3553': {'state': 'PRESENT', 'expected_state': 'PRESENT', 'payload_exact': False, 'physical_payload_sha256': '8c52ff8184fd3b6f5e1b4c7e06a07ec295a6fb505ae0847683ac991bfdd40f89', 'frozen_payload_sha256': '3c4e013d02f3b8d0724b2a166139b9e3af87f27c15bd35f0d400f6c8a1a368e9'}, 'cand_6ca6020979af5e5766a4': {'state': 'PRESENT', 'expected_state': 'PRESENT', 'payload_exact': False, 'physical_payload_sha256': '406e245ee7391dc397f225a781a72c27c174f791545d15a3f6d950c160f17ff2', 'frozen_payload_sha256': '566293273bdde4e051a7642e81f5a3b934c3fcdcf9a5c6915d3b531daac5435a'}, 'cand_c6f83d66ce3d1e079f11': {'state': 'PRESENT', 'expected_state': 'PRESENT', 'payload_exact': False, 'physical_payload_sha256': '1b7557bd808c84c019cfe3940a4ebd81949c2806d3abd2f3cf15dc2efcee2690', 'frozen_payload_sha256': '2c0cc00f4dc7b84e1b5663b0fa242ba63406f778ed4a6bc9a04c6fc2bbf5cbca'}, 'cand_1f420ce5268e234e658c': {'state': 'PRESENT', 'expected_state': 'PRESENT', 'payload_exact': False, 'physical_payload_sha256': '4042aec8382fe0fc6208a747c7ddff66f4fa46619dcd3d8d74b70e746c00bb50', 'frozen_payload_sha256': '91ec3b38f39234abbc7c93de5d3efe8950f0bc7e53d612bc25a538bc7dffaecb'}, 'cand_bb3c9704bc50457d0385': {'state': 'PRESENT', 'expected_state': 'PRESENT', 'payload_exact': False, 'physical_payload_sha256': 'e968b483b085d250f20d4a7e0e9fa3746b859d180d12ea7fd01ce5c9bb07768e', 'frozen_payload_sha256': '64b23a717d41913b3ce11944f179b39f51d8e7a4879120dd9c498791de459806'}}}"
physical,120000,prefix-16,4,False,0.0027778669973486103,0.1384975580003811,0.26092235499527305,0.009175145998597145,0.15045057099632686,0.4113729259915999,26209449.37811196,01731e3e782804707fa87929b8bca9a917a2b0c070905a73d14e522cc89fca37,1963,"{'all_payloads_match': False, 'exact_payload_count': 1, 'states': {'cand_f94acad130c4ac5b3553': {'state': 'PRESENT', 'expected_state': 'PRESENT', 'payload_exact': False, 'physical_payload_sha256': '3de9343da2720c78322213f73c3e50b1ddad32416abba6c40f779c925d2b9a77', 'frozen_payload_sha256': '3c4e013d02f3b8d0724b2a166139b9e3af87f27c15bd35f0d400f6c8a1a368e9'}, 'cand_6ca6020979af5e5766a4': {'state': 'PRESENT', 'expected_state': 'PRESENT', 'payload_exact': False, 'physical_payload_sha256': '13a90ecba41a3c9da55d589de2509cd965f321c4b80e38da3e2af6d4960e975d', 'frozen_payload_sha256': '566293273bdde4e051a7642e81f5a3b934c3fcdcf9a5c6915d3b531daac5435a'}, 'cand_c6f83d66ce3d1e079f11': {'state': 'PRESENT', 'expected_state': 'PRESENT', 'payload_exact': False, 'physical_payload_sha256': '98362f70421ed4daa456d17edfacbdce5bb2fdb783f6819e21b2b79c1fc9a1dc', 'frozen_payload_sha256': '2c0cc00f4dc7b84e1b5663b0fa242ba63406f778ed4a6bc9a04c6fc2bbf5cbca'}, 'cand_1f420ce5268e234e658c': {'state': 'PRESENT', 'expected_state': 'PRESENT', 'payload_exact': False, 'physical_payload_sha256': '88012cf3dc0b5ee10c8ef6d9cc449077faab86fd97ec559cdfd27ed5d1f9666a', 'frozen_payload_sha256': '91ec3b38f39234abbc7c93de5d3efe8950f0bc7e53d612bc25a538bc7dffaecb'}, 'cand_93041865e5a926191d54': {'state': 'PRESENT', 'expected_state': 'PRESENT', 'payload_exact': False, 'physical_payload_sha256': 'c64425a0d75cb2215bc02f20723c217fbaed5eb61cd5dfc7cc9d79912e4c7b0a', 'frozen_payload_sha256': '113812e4cd54ed7959caae6952fada4535674a16973580aff64c559560f49e8b'}, 'cand_560443d79842b416ea0d': {'state': 'PRESENT', 'expected_state': 'PRESENT', 'payload_exact': False, 'physical_payload_sha256': '4773f32990066b169bcc2caa71ba409924bd73d5cc8ad26720c472a77fb13abd', 'frozen_payload_sha256': 'be78ff92a97910cc3de151f0dca1042f41c18a3f3bc2a2cd7232086e03853af7'}, 'cand_0fdc909a2a3cf9718db9': {'state': 'PRESENT', 'expected_state': 'PRESENT', 'payload_exact': False, 'physical_payload_sha256': '7d3dfaf29a3ef3d8bb27487523b8de119cbfd234116cc6629f30f8d396fc3d6b', 'frozen_payload_sha256': '2ad2ca3dab99c5a630c7c0c648513d0a4d2c2c786a5831a3531adf621367fdc8'}, 'cand_7531356383a7948fede1': {'state': 'PRESENT', 'expected_state': 'PRESENT', 'payload_exact': False, 'physical_payload_sha256': '4013c47137ed95437025417ccbde0502ab09b465267081ec9ecb0045520197f1', 'frozen_payload_sha256': 'c5fe4a04f2721d84170dcd083a7c33cd35dbd446ad580049e0e52c86a768df5e'}, 'cand_850ffdf5fc1ceee3e08d': {'state': 'PRESENT', 'expected_state': 'PRESENT', 'payload_exact': True, 'physical_payload_sha256': '454d59861034c0f3e55889b8176b61864ebf485e14d7422ef505d18749170a4a', 'frozen_payload_sha256': '454d59861034c0f3e55889b8176b61864ebf485e14d7422ef505d18749170a4a'}, 'cand_cfb64b0bf69c059cd760': {'state': 'PRESENT', 'expected_state': 'PRESENT', 'payload_exact': False, 'physical_payload_sha256': 'f9efa6a1ded1e2f0387a62b17e432b73dc646ef4791fdd412ddfb52032c14329', 'frozen_payload_sha256': 'd2972276ef2029733a9fd28fe87c72b707aa4d8c891c836d2897c298a70713ca'}, 'cand_663a31a8fc0678a2324b': {'state': 'PRESENT', 'expected_state': 'PRESENT', 'payload_exact': False, 'physical_payload_sha256': 'e4371062ca497faf38d7f5e3734a16d08b7276c81ddd341409d7860ee8b90002', 'frozen_payload_sha256': '363cbc361303a331f1e2dc39caed83a6acc9d8e078dc633eb198a2139a28b63a'}, 'cand_bb3c9704bc50457d0385': {'state': 'PRESENT', 'expected_state': 'PRESENT', 'payload_exact': False, 'physical_payload_sha256': '458d3b3d51d12cdde63fe480f870e9d0d47d5011bc0fa128a7ddea502227db00', 'frozen_payload_sha256': '64b23a717d41913b3ce11944f179b39f51d8e7a4879120dd9c498791de459806'}, 'cand_9e3965b9e6ab7faacc4e': {'state': 'PRESENT', 'expected_state': 'PRESENT', 'payload_exact': False, 'physical_payload_sha256': '7acd064990862a24e1b6a4c870a217a356d2890d978f27a6eddbf0ee5a60a690', 'frozen_payload_sha256': 'fc622ae586ae4fcb2832a08be2cebc66fa4b50be4acd805a48aa92876a312a83'}, 'cand_2bea04f8b2c85ff2a4e0': {'state': 'PRESENT', 'expected_state': 'PRESENT', 'payload_exact': False, 'physical_payload_sha256': '82a875b199891b6f4a5d2caae81e008eb3a57b8b5f7ef9136a0e3336202d1a2f', 'frozen_payload_sha256': '4a7c0e1d0141710fdcdf76df8fa423c804ec8925ca9d61640570cf5aa5bf5b2c'}, 'cand_0ef1e644231e36b17de7': {'state': 'PRESENT', 'expected_state': 'PRESENT', 'payload_exact': False, 'physical_payload_sha256': '24bbe844cc7f5ff738db48d25fcb8ab5f425860e63f24ca53d5e13741b2534ae', 'frozen_payload_sha256': '38aad8babae9bf7fd2d705dc029db3a75135e046ee1042a7fd6ae338ff66b81a'}, 'cand_dd4fa07161dcf5def8eb': {'state': 'PRESENT', 'expected_state': 'PRESENT', 'payload_exact': False, 'physical_payload_sha256': '95c03b3ec899131355d8a06707abf9bcd4f34551903f433b78cc32a7331c828d', 'frozen_payload_sha256': '7e95d8be59b3a80bb6048fb0ce97f5f15b7a7a58b294d7a00d552af271f72133'}}}"
physical,120000,prefix-30,4,False,0.00459472000511596,0.19625836499471916,0.27353936900181,0.009865833999356255,0.21071891899919137,0.48425828800100135,26214801.67618807,97fe1b4e0510dd5909940b81df7484927275fd2503cd0685200d7576e877b381,1963,"{'all_payloads_match': False, 'exact_payload_count': 5, 'states': {'cand_f94acad130c4ac5b3553': {'state': 'PRESENT', 'expected_state': 'PRESENT', 'payload_exact': False, 'physical_payload_sha256': 'caf31db2a9e9d828f6631043df2771786988dd3f8f93bf595b27e7dadbc0c578', 'frozen_payload_sha256': '3c4e013d02f3b8d0724b2a166139b9e3af87f27c15bd35f0d400f6c8a1a368e9'}, 'cand_6ca6020979af5e5766a4': {'state': 'PRESENT', 'expected_state': 'PRESENT', 'payload_exact': False, 'physical_payload_sha256': '91614bd18016f87a8e1127141a31595a8eabdda500941670f08d8eb79c5164c5', 'frozen_payload_sha256': '566293273bdde4e051a7642e81f5a3b934c3fcdcf9a5c6915d3b531daac5435a'}, 'cand_c6f83d66ce3d1e079f11': {'state': 'PRESENT', 'expected_state': 'PRESENT', 'payload_exact': False, 'physical_payload_sha256': '29aaedcdcf4694312fadff93f949e9b75ad9f66077cf355d1018db561a6fd4a6', 'frozen_payload_sha256': '2c0cc00f4dc7b84e1b5663b0fa242ba63406f778ed4a6bc9a04c6fc2bbf5cbca'}, 'cand_1f420ce5268e234e658c': {'state': 'PRESENT', 'expected_state': 'PRESENT', 'payload_exact': False, 'physical_payload_sha256': '5e78ac660ab7406f4c8b079d4b3b92b63e550d4399c19c797da8d1716861cbc5', 'frozen_payload_sha256': '91ec3b38f39234abbc7c93de5d3efe8950f0bc7e53d612bc25a538bc7dffaecb'}, 'cand_93041865e5a926191d54': {'state': 'PRESENT', 'expected_state': 'PRESENT', 'payload_exact': False, 'physical_payload_sha256': '281f84da58a8171b42ffc00cb04743f585d6a446501a917abe6b01f122ef07ad', 'frozen_payload_sha256': '113812e4cd54ed7959caae6952fada4535674a16973580aff64c559560f49e8b'}, 'cand_560443d79842b416ea0d': {'state': 'PRESENT', 'expected_state': 'PRESENT', 'payload_exact': False, 'physical_payload_sha256': '968d3585096cc692f9e4f87a5df8ce410878ef6975540157c15730c045d8c995', 'frozen_payload_sha256': 'be78ff92a97910cc3de151f0dca1042f41c18a3f3bc2a2cd7232086e03853af7'}, 'cand_0fdc909a2a3cf9718db9': {'state': 'PRESENT', 'expected_state': 'PRESENT', 'payload_exact': False, 'physical_payload_sha256': 'f31a7a0efde9424151faf9c54b92aca1fcff4a726e9729211d3a790a37d5b7af', 'frozen_payload_sha256': '2ad2ca3dab99c5a630c7c0c648513d0a4d2c2c786a5831a3531adf621367fdc8'}, 'cand_7531356383a7948fede1': {'state': 'PRESENT', 'expected_state': 'PRESENT', 'payload_exact': False, 'physical_payload_sha256': '0744c5aa53ac0240228ef751ea8615488ebbb86e49104f86b2013bc764e09c32', 'frozen_payload_sha256': 'c5fe4a04f2721d84170dcd083a7c33cd35dbd446ad580049e0e52c86a768df5e'}, 'cand_850ffdf5fc1ceee3e08d': {'state': 'PRESENT', 'expected_state': 'PRESENT', 'payload_exact': True, 'physical_payload_sha256': '454d59861034c0f3e55889b8176b61864ebf485e14d7422ef505d18749170a4a', 'frozen_payload_sha256': '454d59861034c0f3e55889b8176b61864ebf485e14d7422ef505d18749170a4a'}, 'cand_9a47b4882350bf5fccf9': {'state': 'PRESENT', 'expected_state': 'PRESENT', 'payload_exact': True, 'physical_payload_sha256': '6572aa9c7b3f76ba408b01f2ecd52339c6e8d3fa11be261185717cfbbb5b97c4', 'frozen_payload_sha256': '6572aa9c7b3f76ba408b01f2ecd52339c6e8d3fa11be261185717cfbbb5b97c4'}, 'cand_835deeb29a9e7947a98b': {'state': 'PRESENT', 'expected_state': 'PRESENT', 'payload_exact': True, 'physical_payload_sha256': '350fcc8b0194d7a40b43e82a0a08d53a472551766b14dc9c4ca8c2459e17b267', 'frozen_payload_sha256': '350fcc8b0194d7a40b43e82a0a08d53a472551766b14dc9c4ca8c2459e17b267'}, 'cand_b6cafc68143c6fa37e85': {'state': 'PRESENT', 'expected_state': 'PRESENT', 'payload_exact': True, 'physical_payload_sha256': '29c9fe4704d536feecc86b629c457d6df83408d06860142b94d569a68758791e', 'frozen_payload_sha256': '29c9fe4704d536feecc86b629c457d6df83408d06860142b94d569a68758791e'}, 'cand_f002ec4adfff3911240b': {'state': 'PRESENT', 'expected_state': 'PRESENT', 'payload_exact': True, 'physical_payload_sha256': '8ca28e1f85b64f132176f5f38374a69f3322425f8b16b86cf39d130402b884f9', 'frozen_payload_sha256': '8ca28e1f85b64f132176f5f38374a69f3322425f8b16b86cf39d130402b884f9'}, 'cand_d17d4fee04bca1295fdb': {'state': 'PRESENT', 'expected_state': 'PRESENT', 'payload_exact': False, 'physical_payload_sha256': '8bb9f7d2f3b27bad8a1e92b0faa529b343409f6af4bd3059abd2a91b0b429203', 'frozen_payload_sha256': '521abe6a7105a98b023917c07edecd0807613872118e9cef8c621a3561b7e8b3'}, 'cand_044e770ab213d0ef37b1': {'state': 'PRESENT', 'expected_state': 'PRESENT', 'payload_exact': False, 'physical_payload_sha256': '29b7c9f4a70baaa184452a010072e5cc40022f2654e50fe5770cc466358638d5', 'frozen_payload_sha256': 'b317223e170577ca8ab253066cab88805fe4b6daf941b2dde27d87378ed57718'}, 'cand_cfb64b0bf69c059cd760': {'state': 'PRESENT', 'expected_state': 'PRESENT', 'payload_exact': False, 'physical_payload_sha256': '36f3a3c973cd255e0e2061f67e3dd0a48527a0569f247b93abcaf0770453f400', 'frozen_payload_sha256': 'd2972276ef2029733a9fd28fe87c72b707aa4d8c891c836d2897c298a70713ca'}, 'cand_6505783b203dc0346b49': {'state': 'PRESENT', 'expected_state': 'PRESENT', 'payload_exact': False, 'physical_payload_sha256': '784e4c9a26ac8daec5c1422736803ea18688d591879edbb13040af579affe8a4', 'frozen_payload_sha256': '62dd86cc324c57d751a95b6bb40bf32cf734605b6274986eddb36bd235bdf1f0'}, 'cand_7b08320f31dae1c5e9f4': {'state': 'PRESENT', 'expected_state': 'PRESENT', 'payload_exact': False, 'physical_payload_sha256': 'c9ed1872131828f97f69be36419d750180601343ff9bacd6b3bd788b31bc28ff', 'frozen_payload_sha256': '30f8bf69ea746fc2ece4fa158fb3592b0af48f507cdba8f714db0743728debcd'}, 'cand_e95bcd15c94c80f62716': {'state': 'PRESENT', 'expected_state': 'PRESENT', 'payload_exact': False, 'physical_payload_sha256': 'fc212a7d7235ffc4f4eee997e016856a3da498492ffe2c3d45d164384bf926da', 'frozen_payload_sha256': 'df57b832272f3cb05ba73349e6d8d14a2c5bd1c8b36c1dce06af7c12d7a54469'}, 'cand_5e3a909effbf6f7d6e21': {'state': 'PRESENT', 'expected_state': 'PRESENT', 'payload_exact': False, 'physical_payload_sha256': '9d6f61207ade07e458ca5b40c625f31b6e3f048ba479569df96e8385980d974a', 'frozen_payload_sha256': '750559a80d6ddae2040622b145a63733a1512442c0db9c18ccfebe631f1d4d55'}, 'cand_cf35fb1b66d3371735fd': {'state': 'PRESENT', 'expected_state': 'PRESENT', 'payload_exact': False, 'physical_payload_sha256': '20bd2be088873d553fbea2f74b190fb9ff1440797bc28acad2e2f3c92fe80cba', 'frozen_payload_sha256': 'ac4cafa3d4dc672a82e60cb929588b5548cbb761b5d7e5080ab411264fbdfd19'}, 'cand_663a31a8fc0678a2324b': {'state': 'PRESENT', 'expected_state': 'PRESENT', 'payload_exact': False, 'physical_payload_sha256': 'e656592425554680c3d110277e49b833c94b56a50ca13acb08f6351ae1b9aede', 'frozen_payload_sha256': '363cbc361303a331f1e2dc39caed83a6acc9d8e078dc633eb198a2139a28b63a'}, 'cand_bb3c9704bc50457d0385': {'state': 'PRESENT', 'expected_state': 'PRESENT', 'payload_exact': False, 'physical_payload_sha256': 'f664f9ae7b220830e3a9910963f646a5a7ede88186b74027211c78f2d9394b41', 'frozen_payload_sha256': '64b23a717d41913b3ce11944f179b39f51d8e7a4879120dd9c498791de459806'}, 'cand_a658273d38918de4ed71': {'state': 'PRESENT', 'expected_state': 'PRESENT', 'payload_exact': False, 'physical_payload_sha256': 'c7c7abef03a7ede7a09e30ed850c7da4f911a7aee6747920f7c74c29ba09757a', 'frozen_payload_sha256': '86cb8926db7981c756aeafae2b782fb530091aced914ce129c327c9ccdc9753d'}, 'cand_9e3965b9e6ab7faacc4e': {'state': 'PRESENT', 'expected_state': 'PRESENT', 'payload_exact': False, 'physical_payload_sha256': '8976103bcc361930b5cf544fe87914f9c02bedf2b42adac6f67055e0d4fd9ee5', 'frozen_payload_sha256': 'fc622ae586ae4fcb2832a08be2cebc66fa4b50be4acd805a48aa92876a312a83'}, 'cand_2bea04f8b2c85ff2a4e0': {'state': 'PRESENT', 'expected_state': 'PRESENT', 'payload_exact': False, 'physical_payload_sha256': '906ed65f40e23ba1231e433a3c02df64e63911d68efb81fa60c64b9963e65b7b', 'frozen_payload_sha256': '4a7c0e1d0141710fdcdf76df8fa423c804ec8925ca9d61640570cf5aa5bf5b2c'}, 'cand_d033eb981110aa21d3df': {'state': 'PRESENT', 'expected_state': 'PRESENT', 'payload_exact': False, 'physical_payload_sha256': 'd7de5ad64aafb5cbfec6164551724aefc427a511d2661c092666e603e7fd0108', 'frozen_payload_sha256': '733ab1bb1f4ef4def3888a09e10d19ac64d6335565cd3127d626bbbaa6e82236'}, 'cand_0ef1e644231e36b17de7': {'state': 'PRESENT', 'expected_state': 'PRESENT', 'payload_exact': False, 'physical_payload_sha256': 'da581ecb39f8f11fbc802bb77a39e787aca21ac6dc0bbcdbe5ae3e112e50bb94', 'frozen_payload_sha256': '38aad8babae9bf7fd2d705dc029db3a75135e046ee1042a7fd6ae338ff66b81a'}, 'cand_dd4fa07161dcf5def8eb': {'state': 'PRESENT', 'expected_state': 'PRESENT', 'payload_exact': False, 'physical_payload_sha256': 'b04f1e28c6ad71fa725993d60b8184defac13bde569ec8c0823b854598522b8e', 'frozen_payload_sha256': '7e95d8be59b3a80bb6048fb0ce97f5f15b7a7a58b294d7a00d552af271f72133'}, 'cand_d102d0d6903dbc44935f': {'state': 'PRESENT', 'expected_state': 'PRESENT', 'payload_exact': False, 'physical_payload_sha256': 'c50c46dbc925ded411a9334bb97b3678054c1b16a1137b4505afff85c99acacf', 'frozen_payload_sha256': 'bf92095272c99df681c6de75268ad16fae2557e56723c8b1e8706568729f97c0'}}}"
physical,120000,final-31,4,False,0.0049948009982472286,0.20770846900268225,0.27039153600344434,0.009920245996909216,0.2226235159978387,0.49301505200128304,26193682.65108207,77595e120e2b20b98c874d3514d0f091e2782f07f96a2761890954099b891ccc,1963,"{'all_payloads_match': False, 'exact_payload_count': 5, 'states': {'cand_f94acad130c4ac5b3553': {'state': 'PRESENT', 'expected_state': 'PRESENT', 'payload_exact': False, 'physical_payload_sha256': 'f49a17302f6e80b29d6b69699bfaf3c257682733d28c54c86bb129f0782857dc', 'frozen_payload_sha256': '3c4e013d02f3b8d0724b2a166139b9e3af87f27c15bd35f0d400f6c8a1a368e9'}, 'cand_6ca6020979af5e5766a4': {'state': 'PRESENT', 'expected_state': 'PRESENT', 'payload_exact': False, 'physical_payload_sha256': '33603dc5bcd3631d1562f2a703172e10115425f6dd7a81e419a95cbd4c14c9c8', 'frozen_payload_sha256': '566293273bdde4e051a7642e81f5a3b934c3fcdcf9a5c6915d3b531daac5435a'}, 'cand_c6f83d66ce3d1e079f11': {'state': 'PRESENT', 'expected_state': 'PRESENT', 'payload_exact': False, 'physical_payload_sha256': 'db1b4e3850ff1e4d6f14dbf60325c7d3782a2f660c1c02bb5a30798e0955784e', 'frozen_payload_sha256': '2c0cc00f4dc7b84e1b5663b0fa242ba63406f778ed4a6bc9a04c6fc2bbf5cbca'}, 'cand_1f420ce5268e234e658c': {'state': 'PRESENT', 'expected_state': 'PRESENT', 'payload_exact': False, 'physical_payload_sha256': '28be34701c3863efe1b5a14b3db6af13d704844cb68cffb388231f899d4c5fc8', 'frozen_payload_sha256': '91ec3b38f39234abbc7c93de5d3efe8950f0bc7e53d612bc25a538bc7dffaecb'}, 'cand_93041865e5a926191d54': {'state': 'PRESENT', 'expected_state': 'PRESENT', 'payload_exact': False, 'physical_payload_sha256': 'fb2be68f5888f82f58f25013c19eb2001a95c53183accfb87617cff9a43f1781', 'frozen_payload_sha256': '113812e4cd54ed7959caae6952fada4535674a16973580aff64c559560f49e8b'}, 'cand_560443d79842b416ea0d': {'state': 'PRESENT', 'expected_state': 'PRESENT', 'payload_exact': False, 'physical_payload_sha256': '185702f4baf5b9a78f6625fc8d15d80cd560a39c39e2e77cfe5735dda1b5a435', 'frozen_payload_sha256': 'be78ff92a97910cc3de151f0dca1042f41c18a3f3bc2a2cd7232086e03853af7'}, 'cand_0fdc909a2a3cf9718db9': {'state': 'PRESENT', 'expected_state': 'PRESENT', 'payload_exact': False, 'physical_payload_sha256': 'e3ba7c5c63ad32dadac515cbd5e8b0d054c7879112212fa28241759b22ec424d', 'frozen_payload_sha256': '2ad2ca3dab99c5a630c7c0c648513d0a4d2c2c786a5831a3531adf621367fdc8'}, 'cand_7531356383a7948fede1': {'state': 'PRESENT', 'expected_state': 'PRESENT', 'payload_exact': False, 'physical_payload_sha256': '20829644519a2425a2051c789e062e2072fb20bddbb53d3c8874d292cb5dd6ac', 'frozen_payload_sha256': 'c5fe4a04f2721d84170dcd083a7c33cd35dbd446ad580049e0e52c86a768df5e'}, 'cand_850ffdf5fc1ceee3e08d': {'state': 'PRESENT', 'expected_state': 'PRESENT', 'payload_exact': True, 'physical_payload_sha256': '454d59861034c0f3e55889b8176b61864ebf485e14d7422ef505d18749170a4a', 'frozen_payload_sha256': '454d59861034c0f3e55889b8176b61864ebf485e14d7422ef505d18749170a4a'}, 'cand_9a47b4882350bf5fccf9': {'state': 'PRESENT', 'expected_state': 'PRESENT', 'payload_exact': True, 'physical_payload_sha256': '6572aa9c7b3f76ba408b01f2ecd52339c6e8d3fa11be261185717cfbbb5b97c4', 'frozen_payload_sha256': '6572aa9c7b3f76ba408b01f2ecd52339c6e8d3fa11be261185717cfbbb5b97c4'}, 'cand_835deeb29a9e7947a98b': {'state': 'PRESENT', 'expected_state': 'PRESENT', 'payload_exact': True, 'physical_payload_sha256': '350fcc8b0194d7a40b43e82a0a08d53a472551766b14dc9c4ca8c2459e17b267', 'frozen_payload_sha256': '350fcc8b0194d7a40b43e82a0a08d53a472551766b14dc9c4ca8c2459e17b267'}, 'cand_b6cafc68143c6fa37e85': {'state': 'PRESENT', 'expected_state': 'PRESENT', 'payload_exact': True, 'physical_payload_sha256': '29c9fe4704d536feecc86b629c457d6df83408d06860142b94d569a68758791e', 'frozen_payload_sha256': '29c9fe4704d536feecc86b629c457d6df83408d06860142b94d569a68758791e'}, 'cand_f002ec4adfff3911240b': {'state': 'PRESENT', 'expected_state': 'PRESENT', 'payload_exact': True, 'physical_payload_sha256': '8ca28e1f85b64f132176f5f38374a69f3322425f8b16b86cf39d130402b884f9', 'frozen_payload_sha256': '8ca28e1f85b64f132176f5f38374a69f3322425f8b16b86cf39d130402b884f9'}, 'cand_d17d4fee04bca1295fdb': {'state': 'PRESENT', 'expected_state': 'PRESENT', 'payload_exact': False, 'physical_payload_sha256': '94eda36733ba1c2f1584eb672236efabe73ef4d4fe3670d3d3c7df44ba39479b', 'frozen_payload_sha256': '521abe6a7105a98b023917c07edecd0807613872118e9cef8c621a3561b7e8b3'}, 'cand_044e770ab213d0ef37b1': {'state': 'PRESENT', 'expected_state': 'PRESENT', 'payload_exact': False, 'physical_payload_sha256': 'b12a10b3d471e03e2120c9180b24cac55c2bd958deeba977a8ff013c22ba65af', 'frozen_payload_sha256': 'b317223e170577ca8ab253066cab88805fe4b6daf941b2dde27d87378ed57718'}, 'cand_cfb64b0bf69c059cd760': {'state': 'PRESENT', 'expected_state': 'PRESENT', 'payload_exact': False, 'physical_payload_sha256': '0cff15296ecc2032d5d25a0cb580838654e7e080170eb50015d0a0b6dd7db3ea', 'frozen_payload_sha256': 'd2972276ef2029733a9fd28fe87c72b707aa4d8c891c836d2897c298a70713ca'}, 'cand_6505783b203dc0346b49': {'state': 'PRESENT', 'expected_state': 'PRESENT', 'payload_exact': False, 'physical_payload_sha256': 'b6a8a171a00e8ed6a43bcb77c28619b9a8327e80a7858f4bff32f65d3c5240a8', 'frozen_payload_sha256': '62dd86cc324c57d751a95b6bb40bf32cf734605b6274986eddb36bd235bdf1f0'}, 'cand_7b08320f31dae1c5e9f4': {'state': 'PRESENT', 'expected_state': 'PRESENT', 'payload_exact': False, 'physical_payload_sha256': '963458f52d6b7340e4c70f689db3e9fb04c7a805d3cff8cc083b489c4b57965a', 'frozen_payload_sha256': '30f8bf69ea746fc2ece4fa158fb3592b0af48f507cdba8f714db0743728debcd'}, 'cand_e95bcd15c94c80f62716': {'state': 'PRESENT', 'expected_state': 'PRESENT', 'payload_exact': False, 'physical_payload_sha256': 'a542dd7aeca4e6d2f0c7c32301de865b5b4f5d634fe7f1ac5a6d9d6dbc1d63e9', 'frozen_payload_sha256': 'df57b832272f3cb05ba73349e6d8d14a2c5bd1c8b36c1dce06af7c12d7a54469'}, 'cand_5e3a909effbf6f7d6e21': {'state': 'PRESENT', 'expected_state': 'PRESENT', 'payload_exact': False, 'physical_payload_sha256': 'a8b3a3a39b26d4a582dfcc5deea1531cf5d04d07db22db99df50984dc4e9a649', 'frozen_payload_sha256': '750559a80d6ddae2040622b145a63733a1512442c0db9c18ccfebe631f1d4d55'}, 'cand_cf35fb1b66d3371735fd': {'state': 'PRESENT', 'expected_state': 'PRESENT', 'payload_exact': False, 'physical_payload_sha256': 'a18f71e1a182d6d9d7f2d4e084e4eb971cad5adce29121d594103ad488da5cda', 'frozen_payload_sha256': 'ac4cafa3d4dc672a82e60cb929588b5548cbb761b5d7e5080ab411264fbdfd19'}, 'cand_663a31a8fc0678a2324b': {'state': 'PRESENT', 'expected_state': 'PRESENT', 'payload_exact': False, 'physical_payload_sha256': '2971783cdd3d69134b4953c03ed939ab7bf03f21f04b029f200a99ace75689cb', 'frozen_payload_sha256': '363cbc361303a331f1e2dc39caed83a6acc9d8e078dc633eb198a2139a28b63a'}, 'cand_bb3c9704bc50457d0385': {'state': 'PRESENT', 'expected_state': 'PRESENT', 'payload_exact': False, 'physical_payload_sha256': '0914393b5a17374451fa1f697c7102942e7daf8e157dba6749fe13f9393cef4e', 'frozen_payload_sha256': '64b23a717d41913b3ce11944f179b39f51d8e7a4879120dd9c498791de459806'}, 'cand_a658273d38918de4ed71': {'state': 'PRESENT', 'expected_state': 'PRESENT', 'payload_exact': False, 'physical_payload_sha256': '1184582904d97fecc596b2b3da4379eb40125e4cc491407dc8ca091ac11697d3', 'frozen_payload_sha256': '86cb8926db7981c756aeafae2b782fb530091aced914ce129c327c9ccdc9753d'}, 'cand_9e3965b9e6ab7faacc4e': {'state': 'PRESENT', 'expected_state': 'PRESENT', 'payload_exact': False, 'physical_payload_sha256': '51afe30e3ecbae81ccf5bea7dd54c6976412532a5e23b3de805e53b1392fa7b0', 'frozen_payload_sha256': 'fc622ae586ae4fcb2832a08be2cebc66fa4b50be4acd805a48aa92876a312a83'}, 'cand_2bea04f8b2c85ff2a4e0': {'state': 'PRESENT', 'expected_state': 'PRESENT', 'payload_exact': False, 'physical_payload_sha256': 'ac292803db5eb5a70e0fbaade8af4ca70763bd96242df403d09170c45a92b6b0', 'frozen_payload_sha256': '4a7c0e1d0141710fdcdf76df8fa423c804ec8925ca9d61640570cf5aa5bf5b2c'}, 'cand_d033eb981110aa21d3df': {'state': 'PRESENT', 'expected_state': 'PRESENT', 'payload_exact': False, 'physical_payload_sha256': '0d95efc037d2c961560d0e5a6a6bcd3ddb6f17912a30118b8777ecd17ea32d29', 'frozen_payload_sha256': '733ab1bb1f4ef4def3888a09e10d19ac64d6335565cd3127d626bbbaa6e82236'}, 'cand_0ef1e644231e36b17de7': {'state': 'PRESENT', 'expected_state': 'PRESENT', 'payload_exact': False, 'physical_payload_sha256': 'e4b6b6ec45fe3c1379dfab2a1c26997d9a5bb00c641286abef8cb855881a1889', 'frozen_payload_sha256': '38aad8babae9bf7fd2d705dc029db3a75135e046ee1042a7fd6ae338ff66b81a'}, 'cand_dd4fa07161dcf5def8eb': {'state': 'PRESENT', 'expected_state': 'PRESENT', 'payload_exact': False, 'physical_payload_sha256': 'f69bd124fac0aab23f9525aa884fe84ba736338fc1590eacd5005665f0da9a45', 'frozen_payload_sha256': '7e95d8be59b3a80bb6048fb0ce97f5f15b7a7a58b294d7a00d552af271f72133'}, 'cand_5400d6d245a511006593': {'state': 'PRESENT', 'expected_state': 'PRESENT', 'payload_exact': False, 'physical_payload_sha256': 'baef23735619f57ae87031aa43c4e1c9f5827dead80166e688c6a1bb3efc1911', 'frozen_payload_sha256': 'c7e212dc5d68b5bd1dc0a176417e3ff5212f3f48eda13984bee610c7655e03cb'}, 'cand_d102d0d6903dbc44935f': {'state': 'ABSENT_NATIVE', 'expected_state': 'PRESENT', 'payload_exact': False, 'physical_payload_sha256': None, 'frozen_payload_sha256': 'bf92095272c99df681c6de75268ad16fae2557e56723c8b1e8706568729f97c0'}}}"
physical,120000,empty,5,False,2.535001840442419e-06,0.06462583000393352,0.2518210749985883,0.008088456001132727,0.07271682100690668,0.324537896005495,26716780.130750045,296b4939acfb7f836b30f743950f0847a4d776d4c7ecbf766ee96ffbf2879745,1963,"{'all_payloads_match': True, 'exact_payload_count': 0}"
physical,120000,prefix-01,5,False,0.0015875619938015006,0.06809552400227403,0.2454084339988185,0.009321538003860041,0.07900462399993557,0.3244130579987541,26662935.866360616,8fb6f312c708e202ea7a0a1cf24d4aef54c26db642cf74e137437dcbd9db7b28,1963,"{'all_payloads_match': False, 'exact_payload_count': 0, 'states': {'cand_f94acad130c4ac5b3553': {'state': 'PRESENT', 'expected_state': 'PRESENT', 'payload_exact': False, 'physical_payload_sha256': '8816c2e3062020d7d4bb6316c8fb6caa5757953b76a2301fd2a19d8a6f707e4f', 'frozen_payload_sha256': '3c4e013d02f3b8d0724b2a166139b9e3af87f27c15bd35f0d400f6c8a1a368e9'}}}"
physical,120000,prefix-05,5,False,0.0013121809970471077,0.0795819949998986,0.25836991899996065,0.009104386997933034,0.08999856299487874,0.3483684819948394,26199506.371174976,282b5b81259f400a32e4ad494839c91be3ca96aabf841ba2326bfc2a3b29869e,1963,"{'all_payloads_match': False, 'exact_payload_count': 0, 'states': {'cand_f94acad130c4ac5b3553': {'state': 'PRESENT', 'expected_state': 'PRESENT', 'payload_exact': False, 'physical_payload_sha256': 'a5b247f6d1d8f8339bef4d465d931b5ac02ea31e6ad41b3b3b2c000f5c05e595', 'frozen_payload_sha256': '3c4e013d02f3b8d0724b2a166139b9e3af87f27c15bd35f0d400f6c8a1a368e9'}, 'cand_6ca6020979af5e5766a4': {'state': 'PRESENT', 'expected_state': 'PRESENT', 'payload_exact': False, 'physical_payload_sha256': '92d42b3bb9d2fd72ec52e1fd9d31a4300ed7b16de461d0c997d49eaa7114e884', 'frozen_payload_sha256': '566293273bdde4e051a7642e81f5a3b934c3fcdcf9a5c6915d3b531daac5435a'}, 'cand_c6f83d66ce3d1e079f11': {'state': 'PRESENT', 'expected_state': 'PRESENT', 'payload_exact': False, 'physical_payload_sha256': '955af75f560f310f466d1a431966fd25926ec7fa97ae33dc62ee00cc9b59485d', 'frozen_payload_sha256': '2c0cc00f4dc7b84e1b5663b0fa242ba63406f778ed4a6bc9a04c6fc2bbf5cbca'}, 'cand_1f420ce5268e234e658c': {'state': 'PRESENT', 'expected_state': 'PRESENT', 'payload_exact': False, 'physical_payload_sha256': 'ea52c6b4abcae5a7c71a0aadb67028badb4273256c93e5cebf73cc0581828c52', 'frozen_payload_sha256': '91ec3b38f39234abbc7c93de5d3efe8950f0bc7e53d612bc25a538bc7dffaecb'}, 'cand_bb3c9704bc50457d0385': {'state': 'PRESENT', 'expected_state': 'PRESENT', 'payload_exact': False, 'physical_payload_sha256': 'f1f73d067f594f2340199ba60ec0605bcb9625839e20dce3a52edde07505b2bc', 'frozen_payload_sha256': '64b23a717d41913b3ce11944f179b39f51d8e7a4879120dd9c498791de459806'}}}"
physical,120000,prefix-16,5,False,0.002682703998289071,0.13733662299637217,0.26574293799785664,0.0090419300031499,0.14906125699781114,0.4148041949956678,26256353.610628407,aa64d1d4e01601b379821b8e4c503ae25ffde93f9187bf8431706a341a36eb93,1963,"{'all_payloads_match': False, 'exact_payload_count': 1, 'states': {'cand_f94acad130c4ac5b3553': {'state': 'PRESENT', 'expected_state': 'PRESENT', 'payload_exact': False, 'physical_payload_sha256': 'e3d4c7561c6c94dceec2f48db2afc23b8ef6908c52debf18fa7d95474c4ce591', 'frozen_payload_sha256': '3c4e013d02f3b8d0724b2a166139b9e3af87f27c15bd35f0d400f6c8a1a368e9'}, 'cand_6ca6020979af5e5766a4': {'state': 'PRESENT', 'expected_state': 'PRESENT', 'payload_exact': False, 'physical_payload_sha256': '6a02c6813688bf5c705d93498c349e2047107c9ab261c329fb46fbb2472170a0', 'frozen_payload_sha256': '566293273bdde4e051a7642e81f5a3b934c3fcdcf9a5c6915d3b531daac5435a'}, 'cand_c6f83d66ce3d1e079f11': {'state': 'PRESENT', 'expected_state': 'PRESENT', 'payload_exact': False, 'physical_payload_sha256': '23095c82d1ec540e24cc19856ff873c749e468c29adae342986c334db9cc158c', 'frozen_payload_sha256': '2c0cc00f4dc7b84e1b5663b0fa242ba63406f778ed4a6bc9a04c6fc2bbf5cbca'}, 'cand_1f420ce5268e234e658c': {'state': 'PRESENT', 'expected_state': 'PRESENT', 'payload_exact': False, 'physical_payload_sha256': '5187d4422a74cbb11fcec9b86a819f4b1c1061e00d330734a5b48600148fbeae', 'frozen_payload_sha256': '91ec3b38f39234abbc7c93de5d3efe8950f0bc7e53d612bc25a538bc7dffaecb'}, 'cand_93041865e5a926191d54': {'state': 'PRESENT', 'expected_state': 'PRESENT', 'payload_exact': False, 'physical_payload_sha256': '46fe5e25b8a91930d083975b1de30e3eaf304c2f9f2564ec17da89e3a72e6d97', 'frozen_payload_sha256': '113812e4cd54ed7959caae6952fada4535674a16973580aff64c559560f49e8b'}, 'cand_560443d79842b416ea0d': {'state': 'PRESENT', 'expected_state': 'PRESENT', 'payload_exact': False, 'physical_payload_sha256': 'f9cfdf90e65c886928920b08a04b9ee4d13bf2cb3a4db2e3eeee6f10b0de908e', 'frozen_payload_sha256': 'be78ff92a97910cc3de151f0dca1042f41c18a3f3bc2a2cd7232086e03853af7'}, 'cand_0fdc909a2a3cf9718db9': {'state': 'PRESENT', 'expected_state': 'PRESENT', 'payload_exact': False, 'physical_payload_sha256': 'df9022654d7d1ad9d5f3a5816f67fb10d2ca200a9052031ca464d25f169eaa7d', 'frozen_payload_sha256': '2ad2ca3dab99c5a630c7c0c648513d0a4d2c2c786a5831a3531adf621367fdc8'}, 'cand_7531356383a7948fede1': {'state': 'PRESENT', 'expected_state': 'PRESENT', 'payload_exact': False, 'physical_payload_sha256': 'eee94e8f13fa440ce0f40791907e62922950937a196b923322ba308431e015b3', 'frozen_payload_sha256': 'c5fe4a04f2721d84170dcd083a7c33cd35dbd446ad580049e0e52c86a768df5e'}, 'cand_850ffdf5fc1ceee3e08d': {'state': 'PRESENT', 'expected_state': 'PRESENT', 'payload_exact': True, 'physical_payload_sha256': '454d59861034c0f3e55889b8176b61864ebf485e14d7422ef505d18749170a4a', 'frozen_payload_sha256': '454d59861034c0f3e55889b8176b61864ebf485e14d7422ef505d18749170a4a'}, 'cand_cfb64b0bf69c059cd760': {'state': 'PRESENT', 'expected_state': 'PRESENT', 'payload_exact': False, 'physical_payload_sha256': '8c13ebc27a22c73a34645bd366d3088c32d8cd0a859ade256d5cc4ccb5333896', 'frozen_payload_sha256': 'd2972276ef2029733a9fd28fe87c72b707aa4d8c891c836d2897c298a70713ca'}, 'cand_663a31a8fc0678a2324b': {'state': 'PRESENT', 'expected_state': 'PRESENT', 'payload_exact': False, 'physical_payload_sha256': 'fad3dd8103d9b53219fd6de42d80fee48ac09b6c6570910ed41ff15c8f6b6c09', 'frozen_payload_sha256': '363cbc361303a331f1e2dc39caed83a6acc9d8e078dc633eb198a2139a28b63a'}, 'cand_bb3c9704bc50457d0385': {'state': 'PRESENT', 'expected_state': 'PRESENT', 'payload_exact': False, 'physical_payload_sha256': 'ee58dfa78ec8741685c88851b892237cc85dc6a897eedcb3200bb2f2b25b8d7b', 'frozen_payload_sha256': '64b23a717d41913b3ce11944f179b39f51d8e7a4879120dd9c498791de459806'}, 'cand_9e3965b9e6ab7faacc4e': {'state': 'PRESENT', 'expected_state': 'PRESENT', 'payload_exact': False, 'physical_payload_sha256': 'a67b6c60b05d30c349e55bc5eec73be32708bca25f6b950c7a0444850e6d604c', 'frozen_payload_sha256': 'fc622ae586ae4fcb2832a08be2cebc66fa4b50be4acd805a48aa92876a312a83'}, 'cand_2bea04f8b2c85ff2a4e0': {'state': 'PRESENT', 'expected_state': 'PRESENT', 'payload_exact': False, 'physical_payload_sha256': '8f121d5f0f792d85c8b08fdb6e79e6c30a21488d793e184e51c84721c3ea6d2d', 'frozen_payload_sha256': '4a7c0e1d0141710fdcdf76df8fa423c804ec8925ca9d61640570cf5aa5bf5b2c'}, 'cand_0ef1e644231e36b17de7': {'state': 'PRESENT', 'expected_state': 'PRESENT', 'payload_exact': False, 'physical_payload_sha256': '76839b0bec763fb2226cd1c8a1cb1667f9b9d96ea412c0847fbb78aa60741e2a', 'frozen_payload_sha256': '38aad8babae9bf7fd2d705dc029db3a75135e046ee1042a7fd6ae338ff66b81a'}, 'cand_dd4fa07161dcf5def8eb': {'state': 'PRESENT', 'expected_state': 'PRESENT', 'payload_exact': False, 'physical_payload_sha256': '0dc1518a3968290ae41f79e0acd9a4b2fe9ed1bfe1aafe93169febef642c9410', 'frozen_payload_sha256': '7e95d8be59b3a80bb6048fb0ce97f5f15b7a7a58b294d7a00d552af271f72133'}}}"
physical,120000,prefix-30,5,False,0.004320715997891966,0.20891690700227628,0.2867970709994552,0.010893212995142676,0.22413083599531092,0.5109279069947661,26199674.73216184,b5e1fdde76d5c22f35746655ce203e1b7275fb4cc51b6a20b9cda8c85c8f97ef,1963,"{'all_payloads_match': False, 'exact_payload_count': 5, 'states': {'cand_f94acad130c4ac5b3553': {'state': 'PRESENT', 'expected_state': 'PRESENT', 'payload_exact': False, 'physical_payload_sha256': '75ef2a7ffb166223924fae699acabfcc55cbb6f34fd71d3824a6066bcba4b6cd', 'frozen_payload_sha256': '3c4e013d02f3b8d0724b2a166139b9e3af87f27c15bd35f0d400f6c8a1a368e9'}, 'cand_6ca6020979af5e5766a4': {'state': 'PRESENT', 'expected_state': 'PRESENT', 'payload_exact': False, 'physical_payload_sha256': '725e74953776be575127417826e237754a630dfcc9d65dfa1615aed2d618ece8', 'frozen_payload_sha256': '566293273bdde4e051a7642e81f5a3b934c3fcdcf9a5c6915d3b531daac5435a'}, 'cand_c6f83d66ce3d1e079f11': {'state': 'PRESENT', 'expected_state': 'PRESENT', 'payload_exact': False, 'physical_payload_sha256': '21057f45661518e334bf7e33476c2ec6f606aa917e672b73e8c227150b49234f', 'frozen_payload_sha256': '2c0cc00f4dc7b84e1b5663b0fa242ba63406f778ed4a6bc9a04c6fc2bbf5cbca'}, 'cand_1f420ce5268e234e658c': {'state': 'PRESENT', 'expected_state': 'PRESENT', 'payload_exact': False, 'physical_payload_sha256': 'f3540a8eab81adbc50a98e2048f663043e692af2ac6be857f9e5cb081aa10b7d', 'frozen_payload_sha256': '91ec3b38f39234abbc7c93de5d3efe8950f0bc7e53d612bc25a538bc7dffaecb'}, 'cand_93041865e5a926191d54': {'state': 'PRESENT', 'expected_state': 'PRESENT', 'payload_exact': False, 'physical_payload_sha256': '281bce7c73f7aa90e37f1784a26c433ce59fe0c99611fe970d1fcd30eb3c1e50', 'frozen_payload_sha256': '113812e4cd54ed7959caae6952fada4535674a16973580aff64c559560f49e8b'}, 'cand_560443d79842b416ea0d': {'state': 'PRESENT', 'expected_state': 'PRESENT', 'payload_exact': False, 'physical_payload_sha256': '0655f08bec77f6651d914de7756859928736ca3cf246b770b4d781d8012e8bd8', 'frozen_payload_sha256': 'be78ff92a97910cc3de151f0dca1042f41c18a3f3bc2a2cd7232086e03853af7'}, 'cand_0fdc909a2a3cf9718db9': {'state': 'PRESENT', 'expected_state': 'PRESENT', 'payload_exact': False, 'physical_payload_sha256': '3313a6b122a3b9b230cf4881dba2f2415d6e2bb51194798d06ad8f24f5c9103a', 'frozen_payload_sha256': '2ad2ca3dab99c5a630c7c0c648513d0a4d2c2c786a5831a3531adf621367fdc8'}, 'cand_7531356383a7948fede1': {'state': 'PRESENT', 'expected_state': 'PRESENT', 'payload_exact': False, 'physical_payload_sha256': '94e3ade648cf26b78d6150c5aac6bb05c066780a56fee459e022bb37557de303', 'frozen_payload_sha256': 'c5fe4a04f2721d84170dcd083a7c33cd35dbd446ad580049e0e52c86a768df5e'}, 'cand_850ffdf5fc1ceee3e08d': {'state': 'PRESENT', 'expected_state': 'PRESENT', 'payload_exact': True, 'physical_payload_sha256': '454d59861034c0f3e55889b8176b61864ebf485e14d7422ef505d18749170a4a', 'frozen_payload_sha256': '454d59861034c0f3e55889b8176b61864ebf485e14d7422ef505d18749170a4a'}, 'cand_9a47b4882350bf5fccf9': {'state': 'PRESENT', 'expected_state': 'PRESENT', 'payload_exact': True, 'physical_payload_sha256': '6572aa9c7b3f76ba408b01f2ecd52339c6e8d3fa11be261185717cfbbb5b97c4', 'frozen_payload_sha256': '6572aa9c7b3f76ba408b01f2ecd52339c6e8d3fa11be261185717cfbbb5b97c4'}, 'cand_835deeb29a9e7947a98b': {'state': 'PRESENT', 'expected_state': 'PRESENT', 'payload_exact': True, 'physical_payload_sha256': '350fcc8b0194d7a40b43e82a0a08d53a472551766b14dc9c4ca8c2459e17b267', 'frozen_payload_sha256': '350fcc8b0194d7a40b43e82a0a08d53a472551766b14dc9c4ca8c2459e17b267'}, 'cand_b6cafc68143c6fa37e85': {'state': 'PRESENT', 'expected_state': 'PRESENT', 'payload_exact': True, 'physical_payload_sha256': '29c9fe4704d536feecc86b629c457d6df83408d06860142b94d569a68758791e', 'frozen_payload_sha256': '29c9fe4704d536feecc86b629c457d6df83408d06860142b94d569a68758791e'}, 'cand_f002ec4adfff3911240b': {'state': 'PRESENT', 'expected_state': 'PRESENT', 'payload_exact': True, 'physical_payload_sha256': '8ca28e1f85b64f132176f5f38374a69f3322425f8b16b86cf39d130402b884f9', 'frozen_payload_sha256': '8ca28e1f85b64f132176f5f38374a69f3322425f8b16b86cf39d130402b884f9'}, 'cand_d17d4fee04bca1295fdb': {'state': 'PRESENT', 'expected_state': 'PRESENT', 'payload_exact': False, 'physical_payload_sha256': 'f49475fcd771e2028c7b6fa5cd87fc1a44fd869bd201b3ca2758ff08ad8a9b45', 'frozen_payload_sha256': '521abe6a7105a98b023917c07edecd0807613872118e9cef8c621a3561b7e8b3'}, 'cand_044e770ab213d0ef37b1': {'state': 'PRESENT', 'expected_state': 'PRESENT', 'payload_exact': False, 'physical_payload_sha256': 'e2ffe1309587858b52bddfa4f9a6c6c3dbffa3f7db348c5a18c59a0c9a70fa25', 'frozen_payload_sha256': 'b317223e170577ca8ab253066cab88805fe4b6daf941b2dde27d87378ed57718'}, 'cand_cfb64b0bf69c059cd760': {'state': 'PRESENT', 'expected_state': 'PRESENT', 'payload_exact': False, 'physical_payload_sha256': '68b23c80f620a8e04481fc0ba68a8493643c0af508925b1d13884be5fe6e53fa', 'frozen_payload_sha256': 'd2972276ef2029733a9fd28fe87c72b707aa4d8c891c836d2897c298a70713ca'}, 'cand_6505783b203dc0346b49': {'state': 'PRESENT', 'expected_state': 'PRESENT', 'payload_exact': False, 'physical_payload_sha256': 'f38f9fe8acbe0895efbf40c49af8345278fb2f4f74ca6c36e4398c43e36b5b3d', 'frozen_payload_sha256': '62dd86cc324c57d751a95b6bb40bf32cf734605b6274986eddb36bd235bdf1f0'}, 'cand_7b08320f31dae1c5e9f4': {'state': 'PRESENT', 'expected_state': 'PRESENT', 'payload_exact': False, 'physical_payload_sha256': '2bdef53333a6c0c18daba921e2358c2391ecfa5bc6d581e1c64fddaf4a12b062', 'frozen_payload_sha256': '30f8bf69ea746fc2ece4fa158fb3592b0af48f507cdba8f714db0743728debcd'}, 'cand_e95bcd15c94c80f62716': {'state': 'PRESENT', 'expected_state': 'PRESENT', 'payload_exact': False, 'physical_payload_sha256': '06e8f314a2f5dbbc64afa17318c0f367ba209d36ef268d5eb499f4c262ca1655', 'frozen_payload_sha256': 'df57b832272f3cb05ba73349e6d8d14a2c5bd1c8b36c1dce06af7c12d7a54469'}, 'cand_5e3a909effbf6f7d6e21': {'state': 'PRESENT', 'expected_state': 'PRESENT', 'payload_exact': False, 'physical_payload_sha256': 'f8fcfe0cf792438207223cd020f80cdf86110d314272a6eb86fff34bab14ab3f', 'frozen_payload_sha256': '750559a80d6ddae2040622b145a63733a1512442c0db9c18ccfebe631f1d4d55'}, 'cand_cf35fb1b66d3371735fd': {'state': 'PRESENT', 'expected_state': 'PRESENT', 'payload_exact': False, 'physical_payload_sha256': '09f62f327c85a5d0410ef97fcd4fdf3eeb3bc4e96cdaf8fe83b3c2cbe69a5efd', 'frozen_payload_sha256': 'ac4cafa3d4dc672a82e60cb929588b5548cbb761b5d7e5080ab411264fbdfd19'}, 'cand_663a31a8fc0678a2324b': {'state': 'PRESENT', 'expected_state': 'PRESENT', 'payload_exact': False, 'physical_payload_sha256': 'e081ba857f2fb24d9501d7e121ebc4aae1a6bd5f12741fff6c6dc07f04eed7aa', 'frozen_payload_sha256': '363cbc361303a331f1e2dc39caed83a6acc9d8e078dc633eb198a2139a28b63a'}, 'cand_bb3c9704bc50457d0385': {'state': 'PRESENT', 'expected_state': 'PRESENT', 'payload_exact': False, 'physical_payload_sha256': 'cd261b42b33dffd34b9d54ade195a29834269a352e0a43cffb04bf9d413bd967', 'frozen_payload_sha256': '64b23a717d41913b3ce11944f179b39f51d8e7a4879120dd9c498791de459806'}, 'cand_a658273d38918de4ed71': {'state': 'PRESENT', 'expected_state': 'PRESENT', 'payload_exact': False, 'physical_payload_sha256': '49ff4a22b3820b4ed85b6e137aa49b84547ba9309bfd82fc8ad4c0b968e75669', 'frozen_payload_sha256': '86cb8926db7981c756aeafae2b782fb530091aced914ce129c327c9ccdc9753d'}, 'cand_9e3965b9e6ab7faacc4e': {'state': 'PRESENT', 'expected_state': 'PRESENT', 'payload_exact': False, 'physical_payload_sha256': '75cc7e26b5963d66878c0c7944729c44ea6743f80d74e2553c53456cc3f510a8', 'frozen_payload_sha256': 'fc622ae586ae4fcb2832a08be2cebc66fa4b50be4acd805a48aa92876a312a83'}, 'cand_2bea04f8b2c85ff2a4e0': {'state': 'PRESENT', 'expected_state': 'PRESENT', 'payload_exact': False, 'physical_payload_sha256': '043abfbf2865d57b6fb4322e7a76eb21e04b5a07d1936d9a3af312e018d488e1', 'frozen_payload_sha256': '4a7c0e1d0141710fdcdf76df8fa423c804ec8925ca9d61640570cf5aa5bf5b2c'}, 'cand_d033eb981110aa21d3df': {'state': 'PRESENT', 'expected_state': 'PRESENT', 'payload_exact': False, 'physical_payload_sha256': '2d6d86cae4a26c11ca5634f6863205c862847ec08534476ed9973eadf5733d46', 'frozen_payload_sha256': '733ab1bb1f4ef4def3888a09e10d19ac64d6335565cd3127d626bbbaa6e82236'}, 'cand_0ef1e644231e36b17de7': {'state': 'PRESENT', 'expected_state': 'PRESENT', 'payload_exact': False, 'physical_payload_sha256': 'f15c93e481831b0f31e0b0915478573d92344d9baa202348e4bac89bfed589de', 'frozen_payload_sha256': '38aad8babae9bf7fd2d705dc029db3a75135e046ee1042a7fd6ae338ff66b81a'}, 'cand_dd4fa07161dcf5def8eb': {'state': 'PRESENT', 'expected_state': 'PRESENT', 'payload_exact': False, 'physical_payload_sha256': 'ef57215f0a85f6cd68fb20240fff5938b5a5e0287abbdbfbc32600201ed8e6df', 'frozen_payload_sha256': '7e95d8be59b3a80bb6048fb0ce97f5f15b7a7a58b294d7a00d552af271f72133'}, 'cand_d102d0d6903dbc44935f': {'state': 'PRESENT', 'expected_state': 'PRESENT', 'payload_exact': False, 'physical_payload_sha256': '3fe04b83d9f4b9cf0788cbd768f639019faae29b6d783cb1681f323ff2c827ec', 'frozen_payload_sha256': 'bf92095272c99df681c6de75268ad16fae2557e56723c8b1e8706568729f97c0'}}}"
physical,120000,final-31,5,False,0.004311726006562822,0.20234536100178957,0.2631055060046492,0.008734599003219046,0.21539168601157144,0.47849719201622065,26177921.45162068,c60a8b637989d7d4df8f0ebb0ccc427ac9ec812a13acc6520f1de2fc01dedc3e,1963,"{'all_payloads_match': False, 'exact_payload_count': 5, 'states': {'cand_f94acad130c4ac5b3553': {'state': 'PRESENT', 'expected_state': 'PRESENT', 'payload_exact': False, 'physical_payload_sha256': '327166c3457f8605c79ab488593f21425e24c5c271e13994fa72bf784df9d34d', 'frozen_payload_sha256': '3c4e013d02f3b8d0724b2a166139b9e3af87f27c15bd35f0d400f6c8a1a368e9'}, 'cand_6ca6020979af5e5766a4': {'state': 'PRESENT', 'expected_state': 'PRESENT', 'payload_exact': False, 'physical_payload_sha256': '131e2dce2dc28b6b1e91f490e7bd812ad4a9357cf24ea2b91388e4c52adf7fdb', 'frozen_payload_sha256': '566293273bdde4e051a7642e81f5a3b934c3fcdcf9a5c6915d3b531daac5435a'}, 'cand_c6f83d66ce3d1e079f11': {'state': 'PRESENT', 'expected_state': 'PRESENT', 'payload_exact': False, 'physical_payload_sha256': '15cba9b0af24d9234fa6bf9abfc74ccbf2456fc56cce299318284653dee8e731', 'frozen_payload_sha256': '2c0cc00f4dc7b84e1b5663b0fa242ba63406f778ed4a6bc9a04c6fc2bbf5cbca'}, 'cand_1f420ce5268e234e658c': {'state': 'PRESENT', 'expected_state': 'PRESENT', 'payload_exact': False, 'physical_payload_sha256': '8fe4bfe5b457d208f00d54799d9461ac6caf99e4d95a9ac9abf27b614bee922e', 'frozen_payload_sha256': '91ec3b38f39234abbc7c93de5d3efe8950f0bc7e53d612bc25a538bc7dffaecb'}, 'cand_93041865e5a926191d54': {'state': 'PRESENT', 'expected_state': 'PRESENT', 'payload_exact': False, 'physical_payload_sha256': 'ff5010b6c733550a2cf117bd45deca8626e748f8871e88b922fac364c449fa0d', 'frozen_payload_sha256': '113812e4cd54ed7959caae6952fada4535674a16973580aff64c559560f49e8b'}, 'cand_560443d79842b416ea0d': {'state': 'PRESENT', 'expected_state': 'PRESENT', 'payload_exact': False, 'physical_payload_sha256': '43f735f7d1bb1746ae5e9b2f78d40489ece499bfaec70e740c056551c131e631', 'frozen_payload_sha256': 'be78ff92a97910cc3de151f0dca1042f41c18a3f3bc2a2cd7232086e03853af7'}, 'cand_0fdc909a2a3cf9718db9': {'state': 'PRESENT', 'expected_state': 'PRESENT', 'payload_exact': False, 'physical_payload_sha256': '02f891c4022eec16bdab94d984261a48f25f477fcd3369623771e6e39185bfdf', 'frozen_payload_sha256': '2ad2ca3dab99c5a630c7c0c648513d0a4d2c2c786a5831a3531adf621367fdc8'}, 'cand_7531356383a7948fede1': {'state': 'PRESENT', 'expected_state': 'PRESENT', 'payload_exact': False, 'physical_payload_sha256': 'f3be3aedd69f9237c4b5389f6a60c235c511e26f9b2210f13549c8d0a1718b64', 'frozen_payload_sha256': 'c5fe4a04f2721d84170dcd083a7c33cd35dbd446ad580049e0e52c86a768df5e'}, 'cand_850ffdf5fc1ceee3e08d': {'state': 'PRESENT', 'expected_state': 'PRESENT', 'payload_exact': True, 'physical_payload_sha256': '454d59861034c0f3e55889b8176b61864ebf485e14d7422ef505d18749170a4a', 'frozen_payload_sha256': '454d59861034c0f3e55889b8176b61864ebf485e14d7422ef505d18749170a4a'}, 'cand_9a47b4882350bf5fccf9': {'state': 'PRESENT', 'expected_state': 'PRESENT', 'payload_exact': True, 'physical_payload_sha256': '6572aa9c7b3f76ba408b01f2ecd52339c6e8d3fa11be261185717cfbbb5b97c4', 'frozen_payload_sha256': '6572aa9c7b3f76ba408b01f2ecd52339c6e8d3fa11be261185717cfbbb5b97c4'}, 'cand_835deeb29a9e7947a98b': {'state': 'PRESENT', 'expected_state': 'PRESENT', 'payload_exact': True, 'physical_payload_sha256': '350fcc8b0194d7a40b43e82a0a08d53a472551766b14dc9c4ca8c2459e17b267', 'frozen_payload_sha256': '350fcc8b0194d7a40b43e82a0a08d53a472551766b14dc9c4ca8c2459e17b267'}, 'cand_b6cafc68143c6fa37e85': {'state': 'PRESENT', 'expected_state': 'PRESENT', 'payload_exact': True, 'physical_payload_sha256': '29c9fe4704d536feecc86b629c457d6df83408d06860142b94d569a68758791e', 'frozen_payload_sha256': '29c9fe4704d536feecc86b629c457d6df83408d06860142b94d569a68758791e'}, 'cand_f002ec4adfff3911240b': {'state': 'PRESENT', 'expected_state': 'PRESENT', 'payload_exact': True, 'physical_payload_sha256': '8ca28e1f85b64f132176f5f38374a69f3322425f8b16b86cf39d130402b884f9', 'frozen_payload_sha256': '8ca28e1f85b64f132176f5f38374a69f3322425f8b16b86cf39d130402b884f9'}, 'cand_d17d4fee04bca1295fdb': {'state': 'PRESENT', 'expected_state': 'PRESENT', 'payload_exact': False, 'physical_payload_sha256': 'e64f0c18eac22c30a2eb52a8bb10080d13d172efd86684df8338afb3fc77c284', 'frozen_payload_sha256': '521abe6a7105a98b023917c07edecd0807613872118e9cef8c621a3561b7e8b3'}, 'cand_044e770ab213d0ef37b1': {'state': 'PRESENT', 'expected_state': 'PRESENT', 'payload_exact': False, 'physical_payload_sha256': 'b4846529b55cc8ce9fdea26a0f3d6640033dbd442178544e2a24239afd64babf', 'frozen_payload_sha256': 'b317223e170577ca8ab253066cab88805fe4b6daf941b2dde27d87378ed57718'}, 'cand_cfb64b0bf69c059cd760': {'state': 'PRESENT', 'expected_state': 'PRESENT', 'payload_exact': False, 'physical_payload_sha256': 'a0a40e6474caf442caa0683b7d2d1b44a17bb3af366e1864d60c9763fb3a8676', 'frozen_payload_sha256': 'd2972276ef2029733a9fd28fe87c72b707aa4d8c891c836d2897c298a70713ca'}, 'cand_6505783b203dc0346b49': {'state': 'PRESENT', 'expected_state': 'PRESENT', 'payload_exact': False, 'physical_payload_sha256': '62b4acdf045f722920699bd5936f4340c00a93a8a9f91a15702d54d098768999', 'frozen_payload_sha256': '62dd86cc324c57d751a95b6bb40bf32cf734605b6274986eddb36bd235bdf1f0'}, 'cand_7b08320f31dae1c5e9f4': {'state': 'PRESENT', 'expected_state': 'PRESENT', 'payload_exact': False, 'physical_payload_sha256': '9be6502c696da536d9e5f3d11f8e2274be5d656e647e761f3f214b0aeb183e92', 'frozen_payload_sha256': '30f8bf69ea746fc2ece4fa158fb3592b0af48f507cdba8f714db0743728debcd'}, 'cand_e95bcd15c94c80f62716': {'state': 'PRESENT', 'expected_state': 'PRESENT', 'payload_exact': False, 'physical_payload_sha256': 'a356134af1bf61a1481ea9968584aa6f8c10d3c923cefae7e6647df0d927e1f9', 'frozen_payload_sha256': 'df57b832272f3cb05ba73349e6d8d14a2c5bd1c8b36c1dce06af7c12d7a54469'}, 'cand_5e3a909effbf6f7d6e21': {'state': 'PRESENT', 'expected_state': 'PRESENT', 'payload_exact': False, 'physical_payload_sha256': '543699fb8add3a8d7dcb8ac29b1a9058290c6a76eb499f0739c278c365bd0e9c', 'frozen_payload_sha256': '750559a80d6ddae2040622b145a63733a1512442c0db9c18ccfebe631f1d4d55'}, 'cand_cf35fb1b66d3371735fd': {'state': 'PRESENT', 'expected_state': 'PRESENT', 'payload_exact': False, 'physical_payload_sha256': 'f8c3ee9b5976515556200f0a2ea39601eaf7fd96f9ccad9998d1e840aa971b8a', 'frozen_payload_sha256': 'ac4cafa3d4dc672a82e60cb929588b5548cbb761b5d7e5080ab411264fbdfd19'}, 'cand_663a31a8fc0678a2324b': {'state': 'PRESENT', 'expected_state': 'PRESENT', 'payload_exact': False, 'physical_payload_sha256': '2146787e025e76655a8f9efb546515776f1d6923364160e6bb2bf9a4443f3d4a', 'frozen_payload_sha256': '363cbc361303a331f1e2dc39caed83a6acc9d8e078dc633eb198a2139a28b63a'}, 'cand_bb3c9704bc50457d0385': {'state': 'PRESENT', 'expected_state': 'PRESENT', 'payload_exact': False, 'physical_payload_sha256': '63d2568acfe6cacf16dbce896ccebeddd65c92f36ff3aacf41a47560f3ec9ed3', 'frozen_payload_sha256': '64b23a717d41913b3ce11944f179b39f51d8e7a4879120dd9c498791de459806'}, 'cand_a658273d38918de4ed71': {'state': 'PRESENT', 'expected_state': 'PRESENT', 'payload_exact': False, 'physical_payload_sha256': '1e9ffe6d0ba36e3957526f58f7797d89472707541892d4b53e1df3adbd92fa41', 'frozen_payload_sha256': '86cb8926db7981c756aeafae2b782fb530091aced914ce129c327c9ccdc9753d'}, 'cand_9e3965b9e6ab7faacc4e': {'state': 'PRESENT', 'expected_state': 'PRESENT', 'payload_exact': False, 'physical_payload_sha256': '289435e2eeb92c3ea4a43634c191caca65c2febe5f329f8c80b099e2e615a6d5', 'frozen_payload_sha256': 'fc622ae586ae4fcb2832a08be2cebc66fa4b50be4acd805a48aa92876a312a83'}, 'cand_2bea04f8b2c85ff2a4e0': {'state': 'PRESENT', 'expected_state': 'PRESENT', 'payload_exact': False, 'physical_payload_sha256': '64c76541719d9fa677c971145512e4160e488cbdbdedfc1e4b473a5297c44c20', 'frozen_payload_sha256': '4a7c0e1d0141710fdcdf76df8fa423c804ec8925ca9d61640570cf5aa5bf5b2c'}, 'cand_d033eb981110aa21d3df': {'state': 'PRESENT', 'expected_state': 'PRESENT', 'payload_exact': False, 'physical_payload_sha256': '83c4c75196cbe3866428530e591fe60363c8056e61b9667132f5031daedb4d4b', 'frozen_payload_sha256': '733ab1bb1f4ef4def3888a09e10d19ac64d6335565cd3127d626bbbaa6e82236'}, 'cand_0ef1e644231e36b17de7': {'state': 'PRESENT', 'expected_state': 'PRESENT', 'payload_exact': False, 'physical_payload_sha256': '5336609c8e5e5aa59047c85d36f713bf154da5ab3937a8f3a35fc85c51fe478e', 'frozen_payload_sha256': '38aad8babae9bf7fd2d705dc029db3a75135e046ee1042a7fd6ae338ff66b81a'}, 'cand_dd4fa07161dcf5def8eb': {'state': 'PRESENT', 'expected_state': 'PRESENT', 'payload_exact': False, 'physical_payload_sha256': 'cc02b96fbc3f08290a078815bcb5a7662c2a1c1cb5c2f57c699178542469c868', 'frozen_payload_sha256': '7e95d8be59b3a80bb6048fb0ce97f5f15b7a7a58b294d7a00d552af271f72133'}, 'cand_5400d6d245a511006593': {'state': 'PRESENT', 'expected_state': 'PRESENT', 'payload_exact': False, 'physical_payload_sha256': '1ac9057873b495a1542721495b7035e9beee0c3e484a5394f46ca35ba12c24df', 'frozen_payload_sha256': 'c7e212dc5d68b5bd1dc0a176417e3ff5212f3f48eda13984bee610c7655e03cb'}, 'cand_d102d0d6903dbc44935f': {'state': 'ABSENT_NATIVE', 'expected_state': 'PRESENT', 'payload_exact': False, 'physical_payload_sha256': None, 'frozen_payload_sha256': 'bf92095272c99df681c6de75268ad16fae2557e56723c8b1e8706568729f97c0'}}}"
hypothetical,120000,empty,1,False,,,0.31441640599950915,,,0.3148769719991833,26634840.117228072,2159ae07b7b2e3a54316150acc125f46631d086ef06f2ab46e2bb66e7558acc4,1963,
hypothetical,120000,prefix-01,1,False,,,0.31203567500051577,,,0.31227276800200343,26636771.276884552,d88bd92c69e97d77b33c9e4f550671db1ace866b9603395c2f62f19fc4942b64,1963,
hypothetical,120000,prefix-05,1,False,,,0.31978786300169304,,,0.3200589230036712,26157377.187211618,51819d38c2ce21612c029ecb2746e0254ac5c420a93ac3fe7ee8daff47cd54ca,1963,
hypothetical,120000,prefix-16,1,False,,,0.3447846339986427,,,0.3450416039922857,26145874.342111252,4514d9b62a8a3b242bf0b8bbad666ff7799a8ef43e92ebec58e8dab7ef061de5,1963,
hypothetical,120000,prefix-30,1,False,,,0.3584592590050306,,,0.3588051370024914,26145401.624964233,95894ea40b685f003c80e5e37d9688ca6278ff0acc9f12a1fbbd5d37c69b540a,1963,
hypothetical,120000,final-31,1,False,,,0.35348274600255536,,,0.3538329560033162,26145401.624964233,95894ea40b685f003c80e5e37d9688ca6278ff0acc9f12a1fbbd5d37c69b540a,1963,
hypothetical,120000,empty,2,False,,,0.2967617140020593,,,0.2970470580039546,26634840.117228072,2159ae07b7b2e3a54316150acc125f46631d086ef06f2ab46e2bb66e7558acc4,1963,
hypothetical,120000,prefix-01,2,False,,,0.292514171997027,,,0.2927418439940084,26636771.276884552,d88bd92c69e97d77b33c9e4f550671db1ace866b9603395c2f62f19fc4942b64,1963,
hypothetical,120000,prefix-05,2,False,,,0.30186883699934697,,,0.3021753539942438,26157377.187211618,51819d38c2ce21612c029ecb2746e0254ac5c420a93ac3fe7ee8daff47cd54ca,1963,
hypothetical,120000,prefix-16,2,False,,,0.3144874549980159,,,0.31473911499779206,26145874.342111252,4514d9b62a8a3b242bf0b8bbad666ff7799a8ef43e92ebec58e8dab7ef061de5,1963,
hypothetical,120000,prefix-30,2,False,,,0.32975888100190787,,,0.3300954710066435,26145401.624964233,95894ea40b685f003c80e5e37d9688ca6278ff0acc9f12a1fbbd5d37c69b540a,1963,
hypothetical,120000,final-31,2,False,,,0.33417241199640557,,,0.3344529689929914,26145401.624964233,95894ea40b685f003c80e5e37d9688ca6278ff0acc9f12a1fbbd5d37c69b540a,1963,
hypothetical,120000,empty,3,False,,,0.258105159002298,,,0.25836102299945196,26634840.117228072,2159ae07b7b2e3a54316150acc125f46631d086ef06f2ab46e2bb66e7558acc4,1963,
hypothetical,120000,prefix-01,3,False,,,0.258111994000501,,,0.2583913000053144,26636771.276884552,d88bd92c69e97d77b33c9e4f550671db1ace866b9603395c2f62f19fc4942b64,1963,
hypothetical,120000,prefix-05,3,False,,,0.2725645429964061,,,0.2728484769977513,26157377.187211618,51819d38c2ce21612c029ecb2746e0254ac5c420a93ac3fe7ee8daff47cd54ca,1963,
hypothetical,120000,prefix-16,3,False,,,0.3139664430054836,,,0.3142898390069604,26145874.342111252,4514d9b62a8a3b242bf0b8bbad666ff7799a8ef43e92ebec58e8dab7ef061de5,1963,
hypothetical,120000,prefix-30,3,False,,,0.28929917099594604,,,0.28959543199744076,26145401.624964233,95894ea40b685f003c80e5e37d9688ca6278ff0acc9f12a1fbbd5d37c69b540a,1963,
hypothetical,120000,final-31,3,False,,,0.2843241849986953,,,0.28466971300076693,26145401.624964233,95894ea40b685f003c80e5e37d9688ca6278ff0acc9f12a1fbbd5d37c69b540a,1963,
hypothetical,120000,empty,4,False,,,0.25387779300217517,,,0.2541576020012144,26634840.117228072,2159ae07b7b2e3a54316150acc125f46631d086ef06f2ab46e2bb66e7558acc4,1963,
hypothetical,120000,prefix-01,4,False,,,0.24267565699847182,,,0.2428933569972287,26636771.276884552,d88bd92c69e97d77b33c9e4f550671db1ace866b9603395c2f62f19fc4942b64,1963,
hypothetical,120000,prefix-05,4,False,,,0.24739172900444828,,,0.24765037200268125,26157377.187211618,51819d38c2ce21612c029ecb2746e0254ac5c420a93ac3fe7ee8daff47cd54ca,1963,
hypothetical,120000,prefix-16,4,False,,,0.2588560059957672,,,0.25924740899790777,26145874.342111252,4514d9b62a8a3b242bf0b8bbad666ff7799a8ef43e92ebec58e8dab7ef061de5,1963,
hypothetical,120000,prefix-30,4,False,,,0.27048529499734286,,,0.27078863399947295,26145401.624964233,95894ea40b685f003c80e5e37d9688ca6278ff0acc9f12a1fbbd5d37c69b540a,1963,
hypothetical,120000,final-31,4,False,,,0.27028513100231066,,,0.27058736300386954,26145401.624964233,95894ea40b685f003c80e5e37d9688ca6278ff0acc9f12a1fbbd5d37c69b540a,1963,
hypothetical,120000,empty,5,False,,,0.2480740080063697,,,0.24839887100824853,26634840.117228072,2159ae07b7b2e3a54316150acc125f46631d086ef06f2ab46e2bb66e7558acc4,1963,
hypothetical,120000,prefix-01,5,False,,,0.24512443000276107,,,0.2453884510032367,26636771.276884552,d88bd92c69e97d77b33c9e4f550671db1ace866b9603395c2f62f19fc4942b64,1963,
hypothetical,120000,prefix-05,5,False,,,0.2656299250011216,,,0.26588619600079255,26157377.187211618,51819d38c2ce21612c029ecb2746e0254ac5c420a93ac3fe7ee8daff47cd54ca,1963,
hypothetical,120000,prefix-16,5,False,,,0.26291774499986786,,,0.26314867199835135,26145874.342111252,4514d9b62a8a3b242bf0b8bbad666ff7799a8ef43e92ebec58e8dab7ef061de5,1963,
hypothetical,120000,prefix-30,5,False,,,0.26726013499865076,,,0.26754596100363415,26145401.624964233,95894ea40b685f003c80e5e37d9688ca6278ff0acc9f12a1fbbd5d37c69b540a,1963,
hypothetical,120000,final-31,5,False,,,0.2743838619935559,,,0.27464858899475075,26145401.624964233,95894ea40b685f003c80e5e37d9688ca6278ff0acc9f12a1fbbd5d37c69b540a,1963,
physical,240000,empty,1,False,1.9759972929023206e-06,0.06295567999768537,0.24540279799839482,0.006965152992052026,0.0699228089870303,0.3153256069854251,25174737.974587232,e652cc7eb67424f734c314525e674a5e4f31f82759fe3b27994a1e9324e63a6e,1963,"{'all_payloads_match': True, 'exact_payload_count': 0}"
physical,240000,prefix-01,1,False,0.0009383500000694767,0.06602177400054643,0.24093277800420765,0.008408613997744396,0.0753687379983603,0.31630151600256795,25168057.518240567,c169c687ab9b0628a20e440d6b2aabd7e52318a59c4c7528fbb1e7a2ac32de66,1963,"{'all_payloads_match': False, 'exact_payload_count': 0, 'states': {'cand_f94acad130c4ac5b3553': {'state': 'PRESENT', 'expected_state': 'PRESENT', 'payload_exact': False, 'physical_payload_sha256': '1866e6a8e0aa4b35766519bc26eebcefd1ce8ba9fc97571a4947b7bdbfddfd65', 'frozen_payload_sha256': 'cd8d54a48a09c7393853271d4b8ede81b9fc05c979beb377d2221755e760ea06'}}}"
physical,240000,prefix-05,1,False,0.001380756999424193,0.08116150100249797,0.2636103609984275,0.00948257699928945,0.09202483500121161,0.3556351959996391,25158411.169215765,3762c65056dcaea7373509e6d158d48aaaeef36e2e27d88bd4933366ae49d855,1963,"{'all_payloads_match': False, 'exact_payload_count': 0, 'states': {'cand_f94acad130c4ac5b3553': {'state': 'PRESENT', 'expected_state': 'PRESENT', 'payload_exact': False, 'physical_payload_sha256': '6003be68f0353b272a3e42e0ee098c9a0d300c0118a1a3cbe9f2e06495fbe7c9', 'frozen_payload_sha256': 'cd8d54a48a09c7393853271d4b8ede81b9fc05c979beb377d2221755e760ea06'}, 'cand_6ca6020979af5e5766a4': {'state': 'PRESENT', 'expected_state': 'PRESENT', 'payload_exact': False, 'physical_payload_sha256': '3fba6c8141cc84f74ba2c0ebeb7071f32b9b1d96959f9067701a757568998c9f', 'frozen_payload_sha256': '2881a43f9dc017ff4cfd5ab884cc554ddd5b7c49e1b6f3265f623879b518ca60'}, 'cand_c6f83d66ce3d1e079f11': {'state': 'PRESENT', 'expected_state': 'PRESENT', 'payload_exact': False, 'physical_payload_sha256': 'ee5536cb99b659221d375f041ca9e0b46c1dd097860a765290ce03e89170d77a', 'frozen_payload_sha256': '809580d48aaadf7e23b0b91bfc694aeea039d4893be7c0417360616ac21c3aef'}, 'cand_1f420ce5268e234e658c': {'state': 'PRESENT', 'expected_state': 'PRESENT', 'payload_exact': False, 'physical_payload_sha256': '159ca616e39809af8e6acad538335966c27e72bc4d6668b586c7c991d33d6bb0', 'frozen_payload_sha256': '0d95914421ee29d60230a25de19cbd136a171227f4a86b639648c80c056cae22'}, 'cand_bb3c9704bc50457d0385': {'state': 'PRESENT', 'expected_state': 'PRESENT', 'payload_exact': False, 'physical_payload_sha256': 'b1aba5fa2c09f3c32a5a9f280d5b4edea61d55187d9440ecf80323754c57ffa7', 'frozen_payload_sha256': 'c340fcc13d070b470344966591ac026eb0890fba559a83bc07548790ab6ab1ff'}}}"
physical,240000,prefix-16,1,False,0.0026320650067646056,0.1352871629933361,0.26658059500186937,0.008829076010442805,0.1467483040105435,0.4133288990124129,25157709.72673689,b4c00c379333ab2d1d7684d35f68b30f0270bc8dbd9c798843a8371bf13e4c48,1963,"{'all_payloads_match': False, 'exact_payload_count': 1, 'states': {'cand_f94acad130c4ac5b3553': {'state': 'PRESENT', 'expected_state': 'PRESENT', 'payload_exact': False, 'physical_payload_sha256': '38b53401fa063e261405ff6edb9707a95a0be9d92991ac57fef7789651ef797a', 'frozen_payload_sha256': 'cd8d54a48a09c7393853271d4b8ede81b9fc05c979beb377d2221755e760ea06'}, 'cand_6ca6020979af5e5766a4': {'state': 'PRESENT', 'expected_state': 'PRESENT', 'payload_exact': False, 'physical_payload_sha256': '2374b5ca6f07ebd71c175ed4353939d9fa6797686a85dc259a831ec19867c787', 'frozen_payload_sha256': '2881a43f9dc017ff4cfd5ab884cc554ddd5b7c49e1b6f3265f623879b518ca60'}, 'cand_c6f83d66ce3d1e079f11': {'state': 'PRESENT', 'expected_state': 'PRESENT', 'payload_exact': False, 'physical_payload_sha256': '1b1c0a832bbb1216203239b15d653aa530360bd312de36f9327be6a3f780a65e', 'frozen_payload_sha256': '809580d48aaadf7e23b0b91bfc694aeea039d4893be7c0417360616ac21c3aef'}, 'cand_1f420ce5268e234e658c': {'state': 'PRESENT', 'expected_state': 'PRESENT', 'payload_exact': False, 'physical_payload_sha256': '530fd124882707c535a9a3f59a35ccb423e8a50ebda7652f0fc1fd9c69d9a060', 'frozen_payload_sha256': '0d95914421ee29d60230a25de19cbd136a171227f4a86b639648c80c056cae22'}, 'cand_93041865e5a926191d54': {'state': 'PRESENT', 'expected_state': 'PRESENT', 'payload_exact': False, 'physical_payload_sha256': 'baaa4a10cf016ff6f4922613bd5c13b2af471ebff0bdf6591dac2e63b46f99a9', 'frozen_payload_sha256': '929207bbd2c1dd32af2fe12480e99ff10f859ab75baad2c042178073e1e00430'}, 'cand_560443d79842b416ea0d': {'state': 'PRESENT', 'expected_state': 'PRESENT', 'payload_exact': False, 'physical_payload_sha256': '47554dd8d6b6757d2fa944d881a76b738f8782e1541915ea79ee3cfb8ff107e2', 'frozen_payload_sha256': '846e03bde9ed58ac0547b838606e714518598db5482339b28908c4ec2e488085'}, 'cand_0fdc909a2a3cf9718db9': {'state': 'PRESENT', 'expected_state': 'PRESENT', 'payload_exact': False, 'physical_payload_sha256': '29f018716e90ef072febdbf35965577f1a6d5a5d64cd7fc9dc919236cb5eb58b', 'frozen_payload_sha256': 'a10a371d0a552801c9213ce7efe3a1b5852403fc2df3fa367b4d8063f21c3bea'}, 'cand_7531356383a7948fede1': {'state': 'PRESENT', 'expected_state': 'PRESENT', 'payload_exact': False, 'physical_payload_sha256': 'b34185b5fc61e1ea012cf381ba3b6f70b490ed1ab40f4655a9730e95bb0aab93', 'frozen_payload_sha256': 'c657a0d091202fb6e8f2507210fcff595940da2dc9c3e250f2327ce711c6e75e'}, 'cand_850ffdf5fc1ceee3e08d': {'state': 'PRESENT', 'expected_state': 'PRESENT', 'payload_exact': True, 'physical_payload_sha256': '454d59861034c0f3e55889b8176b61864ebf485e14d7422ef505d18749170a4a', 'frozen_payload_sha256': '454d59861034c0f3e55889b8176b61864ebf485e14d7422ef505d18749170a4a'}, 'cand_cfb64b0bf69c059cd760': {'state': 'PRESENT', 'expected_state': 'PRESENT', 'payload_exact': False, 'physical_payload_sha256': '40eb4ce74957e20cfda9c4dddee1fbcaa8ce6a4ed6ff59d8bdf3d4ba461771c7', 'frozen_payload_sha256': 'eea6014fef4d6c735cc28fd6ac77d0d7392525306ab4e7d8f966fec0e10767b1'}, 'cand_663a31a8fc0678a2324b': {'state': 'PRESENT', 'expected_state': 'PRESENT', 'payload_exact': False, 'physical_payload_sha256': 'd497caf90c9eebb6c007eb72e00dc6f0ad58e5d88f4914b40a0fddad2d9ddb55', 'frozen_payload_sha256': '409885ea705ea99807de62190e4cf1743977a3b34b6f90a0ae02c32e2b6a250a'}, 'cand_bb3c9704bc50457d0385': {'state': 'PRESENT', 'expected_state': 'PRESENT', 'payload_exact': False, 'physical_payload_sha256': '45a35357e5fc08c5ca2a7cfad7f9399fb99cf5f931065eafe9b522d3c3eb6c75', 'frozen_payload_sha256': 'c340fcc13d070b470344966591ac026eb0890fba559a83bc07548790ab6ab1ff'}, 'cand_9e3965b9e6ab7faacc4e': {'state': 'PRESENT', 'expected_state': 'PRESENT', 'payload_exact': False, 'physical_payload_sha256': '21da4ac7d8926aa3e91d0717d9e0e82fda199b2a41ef41d52aa24fc14f64a17a', 'frozen_payload_sha256': 'ce138d220496d2143d0880dfcb76233fd3b5cce217353aaa6265ae989a41e31b'}, 'cand_2bea04f8b2c85ff2a4e0': {'state': 'PRESENT', 'expected_state': 'PRESENT', 'payload_exact': False, 'physical_payload_sha256': 'a8afd7c20d3611c02abf6c806a5105c272212aaf1231ecfd424aa5b6ef8f0e30', 'frozen_payload_sha256': 'fd7d3c2d077595d32cad0f94083fc99c6b74037a5654b68144befd201abf9400'}, 'cand_0ef1e644231e36b17de7': {'state': 'PRESENT', 'expected_state': 'PRESENT', 'payload_exact': False, 'physical_payload_sha256': 'ec2906b46b45706eda021fb9541f4d0e7dba622baf6e6a114194e49ac5a632e3', 'frozen_payload_sha256': '72c1fb3ed501e2f0d128c23121cbd91a2dd953f49bb576e8d89967d9af290401'}, 'cand_dd4fa07161dcf5def8eb': {'state': 'PRESENT', 'expected_state': 'PRESENT', 'payload_exact': False, 'physical_payload_sha256': 'd63d6cf393379d1c92d3113743387405175de3580cbecb591c368c5b3c7f02c0', 'frozen_payload_sha256': 'b0481521e0b1bd65de1597e76964e3b4300a05ed76c14f3b3aa3ef8c60936d78'}}}"
physical,240000,prefix-30,1,False,0.00410041800205363,0.21499772999959532,0.2733903879998252,0.00933665200136602,0.22843480000301497,0.5018251880028402,25157567.77699686,11d061ba047c8e7904b0042b04fab4524f7a70ba865568f8a3a874bc338e1386,1963,"{'all_payloads_match': False, 'exact_payload_count': 5, 'states': {'cand_f94acad130c4ac5b3553': {'state': 'PRESENT', 'expected_state': 'PRESENT', 'payload_exact': False, 'physical_payload_sha256': '7d1b752f40ad84b83907a67ccc56b01b75f2ca13d9dfc4704c78eb2c1c8262b8', 'frozen_payload_sha256': 'cd8d54a48a09c7393853271d4b8ede81b9fc05c979beb377d2221755e760ea06'}, 'cand_6ca6020979af5e5766a4': {'state': 'PRESENT', 'expected_state': 'PRESENT', 'payload_exact': False, 'physical_payload_sha256': '137f182f81c81a912ce7d7a796c65f9973cb1ee63ddc5c0f469cc2f94859e75d', 'frozen_payload_sha256': '2881a43f9dc017ff4cfd5ab884cc554ddd5b7c49e1b6f3265f623879b518ca60'}, 'cand_c6f83d66ce3d1e079f11': {'state': 'PRESENT', 'expected_state': 'PRESENT', 'payload_exact': False, 'physical_payload_sha256': '98ef2f515947b4532151f1ec09b6fdafd8b647b05f1ab69f55eb7bb9a0e6640b', 'frozen_payload_sha256': '809580d48aaadf7e23b0b91bfc694aeea039d4893be7c0417360616ac21c3aef'}, 'cand_1f420ce5268e234e658c': {'state': 'PRESENT', 'expected_state': 'PRESENT', 'payload_exact': False, 'physical_payload_sha256': '0252666316d52e263d830a96d19f3ad4e31fe549b379b3814b42534b95114c0f', 'frozen_payload_sha256': '0d95914421ee29d60230a25de19cbd136a171227f4a86b639648c80c056cae22'}, 'cand_93041865e5a926191d54': {'state': 'PRESENT', 'expected_state': 'PRESENT', 'payload_exact': False, 'physical_payload_sha256': '6459097f1afbcb64fc30eb52d1706c01dfbc23e59bdde9ee5780a1ae0a8a48fe', 'frozen_payload_sha256': '929207bbd2c1dd32af2fe12480e99ff10f859ab75baad2c042178073e1e00430'}, 'cand_560443d79842b416ea0d': {'state': 'PRESENT', 'expected_state': 'PRESENT', 'payload_exact': False, 'physical_payload_sha256': '5a38568af8d3ef2c101dd67186d12129c4d29d2adc110f37ab15879ed5213222', 'frozen_payload_sha256': '846e03bde9ed58ac0547b838606e714518598db5482339b28908c4ec2e488085'}, 'cand_0fdc909a2a3cf9718db9': {'state': 'PRESENT', 'expected_state': 'PRESENT', 'payload_exact': False, 'physical_payload_sha256': 'c56686712064058ad85b626db63145d6d45adc1b40a64e6ce2d7e3910befa177', 'frozen_payload_sha256': 'a10a371d0a552801c9213ce7efe3a1b5852403fc2df3fa367b4d8063f21c3bea'}, 'cand_7531356383a7948fede1': {'state': 'PRESENT', 'expected_state': 'PRESENT', 'payload_exact': False, 'physical_payload_sha256': '29f454e6436d42487726acc1810e0d0f8c05078762f8da6581b74cb8c09bfc56', 'frozen_payload_sha256': 'c657a0d091202fb6e8f2507210fcff595940da2dc9c3e250f2327ce711c6e75e'}, 'cand_850ffdf5fc1ceee3e08d': {'state': 'PRESENT', 'expected_state': 'PRESENT', 'payload_exact': True, 'physical_payload_sha256': '454d59861034c0f3e55889b8176b61864ebf485e14d7422ef505d18749170a4a', 'frozen_payload_sha256': '454d59861034c0f3e55889b8176b61864ebf485e14d7422ef505d18749170a4a'}, 'cand_9a47b4882350bf5fccf9': {'state': 'PRESENT', 'expected_state': 'PRESENT', 'payload_exact': True, 'physical_payload_sha256': '6572aa9c7b3f76ba408b01f2ecd52339c6e8d3fa11be261185717cfbbb5b97c4', 'frozen_payload_sha256': '6572aa9c7b3f76ba408b01f2ecd52339c6e8d3fa11be261185717cfbbb5b97c4'}, 'cand_835deeb29a9e7947a98b': {'state': 'PRESENT', 'expected_state': 'PRESENT', 'payload_exact': True, 'physical_payload_sha256': '350fcc8b0194d7a40b43e82a0a08d53a472551766b14dc9c4ca8c2459e17b267', 'frozen_payload_sha256': '350fcc8b0194d7a40b43e82a0a08d53a472551766b14dc9c4ca8c2459e17b267'}, 'cand_b6cafc68143c6fa37e85': {'state': 'PRESENT', 'expected_state': 'PRESENT', 'payload_exact': True, 'physical_payload_sha256': '29c9fe4704d536feecc86b629c457d6df83408d06860142b94d569a68758791e', 'frozen_payload_sha256': '29c9fe4704d536feecc86b629c457d6df83408d06860142b94d569a68758791e'}, 'cand_f002ec4adfff3911240b': {'state': 'PRESENT', 'expected_state': 'PRESENT', 'payload_exact': True, 'physical_payload_sha256': '8ca28e1f85b64f132176f5f38374a69f3322425f8b16b86cf39d130402b884f9', 'frozen_payload_sha256': '8ca28e1f85b64f132176f5f38374a69f3322425f8b16b86cf39d130402b884f9'}, 'cand_d17d4fee04bca1295fdb': {'state': 'PRESENT', 'expected_state': 'PRESENT', 'payload_exact': False, 'physical_payload_sha256': '1453d73a8930541b410f6d082577ce29f34131c9e5c4a6c8eb3d7e63660f994c', 'frozen_payload_sha256': 'f5ae67ef8d7ffcc7473732276a62d44cfb0c3eeac2ad0f7ed84239e0cf7f35f5'}, 'cand_044e770ab213d0ef37b1': {'state': 'PRESENT', 'expected_state': 'PRESENT', 'payload_exact': False, 'physical_payload_sha256': 'd305842b236ea3ec892eb310d2d47d04ec080872312f54921c3ac9d18ee3d4c5', 'frozen_payload_sha256': '7b7b021a0eafc1c681c64ae1dda3b9e69dc0965e8690538e28df8a73675cfe3c'}, 'cand_cfb64b0bf69c059cd760': {'state': 'PRESENT', 'expected_state': 'PRESENT', 'payload_exact': False, 'physical_payload_sha256': 'd20dd90bc2e951188df65411dd1c00453dae7c0921bbb3b24696fd2806cac554', 'frozen_payload_sha256': 'eea6014fef4d6c735cc28fd6ac77d0d7392525306ab4e7d8f966fec0e10767b1'}, 'cand_6505783b203dc0346b49': {'state': 'PRESENT', 'expected_state': 'PRESENT', 'payload_exact': False, 'physical_payload_sha256': '0eb95105c35ad4b7472c03ca57c95bee6b2d128964e92725dad9ca8cc4df36f6', 'frozen_payload_sha256': '36aff3abdb7e89749d55b8c13c90cf993c598ab39633b85384837658addc8f59'}, 'cand_7b08320f31dae1c5e9f4': {'state': 'PRESENT', 'expected_state': 'PRESENT', 'payload_exact': False, 'physical_payload_sha256': 'c98467cd4b95bedc966a4bb8e38a2ed22880568180799f427512fb9f80b62b79', 'frozen_payload_sha256': 'c1fc88651abdf0bc1ad0e7565a4be1d5e9105c298e915538d5f81bf0e34e4679'}, 'cand_e95bcd15c94c80f62716': {'state': 'PRESENT', 'expected_state': 'PRESENT', 'payload_exact': False, 'physical_payload_sha256': '1bc20fda69ba90e44106623eb4965fe83180f582494a4a661c959e93362af70e', 'frozen_payload_sha256': '4474230040ec7f8d3de645ecaed49e96dc80ca87bd415e04ba2d48093636ba46'}, 'cand_5e3a909effbf6f7d6e21': {'state': 'PRESENT', 'expected_state': 'PRESENT', 'payload_exact': False, 'physical_payload_sha256': '40a4f1d38eda27c73283d4cef1e2493b815183961efa3e60ce6b7df972d2d21e', 'frozen_payload_sha256': 'da76eb1bc3b889207333d4985982af22ef24bce66248e625f05dfc95e7275199'}, 'cand_cf35fb1b66d3371735fd': {'state': 'PRESENT', 'expected_state': 'PRESENT', 'payload_exact': False, 'physical_payload_sha256': 'f411c400511a76b0090d13321641d3a673e9b3a693b5a5f3e22f246c3f27c648', 'frozen_payload_sha256': '0bf703d060b6715fb68595c85e3781e5ef556184ed89eee62cdc86833a40a479'}, 'cand_663a31a8fc0678a2324b': {'state': 'PRESENT', 'expected_state': 'PRESENT', 'payload_exact': False, 'physical_payload_sha256': '9da204f0c516f03f5adbcc65705ef20f2ee3061fb13f1939c0e6d15ab6322e69', 'frozen_payload_sha256': '409885ea705ea99807de62190e4cf1743977a3b34b6f90a0ae02c32e2b6a250a'}, 'cand_bb3c9704bc50457d0385': {'state': 'PRESENT', 'expected_state': 'PRESENT', 'payload_exact': False, 'physical_payload_sha256': '9cf1350db6e080fd47f4132471674c1a77906eefa8fa021a358af3f90a31d301', 'frozen_payload_sha256': 'c340fcc13d070b470344966591ac026eb0890fba559a83bc07548790ab6ab1ff'}, 'cand_a658273d38918de4ed71': {'state': 'PRESENT', 'expected_state': 'PRESENT', 'payload_exact': False, 'physical_payload_sha256': '8ce5da9cabe4efd158c22372416b80f6bc9849f462fb4132dddb28d3f06237c9', 'frozen_payload_sha256': '4415b582adf4bf3358abca118db704903cbe6f34f028a158d3a0424624ca2d37'}, 'cand_9e3965b9e6ab7faacc4e': {'state': 'PRESENT', 'expected_state': 'PRESENT', 'payload_exact': False, 'physical_payload_sha256': 'e16029a1fe3043d64b3e29b382ea9136ce56391649f69fef11d3bf492d007bb6', 'frozen_payload_sha256': 'ce138d220496d2143d0880dfcb76233fd3b5cce217353aaa6265ae989a41e31b'}, 'cand_2bea04f8b2c85ff2a4e0': {'state': 'PRESENT', 'expected_state': 'PRESENT', 'payload_exact': False, 'physical_payload_sha256': '5029a1be57e61fadcf88ffdd150de051d5c69e110cf484aa4e05ea00e89ac6fc', 'frozen_payload_sha256': 'fd7d3c2d077595d32cad0f94083fc99c6b74037a5654b68144befd201abf9400'}, 'cand_d033eb981110aa21d3df': {'state': 'PRESENT', 'expected_state': 'PRESENT', 'payload_exact': False, 'physical_payload_sha256': 'fce988bf987f95a208243811c81644d1e558f0ece689be598faea66f9eb41c65', 'frozen_payload_sha256': 'b760eb4e91ab588686bce9ca8e78f715d3d69d647b3ed36de1dceb78811abb06'}, 'cand_0ef1e644231e36b17de7': {'state': 'PRESENT', 'expected_state': 'PRESENT', 'payload_exact': False, 'physical_payload_sha256': '7f6b30f468e017f8ded3b23f5fac20128241cc77dba307cdf3bb233c5352bb6f', 'frozen_payload_sha256': '72c1fb3ed501e2f0d128c23121cbd91a2dd953f49bb576e8d89967d9af290401'}, 'cand_dd4fa07161dcf5def8eb': {'state': 'PRESENT', 'expected_state': 'PRESENT', 'payload_exact': False, 'physical_payload_sha256': '779a6e3abea09932a668adf6abd5d4d45cb9383f53f5b825364ef1e6a798b963', 'frozen_payload_sha256': 'b0481521e0b1bd65de1597e76964e3b4300a05ed76c14f3b3aa3ef8c60936d78'}, 'cand_d102d0d6903dbc44935f': {'state': 'ABSENT_NATIVE', 'expected_state': 'PRESENT', 'payload_exact': False, 'physical_payload_sha256': None, 'frozen_payload_sha256': '61813c308f2c72093618c1c74089c1122cf4233e9aee70ff0e9599a56dac8942'}}}"
physical,240000,final-31,1,False,0.0042681999984779395,0.21407480200286955,0.2630639510025503,0.010933434001344722,0.2292764360026922,0.4923403870052425,25185743.736924138,9f62713a0044f0c8b7f3fd7a9cf8e2cb5ecf53d526897a20128ff62e956dd7a3,1963,"{'all_payloads_match': False, 'exact_payload_count': 5, 'states': {'cand_f94acad130c4ac5b3553': {'state': 'PRESENT', 'expected_state': 'PRESENT', 'payload_exact': False, 'physical_payload_sha256': '09760aa256ac0dd7b70aff333bf0b9b3d9d8098c77f49a9d8890870c1e04aa42', 'frozen_payload_sha256': 'cd8d54a48a09c7393853271d4b8ede81b9fc05c979beb377d2221755e760ea06'}, 'cand_6ca6020979af5e5766a4': {'state': 'PRESENT', 'expected_state': 'PRESENT', 'payload_exact': False, 'physical_payload_sha256': 'ac5b295d3078669245c955517d40eada6d7a5b6cef882573381920f809b62c8f', 'frozen_payload_sha256': '2881a43f9dc017ff4cfd5ab884cc554ddd5b7c49e1b6f3265f623879b518ca60'}, 'cand_c6f83d66ce3d1e079f11': {'state': 'PRESENT', 'expected_state': 'PRESENT', 'payload_exact': False, 'physical_payload_sha256': 'c8575d9218f3a3887ee3db9e79ee0b83eaf9f743353cb38c1747ea2a1a25f855', 'frozen_payload_sha256': '809580d48aaadf7e23b0b91bfc694aeea039d4893be7c0417360616ac21c3aef'}, 'cand_1f420ce5268e234e658c': {'state': 'PRESENT', 'expected_state': 'PRESENT', 'payload_exact': False, 'physical_payload_sha256': '7ce1ae5657fe4663adb8fd49d942722cac1302384c94bad04ef76cceecbf2d98', 'frozen_payload_sha256': '0d95914421ee29d60230a25de19cbd136a171227f4a86b639648c80c056cae22'}, 'cand_93041865e5a926191d54': {'state': 'PRESENT', 'expected_state': 'PRESENT', 'payload_exact': False, 'physical_payload_sha256': '2e2bb05f9f31998b4e293fb843d0d980a7b1ec819c4a6c7d402a1366563cb346', 'frozen_payload_sha256': '929207bbd2c1dd32af2fe12480e99ff10f859ab75baad2c042178073e1e00430'}, 'cand_560443d79842b416ea0d': {'state': 'PRESENT', 'expected_state': 'PRESENT', 'payload_exact': False, 'physical_payload_sha256': '2eee2c615942a12501abfe494077717f00777e99f7802962f07208c2f0c44ab8', 'frozen_payload_sha256': '846e03bde9ed58ac0547b838606e714518598db5482339b28908c4ec2e488085'}, 'cand_0fdc909a2a3cf9718db9': {'state': 'PRESENT', 'expected_state': 'PRESENT', 'payload_exact': False, 'physical_payload_sha256': '7dcc4533afd1cb3c42e761a24c4e2618d112c4f590fd09f8ccbad8b70db7ffc6', 'frozen_payload_sha256': 'a10a371d0a552801c9213ce7efe3a1b5852403fc2df3fa367b4d8063f21c3bea'}, 'cand_7531356383a7948fede1': {'state': 'PRESENT', 'expected_state': 'PRESENT', 'payload_exact': False, 'physical_payload_sha256': '0c4910aa3f4723ce9a7787c94249944ad924166d4fb4b834c6179cbde24b810a', 'frozen_payload_sha256': 'c657a0d091202fb6e8f2507210fcff595940da2dc9c3e250f2327ce711c6e75e'}, 'cand_850ffdf5fc1ceee3e08d': {'state': 'PRESENT', 'expected_state': 'PRESENT', 'payload_exact': True, 'physical_payload_sha256': '454d59861034c0f3e55889b8176b61864ebf485e14d7422ef505d18749170a4a', 'frozen_payload_sha256': '454d59861034c0f3e55889b8176b61864ebf485e14d7422ef505d18749170a4a'}, 'cand_9a47b4882350bf5fccf9': {'state': 'PRESENT', 'expected_state': 'PRESENT', 'payload_exact': True, 'physical_payload_sha256': '6572aa9c7b3f76ba408b01f2ecd52339c6e8d3fa11be261185717cfbbb5b97c4', 'frozen_payload_sha256': '6572aa9c7b3f76ba408b01f2ecd52339c6e8d3fa11be261185717cfbbb5b97c4'}, 'cand_835deeb29a9e7947a98b': {'state': 'PRESENT', 'expected_state': 'PRESENT', 'payload_exact': True, 'physical_payload_sha256': '350fcc8b0194d7a40b43e82a0a08d53a472551766b14dc9c4ca8c2459e17b267', 'frozen_payload_sha256': '350fcc8b0194d7a40b43e82a0a08d53a472551766b14dc9c4ca8c2459e17b267'}, 'cand_b6cafc68143c6fa37e85': {'state': 'PRESENT', 'expected_state': 'PRESENT', 'payload_exact': True, 'physical_payload_sha256': '29c9fe4704d536feecc86b629c457d6df83408d06860142b94d569a68758791e', 'frozen_payload_sha256': '29c9fe4704d536feecc86b629c457d6df83408d06860142b94d569a68758791e'}, 'cand_f002ec4adfff3911240b': {'state': 'PRESENT', 'expected_state': 'PRESENT', 'payload_exact': True, 'physical_payload_sha256': '8ca28e1f85b64f132176f5f38374a69f3322425f8b16b86cf39d130402b884f9', 'frozen_payload_sha256': '8ca28e1f85b64f132176f5f38374a69f3322425f8b16b86cf39d130402b884f9'}, 'cand_d17d4fee04bca1295fdb': {'state': 'PRESENT', 'expected_state': 'PRESENT', 'payload_exact': False, 'physical_payload_sha256': 'd9b29c120b1f2c41b60861280aa3614cf0f4ac3b933f39283fc71e8261ce40d0', 'frozen_payload_sha256': 'f5ae67ef8d7ffcc7473732276a62d44cfb0c3eeac2ad0f7ed84239e0cf7f35f5'}, 'cand_044e770ab213d0ef37b1': {'state': 'PRESENT', 'expected_state': 'PRESENT', 'payload_exact': False, 'physical_payload_sha256': '2caeeabca72258421130b613ab104f9cce10195bbc1e8e40381ab849d37f4132', 'frozen_payload_sha256': '7b7b021a0eafc1c681c64ae1dda3b9e69dc0965e8690538e28df8a73675cfe3c'}, 'cand_cfb64b0bf69c059cd760': {'state': 'PRESENT', 'expected_state': 'PRESENT', 'payload_exact': False, 'physical_payload_sha256': 'b0489886dd2a62513fe892bc57e1f2f994b22d97db0f07806a19e9e8f9d7edca', 'frozen_payload_sha256': 'eea6014fef4d6c735cc28fd6ac77d0d7392525306ab4e7d8f966fec0e10767b1'}, 'cand_6505783b203dc0346b49': {'state': 'PRESENT', 'expected_state': 'PRESENT', 'payload_exact': False, 'physical_payload_sha256': 'fc5f0cf62b91e341a7b7ba186ee649ee399a69beb0708032dddb08e4e67cd87a', 'frozen_payload_sha256': '36aff3abdb7e89749d55b8c13c90cf993c598ab39633b85384837658addc8f59'}, 'cand_7b08320f31dae1c5e9f4': {'state': 'PRESENT', 'expected_state': 'PRESENT', 'payload_exact': False, 'physical_payload_sha256': '9a34678dd0615c05d9b78835d00039de85e1c5af5f5ef8ab31645a2608b4d3c4', 'frozen_payload_sha256': 'c1fc88651abdf0bc1ad0e7565a4be1d5e9105c298e915538d5f81bf0e34e4679'}, 'cand_e95bcd15c94c80f62716': {'state': 'PRESENT', 'expected_state': 'PRESENT', 'payload_exact': False, 'physical_payload_sha256': 'f73721a4dd8107d799a518df8c3d17e9a210be884af1e032bf75b85e682136bf', 'frozen_payload_sha256': '4474230040ec7f8d3de645ecaed49e96dc80ca87bd415e04ba2d48093636ba46'}, 'cand_5e3a909effbf6f7d6e21': {'state': 'ABSENT_NATIVE', 'expected_state': 'PRESENT', 'payload_exact': False, 'physical_payload_sha256': None, 'frozen_payload_sha256': 'da76eb1bc3b889207333d4985982af22ef24bce66248e625f05dfc95e7275199'}, 'cand_cf35fb1b66d3371735fd': {'state': 'PRESENT', 'expected_state': 'PRESENT', 'payload_exact': False, 'physical_payload_sha256': '0367d43eceda57f2783e1faf210f787d6765a866d99614295eb3d40bcbb4ac4c', 'frozen_payload_sha256': '0bf703d060b6715fb68595c85e3781e5ef556184ed89eee62cdc86833a40a479'}, 'cand_663a31a8fc0678a2324b': {'state': 'PRESENT', 'expected_state': 'PRESENT', 'payload_exact': False, 'physical_payload_sha256': 'a050962e3c75b9c89a1d5243d528bdadf08a73d99515e71faf69643f699be946', 'frozen_payload_sha256': '409885ea705ea99807de62190e4cf1743977a3b34b6f90a0ae02c32e2b6a250a'}, 'cand_bb3c9704bc50457d0385': {'state': 'PRESENT', 'expected_state': 'PRESENT', 'payload_exact': False, 'physical_payload_sha256': 'e12a85cfb3da9f7e2084a0834e6d8fe5aedd762ef9dad5c1a6913545c80672f4', 'frozen_payload_sha256': 'c340fcc13d070b470344966591ac026eb0890fba559a83bc07548790ab6ab1ff'}, 'cand_a658273d38918de4ed71': {'state': 'PRESENT', 'expected_state': 'PRESENT', 'payload_exact': False, 'physical_payload_sha256': '31b0f773930c9fd79885169229ff7b0b6f40aba804b630acae686a4595939bf7', 'frozen_payload_sha256': '4415b582adf4bf3358abca118db704903cbe6f34f028a158d3a0424624ca2d37'}, 'cand_9e3965b9e6ab7faacc4e': {'state': 'PRESENT', 'expected_state': 'PRESENT', 'payload_exact': False, 'physical_payload_sha256': '7d9438ca003eaac272bb8351cdd40c5a6409f57ce1be21171ed64c7ba9be4976', 'frozen_payload_sha256': 'ce138d220496d2143d0880dfcb76233fd3b5cce217353aaa6265ae989a41e31b'}, 'cand_2bea04f8b2c85ff2a4e0': {'state': 'PRESENT', 'expected_state': 'PRESENT', 'payload_exact': False, 'physical_payload_sha256': '70aab7e69291cd5c51639fca5bdab9a8a8ff5b1a3dfc788977c0f0ead57fa4fe', 'frozen_payload_sha256': 'fd7d3c2d077595d32cad0f94083fc99c6b74037a5654b68144befd201abf9400'}, 'cand_d033eb981110aa21d3df': {'state': 'PRESENT', 'expected_state': 'PRESENT', 'payload_exact': False, 'physical_payload_sha256': '99c4fa5616db26f77221bf111b208ac708672a33e7abfef7478d9ed57ab6fec4', 'frozen_payload_sha256': 'b760eb4e91ab588686bce9ca8e78f715d3d69d647b3ed36de1dceb78811abb06'}, 'cand_0ef1e644231e36b17de7': {'state': 'PRESENT', 'expected_state': 'PRESENT', 'payload_exact': False, 'physical_payload_sha256': 'dedb2085c12fbd760d93ec2dedecda1966752ab048786df3a355c7faf1bfae32', 'frozen_payload_sha256': '72c1fb3ed501e2f0d128c23121cbd91a2dd953f49bb576e8d89967d9af290401'}, 'cand_dd4fa07161dcf5def8eb': {'state': 'PRESENT', 'expected_state': 'PRESENT', 'payload_exact': False, 'physical_payload_sha256': '7b8f84c3abc0e71830bd4158c1aa8582be8f53eec0d6b757102532bc89288d14', 'frozen_payload_sha256': 'b0481521e0b1bd65de1597e76964e3b4300a05ed76c14f3b3aa3ef8c60936d78'}, 'cand_5400d6d245a511006593': {'state': 'PRESENT', 'expected_state': 'PRESENT', 'payload_exact': False, 'physical_payload_sha256': 'e37d86e58f84ebc0bcd31432921fa07e84dc31bf25ae93785940ff3787c358de', 'frozen_payload_sha256': '5796bfe89e95febc7bdea60c535afbf7644561b079e5d1296a1e9bfea260cdfe'}, 'cand_d102d0d6903dbc44935f': {'state': 'PRESENT', 'expected_state': 'PRESENT', 'payload_exact': False, 'physical_payload_sha256': '4a919b50f48b70acc032d3811e5dc076833a62b26cecee1e3d7d7a278519add6', 'frozen_payload_sha256': '61813c308f2c72093618c1c74089c1122cf4233e9aee70ff0e9599a56dac8942'}}}"
physical,240000,empty,2,False,2.2500025806948543e-06,0.06518952699843794,0.24175286199897528,0.007880857003328856,0.07307263400434749,0.31482549600332277,25170720.615686763,3a09a4f19e279397ee745919b1b67ab8b75fd8c24ebf86778ac8f9dd710b9c0c,1963,"{'all_payloads_match': True, 'exact_payload_count': 0}"
physical,240000,prefix-01,2,False,0.0021824970026500523,0.07041104199743131,0.24484987599862507,0.008440229001280386,0.08103376800136175,0.3258836439999868,25163483.589915927,4fce6b6720430028778600c87df7f3209264d882b015ab1e8f060f67295722c0,1963,"{'all_payloads_match': False, 'exact_payload_count': 0, 'states': {'cand_f94acad130c4ac5b3553': {'state': 'PRESENT', 'expected_state': 'PRESENT', 'payload_exact': False, 'physical_payload_sha256': '0aa4146df60ccdff95806d6f98a70e73e1ec646c7d509ece279cb8cf1276a24d', 'frozen_payload_sha256': 'cd8d54a48a09c7393853271d4b8ede81b9fc05c979beb377d2221755e760ea06'}}}"
physical,240000,prefix-05,2,False,0.0012325729985604994,0.08503483299864456,0.25259887499851175,0.009644482997828163,0.09591188899503322,0.34851076399354497,25155469.916263614,d45a15b36de0d1d653581032b6aa68e5bef0e2e8c69a1bed159e5abbd2a15cae,1963,"{'all_payloads_match': False, 'exact_payload_count': 0, 'states': {'cand_f94acad130c4ac5b3553': {'state': 'PRESENT', 'expected_state': 'PRESENT', 'payload_exact': False, 'physical_payload_sha256': 'dd3d03fc04275d869d40e5a098274b1b6660f258e45fb3395b24cbaa346d6aa6', 'frozen_payload_sha256': 'cd8d54a48a09c7393853271d4b8ede81b9fc05c979beb377d2221755e760ea06'}, 'cand_6ca6020979af5e5766a4': {'state': 'PRESENT', 'expected_state': 'PRESENT', 'payload_exact': False, 'physical_payload_sha256': '17ccf72ee8766fed97a64c0e75dce0d4b89197334e517bd424944b4feb2d72b9', 'frozen_payload_sha256': '2881a43f9dc017ff4cfd5ab884cc554ddd5b7c49e1b6f3265f623879b518ca60'}, 'cand_c6f83d66ce3d1e079f11': {'state': 'PRESENT', 'expected_state': 'PRESENT', 'payload_exact': False, 'physical_payload_sha256': '4545c5b6370221bd5eb3db95fe30bb157fc8c973888735593905e52213e30918', 'frozen_payload_sha256': '809580d48aaadf7e23b0b91bfc694aeea039d4893be7c0417360616ac21c3aef'}, 'cand_1f420ce5268e234e658c': {'state': 'PRESENT', 'expected_state': 'PRESENT', 'payload_exact': False, 'physical_payload_sha256': 'a76827ddaaef38ee8d135e839f988fd8b2139328490cd45b992eba75f9faca83', 'frozen_payload_sha256': '0d95914421ee29d60230a25de19cbd136a171227f4a86b639648c80c056cae22'}, 'cand_bb3c9704bc50457d0385': {'state': 'PRESENT', 'expected_state': 'PRESENT', 'payload_exact': False, 'physical_payload_sha256': 'e6cd098a9d733bbdaf838ec2c11f626d204a7d1a80650d7054e5da79fe3782d6', 'frozen_payload_sha256': 'c340fcc13d070b470344966591ac026eb0890fba559a83bc07548790ab6ab1ff'}}}"
physical,240000,prefix-16,2,False,0.002587548005976714,0.13422609400004148,0.2775758380012121,0.009340733995486517,0.14615437600150472,0.4237302140027168,25155180.779744595,fb09fff9017b52f5d7bde3f275b60964bb3b1e1bdc0a33a96af3458b708daf75,1963,"{'all_payloads_match': False, 'exact_payload_count': 2, 'states': {'cand_f94acad130c4ac5b3553': {'state': 'PRESENT', 'expected_state': 'PRESENT', 'payload_exact': False, 'physical_payload_sha256': '04c453c50b2b7ba2d5cb93f5140719108c6f262cb27949f54e799eec1d97643d', 'frozen_payload_sha256': 'cd8d54a48a09c7393853271d4b8ede81b9fc05c979beb377d2221755e760ea06'}, 'cand_6ca6020979af5e5766a4': {'state': 'PRESENT', 'expected_state': 'PRESENT', 'payload_exact': False, 'physical_payload_sha256': '99164b3e0fc9adf83ce3f0e0a084d54b18ccefe48111fc6cc9c44936e5c2eb44', 'frozen_payload_sha256': '2881a43f9dc017ff4cfd5ab884cc554ddd5b7c49e1b6f3265f623879b518ca60'}, 'cand_c6f83d66ce3d1e079f11': {'state': 'PRESENT', 'expected_state': 'PRESENT', 'payload_exact': False, 'physical_payload_sha256': 'd1154f7f091ad19bd264004453bfc3a639070e83f7e100d1768759e825f8c5d6', 'frozen_payload_sha256': '809580d48aaadf7e23b0b91bfc694aeea039d4893be7c0417360616ac21c3aef'}, 'cand_1f420ce5268e234e658c': {'state': 'PRESENT', 'expected_state': 'PRESENT', 'payload_exact': False, 'physical_payload_sha256': '64ce016a875acb541a285e8b473a2601d17eadf8547cbf84fa9bc2c8606129e8', 'frozen_payload_sha256': '0d95914421ee29d60230a25de19cbd136a171227f4a86b639648c80c056cae22'}, 'cand_93041865e5a926191d54': {'state': 'PRESENT', 'expected_state': 'PRESENT', 'payload_exact': False, 'physical_payload_sha256': 'c08bb3ad6f3c034bf4c97fc113748ce60c5a45bd0c58cda91efdbe23fa5c83d4', 'frozen_payload_sha256': '929207bbd2c1dd32af2fe12480e99ff10f859ab75baad2c042178073e1e00430'}, 'cand_560443d79842b416ea0d': {'state': 'PRESENT', 'expected_state': 'PRESENT', 'payload_exact': False, 'physical_payload_sha256': '17485cc561427ae532bc2e00396c5ff1f2d4efbdad3a14dfcf3b607e973b9e4e', 'frozen_payload_sha256': '846e03bde9ed58ac0547b838606e714518598db5482339b28908c4ec2e488085'}, 'cand_0fdc909a2a3cf9718db9': {'state': 'PRESENT', 'expected_state': 'PRESENT', 'payload_exact': False, 'physical_payload_sha256': '1c5faa80abc6c160ab21d69eb5c7cab3514bc9eaa9c59fceb463204c86945d0e', 'frozen_payload_sha256': 'a10a371d0a552801c9213ce7efe3a1b5852403fc2df3fa367b4d8063f21c3bea'}, 'cand_7531356383a7948fede1': {'state': 'PRESENT', 'expected_state': 'PRESENT', 'payload_exact': False, 'physical_payload_sha256': 'bee5e446e0024d114c778018552030c77f8bf7af21e2682202b3f328d9a2b610', 'frozen_payload_sha256': 'c657a0d091202fb6e8f2507210fcff595940da2dc9c3e250f2327ce711c6e75e'}, 'cand_850ffdf5fc1ceee3e08d': {'state': 'PRESENT', 'expected_state': 'PRESENT', 'payload_exact': True, 'physical_payload_sha256': '454d59861034c0f3e55889b8176b61864ebf485e14d7422ef505d18749170a4a', 'frozen_payload_sha256': '454d59861034c0f3e55889b8176b61864ebf485e14d7422ef505d18749170a4a'}, 'cand_cfb64b0bf69c059cd760': {'state': 'PRESENT', 'expected_state': 'PRESENT', 'payload_exact': True, 'physical_payload_sha256': 'eea6014fef4d6c735cc28fd6ac77d0d7392525306ab4e7d8f966fec0e10767b1', 'frozen_payload_sha256': 'eea6014fef4d6c735cc28fd6ac77d0d7392525306ab4e7d8f966fec0e10767b1'}, 'cand_663a31a8fc0678a2324b': {'state': 'PRESENT', 'expected_state': 'PRESENT', 'payload_exact': False, 'physical_payload_sha256': 'dcaa840cdae99c47e44d92defdb4b70abec4435b1136b66b7d78e975e949d2ca', 'frozen_payload_sha256': '409885ea705ea99807de62190e4cf1743977a3b34b6f90a0ae02c32e2b6a250a'}, 'cand_bb3c9704bc50457d0385': {'state': 'PRESENT', 'expected_state': 'PRESENT', 'payload_exact': False, 'physical_payload_sha256': '90c718580e0efa3087a76a7323d11cd22a81183df6dd5a7f8ec6ba829f38b793', 'frozen_payload_sha256': 'c340fcc13d070b470344966591ac026eb0890fba559a83bc07548790ab6ab1ff'}, 'cand_9e3965b9e6ab7faacc4e': {'state': 'PRESENT', 'expected_state': 'PRESENT', 'payload_exact': False, 'physical_payload_sha256': '248c6fa96260da8aa868f2550f0fcb2f1e6d226eace0881b3a4cc5d1d1a4fa1b', 'frozen_payload_sha256': 'ce138d220496d2143d0880dfcb76233fd3b5cce217353aaa6265ae989a41e31b'}, 'cand_2bea04f8b2c85ff2a4e0': {'state': 'PRESENT', 'expected_state': 'PRESENT', 'payload_exact': False, 'physical_payload_sha256': '2be40fdac72cc81c6431356c022d53ab6a2309246612b76f123eb932cf3ae246', 'frozen_payload_sha256': 'fd7d3c2d077595d32cad0f94083fc99c6b74037a5654b68144befd201abf9400'}, 'cand_0ef1e644231e36b17de7': {'state': 'PRESENT', 'expected_state': 'PRESENT', 'payload_exact': False, 'physical_payload_sha256': 'f945eb95fc32b5615aee45c98c6ec4988c4508853afeba46d98dc01bd8f1e0d8', 'frozen_payload_sha256': '72c1fb3ed501e2f0d128c23121cbd91a2dd953f49bb576e8d89967d9af290401'}, 'cand_dd4fa07161dcf5def8eb': {'state': 'PRESENT', 'expected_state': 'PRESENT', 'payload_exact': False, 'physical_payload_sha256': '3d50dfecf098cf69aab0c6b5e6d361cd93b9347398a1af008fdeb2012c36b114', 'frozen_payload_sha256': 'b0481521e0b1bd65de1597e76964e3b4300a05ed76c14f3b3aa3ef8c60936d78'}}}"
physical,240000,prefix-30,2,False,0.004160650998528581,0.20648958699894138,0.2629191460000584,0.009178045998851303,0.21982828399632126,0.48274742999637965,25162437.071838427,023ef25f239628a3915d169b07e0c62ec7b4b207fec3209c950ad346f30c989a,1963,"{'all_payloads_match': False, 'exact_payload_count': 5, 'states': {'cand_f94acad130c4ac5b3553': {'state': 'PRESENT', 'expected_state': 'PRESENT', 'payload_exact': False, 'physical_payload_sha256': '2fd57cdc97e401aca06374d4fc5e849ac58cf4e5065e3d66cfc0580367974f1c', 'frozen_payload_sha256': 'cd8d54a48a09c7393853271d4b8ede81b9fc05c979beb377d2221755e760ea06'}, 'cand_6ca6020979af5e5766a4': {'state': 'PRESENT', 'expected_state': 'PRESENT', 'payload_exact': False, 'physical_payload_sha256': '3b426757a27cdec10d7ad69e4de452b4c77542c14d55211f61b16926486a139c', 'frozen_payload_sha256': '2881a43f9dc017ff4cfd5ab884cc554ddd5b7c49e1b6f3265f623879b518ca60'}, 'cand_c6f83d66ce3d1e079f11': {'state': 'PRESENT', 'expected_state': 'PRESENT', 'payload_exact': False, 'physical_payload_sha256': 'e21d5906d664b92f965ddbc957d2913d39af06d37210925950eec57fb3b3467e', 'frozen_payload_sha256': '809580d48aaadf7e23b0b91bfc694aeea039d4893be7c0417360616ac21c3aef'}, 'cand_1f420ce5268e234e658c': {'state': 'PRESENT', 'expected_state': 'PRESENT', 'payload_exact': False, 'physical_payload_sha256': '61c1961f6fed94d8e7639ddc25779a9eb3d48edddb4b148195defc3eb090e238', 'frozen_payload_sha256': '0d95914421ee29d60230a25de19cbd136a171227f4a86b639648c80c056cae22'}, 'cand_93041865e5a926191d54': {'state': 'PRESENT', 'expected_state': 'PRESENT', 'payload_exact': False, 'physical_payload_sha256': '37dcde1ec3d91e0e86a39f37df69a9ae628bab0ac07b40d2ef0ec02b2ad18485', 'frozen_payload_sha256': '929207bbd2c1dd32af2fe12480e99ff10f859ab75baad2c042178073e1e00430'}, 'cand_560443d79842b416ea0d': {'state': 'PRESENT', 'expected_state': 'PRESENT', 'payload_exact': False, 'physical_payload_sha256': 'e8ae5ffbd1d3744d7cc48c63263e5b5c5062835b94cbdf1ebd74127d0d537995', 'frozen_payload_sha256': '846e03bde9ed58ac0547b838606e714518598db5482339b28908c4ec2e488085'}, 'cand_0fdc909a2a3cf9718db9': {'state': 'PRESENT', 'expected_state': 'PRESENT', 'payload_exact': False, 'physical_payload_sha256': '6de369b5d81a5f89574e37e69ee04e412524f0ec1a63f20cc0a4194f0dffda02', 'frozen_payload_sha256': 'a10a371d0a552801c9213ce7efe3a1b5852403fc2df3fa367b4d8063f21c3bea'}, 'cand_7531356383a7948fede1': {'state': 'PRESENT', 'expected_state': 'PRESENT', 'payload_exact': False, 'physical_payload_sha256': 'ff675ef76ad4fef191d35c86e419b9fd9c6ba98b48a63ffc950fca3f44d67c44', 'frozen_payload_sha256': 'c657a0d091202fb6e8f2507210fcff595940da2dc9c3e250f2327ce711c6e75e'}, 'cand_850ffdf5fc1ceee3e08d': {'state': 'PRESENT', 'expected_state': 'PRESENT', 'payload_exact': True, 'physical_payload_sha256': '454d59861034c0f3e55889b8176b61864ebf485e14d7422ef505d18749170a4a', 'frozen_payload_sha256': '454d59861034c0f3e55889b8176b61864ebf485e14d7422ef505d18749170a4a'}, 'cand_9a47b4882350bf5fccf9': {'state': 'PRESENT', 'expected_state': 'PRESENT', 'payload_exact': True, 'physical_payload_sha256': '6572aa9c7b3f76ba408b01f2ecd52339c6e8d3fa11be261185717cfbbb5b97c4', 'frozen_payload_sha256': '6572aa9c7b3f76ba408b01f2ecd52339c6e8d3fa11be261185717cfbbb5b97c4'}, 'cand_835deeb29a9e7947a98b': {'state': 'PRESENT', 'expected_state': 'PRESENT', 'payload_exact': True, 'physical_payload_sha256': '350fcc8b0194d7a40b43e82a0a08d53a472551766b14dc9c4ca8c2459e17b267', 'frozen_payload_sha256': '350fcc8b0194d7a40b43e82a0a08d53a472551766b14dc9c4ca8c2459e17b267'}, 'cand_b6cafc68143c6fa37e85': {'state': 'PRESENT', 'expected_state': 'PRESENT', 'payload_exact': True, 'physical_payload_sha256': '29c9fe4704d536feecc86b629c457d6df83408d06860142b94d569a68758791e', 'frozen_payload_sha256': '29c9fe4704d536feecc86b629c457d6df83408d06860142b94d569a68758791e'}, 'cand_f002ec4adfff3911240b': {'state': 'PRESENT', 'expected_state': 'PRESENT', 'payload_exact': True, 'physical_payload_sha256': '8ca28e1f85b64f132176f5f38374a69f3322425f8b16b86cf39d130402b884f9', 'frozen_payload_sha256': '8ca28e1f85b64f132176f5f38374a69f3322425f8b16b86cf39d130402b884f9'}, 'cand_d17d4fee04bca1295fdb': {'state': 'PRESENT', 'expected_state': 'PRESENT', 'payload_exact': False, 'physical_payload_sha256': '862425a82b182f00ab88f06033899a05facfbf5ec402737d21cf432136243abe', 'frozen_payload_sha256': 'f5ae67ef8d7ffcc7473732276a62d44cfb0c3eeac2ad0f7ed84239e0cf7f35f5'}, 'cand_044e770ab213d0ef37b1': {'state': 'PRESENT', 'expected_state': 'PRESENT', 'payload_exact': False, 'physical_payload_sha256': 'a48c9777e1608c2d89a4fad90fc3e110c232428a41f522ba23248d6a54a55491', 'frozen_payload_sha256': '7b7b021a0eafc1c681c64ae1dda3b9e69dc0965e8690538e28df8a73675cfe3c'}, 'cand_cfb64b0bf69c059cd760': {'state': 'PRESENT', 'expected_state': 'PRESENT', 'payload_exact': False, 'physical_payload_sha256': '006b21e77c09fe458ac8c385cd9dc627b3100ad19863cc6f997dd80b75894865', 'frozen_payload_sha256': 'eea6014fef4d6c735cc28fd6ac77d0d7392525306ab4e7d8f966fec0e10767b1'}, 'cand_6505783b203dc0346b49': {'state': 'PRESENT', 'expected_state': 'PRESENT', 'payload_exact': False, 'physical_payload_sha256': '3940291dbe52b9f666632e3cfe8bfba9aea7fbca4c1a917ce8ad7165e8581a8a', 'frozen_payload_sha256': '36aff3abdb7e89749d55b8c13c90cf993c598ab39633b85384837658addc8f59'}, 'cand_7b08320f31dae1c5e9f4': {'state': 'PRESENT', 'expected_state': 'PRESENT', 'payload_exact': False, 'physical_payload_sha256': '783b75ac0cb526704c9b71abea5bb52c290bb63cb5b7a7417973bacc95eb6483', 'frozen_payload_sha256': 'c1fc88651abdf0bc1ad0e7565a4be1d5e9105c298e915538d5f81bf0e34e4679'}, 'cand_e95bcd15c94c80f62716': {'state': 'PRESENT', 'expected_state': 'PRESENT', 'payload_exact': False, 'physical_payload_sha256': 'cae9d8329450fae395ca68deb033cff8d6061b01f0cfc7b2c254e7f3b7abcde4', 'frozen_payload_sha256': '4474230040ec7f8d3de645ecaed49e96dc80ca87bd415e04ba2d48093636ba46'}, 'cand_5e3a909effbf6f7d6e21': {'state': 'PRESENT', 'expected_state': 'PRESENT', 'payload_exact': False, 'physical_payload_sha256': '8ac358f897b2bb650b6b0d1d87a56594e0ee5ae717cbf29da7ca09a5d82ba0c4', 'frozen_payload_sha256': 'da76eb1bc3b889207333d4985982af22ef24bce66248e625f05dfc95e7275199'}, 'cand_cf35fb1b66d3371735fd': {'state': 'PRESENT', 'expected_state': 'PRESENT', 'payload_exact': False, 'physical_payload_sha256': 'c09479647913de33aca76381f17634bd160fa5f420a8270d1cb3003fe932774f', 'frozen_payload_sha256': '0bf703d060b6715fb68595c85e3781e5ef556184ed89eee62cdc86833a40a479'}, 'cand_663a31a8fc0678a2324b': {'state': 'PRESENT', 'expected_state': 'PRESENT', 'payload_exact': False, 'physical_payload_sha256': 'e9a3c20750775f0f5a057704e6fe3175d02fe4fd6f9511f361e15df4c15dfb8d', 'frozen_payload_sha256': '409885ea705ea99807de62190e4cf1743977a3b34b6f90a0ae02c32e2b6a250a'}, 'cand_bb3c9704bc50457d0385': {'state': 'PRESENT', 'expected_state': 'PRESENT', 'payload_exact': False, 'physical_payload_sha256': 'eff0632876ce26037b31c1ee38a69c613090509a5b8d7ab0f4606f27c370006a', 'frozen_payload_sha256': 'c340fcc13d070b470344966591ac026eb0890fba559a83bc07548790ab6ab1ff'}, 'cand_a658273d38918de4ed71': {'state': 'PRESENT', 'expected_state': 'PRESENT', 'payload_exact': False, 'physical_payload_sha256': '6198ff4d0f42fa8601c01e17ff2ba8b0b8e184b1536873b77ef6049ab0af1550', 'frozen_payload_sha256': '4415b582adf4bf3358abca118db704903cbe6f34f028a158d3a0424624ca2d37'}, 'cand_9e3965b9e6ab7faacc4e': {'state': 'PRESENT', 'expected_state': 'PRESENT', 'payload_exact': False, 'physical_payload_sha256': 'd0b64179e453de2875905d109efed48af194494514e862866aba4c487fa654e2', 'frozen_payload_sha256': 'ce138d220496d2143d0880dfcb76233fd3b5cce217353aaa6265ae989a41e31b'}, 'cand_2bea04f8b2c85ff2a4e0': {'state': 'PRESENT', 'expected_state': 'PRESENT', 'payload_exact': False, 'physical_payload_sha256': '091fe3f7283ab6f034612ab2c8b829d6e65f063449b364600910746a93edc830', 'frozen_payload_sha256': 'fd7d3c2d077595d32cad0f94083fc99c6b74037a5654b68144befd201abf9400'}, 'cand_d033eb981110aa21d3df': {'state': 'PRESENT', 'expected_state': 'PRESENT', 'payload_exact': False, 'physical_payload_sha256': '48ffd78168e0144b37cc2ff02bbb52b8250e7e9e0038b9fae1bada6403e7e8a8', 'frozen_payload_sha256': 'b760eb4e91ab588686bce9ca8e78f715d3d69d647b3ed36de1dceb78811abb06'}, 'cand_0ef1e644231e36b17de7': {'state': 'PRESENT', 'expected_state': 'PRESENT', 'payload_exact': False, 'physical_payload_sha256': 'ec2906b46b45706eda021fb9541f4d0e7dba622baf6e6a114194e49ac5a632e3', 'frozen_payload_sha256': '72c1fb3ed501e2f0d128c23121cbd91a2dd953f49bb576e8d89967d9af290401'}, 'cand_dd4fa07161dcf5def8eb': {'state': 'PRESENT', 'expected_state': 'PRESENT', 'payload_exact': False, 'physical_payload_sha256': '6389977a99252c09d965cbec787894a8e181e2253953ba09f60f3e0df9aced28', 'frozen_payload_sha256': 'b0481521e0b1bd65de1597e76964e3b4300a05ed76c14f3b3aa3ef8c60936d78'}, 'cand_d102d0d6903dbc44935f': {'state': 'PRESENT', 'expected_state': 'PRESENT', 'payload_exact': False, 'physical_payload_sha256': 'beb339c0fd43ae5195d2a74f56777e834be98cdedaf4996bd46f1f0fdf3d269e', 'frozen_payload_sha256': '61813c308f2c72093618c1c74089c1122cf4233e9aee70ff0e9599a56dac8942'}}}"
physical,240000,final-31,2,False,0.004266742995241657,0.20678412599954754,0.2642956170020625,0.014361576999363024,0.22541244599415222,0.4897080629962147,25153697.24996091,5906c22d24ed08d1db7da6287df35242db4ca412cf09f2e1fe0ed5d58ba40f10,1963,"{'all_payloads_match': False, 'exact_payload_count': 5, 'states': {'cand_f94acad130c4ac5b3553': {'state': 'PRESENT', 'expected_state': 'PRESENT', 'payload_exact': False, 'physical_payload_sha256': 'f3c98226fa66b09213fddb315915f3d9afe9db024bad60fb9152d96d01ae5cf5', 'frozen_payload_sha256': 'cd8d54a48a09c7393853271d4b8ede81b9fc05c979beb377d2221755e760ea06'}, 'cand_6ca6020979af5e5766a4': {'state': 'PRESENT', 'expected_state': 'PRESENT', 'payload_exact': False, 'physical_payload_sha256': '5fa11d1f36ef2c5d6442f6cf77007b056989db4b169698fb47da264c09296524', 'frozen_payload_sha256': '2881a43f9dc017ff4cfd5ab884cc554ddd5b7c49e1b6f3265f623879b518ca60'}, 'cand_c6f83d66ce3d1e079f11': {'state': 'PRESENT', 'expected_state': 'PRESENT', 'payload_exact': False, 'physical_payload_sha256': 'dd6fdd4cf8cd10c3762a87ce7775dbd9a7a257ed34b2c3490bd278b66c6a29a1', 'frozen_payload_sha256': '809580d48aaadf7e23b0b91bfc694aeea039d4893be7c0417360616ac21c3aef'}, 'cand_1f420ce5268e234e658c': {'state': 'PRESENT', 'expected_state': 'PRESENT', 'payload_exact': False, 'physical_payload_sha256': '107a73e36d6e6624b0b7508439eab2c862e7b82791e106e2a7ea2bfeefd147a2', 'frozen_payload_sha256': '0d95914421ee29d60230a25de19cbd136a171227f4a86b639648c80c056cae22'}, 'cand_93041865e5a926191d54': {'state': 'PRESENT', 'expected_state': 'PRESENT', 'payload_exact': False, 'physical_payload_sha256': '451cf7185ed999a914104bd9766a68ddb381b1598847d08ee91cb3941d9ba140', 'frozen_payload_sha256': '929207bbd2c1dd32af2fe12480e99ff10f859ab75baad2c042178073e1e00430'}, 'cand_560443d79842b416ea0d': {'state': 'PRESENT', 'expected_state': 'PRESENT', 'payload_exact': False, 'physical_payload_sha256': '97581d4c3e7684b4ca684139e7b24986cf301c09e2f39502dc03757617bc3201', 'frozen_payload_sha256': '846e03bde9ed58ac0547b838606e714518598db5482339b28908c4ec2e488085'}, 'cand_0fdc909a2a3cf9718db9': {'state': 'PRESENT', 'expected_state': 'PRESENT', 'payload_exact': False, 'physical_payload_sha256': 'a65d545b80580bca7ecb72ad98c8510a634742593c147eef2dce21c46e759c9c', 'frozen_payload_sha256': 'a10a371d0a552801c9213ce7efe3a1b5852403fc2df3fa367b4d8063f21c3bea'}, 'cand_7531356383a7948fede1': {'state': 'PRESENT', 'expected_state': 'PRESENT', 'payload_exact': False, 'physical_payload_sha256': '56d94c994091852e7b382dbfbb077a7b856d69c5cacbe75f163240764cd145ea', 'frozen_payload_sha256': 'c657a0d091202fb6e8f2507210fcff595940da2dc9c3e250f2327ce711c6e75e'}, 'cand_850ffdf5fc1ceee3e08d': {'state': 'PRESENT', 'expected_state': 'PRESENT', 'payload_exact': True, 'physical_payload_sha256': '454d59861034c0f3e55889b8176b61864ebf485e14d7422ef505d18749170a4a', 'frozen_payload_sha256': '454d59861034c0f3e55889b8176b61864ebf485e14d7422ef505d18749170a4a'}, 'cand_9a47b4882350bf5fccf9': {'state': 'PRESENT', 'expected_state': 'PRESENT', 'payload_exact': True, 'physical_payload_sha256': '6572aa9c7b3f76ba408b01f2ecd52339c6e8d3fa11be261185717cfbbb5b97c4', 'frozen_payload_sha256': '6572aa9c7b3f76ba408b01f2ecd52339c6e8d3fa11be261185717cfbbb5b97c4'}, 'cand_835deeb29a9e7947a98b': {'state': 'PRESENT', 'expected_state': 'PRESENT', 'payload_exact': True, 'physical_payload_sha256': '350fcc8b0194d7a40b43e82a0a08d53a472551766b14dc9c4ca8c2459e17b267', 'frozen_payload_sha256': '350fcc8b0194d7a40b43e82a0a08d53a472551766b14dc9c4ca8c2459e17b267'}, 'cand_b6cafc68143c6fa37e85': {'state': 'PRESENT', 'expected_state': 'PRESENT', 'payload_exact': True, 'physical_payload_sha256': '29c9fe4704d536feecc86b629c457d6df83408d06860142b94d569a68758791e', 'frozen_payload_sha256': '29c9fe4704d536feecc86b629c457d6df83408d06860142b94d569a68758791e'}, 'cand_f002ec4adfff3911240b': {'state': 'PRESENT', 'expected_state': 'PRESENT', 'payload_exact': True, 'physical_payload_sha256': '8ca28e1f85b64f132176f5f38374a69f3322425f8b16b86cf39d130402b884f9', 'frozen_payload_sha256': '8ca28e1f85b64f132176f5f38374a69f3322425f8b16b86cf39d130402b884f9'}, 'cand_d17d4fee04bca1295fdb': {'state': 'PRESENT', 'expected_state': 'PRESENT', 'payload_exact': False, 'physical_payload_sha256': 'ca862e64b6347ef046afacba349d68fc69f28d74f26595ff3a0867087390c366', 'frozen_payload_sha256': 'f5ae67ef8d7ffcc7473732276a62d44cfb0c3eeac2ad0f7ed84239e0cf7f35f5'}, 'cand_044e770ab213d0ef37b1': {'state': 'PRESENT', 'expected_state': 'PRESENT', 'payload_exact': False, 'physical_payload_sha256': '4d816057f221b8981828ded6cae419a43b6ecba855886c3c7452106ecda777c1', 'frozen_payload_sha256': '7b7b021a0eafc1c681c64ae1dda3b9e69dc0965e8690538e28df8a73675cfe3c'}, 'cand_cfb64b0bf69c059cd760': {'state': 'PRESENT', 'expected_state': 'PRESENT', 'payload_exact': False, 'physical_payload_sha256': '495429c6fb3045a2ae831fd4b1a768c0c082417a8a838dcfaeaf9761641843d3', 'frozen_payload_sha256': 'eea6014fef4d6c735cc28fd6ac77d0d7392525306ab4e7d8f966fec0e10767b1'}, 'cand_6505783b203dc0346b49': {'state': 'PRESENT', 'expected_state': 'PRESENT', 'payload_exact': False, 'physical_payload_sha256': '38b3b013bca42023e32989ad84bf94da1af050056e8eeb47b8ada4be21969599', 'frozen_payload_sha256': '36aff3abdb7e89749d55b8c13c90cf993c598ab39633b85384837658addc8f59'}, 'cand_7b08320f31dae1c5e9f4': {'state': 'PRESENT', 'expected_state': 'PRESENT', 'payload_exact': False, 'physical_payload_sha256': '675d948ad85b79c7e933ed724802fb0ad33992ed05870bc8f09137817235dc1d', 'frozen_payload_sha256': 'c1fc88651abdf0bc1ad0e7565a4be1d5e9105c298e915538d5f81bf0e34e4679'}, 'cand_e95bcd15c94c80f62716': {'state': 'PRESENT', 'expected_state': 'PRESENT', 'payload_exact': False, 'physical_payload_sha256': 'b229393f1af3d17d9955f4b9be12a73d127e468c85558d8af43e63253e561927', 'frozen_payload_sha256': '4474230040ec7f8d3de645ecaed49e96dc80ca87bd415e04ba2d48093636ba46'}, 'cand_5e3a909effbf6f7d6e21': {'state': 'PRESENT', 'expected_state': 'PRESENT', 'payload_exact': False, 'physical_payload_sha256': '40cfa61e8f41c5947538fe725bddf887a4a3cb335f516154f341e296d5f03c3e', 'frozen_payload_sha256': 'da76eb1bc3b889207333d4985982af22ef24bce66248e625f05dfc95e7275199'}, 'cand_cf35fb1b66d3371735fd': {'state': 'PRESENT', 'expected_state': 'PRESENT', 'payload_exact': False, 'physical_payload_sha256': '8567dd8265814a38e840a74924d95d6a6ea472279402892c56f2da7972b6b937', 'frozen_payload_sha256': '0bf703d060b6715fb68595c85e3781e5ef556184ed89eee62cdc86833a40a479'}, 'cand_663a31a8fc0678a2324b': {'state': 'PRESENT', 'expected_state': 'PRESENT', 'payload_exact': False, 'physical_payload_sha256': '295d141ff1b3e10c700ffefce91defed1dcbb519e72d5b333aa451ab058744db', 'frozen_payload_sha256': '409885ea705ea99807de62190e4cf1743977a3b34b6f90a0ae02c32e2b6a250a'}, 'cand_bb3c9704bc50457d0385': {'state': 'PRESENT', 'expected_state': 'PRESENT', 'payload_exact': False, 'physical_payload_sha256': '5cae3170a1507698576009a672a77c66a10d9943edb555f42a8e1fbcddf1f18c', 'frozen_payload_sha256': 'c340fcc13d070b470344966591ac026eb0890fba559a83bc07548790ab6ab1ff'}, 'cand_a658273d38918de4ed71': {'state': 'PRESENT', 'expected_state': 'PRESENT', 'payload_exact': False, 'physical_payload_sha256': 'a442dbc26edb79abe15b5e91cfca604620104780b44a538aabed4a44ef7f76f2', 'frozen_payload_sha256': '4415b582adf4bf3358abca118db704903cbe6f34f028a158d3a0424624ca2d37'}, 'cand_9e3965b9e6ab7faacc4e': {'state': 'PRESENT', 'expected_state': 'PRESENT', 'payload_exact': False, 'physical_payload_sha256': '814e3aa9303aed584b617ee3cd10f2f6264fe50e817f66b3d7f2e29a1a88ae90', 'frozen_payload_sha256': 'ce138d220496d2143d0880dfcb76233fd3b5cce217353aaa6265ae989a41e31b'}, 'cand_2bea04f8b2c85ff2a4e0': {'state': 'PRESENT', 'expected_state': 'PRESENT', 'payload_exact': False, 'physical_payload_sha256': '7e70543e9652b6f6bb06faba3f8c08a633421756c991b4048835844ed4be8f87', 'frozen_payload_sha256': 'fd7d3c2d077595d32cad0f94083fc99c6b74037a5654b68144befd201abf9400'}, 'cand_d033eb981110aa21d3df': {'state': 'PRESENT', 'expected_state': 'PRESENT', 'payload_exact': False, 'physical_payload_sha256': '9c23b1398eee545bfe546156f733ad18e96a3fae2883f1c156b56a5552b92c0a', 'frozen_payload_sha256': 'b760eb4e91ab588686bce9ca8e78f715d3d69d647b3ed36de1dceb78811abb06'}, 'cand_0ef1e644231e36b17de7': {'state': 'PRESENT', 'expected_state': 'PRESENT', 'payload_exact': False, 'physical_payload_sha256': '65805e125e166cc015608ea751309c9fa5356eab302f9e5d0d5a2332044d280a', 'frozen_payload_sha256': '72c1fb3ed501e2f0d128c23121cbd91a2dd953f49bb576e8d89967d9af290401'}, 'cand_dd4fa07161dcf5def8eb': {'state': 'PRESENT', 'expected_state': 'PRESENT', 'payload_exact': False, 'physical_payload_sha256': '19d5e004fcab9fb043b40e2a3851351e9e0174859db87b95a9c3dfe9e4e17868', 'frozen_payload_sha256': 'b0481521e0b1bd65de1597e76964e3b4300a05ed76c14f3b3aa3ef8c60936d78'}, 'cand_5400d6d245a511006593': {'state': 'PRESENT', 'expected_state': 'PRESENT', 'payload_exact': False, 'physical_payload_sha256': 'c519283068e07033a93f00cfaf1545ba64fbcdfb843fa6f8b873d8e0b8bb0235', 'frozen_payload_sha256': '5796bfe89e95febc7bdea60c535afbf7644561b079e5d1296a1e9bfea260cdfe'}, 'cand_d102d0d6903dbc44935f': {'state': 'PRESENT', 'expected_state': 'PRESENT', 'payload_exact': False, 'physical_payload_sha256': '7737a0b1c49404a68c434cbf18a8bc7e6cfeb52ac18855010f585803a1e371bb', 'frozen_payload_sha256': '61813c308f2c72093618c1c74089c1122cf4233e9aee70ff0e9599a56dac8942'}}}"
physical,240000,empty,3,False,2.772998414002359e-06,0.06679991399869323,0.23865217300044606,0.008299389002786484,0.07510207599989371,0.31375424900033977,25174928.386760987,997f1d79ea5083a65a6a7500585b16cc12f5aa0a3b9ceed87f459431c9a17e28,1963,"{'all_payloads_match': True, 'exact_payload_count': 0}"
physical,240000,prefix-01,3,False,0.0022692839993396774,0.06627811300131725,0.24464246600109618,0.008909509997465648,0.07745690699812258,0.32209937299921876,25166968.672130845,0ad1126c6fbe1f479f270ed318df84e5521dd096c27ac7ad33ea2d1281745e9d,1963,"{'all_payloads_match': False, 'exact_payload_count': 0, 'states': {'cand_f94acad130c4ac5b3553': {'state': 'PRESENT', 'expected_state': 'PRESENT', 'payload_exact': False, 'physical_payload_sha256': '8b6e9c984eccdb647371de3c35a5940a2756720a0936512bb6c9cd69b10ae4d5', 'frozen_payload_sha256': 'cd8d54a48a09c7393853271d4b8ede81b9fc05c979beb377d2221755e760ea06'}}}"
physical,240000,prefix-05,3,False,0.001306664002186153,0.0815707410001778,0.26895842800149694,0.00848289499845123,0.09136030000081519,0.3603187280023121,25156793.56429639,42800dca863844736fba783087647b128fb610c1936b337a8b6f1c3e7061ab4b,1963,"{'all_payloads_match': False, 'exact_payload_count': 0, 'states': {'cand_f94acad130c4ac5b3553': {'state': 'PRESENT', 'expected_state': 'PRESENT', 'payload_exact': False, 'physical_payload_sha256': '7428e5ba78a128de8aa5b9ca87b95490c571b2731d85d6a2e2ac98ba36810cb7', 'frozen_payload_sha256': 'cd8d54a48a09c7393853271d4b8ede81b9fc05c979beb377d2221755e760ea06'}, 'cand_6ca6020979af5e5766a4': {'state': 'PRESENT', 'expected_state': 'PRESENT', 'payload_exact': False, 'physical_payload_sha256': 'adaff116b9efff60ac7abf47151596c7a1d0c89b6ac1a125f0105186e963afe1', 'frozen_payload_sha256': '2881a43f9dc017ff4cfd5ab884cc554ddd5b7c49e1b6f3265f623879b518ca60'}, 'cand_c6f83d66ce3d1e079f11': {'state': 'PRESENT', 'expected_state': 'PRESENT', 'payload_exact': False, 'physical_payload_sha256': '2f52d6d04faf898396e24c484c05b0c7475cc73daf1ab93dd0a6775e2b5cc675', 'frozen_payload_sha256': '809580d48aaadf7e23b0b91bfc694aeea039d4893be7c0417360616ac21c3aef'}, 'cand_1f420ce5268e234e658c': {'state': 'PRESENT', 'expected_state': 'PRESENT', 'payload_exact': False, 'physical_payload_sha256': 'eb6d1d5dd35acded9ba322f455e8f920ce6243e228f0c0eca4a67b7715b60d39', 'frozen_payload_sha256': '0d95914421ee29d60230a25de19cbd136a171227f4a86b639648c80c056cae22'}, 'cand_bb3c9704bc50457d0385': {'state': 'PRESENT', 'expected_state': 'PRESENT', 'payload_exact': False, 'physical_payload_sha256': '2d274a4671a8e690041694734f7ab7db0bbe005a063c9099fce38a1bb60b0ed8', 'frozen_payload_sha256': 'c340fcc13d070b470344966591ac026eb0890fba559a83bc07548790ab6ab1ff'}}}"
physical,240000,prefix-16,3,False,0.0024248819972854108,0.13472443799400935,0.2546116119992803,0.008897812003851868,0.14604713199514663,0.4006587439944269,25146269.01546372,3f5f40b771de6f392247927287ab6421ebb65ac07fe97a4d682e0fa9024021b9,1963,"{'all_payloads_match': False, 'exact_payload_count': 1, 'states': {'cand_f94acad130c4ac5b3553': {'state': 'PRESENT', 'expected_state': 'PRESENT', 'payload_exact': False, 'physical_payload_sha256': 'e6acadbb147a37c010bfb7fec0ce1daa51dbf8d9d09fe620efe54ede8d0ca986', 'frozen_payload_sha256': 'cd8d54a48a09c7393853271d4b8ede81b9fc05c979beb377d2221755e760ea06'}, 'cand_6ca6020979af5e5766a4': {'state': 'PRESENT', 'expected_state': 'PRESENT', 'payload_exact': False, 'physical_payload_sha256': '4b298f7d6de9b81e2118de26a299b23bfabe2fd8d665ae652770c3f7ed808454', 'frozen_payload_sha256': '2881a43f9dc017ff4cfd5ab884cc554ddd5b7c49e1b6f3265f623879b518ca60'}, 'cand_c6f83d66ce3d1e079f11': {'state': 'PRESENT', 'expected_state': 'PRESENT', 'payload_exact': False, 'physical_payload_sha256': '2ff552987dd120edf45e100f150efa78c61b5810957cf4223f7ecaead8fd928c', 'frozen_payload_sha256': '809580d48aaadf7e23b0b91bfc694aeea039d4893be7c0417360616ac21c3aef'}, 'cand_1f420ce5268e234e658c': {'state': 'PRESENT', 'expected_state': 'PRESENT', 'payload_exact': False, 'physical_payload_sha256': 'b72d25ee3952683af0adbf0920385583da200791334331fe190b4c4286548b02', 'frozen_payload_sha256': '0d95914421ee29d60230a25de19cbd136a171227f4a86b639648c80c056cae22'}, 'cand_93041865e5a926191d54': {'state': 'PRESENT', 'expected_state': 'PRESENT', 'payload_exact': False, 'physical_payload_sha256': 'ed63b294a2cabfabd22a1a9dbcd728224389d4202ca7b8f2cf47f769a604a36b', 'frozen_payload_sha256': '929207bbd2c1dd32af2fe12480e99ff10f859ab75baad2c042178073e1e00430'}, 'cand_560443d79842b416ea0d': {'state': 'PRESENT', 'expected_state': 'PRESENT', 'payload_exact': False, 'physical_payload_sha256': '5fe39a800cf886865489ce18c35d12e23983f4b39ff814475d39950e9eef6465', 'frozen_payload_sha256': '846e03bde9ed58ac0547b838606e714518598db5482339b28908c4ec2e488085'}, 'cand_0fdc909a2a3cf9718db9': {'state': 'PRESENT', 'expected_state': 'PRESENT', 'payload_exact': False, 'physical_payload_sha256': '4db30d2928e5379f53cbe56c96d9eb96d8c05d0a5daa24ca16aaa3a3df9768f0', 'frozen_payload_sha256': 'a10a371d0a552801c9213ce7efe3a1b5852403fc2df3fa367b4d8063f21c3bea'}, 'cand_7531356383a7948fede1': {'state': 'PRESENT', 'expected_state': 'PRESENT', 'payload_exact': False, 'physical_payload_sha256': '02db097c7d7028b57695dac0583ae575727481b7485002be3bf7838a2e738a49', 'frozen_payload_sha256': 'c657a0d091202fb6e8f2507210fcff595940da2dc9c3e250f2327ce711c6e75e'}, 'cand_850ffdf5fc1ceee3e08d': {'state': 'PRESENT', 'expected_state': 'PRESENT', 'payload_exact': True, 'physical_payload_sha256': '454d59861034c0f3e55889b8176b61864ebf485e14d7422ef505d18749170a4a', 'frozen_payload_sha256': '454d59861034c0f3e55889b8176b61864ebf485e14d7422ef505d18749170a4a'}, 'cand_cfb64b0bf69c059cd760': {'state': 'PRESENT', 'expected_state': 'PRESENT', 'payload_exact': False, 'physical_payload_sha256': '2611433f5af07425d64434ca35a2c280d373ca7aea60e54139fd297fa8795e47', 'frozen_payload_sha256': 'eea6014fef4d6c735cc28fd6ac77d0d7392525306ab4e7d8f966fec0e10767b1'}, 'cand_663a31a8fc0678a2324b': {'state': 'PRESENT', 'expected_state': 'PRESENT', 'payload_exact': False, 'physical_payload_sha256': '1f13676aa2b02d440b75c5b9e5b484d6b9818fe33bcb3e411995f3e2ca26f877', 'frozen_payload_sha256': '409885ea705ea99807de62190e4cf1743977a3b34b6f90a0ae02c32e2b6a250a'}, 'cand_bb3c9704bc50457d0385': {'state': 'PRESENT', 'expected_state': 'PRESENT', 'payload_exact': False, 'physical_payload_sha256': '627c1986c30b2a3626d6ae3822b337a6fd56414c8cbe04259b2d28e9a6de61a8', 'frozen_payload_sha256': 'c340fcc13d070b470344966591ac026eb0890fba559a83bc07548790ab6ab1ff'}, 'cand_9e3965b9e6ab7faacc4e': {'state': 'PRESENT', 'expected_state': 'PRESENT', 'payload_exact': False, 'physical_payload_sha256': 'bd9ecb26fa482b97a2ce6a28005cb1f5d17007f46a2ab7ad2e0f3b224ba47cc6', 'frozen_payload_sha256': 'ce138d220496d2143d0880dfcb76233fd3b5cce217353aaa6265ae989a41e31b'}, 'cand_2bea04f8b2c85ff2a4e0': {'state': 'PRESENT', 'expected_state': 'PRESENT', 'payload_exact': False, 'physical_payload_sha256': '4aee8c2e62a3f49f74f8dbf1bc29ba1a1736a74298a0b46aa3c96d729c25c01f', 'frozen_payload_sha256': 'fd7d3c2d077595d32cad0f94083fc99c6b74037a5654b68144befd201abf9400'}, 'cand_0ef1e644231e36b17de7': {'state': 'PRESENT', 'expected_state': 'PRESENT', 'payload_exact': False, 'physical_payload_sha256': '3d3abec77d3f5986538ab4514fbfcadb98a0975cbc7d2b6bda37b1837015eb1e', 'frozen_payload_sha256': '72c1fb3ed501e2f0d128c23121cbd91a2dd953f49bb576e8d89967d9af290401'}, 'cand_dd4fa07161dcf5def8eb': {'state': 'PRESENT', 'expected_state': 'PRESENT', 'payload_exact': False, 'physical_payload_sha256': '7cdf5ccbe779553d1f85ca154357086937c1705be353ca19dd0a854259311745', 'frozen_payload_sha256': 'b0481521e0b1bd65de1597e76964e3b4300a05ed76c14f3b3aa3ef8c60936d78'}}}"
physical,240000,prefix-30,3,False,0.004065362001711037,0.20776087400008691,0.2637466539963498,0.010680399005650543,0.2225066350074485,0.4862532890037983,25157442.33262981,ecdd0995e3cc492053d8e1b854cd47a1f8d6423ae1bcf0b03ece95928f2b8c67,1963,"{'all_payloads_match': False, 'exact_payload_count': 5, 'states': {'cand_f94acad130c4ac5b3553': {'state': 'PRESENT', 'expected_state': 'PRESENT', 'payload_exact': False, 'physical_payload_sha256': 'cea2537cfad898e8f0bb0523fe5823984a3e3ef7946af6d380096c0d4908e8f6', 'frozen_payload_sha256': 'cd8d54a48a09c7393853271d4b8ede81b9fc05c979beb377d2221755e760ea06'}, 'cand_6ca6020979af5e5766a4': {'state': 'PRESENT', 'expected_state': 'PRESENT', 'payload_exact': False, 'physical_payload_sha256': '5d3e8531e21afb814d5bce591445590234c7734fd7ddb49bc494f7036981a068', 'frozen_payload_sha256': '2881a43f9dc017ff4cfd5ab884cc554ddd5b7c49e1b6f3265f623879b518ca60'}, 'cand_c6f83d66ce3d1e079f11': {'state': 'PRESENT', 'expected_state': 'PRESENT', 'payload_exact': False, 'physical_payload_sha256': '55840b1711fe86d62c9edd08eaad701e5ec47fcc62cc0ce337518ad0418c1f11', 'frozen_payload_sha256': '809580d48aaadf7e23b0b91bfc694aeea039d4893be7c0417360616ac21c3aef'}, 'cand_1f420ce5268e234e658c': {'state': 'PRESENT', 'expected_state': 'PRESENT', 'payload_exact': False, 'physical_payload_sha256': '7d089a8bab2a4a5d0fe933d2ee3671032c8dd6814bc479e187df181a1a1d4aeb', 'frozen_payload_sha256': '0d95914421ee29d60230a25de19cbd136a171227f4a86b639648c80c056cae22'}, 'cand_93041865e5a926191d54': {'state': 'PRESENT', 'expected_state': 'PRESENT', 'payload_exact': False, 'physical_payload_sha256': 'de6e2d9088b97b65c72d0aaca3dffef72b0e93aa66a3c765ea481fb499e04d87', 'frozen_payload_sha256': '929207bbd2c1dd32af2fe12480e99ff10f859ab75baad2c042178073e1e00430'}, 'cand_560443d79842b416ea0d': {'state': 'PRESENT', 'expected_state': 'PRESENT', 'payload_exact': False, 'physical_payload_sha256': '53db3b177b2e33596b06c6bb058dd4bfdf94d5fdff6a864bc46da586df1d1a9a', 'frozen_payload_sha256': '846e03bde9ed58ac0547b838606e714518598db5482339b28908c4ec2e488085'}, 'cand_0fdc909a2a3cf9718db9': {'state': 'PRESENT', 'expected_state': 'PRESENT', 'payload_exact': False, 'physical_payload_sha256': '902aa3791e43b8683a1756528e4cbc17170f9787841bfa92b11f96e58aa40bb4', 'frozen_payload_sha256': 'a10a371d0a552801c9213ce7efe3a1b5852403fc2df3fa367b4d8063f21c3bea'}, 'cand_7531356383a7948fede1': {'state': 'PRESENT', 'expected_state': 'PRESENT', 'payload_exact': False, 'physical_payload_sha256': 'd25b69aafe5819646a4dd4c715b4cd3f70b86ab9636ea453709c22f8b64a7181', 'frozen_payload_sha256': 'c657a0d091202fb6e8f2507210fcff595940da2dc9c3e250f2327ce711c6e75e'}, 'cand_850ffdf5fc1ceee3e08d': {'state': 'PRESENT', 'expected_state': 'PRESENT', 'payload_exact': True, 'physical_payload_sha256': '454d59861034c0f3e55889b8176b61864ebf485e14d7422ef505d18749170a4a', 'frozen_payload_sha256': '454d59861034c0f3e55889b8176b61864ebf485e14d7422ef505d18749170a4a'}, 'cand_9a47b4882350bf5fccf9': {'state': 'PRESENT', 'expected_state': 'PRESENT', 'payload_exact': True, 'physical_payload_sha256': '6572aa9c7b3f76ba408b01f2ecd52339c6e8d3fa11be261185717cfbbb5b97c4', 'frozen_payload_sha256': '6572aa9c7b3f76ba408b01f2ecd52339c6e8d3fa11be261185717cfbbb5b97c4'}, 'cand_835deeb29a9e7947a98b': {'state': 'PRESENT', 'expected_state': 'PRESENT', 'payload_exact': True, 'physical_payload_sha256': '350fcc8b0194d7a40b43e82a0a08d53a472551766b14dc9c4ca8c2459e17b267', 'frozen_payload_sha256': '350fcc8b0194d7a40b43e82a0a08d53a472551766b14dc9c4ca8c2459e17b267'}, 'cand_b6cafc68143c6fa37e85': {'state': 'PRESENT', 'expected_state': 'PRESENT', 'payload_exact': True, 'physical_payload_sha256': '29c9fe4704d536feecc86b629c457d6df83408d06860142b94d569a68758791e', 'frozen_payload_sha256': '29c9fe4704d536feecc86b629c457d6df83408d06860142b94d569a68758791e'}, 'cand_f002ec4adfff3911240b': {'state': 'PRESENT', 'expected_state': 'PRESENT', 'payload_exact': True, 'physical_payload_sha256': '8ca28e1f85b64f132176f5f38374a69f3322425f8b16b86cf39d130402b884f9', 'frozen_payload_sha256': '8ca28e1f85b64f132176f5f38374a69f3322425f8b16b86cf39d130402b884f9'}, 'cand_d17d4fee04bca1295fdb': {'state': 'PRESENT', 'expected_state': 'PRESENT', 'payload_exact': False, 'physical_payload_sha256': 'e157742f17644ffad950577c2cd26e82db38d91a9b3c7024192a25b49603663b', 'frozen_payload_sha256': 'f5ae67ef8d7ffcc7473732276a62d44cfb0c3eeac2ad0f7ed84239e0cf7f35f5'}, 'cand_044e770ab213d0ef37b1': {'state': 'PRESENT', 'expected_state': 'PRESENT', 'payload_exact': False, 'physical_payload_sha256': '13e0c83216589ad7732709b3ca095fdfc620c7b45f91d00ef0624a35de58deb8', 'frozen_payload_sha256': '7b7b021a0eafc1c681c64ae1dda3b9e69dc0965e8690538e28df8a73675cfe3c'}, 'cand_cfb64b0bf69c059cd760': {'state': 'PRESENT', 'expected_state': 'PRESENT', 'payload_exact': False, 'physical_payload_sha256': 'a4b5478219bb14958cdf3e9105c9b4b72bf4479b59fa250fb6590d8f9c97c06f', 'frozen_payload_sha256': 'eea6014fef4d6c735cc28fd6ac77d0d7392525306ab4e7d8f966fec0e10767b1'}, 'cand_6505783b203dc0346b49': {'state': 'PRESENT', 'expected_state': 'PRESENT', 'payload_exact': False, 'physical_payload_sha256': '5ba37d25e013a88f616a60eacfacce9e4b9cab44a5cb23a4c819e84f7f5fe044', 'frozen_payload_sha256': '36aff3abdb7e89749d55b8c13c90cf993c598ab39633b85384837658addc8f59'}, 'cand_7b08320f31dae1c5e9f4': {'state': 'PRESENT', 'expected_state': 'PRESENT', 'payload_exact': False, 'physical_payload_sha256': 'eeceef4cba5d2e822c806e7ab56e644ca1484b4852fc047d8bced6a844182c6a', 'frozen_payload_sha256': 'c1fc88651abdf0bc1ad0e7565a4be1d5e9105c298e915538d5f81bf0e34e4679'}, 'cand_e95bcd15c94c80f62716': {'state': 'PRESENT', 'expected_state': 'PRESENT', 'payload_exact': False, 'physical_payload_sha256': 'eef4126af415b37456ecab9b51a7f9fbc1296693deca7e7bef036833144c493a', 'frozen_payload_sha256': '4474230040ec7f8d3de645ecaed49e96dc80ca87bd415e04ba2d48093636ba46'}, 'cand_5e3a909effbf6f7d6e21': {'state': 'PRESENT', 'expected_state': 'PRESENT', 'payload_exact': False, 'physical_payload_sha256': 'fb386bcb3ddf04e35bbfb9960ee3384eae46e32435d3bb721a14084018f42159', 'frozen_payload_sha256': 'da76eb1bc3b889207333d4985982af22ef24bce66248e625f05dfc95e7275199'}, 'cand_cf35fb1b66d3371735fd': {'state': 'PRESENT', 'expected_state': 'PRESENT', 'payload_exact': False, 'physical_payload_sha256': 'b2ed085b273c8eda467724dc996ca178d34f166e679df4d5715b21301a68a164', 'frozen_payload_sha256': '0bf703d060b6715fb68595c85e3781e5ef556184ed89eee62cdc86833a40a479'}, 'cand_663a31a8fc0678a2324b': {'state': 'PRESENT', 'expected_state': 'PRESENT', 'payload_exact': False, 'physical_payload_sha256': '5a3a2aff5e2c82e83e3a14e95e2f7a1404e81ff3dd013ebc6f654852c2b1f2ab', 'frozen_payload_sha256': '409885ea705ea99807de62190e4cf1743977a3b34b6f90a0ae02c32e2b6a250a'}, 'cand_bb3c9704bc50457d0385': {'state': 'PRESENT', 'expected_state': 'PRESENT', 'payload_exact': False, 'physical_payload_sha256': '333b083c573743d8dc6d9a17873476e87a1b5a9390c0e9905526a08442019522', 'frozen_payload_sha256': 'c340fcc13d070b470344966591ac026eb0890fba559a83bc07548790ab6ab1ff'}, 'cand_a658273d38918de4ed71': {'state': 'PRESENT', 'expected_state': 'PRESENT', 'payload_exact': False, 'physical_payload_sha256': 'ebd0ce1ecae5ba2a80dbe3053477a29c7dbfbec40cba59bcee6d2d6196be8928', 'frozen_payload_sha256': '4415b582adf4bf3358abca118db704903cbe6f34f028a158d3a0424624ca2d37'}, 'cand_9e3965b9e6ab7faacc4e': {'state': 'PRESENT', 'expected_state': 'PRESENT', 'payload_exact': False, 'physical_payload_sha256': 'd622ebe7e9570af389ca464a4ce28d9bffd2d7f0fe4b690fbfcb79a1876b3a3b', 'frozen_payload_sha256': 'ce138d220496d2143d0880dfcb76233fd3b5cce217353aaa6265ae989a41e31b'}, 'cand_2bea04f8b2c85ff2a4e0': {'state': 'PRESENT', 'expected_state': 'PRESENT', 'payload_exact': False, 'physical_payload_sha256': 'b1fba301465675d270c93e3d04fc1813925dfe4d7dfde619c34e63e068500559', 'frozen_payload_sha256': 'fd7d3c2d077595d32cad0f94083fc99c6b74037a5654b68144befd201abf9400'}, 'cand_d033eb981110aa21d3df': {'state': 'PRESENT', 'expected_state': 'PRESENT', 'payload_exact': False, 'physical_payload_sha256': '537eabcbd6c4cf30b902fdbc57dab1b6324e6de09fabb0db0f1850c6c9682882', 'frozen_payload_sha256': 'b760eb4e91ab588686bce9ca8e78f715d3d69d647b3ed36de1dceb78811abb06'}, 'cand_0ef1e644231e36b17de7': {'state': 'PRESENT', 'expected_state': 'PRESENT', 'payload_exact': False, 'physical_payload_sha256': '7b64868b5bca4e6d29b6ca12ae58b2d2ee18881cb9716f0effb28ba40b6646e5', 'frozen_payload_sha256': '72c1fb3ed501e2f0d128c23121cbd91a2dd953f49bb576e8d89967d9af290401'}, 'cand_dd4fa07161dcf5def8eb': {'state': 'PRESENT', 'expected_state': 'PRESENT', 'payload_exact': False, 'physical_payload_sha256': '63fa5420cecf70592d564c73f6b836a37db1461b90be9391f4046871e5787e79', 'frozen_payload_sha256': 'b0481521e0b1bd65de1597e76964e3b4300a05ed76c14f3b3aa3ef8c60936d78'}, 'cand_d102d0d6903dbc44935f': {'state': 'ABSENT_NATIVE', 'expected_state': 'PRESENT', 'payload_exact': False, 'physical_payload_sha256': None, 'frozen_payload_sha256': '61813c308f2c72093618c1c74089c1122cf4233e9aee70ff0e9599a56dac8942'}}}"
physical,240000,final-31,3,False,0.004299383996112738,0.21022185400215676,0.2616408060057438,0.010417588004202116,0.22493882600247161,0.4865796320082154,25155389.817411665,249183eba61ba440e202647abb8777346ab5b12d3ec30deba7822bd757a5fc47,1963,"{'all_payloads_match': False, 'exact_payload_count': 5, 'states': {'cand_f94acad130c4ac5b3553': {'state': 'PRESENT', 'expected_state': 'PRESENT', 'payload_exact': False, 'physical_payload_sha256': '82a7b8d60742829d5b36b571ae5577c0532db03ae5ff7067acfb95404627cf48', 'frozen_payload_sha256': 'cd8d54a48a09c7393853271d4b8ede81b9fc05c979beb377d2221755e760ea06'}, 'cand_6ca6020979af5e5766a4': {'state': 'PRESENT', 'expected_state': 'PRESENT', 'payload_exact': False, 'physical_payload_sha256': 'f3ce0152692c368dd975081a6bd524936d4f7f9daf8e4891c738487448a5fff2', 'frozen_payload_sha256': '2881a43f9dc017ff4cfd5ab884cc554ddd5b7c49e1b6f3265f623879b518ca60'}, 'cand_c6f83d66ce3d1e079f11': {'state': 'PRESENT', 'expected_state': 'PRESENT', 'payload_exact': False, 'physical_payload_sha256': '898a92f2d598ae7218f82655909fe358aa6d8c3887f4e2f9d4fdecb68aa1bbc8', 'frozen_payload_sha256': '809580d48aaadf7e23b0b91bfc694aeea039d4893be7c0417360616ac21c3aef'}, 'cand_1f420ce5268e234e658c': {'state': 'PRESENT', 'expected_state': 'PRESENT', 'payload_exact': False, 'physical_payload_sha256': '66985a1d058aec8b5f213b3ce568c6ab7f452bd5d8a1122ba863de45e4229f07', 'frozen_payload_sha256': '0d95914421ee29d60230a25de19cbd136a171227f4a86b639648c80c056cae22'}, 'cand_93041865e5a926191d54': {'state': 'PRESENT', 'expected_state': 'PRESENT', 'payload_exact': False, 'physical_payload_sha256': 'e2e570e713dc48cf078786ee5c10a1878443d6fee234e74e930a7330db77fb19', 'frozen_payload_sha256': '929207bbd2c1dd32af2fe12480e99ff10f859ab75baad2c042178073e1e00430'}, 'cand_560443d79842b416ea0d': {'state': 'PRESENT', 'expected_state': 'PRESENT', 'payload_exact': False, 'physical_payload_sha256': '49919f126018521e0d2bfc2943e1a9e59f71ce984cacd4e7203749eb9bb91e18', 'frozen_payload_sha256': '846e03bde9ed58ac0547b838606e714518598db5482339b28908c4ec2e488085'}, 'cand_0fdc909a2a3cf9718db9': {'state': 'PRESENT', 'expected_state': 'PRESENT', 'payload_exact': False, 'physical_payload_sha256': 'd88c30ab85846e26e355510064089e0767ac4ccd542403797730145aaadd20c9', 'frozen_payload_sha256': 'a10a371d0a552801c9213ce7efe3a1b5852403fc2df3fa367b4d8063f21c3bea'}, 'cand_7531356383a7948fede1': {'state': 'PRESENT', 'expected_state': 'PRESENT', 'payload_exact': False, 'physical_payload_sha256': '2ccc65e31dca517f10c070d4a85d479be6807df1436d3c14c4674c3d12e4ce43', 'frozen_payload_sha256': 'c657a0d091202fb6e8f2507210fcff595940da2dc9c3e250f2327ce711c6e75e'}, 'cand_850ffdf5fc1ceee3e08d': {'state': 'PRESENT', 'expected_state': 'PRESENT', 'payload_exact': True, 'physical_payload_sha256': '454d59861034c0f3e55889b8176b61864ebf485e14d7422ef505d18749170a4a', 'frozen_payload_sha256': '454d59861034c0f3e55889b8176b61864ebf485e14d7422ef505d18749170a4a'}, 'cand_9a47b4882350bf5fccf9': {'state': 'PRESENT', 'expected_state': 'PRESENT', 'payload_exact': True, 'physical_payload_sha256': '6572aa9c7b3f76ba408b01f2ecd52339c6e8d3fa11be261185717cfbbb5b97c4', 'frozen_payload_sha256': '6572aa9c7b3f76ba408b01f2ecd52339c6e8d3fa11be261185717cfbbb5b97c4'}, 'cand_835deeb29a9e7947a98b': {'state': 'PRESENT', 'expected_state': 'PRESENT', 'payload_exact': True, 'physical_payload_sha256': '350fcc8b0194d7a40b43e82a0a08d53a472551766b14dc9c4ca8c2459e17b267', 'frozen_payload_sha256': '350fcc8b0194d7a40b43e82a0a08d53a472551766b14dc9c4ca8c2459e17b267'}, 'cand_b6cafc68143c6fa37e85': {'state': 'PRESENT', 'expected_state': 'PRESENT', 'payload_exact': True, 'physical_payload_sha256': '29c9fe4704d536feecc86b629c457d6df83408d06860142b94d569a68758791e', 'frozen_payload_sha256': '29c9fe4704d536feecc86b629c457d6df83408d06860142b94d569a68758791e'}, 'cand_f002ec4adfff3911240b': {'state': 'PRESENT', 'expected_state': 'PRESENT', 'payload_exact': True, 'physical_payload_sha256': '8ca28e1f85b64f132176f5f38374a69f3322425f8b16b86cf39d130402b884f9', 'frozen_payload_sha256': '8ca28e1f85b64f132176f5f38374a69f3322425f8b16b86cf39d130402b884f9'}, 'cand_d17d4fee04bca1295fdb': {'state': 'PRESENT', 'expected_state': 'PRESENT', 'payload_exact': False, 'physical_payload_sha256': '4bcce526ee3c8e67797f9be4fa42fbd60241545f7ebc433e47be83a49de99fbe', 'frozen_payload_sha256': 'f5ae67ef8d7ffcc7473732276a62d44cfb0c3eeac2ad0f7ed84239e0cf7f35f5'}, 'cand_044e770ab213d0ef37b1': {'state': 'PRESENT', 'expected_state': 'PRESENT', 'payload_exact': False, 'physical_payload_sha256': 'de6996cf52ead546061479fa1501111b62f7e0aa96ba6df46b03b77a5b9636f1', 'frozen_payload_sha256': '7b7b021a0eafc1c681c64ae1dda3b9e69dc0965e8690538e28df8a73675cfe3c'}, 'cand_cfb64b0bf69c059cd760': {'state': 'PRESENT', 'expected_state': 'PRESENT', 'payload_exact': False, 'physical_payload_sha256': 'cfdd7951f654a951637cd892d17206b7afc700342f151da704b22af26dac1e74', 'frozen_payload_sha256': 'eea6014fef4d6c735cc28fd6ac77d0d7392525306ab4e7d8f966fec0e10767b1'}, 'cand_6505783b203dc0346b49': {'state': 'PRESENT', 'expected_state': 'PRESENT', 'payload_exact': False, 'physical_payload_sha256': 'dc25de6ff40b766fe955f7df33397f7b327a2964565e799a58ebe58f39bddaa0', 'frozen_payload_sha256': '36aff3abdb7e89749d55b8c13c90cf993c598ab39633b85384837658addc8f59'}, 'cand_7b08320f31dae1c5e9f4': {'state': 'PRESENT', 'expected_state': 'PRESENT', 'payload_exact': False, 'physical_payload_sha256': '33bf2c131a5bafb32ce05b39183585d0700497ad13365957aaa54e182c21df3f', 'frozen_payload_sha256': 'c1fc88651abdf0bc1ad0e7565a4be1d5e9105c298e915538d5f81bf0e34e4679'}, 'cand_e95bcd15c94c80f62716': {'state': 'PRESENT', 'expected_state': 'PRESENT', 'payload_exact': False, 'physical_payload_sha256': '7ddcb6709d88a6bce75cabacf73c2f1271bab08f1fcf79276ce3bd63440def68', 'frozen_payload_sha256': '4474230040ec7f8d3de645ecaed49e96dc80ca87bd415e04ba2d48093636ba46'}, 'cand_5e3a909effbf6f7d6e21': {'state': 'PRESENT', 'expected_state': 'PRESENT', 'payload_exact': False, 'physical_payload_sha256': 'fb386bcb3ddf04e35bbfb9960ee3384eae46e32435d3bb721a14084018f42159', 'frozen_payload_sha256': 'da76eb1bc3b889207333d4985982af22ef24bce66248e625f05dfc95e7275199'}, 'cand_cf35fb1b66d3371735fd': {'state': 'PRESENT', 'expected_state': 'PRESENT', 'payload_exact': False, 'physical_payload_sha256': '8201352a5828da436dd1cc01d9889d364b3b668f70db6d8bd9fc50d5e96e3774', 'frozen_payload_sha256': '0bf703d060b6715fb68595c85e3781e5ef556184ed89eee62cdc86833a40a479'}, 'cand_663a31a8fc0678a2324b': {'state': 'PRESENT', 'expected_state': 'PRESENT', 'payload_exact': False, 'physical_payload_sha256': 'da4452eb4c283ebd4befc74b45c7fd7059207cc05aa88c249f297231d4a15f02', 'frozen_payload_sha256': '409885ea705ea99807de62190e4cf1743977a3b34b6f90a0ae02c32e2b6a250a'}, 'cand_bb3c9704bc50457d0385': {'state': 'PRESENT', 'expected_state': 'PRESENT', 'payload_exact': False, 'physical_payload_sha256': '9beb6df9e3e2a39790c4d8a6f9f78cd59c2be57d38c2a6872dcf00d333814656', 'frozen_payload_sha256': 'c340fcc13d070b470344966591ac026eb0890fba559a83bc07548790ab6ab1ff'}, 'cand_a658273d38918de4ed71': {'state': 'PRESENT', 'expected_state': 'PRESENT', 'payload_exact': False, 'physical_payload_sha256': '7c4434194a53b4b3013eb43a567ca2dbe9200b85d1418df2d06ed6f3b96aa4d2', 'frozen_payload_sha256': '4415b582adf4bf3358abca118db704903cbe6f34f028a158d3a0424624ca2d37'}, 'cand_9e3965b9e6ab7faacc4e': {'state': 'PRESENT', 'expected_state': 'PRESENT', 'payload_exact': False, 'physical_payload_sha256': '1e1405380fce08f9ffab2aebc49500ab15f5a062c6ae01fffb21bc28dc2a237e', 'frozen_payload_sha256': 'ce138d220496d2143d0880dfcb76233fd3b5cce217353aaa6265ae989a41e31b'}, 'cand_2bea04f8b2c85ff2a4e0': {'state': 'PRESENT', 'expected_state': 'PRESENT', 'payload_exact': False, 'physical_payload_sha256': 'be76b9ad7f6b6a776536c9f18482be6923337b240991804ed299a935441e8da6', 'frozen_payload_sha256': 'fd7d3c2d077595d32cad0f94083fc99c6b74037a5654b68144befd201abf9400'}, 'cand_d033eb981110aa21d3df': {'state': 'PRESENT', 'expected_state': 'PRESENT', 'payload_exact': False, 'physical_payload_sha256': '137e41dc66e64eebe040643b2767b52cf165bef4c60b601937a6ffdd66c4e829', 'frozen_payload_sha256': 'b760eb4e91ab588686bce9ca8e78f715d3d69d647b3ed36de1dceb78811abb06'}, 'cand_0ef1e644231e36b17de7': {'state': 'PRESENT', 'expected_state': 'PRESENT', 'payload_exact': False, 'physical_payload_sha256': 'b29eceb654701859830eda5396d3c41aca60e630c3b4b0b59490e2ed6248a0e9', 'frozen_payload_sha256': '72c1fb3ed501e2f0d128c23121cbd91a2dd953f49bb576e8d89967d9af290401'}, 'cand_dd4fa07161dcf5def8eb': {'state': 'PRESENT', 'expected_state': 'PRESENT', 'payload_exact': False, 'physical_payload_sha256': 'e995d20460d6989b39bd78e20eade8f7fed1014e7aefba9d6e9dd4d9d65d83d8', 'frozen_payload_sha256': 'b0481521e0b1bd65de1597e76964e3b4300a05ed76c14f3b3aa3ef8c60936d78'}, 'cand_5400d6d245a511006593': {'state': 'PRESENT', 'expected_state': 'PRESENT', 'payload_exact': False, 'physical_payload_sha256': 'bfa747fcd5363ba35ec8114d9436d0ffb739a94cfcadf8eae9eaf97faede6860', 'frozen_payload_sha256': '5796bfe89e95febc7bdea60c535afbf7644561b079e5d1296a1e9bfea260cdfe'}, 'cand_d102d0d6903dbc44935f': {'state': 'PRESENT', 'expected_state': 'PRESENT', 'payload_exact': False, 'physical_payload_sha256': '5fc9b471b95b15e05811426f9472c9a65ba27485b87e7c656d0abcdaaa97e0e6', 'frozen_payload_sha256': '61813c308f2c72093618c1c74089c1122cf4233e9aee70ff0e9599a56dac8942'}}}"
physical,240000,empty,4,False,1.7970014596357942e-06,0.06392329200025415,0.24184470000182046,0.008532690997526515,0.0724577799992403,0.31430248000106076,25196710.50369094,b92b21f2760db2b65b2d5aa15effb9f2209163c288c1d1ec56abfbc3f861d1b8,1963,"{'all_payloads_match': True, 'exact_payload_count': 0}"
physical,240000,prefix-01,4,False,0.002156932001526002,0.07198629400227219,0.258274061998236,0.00867559000471374,0.08281881600851193,0.3410928780067479,25167275.16294857,163a491eecad8d22c5ce922392db9b33451c103e8a67271431b2e68861f20c37,1963,"{'all_payloads_match': False, 'exact_payload_count': 0, 'states': {'cand_f94acad130c4ac5b3553': {'state': 'PRESENT', 'expected_state': 'PRESENT', 'payload_exact': False, 'physical_payload_sha256': '0e93ed4ea9db70dee69b5afbfb73403a6808781c195d3dd53539c08224a930c0', 'frozen_payload_sha256': 'cd8d54a48a09c7393853271d4b8ede81b9fc05c979beb377d2221755e760ea06'}}}"
physical,240000,prefix-05,4,False,0.001091270001779776,0.08562325899401912,0.2526371849962743,0.008487800005241297,0.0952023290010402,0.3478395139973145,25154830.997132078,3d30b03fd07c4cd1eb024ed0c4db3f075ee12e4b0058f76db88170a8d82bc4af,1963,"{'all_payloads_match': False, 'exact_payload_count': 0, 'states': {'cand_f94acad130c4ac5b3553': {'state': 'PRESENT', 'expected_state': 'PRESENT', 'payload_exact': False, 'physical_payload_sha256': '1e7adc65baa11c2a19a2e84c7b87d90001303a1ac609962c14e6c322adeff20a', 'frozen_payload_sha256': 'cd8d54a48a09c7393853271d4b8ede81b9fc05c979beb377d2221755e760ea06'}, 'cand_6ca6020979af5e5766a4': {'state': 'PRESENT', 'expected_state': 'PRESENT', 'payload_exact': False, 'physical_payload_sha256': 'cd41d3d604be9404fb01f682d51411ecd702f281eb7d0640ada08af6ace84fcb', 'frozen_payload_sha256': '2881a43f9dc017ff4cfd5ab884cc554ddd5b7c49e1b6f3265f623879b518ca60'}, 'cand_c6f83d66ce3d1e079f11': {'state': 'PRESENT', 'expected_state': 'PRESENT', 'payload_exact': False, 'physical_payload_sha256': '35f839515bee3a3a299a05698c00d4b010ffc36210546e10ace9beae0221db7a', 'frozen_payload_sha256': '809580d48aaadf7e23b0b91bfc694aeea039d4893be7c0417360616ac21c3aef'}, 'cand_1f420ce5268e234e658c': {'state': 'PRESENT', 'expected_state': 'PRESENT', 'payload_exact': False, 'physical_payload_sha256': '04a6aafdda4a946d759c101dd5e9d9aa1be6b2ccca0c0dd655abea48f9de0cc5', 'frozen_payload_sha256': '0d95914421ee29d60230a25de19cbd136a171227f4a86b639648c80c056cae22'}, 'cand_bb3c9704bc50457d0385': {'state': 'PRESENT', 'expected_state': 'PRESENT', 'payload_exact': False, 'physical_payload_sha256': 'e6cd098a9d733bbdaf838ec2c11f626d204a7d1a80650d7054e5da79fe3782d6', 'frozen_payload_sha256': 'c340fcc13d070b470344966591ac026eb0890fba559a83bc07548790ab6ab1ff'}}}"
physical,240000,prefix-16,4,False,0.002550965000409633,0.1398561329988297,0.2600929069958511,0.008573910003178753,0.1509810080024181,0.4110739149982692,25157578.314711686,b7e076d90a268ae0266dbccecf09b0356b274fb48f98077288580cb895561d78,1963,"{'all_payloads_match': False, 'exact_payload_count': 1, 'states': {'cand_f94acad130c4ac5b3553': {'state': 'PRESENT', 'expected_state': 'PRESENT', 'payload_exact': False, 'physical_payload_sha256': 'd9e2d59676a5793762ee4c87f8fe9db32f121ec264e78a3812ff3d143bd9eabf', 'frozen_payload_sha256': 'cd8d54a48a09c7393853271d4b8ede81b9fc05c979beb377d2221755e760ea06'}, 'cand_6ca6020979af5e5766a4': {'state': 'PRESENT', 'expected_state': 'PRESENT', 'payload_exact': False, 'physical_payload_sha256': '769f03c2473579335376a83154ff67e115e688822d506adf84e0070d77e47b4b', 'frozen_payload_sha256': '2881a43f9dc017ff4cfd5ab884cc554ddd5b7c49e1b6f3265f623879b518ca60'}, 'cand_c6f83d66ce3d1e079f11': {'state': 'PRESENT', 'expected_state': 'PRESENT', 'payload_exact': False, 'physical_payload_sha256': 'e51e3d35570f2c37f0223b62fccdfa69f4b8bebcb723867ed311929fc1124e47', 'frozen_payload_sha256': '809580d48aaadf7e23b0b91bfc694aeea039d4893be7c0417360616ac21c3aef'}, 'cand_1f420ce5268e234e658c': {'state': 'PRESENT', 'expected_state': 'PRESENT', 'payload_exact': False, 'physical_payload_sha256': '4743d881214697c51ad7a5a8349ff5ff83a2500ae79af529225c4e7487486b90', 'frozen_payload_sha256': '0d95914421ee29d60230a25de19cbd136a171227f4a86b639648c80c056cae22'}, 'cand_93041865e5a926191d54': {'state': 'PRESENT', 'expected_state': 'PRESENT', 'payload_exact': False, 'physical_payload_sha256': '53979447a235a5014041a3efa4d62159a1f500da099676c15850f9ef6e718236', 'frozen_payload_sha256': '929207bbd2c1dd32af2fe12480e99ff10f859ab75baad2c042178073e1e00430'}, 'cand_560443d79842b416ea0d': {'state': 'PRESENT', 'expected_state': 'PRESENT', 'payload_exact': False, 'physical_payload_sha256': 'e3a32c67f5bfdf9d7163073823011477712721eb2847b8e6f2b29b1ece18c65c', 'frozen_payload_sha256': '846e03bde9ed58ac0547b838606e714518598db5482339b28908c4ec2e488085'}, 'cand_0fdc909a2a3cf9718db9': {'state': 'PRESENT', 'expected_state': 'PRESENT', 'payload_exact': False, 'physical_payload_sha256': '7d58e03d2ee0469e0c12238ada920f3e68f7e489443a6dc61bbbdd44f3e19be9', 'frozen_payload_sha256': 'a10a371d0a552801c9213ce7efe3a1b5852403fc2df3fa367b4d8063f21c3bea'}, 'cand_7531356383a7948fede1': {'state': 'PRESENT', 'expected_state': 'PRESENT', 'payload_exact': False, 'physical_payload_sha256': '0651b29478a5ae41980a3c42397c1f102667c68e2d49d95ea4a6773d8bae92c1', 'frozen_payload_sha256': 'c657a0d091202fb6e8f2507210fcff595940da2dc9c3e250f2327ce711c6e75e'}, 'cand_850ffdf5fc1ceee3e08d': {'state': 'PRESENT', 'expected_state': 'PRESENT', 'payload_exact': True, 'physical_payload_sha256': '454d59861034c0f3e55889b8176b61864ebf485e14d7422ef505d18749170a4a', 'frozen_payload_sha256': '454d59861034c0f3e55889b8176b61864ebf485e14d7422ef505d18749170a4a'}, 'cand_cfb64b0bf69c059cd760': {'state': 'PRESENT', 'expected_state': 'PRESENT', 'payload_exact': False, 'physical_payload_sha256': '8c2bb455e5c3648601b359a5888dc0b95070ad384392984a17bf1dd094065019', 'frozen_payload_sha256': 'eea6014fef4d6c735cc28fd6ac77d0d7392525306ab4e7d8f966fec0e10767b1'}, 'cand_663a31a8fc0678a2324b': {'state': 'PRESENT', 'expected_state': 'PRESENT', 'payload_exact': False, 'physical_payload_sha256': '8c13a6ff771d38f755ba01930835cce6977beaa693d1710533aab72fe828fff7', 'frozen_payload_sha256': '409885ea705ea99807de62190e4cf1743977a3b34b6f90a0ae02c32e2b6a250a'}, 'cand_bb3c9704bc50457d0385': {'state': 'PRESENT', 'expected_state': 'PRESENT', 'payload_exact': False, 'physical_payload_sha256': '7afa8eb01a2d76bafe6f0b241c5e388be5ad460ab8c7a3e486e201ec17792072', 'frozen_payload_sha256': 'c340fcc13d070b470344966591ac026eb0890fba559a83bc07548790ab6ab1ff'}, 'cand_9e3965b9e6ab7faacc4e': {'state': 'PRESENT', 'expected_state': 'PRESENT', 'payload_exact': False, 'physical_payload_sha256': 'e70c2258b2205aa69121a9e8da6ca9ec6ddc29a267caabebe9299877187c509b', 'frozen_payload_sha256': 'ce138d220496d2143d0880dfcb76233fd3b5cce217353aaa6265ae989a41e31b'}, 'cand_2bea04f8b2c85ff2a4e0': {'state': 'PRESENT', 'expected_state': 'PRESENT', 'payload_exact': False, 'physical_payload_sha256': '2cfc9f270f12d01e221faa28011a3dc0e8c7416da5d53b171d58ca2bad80c7bc', 'frozen_payload_sha256': 'fd7d3c2d077595d32cad0f94083fc99c6b74037a5654b68144befd201abf9400'}, 'cand_0ef1e644231e36b17de7': {'state': 'PRESENT', 'expected_state': 'PRESENT', 'payload_exact': False, 'physical_payload_sha256': 'c322d0fdf4eae1e2b0032ed5d0eb095f8ca858efd3e6aa91e2164a4d9ab37b97', 'frozen_payload_sha256': '72c1fb3ed501e2f0d128c23121cbd91a2dd953f49bb576e8d89967d9af290401'}, 'cand_dd4fa07161dcf5def8eb': {'state': 'PRESENT', 'expected_state': 'PRESENT', 'payload_exact': False, 'physical_payload_sha256': 'd5f3d9afe4f9d02d699956bbd1b7151ae857d0373bc60be84626417d108483c8', 'frozen_payload_sha256': 'b0481521e0b1bd65de1597e76964e3b4300a05ed76c14f3b3aa3ef8c60936d78'}}}"
physical,240000,prefix-30,4,False,0.004002503999799956,0.2030219309963286,0.2655474729981506,0.009046406994457357,0.2160708419905859,0.48161831498873653,25160413.995461155,5494d6cf9d135f6e31044aa746e2e16a3dc6e0651dae6b61f5a3e2636e92b1a4,1963,"{'all_payloads_match': False, 'exact_payload_count': 5, 'states': {'cand_f94acad130c4ac5b3553': {'state': 'PRESENT', 'expected_state': 'PRESENT', 'payload_exact': False, 'physical_payload_sha256': '40bc4d8a386041c3721a496c2e5dd456aef59b21ef8d5412cb1a7b433b77820a', 'frozen_payload_sha256': 'cd8d54a48a09c7393853271d4b8ede81b9fc05c979beb377d2221755e760ea06'}, 'cand_6ca6020979af5e5766a4': {'state': 'PRESENT', 'expected_state': 'PRESENT', 'payload_exact': False, 'physical_payload_sha256': '3799c92258ada0729ca23fdf1139fed1bc81dcd592ad73e4d85aa7d2e3e0afef', 'frozen_payload_sha256': '2881a43f9dc017ff4cfd5ab884cc554ddd5b7c49e1b6f3265f623879b518ca60'}, 'cand_c6f83d66ce3d1e079f11': {'state': 'PRESENT', 'expected_state': 'PRESENT', 'payload_exact': False, 'physical_payload_sha256': 'f3e1fa6edc5943668c74af4ea7ca646b81ec03fd3dd4601301e4e3cdcaf9d84c', 'frozen_payload_sha256': '809580d48aaadf7e23b0b91bfc694aeea039d4893be7c0417360616ac21c3aef'}, 'cand_1f420ce5268e234e658c': {'state': 'PRESENT', 'expected_state': 'PRESENT', 'payload_exact': False, 'physical_payload_sha256': '14d7f6b82871b140e529b2236869920de2798dfd9673741b439c0b825f38be50', 'frozen_payload_sha256': '0d95914421ee29d60230a25de19cbd136a171227f4a86b639648c80c056cae22'}, 'cand_93041865e5a926191d54': {'state': 'PRESENT', 'expected_state': 'PRESENT', 'payload_exact': False, 'physical_payload_sha256': 'e097115ff6b96674e0b01ce2b78ee2ac13fae2a3dd3058baf0c4b790788a9249', 'frozen_payload_sha256': '929207bbd2c1dd32af2fe12480e99ff10f859ab75baad2c042178073e1e00430'}, 'cand_560443d79842b416ea0d': {'state': 'PRESENT', 'expected_state': 'PRESENT', 'payload_exact': False, 'physical_payload_sha256': 'a450885d1df1075eee62c4e726f3e13519ab4f34159e840d074d31dcaa4a6c13', 'frozen_payload_sha256': '846e03bde9ed58ac0547b838606e714518598db5482339b28908c4ec2e488085'}, 'cand_0fdc909a2a3cf9718db9': {'state': 'PRESENT', 'expected_state': 'PRESENT', 'payload_exact': False, 'physical_payload_sha256': 'b603be837cc1d136309e40de257ba15ed417091e8b7d31cf3862b247259e8358', 'frozen_payload_sha256': 'a10a371d0a552801c9213ce7efe3a1b5852403fc2df3fa367b4d8063f21c3bea'}, 'cand_7531356383a7948fede1': {'state': 'PRESENT', 'expected_state': 'PRESENT', 'payload_exact': False, 'physical_payload_sha256': 'c77e6cbc170b202efdf269ced62ab8e2a6ab2e9a5d34ea348d8a49e924b748ca', 'frozen_payload_sha256': 'c657a0d091202fb6e8f2507210fcff595940da2dc9c3e250f2327ce711c6e75e'}, 'cand_850ffdf5fc1ceee3e08d': {'state': 'PRESENT', 'expected_state': 'PRESENT', 'payload_exact': True, 'physical_payload_sha256': '454d59861034c0f3e55889b8176b61864ebf485e14d7422ef505d18749170a4a', 'frozen_payload_sha256': '454d59861034c0f3e55889b8176b61864ebf485e14d7422ef505d18749170a4a'}, 'cand_9a47b4882350bf5fccf9': {'state': 'PRESENT', 'expected_state': 'PRESENT', 'payload_exact': True, 'physical_payload_sha256': '6572aa9c7b3f76ba408b01f2ecd52339c6e8d3fa11be261185717cfbbb5b97c4', 'frozen_payload_sha256': '6572aa9c7b3f76ba408b01f2ecd52339c6e8d3fa11be261185717cfbbb5b97c4'}, 'cand_835deeb29a9e7947a98b': {'state': 'PRESENT', 'expected_state': 'PRESENT', 'payload_exact': True, 'physical_payload_sha256': '350fcc8b0194d7a40b43e82a0a08d53a472551766b14dc9c4ca8c2459e17b267', 'frozen_payload_sha256': '350fcc8b0194d7a40b43e82a0a08d53a472551766b14dc9c4ca8c2459e17b267'}, 'cand_b6cafc68143c6fa37e85': {'state': 'PRESENT', 'expected_state': 'PRESENT', 'payload_exact': True, 'physical_payload_sha256': '29c9fe4704d536feecc86b629c457d6df83408d06860142b94d569a68758791e', 'frozen_payload_sha256': '29c9fe4704d536feecc86b629c457d6df83408d06860142b94d569a68758791e'}, 'cand_f002ec4adfff3911240b': {'state': 'PRESENT', 'expected_state': 'PRESENT', 'payload_exact': True, 'physical_payload_sha256': '8ca28e1f85b64f132176f5f38374a69f3322425f8b16b86cf39d130402b884f9', 'frozen_payload_sha256': '8ca28e1f85b64f132176f5f38374a69f3322425f8b16b86cf39d130402b884f9'}, 'cand_d17d4fee04bca1295fdb': {'state': 'PRESENT', 'expected_state': 'PRESENT', 'payload_exact': False, 'physical_payload_sha256': 'cfc99c2b453d936cedaecee1bd44d73e04042e13899f3d62d4fb00f1b7fcd29a', 'frozen_payload_sha256': 'f5ae67ef8d7ffcc7473732276a62d44cfb0c3eeac2ad0f7ed84239e0cf7f35f5'}, 'cand_044e770ab213d0ef37b1': {'state': 'PRESENT', 'expected_state': 'PRESENT', 'payload_exact': False, 'physical_payload_sha256': 'f202693fcaa8f7e939f45cd90b585aa4a509071d10cbc5d35165107c4bba46db', 'frozen_payload_sha256': '7b7b021a0eafc1c681c64ae1dda3b9e69dc0965e8690538e28df8a73675cfe3c'}, 'cand_cfb64b0bf69c059cd760': {'state': 'PRESENT', 'expected_state': 'PRESENT', 'payload_exact': False, 'physical_payload_sha256': 'fc62f0e2a5edb6a6aa0bbd3d14340b0abb0e23d83c504fce77d409f853257579', 'frozen_payload_sha256': 'eea6014fef4d6c735cc28fd6ac77d0d7392525306ab4e7d8f966fec0e10767b1'}, 'cand_6505783b203dc0346b49': {'state': 'PRESENT', 'expected_state': 'PRESENT', 'payload_exact': False, 'physical_payload_sha256': 'c905d9422e5d1315c748498249702caeec99344e34d0e684fe28a366fb2d9e4c', 'frozen_payload_sha256': '36aff3abdb7e89749d55b8c13c90cf993c598ab39633b85384837658addc8f59'}, 'cand_7b08320f31dae1c5e9f4': {'state': 'PRESENT', 'expected_state': 'PRESENT', 'payload_exact': False, 'physical_payload_sha256': '4e64d62a10ccbb1d8bb80e42c9524dfbbf7b419fbf076487f8104dadc8d725be', 'frozen_payload_sha256': 'c1fc88651abdf0bc1ad0e7565a4be1d5e9105c298e915538d5f81bf0e34e4679'}, 'cand_e95bcd15c94c80f62716': {'state': 'PRESENT', 'expected_state': 'PRESENT', 'payload_exact': False, 'physical_payload_sha256': '37cab6be21b83992dcfd8503004cbc1ffe95866084732b1145b2b2a237c16e76', 'frozen_payload_sha256': '4474230040ec7f8d3de645ecaed49e96dc80ca87bd415e04ba2d48093636ba46'}, 'cand_5e3a909effbf6f7d6e21': {'state': 'PRESENT', 'expected_state': 'PRESENT', 'payload_exact': False, 'physical_payload_sha256': 'ab288b6433e2c1346452c5b8fe5a1eb9c348256e383212469b36ea32ab7d698a', 'frozen_payload_sha256': 'da76eb1bc3b889207333d4985982af22ef24bce66248e625f05dfc95e7275199'}, 'cand_cf35fb1b66d3371735fd': {'state': 'PRESENT', 'expected_state': 'PRESENT', 'payload_exact': False, 'physical_payload_sha256': 'a9a2b3a129be9c4aa64a0fdb78bb4faa89839d3b8771f0822c57819ac2aaad55', 'frozen_payload_sha256': '0bf703d060b6715fb68595c85e3781e5ef556184ed89eee62cdc86833a40a479'}, 'cand_663a31a8fc0678a2324b': {'state': 'PRESENT', 'expected_state': 'PRESENT', 'payload_exact': False, 'physical_payload_sha256': 'bf601ac49c40f1c4d1f4850af073b51d31f6376d9d8296c3f98dd3e82a4c6d27', 'frozen_payload_sha256': '409885ea705ea99807de62190e4cf1743977a3b34b6f90a0ae02c32e2b6a250a'}, 'cand_bb3c9704bc50457d0385': {'state': 'PRESENT', 'expected_state': 'PRESENT', 'payload_exact': False, 'physical_payload_sha256': '64a406c8b390c813478a07543ab81d3e9eee4e821ffce4277f3ccb41ab9302fa', 'frozen_payload_sha256': 'c340fcc13d070b470344966591ac026eb0890fba559a83bc07548790ab6ab1ff'}, 'cand_a658273d38918de4ed71': {'state': 'PRESENT', 'expected_state': 'PRESENT', 'payload_exact': False, 'physical_payload_sha256': '98bb6f1daf768f87b42d5b3420797abe8b7e4af80a0013d46991040c5ed5ee80', 'frozen_payload_sha256': '4415b582adf4bf3358abca118db704903cbe6f34f028a158d3a0424624ca2d37'}, 'cand_9e3965b9e6ab7faacc4e': {'state': 'PRESENT', 'expected_state': 'PRESENT', 'payload_exact': False, 'physical_payload_sha256': '8c8af5d8483a6f18cb5f15a11cf1d2b4100d2ad1c1f1b7706a14b3a31784d94c', 'frozen_payload_sha256': 'ce138d220496d2143d0880dfcb76233fd3b5cce217353aaa6265ae989a41e31b'}, 'cand_2bea04f8b2c85ff2a4e0': {'state': 'PRESENT', 'expected_state': 'PRESENT', 'payload_exact': False, 'physical_payload_sha256': 'c1495bbb58f189faeb19d98171df67bf2279e1dce5f83ff7b60532de6fd2f85f', 'frozen_payload_sha256': 'fd7d3c2d077595d32cad0f94083fc99c6b74037a5654b68144befd201abf9400'}, 'cand_d033eb981110aa21d3df': {'state': 'PRESENT', 'expected_state': 'PRESENT', 'payload_exact': False, 'physical_payload_sha256': 'f693142fc0f5360122867812880d4efcfb7532b3572c72c37cfe853d68f91eb9', 'frozen_payload_sha256': 'b760eb4e91ab588686bce9ca8e78f715d3d69d647b3ed36de1dceb78811abb06'}, 'cand_0ef1e644231e36b17de7': {'state': 'PRESENT', 'expected_state': 'PRESENT', 'payload_exact': False, 'physical_payload_sha256': '6be3999b9c35bf66417ada816aa1e9630e0fb31a59159169fd49092ee9615554', 'frozen_payload_sha256': '72c1fb3ed501e2f0d128c23121cbd91a2dd953f49bb576e8d89967d9af290401'}, 'cand_dd4fa07161dcf5def8eb': {'state': 'PRESENT', 'expected_state': 'PRESENT', 'payload_exact': False, 'physical_payload_sha256': 'f23a0423b885a5641ef8383e1015146c20652b15d06cf1d38c740605e2ca16ed', 'frozen_payload_sha256': 'b0481521e0b1bd65de1597e76964e3b4300a05ed76c14f3b3aa3ef8c60936d78'}, 'cand_d102d0d6903dbc44935f': {'state': 'ABSENT_NATIVE', 'expected_state': 'PRESENT', 'payload_exact': False, 'physical_payload_sha256': None, 'frozen_payload_sha256': '61813c308f2c72093618c1c74089c1122cf4233e9aee70ff0e9599a56dac8942'}}}"
physical,240000,final-31,4,False,0.004520251997746527,0.2208212760015158,0.2918600199991488,0.010763615995529108,0.23610514399479143,0.5279651639939402,25154329.266003337,16706e8c454271ee5d953cda7465d0e3c8f8093212f313005376c6919babd889,1963,"{'all_payloads_match': False, 'exact_payload_count': 6, 'states': {'cand_f94acad130c4ac5b3553': {'state': 'PRESENT', 'expected_state': 'PRESENT', 'payload_exact': False, 'physical_payload_sha256': '7e2a6975095a4fa282c8a2ab07067a480e1df1c87283944d4d1554499ed15f7e', 'frozen_payload_sha256': 'cd8d54a48a09c7393853271d4b8ede81b9fc05c979beb377d2221755e760ea06'}, 'cand_6ca6020979af5e5766a4': {'state': 'PRESENT', 'expected_state': 'PRESENT', 'payload_exact': False, 'physical_payload_sha256': 'dacf31bd1776886282344a6c24b95ef60e26e777d62966ea8d264fb7ee157c05', 'frozen_payload_sha256': '2881a43f9dc017ff4cfd5ab884cc554ddd5b7c49e1b6f3265f623879b518ca60'}, 'cand_c6f83d66ce3d1e079f11': {'state': 'PRESENT', 'expected_state': 'PRESENT', 'payload_exact': False, 'physical_payload_sha256': 'd97a446ba5a8704dbfa9cbacb1fd7dffc1c147a0b4f5f1f2f2ce934b8446f4aa', 'frozen_payload_sha256': '809580d48aaadf7e23b0b91bfc694aeea039d4893be7c0417360616ac21c3aef'}, 'cand_1f420ce5268e234e658c': {'state': 'PRESENT', 'expected_state': 'PRESENT', 'payload_exact': False, 'physical_payload_sha256': '485f167a3869715ac35758b6c5725c29143c100dbd7b3db585c8978028870049', 'frozen_payload_sha256': '0d95914421ee29d60230a25de19cbd136a171227f4a86b639648c80c056cae22'}, 'cand_93041865e5a926191d54': {'state': 'PRESENT', 'expected_state': 'PRESENT', 'payload_exact': False, 'physical_payload_sha256': '44645ebeea93606f314d6d333b17fe428705fa723e1fa9950fe3ad76f7f77a6a', 'frozen_payload_sha256': '929207bbd2c1dd32af2fe12480e99ff10f859ab75baad2c042178073e1e00430'}, 'cand_560443d79842b416ea0d': {'state': 'PRESENT', 'expected_state': 'PRESENT', 'payload_exact': False, 'physical_payload_sha256': '754e7e12ded30d57d762d672b7933672e8da900c7736362480aca841264cfcad', 'frozen_payload_sha256': '846e03bde9ed58ac0547b838606e714518598db5482339b28908c4ec2e488085'}, 'cand_0fdc909a2a3cf9718db9': {'state': 'PRESENT', 'expected_state': 'PRESENT', 'payload_exact': False, 'physical_payload_sha256': 'f41745fe8df1dc3bd619333362c0a179b49d40e39b3ab192436051e3dceb7d0c', 'frozen_payload_sha256': 'a10a371d0a552801c9213ce7efe3a1b5852403fc2df3fa367b4d8063f21c3bea'}, 'cand_7531356383a7948fede1': {'state': 'PRESENT', 'expected_state': 'PRESENT', 'payload_exact': False, 'physical_payload_sha256': '0e4168b66679899e7df9d769b3ff94a559ca07605977262ee6833fe69a1fa0f2', 'frozen_payload_sha256': 'c657a0d091202fb6e8f2507210fcff595940da2dc9c3e250f2327ce711c6e75e'}, 'cand_850ffdf5fc1ceee3e08d': {'state': 'PRESENT', 'expected_state': 'PRESENT', 'payload_exact': True, 'physical_payload_sha256': '454d59861034c0f3e55889b8176b61864ebf485e14d7422ef505d18749170a4a', 'frozen_payload_sha256': '454d59861034c0f3e55889b8176b61864ebf485e14d7422ef505d18749170a4a'}, 'cand_9a47b4882350bf5fccf9': {'state': 'PRESENT', 'expected_state': 'PRESENT', 'payload_exact': True, 'physical_payload_sha256': '6572aa9c7b3f76ba408b01f2ecd52339c6e8d3fa11be261185717cfbbb5b97c4', 'frozen_payload_sha256': '6572aa9c7b3f76ba408b01f2ecd52339c6e8d3fa11be261185717cfbbb5b97c4'}, 'cand_835deeb29a9e7947a98b': {'state': 'PRESENT', 'expected_state': 'PRESENT', 'payload_exact': True, 'physical_payload_sha256': '350fcc8b0194d7a40b43e82a0a08d53a472551766b14dc9c4ca8c2459e17b267', 'frozen_payload_sha256': '350fcc8b0194d7a40b43e82a0a08d53a472551766b14dc9c4ca8c2459e17b267'}, 'cand_b6cafc68143c6fa37e85': {'state': 'PRESENT', 'expected_state': 'PRESENT', 'payload_exact': True, 'physical_payload_sha256': '29c9fe4704d536feecc86b629c457d6df83408d06860142b94d569a68758791e', 'frozen_payload_sha256': '29c9fe4704d536feecc86b629c457d6df83408d06860142b94d569a68758791e'}, 'cand_f002ec4adfff3911240b': {'state': 'PRESENT', 'expected_state': 'PRESENT', 'payload_exact': True, 'physical_payload_sha256': '8ca28e1f85b64f132176f5f38374a69f3322425f8b16b86cf39d130402b884f9', 'frozen_payload_sha256': '8ca28e1f85b64f132176f5f38374a69f3322425f8b16b86cf39d130402b884f9'}, 'cand_d17d4fee04bca1295fdb': {'state': 'PRESENT', 'expected_state': 'PRESENT', 'payload_exact': False, 'physical_payload_sha256': 'a8c3bb04f45f7fece435a4e6767fa7bf5653110f549ed07f8ed14fb8c9b2b716', 'frozen_payload_sha256': 'f5ae67ef8d7ffcc7473732276a62d44cfb0c3eeac2ad0f7ed84239e0cf7f35f5'}, 'cand_044e770ab213d0ef37b1': {'state': 'PRESENT', 'expected_state': 'PRESENT', 'payload_exact': False, 'physical_payload_sha256': '7fbc28e1d1fb6991db00d260851dae7ec1b498e6930fe4bb888048004829c3e8', 'frozen_payload_sha256': '7b7b021a0eafc1c681c64ae1dda3b9e69dc0965e8690538e28df8a73675cfe3c'}, 'cand_cfb64b0bf69c059cd760': {'state': 'PRESENT', 'expected_state': 'PRESENT', 'payload_exact': False, 'physical_payload_sha256': '8aab863e80c8b35e9bbbb09288a783bfee0e20d7de864bccd81b0c5b76e049eb', 'frozen_payload_sha256': 'eea6014fef4d6c735cc28fd6ac77d0d7392525306ab4e7d8f966fec0e10767b1'}, 'cand_6505783b203dc0346b49': {'state': 'PRESENT', 'expected_state': 'PRESENT', 'payload_exact': False, 'physical_payload_sha256': '80c6933d85fecfec97c672eadfc8744d488b92c7110caf8e8cf17d82ad9dcf56', 'frozen_payload_sha256': '36aff3abdb7e89749d55b8c13c90cf993c598ab39633b85384837658addc8f59'}, 'cand_7b08320f31dae1c5e9f4': {'state': 'PRESENT', 'expected_state': 'PRESENT', 'payload_exact': False, 'physical_payload_sha256': '791ffa7fb157ed7a22492cdd8caaaa4281bbb5e48cf9b0062156adf7b34e6165', 'frozen_payload_sha256': 'c1fc88651abdf0bc1ad0e7565a4be1d5e9105c298e915538d5f81bf0e34e4679'}, 'cand_e95bcd15c94c80f62716': {'state': 'PRESENT', 'expected_state': 'PRESENT', 'payload_exact': False, 'physical_payload_sha256': 'e479204367aa1a02c7059a487d980fbfdf187a90e629f8b1f3d11d5398b1041b', 'frozen_payload_sha256': '4474230040ec7f8d3de645ecaed49e96dc80ca87bd415e04ba2d48093636ba46'}, 'cand_5e3a909effbf6f7d6e21': {'state': 'PRESENT', 'expected_state': 'PRESENT', 'payload_exact': False, 'physical_payload_sha256': 'e3a85c8d278e16d4c67848387dabd18c579a5bdc0bf4f35e46b5fcda8725d71f', 'frozen_payload_sha256': 'da76eb1bc3b889207333d4985982af22ef24bce66248e625f05dfc95e7275199'}, 'cand_cf35fb1b66d3371735fd': {'state': 'PRESENT', 'expected_state': 'PRESENT', 'payload_exact': False, 'physical_payload_sha256': 'c5af2f7d7857f125d85fec8e4bc607c0608f1301cb0b0d285ba21ce4a2c148d4', 'frozen_payload_sha256': '0bf703d060b6715fb68595c85e3781e5ef556184ed89eee62cdc86833a40a479'}, 'cand_663a31a8fc0678a2324b': {'state': 'PRESENT', 'expected_state': 'PRESENT', 'payload_exact': False, 'physical_payload_sha256': 'ec6dc728f3fdf2b8e0665bd7fd6b7e8a5d1358385b7236ace3e33d6e4f15c14e', 'frozen_payload_sha256': '409885ea705ea99807de62190e4cf1743977a3b34b6f90a0ae02c32e2b6a250a'}, 'cand_bb3c9704bc50457d0385': {'state': 'PRESENT', 'expected_state': 'PRESENT', 'payload_exact': False, 'physical_payload_sha256': '17a6ef97f3de5fda7735deb49d7b42b6c14fa897d25682bf64d04e0ea130fc9f', 'frozen_payload_sha256': 'c340fcc13d070b470344966591ac026eb0890fba559a83bc07548790ab6ab1ff'}, 'cand_a658273d38918de4ed71': {'state': 'PRESENT', 'expected_state': 'PRESENT', 'payload_exact': False, 'physical_payload_sha256': 'e11315fc8623058ad90d6549bf0f615d0675e96e861ebc5f399a395337705aab', 'frozen_payload_sha256': '4415b582adf4bf3358abca118db704903cbe6f34f028a158d3a0424624ca2d37'}, 'cand_9e3965b9e6ab7faacc4e': {'state': 'PRESENT', 'expected_state': 'PRESENT', 'payload_exact': False, 'physical_payload_sha256': '8523d1847c5344107d7c1351ee9f973369a3ef59b788ef3f7c0419d249db38e0', 'frozen_payload_sha256': 'ce138d220496d2143d0880dfcb76233fd3b5cce217353aaa6265ae989a41e31b'}, 'cand_2bea04f8b2c85ff2a4e0': {'state': 'PRESENT', 'expected_state': 'PRESENT', 'payload_exact': False, 'physical_payload_sha256': '47691ea6eaafa27f10f05915f5bfe7b52c769708eac3c0803378101c1790ce69', 'frozen_payload_sha256': 'fd7d3c2d077595d32cad0f94083fc99c6b74037a5654b68144befd201abf9400'}, 'cand_d033eb981110aa21d3df': {'state': 'PRESENT', 'expected_state': 'PRESENT', 'payload_exact': False, 'physical_payload_sha256': 'ffc51e7a5ce390968674bfc5740670501ee1a0b9b4082cf42155ce12cddab6d4', 'frozen_payload_sha256': 'b760eb4e91ab588686bce9ca8e78f715d3d69d647b3ed36de1dceb78811abb06'}, 'cand_0ef1e644231e36b17de7': {'state': 'PRESENT', 'expected_state': 'PRESENT', 'payload_exact': False, 'physical_payload_sha256': '6f149c7fa52da56a038e3db352aafc5b2e95e46ec1eb770ff0685042c191ae9b', 'frozen_payload_sha256': '72c1fb3ed501e2f0d128c23121cbd91a2dd953f49bb576e8d89967d9af290401'}, 'cand_dd4fa07161dcf5def8eb': {'state': 'PRESENT', 'expected_state': 'PRESENT', 'payload_exact': False, 'physical_payload_sha256': 'ff3670bdd1fac1b676b308891afb70f042514c933637d6c04a75b18f518ba6c9', 'frozen_payload_sha256': 'b0481521e0b1bd65de1597e76964e3b4300a05ed76c14f3b3aa3ef8c60936d78'}, 'cand_5400d6d245a511006593': {'state': 'PRESENT', 'expected_state': 'PRESENT', 'payload_exact': True, 'physical_payload_sha256': '5796bfe89e95febc7bdea60c535afbf7644561b079e5d1296a1e9bfea260cdfe', 'frozen_payload_sha256': '5796bfe89e95febc7bdea60c535afbf7644561b079e5d1296a1e9bfea260cdfe'}, 'cand_d102d0d6903dbc44935f': {'state': 'PRESENT', 'expected_state': 'PRESENT', 'payload_exact': False, 'physical_payload_sha256': '0b84e64b8709339029fd0cdd731e7970f11d8c2e6719e429d502d563f9bd99cc', 'frozen_payload_sha256': '61813c308f2c72093618c1c74089c1122cf4233e9aee70ff0e9599a56dac8942'}}}"
physical,240000,empty,5,False,2.0660008885897696e-06,0.06604492199403467,0.2604187910037581,0.00802046300668735,0.0740674510016106,0.3344862420053687,25159695.08984994,a5c608271df369c8528f61e6089634d163329095623e7edd60451f10cf40bda9,1963,"{'all_payloads_match': True, 'exact_payload_count': 0}"
physical,240000,prefix-01,5,False,0.002204053002060391,0.07079016899660928,0.24479570699622855,0.00901784299639985,0.08201206499506952,0.32680777199129807,25173423.97244724,8deb9bbd8e45651f9ef8099b0a3ef40b82a948441f1c34b199c9e90ee63ef9ce,1963,"{'all_payloads_match': False, 'exact_payload_count': 0, 'states': {'cand_f94acad130c4ac5b3553': {'state': 'PRESENT', 'expected_state': 'PRESENT', 'payload_exact': False, 'physical_payload_sha256': '346dbe403e002fcb3ae60b44f79b1921b74165d7dd2bffd9b64239894219b007', 'frozen_payload_sha256': 'cd8d54a48a09c7393853271d4b8ede81b9fc05c979beb377d2221755e760ea06'}}}"
physical,240000,prefix-05,5,False,0.0013211869954830036,0.08273264399758773,0.24606839100306388,0.009848641006101388,0.09390247199917212,0.339970863002236,25178047.162231904,b1661601e61c39e57d6df2cd620cbe31ffc33cec771122ee82ccc69536d8bce7,1963,"{'all_payloads_match': False, 'exact_payload_count': 0, 'states': {'cand_f94acad130c4ac5b3553': {'state': 'PRESENT', 'expected_state': 'PRESENT', 'payload_exact': False, 'physical_payload_sha256': 'ee440b5031050d094a99130e2a484fb553b8406af6d4167516da4f89e1455833', 'frozen_payload_sha256': 'cd8d54a48a09c7393853271d4b8ede81b9fc05c979beb377d2221755e760ea06'}, 'cand_6ca6020979af5e5766a4': {'state': 'PRESENT', 'expected_state': 'PRESENT', 'payload_exact': False, 'physical_payload_sha256': '40cffee7295198c7af936e1b2a31076b0dc5c10a43d8ce914f15c6e8560e5451', 'frozen_payload_sha256': '2881a43f9dc017ff4cfd5ab884cc554ddd5b7c49e1b6f3265f623879b518ca60'}, 'cand_c6f83d66ce3d1e079f11': {'state': 'PRESENT', 'expected_state': 'PRESENT', 'payload_exact': False, 'physical_payload_sha256': '2e157025786d498db49c0b4eb5f13ba2389830d81286ea5067900114a30b2015', 'frozen_payload_sha256': '809580d48aaadf7e23b0b91bfc694aeea039d4893be7c0417360616ac21c3aef'}, 'cand_1f420ce5268e234e658c': {'state': 'PRESENT', 'expected_state': 'PRESENT', 'payload_exact': False, 'physical_payload_sha256': '9a0570b72f45d1b4ecaec98ddce1bed37d898ed53775131d9b4121d6761a966d', 'frozen_payload_sha256': '0d95914421ee29d60230a25de19cbd136a171227f4a86b639648c80c056cae22'}, 'cand_bb3c9704bc50457d0385': {'state': 'PRESENT', 'expected_state': 'PRESENT', 'payload_exact': False, 'physical_payload_sha256': 'ede5500a9deec141dd2df1cd1dc86a59c4c7d1b8169bb7d41527d7b3f002301b', 'frozen_payload_sha256': 'c340fcc13d070b470344966591ac026eb0890fba559a83bc07548790ab6ab1ff'}}}"
physical,240000,prefix-16,5,False,0.003349177000927739,0.137871389000793,0.31281447099900106,0.011020944999472704,0.15224151100119343,0.4650559820001945,25157956.075438797,77b1bbf09115b9d4b9f472741fcc1f24edbc12ea58441bd5b193e2e0062c6afa,1963,"{'all_payloads_match': False, 'exact_payload_count': 1, 'states': {'cand_f94acad130c4ac5b3553': {'state': 'PRESENT', 'expected_state': 'PRESENT', 'payload_exact': False, 'physical_payload_sha256': 'eb4901cfea9d7bdddcb6e3ac9c9e6da80e524c1da205e01d37a1cced3b25a6f7', 'frozen_payload_sha256': 'cd8d54a48a09c7393853271d4b8ede81b9fc05c979beb377d2221755e760ea06'}, 'cand_6ca6020979af5e5766a4': {'state': 'PRESENT', 'expected_state': 'PRESENT', 'payload_exact': False, 'physical_payload_sha256': '4999fbe2c8515a7cb8cad9b161fea37eec44012391a2241d914423e1d4a23d79', 'frozen_payload_sha256': '2881a43f9dc017ff4cfd5ab884cc554ddd5b7c49e1b6f3265f623879b518ca60'}, 'cand_c6f83d66ce3d1e079f11': {'state': 'PRESENT', 'expected_state': 'PRESENT', 'payload_exact': False, 'physical_payload_sha256': 'fbad2f5d99f2c3f0f72098e6af4cc3da89323604650ac354af713a474e30ad69', 'frozen_payload_sha256': '809580d48aaadf7e23b0b91bfc694aeea039d4893be7c0417360616ac21c3aef'}, 'cand_1f420ce5268e234e658c': {'state': 'PRESENT', 'expected_state': 'PRESENT', 'payload_exact': False, 'physical_payload_sha256': '3eb4b4ff6b3c496d55389fe6dcf48da473d3e00c5b350c6e43bf18850b28fd03', 'frozen_payload_sha256': '0d95914421ee29d60230a25de19cbd136a171227f4a86b639648c80c056cae22'}, 'cand_93041865e5a926191d54': {'state': 'PRESENT', 'expected_state': 'PRESENT', 'payload_exact': False, 'physical_payload_sha256': '6acd9ae0cfbc1d46e441e2d24f1d3dd7f631c878b504573b21bb5863ec83cc9a', 'frozen_payload_sha256': '929207bbd2c1dd32af2fe12480e99ff10f859ab75baad2c042178073e1e00430'}, 'cand_560443d79842b416ea0d': {'state': 'PRESENT', 'expected_state': 'PRESENT', 'payload_exact': False, 'physical_payload_sha256': 'e19e48d6e21d54058b8bf903ccbd4a3f5a1cd0e1ca959c3bb07a26ced269e8e9', 'frozen_payload_sha256': '846e03bde9ed58ac0547b838606e714518598db5482339b28908c4ec2e488085'}, 'cand_0fdc909a2a3cf9718db9': {'state': 'PRESENT', 'expected_state': 'PRESENT', 'payload_exact': False, 'physical_payload_sha256': '665a9997f1d3cebe5e4fe3658508749b2889e0db8730b4b94e803e0bb000384c', 'frozen_payload_sha256': 'a10a371d0a552801c9213ce7efe3a1b5852403fc2df3fa367b4d8063f21c3bea'}, 'cand_7531356383a7948fede1': {'state': 'PRESENT', 'expected_state': 'PRESENT', 'payload_exact': False, 'physical_payload_sha256': 'daf6f6c74103b1ee78a60dc674606377148fef44f1eb77424c67f89b6d542c9f', 'frozen_payload_sha256': 'c657a0d091202fb6e8f2507210fcff595940da2dc9c3e250f2327ce711c6e75e'}, 'cand_850ffdf5fc1ceee3e08d': {'state': 'PRESENT', 'expected_state': 'PRESENT', 'payload_exact': True, 'physical_payload_sha256': '454d59861034c0f3e55889b8176b61864ebf485e14d7422ef505d18749170a4a', 'frozen_payload_sha256': '454d59861034c0f3e55889b8176b61864ebf485e14d7422ef505d18749170a4a'}, 'cand_cfb64b0bf69c059cd760': {'state': 'PRESENT', 'expected_state': 'PRESENT', 'payload_exact': False, 'physical_payload_sha256': '4b23c2b001d3630d66d106eb2572f8badabd340f4657b6084bcaa7c16a489735', 'frozen_payload_sha256': 'eea6014fef4d6c735cc28fd6ac77d0d7392525306ab4e7d8f966fec0e10767b1'}, 'cand_663a31a8fc0678a2324b': {'state': 'PRESENT', 'expected_state': 'PRESENT', 'payload_exact': False, 'physical_payload_sha256': '55bee52c19474da5c0696c5c8e0563fdb74e74a860d949f3486aec0cb6577f7d', 'frozen_payload_sha256': '409885ea705ea99807de62190e4cf1743977a3b34b6f90a0ae02c32e2b6a250a'}, 'cand_bb3c9704bc50457d0385': {'state': 'PRESENT', 'expected_state': 'PRESENT', 'payload_exact': False, 'physical_payload_sha256': 'e398e9756e2abf3d86185bd07e8feaba4c7ee55787a3412c73d48f65b1a40337', 'frozen_payload_sha256': 'c340fcc13d070b470344966591ac026eb0890fba559a83bc07548790ab6ab1ff'}, 'cand_9e3965b9e6ab7faacc4e': {'state': 'PRESENT', 'expected_state': 'PRESENT', 'payload_exact': False, 'physical_payload_sha256': '58503ee4d43090ce73c90db8ff2901bc424d56725644fe010a9b22ec264a5618', 'frozen_payload_sha256': 'ce138d220496d2143d0880dfcb76233fd3b5cce217353aaa6265ae989a41e31b'}, 'cand_2bea04f8b2c85ff2a4e0': {'state': 'PRESENT', 'expected_state': 'PRESENT', 'payload_exact': False, 'physical_payload_sha256': '5155a980d411f8b3c328e5f5f9543497c1844245d7499599f2db8359a03d7def', 'frozen_payload_sha256': 'fd7d3c2d077595d32cad0f94083fc99c6b74037a5654b68144befd201abf9400'}, 'cand_0ef1e644231e36b17de7': {'state': 'PRESENT', 'expected_state': 'PRESENT', 'payload_exact': False, 'physical_payload_sha256': '33da215a39e57daf680c401f61eed013c62e08b1b79c375aada9599ff5df2613', 'frozen_payload_sha256': '72c1fb3ed501e2f0d128c23121cbd91a2dd953f49bb576e8d89967d9af290401'}, 'cand_dd4fa07161dcf5def8eb': {'state': 'PRESENT', 'expected_state': 'PRESENT', 'payload_exact': False, 'physical_payload_sha256': 'd60d732a13da89957eaf4aaebd7c93237c3fe11aef67f1dc5866087b154f1269', 'frozen_payload_sha256': 'b0481521e0b1bd65de1597e76964e3b4300a05ed76c14f3b3aa3ef8c60936d78'}}}"
physical,240000,prefix-30,5,False,0.004746851001982577,0.2117193839949323,0.3111722879984882,0.009882413993182126,0.226348648990097,0.5375209369885852,25156139.63429135,c3ab76741b771b1e95279c389a2d54b431ea08ce057ca9adeb2eea36abc91492,1963,"{'all_payloads_match': False, 'exact_payload_count': 5, 'states': {'cand_f94acad130c4ac5b3553': {'state': 'PRESENT', 'expected_state': 'PRESENT', 'payload_exact': False, 'physical_payload_sha256': '050cec37372e867673bee3ef633e0ad1de71640faa99f422b8a4f360e83cb14e', 'frozen_payload_sha256': 'cd8d54a48a09c7393853271d4b8ede81b9fc05c979beb377d2221755e760ea06'}, 'cand_6ca6020979af5e5766a4': {'state': 'PRESENT', 'expected_state': 'PRESENT', 'payload_exact': False, 'physical_payload_sha256': 'bbe2037ecf3a4a966f97ded1d893174f82372c33551485f5d2b46d32121cedd4', 'frozen_payload_sha256': '2881a43f9dc017ff4cfd5ab884cc554ddd5b7c49e1b6f3265f623879b518ca60'}, 'cand_c6f83d66ce3d1e079f11': {'state': 'PRESENT', 'expected_state': 'PRESENT', 'payload_exact': False, 'physical_payload_sha256': 'e1e42a812e6388849e9bff66ee027128ec084ba2408bd15a1416cf4d490b9653', 'frozen_payload_sha256': '809580d48aaadf7e23b0b91bfc694aeea039d4893be7c0417360616ac21c3aef'}, 'cand_1f420ce5268e234e658c': {'state': 'PRESENT', 'expected_state': 'PRESENT', 'payload_exact': False, 'physical_payload_sha256': 'ecbcd71fb9d11da625f676254eec2aeeb58a476639fae5a825b436fcbdb2aa0c', 'frozen_payload_sha256': '0d95914421ee29d60230a25de19cbd136a171227f4a86b639648c80c056cae22'}, 'cand_93041865e5a926191d54': {'state': 'PRESENT', 'expected_state': 'PRESENT', 'payload_exact': False, 'physical_payload_sha256': '198a926d4799ae1a4bd3ca157c75705917331c3e91927c9ab397a05d7f1de0c6', 'frozen_payload_sha256': '929207bbd2c1dd32af2fe12480e99ff10f859ab75baad2c042178073e1e00430'}, 'cand_560443d79842b416ea0d': {'state': 'PRESENT', 'expected_state': 'PRESENT', 'payload_exact': False, 'physical_payload_sha256': 'fcaa37a6e1ed5bb97dd1ab50a276ad07d65d72ae822009c5d68dcec63a9e4794', 'frozen_payload_sha256': '846e03bde9ed58ac0547b838606e714518598db5482339b28908c4ec2e488085'}, 'cand_0fdc909a2a3cf9718db9': {'state': 'PRESENT', 'expected_state': 'PRESENT', 'payload_exact': False, 'physical_payload_sha256': 'c778fe1dd5af455d431c409f2e764adf147e762007e739e2f36bafe7ecdb7a6c', 'frozen_payload_sha256': 'a10a371d0a552801c9213ce7efe3a1b5852403fc2df3fa367b4d8063f21c3bea'}, 'cand_7531356383a7948fede1': {'state': 'PRESENT', 'expected_state': 'PRESENT', 'payload_exact': False, 'physical_payload_sha256': 'e78fe573f55fa9c97109bc9efa482214af4b56b52144b93eaf7cb3916f444249', 'frozen_payload_sha256': 'c657a0d091202fb6e8f2507210fcff595940da2dc9c3e250f2327ce711c6e75e'}, 'cand_850ffdf5fc1ceee3e08d': {'state': 'PRESENT', 'expected_state': 'PRESENT', 'payload_exact': True, 'physical_payload_sha256': '454d59861034c0f3e55889b8176b61864ebf485e14d7422ef505d18749170a4a', 'frozen_payload_sha256': '454d59861034c0f3e55889b8176b61864ebf485e14d7422ef505d18749170a4a'}, 'cand_9a47b4882350bf5fccf9': {'state': 'PRESENT', 'expected_state': 'PRESENT', 'payload_exact': True, 'physical_payload_sha256': '6572aa9c7b3f76ba408b01f2ecd52339c6e8d3fa11be261185717cfbbb5b97c4', 'frozen_payload_sha256': '6572aa9c7b3f76ba408b01f2ecd52339c6e8d3fa11be261185717cfbbb5b97c4'}, 'cand_835deeb29a9e7947a98b': {'state': 'PRESENT', 'expected_state': 'PRESENT', 'payload_exact': True, 'physical_payload_sha256': '350fcc8b0194d7a40b43e82a0a08d53a472551766b14dc9c4ca8c2459e17b267', 'frozen_payload_sha256': '350fcc8b0194d7a40b43e82a0a08d53a472551766b14dc9c4ca8c2459e17b267'}, 'cand_b6cafc68143c6fa37e85': {'state': 'PRESENT', 'expected_state': 'PRESENT', 'payload_exact': True, 'physical_payload_sha256': '29c9fe4704d536feecc86b629c457d6df83408d06860142b94d569a68758791e', 'frozen_payload_sha256': '29c9fe4704d536feecc86b629c457d6df83408d06860142b94d569a68758791e'}, 'cand_f002ec4adfff3911240b': {'state': 'PRESENT', 'expected_state': 'PRESENT', 'payload_exact': True, 'physical_payload_sha256': '8ca28e1f85b64f132176f5f38374a69f3322425f8b16b86cf39d130402b884f9', 'frozen_payload_sha256': '8ca28e1f85b64f132176f5f38374a69f3322425f8b16b86cf39d130402b884f9'}, 'cand_d17d4fee04bca1295fdb': {'state': 'PRESENT', 'expected_state': 'PRESENT', 'payload_exact': False, 'physical_payload_sha256': '7381260ff1f85e0e883cef691bd85c24b5543b84455774e9caa00d9ab5aea06c', 'frozen_payload_sha256': 'f5ae67ef8d7ffcc7473732276a62d44cfb0c3eeac2ad0f7ed84239e0cf7f35f5'}, 'cand_044e770ab213d0ef37b1': {'state': 'PRESENT', 'expected_state': 'PRESENT', 'payload_exact': False, 'physical_payload_sha256': 'd7d9d1a583c13429b57bfb6ededa01a1625358e12965a7292576eae28d290c31', 'frozen_payload_sha256': '7b7b021a0eafc1c681c64ae1dda3b9e69dc0965e8690538e28df8a73675cfe3c'}, 'cand_cfb64b0bf69c059cd760': {'state': 'PRESENT', 'expected_state': 'PRESENT', 'payload_exact': False, 'physical_payload_sha256': 'ceabd7dccbeef0153e9249902bfa1db9a428f8f7d4b1812e45f12acce62c0f68', 'frozen_payload_sha256': 'eea6014fef4d6c735cc28fd6ac77d0d7392525306ab4e7d8f966fec0e10767b1'}, 'cand_6505783b203dc0346b49': {'state': 'PRESENT', 'expected_state': 'PRESENT', 'payload_exact': False, 'physical_payload_sha256': 'a94fbc11df9a9f6e1aa014c6e78fd2036dfd0d28c45e6e09256662d557887477', 'frozen_payload_sha256': '36aff3abdb7e89749d55b8c13c90cf993c598ab39633b85384837658addc8f59'}, 'cand_7b08320f31dae1c5e9f4': {'state': 'PRESENT', 'expected_state': 'PRESENT', 'payload_exact': False, 'physical_payload_sha256': 'e0f190b9ef0b5833c82d79124e788b815f99dfb166669de28f1d5f11ac540447', 'frozen_payload_sha256': 'c1fc88651abdf0bc1ad0e7565a4be1d5e9105c298e915538d5f81bf0e34e4679'}, 'cand_e95bcd15c94c80f62716': {'state': 'PRESENT', 'expected_state': 'PRESENT', 'payload_exact': False, 'physical_payload_sha256': '76fa8f1807eae8f20ea89316ad9b844a1ea2e046945a0599d11ec6867d2e428e', 'frozen_payload_sha256': '4474230040ec7f8d3de645ecaed49e96dc80ca87bd415e04ba2d48093636ba46'}, 'cand_5e3a909effbf6f7d6e21': {'state': 'PRESENT', 'expected_state': 'PRESENT', 'payload_exact': False, 'physical_payload_sha256': '56988eab5577cbbb6d0024b88ff9512f823788c3dee34d82a5c48d11ea141acf', 'frozen_payload_sha256': 'da76eb1bc3b889207333d4985982af22ef24bce66248e625f05dfc95e7275199'}, 'cand_cf35fb1b66d3371735fd': {'state': 'PRESENT', 'expected_state': 'PRESENT', 'payload_exact': False, 'physical_payload_sha256': '82dadb9388c28478b1925d057ab67d3aac6df484922f1edcd176afb34ddf5173', 'frozen_payload_sha256': '0bf703d060b6715fb68595c85e3781e5ef556184ed89eee62cdc86833a40a479'}, 'cand_663a31a8fc0678a2324b': {'state': 'PRESENT', 'expected_state': 'PRESENT', 'payload_exact': False, 'physical_payload_sha256': 'af0846a4a3acbd02359ad3136b3768a3bde244249f9da1b413dfdb67d6f80f45', 'frozen_payload_sha256': '409885ea705ea99807de62190e4cf1743977a3b34b6f90a0ae02c32e2b6a250a'}, 'cand_bb3c9704bc50457d0385': {'state': 'PRESENT', 'expected_state': 'PRESENT', 'payload_exact': False, 'physical_payload_sha256': '7b999a10b19be2db03bb0034330257961d59d4d7182295b65b12eaa3b314b847', 'frozen_payload_sha256': 'c340fcc13d070b470344966591ac026eb0890fba559a83bc07548790ab6ab1ff'}, 'cand_a658273d38918de4ed71': {'state': 'PRESENT', 'expected_state': 'PRESENT', 'payload_exact': False, 'physical_payload_sha256': 'cf3ac14da6823d8534a72208c73e69079f4bcb6c5e8e5680b370bb58c887d735', 'frozen_payload_sha256': '4415b582adf4bf3358abca118db704903cbe6f34f028a158d3a0424624ca2d37'}, 'cand_9e3965b9e6ab7faacc4e': {'state': 'PRESENT', 'expected_state': 'PRESENT', 'payload_exact': False, 'physical_payload_sha256': '8b160c080d0d64e03e79fd20048caebfcbacf608f9867e3ee956ffe440e674d6', 'frozen_payload_sha256': 'ce138d220496d2143d0880dfcb76233fd3b5cce217353aaa6265ae989a41e31b'}, 'cand_2bea04f8b2c85ff2a4e0': {'state': 'PRESENT', 'expected_state': 'PRESENT', 'payload_exact': False, 'physical_payload_sha256': '3f34bd741a78694f22438b5d81cbc8eedb25db495c31aee876ee3e058036ec68', 'frozen_payload_sha256': 'fd7d3c2d077595d32cad0f94083fc99c6b74037a5654b68144befd201abf9400'}, 'cand_d033eb981110aa21d3df': {'state': 'PRESENT', 'expected_state': 'PRESENT', 'payload_exact': False, 'physical_payload_sha256': '3379cf7079d92ed320f754fe3186dbfac60c9d90e80ff3f76e625f911048f9ce', 'frozen_payload_sha256': 'b760eb4e91ab588686bce9ca8e78f715d3d69d647b3ed36de1dceb78811abb06'}, 'cand_0ef1e644231e36b17de7': {'state': 'PRESENT', 'expected_state': 'PRESENT', 'payload_exact': False, 'physical_payload_sha256': '463bd9195b6020654e5bc55c5e708530ff88e39031dcb76a65591efa2a74d761', 'frozen_payload_sha256': '72c1fb3ed501e2f0d128c23121cbd91a2dd953f49bb576e8d89967d9af290401'}, 'cand_dd4fa07161dcf5def8eb': {'state': 'PRESENT', 'expected_state': 'PRESENT', 'payload_exact': False, 'physical_payload_sha256': '7b4b78e9b213ddc1716a622c2e2e51ddfe045b30f158f52a295588884fa97175', 'frozen_payload_sha256': 'b0481521e0b1bd65de1597e76964e3b4300a05ed76c14f3b3aa3ef8c60936d78'}, 'cand_d102d0d6903dbc44935f': {'state': 'PRESENT', 'expected_state': 'PRESENT', 'payload_exact': False, 'physical_payload_sha256': 'f31d9315ed8174188060acb92b62b29a324b1e80c6886a583c05cf8b49a6ca28', 'frozen_payload_sha256': '61813c308f2c72093618c1c74089c1122cf4233e9aee70ff0e9599a56dac8942'}}}"
physical,240000,final-31,5,False,0.0047436650056624785,0.21986865099461284,0.3066349109940347,0.010499018993868958,0.23511133499414427,0.541746245988179,25153079.41988264,b7c053f2d27b7c664324121a9aa29ccc4207a61334c9212fe0d8b0fec57d727c,1963,"{'all_payloads_match': False, 'exact_payload_count': 5, 'states': {'cand_f94acad130c4ac5b3553': {'state': 'PRESENT', 'expected_state': 'PRESENT', 'payload_exact': False, 'physical_payload_sha256': 'f0714e7ec4311007d3ca0eacfe6023c1a63255da89df90c64b77deec9a93d406', 'frozen_payload_sha256': 'cd8d54a48a09c7393853271d4b8ede81b9fc05c979beb377d2221755e760ea06'}, 'cand_6ca6020979af5e5766a4': {'state': 'PRESENT', 'expected_state': 'PRESENT', 'payload_exact': False, 'physical_payload_sha256': 'f826ad0507e069dcd1b2800585511a05e6d76b62b13c9a0325ac7d01c428c637', 'frozen_payload_sha256': '2881a43f9dc017ff4cfd5ab884cc554ddd5b7c49e1b6f3265f623879b518ca60'}, 'cand_c6f83d66ce3d1e079f11': {'state': 'PRESENT', 'expected_state': 'PRESENT', 'payload_exact': False, 'physical_payload_sha256': '275ecd7852f6ebcc7368d889baabacca22fe3802a1b86b045f00ed392f940103', 'frozen_payload_sha256': '809580d48aaadf7e23b0b91bfc694aeea039d4893be7c0417360616ac21c3aef'}, 'cand_1f420ce5268e234e658c': {'state': 'PRESENT', 'expected_state': 'PRESENT', 'payload_exact': False, 'physical_payload_sha256': 'fa3008b14269e5b57b61c5747e0e2cd8ec2a9282028ce4c853c10eb6cb5bcaee', 'frozen_payload_sha256': '0d95914421ee29d60230a25de19cbd136a171227f4a86b639648c80c056cae22'}, 'cand_93041865e5a926191d54': {'state': 'PRESENT', 'expected_state': 'PRESENT', 'payload_exact': False, 'physical_payload_sha256': '1a3128ae3580d2ff15632506e10351f5c728cd72d4a571cec1a8c61fc19a2b25', 'frozen_payload_sha256': '929207bbd2c1dd32af2fe12480e99ff10f859ab75baad2c042178073e1e00430'}, 'cand_560443d79842b416ea0d': {'state': 'PRESENT', 'expected_state': 'PRESENT', 'payload_exact': False, 'physical_payload_sha256': '6759e7a00f046f645ba51c58d44f9780fc7309bf5b130d3d90479ac971487c3c', 'frozen_payload_sha256': '846e03bde9ed58ac0547b838606e714518598db5482339b28908c4ec2e488085'}, 'cand_0fdc909a2a3cf9718db9': {'state': 'PRESENT', 'expected_state': 'PRESENT', 'payload_exact': False, 'physical_payload_sha256': '5a7a71557e6aa88acfd1c8151da24275c0d42a8b77202de9842357b176c2ae27', 'frozen_payload_sha256': 'a10a371d0a552801c9213ce7efe3a1b5852403fc2df3fa367b4d8063f21c3bea'}, 'cand_7531356383a7948fede1': {'state': 'PRESENT', 'expected_state': 'PRESENT', 'payload_exact': False, 'physical_payload_sha256': '97fa957c143f58d2bb6ace782761fd823f1db5f6a0e1e9b2e89131ffd368308a', 'frozen_payload_sha256': 'c657a0d091202fb6e8f2507210fcff595940da2dc9c3e250f2327ce711c6e75e'}, 'cand_850ffdf5fc1ceee3e08d': {'state': 'PRESENT', 'expected_state': 'PRESENT', 'payload_exact': True, 'physical_payload_sha256': '454d59861034c0f3e55889b8176b61864ebf485e14d7422ef505d18749170a4a', 'frozen_payload_sha256': '454d59861034c0f3e55889b8176b61864ebf485e14d7422ef505d18749170a4a'}, 'cand_9a47b4882350bf5fccf9': {'state': 'PRESENT', 'expected_state': 'PRESENT', 'payload_exact': True, 'physical_payload_sha256': '6572aa9c7b3f76ba408b01f2ecd52339c6e8d3fa11be261185717cfbbb5b97c4', 'frozen_payload_sha256': '6572aa9c7b3f76ba408b01f2ecd52339c6e8d3fa11be261185717cfbbb5b97c4'}, 'cand_835deeb29a9e7947a98b': {'state': 'PRESENT', 'expected_state': 'PRESENT', 'payload_exact': True, 'physical_payload_sha256': '350fcc8b0194d7a40b43e82a0a08d53a472551766b14dc9c4ca8c2459e17b267', 'frozen_payload_sha256': '350fcc8b0194d7a40b43e82a0a08d53a472551766b14dc9c4ca8c2459e17b267'}, 'cand_b6cafc68143c6fa37e85': {'state': 'PRESENT', 'expected_state': 'PRESENT', 'payload_exact': True, 'physical_payload_sha256': '29c9fe4704d536feecc86b629c457d6df83408d06860142b94d569a68758791e', 'frozen_payload_sha256': '29c9fe4704d536feecc86b629c457d6df83408d06860142b94d569a68758791e'}, 'cand_f002ec4adfff3911240b': {'state': 'PRESENT', 'expected_state': 'PRESENT', 'payload_exact': True, 'physical_payload_sha256': '8ca28e1f85b64f132176f5f38374a69f3322425f8b16b86cf39d130402b884f9', 'frozen_payload_sha256': '8ca28e1f85b64f132176f5f38374a69f3322425f8b16b86cf39d130402b884f9'}, 'cand_d17d4fee04bca1295fdb': {'state': 'PRESENT', 'expected_state': 'PRESENT', 'payload_exact': False, 'physical_payload_sha256': 'bd63baa0b4d6590877112ad0e7494d895f3348bb3e42d9f921ed5a84042ff36f', 'frozen_payload_sha256': 'f5ae67ef8d7ffcc7473732276a62d44cfb0c3eeac2ad0f7ed84239e0cf7f35f5'}, 'cand_044e770ab213d0ef37b1': {'state': 'PRESENT', 'expected_state': 'PRESENT', 'payload_exact': False, 'physical_payload_sha256': '65c054dfb6faf4b221c816928a48f98f67b274227d4a2c26246d2201e317a123', 'frozen_payload_sha256': '7b7b021a0eafc1c681c64ae1dda3b9e69dc0965e8690538e28df8a73675cfe3c'}, 'cand_cfb64b0bf69c059cd760': {'state': 'PRESENT', 'expected_state': 'PRESENT', 'payload_exact': False, 'physical_payload_sha256': '64a3359a1d6c0a1a87ea5efc2fe7741611449a5b73570aa64c0254a8499fcb7e', 'frozen_payload_sha256': 'eea6014fef4d6c735cc28fd6ac77d0d7392525306ab4e7d8f966fec0e10767b1'}, 'cand_6505783b203dc0346b49': {'state': 'PRESENT', 'expected_state': 'PRESENT', 'payload_exact': False, 'physical_payload_sha256': '62ed93155ca9e4bf5e352f1f1ae50fb5c6e6ecc46d455caf3c8466202269eb09', 'frozen_payload_sha256': '36aff3abdb7e89749d55b8c13c90cf993c598ab39633b85384837658addc8f59'}, 'cand_7b08320f31dae1c5e9f4': {'state': 'PRESENT', 'expected_state': 'PRESENT', 'payload_exact': False, 'physical_payload_sha256': '938818a24a451e0de9e2fa118e77e3e7586bc2ced471a426b6bde4a37ad18810', 'frozen_payload_sha256': 'c1fc88651abdf0bc1ad0e7565a4be1d5e9105c298e915538d5f81bf0e34e4679'}, 'cand_e95bcd15c94c80f62716': {'state': 'PRESENT', 'expected_state': 'PRESENT', 'payload_exact': False, 'physical_payload_sha256': 'bc7ccf8cfcf4b9f15eb4f122156cd6cd92e7e17945243862dc7a4bb53e3f4c58', 'frozen_payload_sha256': '4474230040ec7f8d3de645ecaed49e96dc80ca87bd415e04ba2d48093636ba46'}, 'cand_5e3a909effbf6f7d6e21': {'state': 'PRESENT', 'expected_state': 'PRESENT', 'payload_exact': False, 'physical_payload_sha256': '0257861492dcc9ebc18ed70f556c036f1b203346486317a587ed67396a8de198', 'frozen_payload_sha256': 'da76eb1bc3b889207333d4985982af22ef24bce66248e625f05dfc95e7275199'}, 'cand_cf35fb1b66d3371735fd': {'state': 'PRESENT', 'expected_state': 'PRESENT', 'payload_exact': False, 'physical_payload_sha256': 'd14ff7daf08eca83079c4c26805103c8efeaf6816a6787f45edfb2e3c6638199', 'frozen_payload_sha256': '0bf703d060b6715fb68595c85e3781e5ef556184ed89eee62cdc86833a40a479'}, 'cand_663a31a8fc0678a2324b': {'state': 'PRESENT', 'expected_state': 'PRESENT', 'payload_exact': False, 'physical_payload_sha256': 'f1f9497b34a198e273e145f25465d6029714ce76c7d6ac4d976bbaf773d5c933', 'frozen_payload_sha256': '409885ea705ea99807de62190e4cf1743977a3b34b6f90a0ae02c32e2b6a250a'}, 'cand_bb3c9704bc50457d0385': {'state': 'PRESENT', 'expected_state': 'PRESENT', 'payload_exact': False, 'physical_payload_sha256': 'd0390cab76626da015bc2dbb5caf942ad6c0416459127a4b56a7f1663d64986d', 'frozen_payload_sha256': 'c340fcc13d070b470344966591ac026eb0890fba559a83bc07548790ab6ab1ff'}, 'cand_a658273d38918de4ed71': {'state': 'PRESENT', 'expected_state': 'PRESENT', 'payload_exact': False, 'physical_payload_sha256': '3d39df6af3bab9c34e3affbabe3e4300792a7b8afd3135fd5fe247a37e5e0aaa', 'frozen_payload_sha256': '4415b582adf4bf3358abca118db704903cbe6f34f028a158d3a0424624ca2d37'}, 'cand_9e3965b9e6ab7faacc4e': {'state': 'PRESENT', 'expected_state': 'PRESENT', 'payload_exact': False, 'physical_payload_sha256': '2577c4fe14bbed9b61cc08239a145a8da000527366d9d81984bd8f0642c48bde', 'frozen_payload_sha256': 'ce138d220496d2143d0880dfcb76233fd3b5cce217353aaa6265ae989a41e31b'}, 'cand_2bea04f8b2c85ff2a4e0': {'state': 'PRESENT', 'expected_state': 'PRESENT', 'payload_exact': False, 'physical_payload_sha256': '4edac13a4c8c4f16c95fbd436b3eb250b471497c67d02c10464bf798dd74aed6', 'frozen_payload_sha256': 'fd7d3c2d077595d32cad0f94083fc99c6b74037a5654b68144befd201abf9400'}, 'cand_d033eb981110aa21d3df': {'state': 'PRESENT', 'expected_state': 'PRESENT', 'payload_exact': False, 'physical_payload_sha256': '7526b2f09b516c48503beea78c61c9ceea3ec46d6b1998c7302a7bbde967ad25', 'frozen_payload_sha256': 'b760eb4e91ab588686bce9ca8e78f715d3d69d647b3ed36de1dceb78811abb06'}, 'cand_0ef1e644231e36b17de7': {'state': 'PRESENT', 'expected_state': 'PRESENT', 'payload_exact': False, 'physical_payload_sha256': '6f149c7fa52da56a038e3db352aafc5b2e95e46ec1eb770ff0685042c191ae9b', 'frozen_payload_sha256': '72c1fb3ed501e2f0d128c23121cbd91a2dd953f49bb576e8d89967d9af290401'}, 'cand_dd4fa07161dcf5def8eb': {'state': 'PRESENT', 'expected_state': 'PRESENT', 'payload_exact': False, 'physical_payload_sha256': 'f65a4182d7b283f98b6d057bf07dc1b141c1349beae38061254769708801f8ac', 'frozen_payload_sha256': 'b0481521e0b1bd65de1597e76964e3b4300a05ed76c14f3b3aa3ef8c60936d78'}, 'cand_5400d6d245a511006593': {'state': 'PRESENT', 'expected_state': 'PRESENT', 'payload_exact': False, 'physical_payload_sha256': '3befbfa7559522bcc06f3dc2fc8ac97ddd8bfe6917355aa3f02b9b8b08b69f33', 'frozen_payload_sha256': '5796bfe89e95febc7bdea60c535afbf7644561b079e5d1296a1e9bfea260cdfe'}, 'cand_d102d0d6903dbc44935f': {'state': 'PRESENT', 'expected_state': 'PRESENT', 'payload_exact': False, 'physical_payload_sha256': '95f28f56ce7e340391a4278305f48e3ce734513728ce1f957489d9ab811596f9', 'frozen_payload_sha256': '61813c308f2c72093618c1c74089c1122cf4233e9aee70ff0e9599a56dac8942'}}}"
hypothetical,240000,empty,1,False,,,0.31102506699971855,,,0.31127453399676597,25166412.366262145,62d147e54ceca2d63614cd5219f6db63889f673ae172747caaf8bf40a0b5c357,1963,
hypothetical,240000,prefix-01,1,False,,,0.3268048629979603,,,0.32710240299638826,25166385.142147824,5a6faea330b680fc6947e3d080b3006bc702f2ff7d08e9e3d8e0f450f2e6c664,1963,
hypothetical,240000,prefix-05,1,False,,,0.33273804300552,,,0.33300052300910465,25155892.784054972,298720b8bb658ff40b52e791a86eaec66549a62cba04feef896aa583f1705e18,1963,
hypothetical,240000,prefix-16,1,False,,,0.3209660790016642,,,0.32138434200169286,25153787.49198565,d5fe9815290e5ee5ce0216f48a33fec3a945a70c779304f2ee6e277ce5cb08ed,1963,
hypothetical,240000,prefix-30,1,False,,,0.31436339799984125,,,0.3146620059997076,25153783.70838391,da5441bd5464b173dc00b75a8199d2d2ca40511a92f0fe6896b736d3e447e9c7,1963,
hypothetical,240000,final-31,1,False,,,0.3266099850006867,,,0.32703725299506914,25153783.70784995,6fa7697896ffc06b836f7ab9e74e3bff9457395218894e03eac57f941e259b6a,1963,
hypothetical,240000,empty,2,False,,,0.3073571040004026,,,0.30784117500297725,25166412.366262145,62d147e54ceca2d63614cd5219f6db63889f673ae172747caaf8bf40a0b5c357,1963,
hypothetical,240000,prefix-01,2,False,,,0.3109785609995015,,,0.3112698319964693,25166385.142147824,5a6faea330b680fc6947e3d080b3006bc702f2ff7d08e9e3d8e0f450f2e6c664,1963,
hypothetical,240000,prefix-05,2,False,,,0.3060909129999345,,,0.3065312670005369,25155892.784054972,298720b8bb658ff40b52e791a86eaec66549a62cba04feef896aa583f1705e18,1963,
hypothetical,240000,prefix-16,2,False,,,0.30936056199425366,,,0.3096857709970209,25153787.49198565,d5fe9815290e5ee5ce0216f48a33fec3a945a70c779304f2ee6e277ce5cb08ed,1963,
hypothetical,240000,prefix-30,2,False,,,0.3123362049955176,,,0.3126574699927005,25153783.70838391,da5441bd5464b173dc00b75a8199d2d2ca40511a92f0fe6896b736d3e447e9c7,1963,
hypothetical,240000,final-31,2,False,,,0.30835192799713695,,,0.30858653299947036,25153783.70784995,6fa7697896ffc06b836f7ab9e74e3bff9457395218894e03eac57f941e259b6a,1963,
hypothetical,240000,empty,3,False,,,0.2576813769992441,,,0.2580015040002763,25166412.366262145,62d147e54ceca2d63614cd5219f6db63889f673ae172747caaf8bf40a0b5c357,1963,
hypothetical,240000,prefix-01,3,False,,,0.25268282299657585,,,0.2529426179971779,25166385.142147824,5a6faea330b680fc6947e3d080b3006bc702f2ff7d08e9e3d8e0f450f2e6c664,1963,
hypothetical,240000,prefix-05,3,False,,,0.2691854000004241,,,0.2694705920002889,25155892.784054972,298720b8bb658ff40b52e791a86eaec66549a62cba04feef896aa583f1705e18,1963,
hypothetical,240000,prefix-16,3,False,,,0.2859104569943156,,,0.2861980329907965,25153787.49198565,d5fe9815290e5ee5ce0216f48a33fec3a945a70c779304f2ee6e277ce5cb08ed,1963,
hypothetical,240000,prefix-30,3,False,,,0.29987620799511205,,,0.30018395299703116,25153783.70838391,da5441bd5464b173dc00b75a8199d2d2ca40511a92f0fe6896b736d3e447e9c7,1963,
hypothetical,240000,final-31,3,False,,,0.28764164200401865,,,0.2879717590039945,25153783.70784995,6fa7697896ffc06b836f7ab9e74e3bff9457395218894e03eac57f941e259b6a,1963,
hypothetical,240000,empty,4,False,,,0.24871529099618783,,,0.2489974089912721,25166412.366262145,62d147e54ceca2d63614cd5219f6db63889f673ae172747caaf8bf40a0b5c357,1963,
hypothetical,240000,prefix-01,4,False,,,0.26526871899841353,,,0.26553894699463854,25166385.142147824,5a6faea330b680fc6947e3d080b3006bc702f2ff7d08e9e3d8e0f450f2e6c664,1963,
hypothetical,240000,prefix-05,4,False,,,0.26225922600133345,,,0.26252880600077333,25155892.784054972,298720b8bb658ff40b52e791a86eaec66549a62cba04feef896aa583f1705e18,1963,
hypothetical,240000,prefix-16,4,False,,,0.2797057749994565,,,0.2800526409992017,25153787.49198565,d5fe9815290e5ee5ce0216f48a33fec3a945a70c779304f2ee6e277ce5cb08ed,1963,
hypothetical,240000,prefix-30,4,False,,,0.278767173003871,,,0.2790384480031207,25153783.70838391,da5441bd5464b173dc00b75a8199d2d2ca40511a92f0fe6896b736d3e447e9c7,1963,
hypothetical,240000,final-31,4,False,,,0.2766375639985199,,,0.2769577609942644,25153783.70784995,6fa7697896ffc06b836f7ab9e74e3bff9457395218894e03eac57f941e259b6a,1963,
hypothetical,240000,empty,5,False,,,0.24957887799973832,,,0.24978257100156043,25166412.366262145,62d147e54ceca2d63614cd5219f6db63889f673ae172747caaf8bf40a0b5c357,1963,
hypothetical,240000,prefix-01,5,False,,,0.2504193410059088,,,0.25064964100602083,25166385.142147824,5a6faea330b680fc6947e3d080b3006bc702f2ff7d08e9e3d8e0f450f2e6c664,1963,
hypothetical,240000,prefix-05,5,False,,,0.26585289000649936,,,0.2661189860009472,25155892.784054972,298720b8bb658ff40b52e791a86eaec66549a62cba04feef896aa583f1705e18,1963,
hypothetical,240000,prefix-16,5,False,,,0.27091032799944514,,,0.27112952299648896,25153787.49198565,d5fe9815290e5ee5ce0216f48a33fec3a945a70c779304f2ee6e277ce5cb08ed,1963,
hypothetical,240000,prefix-30,5,False,,,0.27053818299464183,,,0.2708221149950987,25153783.70838391,da5441bd5464b173dc00b75a8199d2d2ca40511a92f0fe6896b736d3e447e9c7,1963,
hypothetical,240000,final-31,5,False,,,0.27869678199931514,,,0.2789933160020155,25153783.70784995,6fa7697896ffc06b836f7ab9e74e3bff9457395218894e03eac57f941e259b6a,1963,
