candidate_id,mechanism,realization_state,singleton_improvement,singleton_rank,singleton_percentile,contextual_evaluation_count,contextual_positive_count,contextual_zero_count,contextual_negative_count,positive_contextual_rate,max_contextual_improvement,median_contextual_improvement,p90_contextual_improvement,p95_contextual_improvement,max_interaction_gain,round_of_max_contextual_improvement,ever_accepted,accepted_round,cost_aware_rank
cand_449fa599b32af3a5039b,mcv,PRESENT,2636.9524615251134,1,100.0,1,1,0,0,1.0,2636.9524615251134,2636.9524615251134,2636.9524615251134,2636.9524615251134,0.0,1,True,1,1
cand_1e148617518e825ea544,mcv,PRESENT,1698.7419327178663,2,99.97780736795384,30,1,0,29,0.03333333333333333,1698.7419327178663,-35.18114420521101,-35.181144205210785,-35.181144205210785,0.0,1,False,,2
cand_50fe0fbcd88548914158,mcv,PRESENT,969.8805439489997,3,99.95561473590767,34,34,0,0,1.0,3.32881981106857,2.171106691693012,2.854399037480107,2.8543990374801864,-966.5517241379312,3,False,,3
cand_57ecad07b9ddfc92cbe9,mcv,PRESENT,864.2016803218912,4,99.93342210386152,1,1,0,0,1.0,864.2016803218903,864.2016803218903,864.2016803218903,864.2016803218903,-9.094947017729282e-13,2,True,2,4
cand_8649a31bf43cee5914d5,mcv,PRESENT,862.3774724442274,5,99.91122947181536,35,1,0,34,0.02857142857142857,862.3774724442274,-39.2412120548297,-39.2412120548297,-39.2412120548297,0.0,1,False,,5
cand_8800308d8e997ed3f8ad,mcv,PRESENT,414.45945387792744,6,99.88903683976919,2,2,0,0,1.0,414.459453877927,414.45945387792676,414.45945387792693,414.459453877927,-4.547473508864641e-13,3,True,3,6
cand_5dc8c1af5f1108b72f83,mcv,PRESENT,397.7952845096961,7,99.86684420772303,25,1,0,24,0.04,274.1850861664375,-588.8733933657259,-588.5926916113399,-588.5926916113399,-123.61019834325862,2,False,,7
cand_3ee79cb7bfe8ffec912b,mcv,PRESENT,315.3087735739864,8,99.84465157567688,28,28,0,0,1.0,315.3087735739864,0.7589582672635515,0.760887173374158,0.760887173374158,0.0,1,False,,8
cand_cdb31d486c041d136be2,mcv,PRESENT,304.29627251643706,9,99.82245894363072,1,1,0,0,1.0,304.29627251643706,304.29627251643706,304.29627251643706,304.29627251643706,0.0,1,False,,9
cand_f3d2ef6357d92684c00f,mcv,PRESENT,276.85198682113514,10,99.80026631158455,32,1,0,31,0.03125,276.85198682113514,-1460.4225914223216,-1457.0710901019427,-1457.0710901019424,0.0,1,False,,10
cand_ec94d4fcaa39e54f2f3f,mcv,PRESENT,149.58996765804295,11,99.7780736795384,1,1,0,0,1.0,149.5899676580425,149.5899676580425,149.5899676580425,149.5899676580425,-4.547473508864641e-13,4,True,4,11
cand_c9321427349837fbbce7,mcv,PRESENT,142.79917710054542,12,99.75588104749224,1,1,0,0,1.0,142.7989913207466,142.7989913207466,142.7989913207466,142.7989913207466,-0.00018577979881229112,5,True,5,12
cand_50e40f909d08e40748f4,mcv,PRESENT,117.87613172133752,13,99.73368841544607,2,2,0,0,1.0,117.87613172133752,117.87613172133752,117.87613172133752,117.87613172133752,0.0,5,True,6,13
cand_ef16ac1c9727bc44fe78,mcv,PRESENT,117.49479518889984,14,99.71149578339991,31,15,0,16,0.4838709677419355,0.5256547618675995,-0.705937070955315,0.4625542235080502,0.4625542235081639,-116.96914042703224,6,False,,14
cand_278eaf113e33a43cfe6f,mcv,PRESENT,106.88102828190767,15,99.68930315135376,21,0,0,21,0.0,-0.9651255642461365,-0.9651255642461365,-0.9651255642461365,-0.9651255642461365,-107.84615384615381,19,False,,15
cand_df60c6e48fac007eae2e,mcv,PRESENT,106.13481116413732,16,99.66711051930758,14,14,0,0,1.0,0.12229092739471525,0.12229092739448788,0.12229092739448788,0.12229092739456746,-106.0125202367426,26,False,,16
cand_93921b200ef93d0a52ba,mcv,PRESENT,105.06309713123574,17,99.64491788726143,36,2,0,34,0.05555555555555555,105.06309713123574,-758.6399469096273,-757.6884857902614,-542.1207741970633,0.0,1,False,,17
cand_ba1daa555fdaa08cc9dd,mcv,PRESENT,97.74024650192314,18,99.62272525521527,28,28,0,0,1.0,1.817169578846233,1.4615395193029599,1.817169578846233,1.817169578846233,-95.9230769230769,9,False,,18
cand_dd4b4e7edc0ae9689c7f,mcv,PRESENT,79.77497245771883,19,99.6005326231691,25,1,0,24,0.04,79.77497245771883,-782.8440945923587,-782.8440945923585,-782.8440945923585,0.0,2,False,,19
cand_7a9f29fadd03f9cca8fe,mcv,PRESENT,56.401433140719746,20,99.57833999112295,32,1,0,31,0.03125,56.402101526091656,-95.17549217048054,-95.17012980260873,-94.81683856500395,0.0006683853719096078,4,False,,20
cand_f2735ea5a5c0c05242bd,mcv,PRESENT,47.276697211375904,21,99.55614735907679,15,15,0,0,1.0,47.27669721137545,4.4648563233088225,30.151960856148648,47.27669721137529,-4.547473508864641e-13,5,True,22,21
cand_202ce807a540d9d12f9c,mcv,PRESENT,44.77047841262538,22,99.53395472703063,31,1,0,30,0.03225806451612903,44.77047841262538,-223.5536475783233,-223.55364757832308,-106.0166612769533,0.0,4,False,,22
cand_950809bdd120493c03d9,mcv,PRESENT,37.91627437362058,23,99.51176209498446,34,1,0,33,0.029411764705882353,37.91627437362058,-8.943921722127243,-1.0555070494201573,-1.0475337835732148,0.0,1,False,,23
cand_26466f5d627f56ea26d7,mcv,PRESENT,34.198865601536454,24,99.4895694629383,29,3,0,26,0.10344827586206896,34.198865601536,-45.50169558424909,-9.777396392623626,34.19886560153577,-4.547473508864641e-13,3,False,,24
cand_a96c2769bdde4d302376,mcv,PRESENT,34.09507669197683,25,99.46737683089215,25,1,0,24,0.04,34.0950766919766,-53.14344282467209,-53.10504862013613,-53.10504862013613,-2.2737367544323206e-13,5,False,,25
cand_299bd85fc9bad8ec3929,mcv,PRESENT,28.576049089104345,26,99.44518419884598,34,19,0,15,0.5588235294117647,0.01755214221998358,0.01755214221998358,0.01755214221998358,0.01755214221998358,-28.55849694688436,19,False,,26
cand_42c6bd094ef3a74be216,mcv,PRESENT,28.573353981375476,27,99.42299156679982,34,34,0,0,1.0,0.02162984344386132,0.021629843443633945,0.02162984344386132,0.02162984344386132,-28.551724137931615,3,False,,27
cand_6e828ab1e97b874ef25a,mcv,PRESENT,24.596515725757854,28,99.40079893475367,1,1,0,0,1.0,24.596515725757172,24.596515725757172,24.596515725757172,24.596515725757172,-6.821210263296962e-13,7,True,7,28
cand_c1b280e08554f7820efc,mcv,PRESENT,22.81281651705649,29,99.3786063027075,30,1,0,29,0.03333333333333333,22.812816517056035,-839.7714598927716,-839.7714598927716,-839.7714598927716,-4.547473508864641e-13,2,False,,29
cand_de53ce40240ea8944e3d,mcv,PRESENT,19.03136196820742,30,99.35641367066134,34,5,0,29,0.14705882352941177,19.031361968207193,-5.668579311886788,19.031361968206966,19.031361968207044,-2.2737367544323206e-13,6,False,,30
cand_5812ed9d378fdd43c70d,mcv,PRESENT,15.983168541924897,31,99.33422103861518,33,33,0,0,1.0,1.259030610890477,1.259030610890477,1.259030610890477,1.259030610890477,-14.72413793103442,4,False,,31
cand_4a2add1e80701bfed77f,mcv,PRESENT,15.96551724137953,32,99.31202840656901,36,36,0,0,1.0,15.96551724137953,1.2413793103448825,1.2413793103448825,1.2413793103449393,0.0,1,False,,32
cand_331445ebfb468230772b,mcv,PRESENT,15.677717253180163,33,99.28983577452286,36,1,0,35,0.027777777777777776,15.677717253180163,-885.9436468456668,-885.9429724019928,-885.9429724019928,0.0,1,False,,33
cand_dc56bc584ed43611f3ff,mcv,PRESENT,13.480275582194736,36,99.22325787838437,24,0,0,24,0.0,-31.089737962968456,-31.39636660866222,-31.181726556676587,-31.089737962968456,-44.57001354516319,13,False,,36
cand_457af24d276ace9acfe3,mcv,PRESENT,13.362466878469604,37,99.20106524633822,18,2,0,16,0.1111111111111111,13.362466878469604,-23.945185728507113,-9.86981110487909,13.362466878469604,0.0,4,False,,37
cand_a3ef642642353707d815,mcv,PRESENT,13.294456101701144,38,99.17887261429206,31,2,0,29,0.06451612903225806,13.294456101701144,-17.811903798643243,-11.405485178392837,0.9444854616540397,0.0,6,False,,38
cand_5156234abdd021959e64,mcv,PRESENT,12.625484766417685,39,99.15667998224589,23,23,0,0,1.0,0.009999702558616264,0.00999970255838889,0.00999970255857079,0.009999702558616264,-12.615485063859069,19,False,,39
cand_3522a619e31ba07a84d5,mcv,PRESENT,12.503899275405274,40,99.13448735019973,33,2,0,31,0.06060606060606061,12.50389927540482,-400.8330987101747,-400.83309871017445,-235.4982995159435,-4.547473508864641e-13,3,False,,40
cand_4fa98ecd2ad6069efe03,mcv,PRESENT,12.284172000143371,41,99.11229471815358,3,3,0,0,1.0,12.284172000143371,12.284172000143371,12.284172000143371,12.284172000143371,0.0,6,True,8,41
cand_ee3cde36e8831c8270ca,mcv,PRESENT,11.705927123629408,42,99.09010208610741,23,7,0,16,0.30434782608695654,0.013619431321103548,-1.1543068432949894,0.013619431320876174,0.013619431320876174,-11.692307692308304,19,False,,42
cand_81b649e48f4fdcbae5b0,mcv,PRESENT,10.987247967781514,43,99.06790945406125,30,1,0,29,0.03333333333333333,10.987247967781514,-1.1706562565616423,-0.48933303304238507,-0.48933303304238507,0.0,5,False,,43
cand_d921f4eb78d4fa0f9f71,mcv,PRESENT,10.306106153012479,44,99.0457168220151,28,15,0,13,0.5357142857142857,10.306106153011797,0.5465316849267765,0.5720664912221309,0.5720664912221309,-6.821210263296962e-13,5,False,,44
cand_61bd8d15a2050d1f9514,mcv,PRESENT,9.288267231090686,45,99.02352418996892,4,4,0,0,1.0,9.28826723109023,9.28826723109023,9.28826723109023,9.28826723109023,-4.547473508864641e-13,6,True,9,45
cand_cef18d243e8dc73a4663,mcv,PRESENT,9.263514327875782,46,99.00133155792277,3,3,0,0,1.0,9.26351432787601,9.26351432787601,9.26351432787601,9.26351432787601,2.2737367544323206e-13,8,True,10,46
cand_3b241c7ba815af7c635d,mcv,PRESENT,8.983527465484258,47,98.97913892587661,6,6,0,0,1.0,8.983527465484485,8.983527465484258,8.983527465484485,8.983527465484485,2.2737367544323206e-13,8,True,12,47
cand_6cc2cad4192c0de4f3ff,mcv,PRESENT,8.594613804346409,48,98.95694629383046,28,1,0,27,0.03571428571428571,8.594613804345954,-855.3549418461287,-854.1864505516653,-854.1864505516653,-4.547473508864641e-13,2,False,,48
cand_b003decb3dc0d1078d24,mcv,PRESENT,8.57435374148281,49,98.93475366178428,4,4,0,0,1.0,9.013980565493966,9.013980565493966,9.013980565493966,9.013980565493966,0.4396268240111567,8,True,11,49
cand_87d189706a45647005d0,mcv,PRESENT,8.557130039430376,50,98.91256102973813,11,11,0,0,1.0,8.737643062336474,6.072094963902373,8.737643062336474,8.737643062336474,0.18051302290609783,8,True,17,50
cand_47c58373f46ab880e1df,mcv,PRESENT,8.482950208148395,51,98.89036839769197,31,2,0,29,0.06451612903225806,8.48295020814794,-0.021722689048147004,-0.021722689048147004,4.230613759549897,-4.547473508864641e-13,2,False,,51
cand_0fd5113ae36c12c5203a,mcv,PRESENT,7.9610974216484465,52,98.8681757656458,31,8,0,23,0.25806451612903225,7.998365358965657,-9.580268636553,7.9983653589654296,7.9983653589654296,0.03726793731721045,10,False,,52
cand_0f6d24f9d2bd31d7fb7b,mcv,PRESENT,7.713024544638756,53,98.84598313359965,8,8,0,0,1.0,7.713024544638984,7.713024544638984,7.713024544638984,7.713024544638984,2.2737367544323206e-13,6,True,13,53
cand_76c73a6a63b08f7544f2,mcv,PRESENT,7.65517241379348,54,98.82379050155349,30,30,0,0,1.0,0.5862068965518574,0.58620689655163,0.5862068965518574,0.5862068965518574,-7.068965517241622,8,False,,54
cand_22d6479be4e2a6436516,mcv,PRESENT,7.608238735343548,55,98.80159786950732,30,30,0,0,1.0,0.5862068965518574,0.5392732181016981,0.58620689655163,0.58620689655163,-7.0220318387916905,35,False,,55
cand_269030cbb7e507aa718c,mcv,PRESENT,7.461977621277583,56,98.77940523746116,33,33,0,0,1.0,0.5418556720817378,0.5309431385185235,0.5418556720815104,0.5418556720817378,-6.9201219491958454,32,False,,56
cand_561be284fb629327bd16,fd,PRESENT,7.364799157658126,58,98.73501997336884,30,2,28,0,0.06666666666666667,7.364799157657899,0.0,0.0,4.0506395367116985,-2.2737367544323206e-13,8,False,,94
cand_7a944bbfa4a6afec5f05,mcv,PRESENT,7.348022362940355,59,98.71282734132268,7,7,0,0,1.0,7.3524809266846205,7.3524809266846205,7.3524809266846205,7.3524809266846205,0.0044585637442651205,8,True,14,58
cand_d9d4ba7fcb4cf1aadd30,mcv,PRESENT,7.105288209380888,60,98.69063470927652,36,19,0,17,0.5277777777777778,7.105288209380888,1.1735611351002717,7.105288209380433,7.105288209380433,0.0,1,False,,59
cand_42438001f797a0f49f75,mcv,PRESENT,6.981354050086338,61,98.66844207723035,8,8,0,0,1.0,6.981354050086111,6.981354050086111,6.981354050086111,6.981354050086111,-2.2737367544323206e-13,8,True,15,60
cand_55700dcc60ac0b966b7e,mcv,PRESENT,6.975007057671974,62,98.6462494451842,30,5,0,25,0.16666666666666666,6.9750070576712915,-3.5739779469654422,6.9750070576712915,6.9750070576712915,-6.821210263296962e-13,7,False,,61
cand_a7ce81ad2618c11f1ffa,mcv,PRESENT,6.56557869295284,63,98.62405681313804,17,17,0,0,1.0,6.565578692952613,4.322699643576925,5.219944097983217,6.565578692952613,-2.2737367544323206e-13,7,True,23,62
cand_f8a6286739c0e9d24de9,mcv,PRESENT,6.43449735449758,64,98.60186418109188,29,29,0,0,1.0,6.417481053438223,0.5018616342251789,6.417481053437996,6.417481053438133,-0.01701630105935692,8,False,,63
cand_8b1bffbe8ae4affeb912,mcv,PRESENT,6.417150668045906,65,98.57967154904571,13,13,0,0,1.0,6.417150668045906,6.417150668045906,6.417150668045906,6.417150668045906,0.0,2,True,16,64
cand_3e595fe493142dbe2014,mcv,PRESENT,6.173935562281258,66,98.55747891699956,31,30,0,1,0.967741935483871,6.174001577623358,2.9803717388651876,3.0159840757135044,6.174001577623358,6.601534209949023e-05,6,False,,65
cand_e020e979d653bce642bb,mcv,PRESENT,6.146935729415418,67,98.5352862849534,30,5,0,25,0.16666666666666666,6.36911615199574,-1.4773162040623902,6.111313631814028,6.253105017913844,0.22218042258032256,10,False,,66
cand_44039dad73bc808f29b8,mcv,PRESENT,5.887570373374729,68,98.51309365290723,11,11,0,0,1.0,5.887570373374501,5.887570373374501,5.887570373374501,5.887570373374501,-2.2737367544323206e-13,8,True,18,67
cand_2025650f2b995711542c,mcv,PRESENT,5.7519805192232525,69,98.49090102086107,33,33,0,0,1.0,0.4416356916365203,0.4416356916365203,0.4416356916365203,0.4416356916365203,-5.310344827586732,6,False,,68
cand_36b07fc8215f33705047,mcv,PRESENT,5.689371939477496,70,98.46870838881492,31,30,0,1,0.967741935483871,5.689371939476814,0.16158853959814223,0.1615885395983696,4.328161761155684,-6.821210263296962e-13,5,False,,69
cand_5aead1f38d51ec8d5cd7,mcv,PRESENT,5.461978382831148,71,98.44651575676875,31,6,0,25,0.1935483870967742,6.679111282902795,-1.5865471349400195,5.169795746295449,5.924453514599122,1.2171329000716469,10,False,,70
cand_0b1c6e137e6ff8df9242,mcv,PRESENT,5.3496012408877505,72,98.42432312472259,23,23,0,0,1.0,0.11883201011823985,0.11883201011823985,0.11883201011823985,0.11883201011823985,-5.230769230769511,14,False,,71
cand_2e252016e12885ccd948,mcv,PRESENT,5.342409355263044,73,98.40213049267643,32,5,0,27,0.15625,5.342409355263044,-1.4658566327068456,5.342409355262339,5.342409355262464,0.0,1,False,,72
cand_e6705691ad8647703baa,mcv,PRESENT,5.275832798231022,74,98.37993786063026,13,13,0,0,1.0,5.202209339280444,4.216101832082586,4.616959608322759,4.851059500705832,-0.07362345895057842,20,True,20,73
cand_0c1419bf2f662c574cae,mcv,PRESENT,5.219806859617165,75,98.35774522858411,33,0,0,33,0.0,-0.061362781858861126,-0.06714090992818456,-0.06714090992795718,-0.061362781858861126,-5.281169641476026,4,False,,74
cand_28e06e079b7fe2ddeb13,mcv,PRESENT,5.158161507406476,76,98.33555259653795,12,12,0,0,1.0,5.194915744027185,5.194915744026957,5.194915744027162,5.194915744027185,0.03675423662070898,10,True,19,75
cand_83de2fe54a1402fbb4d7,mcv,PRESENT,5.081546271660045,77,98.3133599644918,34,34,0,0,1.0,5.081546271660045,2.2291972783713163,5.081546271659818,5.081546271659818,0.0,3,False,,76
cand_b6aa1580763084667ca6,mcv,PRESENT,5.081310680116985,78,98.29116733244562,29,1,0,28,0.034482758620689655,5.081310680116758,-145.7058290094617,-145.7058290094617,-145.7058290094617,-2.2737367544323206e-13,4,False,,77
cand_4be74506316ce42fb70a,mcv,PRESENT,4.866107325316079,79,98.26897470039947,30,30,0,0,1.0,3.720001121059795,3.586893567726861,3.614857773543463,3.614857773543463,-1.1461062042562844,24,False,,78
cand_01d509c1fc87f2fa32a0,mcv,PRESENT,4.7277335867993315,80,98.24678206835331,29,9,0,20,0.3103448275862069,4.727733586798877,-0.06477232532188282,4.727733586798877,4.727733586798877,-4.547473508864641e-13,8,False,,79
cand_c6cd30b55aa3b4fad7b9,mcv,PRESENT,4.555498278386949,81,98.22458943630714,30,30,0,0,1.0,4.555498278386494,2.081651421932065,4.555498278386267,4.555498278386267,-4.547473508864641e-13,10,False,,80
cand_a1d4affd6740f0843453,mcv,PRESENT,4.541040057211831,82,98.20239680426099,30,1,0,29,0.03333333333333333,4.541040057212285,-0.04774498951701389,-0.034875422334380346,-0.034875422334380346,4.547473508864641e-13,3,False,,81
cand_8610d476a0cb88d48a72,mcv,PRESENT,4.472967778410748,83,98.18020417221483,15,15,0,0,1.0,4.472967778410066,4.472967778410066,4.472967778410066,4.472967778410066,-6.821210263296962e-13,7,True,21,82
cand_f166bb6178a7996a4790,mcv,PRESENT,4.423705092262935,84,98.15801154016866,29,29,0,0,1.0,4.42370509226248,1.9735308099884605,4.42370509226248,4.42370509226248,-4.547473508864641e-13,8,False,,83
cand_6e0c1544756597e43582,mcv,PRESENT,4.38425660035773,85,98.1358189081225,29,29,0,0,1.0,4.38425660035773,1.180001281208206,4.384256600357048,4.384256600357185,0.0,1,False,,84
cand_95b8d76b2122bb580189,mcv,PRESENT,4.329917424837731,86,98.11362627607635,29,9,20,0,0.3103448275862069,0.09914819406844799,0.0,0.09914819406844799,0.09914819406844799,-4.230769230769283,8,False,,85
cand_65011d7be7b583b4a90a,mcv,PRESENT,4.298205007694378,87,98.09143364403018,31,31,0,0,1.0,4.298205007694378,1.3130835654467319,1.3130835654467319,2.805644286570555,0.0,4,False,,86
cand_ade37bd28fc84c1141ca,mcv,PRESENT,4.278965671770493,88,98.06924101198402,23,23,0,0,1.0,4.279026833328771,4.278058307974334,4.279026833328726,4.279026833328771,6.116155827839975e-05,6,True,28,87
cand_e71b72f05a4a06de7693,fd,PRESENT,4.278117311873757,89,98.04704837993786,29,2,27,0,0.06896551724137931,4.278117311873302,0.0,0.0,2.566870387123836,-4.547473508864641e-13,8,False,,150
cand_662ce4da9812f7b74e80,mcv,PRESENT,4.27049868836275,90,98.0248557478917,15,5,0,10,0.3333333333333333,4.270504885055516,-1.8536564226542396,4.27050240637841,4.270504885055516,6.19669276602508e-06,4,False,,88
cand_cc4048f2a87de8850502,mcv,PRESENT,4.2015845872228965,91,98.00266311584554,29,9,20,0,0.3103448275862069,4.201584587222442,0.0,4.20158458722226,4.201584587222442,-4.547473508864641e-13,8,False,,89
cand_0feb230171e01b30b797,mcv,PRESENT,4.136739370035684,92,97.98047048379938,29,28,0,1,0.9655172413793104,4.1367393700352295,0.6146724200989411,4.1367393700352295,4.1367393700352295,-4.547473508864641e-13,8,False,,90
cand_2f85c9cfdd9bc7605443,mcv,PRESENT,4.1159871507170465,93,97.95827785175322,29,16,13,0,0.5517241379310345,1.7287531081635734,0.07446808510644587,0.07659574468084429,1.0678901627704782,-2.387234042553473,8,False,,91
cand_381d6c6f8b25371f6b73,mcv,PRESENT,4.083473851593226,94,97.93608521970705,7,7,0,0,1.0,4.0834738515929985,4.083473851592771,4.0834738515929985,4.0834738515929985,-2.2737367544323206e-13,19,True,25,92
cand_81803c78c11537bbb8ee,mcv,PRESENT,4.006704278145662,95,97.9138925876609,29,29,0,0,1.0,4.006704278145662,1.0009862766876267,3.3068672254221383,3.726769457056251,0.0,8,False,,93
cand_018a7da6c028871b96ea,mcv,PRESENT,3.8136420600831116,96,97.89169995561474,28,28,0,0,1.0,3.813642060082657,2.1363685841781717,3.813642060082657,3.813642060082657,-4.547473508864641e-13,9,False,,95
cand_d8d57a00a67cc7f9fb4f,mcv,PRESENT,3.7866107352720064,97,97.86950732356857,22,22,0,0,1.0,3.7869792714952837,3.5389356855616825,3.762174912901924,3.7869792714952837,0.00036853622327726043,8,True,29,96
cand_a703bc0ccbea6b8ef51a,mcv,PRESENT,3.768886653286245,98,97.84731469152241,8,0,0,8,0.0,-51.170156474381656,-51.17015647438188,-51.170156474381656,-51.170156474381656,-54.9390431276679,28,False,,97
cand_1086aac25bfb3ba422df,mcv,PRESENT,3.595423751700764,99,97.82512205947626,19,19,0,0,1.0,4.076869730838325,4.076869730838098,4.076869730838325,4.076869730838325,0.48144597913756115,13,True,26,98
cand_9ccac2dc89e39971c55a,mcv,PRESENT,3.4798783257710966,100,97.80292942743009,17,17,0,0,1.0,4.227561312277203,4.2275613122769755,4.2275613122769755,4.227561312277021,0.7476829865061063,19,True,24,99
cand_8d548383ec2b7f8ae6b6,mcv,PRESENT,3.46116993749456,101,97.78073679538393,21,21,0,0,1.0,3.461169937493878,3.461169937493878,3.461169937493878,3.461169937493878,-6.821210263296962e-13,10,True,30,100
cand_35f1dca2a9409187d079,mcv,PRESENT,3.430771669506612,102,97.75854416333777,36,33,0,3,0.9166666666666666,3.4307716695070667,3.335278851280009,3.4307716695068393,3.4307716695068393,4.547473508864641e-13,3,False,,101
cand_ee5e34320b4d278ebe56,mcv,PRESENT,3.4145175726425805,103,97.73635153129162,28,28,0,0,1.0,1.9850556972612594,1.9850556972612594,1.9850556972612594,1.9850556972612594,-1.429461875381321,16,False,,102
cand_3150111ef1729b245116,mcv,PRESENT,3.4116162464442823,104,97.71415889924545,36,12,0,24,0.3333333333333333,3.4116162464442823,-2.322984686267773,3.4116162464438275,3.4116162464438275,0.0,1,False,,103
cand_f36e7d2f513cb273a2d6,mcv,PRESENT,3.404882347158491,105,97.69196626719929,3,3,0,0,1.0,3.4048823471580363,3.4048823471580363,3.4048823471580363,3.4048823471580363,-4.547473508864641e-13,29,True,31,104
cand_7e5945a7c4113ee63d6f,fd,PRESENT,3.404882347158491,106,97.66977363515313,2,2,0,0,1.0,3.4048823471580363,3.4048823471580363,3.4048823471580363,3.4048823471580363,-4.547473508864641e-13,30,False,,184
cand_db2d55504f0491ddd17c,mcv,PRESENT,3.388994001456922,107,97.64758100310696,30,30,0,0,1.0,1.997189369472153,1.4948181622618222,1.997189369472153,1.997189369472153,-1.391804631984769,7,False,,105
cand_dd74eefaacbd612ed83c,mcv,PRESENT,3.373788165534279,108,97.62538837106081,30,12,0,18,0.4,3.3737881655345063,-4.982277900110262,3.3737881655345063,3.3737881655345063,2.2737367544323206e-13,7,False,,106
cand_ccf7cccf750ab88f4a07,mcv,PRESENT,3.3674861020435856,109,97.60319573901465,25,25,0,0,1.0,3.367486102043358,3.3284310933204324,3.367486102043358,3.367486102043358,-2.2737367544323206e-13,8,True,32,107
cand_3fa2eba87f1d709a0ce0,mcv,PRESENT,3.3447422136441674,110,97.58100310696848,36,19,0,17,0.5277777777777778,3.3447422136441674,3.1570953235329853,3.3447422136433715,3.344742213643542,0.0,1,False,,108
cand_332af8f0d3d1e1be0cd4,mcv,PRESENT,3.3324252867560062,111,97.55881047492232,29,4,0,25,0.13793103448275862,3.3324252867560062,-2.430841466911488,3.332425286755779,3.332425286755779,0.0,10,False,,109
cand_34d0cc3759e6064b8920,mcv,PRESENT,3.3254081339564436,112,97.53661784287617,25,14,0,11,0.56,0.11051451693469971,0.006259197785766446,0.11051451693460876,0.11051451693469971,-3.214893617021744,23,False,,110
cand_7adaf5095a7c23451601,mcv,PRESENT,3.300368758159493,113,97.51442521083,27,27,0,0,1.0,3.3003687581590384,0.003227273313314072,3.3003687581590384,3.3003687581590384,-4.547473508864641e-13,10,False,,111
cand_c2f7f66d5956bf86e75e,mcv,PRESENT,3.256714958066368,114,97.49223257878384,2,0,2,0,0.0,0.0,0.0,0.0,0.0,-3.256714958066368,35,False,,112
cand_0c65c575ba0117fe078d,mcv,PRESENT,3.178884165487034,115,97.47003994673769,27,27,0,0,1.0,2.0551818739418195,2.0551818739418195,2.0551818739418195,2.0551818739418195,-1.1237022915452144,10,False,,113
cand_6f14b3786d2f81d26e39,mcv,PRESENT,3.1689576174112517,116,97.44784731469153,24,24,0,0,1.0,3.1689576174112517,3.1689576174112517,3.1689576174112517,3.1689576174112517,0.0,10,True,33,114
cand_4686d1e53c61770597d2,mcv,PRESENT,3.1172788360936465,117,97.42565468264536,34,15,0,19,0.4411764705882353,3.1172788360936465,-2.2628603238358664,3.117278836093419,3.1172788360934987,0.0,3,False,,115
cand_1420db7ca1404e5cf7be,mcv,PRESENT,3.100221325455095,118,97.4034620505992,4,4,0,0,1.0,3.100221325455095,3.100221325455095,3.100221325455095,3.100221325455095,0.0,31,True,34,116
cand_d058042cb251383c3570,mcv,PRESENT,3.0996948300744407,119,97.38126941855305,29,1,0,28,0.034482758620689655,3.099694830073986,-0.13482671692440817,-0.1348267169241808,-0.1348267169241808,-4.547473508864641e-13,8,False,,117
cand_18d8265c1c81be8e49f0,mcv,PRESENT,3.0717440517037176,120,97.35907678650688,28,10,0,18,0.35714285714285715,3.0717440517030354,-2.7990828041731675,3.0717440517030354,3.0717440517030354,-6.821210263296962e-13,9,False,,118
cand_9720b13132f0b16cd34d,mcv,PRESENT,3.067153643333768,121,97.33688415446072,29,0,0,29,0.0,-0.08669251051219362,-1.2551838049757862,-0.08669251051219362,-0.08669251051219362,-3.1538461538459615,8,False,,119
cand_52ad5ac85b2698970333,mcv,PRESENT,3.0638808585990773,122,97.31469152241456,36,18,0,18,0.5,3.1854930422828147,0.18927352250238982,3.1854930422825873,3.1854930422828147,0.12161218368373738,8,False,,120
cand_5fd5effd9a25236a1423,mcv,PRESENT,3.0561235972136274,123,97.29249889036839,29,10,0,19,0.3448275862068966,3.0561235972131726,-0.7154391014203156,3.0561235972131726,3.0561235972131726,-4.547473508864641e-13,8,False,,121
cand_ca8b2ddd79d99e80f79c,mcv,PRESENT,3.024466778622809,124,97.27030625832224,27,27,0,0,1.0,3.0244667786230366,3.024466778622809,3.0244667786230366,3.0244667786230366,2.2737367544323206e-13,10,False,,122
cand_91580156139377aa6dd0,mcv,PRESENT,2.8691236263957762,125,97.24811362627608,34,34,0,0,1.0,2.869123626395549,2.8607036164894453,2.8691236263954805,2.869123626395549,-2.2737367544323206e-13,6,False,,123
cand_c4ad087dc25009a10680,mcv,PRESENT,2.8435085666806117,126,97.22592099422991,30,4,0,26,0.13333333333333333,2.843508566680839,-1.3428278799431155,2.8435085666806117,2.843508566680737,2.2737367544323206e-13,8,False,,124
cand_9e9013be9d95a31d929b,mcv,PRESENT,2.8220998831739053,127,97.20372836218375,27,27,0,0,1.0,2.94047485195415,2.8220998831734505,2.94047485195415,2.94047485195415,0.11837496878024467,19,True,35,125
cand_036477fae086759165c9,mcv,PRESENT,2.812380717996348,128,97.1815357301376,36,36,0,0,1.0,2.812380717996348,2.1466589024146288,2.812380717995893,2.812380717995893,0.0,1,False,,126
cand_47880968d98592dbb9f7,mcv,PRESENT,2.797425628840756,129,97.15934309809144,25,8,17,0,0.32,2.7974256288405286,0.0,2.7974256288405286,2.7974256288405286,-2.2737367544323206e-13,9,False,,127
cand_51e3b546d3d2da59a676,mcv,PRESENT,2.7440373826375435,130,97.13715046604527,29,13,0,16,0.4482758620689655,1.2833806019034455,-0.30266004374834665,1.2833806019034455,1.2833806019034455,-1.460656780734098,8,False,,128
cand_481f60b0e72e9fe06bc2,mcv,PRESENT,2.73154706376954,131,97.11495783399911,29,29,0,0,1.0,2.7315470637688577,2.7315470637688577,2.7315470637688577,2.7315470637688577,-6.821210263296962e-13,8,False,,129
cand_fa7bacf839d8fa453209,mcv,PRESENT,2.7141509191051227,132,97.09276520195296,34,12,0,22,0.35294117647058826,2.7141509191048954,-5.391634374958244,2.7141509191048954,2.7141509191048954,-2.2737367544323206e-13,6,False,,130
cand_477b95f78964d9b306cc,mcv,PRESENT,2.69687151040398,133,97.07057256990679,35,35,0,0,1.0,2.6968715104035255,2.6968715104035255,2.6968715104035255,2.6968715104035255,-4.547473508864641e-13,2,True,36,131
cand_5b59edd448334517428a,mcv,PRESENT,2.6705803705799553,134,97.04837993786063,36,26,0,10,0.7222222222222222,3.730160588419267,2.6705803705799553,3.730160588419267,3.730160588419267,1.0595802178393114,13,False,,132
cand_d79e29a02ee5a975af2d,fd,PRESENT,2.6549790004437455,135,97.02618730581447,29,1,28,0,0.034482758620689655,2.654979000443518,0.0,0.0,0.0,-2.2737367544323206e-13,8,False,,233
cand_f07894ff650f6d2bb1f6,mcv,PRESENT,2.654826996376869,136,97.0039946737683,29,28,0,1,0.9655172413793104,2.695880943039583,2.253969220136014,2.695880943039583,2.695880943039583,0.041053946662714225,21,False,,133
cand_5d313cecc0529840e133,mcv,PRESENT,2.5991906113795267,137,96.98180204172215,33,4,0,29,0.12121212121212122,2.599190611379072,-23.2448843584923,-2.3201125337723454,2.599190611379072,-4.547473508864641e-13,4,False,,134
cand_1fc39e9d6b42e42830c5,mcv,PRESENT,2.565212408856496,138,96.95960940967599,29,29,0,0,1.0,2.749763792603744,2.7497637926035168,2.749763792603744,2.749763792603744,0.1845513837472481,8,False,,135
cand_1c55c938028c95e971ef,fd,PRESENT,2.54244705000292,139,96.93741677762982,31,11,20,0,0.3548387096774194,2.5424470500031475,0.0,2.5424470500031475,2.5424470500031475,2.2737367544323206e-13,7,False,,241
cand_f637986864fa60dd488f,mcv,PRESENT,2.534906851618871,140,96.91522414558366,28,28,0,0,1.0,2.534906851618871,2.3537936482739497,2.534906851618871,2.534906851618871,0.0,9,False,,136
cand_ec6d19a7990c8b437561,fd,PRESENT,2.531673990899435,141,96.89303151353751,29,11,18,0,0.3793103448275862,2.5316739908992076,0.0,2.5316739908992076,2.5316739908992076,-2.2737367544323206e-13,8,False,,242
cand_d5e8a1cee1dff6e86d50,fd,PRESENT,2.492473670217805,142,96.87083888149135,24,18,6,0,0.75,1.6660162409800705,1.2476221837468984,1.2476221837471257,1.2476221837471257,-0.8264574292377347,13,False,,245
cand_039a80bdf65c1ea4a2b6,mcv,PRESENT,2.4609011270831616,143,96.84864624944518,12,12,0,0,1.0,2.460901127082934,2.043061547635716,2.460901127082707,2.460901127082809,-2.2737367544323206e-13,26,False,,137
cand_75d6ab6bcdb4d5b4544a,mcv,PRESENT,2.4586461465041793,144,96.82645361739903,29,29,0,0,1.0,2.4586461465037246,2.458646146503497,2.4586461465037246,2.4586461465037246,-4.547473508864641e-13,8,False,,138
cand_112c95f7e92f39199f7b,mcv,PRESENT,2.452671262387412,145,96.80426098535287,29,29,0,0,1.0,2.4526712623867297,2.4526712623867297,2.4526712623867297,2.4526712623867297,-6.821210263296962e-13,8,False,,139
cand_cbdfb60172a3873301ce,mcv,PRESENT,2.4373601789711756,146,96.7820683533067,30,11,19,0,0.36666666666666664,2.4373601789709483,0.0,2.4373601789709483,2.4373601789709483,-2.2737367544323206e-13,7,False,,140
cand_35cd5c9053d625e98cca,mcv,PRESENT,2.435661453397188,147,96.75987572126054,31,31,0,0,1.0,2.435661453396733,0.8866285986200637,2.4356614533965057,2.4356614533965057,-4.547473508864641e-13,3,False,,141
cand_5268eb470bdaa430c408,mcv,PRESENT,2.3939019412500784,148,96.73768308921439,28,28,0,0,1.0,2.1418982872482957,2.1418982872480683,2.1418982872482957,2.1418982872482957,-0.2520036540017827,10,False,,142
cand_740a23d69a8057017497,mcv,PRESENT,2.3858809295525134,149,96.71549045716822,29,13,0,16,0.4482758620689655,1.7378444814735303,-1.1521641930269197,1.3246471054694666,1.572565531071904,-0.6480364480789831,8,False,,143
cand_4cbc727edd33adc9e4ae,mcv,PRESENT,2.380423044748568,150,96.69329782512206,29,29,0,0,1.0,2.3804230447483405,2.380423044748113,2.3804230447483405,2.3804230447483405,-2.2737367544323206e-13,10,False,,144
cand_74a354f6deffa32929a3,mcv,PRESENT,2.3371797435729604,151,96.6711051930759,29,29,0,0,1.0,2.3371797435729604,0.6040510555160381,2.3371797435729604,2.3371797435729604,0.0,8,False,,145
cand_bf9a7a8f3c02f710a33a,mcv,PRESENT,2.3341835965729842,152,96.64891256102973,29,29,0,0,1.0,2.3263950561204183,1.9306610274943523,2.3263950561204183,2.3263950561204183,-0.00778854045256594,8,False,,146
cand_58f36035c2a5618f8b30,mcv,PRESENT,2.3227376480053863,153,96.62671992898358,29,29,0,0,1.0,2.322737648004704,1.1312318975592461,1.9880917291591231,1.9880917291591231,-6.821210263296962e-13,8,False,,147
cand_0a13a0a89a8179a53161,mcv,PRESENT,2.260127049640687,155,96.58233466489125,24,24,0,0,1.0,2.260127049640687,2.260127049640687,2.260127049640687,2.260127049640687,0.0,13,False,,149
cand_5983077c4de2780600c0,mcv,PRESENT,2.2213834484082327,156,96.56014203284509,34,17,0,17,0.5,2.2213834484082327,-0.7140299795300962,2.2213834484080053,2.2213834484080053,0.0,3,False,,151
cand_e657dede1fc96d85adcf,mcv,PRESENT,2.219467419049579,157,96.53794940079894,36,36,0,0,1.0,2.219467419049579,0.4703267977397445,2.2194674190493515,2.2194674190494084,0.0,1,False,,152
cand_2cb6a897e76ad672bd39,mcv,PRESENT,2.2101992330817666,158,96.51575676875278,20,16,0,4,0.8,2.2101992330817666,2.210199233081539,2.2101992330817666,2.2101992330817666,0.0,19,False,,153
cand_d98e2b4cc3af03827012,mcv,PRESENT,2.20862519826278,159,96.49356413670661,28,28,0,0,1.0,2.208133239042809,2.2081332390425814,2.208133239042809,2.208133239042809,-0.0004919592199712497,10,False,,154
cand_70d3c61d1c1af3792df9,fd,PRESENT,2.1874293530954674,160,96.47137150466045,29,29,0,0,1.0,2.1874293530954674,2.1874293530954674,2.1874293530954674,2.1874293530954674,0.0,8,False,,259
cand_f23fc56679d27f2f2036,mcv,PRESENT,2.171766617263529,161,96.4491788726143,30,30,0,0,1.0,2.1717666172633017,0.327625570776263,2.1717666172633017,2.1717666172633017,-2.2737367544323206e-13,7,False,,155
cand_78e3beef5978834cc970,mcv,PRESENT,2.1477432994179253,162,96.42698624056813,21,21,0,0,1.0,1.505843361767802,0.4153489928239651,1.5058433617675746,1.5058433617675746,-0.6418999376501233,16,False,,156
cand_a3809685157feb3c8443,mcv,PRESENT,2.1309299971180735,163,96.40479360852197,28,28,0,0,1.0,2.8969122653827526,2.14360789800412,2.8969122653827526,2.8969122653827526,0.7659822682646791,15,False,,157
cand_32bbea0f6bd2eb192725,mcv,PRESENT,2.1204719940687937,164,96.38260097647581,31,7,0,24,0.22580645161290322,2.120471994069021,-4.66917283482303,2.1204719940687937,2.1204719940689074,2.2737367544323206e-13,8,False,,158
cand_b1af6ad500a7dd0fcebb,mcv,PRESENT,2.1198172136646463,165,96.36040834442964,27,27,0,0,1.0,2.1198172136641915,1.8557400803185828,2.1198172136641915,2.1198172136641915,-4.547473508864641e-13,10,False,,159
cand_04b210a04ba4f6be985b,mcv,PRESENT,2.0986904250485168,166,96.33821571238349,24,24,0,0,1.0,2.098690425048062,2.090440042968339,2.098690425048062,2.098690425048062,-4.547473508864641e-13,13,False,,160
cand_f7c6fb9cdc5ac588654f,mcv,PRESENT,2.0838956923726073,167,96.31602308033733,27,27,0,0,1.0,2.6659618300952843,2.0838956923728347,2.6659618300952843,2.6659618300952843,0.582066137722677,25,False,,161
cand_ac94b02b624db07543c6,mcv,PRESENT,2.0684931506848443,168,96.29383044829116,3,3,0,0,1.0,2.0684931506848443,2.0684931506848443,2.0684931506848443,2.0684931506848443,0.0,4,False,,162
cand_42da0273b9939dabcfb6,mcv,PRESENT,2.050745195210766,169,96.271637816245,31,31,0,0,1.0,2.077367357063167,0.45861190791583795,2.0507451952105384,2.0507451952105384,0.026622161852401405,11,False,,163
cand_a5ea581bb45b37510ac2,mcv,PRESENT,2.0453782014428725,170,96.24944518419885,29,29,0,0,1.0,2.7899517192581698,2.0366473518795374,2.7899517192579877,2.7899517192581698,0.7445735178152972,19,False,,164
cand_56732c3d3b0dcf440ffe,mcv,PRESENT,2.000121525511531,171,96.22725255215269,29,29,0,0,1.0,2.000121525511531,0.7555767393857877,2.000121525511304,2.00012152551144,0.0,10,False,,165
cand_d381e290f5125de88a52,mcv,PRESENT,1.9971239166943633,172,96.20505992010652,31,1,0,30,0.03225806451612903,1.9971239166939085,-0.0429248709156127,-0.040169377814663676,-0.0401693778144363,-4.547473508864641e-13,3,False,,166
cand_acf9ac801ea9622c3c35,mcv,PRESENT,1.9959166739718057,173,96.18286728806036,26,6,20,0,0.23076923076923078,1.9959166739715783,0.0,1.9959166739714647,1.9959166739715783,-2.2737367544323206e-13,8,False,,167
cand_8c66ffbd5d9f670ff6f3,mcv,PRESENT,1.9886483357668112,174,96.16067465601421,32,12,0,20,0.375,1.9886483357668112,-3.9267947022078715,1.9886483357668112,1.9886483357668112,0.0,1,False,,168
cand_b968725e2259713b88f7,mcv,PRESENT,1.98828012890408,175,96.13848202396804,36,36,0,0,1.0,2.184360397694718,2.1480664145096853,2.1843603976944905,2.1843603976944905,0.196080268790638,10,False,,169
cand_a0ba5642953dc50f47a8,mcv,PRESENT,1.9853912139951717,176,96.11628939192188,30,30,0,0,1.0,1.985391213994717,0.20491473911988578,1.866765936832985,1.8667659368331897,-4.547473508864641e-13,4,False,,170
cand_c0609d46dd5c82cc2486,mcv,PRESENT,1.9624182812176514,177,96.09409675987573,28,28,0,0,1.0,2.1881616111954827,1.9624182812171966,2.1881616111954827,2.1881616111954827,0.2257433299778313,19,False,,171
cand_bd6709e22aa12e4057df,mcv,PRESENT,1.9592726723785745,178,96.07190412782955,30,17,0,13,0.5666666666666667,1.9592726723778924,0.8158126753913848,0.8158126753914985,1.4447156737340119,-6.821210263296962e-13,7,False,,172
cand_0718248c326fdea95dc0,mcv,PRESENT,1.9551574294100647,179,96.0497114957834,29,25,0,4,0.8620689655172413,1.9551574294093825,1.9551574294093825,1.9551574294093825,1.9551574294093825,-6.821210263296962e-13,8,False,,173
cand_a2c8ae0b4831720bf238,mcv,PRESENT,1.9536206404745826,180,96.02751886373724,29,13,0,16,0.4482758620689655,0.4929638597400299,-0.3161545238915551,0.4929638597400299,0.4929638597400299,-1.4606567807345527,8,False,,174
cand_87ac3ce4e09bd9c6e697,mcv,PRESENT,1.9525167522006086,181,96.00532623169107,29,29,0,0,1.0,2.109824413168326,1.9463993802537516,2.1098244131680985,2.109824413168235,0.1573076609677173,19,False,,175
cand_5eb2b520c58850b82b73,mcv,PRESENT,1.94845892756166,182,95.98313359964492,28,28,0,0,1.0,1.9484589275614326,0.2463643879295887,1.9484589275612052,1.948458927561353,-2.2737367544323206e-13,10,False,,176
cand_07683d9eb5a1ba91f441,mcv,PRESENT,1.9381123130042397,183,95.96094096759876,29,29,0,0,1.0,2.647793482320367,1.9378820457716301,2.6477934823201394,2.647793482320276,0.7096811693161271,10,False,,177
cand_facb4600507005739399,mcv,PRESENT,1.9148893565716207,184,95.9387483355526,28,28,0,0,1.0,1.9148893565716207,1.9033589568077787,1.9148893565716207,1.9148893565716207,0.0,10,False,,178
cand_b240da9bc9d6224862d6,mcv,PRESENT,1.8415317403259905,185,95.91655570350643,27,27,0,0,1.0,2.0652775521373314,2.065277552137104,2.065277552137104,2.065277552137104,0.2237458118113409,26,False,,179
cand_e4bed9ca8874797ffed7,mcv,PRESENT,1.8333121620180464,186,95.89436307146028,10,10,0,0,1.0,1.8333121620180464,1.8333121620180464,1.8333121620180464,1.8333121620180464,0.0,27,False,,180
cand_d1c554244b09e48a28cf,mcv,PRESENT,1.8277764750873757,187,95.87217043941412,28,28,0,0,1.0,1.827776475086921,1.827776475086921,1.827776475086921,1.827776475086921,-4.547473508864641e-13,9,False,,181
cand_4e0a0283c72566b0846b,mcv,PRESENT,1.8168020571229135,188,95.84997780736795,30,30,0,0,1.0,1.810123893904347,0.3510822252574144,1.8101238939041422,1.810123893904347,-0.006678163218566624,8,False,,182
cand_85f41fcdb04cb24776dd,mcv,PRESENT,1.8068714131240995,189,95.8277851753218,28,28,0,0,1.0,1.8068714131238721,1.581986396594857,1.8068714131238721,1.8068714131238721,-2.2737367544323206e-13,9,False,,183
cand_b5e799b704e6103f74b7,mcv,PRESENT,1.7774780897461824,190,95.80559254327564,28,28,0,0,1.0,1.789485765747031,1.3421186658979423,1.770008020754176,1.782668554999384,0.012007676000848733,19,False,,185
cand_5b7d924a788bf2305714,mcv,PRESENT,1.7741588977050924,191,95.78339991122947,29,1,0,28,0.034482758620689655,1.7741588977044103,-0.19209477037520628,-0.1920947703749789,-0.1920947703749789,-6.821210263296962e-13,8,False,,186
cand_f10c6277c7e6df1ec6f3,mcv,PRESENT,1.7712065197083575,192,95.76120727918331,20,20,0,0,1.0,1.86845886029937,1.8684588602991425,1.86845886029937,1.86845886029937,0.0972523405910124,20,False,,187
cand_b5cbaeaae5fe647ee429,mcv,PRESENT,1.7687789533720206,193,95.73901464713715,29,29,0,0,1.0,1.6808310031724432,1.4820808373931413,1.4820808373931413,1.4820808373931413,-0.08794795019957746,8,False,,188
cand_d2802a2b68937c9e8b92,mcv,PRESENT,1.7670203273046354,194,95.71682201509098,29,17,0,12,0.5862068965517241,1.7364150050159424,1.7331920959229592,1.7364150050159424,1.7364150050159424,-0.03060532228869306,8,False,,189
cand_8df9473e13b6541fbd7e,mcv,PRESENT,1.7609516458560392,195,95.69462938304483,29,0,0,29,0.0,-0.05434869169130252,-0.05434869169152989,-0.054348691691484416,-0.05434869169130252,-1.8153003375473418,10,False,,190
cand_ed88c00743dee3aca0c1,mcv,PRESENT,1.7559682812370738,196,95.67243675099867,29,29,0,0,1.0,1.7534686159663124,0.5404992906230746,1.753468615966085,1.7534686159662214,-0.0024996652707613976,8,False,,191
cand_309c0e5e39ca6c078ec6,mcv,PRESENT,1.747701942013009,197,95.65024411895251,28,28,0,0,1.0,1.6107273017946682,1.4820056911419215,1.610727301794509,1.6107273017946682,-0.13697464021834094,19,False,,192
cand_2ed0f038c6f18978624b,mcv,PRESENT,1.7162043698117486,198,95.62805148690634,6,6,0,0,1.0,1.729628733996151,1.729628733996151,1.729628733996151,1.729628733996151,0.013424364184402293,31,False,,193
cand_b07663b5adfe71cbb864,mcv,PRESENT,1.7144200994689527,199,95.60585885486019,16,16,0,0,1.0,1.7144200994687253,1.714420099468498,1.7144200994687253,1.7144200994687253,-2.2737367544323206e-13,23,False,,194
cand_03dcc0674490dcbef5da,mcv,PRESENT,1.7105490146495868,200,95.58366622281403,28,28,0,0,1.0,1.7297889422613935,1.460334708524897,1.7297889422613935,1.7297889422613935,0.019239927611806706,28,False,,195
cand_58e63ce8ad3e712827dd,mcv,PRESENT,1.7034880259097918,201,95.56147359076786,36,36,0,0,1.0,1.7034880259097918,1.7034880259091096,1.703488025909337,1.703488025909337,0.0,1,False,,196
cand_7beddf5935c3c66e8d8e,mcv,PRESENT,1.692193044029409,202,95.5392809587217,27,5,0,22,0.18518518518518517,0.9074167727551412,-0.41540015123814555,0.9074167727551412,0.9074167727551412,-0.7847762712742679,10,False,,197
cand_fe695df3b6b2c02062a1,mcv,PRESENT,1.686020472342534,203,95.51708832667555,30,30,0,0,1.0,1.6860204723423067,1.6860204723420793,1.6860204723423067,1.6860204723423067,-2.2737367544323206e-13,10,False,,198
cand_02f9ec546e2c8140d63e,mcv,PRESENT,1.6849966770678293,204,95.49489569462938,21,21,0,0,1.0,1.684996677067602,1.6849966770673745,1.684996677067602,1.684996677067602,-2.2737367544323206e-13,19,False,,199
cand_97c63dcbc3734a8b30b7,mcv,PRESENT,1.6743189968910883,205,95.47270306258322,21,2,0,19,0.09523809523809523,1.674318996890861,-0.13034980621409886,-0.13034980621409886,1.674318996890861,-2.2737367544323206e-13,14,False,,200
cand_62cfa73cc1312af98c62,mcv,PRESENT,1.6732095853840292,206,95.45051043053707,32,0,0,32,0.0,-0.5457821075408447,-0.7516893977287964,-0.7468840818069111,-0.6563881933871814,-2.218991692924874,5,False,,201
cand_05d839b22a9b165d5fcf,mcv,PRESENT,1.670633948696377,207,95.4283177984909,36,12,0,24,0.3333333333333333,1.670633948696377,-6.415665057433898,1.6706339486959223,1.6706339486959791,0.0,1,False,,202
cand_183c9814100e51ab2a39,mcv,PRESENT,1.6695762975878097,208,95.40612516644474,29,29,0,0,1.0,1.669576297588037,1.6695762975878097,1.669576297588037,1.669576297588037,2.2737367544323206e-13,8,False,,203
cand_4d492ec06bf28997e96a,mcv,PRESENT,1.6620722264487995,209,95.38393253439858,17,17,0,0,1.0,0.009377001108987315,0.009377001108759941,0.009377001108987315,0.009377001108987315,-1.6526952253398122,20,False,,204
cand_523097ae2a5b51ba0691,fd,PRESENT,1.656063612914295,210,95.36173990235243,16,16,0,0,1.0,0.004979405180620233,0.00497940518039286,0.004979405180620233,0.004979405180620233,-1.6510842077336747,23,False,,297
cand_d5e8c038c8539093c799,mcv,PRESENT,1.6385448088967678,211,95.33954727030626,36,12,0,24,0.3333333333333333,1.6385448088967678,-1.0868982290783151,1.638544808896313,1.6385448088965404,0.0,1,False,,205
cand_5f7ad4ebfc464fe6e48d,fd,PRESENT,1.6362536745000398,212,95.3173546382601,29,29,0,0,1.0,1.636253674499585,1.636253674499585,1.636253674499585,1.636253674499585,-4.547473508864641e-13,8,False,,299
cand_cfe4160d223a30e906b6,mcv,PRESENT,1.6091335208548116,213,95.29516200621394,27,23,0,4,0.8518518518518519,1.6091335208548116,1.6091335208545843,1.6091335208548116,1.6091335208548116,0.0,10,False,,206
cand_b654917100dc68487715,fd,PRESENT,1.6087838932817249,214,95.27296937416777,14,14,0,0,1.0,1.6087838932812701,1.6087838932810428,1.6087838932810428,1.6087838932811223,-4.547473508864641e-13,26,False,,303
cand_302653948f00b010bacf,mcv,PRESENT,1.605502719597098,215,95.25077674212162,29,29,0,0,1.0,1.6055027195966431,1.6055027195966431,1.6055027195966431,1.6055027195966431,-4.547473508864641e-13,8,False,,207
cand_b7a1a0155bcdb9bc978b,fd,PRESENT,1.605502719597098,216,95.22858411007546,29,29,0,0,1.0,1.6055027195966431,1.6055027195966431,1.6055027195966431,1.6055027195966431,-4.547473508864641e-13,8,False,,304
cand_b6ccb4d1c25dd15d3e1b,mcv,PRESENT,1.6043375652252507,217,95.20639147802929,17,0,0,17,0.0,-0.054558043298811754,-0.054558043298811754,-0.054558043298811754,-0.054558043298811754,-1.6588956085240625,20,False,,208
cand_b5e65782ae85de09be25,mcv,PRESENT,1.603440358251646,218,95.18419884598313,29,16,13,0,0.5517241379310345,1.603440358251646,1.603440358251646,1.603440358251646,1.603440358251646,0.0,8,False,,209
cand_4805f0d30026df8f6484,mcv,PRESENT,1.6000520884826983,219,95.16200621393698,29,29,0,0,1.0,1.600052088482471,1.2933703749145025,1.2933703749145025,1.2933703749145025,-2.2737367544323206e-13,8,False,,210
cand_d2f3ebf812b68b535b3b,mcv,PRESENT,1.5981315586059281,220,95.1398135818908,16,3,0,13,0.1875,1.598131558605246,-0.007622159401762474,1.598131558605246,1.598131558605246,-6.821210263296962e-13,4,False,,211
cand_4a86723e6d61d5d4475a,mcv,PRESENT,1.58262456385728,222,95.0954283177985,28,9,0,19,0.32142857142857145,1.5778349543986678,-4.481120032645094,1.5778349543984405,1.5778349543985883,-0.004789609458612176,10,False,,213
cand_d0de124d431b024784b5,mcv,PRESENT,1.5736479084580424,223,95.07323568575234,29,29,0,0,1.0,1.5736479084580424,1.5036872900568596,1.5736479084580424,1.5736479084580424,0.0,8,False,,214
cand_25ad575ae2a9b8b250c6,mcv,PRESENT,1.5581380143767092,224,95.05104305370617,29,28,1,0,0.9655172413793104,1.558138014376027,1.1416937495607726,1.558138014376027,1.558138014376027,-6.821210263296962e-13,8,False,,215
cand_124cd5901772b276a5ae,mcv,PRESENT,1.5522857765099616,225,95.02885042166001,29,29,0,0,1.0,1.0778650029219534,1.0773835186664655,1.0778650029219534,1.0778650029219534,-0.47442077358800816,8,False,,216
cand_864723d1cde663cf0ae2,mcv,PRESENT,1.549639893785752,226,95.00665778961385,20,20,0,0,1.0,1.0149778066293038,1.0149778066290764,1.0149778066293038,1.0149778066293038,-0.5346620871564483,19,False,,217
cand_16571c00db147822ebc9,mcv,PRESENT,1.5438843043848465,227,94.98446515756768,25,25,0,0,1.0,1.5438843043848465,0.002848398509740946,0.005313809532253799,0.005313809532253799,0.0,1,False,,218
cand_7dee1e452635184892e1,mcv,PRESENT,1.5399265385076433,228,94.96227252552153,29,6,0,23,0.20689655172413793,1.539926538507416,-10.086272591801617,1.539926538507234,1.539926538507416,-2.2737367544323206e-13,8,False,,219
cand_6f3e725b868a0da5af21,mcv,PRESENT,1.5322708573503405,229,94.94007989347537,36,19,0,17,0.5277777777777778,1.6773445137498584,1.5322708573498858,1.5322708573503405,1.677344513749631,0.14507365639951786,19,False,,220
cand_71b6f022627101b2b25e,mcv,PRESENT,1.5307632187223135,230,94.9178872614292,28,28,0,0,1.0,1.5441875829071705,1.5307632187223135,1.5441875829071705,1.5441875829071705,0.01342436418485704,19,False,,221
cand_3a40358c39ff968a8a21,mcv,PRESENT,1.505655983761244,231,94.89569462938304,25,25,0,0,1.0,2.035309536315026,2.035309536315026,2.035309536315026,2.035309536315026,0.529653552553782,14,False,,222
cand_bd70cc06ec61f0e41e35,mcv,PRESENT,1.5053102195452084,232,94.87350199733689,20,20,0,0,1.0,1.191597874307945,0.8578037287109055,1.191597874307945,1.191597874307945,-0.31371234523726343,19,False,,223
cand_4888cdddaff6b7861754,mcv,PRESENT,1.5029590817021017,233,94.85130936529072,30,30,0,0,1.0,1.5029590817014196,0.7857801863873419,1.0020827806565649,1.0020827806565649,-6.821210263296962e-13,5,False,,224
cand_355d83c88bdd4c0fb51c,mcv,PRESENT,1.4704268137638792,234,94.82911673324456,29,29,0,0,1.0,1.4704268137641066,1.4704268137641066,1.4704268137641066,1.4704268137641066,2.2737367544323206e-13,8,False,,225
cand_29ce41b16bbf6b90dbc4,mcv,PRESENT,1.4624508442493607,235,94.8069241011984,28,28,0,0,1.0,1.5452688200791727,1.3796226847728121,1.5452688200791727,1.5452688200791727,0.08281797582981199,15,False,,226
cand_8cc948438c501c41b28c,mcv,PRESENT,1.4571495563695862,236,94.78473146915225,33,33,0,0,1.0,1.4571495563695862,1.4571495563693588,1.4571495563695862,1.4571495563695862,0.0,3,False,,227
cand_3697b349a80b8efc0600,mcv,PRESENT,1.4563012720036568,237,94.76253883710608,18,18,0,0,1.0,1.7410706882139948,1.7410706882137674,1.7410706882139948,1.7410706882139948,0.284769416210338,26,False,,228
cand_c86ac96cb1abfce2532c,mcv,PRESENT,1.4304270554175673,238,94.74034620505992,29,29,0,0,1.0,1.4344270554177,0.899268487142308,1.4344270554177,1.4344270554177,0.004000000000132786,13,False,,229
cand_74628a20a6806e8b32fc,mcv,PRESENT,1.4202545291846036,239,94.71815357301377,29,16,0,13,0.5517241379310345,2.129935698500958,1.4159669164330353,2.129935698500958,2.129935698500958,0.7096811693163545,8,False,,230
cand_d36d7d030bd21a8e3d0d,mcv,PRESENT,1.4063473356691247,240,94.6959609409676,36,36,0,0,1.0,1.4063473356691247,0.09600250808296096,0.10005342943463802,0.10005342943463802,0.0,1,False,,231
cand_af21d11873126087cd80,mcv,PRESENT,1.4041959923306422,241,94.67376830892144,33,33,0,0,1.0,0.09675206586939566,0.09319160930635917,0.09675206586916829,0.09675206586939566,-1.3074439264612465,32,False,,232
cand_43a3c3f4269bb5996fd3,mcv,PRESENT,1.3862919352532117,242,94.65157567687528,28,15,0,13,0.5357142857142857,1.386291935252757,0.06329830542040327,1.3862919352525296,1.3862919352526775,-4.547473508864641e-13,10,False,,234
cand_32c0ec8a872a788ae5f3,mcv,PRESENT,1.378858166257487,243,94.62938304482911,10,10,0,0,1.0,1.3788581662577144,1.378858166257487,1.3788581662575097,1.378858166257612,2.2737367544323206e-13,35,False,,235
cand_d4f450497273c7b697ea,mcv,PRESENT,1.371646363556465,244,94.60719041278296,24,24,0,0,1.0,1.3716463635560103,1.0750163776029922,1.3714438723272906,1.3714438723272906,-4.547473508864641e-13,13,False,,236
cand_80e3d1fab7076e370d2f,mcv,PRESENT,1.3669338092695398,245,94.5849977807368,28,1,0,27,0.03571428571428571,1.3669338092693124,-0.02109279826936472,-0.021092798269137347,-0.021092798269137347,-2.2737367544323206e-13,4,False,,237
cand_30cdf2945a7d5cee1f78,mcv,PRESENT,1.3568695691183166,246,94.56280514869063,31,14,0,17,0.45161290322580644,1.3573720286303796,-3.0085561510682055,1.3573720286303796,1.3573720286303796,0.0005024595120630693,6,False,,238
cand_d3b9b4a74dd9445adcec,fd,PRESENT,1.3414056992942278,247,94.54061251664447,30,17,13,0,0.5666666666666667,1.3414056992942278,1.3414056992940004,1.3414056992942278,1.3414056992942278,0.0,8,False,,334
cand_ff488ccbe84981d5850d,mcv,PRESENT,1.3338740572426104,248,94.51841988459832,30,17,0,13,0.5666666666666667,1.3338740572428378,0.011057133249437356,1.333874057242633,1.3338740572428378,2.2737367544323206e-13,8,False,,239
cand_df4659de27c5530a1255,fd,PRESENT,1.3326548422237465,249,94.49622725255215,24,24,0,0,1.0,1.3534746242594338,1.349916405451495,1.3527872903959177,1.3534746242592064,0.02081978203568724,19,False,,336
cand_b4d9e71d05330ca21b48,mcv,PRESENT,1.3316755883834048,250,94.47403462050599,27,27,0,0,1.0,1.3536397115590262,1.349897564417006,1.3522307131875095,1.353639711558958,0.021964123175621353,19,False,,240
cand_80a8b5256f575ec2772a,mcv,PRESENT,1.3225402103144006,251,94.45184198845983,34,3,0,31,0.08823529411764706,1.2484298292324638,-24.651787875926516,-5.645068110552302,1.2484298292324638,-0.0741103810819368,3,False,,243
cand_b81f5e2d9003109ff36d,fd,PRESENT,1.2876287823755774,253,94.4074567243675,24,8,16,0,0.3333333333333333,1.2876287823755774,0.0,1.2876287823755774,1.2876287823755774,0.0,9,False,,343
cand_93831905cd6e158b35f0,fd,PRESENT,1.2876287823755774,254,94.38526409232135,24,8,16,0,0.3333333333333333,1.2876287823755774,0.0,1.2876287823755774,1.2876287823755774,0.0,9,False,,344
cand_627e740d6a97efc6fdd2,mcv,PRESENT,1.2868263307982488,255,94.3630714602752,28,12,0,16,0.42857142857142855,1.2901685767869822,-0.18853481426071994,1.2901685767869822,1.2901685767869822,0.003342245988733339,9,False,,246
cand_8a0b01520d03183637dc,mcv,PRESENT,1.2829124019508527,256,94.34087882822902,23,23,0,0,1.0,1.3770170038053493,1.3573189479318444,1.3730773926306483,1.3770170038053493,0.09410460185449665,14,False,,247
cand_0a1ecd436ec61cfb84d5,mcv,PRESENT,1.268519933945754,257,94.31868619618287,6,6,0,0,1.0,0.3809255009418848,0.3809255009418848,0.3809255009418848,0.3809255009418848,-0.8875944330038692,31,False,,248
cand_f7ef6c2b688d660b13a1,mcv,PRESENT,1.2523463980905944,258,94.29649356413671,23,23,0,0,1.0,1.2390713292311375,1.2390713292309101,1.2390713292311375,1.2390713292311375,-0.013275068859456951,19,False,,249
cand_b6204a7dbc43e4bd6a32,mcv,PRESENT,1.2482485767905018,259,94.27430093209054,23,23,0,0,1.0,1.2482485767902745,1.2482485767902745,1.2482485767902745,1.2482485767902745,-2.2737367544323206e-13,9,False,,250
cand_342970209a3db472b4e8,mcv,PRESENT,1.2399786994583337,260,94.25210830004438,29,29,0,0,1.0,1.2399786994583337,1.056052667752283,1.2399786994583337,1.2399786994583337,0.0,8,False,,251
cand_3bfb0c604b40145b73b5,mcv,PRESENT,1.2398968911547854,261,94.22991566799823,20,1,0,19,0.05,1.2398968911541033,-0.0829200328389561,-0.0829200328389561,-0.016779186639302196,-6.821210263296962e-13,14,False,,252
cand_435edbfb2d7d244527ca,mcv,PRESENT,1.2387632586696782,262,94.20772303595206,34,34,0,0,1.0,1.2387632586696782,1.2387632586694508,1.2387632586694508,1.2387632586694508,0.0,3,False,,253
cand_7430c6b94a9df5bcc05b,mcv,PRESENT,1.2364036503304305,263,94.1855304039059,29,17,0,12,0.5862068965517241,1.2370103453754382,1.2364036503297484,1.2365249893390229,1.2370103453752108,0.0006066950450076547,23,False,,254
cand_452d1943ecac1b421912,fd,PRESENT,1.2212260223677731,264,94.16333777185974,28,28,0,0,1.0,1.2955897793719942,1.1614415849417128,1.2955897793717668,1.2955897793719147,0.07436375700422104,19,False,,355
cand_12b0a14a302644a1b976,mcv,PRESENT,1.2152446055597466,265,94.14114513981359,24,24,0,0,1.0,0.7345080568557023,0.7345080568557023,0.7345080568557023,0.7345080568557023,-0.48073654870404425,13,False,,255
cand_9bbd456391a7a0aaf3f3,mcv,PRESENT,1.2068000440867763,266,94.11895250776742,31,12,0,19,0.3870967741935484,1.2068000440870037,-1.220249157059925,1.2068000440867763,1.2068000440870037,2.2737367544323206e-13,6,False,,256
cand_b15cc94c1dd55a2a0f54,mcv,PRESENT,1.1926381732309892,267,94.09675987572126,29,29,0,0,1.0,1.1926381732312166,1.1002084310614464,1.1926381732309892,1.1926381732311255,2.2737367544323206e-13,10,False,,257
cand_92c647b227733448c001,fd,PRESENT,1.163952859188612,268,94.0745672436751,31,31,0,0,1.0,1.163952859188612,1.163952859188612,1.163952859188612,1.163952859188612,0.0,5,False,,359
cand_2bb3986b1f541ae6cb5b,mcv,PRESENT,1.1565483008780575,269,94.05237461162893,27,4,23,0,0.14814814814814814,1.1565483008782849,0.0,1.1565483008782849,1.1565483008782849,2.2737367544323206e-13,10,False,,258
cand_604b4e3343296abedf6d,mcv,PRESENT,1.1260536080926613,270,94.03018197958278,31,8,0,23,0.25806451612903225,1.126053608092434,-0.19757652889393285,1.1260536080922066,1.1260536080923202,-2.2737367544323206e-13,10,False,,260
cand_45edf905a6adefe2a786,mcv,PRESENT,1.1217877892340766,271,94.00798934753662,29,29,0,0,1.0,1.1217877892340766,0.7431237902380872,1.1217877892340766,1.1217877892340766,0.0,8,False,,261
cand_cd8bba8693199d93561f,mcv,PRESENT,1.1099847726118242,272,93.98579671549045,24,24,0,0,1.0,1.1099847726115968,1.1099847726113694,1.1099847726115968,1.1099847726115968,-2.2737367544323206e-13,13,False,,262
cand_6cfd14f47dd81d738c13,mcv,PRESENT,1.0986321343234522,273,93.9636040834443,29,29,0,0,1.0,1.5384717065155655,1.272843193711651,1.419828669804474,1.419828669804474,0.43983957219211334,28,False,,263
cand_125fc4a37ec15a091af4,mcv,PRESENT,1.07200596416169,275,93.91921881935197,7,7,0,0,1.0,1.085379101612034,1.0853791016118066,1.0853791016118977,1.0853791016119658,0.013373137450344075,35,False,,265
cand_1a1c02139d1bd2d8a826,mcv,PRESENT,1.0679295789777825,276,93.89702618730581,2,2,0,0,1.0,0.808100277876747,0.808100277876747,0.808100277876747,0.808100277876747,-0.2598293011010355,35,False,,266
cand_146e05d1bb1e1d36d7d6,mcv,PRESENT,1.0665953138777695,277,93.87483355525966,21,6,0,15,0.2857142857142857,1.0665953138775421,-0.013701203020445973,1.0665953138775421,1.0665953138775421,-2.2737367544323206e-13,16,False,,267
cand_34ecb15290223fef7eb7,mcv,PRESENT,1.0637184688384878,278,93.8526409232135,2,2,0,0,1.0,1.0637184688384878,1.0637184688384878,1.0637184688384878,1.0637184688384878,0.0,1,False,,268
cand_c2e330cd4c1ccc73e0d9,mcv,PRESENT,1.0630375487216952,279,93.83044829116733,21,14,5,2,0.6666666666666666,0.03617021276613741,0.03617021276591004,0.03617021276591004,0.03617021276591004,-1.0268673359555578,26,False,,269
cand_8c12972f2ee0bfa2c3a6,mcv,PRESENT,1.0602184249128186,280,93.80825565912117,29,13,0,16,0.4482758620689655,1.071916285875659,-1.7738484844921913,1.071916285875659,1.071916285875659,0.011697860962840423,8,False,,270
cand_06b6baac8d257168ad15,mcv,PRESENT,1.056854767677578,281,93.78606302707502,27,27,0,0,1.0,1.0568547676773505,1.0135748874267847,1.0568547676773505,1.0568547676773505,-2.2737367544323206e-13,10,False,,271
cand_519c5370cb5c2c566ebf,mcv,PRESENT,1.056064634384711,282,93.76387039502885,36,36,0,0,1.0,1.056064634384711,1.0560646343842564,1.0560646343842564,1.0560646343842564,0.0,1,False,,272
cand_ba386387c1e2c2e2dfc3,mcv,PRESENT,1.0553654148498026,283,93.74167776298269,29,29,0,0,1.0,1.1433761059527114,1.0553654148493479,1.0729675530700205,1.1433761059527114,0.08801069110290882,34,False,,273
cand_99003c092b7902c65a4e,mcv,PRESENT,1.0545653570197828,284,93.71948513093653,28,6,0,22,0.21428571428571427,1.0545653570197828,-0.26825156697350394,1.0545653570197828,1.0545653570197828,0.0,9,False,,274
cand_ec80b7f25fec2e173fd5,fd,PRESENT,1.0512040140692989,285,93.69729249889036,29,16,13,0,0.5517241379310345,1.0512040140692989,0.4037741868758076,0.40377418687603495,0.40377418687603495,0.0,8,False,,372
cand_63af4a84f54ab59ea836,mcv,PRESENT,1.042431926439349,286,93.6750998668442,6,3,0,3,0.5,1.042431926439349,-57.49272048625062,1.042431926439349,1.042431926439349,0.0,5,False,,275
cand_dd07662fce8c75986f5b,mcv,PRESENT,1.0410827881714795,287,93.65290723479805,28,22,6,0,0.7857142857142857,1.041082788171252,1.041082788171252,1.041082788171252,1.041082788171252,-2.2737367544323206e-13,8,False,,276
cand_094a186bb5bcfe7424b3,mcv,PRESENT,1.0382357613789281,288,93.63071460275188,29,29,0,0,1.0,1.0389200679337591,1.0389200679337591,1.0389200679337591,1.0389200679337591,0.0006843065548309823,10,False,,277
cand_88dc3804dd0ba4c075c8,mcv,PRESENT,1.0279457578699294,289,93.60852197070572,28,28,0,0,1.0,1.0273403784253787,1.0273403784251514,1.0273403784253787,1.0273403784253787,-0.0006053794445506355,10,False,,278
cand_9a13b683c38825cead0d,fd,PRESENT,0.9979351474385112,290,93.58632933865957,29,29,0,0,1.0,0.9979351474385112,0.5408480503858755,0.5408480503858755,0.7025813161124455,0.0,8,False,,381
cand_6ea54c579412d8ac3bcb,mcv,PRESENT,0.986763236486695,291,93.56413670661341,19,19,0,0,1.0,0.9861140279797382,0.9861140279797382,0.9861140279797382,0.9861140279797382,-0.0006492085069567111,19,False,,279
cand_230e7af181041e890860,mcv,PRESENT,0.9796945777534347,293,93.51975144252108,27,27,0,0,1.0,0.9796945777536621,0.9796945777536621,0.9796945777536621,0.9796945777536621,2.2737367544323206e-13,10,False,,281
cand_21a2e1043df7218f0fd8,mcv,PRESENT,0.976780771167796,294,93.49755881047493,29,29,0,0,1.0,0.9830970567104487,0.9830970567104487,0.9830970567104487,0.9830970567104487,0.006316285542652622,10,False,,282
cand_70ec2c7fedb3613deee2,mcv,PRESENT,0.9646722595516621,295,93.47536617842876,36,36,0,0,1.0,0.9646722595516621,0.9627586366327705,0.9627586366327705,0.9646722595512074,0.0,1,False,,283
cand_1d6807766beb1b21cdbb,mcv,PRESENT,0.9536983983098253,296,93.4531735463826,10,10,0,0,1.0,0.9533598731009079,0.9533598731009079,0.9533598731009079,0.9533598731009079,-0.00033852520891741733,27,False,,284
cand_0d6cd3fa245f8f0904bb,mcv,PRESENT,0.9386238981596762,297,93.43098091433644,18,18,0,0,1.0,0.9386238981594488,0.9386238981594488,0.9386238981594488,0.9386238981594488,-2.2737367544323206e-13,19,False,,285
cand_69e40f0f2499c2b79765,mcv,PRESENT,0.9313139796577161,298,93.40878828229027,29,7,0,22,0.2413793103448276,0.9313139796577161,-0.39150294433557065,0.9313139796577161,0.9313139796577161,0.0,8,False,,286
cand_8f224ca3a12483b763af,mcv,PRESENT,0.9286775631508135,299,93.38659565024412,30,4,19,7,0.13333333333333333,0.9286775631501314,0.0,0.9286775631501314,0.9286775631501314,-6.821210263296962e-13,7,False,,287
cand_8c422126ceb8850d5afc,mcv,PRESENT,0.9134950277739335,300,93.36440301819796,11,2,0,9,0.18181818181818182,0.9134950277732514,-3.206052829233613,0.9134950277732514,0.9134950277732514,-6.821210263296962e-13,4,False,,288
cand_0161234eed79663d5c11,mcv,PRESENT,0.9133656318299472,301,93.34221038615179,15,15,0,0,1.0,1.3829287161845514,1.3829287161845514,1.3829287161845514,1.3829287161845514,0.46956308435460414,22,False,,289
cand_bd85c0f80e5b722eefde,mcv,PRESENT,0.909698638084592,302,93.32001775410563,1,1,0,0,1.0,0.9096986380841372,0.9096986380841372,0.9096986380841372,0.9096986380841372,-4.547473508864641e-13,2,False,,290
cand_fe0e00a87764baf80907,mcv,PRESENT,0.907802497053126,303,93.29782512205948,27,14,0,13,0.5185185185185185,0.9078024970526712,0.2507787072229348,0.9078024970526712,0.9078024970526712,-4.547473508864641e-13,10,False,,291
cand_4339f7a9a14a53749eb3,mcv,PRESENT,0.898195464874334,304,93.27563249001332,28,28,0,0,1.0,0.8981954648741066,0.8981954648738792,0.8981954648741066,0.8981954648741066,-2.2737367544323206e-13,10,False,,292
cand_d8467e6f42a440036307,mcv,PRESENT,0.8826352433261491,306,93.231247225921,24,24,0,0,1.0,0.8826352433261491,0.07777544783061785,0.8826352433259217,0.8826352433259217,0.0,19,False,,294
cand_213f2f0ed9eb396d73db,mcv,PRESENT,0.8776375329380244,307,93.20905459387484,29,29,0,0,1.0,0.8776375329380244,0.8776375329380244,0.8776375329380244,0.8776375329380244,0.0,8,False,,295
cand_4d83ec501db9445e1934,mcv,PRESENT,0.8729193051731272,308,93.18686196182867,20,20,0,0,1.0,0.8729193051728998,0.8729193051728998,0.8729193051728998,0.8729193051728998,-2.2737367544323206e-13,17,False,,296
cand_4fd47584b395eee02144,mcv,PRESENT,0.8660784012809017,309,93.16466932978251,28,28,0,0,1.0,0.8660784012811291,0.05696001764954417,0.8660784012809017,0.8660784012809017,2.2737367544323206e-13,19,False,,298
cand_6a9922354428ef2c167f,mcv,PRESENT,0.8461894595820922,312,93.09809143364403,29,18,0,11,0.6206896551724138,0.9614186645426344,0.8461894595816375,0.9614186645426344,0.9614186645426344,0.11522920496054212,13,False,,302
cand_2284fbb76f0507f32e55,fd,PRESENT,0.8444165132586932,313,93.07589880159787,29,16,13,0,0.5517241379310345,0.8444165132584658,0.8444165132582384,0.8444165132584658,0.8444165132584658,-2.2737367544323206e-13,8,False,,410
cand_37222009d5120dc1e3d8,mcv,PRESENT,0.8381141882446173,314,93.0537061695517,36,12,0,24,0.3333333333333333,0.8381141882446173,-1.0379690189975008,0.8381141882441625,0.8381141882442193,0.0,1,False,,305
cand_43f3356ccbc711510a7f,mcv,PRESENT,0.8330154495561146,315,93.03151353750555,23,23,0,0,1.0,0.8330154495554325,0.8330154495554325,0.8330154495554325,0.8330154495554325,-6.821210263296962e-13,14,False,,306
cand_6bcd6c524a31e7ed9897,mcv,PRESENT,0.8209318264734975,316,93.00932090545939,28,16,0,12,0.5714285714285714,0.8209318264734975,0.8209318264732701,0.8209318264734975,0.8209318264734975,0.0,10,False,,307
cand_ff15b9c26663902d5114,mcv,PRESENT,0.8170918368932689,317,92.98712827341323,30,11,0,19,0.36666666666666664,0.8170918368928142,-0.06540259511484692,0.8170918368928142,0.8170918368928142,-4.547473508864641e-13,7,False,,308
cand_adc92cec3f5d748e6638,mcv,PRESENT,0.8083804399611836,318,92.96493564136706,23,23,0,0,1.0,0.8083804399609562,0.6684312144236628,0.8083804399609562,0.8083804399609562,-2.2737367544323206e-13,14,False,,309
cand_1df4cdce0dab36dc8c89,mcv,PRESENT,0.8073727348337343,319,92.9427430093209,35,35,0,0,1.0,0.8073727348332795,0.644116407149113,0.8073727348332795,0.8073727348332795,-4.547473508864641e-13,2,False,,310
cand_288d5049a962364cbd9b,mcv,PRESENT,0.8046012238901312,320,92.92055037727475,31,8,0,23,0.25806451612903225,0.7652818417316212,-0.10645718037540064,0.7647681409946472,0.7652818417316212,-0.03931938215851005,10,False,,311
cand_198bdd4d66d95a59b96b,mcv,PRESENT,0.8037504153389818,321,92.89835774522858,20,20,0,0,1.0,0.8037504153392092,0.8037504153389818,0.8037504153392092,0.8037504153392092,2.2737367544323206e-13,19,False,,312
cand_6fadfb93d1f3f50db8b2,mcv,PRESENT,0.7978974182951788,322,92.87616511318242,21,21,0,0,1.0,0.3970396420545512,0.36794065052686165,0.39703964205432385,0.3970396420545512,-0.4008577762406276,19,False,,313
cand_21032d70462ea391e9c0,mcv,PRESENT,0.7939590305859383,323,92.85397248113627,16,16,0,0,1.0,1.2571284653445218,1.2571284653442945,1.2571284653444081,1.2571284653445218,0.4631694347585835,26,False,,314
cand_767ce2b5353b77fb8229,mcv,PRESENT,0.7881018029884217,324,92.8317798490901,33,2,0,31,0.06060606060606061,0.788101802987967,-0.034328103554344125,-0.01563651476931227,0.3058588123334164,-4.547473508864641e-13,3,False,,315
cand_9d50322dc1f43c1d56c8,mcv,PRESENT,0.7753541928477716,325,92.80958721704394,25,25,0,0,1.0,0.7753541928475443,0.18874233142651065,0.18874233142651065,0.6580318205633359,-2.2737367544323206e-13,6,False,,316
cand_19a1d4c412054f644131,mcv,PRESENT,0.7639989977114965,326,92.78739458499778,28,28,0,0,1.0,0.8261561671040454,0.6258052861310262,0.826156167103818,0.8261561671039658,0.062157169392548894,10,False,,317
cand_358a7becd9283518daa8,mcv,PRESENT,0.7625602453135798,327,92.76520195295161,28,0,0,28,0.0,-0.006287015190991951,-0.006287015191219325,-0.006287015190991951,-0.006287015190991951,-0.7688472605045718,21,False,,318
cand_bf0516fbe227ecb3dafb,fd,PRESENT,0.7623635542959164,328,92.74300932090546,28,6,22,0,0.21428571428571427,0.7623635542954617,0.0,0.7623635542954617,0.7623635542954617,-4.547473508864641e-13,9,False,,434
cand_8b4fe8e7fb0fe6d47191,mcv,PRESENT,0.7602035541731311,329,92.7208166888593,23,23,0,0,1.0,0.7814552094960163,0.7602579905710627,0.7814552094960163,0.7814552094960163,0.0212516553228852,28,False,,319
cand_45dc89827dd83a2c5c94,mcv,PRESENT,0.7594216591496661,330,92.69862405681314,24,24,0,0,1.0,0.7594216591496661,0.7593756064422905,0.7594078433372943,0.7594216591494387,0.0,13,False,,320
cand_da32e4c8b964bf09ed60,mcv,PRESENT,0.7448693275509868,331,92.67643142476697,20,20,0,0,1.0,0.2696484293414869,0.2696484293414869,0.2696484293414869,0.2696484293414869,-0.47522089820949986,17,False,,321
cand_535bbe8330ba8ccbb947,mcv,PRESENT,0.7444154272516244,332,92.65423879272082,29,12,0,17,0.41379310344827586,1.4540965965677515,-0.05490776961278243,1.4540965965677515,1.4540965965677515,0.7096811693161271,8,False,,322
cand_f09b6ba1f55289c39612,mcv,PRESENT,0.7407374035255998,333,92.63204616067466,10,10,0,0,1.0,0.740737403525145,0.7407374035249177,0.7407374035249404,0.7407374035250427,-4.547473508864641e-13,28,False,,323
cand_9b87dd52a77606fceb22,mcv,PRESENT,0.7396665961714461,334,92.60985352862849,20,10,0,10,0.5,0.7805583044116702,-1.1380844643043702,0.7805583044116702,0.7805583044116702,0.040891708240224034,13,False,,324
cand_48446508ab75b01277e5,mcv,PRESENT,0.7365382108137055,335,92.58766089658234,18,18,0,0,1.0,0.7368610964724667,0.7368610964724667,0.7368610964724667,0.7368610964724667,0.0003228856587611517,19,False,,325
cand_806042de53ff839a0854,mcv,PRESENT,0.7329976694500147,336,92.56546826453618,29,29,0,0,1.0,0.7329976694500147,0.7329976694497873,0.7329976694500147,0.7329976694500147,0.0,8,False,,326
cand_393ca24696cccfec9ca9,mcv,PRESENT,0.7190250620024017,337,92.54327563249001,31,22,0,9,0.7096774193548387,0.7190250620024017,0.03321776989423597,0.033217769894463345,0.37612141594820514,0.0,3,False,,327
cand_d57cad80f295ae1f333e,mcv,PRESENT,0.7165902062752139,338,92.52108300044385,25,19,0,6,0.76,1.937480786358492,0.9518670411732728,0.9518670411735002,0.9518670411735002,1.220890580083278,20,False,,328
cand_46481d208f17e5b086c2,mcv,PRESENT,0.7150118339532128,339,92.4988903683977,36,36,0,0,1.0,0.7150118339532128,0.7150118339529854,0.7150118339529854,0.7150118339530422,0.0,1,False,,329
cand_0c912d3f4adf780820f3,mcv,PRESENT,0.7147502869020173,340,92.47669773635153,24,24,0,0,1.0,0.7147502869022446,0.7086123610893083,0.7129089091582046,0.7147502869020173,2.2737367544323206e-13,13,False,,330
cand_e15ab358b19961024bc8,fd,PRESENT,0.7133952891426816,341,92.45450510430537,29,29,0,0,1.0,0.7133952891419995,0.5897987753678535,0.7133952891419995,0.7133952891419995,-6.821210263296962e-13,8,False,,449
cand_9d4dab82c77c8bd68649,mcv,PRESENT,0.7045228984643472,342,92.43231247225921,29,7,0,22,0.2413793103448276,0.7655456782479177,-5.309160640815435,0.7655456782479177,0.7655456782479177,0.06102277978357051,11,False,,331
cand_c23306355d18f6fd2d68,mcv,PRESENT,0.7021868514912057,343,92.41011984021306,24,0,0,24,0.0,-0.08504719106235825,-0.11057910595627618,-0.08504719106258563,-0.08504719106258563,-0.787234042553564,26,False,,332
cand_6b84324deddb20018155,mcv,PRESENT,0.701609883938545,344,92.38792720816689,14,0,0,14,0.0,-1.4606567807338706,-1.4606567807339843,-1.4606567807338706,-1.4606567807338706,-2.1622666646724156,23,False,,333
cand_a7bac09710f6eaf91941,mcv,PRESENT,0.7007871684636484,345,92.36573457612073,36,36,0,0,1.0,0.7007871684636484,0.2156807854848921,0.7007871684633074,0.7007871684636484,0.0,1,False,,335
cand_1694e0e2e8a2e144059f,mcv,PRESENT,0.6955379030223412,346,92.34354194407457,30,23,0,7,0.7666666666666667,0.6955379030216591,0.6268935582529593,0.6269062492110606,0.6646536588068895,-6.821210263296962e-13,7,False,,337
cand_a23f6f5a5a6f029df70a,mcv,PRESENT,0.6857255043551049,347,92.3213493120284,28,28,0,0,1.0,0.6857255043544228,0.3901822667635315,0.5151822667635315,0.5151822667635315,-6.821210263296962e-13,9,False,,338
cand_f0b4c4da57265b305446,mcv,PRESENT,0.6849325209886956,348,92.29915667998225,29,29,0,0,1.0,0.7050150987527104,0.2159375874180114,0.4521622943482271,0.45234632236629296,0.020082577764014786,8,False,,339
cand_a7358682ee9638e7be0c,mcv,PRESENT,0.6819779736306373,349,92.27696404793609,20,20,0,0,1.0,0.6819779736306373,0.6686270847731066,0.6699783241822616,0.6819779736306373,0.0,17,False,,340
cand_a881fb7339d8a29f7c03,mcv,PRESENT,0.6782899266945606,350,92.25477141588992,28,0,0,28,0.0,-0.10680171242734104,-0.27977225629069835,-0.10680171242734104,-0.10680171242734104,-0.7850916391219016,10,False,,341
cand_0a0d1556f00494374822,mcv,PRESENT,0.6758394749203944,351,92.23257878384376,2,2,0,0,1.0,0.6758394749199397,0.6758394749199397,0.6758394749199397,0.6758394749199397,-4.547473508864641e-13,35,False,,342
cand_9f1e836aeaecec3f35bb,mcv,PRESENT,0.6733980123708534,352,92.21038615179761,24,18,0,6,0.75,0.6733980123703986,0.6733980123703986,0.6733980123703986,0.6733980123703986,-4.547473508864641e-13,13,False,,345
cand_b5f9dff6500d8a951ee1,mcv,PRESENT,0.6627332037523956,354,92.16600088770528,29,19,0,10,0.6551724137931034,0.6627332037523956,0.22594165627970142,0.22594165627970142,0.488016584763317,0.0,8,False,,346
cand_c85c889075055749d0a8,fd,PRESENT,0.6601524940479067,355,92.14380825565912,19,19,0,0,1.0,0.6545040557898574,0.6545040557898574,0.6545040557898574,0.6545040557898574,-0.005648438258049282,19,False,,460
cand_68ac7b6f38ac25efec98,mcv,PRESENT,0.6571640095135081,356,92.12161562361295,36,12,0,24,0.3333333333333333,0.7605895638503171,-7.009453669844106,0.7605895638503171,0.7605895638503171,0.103425554336809,8,False,,347
cand_1a04d78818abac16205f,mcv,PRESENT,0.6571639344801952,357,92.0994229915668,2,2,0,0,1.0,0.6571639344797404,0.6571639344797404,0.6571639344797404,0.6571639344797404,-4.547473508864641e-13,6,False,,348
cand_ab939abd6f5c1f68d203,mcv,PRESENT,0.6536803323242566,358,92.07723035952064,18,18,0,0,1.0,0.6536803323238018,0.6295010107523922,0.6295010107526195,0.6331279089882969,-4.547473508864641e-13,19,False,,349
cand_706ffa3e4737566648cc,mcv,PRESENT,0.6510349116688303,359,92.05503772747448,16,6,0,10,0.375,0.6510349116688303,-0.5692579967918618,0.6510349116687166,0.6510349116688303,0.0,19,False,,350
cand_76d0ca9866c48b1737f3,fd,PRESENT,0.6474298271932639,360,92.03284509542831,29,1,28,0,0.034482758620689655,0.6474298271932639,0.0,0.0,0.0,0.0,8,False,,462
cand_008880ecbead9e54879d,mcv,PRESENT,0.6472787949787744,361,92.01065246338216,14,14,0,0,1.0,0.7740249798519017,0.7740249798519017,0.7740249798519017,0.7740249798519017,0.12674618487312728,26,False,,351
cand_c5a09ba862f45910ea17,mcv,PRESENT,0.6444906651413476,362,91.988459831336,31,27,0,4,0.8709677419354839,0.6444906651406654,0.019756850458406916,0.036271487058684215,0.34038107609967483,-6.821210263296962e-13,5,False,,352
cand_406fcd2c87352b49874f,mcv,PRESENT,0.6414848170361438,363,91.96626719928983,35,35,0,0,1.0,0.8382089786625784,0.6505330566187695,0.838208978662351,0.838208978662351,0.19672416162643458,26,False,,353
cand_5151221ce2ea651a4754,mcv,PRESENT,0.6414263432834559,364,91.94407456724367,28,28,0,0,1.0,0.45611084131201096,0.45611084131201096,0.45611084131201096,0.45611084131201096,-0.18531550197144497,9,False,,354
cand_947c8adaee036818a571,mcv,PRESENT,0.6256931287543921,366,91.89968930315135,31,7,0,24,0.22580645161290322,0.6256931287539373,-2.670933649739709,0.5973243344278671,0.6256931287539373,-4.547473508864641e-13,3,False,,357
cand_4bc536441ca075a4ca1a,mcv,PRESENT,0.6247063571454419,367,91.87749667110519,29,1,0,28,0.034482758620689655,0.6431578217016067,-0.09436419826306519,-0.09435853203763145,-0.09435853203763145,0.018451464556164865,7,False,,358
cand_0a45df6a00081d552f82,mcv,PRESENT,0.6087255970887782,368,91.85530403905904,2,2,0,0,1.0,0.6087255970890055,0.6087255970888918,0.6087255970889828,0.6087255970889942,2.2737367544323206e-13,23,False,,360
cand_a2d256856babe98a2167,mcv,PRESENT,0.6067461668390024,369,91.83311140701286,33,33,0,0,1.0,0.6067461668390024,0.08815924606346925,0.5030287826837597,0.6067461668390024,0.0,5,False,,361
cand_03b8d072438224fd915b,fd,PRESENT,0.6053402487223138,370,91.81091877496671,29,29,0,0,1.0,0.6053402487218591,0.6053402487216317,0.6053402487218591,0.6053402487218591,-4.547473508864641e-13,10,False,,467
cand_2da95cd218a034b719e5,mcv,PRESENT,0.5916160436436257,372,91.7665335108744,36,36,0,0,1.0,0.5916160436436257,0.3012011499017717,0.5916160436433984,0.5916160436434552,0.0,1,False,,363
cand_a0274a40e6efe567bc65,fd,PRESENT,0.5886604450633968,373,91.74434087882823,29,29,0,0,1.0,0.5886604450631694,0.5886604450631694,0.5886604450631694,0.5886604450631694,-2.2737367544323206e-13,8,False,,473
cand_f177687572ba7669624d,mcv,PRESENT,0.581374806641179,374,91.72214824678207,24,24,0,0,1.0,0.684800360977988,0.684800360977988,0.684800360977988,0.684800360977988,0.103425554336809,13,False,,364
cand_40133181f86375e9aea9,mcv,PRESENT,0.5740532202398754,375,91.69995561473591,36,36,0,0,1.0,0.5740532202398754,0.47497583360450335,0.574053220239648,0.5740532202398754,0.0,1,False,,365
cand_75dc9e510fcf1bc7e966,mcv,PRESENT,0.5719692482389291,376,91.67776298268974,34,34,0,0,1.0,0.5719692482391565,0.5719692482389291,0.5719692482391565,0.5719692482391565,2.2737367544323206e-13,6,False,,366
cand_7a8e3b25b0750eb5144c,mcv,PRESENT,0.5654547262274718,377,91.65557035064359,31,31,0,0,1.0,0.5654547262270171,0.0020753903122567863,0.5654547262267897,0.5654547262269034,-4.547473508864641e-13,10,False,,367
cand_9f730ed1f7654696ad65,mcv,PRESENT,0.5607755012551934,378,91.63337771859743,34,26,0,8,0.7647058823529411,0.560775501254966,0.5456456754570809,0.5607755012547386,0.560775501254966,-2.2737367544323206e-13,8,False,,368
cand_6891f0d51ce59167bc7f,mcv,PRESENT,0.5605344121977396,379,91.61118508655126,12,12,0,0,1.0,0.5424467661027847,0.5424467661027847,0.5424467661027847,0.5424467661027847,-0.018087646094954835,25,False,,369
cand_11fec74fac3bad729351,mcv,PRESENT,0.5605157340514779,380,91.5889924545051,28,28,0,0,1.0,0.5605157340514779,0.5605157340514779,0.5605157340514779,0.5605157340514779,0.0,9,False,,370
cand_4a7c398d90443bae162b,mcv,PRESENT,0.5543317055316948,381,91.56679982245895,35,35,0,0,1.0,0.5543317055316948,0.21924047902894017,0.5543317055316948,0.5543317055316948,0.0,2,False,,371
cand_73b5e4ece858a517a476,mcv,PRESENT,0.5463616059323613,382,91.54460719041278,29,16,0,13,0.5517241379310345,0.5463616059319065,0.37867241711524,0.5463616059319065,0.5463616059319065,-4.547473508864641e-13,8,False,,373
cand_f1261162862238ef870d,mcv,PRESENT,0.5388669539470357,383,91.52241455836662,29,24,0,5,0.8275862068965517,0.5388669539470357,0.005278469551512899,0.5388669539470357,0.5388669539470357,0.0,8,False,,374
cand_b46aa02d81d7560c31d1,mcv,PRESENT,0.536519150929962,384,91.50022192632046,14,14,0,0,1.0,0.5365191509297347,0.5365191509295073,0.5365191509295073,0.5365191509295869,-2.2737367544323206e-13,26,False,,375
cand_def54fd00cecc3841220,mcv,PRESENT,0.5331580236452282,385,91.47802929427431,2,2,0,0,1.0,0.5331580236452282,0.5331580236451146,0.5331580236452055,0.5331580236452169,0.0,35,False,,376
cand_6288425492c345b89ad2,mcv,PRESENT,0.532666240058461,386,91.45583666222814,30,1,0,29,0.03333333333333333,0.532666240058461,-55.12687214398727,-49.176501901811086,-0.10479355476104502,0.0,3,False,,377
cand_54a0c92920ca158b2aac,mcv,PRESENT,0.5311160170094809,387,91.43364403018198,28,9,0,19,0.32142857142857145,0.6178100149859347,-0.13998719906385304,0.6178100149857073,0.6178100149858551,0.08669399797645383,10,False,,378
cand_bb3a85264cf97e90e12c,mcv,PRESENT,0.5302347920896864,388,91.41145139813582,26,26,0,0,1.0,0.530234792089459,0.530234792089459,0.530234792089459,0.530234792089459,-2.2737367544323206e-13,8,False,,379
cand_7c3ebcb06fb916c142f2,fd,PRESENT,0.5279252040363644,389,91.38925876608965,24,24,0,0,1.0,0.5279252040356823,0.5279252040356823,0.5279252040356823,0.5279252040356823,-6.821210263296962e-13,13,False,,490
cand_6e4051ba56959c721332,mcv,PRESENT,0.523181854799077,390,91.3670661340435,35,35,0,0,1.0,0.5366062189841614,0.5231818547993043,0.536606218983934,0.5366062189840022,0.013424364185084414,19,False,,380
cand_f48bc5921448eaaac4dd,mcv,PRESENT,0.5201260606827418,391,91.34487350199734,28,26,2,0,0.9285714285714286,0.5201260606827418,0.060302946104570765,0.5201260606827418,0.5201260606827418,0.0,9,False,,382
cand_5ab1b6725a308e4e5eff,mcv,PRESENT,0.5188357685592564,392,91.32268086995117,23,23,0,0,1.0,0.518835768559029,0.5188357685588016,0.518835768559029,0.518835768559029,-2.2737367544323206e-13,19,False,,383
cand_5b3b9ecf6a08340fa18e,mcv,PRESENT,0.5156226295694069,393,91.30048823790501,28,28,0,0,1.0,0.5156226295687247,0.39062262956872473,0.5156226295687247,0.5156226295687247,-6.821210263296962e-13,9,False,,384
cand_e4a56031282cee2d4071,mcv,PRESENT,0.514328083781038,394,91.27829560585886,31,30,0,1,0.967741935483871,0.5143280837805833,0.18800492005971137,0.5143280837803559,0.5143280837804696,-4.547473508864641e-13,10,False,,385
cand_bbf9bffb26d873620bbe,mcv,PRESENT,0.5142680084709355,395,91.25610297381269,29,1,0,28,0.034482758620689655,0.43890825909784326,-0.5534557613239031,-0.1737034448644863,-0.1737034448644863,-0.0753597493730922,20,False,,386
cand_fe8f05e3932b433e4bec,mcv,PRESENT,0.5079916272616174,396,91.23391034176653,29,29,0,0,1.0,0.5079916272609353,0.4995865965606754,0.505033542411411,0.505033542411411,-6.821210263296962e-13,28,False,,387
cand_236b238b3a5a00b4047c,mcv,PRESENT,0.5054492694189321,397,91.21171770972038,29,29,0,0,1.0,0.7495929548285858,0.5171471303810904,0.7495929548285858,0.7495929548285858,0.2441436854096537,31,False,,388
cand_6e73602292fb45c6dbbc,mcv,PRESENT,0.4993636287545087,398,91.18952507767422,24,24,0,0,1.0,0.5007106704431408,0.5007106704431408,0.5007106704431408,0.5007106704431408,0.001347041688632089,16,False,,389
cand_6d034fa86386ff82f722,mcv,PRESENT,0.49465935474017897,399,91.16733244562805,29,5,0,24,0.1724137931034483,0.49465935474017897,-54.47566861711675,0.49465897141371895,0.49465935473999706,0.0,1,False,,390
cand_0f1cdf0d41000027ad8f,mcv,PRESENT,0.493129388084526,400,91.14513981358189,28,24,0,4,0.8571428571428571,0.4931293880842986,0.08608495208250133,0.4931293880842986,0.4931293880842986,-2.2737367544323206e-13,10,False,,391
cand_b5454f81c1a9ded04f45,fd,PRESENT,0.4885511310367292,401,91.12294718153574,28,12,16,0,0.42857142857142855,0.4885511310369566,0.0,0.4885511310369566,0.4885511310369566,2.2737367544323206e-13,9,False,,503
cand_1be0e82a94327a699db3,mcv,PRESENT,0.48742378405131603,402,91.10075454948957,36,26,0,10,0.7222222222222222,0.48742378405131603,0.4874237840506339,0.4874237840508613,0.4874237840508613,0.0,1,False,,392
cand_4e730d2a281dac0d468f,mcv,PRESENT,0.48411236765241483,403,91.07856191744341,28,28,0,0,1.0,0.562682702563734,0.4822648017573101,0.5626827025635748,0.562682702563734,0.07857033491131915,19,False,,393
cand_3ff494b36c5523a598ab,fd,PRESENT,0.4840559458662028,404,91.05636928539725,24,24,0,0,1.0,0.4840559458662028,0.4840559458662028,0.4840559458662028,0.4840559458662028,0.0,13,False,,505
cand_0c93fcb7a58639b2202f,mcv,PRESENT,0.4838419498382791,405,91.03417665335108,36,7,0,29,0.19444444444444445,0.4838419498382791,-26.070699525975897,0.48384194983782436,0.48384194983782436,0.0,1,False,,394
cand_615c0b638b8742bab206,mcv,PRESENT,0.4836675234973882,406,91.01198402130493,28,28,0,0,1.0,0.48366752349761555,0.28461274730238983,0.4836675234974564,0.48366752349761555,2.2737367544323206e-13,10,False,,395
cand_1738ece7fa05a3936882,mcv,PRESENT,0.4831378741828303,407,90.98979138925877,9,9,0,0,1.0,0.7506447058569847,0.7506447058569847,0.7506447058569847,0.7506447058569847,0.26750683167415445,28,False,,396
cand_843be42dadd0f4900a24,mcv,PRESENT,0.47990306734936894,408,90.9675987572126,27,27,0,0,1.0,0.4864820147172395,0.4864820147172395,0.4864820147172395,0.4864820147172395,0.006578947367870569,21,False,,397
cand_449bd8ace6ce0031e58b,mcv,PRESENT,0.4752419608885248,409,90.94540612516644,20,20,0,0,1.0,0.4752419608885248,0.4752419608885248,0.4752419608885248,0.4752419608885248,0.0,19,False,,398
cand_9f9c7df5f452ea0dad80,fd,PRESENT,0.474493804769736,410,90.92321349312029,19,15,4,0,0.7894736842105263,0.4744938047699634,0.474493804769736,0.4744938047699634,0.4744938047699634,2.2737367544323206e-13,19,False,,506
cand_1e469614b1ccde6b24be,fd,PRESENT,0.4726756549353013,411,90.90102086107413,29,25,0,4,0.8620689655172413,0.4726756549353013,0.32389954498762563,0.4726756549353013,0.4726756549353013,0.0,8,False,,508
cand_8a5dba7d2cd0519dc116,mcv,PRESENT,0.4726592046818041,412,90.87882822902796,2,2,0,0,1.0,0.47265920468157674,0.47265920468146305,0.472659204681554,0.47265920468156536,-2.2737367544323206e-13,23,False,,399
cand_783d00d01b08708adef6,mcv,PRESENT,0.4710948538604498,413,90.8566355969818,24,24,0,0,1.0,0.47109485385999506,0.47109485385999506,0.47109485385999506,0.47109485385999506,-4.547473508864641e-13,13,False,,400
cand_b8b341398f847e7065a2,mcv,PRESENT,0.4706632170291414,414,90.83444296493565,24,1,0,23,0.041666666666666664,0.470663217028914,-150.31647647254954,-150.31647647254954,-150.31647647254954,-2.2737367544323206e-13,4,False,,401
cand_db6e6ff6b35a404bc7c0,mcv,PRESENT,0.4682278818099803,416,90.79005770084332,31,31,0,0,1.0,0.4682278818092982,0.4682278818092982,0.4682278818092982,0.4682278818092982,-6.821210263296962e-13,6,False,,403
cand_feb1d17d55b45297f0b2,mcv,PRESENT,0.4638445756654619,417,90.76786506879716,29,7,0,22,0.2413793103448276,0.0023061141264406615,-0.0004780768956607062,0.0023061141264406615,0.0023061141264406615,-0.4615384615390212,8,False,,404
cand_b3fd682eb9571df150e1,fd,PRESENT,0.4628362774028574,418,90.745672436751,30,10,0,20,0.3333333333333333,0.4628362774028574,-0.4806090887461778,0.4628362774028574,0.4628362774028574,0.0,3,False,,512
cand_2dd3cdbd9b2de01bd08c,mcv,PRESENT,0.45525092997650063,420,90.70128717265868,31,7,0,24,0.22580645161290322,0.45525092997650063,-2.5149535883915632,0.45525092997627326,0.45525092997627326,0.0,3,False,,406
cand_15ca9e2b171d2cddab08,mcv,PRESENT,0.4502945689819171,421,90.67909454061251,24,17,0,7,0.7083333333333334,0.498301616008348,0.498301616008348,0.498301616008348,0.498301616008348,0.04800704702643088,13,False,,407
cand_df230e724f5c1b7cf58b,mcv,PRESENT,0.44952270037538256,422,90.65690190856635,29,1,0,28,0.034482758620689655,0.4495227003749278,-5.7731837254307266,-3.5080334916231095,-3.5080334916231095,-4.547473508864641e-13,8,False,,408
cand_b94a054f9e6f8dfabca1,mcv,PRESENT,0.4464488780749889,423,90.6347092765202,28,28,0,0,1.0,0.5250192129856259,0.44460131217942944,0.5250192129856259,0.5250192129856259,0.07857033491063703,15,False,,409
cand_90cc581526cddd0424b3,mcv,PRESENT,0.43928506236079556,424,90.61251664447404,26,26,0,0,1.0,0.4392850623605682,0.09054077012297057,0.4392850623604545,0.4392850623605682,-2.2737367544323206e-13,8,False,,411
cand_6e7c1f8e863b6dc4fc0c,fd,PRESENT,0.4362362257188579,425,90.59032401242787,30,30,0,0,1.0,0.4362362257188579,0.3716030851735468,0.4362362257186305,0.4362362257187556,0.0,10,False,,518
cand_cc9f808be694a3ae5a2d,mcv,PRESENT,0.4353987944232358,426,90.56813138038171,22,22,0,0,1.0,0.4353987944232358,0.12320250969514746,0.4353987944232358,0.4353987944232358,0.0,9,False,,412
cand_576f759731ad63d88d46,mcv,PRESENT,0.43323650615002407,427,90.54593874833556,20,20,0,0,1.0,0.345549239375714,0.34554923937548665,0.3455492393755094,0.345549239375714,-0.08768726677431005,19,False,,413
cand_80a66b7522ecaea754ea,mcv,PRESENT,0.4324015019692524,428,90.52374611628939,29,0,0,29,0.0,-0.048335046735019205,-0.04844607579957483,-0.04833504673524658,-0.04833504673511015,-0.4807365487042716,10,False,,414
cand_143850ab3a7fa35dc630,mcv,PRESENT,0.4307791953515334,430,90.47936085219708,28,28,0,0,1.0,0.4303534079297151,0.4303534079297151,0.4303534079297151,0.4303534079297151,-0.0004257874218183133,9,False,,416
cand_1c85409bd99583bb7995,mcv,PRESENT,0.42735244600862643,431,90.4571682201509,34,34,0,0,1.0,0.42735244600862643,0.09405780492193117,0.42288927879144467,0.42288927879144467,0.0,3,False,,417
cand_2d63f3d2d839b92d4240,mcv,PRESENT,0.4239144480570758,432,90.43497558810475,23,23,0,0,1.0,0.42391444805662104,0.42391444805639367,0.4239144480565756,0.42391444805662104,-4.547473508864641e-13,19,False,,418
cand_ec5661f1922846ed617e,fd,PRESENT,0.42295533988453826,433,90.41278295605859,24,18,6,0,0.75,0.42295533988453826,0.42295533988453826,0.42295533988453826,0.42295533988453826,0.0,13,False,,523
cand_1854ee59d7345242c1d6,mcv,PRESENT,0.41932922024170693,434,90.39059032401242,30,30,0,0,1.0,0.4193292202412522,0.007825850811968849,0.007825850811968849,0.007825850811968849,-4.547473508864641e-13,3,False,,419
cand_d50ef83b5018166faa24,mcv,PRESENT,0.4190645292683257,435,90.36839769196627,8,8,0,0,1.0,0.4190645292676436,0.4190645292676436,0.4190645292676436,0.4190645292676436,-6.821210263296962e-13,29,False,,420
cand_147e9365e9cb9a51f662,mcv,PRESENT,0.4182601303828051,436,90.34620505992011,24,24,0,0,1.0,0.4182601303825777,0.4182601303823503,0.4182601303825777,0.4182601303825777,-2.2737367544323206e-13,13,False,,421
cand_bd617913d739b60ad84f,mcv,PRESENT,0.417314892534705,437,90.32401242787395,27,27,0,0,1.0,0.417314892534705,0.417314892534705,0.417314892534705,0.417314892534705,0.0,10,False,,422
cand_6ee68758ea653a01a785,mcv,PRESENT,0.4171316636902702,438,90.30181979582778,28,28,0,0,1.0,0.4174658882893709,0.2595272224866676,0.4174658882892118,0.4174658882893709,0.00033422459910070756,10,False,,423
cand_b1f884dc45fcacf2bfc0,mcv,PRESENT,0.4164196962146889,439,90.27962716378163,31,2,0,29,0.06451612903225806,0.41641969621400676,-56.2541877629933,-54.55390779648519,-27.068744050135706,-6.821210263296962e-13,5,False,,424
cand_9d8eb7a75ce3914b0465,mcv,PRESENT,0.4163351324350515,440,90.25743453173547,30,11,0,19,0.36666666666666664,1.3523372491238206,-0.4108286449300067,1.3523372491235932,1.3523372491235932,0.9360021166887691,13,False,,425
cand_55d84822dca80d47905c,mcv,PRESENT,0.4133786633519776,441,90.2352418996893,2,2,0,0,1.0,0.41337866335129547,0.41337866335129547,0.41337866335129547,0.41337866335129547,-6.821210263296962e-13,35,False,,426
cand_7884a1cf68a76668ca69,mcv,PRESENT,0.4092456198113723,443,90.19085663559699,29,29,0,0,1.0,0.4092456198113723,0.11753049078356526,0.4092456198113723,0.4092456198113723,0.0,8,False,,428
cand_774b46d6b5781a3419ff,mcv,PRESENT,0.4085739975635079,444,90.16866400355082,29,29,0,0,1.0,0.44452788183548364,0.4085739975630531,0.44452788183525627,0.44452788183525627,0.03595388427197577,26,False,,429
cand_962ce64420329c27ba4a,mcv,PRESENT,0.4063597140875572,445,90.14647137150466,36,12,0,24,0.3333333333333333,0.4063597140875572,-1.4482404816321832,0.4063597140875572,0.4063597140875572,0.0,1,False,,430
cand_aff7cc79f7fd6cf659fd,mcv,PRESENT,0.40236544981144107,447,90.10208610741233,29,12,0,17,0.41379310344827586,0.40236544981075895,-0.045001650038102525,0.40236544981075895,0.40236544981075895,-6.821210263296962e-13,8,False,,432
cand_0f86cd0f65c99113cbac,mcv,PRESENT,0.401585344952764,448,90.07989347536618,23,13,0,10,0.5652173913043478,1.975695595399884,1.9756955953996567,1.975695595399884,1.975695595399884,1.57411025044712,13,False,,433
cand_16761b28b648526267d7,mcv,PRESENT,0.3985769238697685,449,90.05770084332002,29,29,0,0,1.0,0.7747613523581549,0.4528637286016419,0.7747613523581549,0.7747613523581549,0.3761844284883864,16,False,,435
cand_91df9e419a66054398ba,mcv,PRESENT,0.3981444289966021,450,90.03550821127385,20,20,0,0,1.0,0.4322611204061104,0.43226112040588305,0.4322611204059058,0.4322611204061104,0.03411669140950835,19,False,,436
cand_9e008c7958c79d9e265f,mcv,PRESENT,0.39677811720866885,451,90.0133155792277,29,13,0,16,0.4482758620689655,0.39588685161129433,-1.0828165394366351,0.39588685161129433,0.39588685161129433,-0.0008912655973745132,8,False,,437
cand_ec47472c68466d658f8e,mcv,PRESENT,0.3953437526597554,452,89.99112294718154,24,1,23,0,0.041666666666666664,0.3953437526590733,0.0,0.0,0.0,-6.821210263296962e-13,9,False,,438
cand_3bb52786d9b948d87a87,mcv,PRESENT,0.3928253119429428,453,89.96893031513538,28,12,0,16,0.42857142857142855,0.39371657754008993,-1.5838931005546328,0.39371657754008993,0.39371657754008993,0.0008912655971471395,9,False,,439
cand_d3c8b59ff64f753b5233,mcv,PRESENT,0.3865583920269273,454,89.94673768308921,30,8,0,22,0.26666666666666666,0.37614770974528255,-6.692199403718632,0.0907689663513338,0.0907689663513338,-0.010410682281644767,7,False,,440
cand_06750eb76d1b0d425bb1,mcv,PRESENT,0.386495779710458,455,89.92454505104305,36,36,0,0,1.0,0.386495779710458,0.386495779710458,0.386495779710458,0.386495779710458,0.0,1,False,,441
cand_f19b3b8dc7368700b5fc,mcv,PRESENT,0.3859225668547879,456,89.9023524189969,34,34,0,0,1.0,0.3859225668543331,0.015634318517413703,0.015634318517641077,0.3859225668543331,-4.547473508864641e-13,2,False,,442
cand_7a99148b484542f55bce,mcv,PRESENT,0.3857887185213258,457,89.88015978695073,20,20,0,0,1.0,0.38578871852087104,0.38578871852064367,0.38578871852087104,0.38578871852087104,-4.547473508864641e-13,19,False,,443
cand_873ba3ad6468937a887a,mcv,PRESENT,0.38297872340444883,459,89.83577452285842,3,3,0,0,1.0,0.38297872340444883,0.38297872340422145,0.38297872340440337,0.38297872340442607,0.0,3,False,,445
cand_6f247132392252b3d247,mcv,PRESENT,0.379929643374453,461,89.79138925876609,30,30,0,0,1.0,0.37992964337399826,0.0070567397393688225,0.007056739739482509,0.007056739739482509,-4.547473508864641e-13,4,False,,447
cand_696b6c56fa939e638e4f,fd,PRESENT,0.376896127546388,462,89.76919662671993,30,0,30,0,0.0,0.0,0.0,0.0,0.0,-0.376896127546388,7,False,,539
cand_5b2ce0e53faec5f26fed,mcv,PRESENT,0.3764019669215486,463,89.74700399467376,33,33,0,0,1.0,0.03157438071434626,0.03157438071411889,0.03157438071434626,0.03157438071434626,-0.34482758620720233,8,False,,448
cand_daaf7a00b367231ec518,mcv,PRESENT,0.3728094909192805,464,89.7248113626276,33,33,0,0,1.0,0.028990690801947494,0.027982051421076903,0.028990690801947494,0.028990690801947494,-0.343818800117333,31,False,,450
cand_b0baf82ec8e33647230d,mcv,PRESENT,0.37179487179491844,465,89.70261873058145,24,24,0,0,1.0,0.37179487179491844,0.37179487179491844,0.37179487179491844,0.37179487179491844,0.0,13,False,,451
cand_b6461a25263093bd9feb,fd,PRESENT,0.37105998468450707,466,89.68042609853529,29,29,0,0,1.0,0.37105998468382495,0.37105998468382495,0.37105998468382495,0.37105998468382495,-6.821210263296962e-13,8,False,,541
cand_19a5cdbe6081dc49e5de,mcv,PRESENT,0.3695495042093171,467,89.65823346648912,29,29,0,0,1.0,0.3695495042093171,0.33487673494050796,0.3695495042093171,0.3695495042093171,0.0,8,False,,452
cand_e48dd1fe0e32cef86b0e,mcv,PRESENT,0.36699422496258194,468,89.63604083444297,8,8,0,0,1.0,0.36699422496258194,0.36699422496258194,0.36699422496258194,0.36699422496258194,0.0,30,False,,453
cand_3451be0ad9b55a60f40e,mcv,PRESENT,0.35569663032947574,470,89.59165557035064,30,30,0,0,1.0,0.355696630329021,0.13858243729396236,0.355696630329021,0.355696630329021,-4.547473508864641e-13,8,False,,454
cand_4a0005d8f58bbadb4250,fd,PRESENT,0.35569004556418804,471,89.56946293830448,29,12,17,0,0.41379310344827586,0.3556900455635059,0.0,0.3556900455635059,0.3556900455635059,-6.821210263296962e-13,8,False,,549
cand_864f4846d883e446caed,mcv,PRESENT,0.3523194362887807,472,89.54727030625833,1,1,0,0,1.0,0.3523194362890081,0.3523194362890081,0.3523194362890081,0.3523194362890081,2.2737367544323206e-13,7,False,,455
cand_a73b97b5daaf88c66c35,mcv,PRESENT,0.3516367091160646,473,89.52507767421216,6,6,0,0,1.0,0.3516367091153825,0.3516367091153825,0.3516367091153825,0.3516367091153825,-6.821210263296962e-13,31,False,,456
cand_2ff21fbf67fda307c33e,mcv,PRESENT,0.34890314758922614,474,89.502885042166,35,35,0,0,1.0,0.3489031475887714,0.3470371005553261,0.348903147588544,0.348903147588544,-4.547473508864641e-13,3,False,,458
cand_dcf06c289765c22a9545,mcv,PRESENT,0.3452915325860886,475,89.48069241011984,6,6,0,0,1.0,0.09667701480316282,0.09667701480293545,0.09667701480304913,0.09667701480310598,-0.24861451778292576,35,False,,459
cand_e6b615d77f17142790cd,fd,PRESENT,0.3428014744658867,476,89.45849977807367,29,5,24,0,0.1724137931034483,0.34280147446565934,0.0,0.34280147446565934,0.34280147446565934,-2.2737367544323206e-13,8,False,,552
cand_696a08513da55d152a36,mcv,PRESENT,0.3393986273131304,477,89.43630714602752,24,24,0,0,1.0,0.3393986273124483,0.3393986273124483,0.3393986273124483,0.3393986273124483,-6.821210263296962e-13,13,False,,461
cand_c7e1e3ff798d58060711,mcv,PRESENT,0.3356274967209174,478,89.41411451398136,23,23,0,0,1.0,0.33562749672046266,0.33562749672046266,0.33562749672046266,0.33562749672046266,-4.547473508864641e-13,14,False,,463
cand_7080730e5c4b213634ef,mcv,PRESENT,0.3291596854751333,479,89.3919218819352,23,23,0,0,1.0,0.3291596854744512,0.3291596854744512,0.3291596854744512,0.3291596854744512,-6.821210263296962e-13,14,False,,464
cand_153b751bbdd3497be973,fd,PRESENT,0.32046321914094733,481,89.34753661784288,1,1,0,0,1.0,0.3204632191404926,0.3204632191404926,0.3204632191404926,0.3204632191404926,-4.547473508864641e-13,36,False,,559
cand_1270cbd57cdfb4f5d814,mcv,PRESENT,0.31944609357378795,482,89.32534398579672,31,31,0,0,1.0,0.3198865031533842,0.3196628741357017,0.3198865031533842,0.3198865031533842,0.00044040957959623483,20,False,,466
cand_59a9f2f1ed56e1dcae9d,mcv,PRESENT,0.31594073324868077,483,89.30315135375055,23,23,0,0,1.0,1.8900509836955734,1.8900509836955734,1.8900509836955734,1.8900509836955734,1.5741102504468927,14,False,,468
cand_c90a46e41c6351d42e18,mcv,PRESENT,0.31587137420956424,484,89.2809587217044,6,6,0,0,1.0,0.3507417576231546,0.35074175762292725,0.3507417576231546,0.3507417576231546,0.03487038341359039,33,False,,469
cand_c173b54282bc540ca28d,mcv,PRESENT,0.31530327585551277,485,89.25876608965824,4,4,0,0,1.0,0.31530327585551277,0.31530327585551277,0.31530327585551277,0.31530327585551277,0.0,33,False,,470
cand_0fc83197c5ccd78a879f,fd,PRESENT,0.3127207372417615,486,89.23657345761207,28,28,0,0,1.0,0.3127207372413068,0.3127207372410794,0.3127207372413068,0.3127207372413068,-4.547473508864641e-13,10,False,,564
cand_77931c3e5705f7bb7bbb,mcv,PRESENT,0.30924636861709587,487,89.21438082556591,23,23,0,0,1.0,0.23016515582617103,0.23016515582594366,0.23016515582617103,0.23016515582617103,-0.07908121279092484,19,False,,471
cand_24b9dd5a383c5b9f44b3,mcv,PRESENT,0.3084192030582926,488,89.19218819351975,36,20,0,16,0.5555555555555556,0.3084192030582926,0.3074364590678442,0.3084192030578379,0.30841920305806525,0.0,1,False,,472
cand_06456d638a74ad1df51f,mcv,PRESENT,0.3077920741379785,489,89.16999556147358,25,2,0,23,0.08,0.3077920741379785,-54.66253541856099,-54.66253541856099,-10.686273424401975,0.0,4,False,,474
cand_a44777530f795200f01a,mcv,PRESENT,0.30743299919231504,490,89.14780292942743,20,0,0,20,0.0,-0.14011337402280333,-0.1489596002604685,-0.14895960026024113,-0.14851728894836924,-0.44754637321511836,20,False,,475
cand_963cc4b70b2fa45dd322,mcv,PRESENT,0.30669422320897866,491,89.12561029738127,4,4,0,0,1.0,0.30669422320829653,0.30669422320829653,0.30669422320829653,0.30669422320829653,-6.821210263296962e-13,33,False,,476
cand_51fb6d11edf8ad93a36c,mcv,PRESENT,0.30382571782683954,492,89.10341766533512,12,12,0,0,1.0,0.3038257178270669,0.2782379816330831,0.30382571782704415,0.3038257178270669,2.2737367544323206e-13,8,False,,477
cand_d2f697628599e93e7eb6,fd,PRESENT,0.30376838288793806,493,89.08122503328894,29,13,9,7,0.4482758620689655,0.30376838288816543,0.0,0.30376838288816543,0.30376838288816543,2.2737367544323206e-13,10,False,,565
cand_c51497405c31cff6e563,mcv,PRESENT,0.3013837484304531,494,89.05903240124279,24,23,0,1,0.9583333333333334,0.9167683638142989,0.005657252703485938,0.005657252703485938,0.005657252703485938,0.6153846153838458,2,False,,478
cand_6717f66cb2cb782d14df,mcv,PRESENT,0.3013674873054697,495,89.03683976919663,31,20,0,11,0.6451612903225806,0.4047930416422787,0.21129989095720703,0.4047930416422787,0.4047930416422787,0.103425554336809,8,False,,479
cand_58716cad8621359b0688,mcv,PRESENT,0.3007444994609614,496,89.01464713715046,14,4,0,10,0.2857142857142857,0.3007444994609614,-5.614698538513949,0.300744499460734,0.3007444994608136,0.0,10,False,,480
cand_1981d6626a5d159dc573,mcv,PRESENT,0.29965496472959785,497,88.9924545051043,36,36,0,0,1.0,1.8737652151762632,1.5976831798827789,1.6118576016774568,1.6118576016774568,1.5741102504466653,5,False,,481
cand_d7769492506ce4359c6f,mcv,PRESENT,0.2994724518084695,498,88.97026187305815,10,10,0,0,1.0,0.29947245180778737,0.29947245180778737,0.29947245180778737,0.29947245180778737,-6.821210263296962e-13,27,False,,482
cand_53d123f75deac69e47b9,mcv,PRESENT,0.296577506959693,500,88.92587660896582,11,9,0,2,0.8181818181818182,0.29657750695992036,0.296577506959693,0.29657750695992036,0.29657750695992036,2.2737367544323206e-13,19,False,,483
cand_62d42e09755d81d24c5f,mcv,PRESENT,0.2957336189947455,501,88.90368397691967,33,5,0,28,0.15151515151515152,0.2957336189947455,-0.13466173225856437,0.2957336189947455,0.2957336189947455,0.0,1,False,,484
cand_277e000e1feec7b7dfdb,mcv,PRESENT,0.2947034753678963,502,88.8814913448735,35,35,0,0,1.0,0.31520495891754763,0.31520495891754763,0.31520495891754763,0.31520495891754763,0.02050148354965131,15,False,,485
cand_c4a175f54730615e9267,fd,PRESENT,0.29144134612761263,503,88.85929871282734,29,13,16,0,0.4482758620689655,0.2892131821345174,0.0,0.2892131821345174,0.2892131821345174,-0.0022281639930952224,10,False,,573
cand_753a048657a06aaf9257,fd,PRESENT,0.28959449893864075,504,88.83710608078118,24,12,12,0,0.5,0.289594498938186,0.144797249469093,0.289594498938186,0.289594498938186,-4.547473508864641e-13,10,False,,575
cand_e54aa3f584d507a8b2b2,mcv,PRESENT,0.289522130304249,505,88.81491344873503,25,25,0,0,1.0,0.28952213030379426,0.0006332414152439014,0.0006346632208078518,0.0006346632208078518,-4.547473508864641e-13,2,False,,486
cand_a187913914d7dc5afb5b,fd,PRESENT,0.2880664058457114,506,88.79272081668886,21,21,0,0,1.0,0.28806640584548404,0.28806640584525667,0.28806640584548404,0.28806640584548404,-2.2737367544323206e-13,19,False,,576
cand_a4b0286e0e49dba11f7f,mcv,PRESENT,0.2834427603647782,507,88.7705281846427,30,30,0,0,1.0,0.33023627022976143,0.012033025098844519,0.2834427603643235,0.2834427603643235,0.04679350986498321,13,False,,487
cand_28181eefdf15a3ec6fe2,mcv,PRESENT,0.27765723020911537,508,88.74833555259654,21,8,0,13,0.38095238095238093,0.2776572302086606,-1.4932639944902348,0.27765723020843325,0.27765723020843325,-4.547473508864641e-13,19,False,,488
cand_b1beac74a493084850a4,mcv,PRESENT,0.2761499807402288,509,88.72614292055037,29,29,0,0,1.0,0.2761499807400014,0.07593811216111135,0.27614998073977404,0.2761499807399105,-2.2737367544323206e-13,10,False,,489
cand_e528156c827bc1078cdd,fd,PRESENT,0.2747517137104296,510,88.70395028850422,22,22,0,0,1.0,0.274751713710657,0.12040857719784981,0.2747517137104296,0.2747517137106456,2.2737367544323206e-13,19,False,,582
cand_ee0b6b1f4fd9cf265258,fd,PRESENT,0.2745347940544889,511,88.68175765645806,2,2,0,0,1.0,0.2745347940542615,0.2745347940541478,0.27453479405423875,0.27453479405425013,-2.2737367544323206e-13,35,False,,583
cand_b1aa619b108f3ae42a9c,mcv,PRESENT,0.2736647518740938,512,88.65956502441189,28,28,0,0,1.0,0.2736929848442742,0.2736929848440468,0.2736929848442742,0.2736929848442742,2.8232970180397388e-05,19,False,,491
cand_9b6beefb3481484e47c4,fd,PRESENT,0.2729887037921799,514,88.61517976031958,28,28,0,0,1.0,0.2728153007610672,0.2728153007608398,0.2728153007610672,0.2728153007610672,-0.0001734030311126844,10,False,,584
cand_4924ba7431f121c84c71,mcv,PRESENT,0.26630306980587193,516,88.57079449622725,30,29,0,1,0.9666666666666667,0.2663030698054172,0.2663030698054172,0.2663030698054172,0.2663030698054172,-4.547473508864641e-13,7,False,,494
cand_af9fecc8e9b0c340c9d4,fd,PRESENT,0.2642065575273591,517,88.5486018641811,29,29,0,0,1.0,0.264206557526677,0.264206557526677,0.264206557526677,0.264206557526677,-6.821210263296962e-13,8,False,,590
cand_2c5f18df5ea90c9eff25,fd,PRESENT,0.26335020032911416,518,88.52640923213494,21,21,0,0,1.0,0.2633502003288868,0.2633502003288868,0.2633502003288868,0.2633502003288868,-2.2737367544323206e-13,16,False,,592
cand_f3758481b90751af9aff,mcv,PRESENT,0.26095876579165633,520,88.48202396804261,29,9,0,20,0.3103448275862069,0.26095876579165633,-6.099676350312848,0.26095876579165633,0.26095876579165633,0.0,8,False,,496
cand_36c8679a16ed9a48cead,mcv,PRESENT,0.25757773115765303,521,88.45983133599645,26,26,0,0,1.0,0.25757773115765303,0.08182306641538162,0.1166499566420498,0.22234578752875223,0.0,6,False,,497
cand_9c44298f6e442e17128a,mcv,PRESENT,0.2571277886536336,522,88.43763870395028,30,1,0,29,0.03333333333333333,0.2571277886529515,-0.007926729632345086,-0.0064791486088097375,-0.006479148608605101,-6.821210263296962e-13,4,False,,498
cand_e560e079db030f37329c,mcv,PRESENT,0.25701851659778185,523,88.41544607190413,4,4,0,0,1.0,0.2570185165973271,0.2570185165973271,0.2570185165973271,0.2570185165973271,-4.547473508864641e-13,33,False,,499
cand_4cf55e6255661f2d5a3e,mcv,PRESENT,0.2567076356299367,524,88.39325343985797,21,21,0,0,1.0,1.033948037295204,0.22346862721019534,1.0083207014704385,1.033948037295204,0.7772404016652672,23,False,,500
cand_d09ff9676c44a4e2067b,mcv,PRESENT,0.2565993556045214,525,88.3710608078118,28,15,0,13,0.5357142857142857,0.25659935560406666,0.2565993556038393,0.25659935560406666,0.25659935560406666,-4.547473508864641e-13,9,False,,501
cand_23053be4bc49c5d4b70f,mcv,PRESENT,0.256356096696436,526,88.34886817576565,22,10,0,12,0.45454545454545453,0.25635609669666337,-0.05854854713595614,0.2563560966966406,0.25635609669666337,2.2737367544323206e-13,10,False,,502
cand_f0cb3d7c6a88d2933c07,mcv,PRESENT,0.2547237767576007,527,88.32667554371949,29,29,0,0,1.0,0.25472377675737334,0.2524749234748924,0.25472377675737334,0.25472377675737334,-2.2737367544323206e-13,8,False,,504
cand_a6036f0c6b1c7420be07,fd,PRESENT,0.25364976004493656,528,88.30448291167332,29,29,0,0,1.0,0.2536497600447092,0.2536497600447092,0.2536497600447092,0.2536497600447092,-2.2737367544323206e-13,8,False,,596
cand_b00486fbae79eb961fb2,fd,PRESENT,0.2512145800355938,529,88.28229027962716,29,16,13,0,0.5517241379310345,0.2512145800355938,0.25121458003536645,0.2512145800355938,0.2512145800355938,0.0,8,False,,597
cand_4ba32ef94451612396b7,fd,PRESENT,0.24801015572302276,530,88.260097647581,21,8,13,0,0.38095238095238093,0.24801015572302276,0.0,0.24801015572302276,0.24801015572302276,0.0,19,False,,599
cand_e22abb39e8f7bccc9b82,mcv,PRESENT,0.24751200798527861,531,88.23790501553485,28,28,0,0,1.0,0.23697269276158295,0.23583064307081258,0.23697269276158295,0.23697269276158295,-0.010539315223695667,9,False,,507
cand_93cb8eca1b6a33f42aec,mcv,PRESENT,0.24582840746188594,532,88.21571238348868,36,36,0,0,1.0,0.24582840746188594,0.24582840746165857,0.24582840746188594,0.24582840746188594,0.0,1,False,,509
cand_ec9ca8d948830ad9a62c,fd,PRESENT,0.24548097711158334,533,88.19351975144252,29,29,0,0,1.0,0.24548097711135597,0.24548097711135597,0.24548097711135597,0.24548097711135597,-2.2737367544323206e-13,8,False,,601
cand_b0206322d08e5c39b722,mcv,PRESENT,0.24479311724917352,534,88.17132711939637,36,36,0,0,1.0,0.30437142355958713,0.30437142355958713,0.30437142355958713,0.30437142355958713,0.05957830631041361,6,False,,510
cand_312ac9426fb59a0b7781,mcv,PRESENT,0.24240930800442584,535,88.1491344873502,22,22,0,0,1.0,0.022863151189540076,0.02286315118942639,0.022863151189540076,0.022863151189540076,-0.21954615681488576,10,False,,511
cand_c485499ce745bd85f0b4,fd,PRESENT,0.2417236366927682,536,88.12694185530404,30,30,0,0,1.0,0.2417236366927682,0.16527369157870453,0.24172363669254082,0.2417236366926659,0.0,8,False,,603
cand_02a0747bf73f2b8f2524,mcv,PRESENT,0.24159117677208997,537,88.10474922325788,29,29,0,0,1.0,0.012351958148656195,0.012351958148656195,0.012351958148656195,0.012351958148656195,-0.22923921862343377,8,False,,513
cand_87b16163e0c924e19bbf,mcv,PRESENT,0.2400637615201049,538,88.08255659121171,30,1,0,29,0.03333333333333333,0.2400637615201049,-0.002926892685536586,-0.0023445613901458273,-0.002344561390020772,0.0,3,False,,514
cand_80f5503e73fadd457faa,fd,PRESENT,0.2301643373175466,540,88.0381713271194,29,16,13,0,0.5517241379310345,0.2301643373175466,0.23016433731731922,0.2301643373173647,0.2301643373175466,0.0,10,False,,608
cand_d8c5e3c784402fd71156,mcv,PRESENT,0.22997440703966276,541,88.01597869507323,27,27,0,0,1.0,0.22997440703920802,0.22997440703898064,0.22997440703920802,0.22997440703920802,-4.547473508864641e-13,10,False,,516
cand_7d0eba531d65a0440632,mcv,PRESENT,0.2289656185057538,542,87.99378606302707,2,2,0,0,1.0,0.2289656185050717,0.2289656185050717,0.2289656185050717,0.2289656185050717,-6.821210263296962e-13,35,False,,517
cand_b549dd6ab4fe0fd3acbb,mcv,PRESENT,0.22811684279076871,543,87.97159343098092,2,2,0,0,1.0,0.22811684279076871,0.22811684279065503,0.22811684279074598,0.22811684279075733,0.0,35,False,,519
cand_e19e951fb262fc6a5f4f,fd,PRESENT,0.2255413675447926,544,87.94940079893475,18,0,18,0,0.0,0.0,0.0,0.0,0.0,-0.2255413675447926,19,False,,614
cand_04fddfea29d446576243,fd,PRESENT,0.22500654619943816,545,87.92720816688859,29,21,8,0,0.7241379310344828,0.22500654619943816,0.22500654619943816,0.22500654619943816,0.22500654619943816,0.0,8,False,,615
cand_7fb4487bf781e1d501ad,fd,PRESENT,0.22500654619943816,546,87.90501553484243,29,25,4,0,0.8620689655172413,0.22500654619943816,0.22500654619943816,0.22500654619943816,0.22500654619943816,0.0,8,False,,616
cand_5b3cf1339a76dc8d4f8e,mcv,PRESENT,0.22361998394990223,549,87.83843763870395,34,7,0,27,0.20588235294117646,0.2236199839494475,-3.161703331554918,0.2236199839494475,0.2236199839494475,-4.547473508864641e-13,3,False,,522
cand_15bd027e9f52a487b4e2,mcv,PRESENT,0.2199081806875256,550,87.8162450066578,29,29,0,0,1.0,0.22128116916906038,0.21414385411935655,0.2207472663394583,0.2207472663394583,0.001372988481534776,15,False,,524
cand_b31facd74ab15ee0ff6e,fd,PRESENT,0.21943152257063048,551,87.79405237461162,29,29,0,0,1.0,0.21943152257017573,0.10685349651180331,0.21943152257017573,0.21943152257017573,-4.547473508864641e-13,8,False,,618
cand_c8745352038bc70e352e,mcv,PRESENT,0.21893932593047793,552,87.77185974256547,30,30,0,0,1.0,0.24261470538704089,0.2189393259297958,0.24261470538704089,0.24261470538704089,0.02367537945656295,30,False,,525
cand_51796f0d511b00e88e41,mcv,PRESENT,0.21880480453728524,553,87.74966711051931,27,27,0,0,1.0,0.3178377938700123,0.31783779386978495,0.3178377938698759,0.3178377938700123,0.09903298933272708,26,False,,526
cand_b88bb15c8d5d1d6ba715,fd,PRESENT,0.21742841623563436,554,87.72747447847314,2,2,0,0,1.0,0.2174284162351796,0.2174284162351796,0.2174284162351796,0.2174284162351796,-4.547473508864641e-13,35,False,,620
cand_8d30cccf968abb667787,mcv,PRESENT,0.2173325928106351,555,87.70528184642698,31,16,0,15,0.5161290322580645,0.21733259280995298,0.20770258774132344,0.21733259280995298,0.21733259280995298,-6.821210263296962e-13,6,False,,527
cand_f101ada4c33944976200,fd,PRESENT,0.21576513868785696,556,87.68308921438083,29,29,0,0,1.0,0.21576513868785696,0.20948782855543868,0.21553443476409484,0.2156728571183521,0.0,8,False,,622
cand_4f41811c5ad7b899e7ff,fd,PRESENT,0.2150682920264444,557,87.66089658233466,30,30,0,0,1.0,0.21506829202621702,0.21506829202598965,0.21506829202621702,0.21506829202621702,-2.2737367544323206e-13,10,False,,624
cand_b71d6c0e673b2703e5b8,mcv,PRESENT,0.21393171311137849,558,87.6387039502885,31,31,0,0,1.0,0.23212668094811306,0.21925936450020345,0.21925936450043082,0.21925936450043082,0.018194967836734577,21,False,,528
cand_a21e4147d0b1aea0af52,fd,PRESENT,0.21341811725415027,559,87.61651131824235,29,6,23,0,0.20689655172413793,0.21341811725415027,0.0,0.21341811725415027,0.21341811725415027,0.0,8,False,,625
cand_fd6ae62984cc37d0ac5b,mcv,PRESENT,0.21241372735130426,560,87.59431868619619,10,10,0,0,1.0,0.27218637626583586,0.2721863762656085,0.27218637626563125,0.27218637626573355,0.0597726489145316,35,False,,529
cand_47e775e892e6a251f274,mcv,PRESENT,0.2114336617059962,561,87.57212605415002,29,29,0,0,1.0,0.21143366170531408,0.16591318326436522,0.18224681130527642,0.19975892154529895,-6.821210263296962e-13,8,False,,530
cand_f2a50fff38fe916533ca,mcv,PRESENT,0.20928960952915077,562,87.54993342210386,33,33,0,0,1.0,0.20928960952869602,0.14359305445555037,0.19731074869487206,0.20928960952869602,-4.547473508864641e-13,4,False,,531
cand_349c7498507c6077a9b3,fd,PRESENT,0.20853902003000258,563,87.5277407900577,22,22,0,0,1.0,0.20853902002932045,0.20853902002932045,0.20853902002932045,0.20853902002932045,-6.821210263296962e-13,15,False,,630
cand_d4985c54b3362781240b,mcv,PRESENT,0.20671995944667287,564,87.50554815801154,12,12,0,0,1.0,0.20671995944599075,0.20671995944599075,0.20671995944599075,0.20671995944599075,-6.821210263296962e-13,25,False,,532
cand_6d22b965e8f2427da10d,mcv,PRESENT,0.20225202071742387,565,87.48335552596538,29,1,0,28,0.034482758620689655,0.20225202071674175,-1.7650398237319678,-1.7640016473628748,-1.7640016473628748,-6.821210263296962e-13,8,False,,533
cand_dae3d2e555186989f499,fd,PRESENT,0.20144039742626774,566,87.46116289391922,16,0,16,0,0.0,0.0,0.0,0.0,0.0,-0.20144039742626774,21,False,,632
cand_f6e29665bc589d5d7338,mcv,PRESENT,0.20130274543043924,567,87.43897026187305,9,9,0,0,1.0,0.20130274543043924,0.20130274543043924,0.20130274543043924,0.20130274543043924,0.0,20,False,,534
cand_27863dd84afd3e67f061,mcv,PRESENT,0.20037711497570854,568,87.4167776298269,30,30,0,0,1.0,0.2506846912556284,0.2487316875351553,0.2506846912554238,0.2506846912556284,0.050307576279919886,14,False,,535
cand_49bbd4481f99c83c6cb4,mcv,PRESENT,0.1999264493051669,569,87.39458499778074,4,2,0,2,0.5,0.19992644930471215,-27.285237297044773,0.19992644930471215,0.19992644930471215,-4.547473508864641e-13,4,False,,536
cand_eb4495a6e5b7f405b732,mcv,PRESENT,0.19855741201445198,570,87.37239236573457,22,4,0,18,0.18181818181818182,0.1985574120142246,-5.646055088690218,0.1985574120142246,0.1985574120142246,-2.2737367544323206e-13,8,False,,537
cand_17320f15cf6aebf3b3ee,mcv,PRESENT,0.1973124730429845,571,87.35019973368841,29,29,0,0,1.0,0.21189615966295605,0.19731247304275712,0.21189615966295605,0.21189615966295605,0.014583686619971559,28,False,,538
cand_7452b14f0bdb5cc0bd90,mcv,PRESENT,0.19693330959671584,572,87.32800710164226,24,24,0,0,1.0,0.1969333095962611,0.1969333095962611,0.1969333095962611,0.1969333095962611,-4.547473508864641e-13,13,False,,540
cand_ff462947716df2287cd4,fd,PRESENT,0.19414704505288682,573,87.3058144695961,28,0,28,0,0.0,0.0,0.0,0.0,0.0,-0.19414704505288682,9,False,,641
cand_5690f6639391414ee67f,mcv,PRESENT,0.1934557073218457,574,87.28362183754993,29,6,0,23,0.20689655172413793,0.19345570732207307,-0.03599634747274649,0.1934557073218457,0.1934557073218457,2.2737367544323206e-13,10,False,,542
cand_e88a1ee4c833209241cf,mcv,PRESENT,0.19252955744832434,575,87.26142920550377,36,36,0,0,1.0,0.19252955744832434,0.19252955744809697,0.19252955744832434,0.19252955744832434,0.0,1,False,,543
cand_a213662454c85c2fc884,mcv,PRESENT,0.19192565928915428,576,87.23923657345762,36,13,0,23,0.3611111111111111,0.19192565928915428,-11.436498998245725,0.19192565928847216,0.191925659288529,0.0,1,False,,544
cand_8a95c23d6d8b7c896b07,mcv,PRESENT,0.18988765312042233,577,87.21704394141145,29,29,0,0,1.0,0.18988765312019495,0.020288784147396655,0.022336926504294752,0.12286736247383452,-2.2737367544323206e-13,6,False,,545
cand_5326b3099b157c1953ce,mcv,PRESENT,0.1879793393181899,578,87.19485130936529,28,6,0,22,0.21428571428571427,0.1879793393179625,-1.123229918428251,0.1879793393179625,0.1879793393179625,-2.2737367544323206e-13,9,False,,547
cand_b099a5ed02afc26ec9ea,mcv,PRESENT,0.1873772791132069,579,87.17265867731913,29,29,0,0,1.0,0.2543118493226757,0.2543118493224483,0.2543118493226757,0.2543118493226757,0.0669345702094688,21,False,,548
cand_86c9b5e94d8f5c3b8f88,mcv,PRESENT,0.18556119302502339,580,87.15046604527296,29,29,0,0,1.0,0.185561193024796,0.06825152793817324,0.1855611930246141,0.185561193024796,-2.2737367544323206e-13,8,False,,550
cand_a87e37344cee8a694b8d,fd,PRESENT,0.18417295883955376,581,87.12827341322681,21,21,0,0,1.0,0.18417295883887164,0.18417295883887164,0.18417295883887164,0.18417295883887164,-6.821210263296962e-13,16,False,,649
cand_1039477c9d014b3d88a3,fd,PRESENT,0.18372657667077874,582,87.10608078118065,9,9,0,0,1.0,0.183726576670324,0.18372657667009662,0.18372657667014208,0.18372657667023304,-4.547473508864641e-13,19,False,,650
cand_62fb00997308180bb2ab,mcv,PRESENT,0.18370941132434382,583,87.08388814913448,36,30,0,6,0.8333333333333334,0.18370941132434382,0.18370941132434382,0.18370941132434382,0.18370941132434382,0.0,1,False,,551
cand_7dea3eaa5f65ad18acf6,mcv,PRESENT,0.17672343424146675,584,87.06169551708832,25,25,0,0,1.0,0.22140428530497047,0.2214042853047431,0.22140428530497047,0.22140428530497047,0.044680851063503724,19,False,,553
cand_6539b9580fdd8c1f93e9,mcv,PRESENT,0.1741469951984982,585,87.03950288504217,36,16,0,20,0.4444444444444444,0.1741469951984982,-4.784849522630111,0.1741469951984982,0.1741469951984982,0.0,1,False,,554
cand_03ff1ea8781940cc92e3,fd,PRESENT,0.17278279527545237,586,87.01731025299601,26,26,0,0,1.0,0.17278279527545237,0.172782795275225,0.17278279527545237,0.17278279527545237,0.0,13,False,,657
cand_5938121f0f15131fe846,mcv,PRESENT,0.17115499157171143,587,86.99511762094984,31,11,0,20,0.3548387096774194,0.1711549915719388,-0.970827058187524,0.1711549915719388,0.1711549915719388,2.2737367544323206e-13,6,False,,555
cand_929cdceabc14b6d5c4ff,mcv,PRESENT,0.17032876707617106,588,86.97292498890369,23,23,0,0,1.0,0.17032876707639844,0.14762779333318576,0.17032876707639844,0.17032876707639844,2.2737367544323206e-13,14,False,,556
cand_5e5b9025885474ff7021,mcv,PRESENT,0.16898039688112476,589,86.95073235685753,23,23,0,0,1.0,0.1689803968808974,0.16898039688067001,0.16898039688067001,0.16898039688087466,-2.2737367544323206e-13,19,False,,557
cand_1c7eb793f1ff56a1c5c8,mcv,PRESENT,0.168578917458035,590,86.92853972481136,34,26,0,8,0.7647058823529411,0.16857891745826237,0.168578917458035,0.16857891745826237,0.16857891745826237,2.2737367544323206e-13,8,False,,558
cand_f614ecb8fdfbb9a69a92,mcv,PRESENT,0.16747483613744407,591,86.9063470927652,29,8,0,21,0.27586206896551724,0.3201143255059833,-4.475806132616981,0.16747483613744407,0.25905852975856725,0.15263948936853922,14,False,,560
cand_f00a74473a7d623890f2,mcv,PRESENT,0.16442731213282968,593,86.86196182867288,29,29,0,0,1.0,0.1644273121326023,0.15782389991272794,0.1644273121326023,0.1644273121326023,-2.2737367544323206e-13,8,False,,562
cand_225ddb2742774c96a963,mcv,PRESENT,0.16411645626249083,594,86.83976919662672,20,20,0,0,1.0,0.16165229869761788,0.16165229869761788,0.16165229869761788,0.16165229869761788,-0.0024641575648729486,21,False,,563
cand_151c2dbc8a3b5520f1ca,mcv,PRESENT,0.15881192585675308,595,86.81757656458056,24,24,0,0,1.0,0.17486581988259786,0.17369815165511682,0.17486581988252964,0.17486581988259786,0.016053894025844784,33,False,,566
cand_dfc7bd162afc987929c9,fd,PRESENT,0.1585010716744364,596,86.79538393253439,13,13,0,0,1.0,0.15850107167398164,0.15850107167375427,0.15850107167375427,0.15850107167384522,-4.547473508864641e-13,26,False,,677
cand_bf508a19f5b2ddb393c8,mcv,PRESENT,0.1574894906279951,597,86.77319130048824,29,29,0,0,1.0,0.1574894906279951,0.15727601079379383,0.1574894906279951,0.1574894906279951,0.0,8,False,,567
cand_a2de0efb307bccb686b6,mcv,PRESENT,0.1574251748761526,598,86.75099866844208,24,24,0,0,1.0,0.1574251748761526,0.15742517487592522,0.1574251748761526,0.1574251748761526,0.0,13,False,,568
cand_031e09acf0690b93075b,mcv,PRESENT,0.15545621359979123,599,86.72880603639592,29,29,0,0,1.0,0.4095666281832564,0.15936553410961096,0.4095666281832564,0.4095666281832564,0.25411041458346517,28,False,,570
cand_78ef6200fce522fb324c,mcv,PRESENT,0.15518281492768438,600,86.70661340434975,36,5,0,31,0.1388888888888889,0.15518281492768438,-42.67374296368939,0.15518281492722963,0.15518281492722963,0.0,1,False,,571
cand_c816899b0e48d4443098,mcv,PRESENT,0.15453475601498212,601,86.6844207723036,29,29,0,0,1.0,0.0006886021683385479,0.0006886021681111743,0.0006886021683385479,0.0006886021683385479,-0.15384615384664357,10,False,,572
cand_dd58c6e60ad991e2e5b7,mcv,PRESENT,0.15171903237751394,602,86.66222814025744,16,16,0,0,1.0,0.15171903237751394,0.15171903237751394,0.15171903237751394,0.15171903237751394,0.0,21,False,,574
cand_7476a7d34982da3c72e5,fd,PRESENT,0.15121388515490253,603,86.64003550821127,18,18,0,0,1.0,0.1512138851542204,0.1512138851542204,0.1512138851542204,0.1512138851542204,-6.821210263296962e-13,19,False,,686
cand_7d334a3d7993f303fe75,mcv,PRESENT,0.1496865406870711,604,86.61784287616511,31,5,0,26,0.16129032258064516,0.14967764183438703,-8.930009084898757,0.14967764183415966,0.14967764183415966,-8.898852684069425e-06,10,False,,577
cand_0d20727ddfa0336b338a,mcv,PRESENT,0.14901387811005407,605,86.59565024411896,29,29,0,0,1.0,0.14901387811028144,0.12123080641708839,0.14901387811005407,0.14901387811005407,2.2737367544323206e-13,10,False,,578
cand_c50032cbabb68d97acce,mcv,PRESENT,0.14684239434154733,607,86.55126498002663,23,23,0,0,1.0,0.14684239434131996,0.14684239434109259,0.14684239434131996,0.14684239434131996,-2.2737367544323206e-13,19,False,,580
cand_9cce99ef2644411c0413,mcv,PRESENT,0.14624357534103183,608,86.52907234798047,9,9,0,0,1.0,0.14845573309185056,0.14845573309185056,0.14845573309185056,0.14845573309185056,0.002212157750818733,28,False,,581
cand_6affda997c840d3edc6c,fd,PRESENT,0.14573681339425093,609,86.5068797159343,29,29,0,0,1.0,0.14573681339402356,0.14573681339379618,0.14573681339402356,0.14573681339402356,-2.2737367544323206e-13,8,False,,698
cand_e42cf7f488f62ffb1322,mcv,PRESENT,0.14187092220799968,610,86.48468708388815,28,28,0,0,1.0,0.1418709222077723,0.14187092220754494,0.1418709222077723,0.1418709222077723,-2.2737367544323206e-13,8,False,,585
cand_ec399ca0b9095a72666d,mcv,PRESENT,0.14142879061728308,611,86.46249445184199,31,31,0,0,1.0,0.14142879061751046,0.14142879061751046,0.14142879061751046,0.14142879061751046,2.2737367544323206e-13,6,False,,586
cand_53c1f0ba1163108329d9,mcv,PRESENT,0.14053254437931173,612,86.44030181979583,17,17,0,0,1.0,0.14053254437885698,0.1405325443786296,0.14053254437872056,0.14053254437885698,-4.547473508864641e-13,20,False,,587
cand_54cdad864d5b41b79974,mcv,PRESENT,0.1391604832806479,613,86.41810918774966,31,7,0,24,0.22580645161290322,0.13916048328042052,-8.220704173921831,0.13916048328042052,0.13916048328042052,-2.2737367544323206e-13,6,False,,588
cand_83b758b0441160527406,mcv,PRESENT,0.13912048392467113,614,86.39591655570351,27,9,0,18,0.3333333333333333,0.13557068290992902,-0.443914193561568,0.13557068290992902,0.13557068290992902,-0.0035498010147421155,10,False,,589
cand_ec87113d8a0f10e19716,mcv,PRESENT,0.13777355965521565,615,86.37372392365735,8,8,0,0,1.0,0.13777355965521565,0.025581341707948013,0.1377735596550565,0.13777355965513607,0.0,13,False,,591
cand_d44a4d771b1b28f43aba,mcv,PRESENT,0.13736842078196787,616,86.35153129161118,24,24,0,0,1.0,0.13736842078151312,0.13736842078151312,0.13736842078151312,0.13736842078151312,-4.547473508864641e-13,13,False,,593
cand_1d9ab26f2b296430af1b,fd,PRESENT,0.13725208553296397,617,86.32933865956502,29,29,0,0,1.0,0.13725208553250923,0.13725208553250923,0.13725208553250923,0.13725208553250923,-4.547473508864641e-13,8,False,,703
cand_d83329ffda8be26464f1,mcv,PRESENT,0.13724588621607836,618,86.30714602751887,29,19,0,10,0.6551724137931034,0.14232521649341834,0.08232349805120975,0.08396980605698445,0.11898305231884465,0.005079330277339977,6,False,,594
cand_c03bd335cc1ef0e4aa84,fd,PRESENT,0.13680042323358066,619,86.2849533954727,29,29,0,0,1.0,0.13680042323289854,0.07339594017093987,0.13680042323289854,0.13680042323289854,-6.821210263296962e-13,8,False,,704
cand_cbd57200e0f1dcfb4153,fd,PRESENT,0.1354124101026173,620,86.26276076342654,10,10,0,0,1.0,0.060564174988257946,0.060564174988257946,0.060564174988257946,0.060564174988257946,-0.07484823511435934,27,False,,706
cand_77b15e83a6c573b9843d,mcv,PRESENT,0.13540760973864963,621,86.24056813138039,29,29,0,0,1.0,0.13540760973864963,0.11241211836363618,0.13540760973842225,0.13540760973855867,0.0,10,False,,595
cand_fb9c74a8e3182a9d97b7,fd,PRESENT,0.13336268814055074,622,86.21837549933421,29,29,0,0,1.0,0.13336268814055074,0.09569668341987381,0.09569668341987381,0.09569668341987381,0.0,8,False,,710
cand_029c9ec7b337da8b2113,mcv,PRESENT,0.1302557027174771,623,86.19618286728806,27,27,0,0,1.0,0.13025570271724973,0.09627415508884951,0.13025570271724973,0.13025570271724973,-2.2737367544323206e-13,10,False,,598
cand_f7abbf012360f5f73fd9,mcv,PRESENT,0.12884318769374659,624,86.1739902352419,31,31,0,0,1.0,0.12884318769306446,0.03009889545569422,0.12884318769306446,0.12884318769306446,-6.821210263296962e-13,6,False,,600
cand_07f2679b975d0425c547,fd,PRESENT,0.12806565346090792,625,86.15179760319575,21,21,0,0,1.0,0.05573720841357499,0.055737208413347616,0.05573720841357499,0.05573720841357499,-0.07232844504733293,19,False,,715
cand_19cc2e15b1f1eb43a932,mcv,PRESENT,0.12716861614535446,626,86.12960497114958,27,27,0,0,1.0,0.12716861614558184,0.12716861614535446,0.12716861614558184,0.12716861614558184,2.2737367544323206e-13,10,False,,602
cand_69e994a5ee339f30374b,fd,PRESENT,0.12602967479688232,627,86.10741233910342,29,29,0,0,1.0,0.12602967479688232,0.12018160926663768,0.12602967479688232,0.12602967479688232,0.0,8,False,,719
cand_507d66b303a7db7f9cec,mcv,PRESENT,0.12560651545027213,628,86.08521970705726,28,28,0,0,1.0,0.12710520538257697,0.12692260545054523,0.12710520538257697,0.12710520538257697,0.001498689932304842,28,False,,604
cand_3022d07db304984276d3,fd,PRESENT,0.1250021399519028,629,86.06302707501109,24,24,0,0,1.0,0.1250021399519028,0.12500213995167542,0.12500213995183457,0.1250021399519028,0.0,13,False,,720
cand_ccd83dfa73594774dc17,mcv,PRESENT,0.12498878604310448,630,86.04083444296494,29,29,0,0,1.0,0.12498878604287711,0.12498878604264974,0.12498878604287711,0.12498878604287711,-2.2737367544323206e-13,8,False,,605
cand_da09819384a22d080f9b,fd,PRESENT,0.12118977760837879,631,86.01864181091878,28,28,0,0,1.0,0.12118977760860616,0.12118977760837879,0.12118977760860616,0.12118977760860616,2.2737367544323206e-13,10,False,,729
cand_06a08f3b2633b7322e3b,mcv,PRESENT,0.12099117590423702,632,85.99644917887261,23,23,0,0,1.0,0.1209936018915414,0.12099117590400965,0.1209936018915414,0.1209936018915414,2.425987304377486e-06,33,False,,606
cand_abfdf7d9ec0e28d79930,fd,PRESENT,0.12015607843568432,634,85.9520639147803,29,29,0,0,1.0,0.2130158723830391,0.12015607843568432,0.2130158723830391,0.2130158723830391,0.09285979394735477,28,False,,730
cand_0d8797705f848bfbbce4,fd,PRESENT,0.11993692407395429,635,85.92987128273413,29,29,0,0,1.0,0.11993692407349954,0.10021803253857797,0.11993692407331764,0.11993692407349954,-4.547473508864641e-13,8,False,,731
cand_c691ddff3eb33785c678,mcv,PRESENT,0.11986463059747621,636,85.90767865068797,33,8,0,25,0.24242424242424243,0.11986463059724883,-1.4405380539665202,0.11986463059724883,0.11986463059724883,-2.2737367544323206e-13,6,False,,609
cand_89b8389969c0f3134c51,mcv,PRESENT,0.11933195462916046,638,85.86329338659564,23,10,0,13,0.43478260869565216,0.11936618979279956,-0.7001513147101832,0.11936618979257219,0.11936618979277683,3.4235163639095845e-05,19,False,,610
cand_fe3c5a1cf5859411ed3f,mcv,PRESENT,0.11866207970251708,639,85.84110075454949,15,0,0,15,0.0,-0.15035552324229684,-0.15035552324229684,-0.15035552324229684,-0.15035552324229684,-0.2690176029448139,16,False,,611
cand_39f5ecfe5f2728a3dc52,mcv,PRESENT,0.11865266909080674,640,85.81890812250333,10,10,0,0,1.0,0.11865266909057937,0.11865266909057937,0.11865266909057937,0.11865266909057937,-2.2737367544323206e-13,27,False,,612
cand_4ab7d7d895faa315be79,fd,PRESENT,0.11777718868324882,642,85.774522858411,26,26,0,0,1.0,0.11777718868302145,0.11777718868279408,0.11777718868279408,0.1177771886829646,-2.2737367544323206e-13,19,False,,736
cand_001612315166d16fb2a6,fd,PRESENT,0.11753243954626669,644,85.73013759431869,20,20,0,0,1.0,0.11753243954649406,0.11753243954626669,0.11753243954628942,0.11753243954649406,2.2737367544323206e-13,19,False,,738
cand_8932884a730559b5f561,mcv,PRESENT,0.1161432563822018,645,85.70794496227252,34,34,0,0,1.0,0.1161432563822018,0.1161432563822018,0.1161432563822018,0.1161432563822018,0.0,3,False,,617
cand_8d362d8c95792d19909a,fd,PRESENT,0.11436460904224077,646,85.68575233022636,24,24,0,0,1.0,0.11436460904155865,0.11436460904155865,0.11436460904155865,0.11436460904155865,-6.821210263296962e-13,13,False,,743
cand_a08ff8afa511b3a7b801,mcv,PRESENT,0.1141512884396434,647,85.66355969818021,36,36,0,0,1.0,0.1141512884396434,0.08829534912547388,0.11415128843941602,0.1141512884396434,0.0,1,False,,619
cand_31d75b0a261260d93550,mcv,PRESENT,0.11344919008934085,648,85.64136706613404,29,7,22,0,0.2413793103448276,0.11298899505595728,0.0,0.11298899505595728,0.11298899505595728,-0.00046019503338357026,8,False,,621
cand_f9dae59d5878cf009f5a,mcv,PRESENT,0.11259962692929548,649,85.61917443408788,29,20,9,0,0.6896551724137931,0.11259962692906811,0.11259962692884073,0.11259962692906811,0.11259962692906811,-2.2737367544323206e-13,8,False,,623
cand_dfae24be60c11e427392,mcv,PRESENT,0.11058447219420486,650,85.59698180204173,1,1,0,0,1.0,0.11058447219375012,0.11058447219375012,0.11058447219375012,0.11058447219375012,-4.547473508864641e-13,2,False,,626
cand_3b952d0341f27c983d84,mcv,PRESENT,0.11007266979868291,652,85.5525965379494,29,7,0,22,0.2413793103448276,0.11007266979822816,-6.679484651108169,0.11007266979800079,0.11007266979813721,-4.547473508864641e-13,10,False,,628
cand_fed088225915b98f820c,fd,PRESENT,0.10945483838713699,653,85.53040390590324,29,29,0,0,1.0,0.10945483838645487,0.10945483838645487,0.10945483838645487,0.10945483838645487,-6.821210263296962e-13,8,False,,754
cand_a2c88404aaf5f3accda0,mcv,PRESENT,0.10907391631826613,654,85.50821127385709,21,21,0,0,1.0,0.10907391631803875,0.03607947418186086,0.10907391631803875,0.10907391631803875,-2.2737367544323206e-13,19,False,,629
cand_28f5a99857a0d459fa6a,fd,PRESENT,0.10634170687171718,655,85.48601864181092,21,21,0,0,1.0,0.1063417068714898,0.10634170687126243,0.10634170687126243,0.1063417068714898,-2.2737367544323206e-13,19,False,,759
cand_8bcd6caa6f66e5494005,mcv,PRESENT,0.10621067633564962,656,85.46382600976476,23,23,0,0,1.0,0.10621067633542225,0.10621067633519488,0.10621067633542225,0.10621067633542225,-2.2737367544323206e-13,13,False,,631
cand_8f7296baf336bca4a83f,fd,PRESENT,0.10601729504560353,657,85.4416333777186,29,29,0,0,1.0,0.10601729504514878,0.10601729504492141,0.10601729504514878,0.10601729504514878,-4.547473508864641e-13,8,False,,762
cand_ce6c434d1fa4b5fbab10,mcv,PRESENT,0.10533441099050833,658,85.41944074567243,26,26,0,0,1.0,0.10533441099005358,0.10533441099005358,0.10533441099005358,0.10533441099005358,-4.547473508864641e-13,11,False,,633
cand_5c5aff60e5343a86e328,fd,PRESENT,0.10531134458415181,659,85.39724811362628,2,0,2,0,0.0,0.0,0.0,0.0,0.0,-0.10531134458415181,35,False,,765
cand_58e39f0138bb656208e6,mcv,PRESENT,0.10530256532001658,660,85.37505548158012,31,5,0,26,0.16129032258064516,0.10530256531978921,-7.706067227141602,0.10530256531978921,0.10530256531978921,-2.2737367544323206e-13,6,False,,634
cand_e2d6c9e394baab2882aa,mcv,PRESENT,0.10498734565226187,661,85.35286284953395,28,9,0,19,0.32142857142857145,0.10498734565157974,-1.8989406827315634,0.10498734565157974,0.10498734565157974,-6.821210263296962e-13,9,False,,635
cand_be3dbee598b3b5c6deed,mcv,PRESENT,0.10437199190891988,662,85.33067021748779,29,29,0,0,1.0,1.012279664354537,0.9817556691025402,1.012279664354537,1.012279664354537,0.9079076724456172,28,False,,636
cand_60ab83202b0bcf325675,mcv,PRESENT,0.103795888595414,663,85.30847758544164,31,5,0,26,0.16129032258064516,0.10379588859495925,-0.8476652307710992,0.10379588859473188,0.10379588859473188,-4.547473508864641e-13,10,False,,637
cand_d73f33e6e71a2930fd01,mcv,PRESENT,0.1021311530521416,664,85.28628495339547,14,2,0,12,0.14285714285714285,0.10213115305191423,-7.808530376388035,-2.271067305780062,0.10213115305191423,-2.2737367544323206e-13,9,False,,638
cand_2e96951ac250002c4422,mcv,PRESENT,0.10211498650096473,665,85.26409232134931,34,34,0,0,1.0,0.10211498650050999,0.06731290532161438,0.10211498650044178,0.10211498650050999,-4.547473508864641e-13,3,False,,639
cand_75894965ee8fcf435cd8,mcv,PRESENT,0.10177425893016334,666,85.24189968930315,29,29,0,0,1.0,0.11005635405513203,0.1017742589297086,0.11005635405513203,0.11005635405513203,0.008282095124968691,26,False,,640
cand_8194bba44fe6871703c8,mcv,PRESENT,0.10117256304965849,667,85.219707057257,36,36,0,0,1.0,0.12327749039809532,0.10117256304920375,0.12327749039809532,0.12327749039809532,0.02210492734843683,31,False,,642
cand_b749f6d2617fe132b59c,mcv,PRESENT,0.10089158964365197,668,85.19751442521083,36,36,0,0,1.0,0.10089158964387934,0.10089158964365197,0.10089158964387934,0.10089158964387934,2.2737367544323206e-13,8,False,,643
cand_d6022cc8c54a8746fc5e,fd,PRESENT,0.09920565379343316,670,85.15312916111851,28,28,0,0,1.0,0.09920565379343316,0.09920565379320578,0.09920565379343316,0.09920565379343316,0.0,10,False,,776
cand_0cf7ac29934493d3fca5,mcv,PRESENT,0.09861849867411365,671,85.13093652907234,36,8,0,28,0.2222222222222222,0.09861849867411365,-1.867647075578816,0.09861849867411365,0.09861849867411365,0.0,1,False,,644
cand_5d28732ba5dee20f8ab5,mcv,PRESENT,0.09757297946725885,672,85.10874389702619,31,31,0,0,1.0,0.0975729794668041,0.07873686725520201,0.0975729794668041,0.0975729794668041,-4.547473508864641e-13,6,False,,645
cand_a852b617055fbad90e1a,mcv,PRESENT,0.09747657670322951,673,85.08655126498003,17,17,0,0,1.0,0.09730019546486801,0.09730019546464064,0.09730019546486801,0.09730019546486801,-0.00017638123836150044,20,False,,646
cand_3a1c0cb7dec260052321,mcv,PRESENT,0.09653715527656459,674,85.06435863293386,32,3,0,29,0.09375,0.09664856347581008,-0.0021486858099706296,-0.001981573510420276,0.09664856347581008,0.0001114081992454885,4,False,,647
cand_53b2797a189043a187d3,mcv,PRESENT,0.0965186228231687,675,85.0421660008877,23,23,0,0,1.0,0.10047494663649559,0.10047494663626821,0.10047494663649559,0.10047494663649559,0.00395632381332689,26,False,,648
cand_331a82c7a2fcf0e6aca4,mcv,PRESENT,0.09590694121288834,676,85.01997336884155,9,9,0,0,1.0,0.09590694121288834,0.09590694121288834,0.09590694121288834,0.09590694121288834,0.0,28,False,,651
cand_0c26c20afb630c01140f,fd,PRESENT,0.09473041011642636,677,84.99778073679538,28,28,0,0,1.0,0.09473041011574423,0.09473041011574423,0.09473041011574423,0.09473041011574423,-6.821210263296962e-13,9,False,,782
cand_566e641384a0e4cbf323,mcv,PRESENT,0.09458324962088227,678,84.97558810474922,10,10,0,0,1.0,0.09458324962110964,0.09458324962088227,0.09458324962110964,0.09458324962110964,2.2737367544323206e-13,28,False,,652
cand_fd231ffa45cfc832c7c0,fd,PRESENT,0.09424211776513403,679,84.95339547270306,29,5,24,0,0.1724137931034483,0.09424211776513403,0.0,0.09424211776513403,0.09424211776513403,0.0,8,False,,785
cand_82f99a315d0612e2003a,mcv,PRESENT,0.09296336848274223,680,84.93120284065691,14,2,0,12,0.14285714285714285,0.08659316861690058,-0.02710501674164334,0.05248371300933753,0.08659316861690058,-0.0063701998658416414,35,False,,653
cand_22bfa61145dcf8987051,mcv,PRESENT,0.09263322286369657,681,84.90901020861074,31,8,0,23,0.25806451612903225,0.08293105949178425,-11.545493598042412,0.08293105949178425,0.08293105949178425,-0.00970216337191232,6,False,,654
cand_ae4a43966da5ff9d711c,mcv,PRESENT,0.09243555475040921,682,84.88681757656458,31,1,0,30,0.03225806451612903,0.09243555475040921,-0.4104499041688996,-0.4104499041688996,-0.4104499041688996,0.0,3,False,,655
cand_375c72579f5cc6293a69,fd,PRESENT,0.09146082502593345,684,84.84243231247225,2,2,0,0,1.0,0.09146082502570607,0.09146082502559238,0.09146082502568334,0.0914608250256947,-2.2737367544323206e-13,35,False,,791
cand_fd01cee2aeef1bc34086,mcv,PRESENT,0.09031588249672495,685,84.8202396804261,30,30,0,0,1.0,0.5401734500878774,0.54017345008765,0.5401734500878774,0.5401734500878774,0.4498575675911525,19,False,,658
cand_0a9e58c74f8ddbe2ffd0,mcv,PRESENT,0.09025163769365463,686,84.79804704837994,29,29,0,0,1.0,0.09025163769319988,0.016679981617926387,0.09025163769319988,0.09025163769319988,-4.547473508864641e-13,8,False,,659
cand_85a538df4da3783492db,mcv,PRESENT,0.08996974859473994,687,84.77585441633377,29,9,0,20,0.3103448275862069,0.07790853880669601,-2.303158452219577,0.07790853880646864,0.07790853880660506,-0.012061209788043925,10,False,,660
cand_546515e92ffd2a64372a,mcv,PRESENT,0.0887711281011434,689,84.73146915224146,28,28,0,0,1.0,0.08877112810091603,0.037193177564631696,0.08877112810091603,0.08877112810091603,-2.2737367544323206e-13,10,False,,662
cand_31f6c995a540f25f4330,mcv,PRESENT,0.0883471814204313,690,84.70927652019529,2,2,0,0,1.0,0.08834718141974918,0.08834718141974918,0.08834718141974918,0.08834718141974918,-6.821210263296962e-13,4,False,,663
cand_ed42e9fe838d7b81e8a6,mcv,PRESENT,0.08760656829963409,691,84.68708388814913,18,0,0,18,0.0,-1.4233572105106305,-1.4233572105108578,-1.4233572105106305,-1.4233572105106305,-1.5109637788102646,19,False,,664
cand_2ea579d1ba0bcbdba910,mcv,PRESENT,0.08684719312714151,692,84.66489125610298,24,24,0,0,1.0,0.08684719312668676,0.08684719312645939,0.08684719312668676,0.08684719312668676,-4.547473508864641e-13,13,False,,665
cand_9c65395417354a48bf3c,mcv,PRESENT,0.08608633752191963,693,84.64269862405682,28,28,0,0,1.0,0.08609928230839614,0.08608633752123751,0.08609928230816877,0.08609928230816877,1.2944786476509762e-05,26,False,,666
cand_ff5b54e32638903875c1,mcv,PRESENT,0.08573496468943631,694,84.62050599201065,29,29,0,0,1.0,0.08532850372785106,0.06930615619262426,0.08532850372785106,0.08532850372785106,-0.00040646096158525324,8,False,,667
cand_fe2a350a4333db3d6e56,mcv,PRESENT,0.08566302835060924,695,84.5983133599645,14,14,0,0,1.0,0.0666901301838152,0.06669013018358783,0.06669013018358783,0.0666901301836674,-0.01897289816679404,26,False,,668
cand_2657d6f8edd11885ff70,mcv,PRESENT,0.08494718508609367,696,84.57612072791834,28,16,0,12,0.5714285714285714,0.0849471850858663,0.08494718508563892,0.08494718508563892,0.08494718508563892,-2.2737367544323206e-13,19,False,,669
cand_a01d17e0ed045c479fb0,mcv,PRESENT,0.08424408548216888,697,84.55392809587217,10,10,0,0,1.0,0.060290532202543545,0.060290532202543545,0.060290532202543545,0.060290532202543545,-0.02395355327962534,27,False,,670
cand_a52ca58769766e7d09ea,mcv,PRESENT,0.08356489252309984,698,84.53173546382601,17,17,0,0,1.0,0.0835648925226451,0.0835648925226451,0.0835648925226451,0.0835648925226451,-4.547473508864641e-13,20,False,,671
cand_17ac6cf0fdbc09fd38d3,mcv,PRESENT,0.08353686210102751,699,84.50954283177985,23,21,0,2,0.9130434782608695,0.08353686210102751,0.08353686210080014,0.08353686210080014,0.08353686210100478,0.0,19,False,,672
cand_435c6938d76d988c1b57,mcv,PRESENT,0.08352994975484762,700,84.48735019973368,23,23,0,0,1.0,0.08352994975484762,0.08352994975484762,0.08352994975484762,0.08352994975484762,0.0,14,False,,673
cand_10a815e06bfa6a2f516e,mcv,PRESENT,0.08328635687394126,702,84.44296493564137,24,24,0,0,1.0,0.08328635687348651,0.08328635687325914,0.08328635687348651,0.08328635687348651,-4.547473508864641e-13,13,False,,675
cand_ab2d52a35ba1bb0afc4a,fd,PRESENT,0.08302117363473371,703,84.4207723035952,28,19,9,0,0.6785714285714286,0.08279225472711005,0.08279225472699636,0.08279225472711005,0.08279225472711005,-0.0002289189076236653,9,False,,805
cand_27a9393b81380a52483b,mcv,PRESENT,0.08295304415332794,704,84.39857967154904,29,29,0,0,1.0,0.3165267834435781,0.3165267834433507,0.3165267834435781,0.3165267834435781,0.23357373929025016,23,False,,676
cand_1783d4c0ef81262718c3,mcv,PRESENT,0.08273731894041703,705,84.37638703950289,16,16,0,0,1.0,0.07085198555364514,0.04434976670222568,0.07085198555353145,0.07085198555364514,-0.01188533338677189,22,False,,678
cand_889c66bd643304fb9302,fd,PRESENT,0.08231403252375458,706,84.35419440745673,24,24,0,0,1.0,0.08231403252329983,0.06657326430763533,0.08231403252329983,0.08231403252329983,-4.547473508864641e-13,13,False,,809
cand_14e866dc6a3d45c012de,fd,PRESENT,0.08221588372180122,707,84.33200177541056,30,30,0,0,1.0,0.23832333430459585,0.23832333430436847,0.23832333430459585,0.23832333430459585,0.15610745058279463,19,False,,812
cand_d4a33b3a4d3a07a15ee7,mcv,PRESENT,0.08189495295846427,709,84.28761651131825,36,13,0,23,0.3611111111111111,0.08189495295846427,-0.0059326936891466175,0.08189495295846427,0.08189495295846427,0.0,1,False,,680
cand_57bb359e99a7460925be,mcv,PRESENT,0.0818674057500175,710,84.26542387927208,14,14,0,0,1.0,0.08186740575024487,0.0818674057500175,0.0818674057500175,0.08186740575009707,2.2737367544323206e-13,26,False,,681
cand_495b00594412bd060075,mcv,PRESENT,0.08180614589764446,711,84.24323124722592,23,23,0,0,1.0,0.35223463753050055,0.3522346375302732,0.3522346375302732,0.3522346375304778,0.2704284916328561,26,False,,682
cand_108713b3f53655991a2a,mcv,PRESENT,0.08146760786166851,712,84.22103861517976,24,24,0,0,1.0,0.3460124064165484,0.12231296972845485,0.3460124064165484,0.3460124064165484,0.2645447985548799,30,False,,683
cand_ba5b7e84592134d35d94,fd,PRESENT,0.0807276631348941,714,84.17665335108744,29,29,0,0,1.0,0.08072766313443935,0.08072766313421198,0.08072766313443935,0.08072766313443935,-4.547473508864641e-13,8,False,,816
cand_f4610ef62b13429c6d19,fd,PRESENT,0.08012941086235514,715,84.15446071904128,22,20,2,0,0.9090909090909091,0.08012941086235514,0.08012941086235514,0.08012941086235514,0.08012941086235514,0.0,15,False,,818
cand_5f3a57abcf54c0d62823,mcv,PRESENT,0.07915767037684418,716,84.13226808699511,20,6,0,14,0.3,0.07915767037707155,-4.71676278774612,0.07915767037686691,0.07915767037707155,2.2737367544323206e-13,10,False,,685
cand_0e94c88cdc40f4e5187f,mcv,PRESENT,0.07841437022761966,718,84.0878828229028,20,20,0,0,1.0,0.07841437022716491,0.07841437022716491,0.07841437022716491,0.07841437022716491,-4.547473508864641e-13,17,False,,687
cand_9c9258a6392613194c61,mcv,PRESENT,0.07819074367853318,719,84.06569019085664,10,10,0,0,1.0,0.07819074367876055,0.07819074367876055,0.07819074367876055,0.07819074367876055,2.2737367544323206e-13,27,False,,688
cand_cdc81d6b5d7e450d9e68,mcv,PRESENT,0.07785977758703666,720,84.04349755881047,29,29,0,0,1.0,0.08880478559558469,0.07785977758703666,0.08880478559558469,0.08880478559558469,0.01094500800854803,23,False,,689
cand_84077d59267d14e91654,mcv,PRESENT,0.07783789332097513,721,84.02130492676432,23,0,0,23,0.0,-0.7072537458011539,-0.7072537458011539,-0.7072537458011539,-0.7072537458011539,-0.785091639122129,14,False,,690
cand_d4891f3013f9c7b986b8,fd,PRESENT,0.07781852663265454,722,83.99911229471816,29,29,0,0,1.0,0.07781852663219979,0.07781852663197242,0.07781852663219979,0.07781852663219979,-4.547473508864641e-13,8,False,,826
cand_1a76ccec979dc08e2628,mcv,PRESENT,0.0778133514095316,723,83.97691966267199,29,27,0,2,0.9310344827586207,0.07781335140975898,0.07696088482430241,0.07781335140975898,0.07781335140975898,2.2737367544323206e-13,8,False,,691
cand_ca572b57cc76563b04f2,mcv,PRESENT,0.0777752892627177,724,83.95472703062583,36,36,0,0,1.0,0.5044590269637865,0.07777528926294508,0.5044590269635592,0.5044590269635592,0.4266837377010688,26,False,,692
cand_fc76671897dfc0e8d618,mcv,PRESENT,0.07770460654137423,725,83.93253439857968,33,4,0,29,0.12121212121212122,0.07770460654114686,-24.622236673552834,-4.862283649477586,0.07770460654114686,-2.2737367544323206e-13,4,False,,693
cand_8dd64814ae5581e3b74b,mcv,PRESENT,0.07754381844461022,726,83.9103417665335,29,25,0,4,0.8620689655172413,0.07754381844438285,0.07754381844415548,0.07754381844438285,0.07754381844438285,-2.2737367544323206e-13,8,False,,694
cand_93df7a749a5a23ad55fc,mcv,PRESENT,0.07734229008383409,727,83.88814913448735,29,25,0,4,0.8620689655172413,0.07734229008406146,0.07734229008383409,0.07734229008406146,0.07734229008406146,2.2737367544323206e-13,10,False,,695
cand_8eb9020e0c661b640543,mcv,PRESENT,0.07672018806806591,728,83.8659565024412,31,31,0,0,1.0,0.07672018806783854,0.02078411500860966,0.07672018806783854,0.07672018806783854,-2.2737367544323206e-13,6,False,,696
cand_e78fc14811a387e1ace1,mcv,PRESENT,0.07647910446030437,729,83.84376387039502,29,12,0,17,0.41379310344827586,0.07647910445984962,-3.7407507913233076,0.07647910445984962,0.07647910445984962,-4.547473508864641e-13,8,False,,697
cand_bca22825025252222755,mcv,PRESENT,0.07488147620733798,730,83.82157123834887,10,10,0,0,1.0,0.07488147620711061,0.07488147620711061,0.07488147620711061,0.07488147620711061,-2.2737367544323206e-13,27,False,,699
cand_6625b09c626d28132748,fd,PRESENT,0.07484823511458671,731,83.79937860630271,29,2,27,0,0.06896551724137931,0.07484823511413197,0.0,0.0,0.044908941068342596,-4.547473508864641e-13,8,False,,835
cand_d048de474403167cdf68,mcv,PRESENT,0.07475577585228166,732,83.77718597425655,35,34,0,1,0.9714285714285714,0.07475577585228166,0.05258064741315138,0.07475577585205428,0.0747557758521225,0.0,3,False,,700
cand_a673d64fa7c9efcabcfc,mcv,PRESENT,0.0737392311793883,733,83.75499334221038,7,7,0,0,1.0,0.07373923117893355,0.07373923117893355,0.07373923117893355,0.07373923117893355,-4.547473508864641e-13,13,False,,701
cand_98eeda95518d070880a0,mcv,PRESENT,0.07344936457957374,734,83.73280071016423,17,17,0,0,1.0,0.04975910949610807,0.04975910949610807,0.04975910949610807,0.04975910949610807,-0.023690255083465672,20,False,,702
cand_d6fa08f364ce206f64fd,mcv,PRESENT,0.07117934088637412,736,83.6884154460719,23,23,0,0,1.0,0.1437108806028391,0.14225177314210669,0.14371088060261172,0.14371088060281637,0.07253153971646498,20,False,,705
cand_e247d8f80caeef8df036,mcv,PRESENT,0.07052263068362663,737,83.66622281402574,36,36,0,0,1.0,0.09292191097824798,0.0929219109780206,0.09292191097813429,0.09292191097824798,0.02239928029462135,10,False,,707
cand_749b3793376725ac3fb2,mcv,PRESENT,0.07006290493882261,738,83.64403018197959,23,7,0,16,0.30434782608695654,0.07050853773762356,-0.25987661163958364,0.07050853773762356,0.07050853773762356,0.0004456327988009434,14,False,,708
cand_56f557afb0311fca3c37,mcv,PRESENT,0.07001107990163291,739,83.62183754993342,6,6,0,0,1.0,0.08416505404420604,0.08416505404409236,0.08416505404420604,0.08416505404420604,0.014153974142573134,32,False,,709
cand_a92282f51a791affd457,fd,PRESENT,0.06999048508714623,740,83.59964491788726,22,22,0,0,1.0,0.06999048508691885,0.030155287295769995,0.06999048508691885,0.06999048508691885,-2.2737367544323206e-13,15,False,,852
cand_4ab027a6cdbd5a038b14,mcv,PRESENT,0.06935378500111256,741,83.5774522858411,27,27,0,0,1.0,0.07054082926083538,0.06935378500088518,0.070540829260608,0.07054082926076717,0.0011870442597228248,28,False,,711
cand_be10a37bfabc57d0f625,mcv,PRESENT,0.06853013411637221,742,83.55525965379493,33,33,0,0,1.0,0.06853013411569009,0.010416754060088351,0.058091115989282155,0.06853013411569009,-6.821210263296962e-13,4,False,,712
cand_ce1c6208a5975019d930,mcv,PRESENT,0.06816704929769912,743,83.53306702174878,29,16,0,13,0.5517241379310345,0.06816704929769912,0.062139390136508155,0.06816704929769912,0.06816704929769912,0.0,8,False,,713
cand_2358b324d6f86eeaca6e,mcv,PRESENT,0.06797644087146182,744,83.51087438970262,36,36,0,0,1.0,0.07455533583424767,0.06797644087168919,0.0745553358340203,0.0745553358340203,0.006578894962785853,26,False,,714
cand_b095373f53aed2bf2ba9,mcv,PRESENT,0.06690035324663768,745,83.48868175765645,23,9,0,14,0.391304347826087,0.23903405565988578,-3.5885976725417095,0.23759028617359945,0.23903405565988578,0.1721337024132481,28,False,,716
cand_f251bb6e0ff1bc70eca9,mcv,PRESENT,0.06685479468524136,746,83.4664891256103,19,19,0,0,1.0,0.07974055461795615,0.07974055461795615,0.07974055461795615,0.07974055461795615,0.012885759932714791,23,False,,717
cand_a092ae40e8403558c2e4,fd,PRESENT,0.06645714500518807,748,83.42210386151798,29,29,0,0,1.0,0.06645714500473332,0.06645714500473332,0.06645714500473332,0.06645714500473332,-4.547473508864641e-13,8,False,,856
cand_24b4e7ce0ba7ca04e7f5,fd,PRESENT,0.06604606222663278,749,83.39991122947181,10,10,0,0,1.0,0.06604606222663278,0.06604606222640541,0.06604606222663278,0.06604606222663278,0.0,26,False,,857
cand_495df5afe1e2a088d6f7,mcv,PRESENT,0.06534284727331396,750,83.37771859742566,20,20,0,0,1.0,0.06596330728643807,0.05900902546522957,0.06596330728623342,0.06596330728643807,0.0006204600131241023,19,False,,721
cand_cb95e8c20b21ecbbd618,mcv,PRESENT,0.0648446273726222,751,83.3555259653795,24,24,0,0,1.0,0.06256786953917981,0.06256786953917981,0.06256786953917981,0.06256786953917981,-0.002276757833442389,13,False,,722
cand_c7e1c831b0f1cc932c02,mcv,PRESENT,0.06423152302886592,753,83.31114070128717,29,29,0,0,1.0,0.06423152302863855,0.06423152302863855,0.06423152302863855,0.06423152302863855,-2.2737367544323206e-13,8,False,,724
cand_176a33fe403a58bb2882,mcv,PRESENT,0.06395387408701936,755,83.26675543719485,27,26,0,1,0.9629629629629629,0.07426861422618458,0.07426861422595721,0.07426861422618458,0.07426861422618458,0.010314740139165224,19,False,,726
cand_6fac3b154c9da6262878,mcv,PRESENT,0.06360382600360026,758,83.20017754105636,36,32,0,4,0.8888888888888888,0.06627340554086913,0.06360382600348657,0.06627340554086913,0.06627340554086913,0.0026695795372688735,19,False,,728
cand_a16a500e889fe50d780d,fd,PRESENT,0.06321128686249722,759,83.1779849090102,24,8,16,0,0.3333333333333333,0.06321128686249722,0.0,0.06321128686249722,0.06321128686249722,0.0,13,False,,862
cand_15c4e431b3d2fec2c7e8,fd,PRESENT,0.06313436411437578,760,83.15579227696405,28,28,0,0,1.0,0.06313436411392104,0.06313436411369366,0.06313436411369366,0.06313436411369366,-4.547473508864641e-13,19,False,,863
cand_ecb4be8c49086bf984bc,mcv,PRESENT,0.06217878599636606,761,83.1335996449179,36,36,0,0,1.0,0.06217878599659343,0.06217878599659343,0.06217878599659343,0.06217878599659343,2.2737367544323206e-13,6,False,,733
cand_daf7a15c71dced8643f3,mcv,PRESENT,0.061847485044381756,763,83.08921438082557,29,29,0,0,1.0,0.06184748504415438,0.04754727104113954,0.04754727104136691,0.04754727104136691,-2.2737367544323206e-13,8,False,,735
cand_5c2e11091c7fa55fe438,mcv,PRESENT,0.06125560756663617,764,83.06702174877941,20,20,0,0,1.0,0.4879393452670229,0.4879393452667955,0.4879393452667955,0.4879393452668069,0.4266837377003867,26,False,,739
cand_bbfa49e1463da536c301,fd,PRESENT,0.06112550731359079,765,83.04482911673324,28,28,0,0,1.0,0.061125507313363414,0.04877424926871754,0.061125507313363414,0.061125507313363414,-2.2737367544323206e-13,9,False,,870
cand_df092489ff80eb1bfc99,mcv,PRESENT,0.061047263279760955,766,83.02263648468708,25,25,0,0,1.0,0.06104726327953358,0.061036405016011486,0.06104726327953358,0.06104726327953358,-2.2737367544323206e-13,8,False,,740
cand_36f94e44ddf157b74528,fd,PRESENT,0.06073924097199779,767,83.00044385264093,28,28,0,0,1.0,0.06066998814094404,0.06066998814071667,0.06066998814078488,0.06066998814094404,-6.925283105374547e-05,10,False,,873
cand_ea654d977d77db152ccf,mcv,PRESENT,0.06053194589821942,768,82.97825122059476,20,16,0,4,0.8,3.7997515044221473,3.79975150442192,3.7997515044219425,3.7997515044221473,3.739219558523928,19,True,27,741
cand_c2ae9c7d8a2236f2ffda,mcv,PRESENT,0.060443188353929145,769,82.9560585885486,26,26,0,0,1.0,0.06044318835370177,0.05108246693021101,0.051082466930438386,0.058103007997885925,-2.2737367544323206e-13,11,False,,742
cand_dcf76d32b37d94307925,fd,PRESENT,0.060360249313816894,770,82.93386595650244,29,0,17,12,0.0,0.0,0.0,0.0,0.0,-0.060360249313816894,20,False,,874
cand_7cc29f3b1fffd593fd30,fd,PRESENT,0.05992357019476913,771,82.91167332445627,28,28,0,0,1.0,0.05992357019476913,0.05992357019476913,0.05992357019476913,0.05992357019476913,0.0,10,False,,878
cand_42712187396808c3f011,fd,PRESENT,0.058919953466102015,772,82.88948069241012,14,14,0,0,1.0,0.05891995346587464,0.05891995346564727,0.05891995346587464,0.05891995346587464,-2.2737367544323206e-13,19,False,,881
cand_4cdae43a5993544cafd6,mcv,PRESENT,0.05857008773546113,773,82.86728806036396,29,29,0,0,1.0,0.07173639391203324,0.05857008773500638,0.07173639391203324,0.07173639391203324,0.013166306176572107,30,False,,744
cand_ba79197892642f99edba,mcv,PRESENT,0.05839754084536253,774,82.8450954283178,29,20,0,9,0.6896551724137931,0.057961949257105516,0.05796194925687814,0.057961949257105516,0.057961949257105516,-0.0004355915882570116,8,False,,745
cand_af37855a0652ed44b529,mcv,PRESENT,0.058145561931269185,775,82.82290279627163,29,29,0,0,1.0,0.05814556193104181,0.05814556193104181,0.05814556193104181,0.05814556193104181,-2.2737367544323206e-13,8,False,,746
cand_d919c1f7788cd4dd9c4f,mcv,PRESENT,0.05798266907913785,776,82.80071016422548,29,7,0,22,0.2413793103448276,0.0579826690786831,-6.724985700991283,0.0579826690786831,0.0579826690786831,-4.547473508864641e-13,8,False,,747
cand_54d76b8c45ba21fc4a90,mcv,PRESENT,0.057953221598836535,777,82.77851753217932,29,10,0,19,0.3448275862068966,0.05795322159838179,-2.8319209183134717,0.05795322159838179,0.05795322159838179,-4.547473508864641e-13,8,False,,748
cand_495aa0fd684887ff2d94,mcv,PRESENT,0.05789260416440811,778,82.75632490013315,22,22,0,0,1.0,0.06633757760482695,0.05728842902294673,0.06633757760482695,0.06633757760482695,0.008444973440418835,30,False,,749
cand_7bd7846e35b8570ec8e1,mcv,PRESENT,0.05783709317984176,780,82.71193963604084,29,19,0,10,0.6551724137931034,0.06468730834671987,0.007512265640116311,0.06468730834671987,0.06468730834671987,0.006850215166878115,8,False,,750
cand_67dcea39bff680d91ded,mcv,PRESENT,0.05782153172822291,781,82.68974700399467,29,10,0,19,0.3448275862068966,0.05782153172754079,-2.916943470560682,0.05782153172754079,0.05782153172754079,-6.821210263296962e-13,8,False,,751
cand_dbe5536e3f9bae3cfc6d,mcv,PRESENT,0.057750279574065644,782,82.66755437194851,36,36,0,0,1.0,0.21530724159902093,0.21530724159879355,0.21530724159902093,0.21530724159902093,0.15755696202495528,13,False,,752
cand_60f653d0b1bf176bb964,mcv,PRESENT,0.05761770705066738,783,82.64536173990236,29,29,0,0,1.0,0.9149089377783639,0.1616045703999589,0.9149089377783639,0.9149089377783639,0.8572912307276965,15,False,,753
cand_ef934f1ecb2579d10863,fd,PRESENT,0.0575154036123422,784,82.62316910785619,28,28,0,0,1.0,0.057515403611660076,0.057515403611660076,0.057515403611660076,0.057515403611660076,-6.821210263296962e-13,9,False,,885
cand_2a349e72d7147a967435,mcv,PRESENT,0.05719622303877259,785,82.60097647581003,24,24,0,0,1.0,0.0579970772832894,0.03617858183883982,0.0579970772832894,0.0579970772832894,0.0008008542445168132,16,False,,755
cand_5f1b969dbadc2122b55a,mcv,PRESENT,0.05691385465433996,786,82.57878384376387,34,7,0,27,0.20588235294117646,0.05691385465433996,-1.834590107518352,0.05691385465411258,0.056913854654192166,0.0,3,False,,756
cand_48c3981c51a912a8dc32,mcv,PRESENT,0.05679095879804663,788,82.53439857967155,29,29,0,0,1.0,0.056790958797591884,0.056790958797591884,0.056790958797591884,0.056790958797591884,-4.547473508864641e-13,8,False,,758
cand_4b1b1f953f7a34e57194,fd,PRESENT,0.056216897721242276,789,82.51220594762539,29,29,0,0,1.0,0.056216897721242276,0.056216897721242276,0.056216897721242276,0.056216897721242276,0.0,8,False,,886
cand_3825c7cc259d70742f57,mcv,PRESENT,0.05554253278205579,790,82.49001331557923,15,15,0,0,1.0,0.0964342410215977,0.0964342410215977,0.0964342410215977,0.0964342410215977,0.04089170823954191,14,False,,760
cand_9d13a2ab8575f27a140e,mcv,PRESENT,0.05552355227064254,791,82.46782068353306,36,36,0,0,1.0,0.05552355227064254,0.05552355227064254,0.05552355227064254,0.05552355227064254,0.0,1,False,,761
cand_e8c20961e932fd0c0f70,fd,PRESENT,0.055521990515444486,792,82.4456280514869,28,28,0,0,1.0,0.05552199051567186,0.055521990515444486,0.05552199051567186,0.05552199051567186,2.2737367544323206e-13,10,False,,891
cand_91f2fba21eb5b466c9f9,mcv,PRESENT,0.055319649107332225,793,82.42343541944075,31,7,0,24,0.22580645161290322,0.055319649107332225,-0.0026398595102818945,0.055319649107332225,0.055319649107332225,0.0,1,False,,763
cand_01751852c8be8edb85a0,mcv,PRESENT,0.0550804581362172,794,82.40124278739458,18,0,0,18,0.0,-0.0026425224932609126,-0.0026425224932609126,-0.0026425224932609126,-0.0026425224932609126,-0.057722980629478116,19,False,,764
cand_437a248ead7da585783a,mcv,PRESENT,0.05462910748701688,795,82.37905015534842,18,18,0,0,1.0,0.054629107486562134,0.054629107486562134,0.054629107486562134,0.054629107486562134,-4.547473508864641e-13,19,False,,766
cand_8487c64988f7db623a25,mcv,PRESENT,0.05424133700034872,796,82.35685752330227,24,24,0,0,1.0,0.05424133700012135,0.054241336999893974,0.05424133700012135,0.05424133700012135,-2.2737367544323206e-13,13,False,,767
cand_849d13504cd4a5fa54e8,mcv,PRESENT,0.053755555614770856,798,82.31247225920994,8,8,0,0,1.0,0.05375555561454348,0.05375555561454348,0.05375555561454348,0.05375555561454348,-2.2737367544323206e-13,29,False,,769
cand_f786eeae81d6053fb28d,fd,PRESENT,0.053570581827443675,799,82.29027962716378,28,28,0,0,1.0,0.0535705818272163,0.0516855509558809,0.05357058182698893,0.05357058182713672,-2.2737367544323206e-13,10,False,,900
cand_2e09a17b831d10a1b19b,mcv,PRESENT,0.05349840296912589,800,82.26808699511763,23,6,0,17,0.2608695652173913,0.1569239573059349,-6.626044412764031,0.1569239573059349,0.1569239573059349,0.103425554336809,9,False,,770
cand_3d5fd6c244bf7aa6ef2e,mcv,PRESENT,0.05345576206309488,801,82.24589436307146,10,10,0,0,1.0,0.05345576206309488,0.05345576206309488,0.05345576206309488,0.05345576206309488,0.0,27,False,,771
cand_7588d202f789cfe14d36,mcv,PRESENT,0.05319376185070723,802,82.2237017310253,15,15,0,0,1.0,0.05319376185070723,0.050453690800395634,0.05319376185052534,0.05319376185070723,0.0,1,False,,772
cand_ae8616a72d6bfbce5a5f,fd,PRESENT,0.053076891789714864,803,82.20150909897914,24,24,0,0,1.0,0.05307689178926012,0.039680944021711184,0.05307689178903274,0.05307689178922601,-4.547473508864641e-13,13,False,,902
cand_ddbe9f334613a4277844,mcv,PRESENT,0.052498480124995694,804,82.17931646693297,18,18,0,0,1.0,0.05565259311219961,0.05565259311197224,0.05565259311219961,0.05565259311219961,0.0031541129872039164,19,False,,773
cand_c4ae90c790db20412e39,mcv,PRESENT,0.05240148776283604,805,82.15712383488682,24,24,0,0,1.0,0.0524341973718947,0.05243419737178101,0.0524341973718947,0.0524341973718947,3.27096090586565e-05,19,False,,774
cand_1ccb73f5af4fa3495cf4,mcv,PRESENT,0.05136191271139978,806,82.13493120284066,28,28,0,0,1.0,0.05136191271071766,0.051361912710603974,0.05136191271071766,0.05136191271071766,-6.821210263296962e-13,9,False,,777
cand_0f4f524a43ad64f60604,mcv,PRESENT,0.051237069976195926,807,82.11273857079449,2,2,0,0,1.0,0.051237069975513805,0.051237069975513805,0.051237069975513805,0.051237069975513805,-6.821210263296962e-13,35,False,,778
cand_7582b00be12a9ba16747,mcv,PRESENT,0.0510042784117104,808,82.09054593874833,20,20,0,0,1.0,0.06863171666418566,0.06863171666418566,0.06863171666418566,0.06863171666418566,0.017627438252475258,17,False,,779
cand_1216994feaa53488c5e1,mcv,PRESENT,0.05076466697482829,809,82.06835330670218,28,28,0,0,1.0,0.05076466697437354,0.04572052599041854,0.05076466697437354,0.05076466697437354,-4.547473508864641e-13,9,False,,780
cand_9f38d0f98a650d941729,fd,PRESENT,0.05070846228682058,810,82.04616067465601,24,24,0,0,1.0,0.05070846228682058,0.05070846228682058,0.05070846228682058,0.05070846228682058,0.0,8,False,,911
cand_589a2f3b0cb554d2169f,mcv,PRESENT,0.050543976806693536,811,82.02396804260985,9,9,0,0,1.0,0.050543976806011415,0.050543976806011415,0.050543976806011415,0.050543976806011415,-6.821210263296962e-13,28,False,,781
cand_2aeafe7c314c3cebea08,fd,PRESENT,0.050540850968900486,812,82.0017754105637,29,29,0,0,1.0,0.050540850968900486,0.00594164156655097,0.00594164156655097,0.00594164156655097,0.0,8,False,,912
cand_0c4a58e8cef686208987,fd,PRESENT,0.05010358663639636,813,81.97958277851754,16,16,0,0,1.0,0.05010358663594161,0.05010358663594161,0.05010358663594161,0.05010358663594161,-4.547473508864641e-13,21,False,,913
cand_8af6310a981503fbcbd2,mcv,PRESENT,0.04952818432229833,814,81.95739014647137,29,29,0,0,1.0,0.049503608486247686,0.04240750918302183,0.049503608486247686,0.049503608486247686,-2.4575836050644284e-05,8,False,,783
cand_49f65046d7fb0db480ed,mcv,PRESENT,0.04937740187142481,815,81.93519751442521,24,24,0,0,1.0,0.04937740187097006,0.04937740187097006,0.04937740187097006,0.04937740187097006,-4.547473508864641e-13,13,False,,784
cand_e6cb9a49ccd6368d1763,mcv,PRESENT,0.048898942252890265,816,81.91300488237906,17,17,0,0,1.0,0.048898942252890265,0.048898942252890265,0.048898942252890265,0.048898942252890265,0.0,20,False,,786
cand_947e572613eb4cb4383f,mcv,PRESENT,0.04886505795366247,817,81.89081225033289,10,10,0,0,1.0,0.0488650579534351,0.048865057953207724,0.0488650579534351,0.0488650579534351,-2.2737367544323206e-13,28,False,,787
cand_27a179a6ffd706ffcd38,mcv,PRESENT,0.04856047134126129,818,81.86861961828673,14,7,0,7,0.5,0.04856047134057917,-0.3611982809109122,0.04856047134057917,0.04856047134057917,-6.821210263296962e-13,17,False,,788
cand_7bce09dbcc9118ef2377,fd,PRESENT,0.04822863744084316,819,81.84642698624057,19,19,0,0,1.0,0.04822863744038841,0.04822863744016104,0.048228637440206515,0.04822863744038841,-4.547473508864641e-13,19,False,,920
cand_140571e4a794e7c89466,mcv,PRESENT,0.04811055422305799,820,81.8242343541944,35,35,0,0,1.0,0.04811055422305799,0.044226715818240336,0.04811055422305799,0.04811055422305799,0.0,2,False,,789
cand_a9e575d707fc5a358da2,mcv,PRESENT,0.04792550305046461,821,81.80204172214825,6,6,0,0,1.0,0.04792550305046461,0.04792550305046461,0.04792550305046461,0.04792550305046461,0.0,31,False,,790
cand_93922a0aae645b6094cc,fd,PRESENT,0.047840844199527055,822,81.77984909010209,21,21,0,0,1.0,0.04784084419929968,0.04784084419929968,0.04784084419929968,0.04784084419929968,-2.2737367544323206e-13,16,False,,921
cand_9d5eec221b672c09604e,fd,PRESENT,0.04782181410882913,823,81.75765645805592,29,29,0,0,1.0,0.04782181410882913,0.04292340649953985,0.04782181410882913,0.04782181410882913,0.0,8,False,,922
cand_778a17adabc499cf6fc9,mcv,PRESENT,0.047742538268721546,824,81.73546382600976,4,4,0,0,1.0,0.045354253493542274,0.045354253493542274,0.045354253493542274,0.045354253493542274,-0.0023882847751792724,33,False,,792
cand_b8c857bec89b4866d4fe,fd,PRESENT,0.04750889782553713,825,81.7132711939636,4,4,0,0,1.0,0.04356065016759203,0.043560650167364656,0.04356065016752382,0.043560650167557925,-0.003948247657945103,35,False,,925
cand_e415f7ee71aec7f62e7a,mcv,PRESENT,0.04718747241440724,826,81.69107856191745,12,12,0,0,1.0,0.041825552708587566,0.04182555270836019,0.04182555270836019,0.04182555270846251,-0.005361919705819673,26,False,,793
cand_97b85542ea4d04736517,mcv,PRESENT,0.04697294621200854,828,81.64669329782512,27,27,0,0,1.0,0.04597752507629593,0.04597752507606856,0.04597752507615951,0.04597752507629593,-0.0009954211357126042,10,False,,795
cand_f65c214bebe7d786a469,mcv,PRESENT,0.04590366450884176,830,81.6023080337328,11,7,0,4,0.6363636363636364,0.04590366450884176,0.045903664508159636,0.04590366450838701,0.045903664508614384,0.0,1,False,,797
cand_8226221a7db5923787d7,fd,PRESENT,0.045702143875132606,831,81.58011540168664,8,8,0,0,1.0,0.045702143875132606,0.045702143875132606,0.045702143875132606,0.045702143875132606,0.0,29,False,,930
cand_88859e9e2a4d5f27d124,mcv,PRESENT,0.04535207339813496,832,81.55792276964048,20,20,0,0,1.0,0.04535290022204208,0.04535290022204208,0.04535290022204208,0.04535290022204208,8.268239071185235e-07,17,False,,798
cand_cbcf280a5f5469e1f906,mcv,PRESENT,0.045207501794720883,833,81.53573013759431,10,10,0,0,1.0,0.045207501794720883,0.045207501794720883,0.045207501794720883,0.045207501794720883,0.0,27,False,,799
cand_8b0820cf789d65673b54,mcv,PRESENT,0.04481368603228475,834,81.51353750554816,29,28,0,1,0.9655172413793104,0.044813686032057376,0.01617094421794718,0.04481368603187548,0.044813686032057376,-2.2737367544323206e-13,8,False,,800
cand_5914e9042357f6ea8072,mcv,PRESENT,0.04424178143290192,836,81.46915224145583,20,20,0,0,1.0,0.04424178143267454,0.04424178143267454,0.04424178143267454,0.04424178143267454,-2.2737367544323206e-13,17,False,,802
cand_f520d3f4de46a61900e7,fd,PRESENT,0.04394076829703408,838,81.42476697736352,22,9,13,0,0.4090909090909091,0.04394076829680671,0.0,0.04394076829680671,0.04394076829680671,-2.2737367544323206e-13,15,False,,938
cand_cc0b6368626036e6d5e0,mcv,PRESENT,0.04370399081562937,839,81.40257434531735,29,29,0,0,1.0,0.04747834966792652,0.04747834966769915,0.04747834966792652,0.04747834966792652,0.003774358852297155,10,False,,804
cand_95e50e9e1fd9e41f2aa7,fd,PRESENT,0.04326004790527804,842,81.33599644917888,28,14,0,14,0.5,0.04326004790505067,-0.007871299515727515,0.04326004790505067,0.04326004790505067,-2.2737367544323206e-13,9,False,,941
cand_1ee04c2cdf1ab28074db,mcv,PRESENT,0.0431028937409792,843,81.31380381713271,29,29,0,0,1.0,0.048922898355840516,0.046972367173111707,0.048922898355840516,0.048922898355840516,0.005820004614861318,33,False,,808
cand_8ae9112439ecdc5ff1c9,mcv,PRESENT,0.0430457328002376,844,81.29161118508655,17,17,0,0,1.0,0.04304573279955548,0.04304573279955548,0.04304573279955548,0.04304573279955548,-6.821210263296962e-13,20,False,,810
cand_755cdb4c894925666b52,mcv,PRESENT,0.04301737582227361,845,81.2694185530404,29,29,0,0,1.0,0.0429993238615225,0.0429993238615225,0.0429993238615225,0.0429993238615225,-1.805196075110871e-05,8,False,,811
cand_1740064afb771c743025,mcv,PRESENT,0.04283006126570399,846,81.24722592099423,23,23,0,0,1.0,0.04283006126570399,0.041327774398041583,0.04283006126570399,0.04283006126570399,0.0,14,False,,813
cand_d898a72de54ed2133458,mcv,PRESENT,0.042700355141278123,847,81.22503328894807,23,23,0,0,1.0,0.05626613877757336,0.05626613877757336,0.05626613877757336,0.05626613877757336,0.013565783636295237,14,False,,814
cand_ce4352edfe266c422254,mcv,PRESENT,0.04264002574109327,848,81.20284065690191,23,23,0,0,1.0,0.1690234017542025,0.16902340175397512,0.16902340175397512,0.16902340175397512,0.12638337601310923,26,False,,815
cand_f1a8c1225aba90befe41,mcv,PRESENT,0.041649594757473096,850,81.15845539280959,28,8,0,20,0.2857142857142857,0.041649594757473096,-0.8187727607657962,0.04164959475724572,0.041649594757393514,0.0,10,False,,819
cand_8f9553ba7b2de26b703c,mcv,PRESENT,0.04147055042631109,852,81.11407012871726,20,20,0,0,1.0,0.041470550426538466,0.04147055042631109,0.04147055042633383,0.041470550426538466,2.2737367544323206e-13,19,False,,821
cand_260e27f217a0643f702b,mcv,PRESENT,0.04112944311054889,853,81.0918774966711,31,31,0,0,1.0,0.04112944311054889,0.04112944311054889,0.04112944311054889,0.04112944311054889,0.0,1,False,,823
cand_63fcdb2f7ce74d94d44e,mcv,PRESENT,0.04108658254608599,854,81.06968486462495,24,24,0,0,1.0,0.041086582545631245,0.03226941754883228,0.041086582545631245,0.041086582545631245,-4.547473508864641e-13,13,False,,824
cand_acbc830e5c9e6c81d5f3,mcv,PRESENT,0.04093504490083433,855,81.04749223257879,22,21,0,1,0.9545454545454546,0.0409350449010617,0.0409350449010617,0.0409350449010617,0.0409350449010617,2.2737367544323206e-13,15,False,,825
cand_ba3a3929899868e8e1bc,mcv,PRESENT,0.04069847707160079,856,81.02529960053262,27,27,0,0,1.0,0.040698477071828165,0.040698477071828165,0.040698477071828165,0.040698477071828165,2.2737367544323206e-13,10,False,,827
cand_be1951654f4b127aa70d,mcv,PRESENT,0.04036982760862884,857,81.00310696848646,23,23,0,0,1.0,0.04036982760885621,0.04036982760862884,0.04036982760862884,0.040369827608833474,2.2737367544323206e-13,19,False,,828
cand_dea6870b2e1cfbe1abf1,mcv,PRESENT,0.04031890629903501,858,80.9809143364403,20,20,0,0,1.0,0.04031890629880763,0.040201889892387044,0.0402135915330291,0.04031890629880763,-2.2737367544323206e-13,17,False,,829
cand_c7db19a560bbaa51a10a,mcv,PRESENT,0.04028512956938357,859,80.95872170439414,36,8,0,28,0.2222222222222222,0.04028512956938357,-0.008281350594415926,0.04028512956870145,0.040285129568928824,0.0,1,False,,830
cand_78ff9c4f72e1d4eecaee,mcv,PRESENT,0.040019262661189714,860,80.93652907234798,6,6,0,0,1.0,0.04001926266050759,0.04001926266050759,0.04001926266050759,0.04001926266050759,-6.821210263296962e-13,31,False,,831
cand_f8f430767f098323dcd3,fd,PRESENT,0.039787071932551044,861,80.91433644030182,29,28,0,1,0.9655172413793104,0.039787071932096296,0.01444942231182722,0.0397870719319144,0.039787071932096296,-4.547473508864641e-13,8,False,,955
cand_e9ea8058aa7ec2f41484,mcv,PRESENT,0.039698650379250466,862,80.89214380825565,10,10,0,0,1.0,0.03969865037879572,0.039698650378568345,0.03969865037879572,0.03969865037879572,-4.547473508864641e-13,28,False,,832
cand_2ffda0f1856d82de49d6,fd,PRESENT,0.03962251441771514,863,80.8699511762095,31,31,0,0,1.0,0.03962251441771514,0.039622514417487764,0.039622514417487764,0.039622514417487764,0.0,3,False,,957
cand_fcabca4a76221218914d,mcv,PRESENT,0.039033637034663116,867,80.78118064802486,29,29,0,0,1.0,0.04466267495854481,0.0444807809062695,0.044662674958362916,0.04466267495854481,0.005629037923881697,19,False,,836
cand_18ff5ad18199dfe9de81,fd,PRESENT,0.03903284811985941,868,80.7589880159787,18,18,0,0,1.0,0.03903284811917729,0.03903284811917729,0.03903284811917729,0.03903284811917729,-6.821210263296962e-13,19,False,,959
cand_b200f0f72adc775526aa,mcv,PRESENT,0.03893425120986649,869,80.73679538393253,29,28,0,1,0.9655172413793104,0.03926308124982825,0.03893425121009386,0.03926308124960087,0.03926308124960087,0.0003288300399617583,26,False,,837
cand_34d456fd51dcc72ddaf8,mcv,PRESENT,0.038801235195023764,870,80.71460275188637,28,28,0,0,1.0,0.03682837241831294,0.036828372418085564,0.03682837241831294,0.03682837241831294,-0.0019728627767108264,10,False,,838
cand_67604ea66cc8cf4e5d1d,mcv,PRESENT,0.038760195423492405,871,80.69241011984022,4,0,0,4,0.0,-0.984138790299312,-0.9841387902994256,-0.984138790299312,-0.984138790299312,-1.0228989857228044,33,False,,839
cand_b4ff6c9367a9ac137732,mcv,PRESENT,0.03871756054468278,872,80.67021748779405,29,15,0,14,0.5172413793103449,0.038717560544228036,0.02432991753630631,0.038717560544228036,0.038717560544228036,-4.547473508864641e-13,8,False,,840
cand_442dc09421f2ff7e42a7,fd,PRESENT,0.038482641331938794,873,80.64802485574789,28,28,0,0,1.0,0.03848264133148405,0.03848264133148405,0.03848264133148405,0.03848264133148405,-4.547473508864641e-13,9,False,,962
cand_f5d2818423b6a57ac471,mcv,PRESENT,0.038249834011367057,874,80.62583222370174,27,10,0,17,0.37037037037037035,0.03824983401113968,-5.795894508380798,0.03824983401091231,0.038249834011071474,-2.2737367544323206e-13,10,False,,841
cand_0491197f436afff2a54c,mcv,PRESENT,0.03790298268177139,875,80.60363959165556,29,29,0,0,1.0,0.03790298268108927,0.03790298268108927,0.03790298268108927,0.03790298268108927,-6.821210263296962e-13,8,False,,843
cand_11f583b10946e3f1f8b1,mcv,PRESENT,0.03770980164244975,876,80.58144695960941,24,24,0,0,1.0,0.037709801642222374,0.037709801641995,0.037709801642222374,0.037709801642222374,-2.2737367544323206e-13,13,False,,844
cand_1c890cff69c57ed3f1df,mcv,PRESENT,0.03752561333931226,877,80.55925432756325,27,27,0,0,1.0,0.03749472405866072,0.03498752052587406,0.03749472405843335,0.03749472405859251,-3.0889280651535955e-05,10,False,,845
cand_0f5f5a5569c1de5e98a9,mcv,PRESENT,0.037472150434041396,878,80.53706169551708,13,13,0,0,1.0,0.03747215043426877,0.03747215043426877,0.03747215043426877,0.03747215043426877,2.2737367544323206e-13,26,False,,846
cand_6d403bda4d8cccd8d804,mcv,PRESENT,0.03728990439503832,879,80.51486906347093,18,9,0,9,0.5,0.03728990439481095,-1.881352864321343,0.03728990439458357,0.03728990439461768,-2.2737367544323206e-13,19,False,,847
cand_2190353bcb7dd7ee257b,mcv,PRESENT,0.03712874503071362,880,80.49267643142477,10,10,0,0,1.0,0.025747193601546314,0.02574719360131894,0.025747193601546314,0.025747193601546314,-0.011381551429167303,28,False,,848
cand_ec3f090020f6ce265e52,fd,PRESENT,0.03694414471010532,881,80.47048379937861,18,18,0,0,1.0,0.03591153163824856,0.03591153163824856,0.03591153163824856,0.03591153163824856,-0.0010326130718567583,21,False,,968
cand_a1420f018d783a38501a,mcv,PRESENT,0.03687532241201552,882,80.44829116733244,28,28,0,0,1.0,0.04750311068232804,0.03690938801469201,0.04750311068232804,0.04750311068232804,0.010627788270312521,26,False,,849
cand_511b887dfe264e2932c1,mcv,PRESENT,0.036672046217063325,884,80.40390590324013,30,1,0,29,0.03333333333333333,0.036672046217063325,-0.0007111313530003827,-0.0007111313530003827,-0.0007111313530003827,0.0,3,False,,851
cand_92d3472983ad5fa5d9f5,mcv,PRESENT,0.036462578318605665,885,80.38171327119396,29,29,0,0,1.0,0.040032343217717425,0.03574340378713714,0.040032343217717425,0.040032343217717425,0.0035697648991117603,9,False,,853
cand_cebeaa2c1616f411b4b0,mcv,PRESENT,0.03576848101147334,887,80.33732800710165,27,2,0,25,0.07407407407407407,0.03576848101079122,-0.020969107641576556,-0.004191439026044463,0.023780504999740486,-6.821210263296962e-13,4,False,,855
cand_04422f65a0883ca0878e,fd,PRESENT,0.0353568830905715,888,80.31513537505548,29,29,0,0,1.0,0.03527131070609357,0.02876041191962031,0.028931889970681367,0.030559752411045332,-8.55723844779277e-05,8,False,,974
cand_564e45e120eca4bdd4c3,mcv,PRESENT,0.03351897774518875,889,80.29294274300932,23,23,0,0,1.0,0.03228662528590576,0.03228662528590576,0.03228662528590576,0.03228662528590576,-0.0012323524592829926,14,False,,858
cand_9ffcb71a26e091bb950a,mcv,PRESENT,0.03348972701223829,890,80.27075011096316,29,29,0,0,1.0,0.03536780835065656,0.028142947800915863,0.030914065598835805,0.03358631124979183,0.0018780813384182693,8,False,,859
cand_2a372a09620cd095bea3,mcv,PRESENT,0.033429148823415744,891,80.248557478917,24,3,0,21,0.125,0.03342914882273362,-0.14767059110954506,-0.020900773156950103,0.03342914882273362,-6.821210263296962e-13,13,False,,860
cand_4cafbecb461c0bb6d159,fd,PRESENT,0.03291233197251131,892,80.22636484687084,29,29,0,0,1.0,0.03291233197228394,0.029846430524685275,0.03291233197228394,0.03291233197228394,-2.2737367544323206e-13,8,False,,983
cand_049af23f2c8959472e09,mcv,PRESENT,0.03285436235455563,893,80.20417221482468,29,29,0,0,1.0,0.032854362354100886,0.032854362354100886,0.032854362354100886,0.032854362354100886,-4.547473508864641e-13,8,False,,864
cand_ea6a9138ce662228260c,mcv,PRESENT,0.03279321457375772,894,80.18197958277852,33,33,0,0,1.0,0.03278608999607968,0.0204595238044476,0.030320776757798748,0.03278608999607968,-7.124577678041533e-06,4,False,,865
cand_20c28d07897a7525359e,fd,PRESENT,0.03267576644793735,895,80.15978695073235,28,28,0,0,1.0,0.0326757664474826,0.03267576644725523,0.03267576644725523,0.03267576644740302,-4.547473508864641e-13,19,False,,984
cand_e14fc4678d55d2095645,mcv,PRESENT,0.03235446569760825,897,80.11540168664004,6,0,0,6,0.0,-0.8582799377722949,-0.8582799377722949,-0.8582799377722949,-0.8582799377722949,-0.8906344034699032,31,False,,866
cand_76b5ca6ffdea911843b2,mcv,PRESENT,0.03223172729667567,898,80.09320905459387,29,29,0,0,1.0,0.032311172902836915,0.02610235384531734,0.03231117290260954,0.03231117290274597,7.944560616124363e-05,10,False,,867
cand_577053bf1dc8a0e9607a,mcv,PRESENT,0.032200949491198116,899,80.07101642254771,24,24,0,0,1.0,0.032200949491198116,0.013119582702074695,0.032200949491198116,0.032200949491198116,0.0,13,False,,868
cand_f49a949e049d630a79d2,mcv,PRESENT,0.032187501130465535,900,80.04882379050156,31,5,0,26,0.16129032258064516,0.032187501130465535,-2.0078031034349806,0.03218750113023816,0.03218750113035185,0.0,8,False,,869
cand_3badee28173e38a13663,mcv,PRESENT,0.031909882535728684,901,80.02663115845539,16,0,0,16,0.0,-0.04357546955179714,-0.04761136018078105,-0.04761136018078105,-0.04660238752353507,-0.07548535208752583,21,False,,871
cand_3a4f45a22bffa07344a9,mcv,PRESENT,0.03183391686070536,902,80.00443852640923,23,23,0,0,1.0,0.03184929712188023,0.03184929712188023,0.03184929712188023,0.03184929712188023,1.5380261174868792e-05,14,False,,872
cand_f5c4295581153972c6a9,fd,PRESENT,0.031513180747424485,903,79.98224589436307,29,29,0,0,1.0,0.03151318074765186,0.031513180747424485,0.03151318074765186,0.03151318074765186,2.2737367544323206e-13,10,False,,992
cand_7625735aa75e74155979,mcv,PRESENT,0.03149204786586779,904,79.9600532623169,14,14,0,0,1.0,0.05720625008052593,0.05720625008052593,0.05720625008052593,0.05720625008052593,0.025714202214658144,14,False,,875
cand_3ab7ecc42cc270182ad3,mcv,PRESENT,0.03148730875636829,905,79.93786063027075,36,36,0,0,1.0,0.03148730875659567,0.03148730875636829,0.03148730875648198,0.03148730875659567,2.2737367544323206e-13,10,False,,876
cand_034d136c7ee2398cb089,mcv,PRESENT,0.03145550903536787,906,79.91566799822459,30,30,0,0,1.0,0.031455509035140494,0.012041485505960736,0.031455509035140494,0.031455509035140494,-2.2737367544323206e-13,7,False,,877
cand_933475f296cb061832e9,mcv,PRESENT,0.031171265964076156,907,79.89347536617844,36,36,0,0,1.0,0.03117126596430353,0.031171265964076156,0.031171265964189843,0.03117126596430353,2.2737367544323206e-13,10,False,,879
cand_47dbce667236a5f69dbc,fd,PRESENT,0.031005846020889294,908,79.87128273413227,2,2,0,0,1.0,0.031005846020889294,0.031005846020775607,0.031005846020866555,0.031005846020877924,0.0,35,False,,996
cand_88c958719b9a6f787b04,mcv,PRESENT,0.031002371656541072,909,79.84909010208611,14,14,0,0,1.0,0.0310023716563137,0.0310023716563137,0.0310023716563137,0.0310023716563137,-2.2737367544323206e-13,23,False,,880
cand_cf80943f7bbd89ebe0c6,mcv,PRESENT,0.030691947848026757,910,79.82689747003995,24,24,0,0,1.0,0.042252097264281474,0.042252097264281474,0.042252097264281474,0.042252097264281474,0.011560149416254717,13,False,,882
cand_dfee57c7c1103b7e3986,mcv,PRESENT,0.030325456800710526,911,79.80470483799378,23,23,0,0,1.0,0.03039760040769579,0.030325456800483153,0.03039760040769579,0.03039760040769579,7.214360698526434e-05,33,False,,883
cand_66a59ae50390d63e63e3,fd,PRESENT,0.030122630776531878,912,79.78251220594763,26,26,0,0,1.0,0.030081817206109918,0.030081817205882544,0.030081817206109918,0.030081817206109918,-4.081357042196032e-05,13,False,,1001
cand_a7de7ae71d2ad4582379,fd,PRESENT,0.02995314635336399,913,79.76031957390147,26,26,0,0,1.0,0.029953146353136617,0.029953146352909243,0.02995314635302293,0.029953146353136617,-2.2737367544323206e-13,13,False,,1002
cand_50356b50c477e48d4968,mcv,PRESENT,0.029375698347394064,915,79.71593430980914,29,29,0,0,1.0,0.02937569834716669,0.02937569834716669,0.02937569834716669,0.02937569834716669,-2.2737367544323206e-13,8,False,,887
cand_707b7696860fb5fad149,mcv,PRESENT,0.029335088931475184,917,79.67154904571682,27,27,0,0,1.0,0.03013594317553725,0.03013594317553725,0.03013594317553725,0.03013594317553725,0.0008008542440620658,19,False,,889
cand_a38dd13d70cf49b00007,fd,PRESENT,0.029302278728209785,918,79.64935641367066,24,24,0,0,1.0,0.030486695998661162,0.030486695998433788,0.030486695998433788,0.030486695998433788,0.0011844172704513767,26,False,,1006
cand_7b5ae3acb14dc970c451,mcv,PRESENT,0.029218308857707598,919,79.6271637816245,23,0,0,23,0.0,-1.4574554741800512,-1.4822138258844006,-1.4574554741800512,-1.4574554741800512,-1.4866737830377588,28,False,,890
cand_14703f7e8ae0061858a0,fd,PRESENT,0.029194242053563357,920,79.60497114957835,28,5,23,0,0.17857142857142858,0.029194242053563357,0.0,0.029194242053563357,0.029194242053563357,0.0,8,False,,1007
cand_9e5992a300725b825bdf,mcv,PRESENT,0.029011000000537024,921,79.58277851753218,6,6,0,0,1.0,0.025185332851151543,0.025185332851151543,0.025185332851151543,0.025185332851151543,-0.003825667149385481,31,False,,892
cand_67b430a5a91cb32fd1bc,mcv,PRESENT,0.028930385781677614,922,79.56058588548602,29,29,0,0,1.0,0.4956118617717493,0.4844663944484182,0.48447649189461117,0.491157713820894,0.4666814759900717,8,False,,893
cand_1f0c2256773a457cf49c,mcv,PRESENT,0.02867215504829801,923,79.53839325343986,36,36,0,0,1.0,0.029011392355641874,0.0290113923554145,0.029011392355641874,0.029011392355641874,0.0003392373073438648,16,False,,894
cand_9a453f1708cfad5a9564,mcv,PRESENT,0.02860080960635969,924,79.5162006213937,10,10,0,0,1.0,0.02860080960635969,0.02860080960635969,0.02860080960635969,0.02860080960635969,0.0,27,False,,895
cand_23ecc1a88ecaed2ccb99,mcv,PRESENT,0.02836036566986877,925,79.49400798934754,31,31,0,0,1.0,0.270307804514232,0.2703078045140046,0.270307804514232,0.270307804514232,0.2419474388443632,13,False,,896
cand_ee31d6b1b3eb1243a039,fd,PRESENT,0.028297318500335678,926,79.47181535730138,28,28,0,0,1.0,0.028297318500108304,0.02829731849988093,0.028297318500108304,0.028297318500108304,-2.2737367544323206e-13,10,False,,1013
cand_26193db7289917f872ac,fd,PRESENT,0.028253962022063206,927,79.44962272525521,10,10,0,0,1.0,0.028253962021381085,0.028253962021381085,0.028253962021381085,0.028253962021381085,-6.821210263296962e-13,27,False,,1014
cand_a7a47c2303191680cb50,fd,PRESENT,0.028225852734067303,928,79.42743009320905,29,29,0,0,1.0,0.028225852734067303,0.028225852734067303,0.028225852734067303,0.028225852734067303,0.0,8,False,,1015
cand_d3cdfd7c60a4515ea2ff,mcv,PRESENT,0.0281876682456641,930,79.38304482911673,22,12,0,10,0.5454545454545454,0.0281876682456641,0.028187668245209352,0.028187668245436726,0.028187668245436726,0.0,1,False,,897
cand_faa1a8e958e16b1ed4d7,mcv,PRESENT,0.028122088823693048,931,79.36085219707057,31,31,0,0,1.0,0.17826580527639635,0.028122088823465674,0.17826580527639635,0.17826580527639635,0.1501437164527033,25,False,,898
cand_1978a9c41d30bdfd3d33,mcv,PRESENT,0.028094512875213695,932,79.33865956502441,27,27,0,0,1.0,0.03066997532505411,0.030669975324826737,0.03066997532505411,0.03066997532505411,0.0025754624498404155,10,False,,899
cand_121019058c402d109558,fd,PRESENT,0.027887665479283896,933,79.31646693297824,30,30,0,0,1.0,0.02788766547882915,0.02788766547882915,0.02788766547882915,0.02788766547882915,-4.547473508864641e-13,7,False,,1018
cand_2977951d8e39db71b793,mcv,PRESENT,0.02777031493224058,934,79.29427430093209,31,16,0,15,0.5161290322580645,0.04519289517065772,0.02777031493224058,0.027770314932467954,0.03648160505156284,0.01742258023841714,20,False,,901
cand_e33c6a84742e331d654b,mcv,PRESENT,0.027672494428770733,936,79.24988903683978,36,22,0,14,0.6111111111111112,0.028748815242352066,0.027672494428088612,0.028748815242352066,0.028748815242352066,0.001076320813581333,16,False,,904
cand_e2b32a885d348cb2c414,mcv,PRESENT,0.027570805306822876,937,79.2276964047936,29,29,0,0,1.0,0.027570805306140755,0.02352526510867392,0.027570805306140755,0.027570805306140755,-6.821210263296962e-13,8,False,,905
cand_fa371ba230c5cafd9e7e,fd,PRESENT,0.027568507168325596,938,79.20550377274745,22,22,0,0,1.0,0.027568507168098222,0.027418604911417788,0.027568507168098222,0.027568507168098222,-2.2737367544323206e-13,15,False,,1020
cand_e8779b41039df685e305,fd,PRESENT,0.027544482407392934,939,79.18331114070129,16,16,0,0,1.0,0.027544482406938187,0.027544482406710813,0.027544482406938187,0.027544482406938187,-4.547473508864641e-13,23,False,,1021
cand_3f8d0e6dbbac7770e259,mcv,PRESENT,0.027440191975983907,940,79.16111850865512,28,28,0,0,1.0,0.027440191975983907,0.022657685925878468,0.027440191975756534,0.027440191975904325,0.0,10,False,,906
cand_6739e715b4cd762d2a77,mcv,PRESENT,0.0273877346126028,941,79.13892587660897,29,29,0,0,1.0,0.05878042867630029,0.05878042867630029,0.05878042867630029,0.05878042867630029,0.03139269406369749,14,False,,907
cand_dbe8c37d7092093a04d0,mcv,PRESENT,0.027261950633146625,942,79.11673324456281,19,19,0,0,1.0,0.027261950633146625,0.027261950632919252,0.027261950632964726,0.027261950633146625,0.0,19,False,,908
cand_1a85472e65329735bb22,mcv,PRESENT,0.027213271033360797,943,79.09454061251664,36,15,0,21,0.4166666666666667,0.027213271033360797,-0.29340011652880094,0.02721327103324711,0.027213271033360797,0.0,1,False,,909
cand_9e5661d1d5a0818e497d,fd,PRESENT,0.02646528728018893,945,79.05015534842433,18,18,0,0,1.0,0.026465287280416305,0.026465287280416305,0.026465287280416305,0.026465287280416305,2.2737367544323206e-13,19,False,,1023
cand_40af4a1eac5937c577f0,fd,PRESENT,0.026219320715426875,946,79.02796271637816,9,9,0,0,1.0,0.026219320714972127,0.026219320714972127,0.026219320714972127,0.026219320714972127,-4.547473508864641e-13,18,False,,1025
cand_7b867452d7a96b313cdd,fd,PRESENT,0.02621085299142578,947,79.005770084332,30,30,0,0,1.0,0.02621085299074366,0.011616745292485575,0.02621085299074366,0.02621085299074366,-6.821210263296962e-13,7,False,,1026
cand_b747d15103ed068aeed3,mcv,PRESENT,0.025963423119719664,948,78.98357745228584,23,23,0,0,1.0,0.029790196165322413,0.02979019616509504,0.02979019616509504,0.029790196165299675,0.0038267730456027493,26,False,,914
cand_55003fcf50aa64182680,fd,PRESENT,0.025868086002446944,949,78.96138482023969,23,23,0,0,1.0,0.02586808600221957,0.019773081863831976,0.02586808600221957,0.02586808600221957,-2.2737367544323206e-13,14,False,,1029
cand_200b9dab1f912cf9355e,mcv,PRESENT,0.025789418703425326,950,78.93919218819352,29,29,0,0,1.0,0.02578941870297058,0.02578941870297058,0.02578941870297058,0.02578941870297058,-4.547473508864641e-13,8,False,,915
cand_d14662cee267df0513b6,mcv,PRESENT,0.025779548115679063,951,78.91699955614736,28,12,0,16,0.42857142857142855,0.02600236451485216,-0.17270215374742293,0.02600236451485216,0.02600236451485216,0.00022281639917309803,10,False,,916
cand_34b6551306175632de27,fd,PRESENT,0.025713426121001248,952,78.8948069241012,5,5,0,0,1.0,0.022325323345512516,0.022325323345512516,0.022325323345512516,0.022325323345512516,-0.0033881027754887327,32,False,,1030
cand_9492c44ad8472ae0043b,mcv,PRESENT,0.02559347118858568,954,78.85042166000888,4,4,0,0,1.0,0.025593471188130934,0.019849913495477267,0.025593471188130934,0.025593471188130934,-4.547473508864641e-13,14,False,,918
cand_07ac93740623c3c8e43c,mcv,PRESENT,0.02488336343503761,957,78.7838437638704,34,34,0,0,1.0,0.04917416864077495,0.024883363434810235,0.04917416864077495,0.04917416864077495,0.024290805205737342,26,False,,923
cand_0e573167cd514049048d,mcv,PRESENT,0.024871822135537514,958,78.76165113182424,36,36,0,0,1.0,0.024871822135537514,0.02487182213531014,0.02487182213531014,0.024871822135366983,0.0,1,False,,924
cand_8d0209cf85e62e9149bc,fd,PRESENT,0.02480489550907805,959,78.73945849977807,25,25,0,0,1.0,0.027455105411490877,0.00045495018162000633,0.027455105411263503,0.027455105411445403,0.0026502099024128256,8,False,,1034
cand_0070bcd23d96a48d41bd,fd,PRESENT,0.024794983811261773,960,78.71726586773191,29,29,0,0,1.0,0.0247949838110344,0.024794983810807025,0.0247949838110344,0.0247949838110344,-2.2737367544323206e-13,10,False,,1035
cand_f863abc3abd355a9001d,mcv,PRESENT,0.024712657731470244,961,78.69507323568575,30,7,0,23,0.23333333333333334,0.024712657731697618,-0.012527215742920816,0.024712657731470244,0.0247126577315953,2.2737367544323206e-13,10,False,,926
cand_6fa18db4bdccc0e79907,mcv,PRESENT,0.02415804270276567,962,78.6728806036396,29,29,0,0,1.0,0.027944612409100955,0.024158042702310922,0.02794461240887358,0.02794461240887358,0.0037865697063352854,35,False,,927
cand_1f0d8438da8634d7c48e,mcv,PRESENT,0.024035339852161997,963,78.65068797159343,29,29,0,0,1.0,0.024035339852161997,0.016796842881376506,0.024035339852161997,0.024035339852161997,0.0,8,False,,928
cand_7c6eb98d341d474c1f7c,mcv,PRESENT,0.02399256785702164,964,78.62849533954727,30,30,0,0,1.0,0.023992567856566893,0.023992567856566893,0.023992567856566893,0.023992567856566893,-4.547473508864641e-13,3,False,,929
cand_cff30729b4a317abf0a6,fd,PRESENT,0.02392299938128417,965,78.60630270750111,28,0,0,28,0.0,-0.0022737540709840687,-0.0022737540709840687,-0.0022737540709840687,-0.0022737540709840687,-0.02619675345226824,9,False,,1038
cand_0d49034be740eb0c5837,fd,PRESENT,0.02386520866457431,966,78.58411007545494,22,22,0,0,1.0,0.023865208664346937,0.014874849201532925,0.014874849201737561,0.014874849201760298,-2.2737367544323206e-13,15,False,,1039
cand_fbee3782b898d3b28daa,mcv,PRESENT,0.023696081729212892,967,78.56191744340879,21,21,0,0,1.0,0.02369608172898552,0.02369608172898552,0.02369608172898552,0.02369608172898552,-2.2737367544323206e-13,16,False,,931
cand_f0aa3bbb54ae4b4faa7a,mcv,PRESENT,0.02369145550619578,968,78.53972481136263,22,22,0,0,1.0,0.023691455505741033,0.006065649243282678,0.006065649243282678,0.006065649243282678,-4.547473508864641e-13,7,False,,932
cand_a0dae0f6a65c8fff8de7,mcv,PRESENT,0.02316923787839187,970,78.4953395472703,17,0,0,17,0.0,-0.7619224012437371,-0.7619224012437371,-0.7619224012437371,-0.7619224012437371,-0.785091639122129,20,False,,934
cand_8f3f8b32a92114cb512c,mcv,PRESENT,0.02313451390909904,971,78.47314691522415,27,27,0,0,1.0,0.023900720009578436,0.02313451390841692,0.023134513908644294,0.02367085817913903,0.0007662061004793941,35,False,,935
cand_813bce5cf7630c705dcc,mcv,PRESENT,0.02312923356112151,972,78.45095428317798,19,19,0,0,1.0,0.03677973998969719,0.03677973998946982,0.03677973998969719,0.03677973998969719,0.013650506428575682,20,False,,936
cand_f8f4c4e5d066d30b962d,mcv,PRESENT,0.023122241440432845,973,78.42876165113182,24,24,0,0,1.0,0.023122241440432845,0.009620174796737047,0.023122241440432845,0.023122241440432845,0.0,13,False,,937
cand_8510b9bebb014f0e2393,mcv,PRESENT,0.02284074634007993,974,78.40656901908567,23,23,0,0,1.0,0.03369241564678305,0.022840746339852558,0.03369241564678305,0.03369241564678305,0.010851669306703116,33,False,,939
cand_e2de383522760907b41f,fd,PRESENT,0.022783965247072047,975,78.38437638703951,29,29,0,0,1.0,0.022783965246389926,0.012282862067650058,0.022783965246389926,0.022783965246389926,-6.821210263296962e-13,8,False,,1046
cand_493fe66837c8b5d26df2,mcv,PRESENT,0.022769308867282234,976,78.36218375499334,19,19,0,0,1.0,0.022796409767124715,0.022796409767124715,0.022796409767124715,0.022796409767124715,2.710089984248043e-05,19,False,,940
cand_0cd2dd3f93630e5a98bc,mcv,PRESENT,0.022499857378534216,977,78.33999112294718,23,23,0,0,1.0,0.022499857378534216,0.022499857378534216,0.022499857378534216,0.022499857378534216,0.0,14,False,,942
cand_2199b30fa9ab2becefd5,mcv,PRESENT,0.022284169015620137,978,78.31779849090103,29,29,0,0,1.0,0.022284169015392763,0.022284169015392763,0.022284169015392763,0.022284169015392763,-2.2737367544323206e-13,8,False,,943
cand_a935767d33d25d270a15,mcv,PRESENT,0.022150019683977007,980,78.2734132268087,10,10,0,0,1.0,0.022150019683749633,0.022150019683749633,0.022150019683749633,0.022150019683749633,-2.2737367544323206e-13,27,False,,945
cand_619a5f0cb19c32b7ad9d,mcv,PRESENT,0.022037485709915927,982,78.22902796271637,9,1,0,8,0.1111111111111111,0.022696221387150217,-0.002553338213601819,0.0024965737065485924,0.012596397546849394,0.00065873567723429,7,False,,947
cand_a657e7bb7d5adf939969,mcv,PRESENT,0.02193950247783505,983,78.20683533067022,29,2,0,27,0.06896551724137931,0.021939502477607675,-0.00045604300657942076,-0.00045604300657942076,0.012981284283796364,-2.2737367544323206e-13,6,False,,948
cand_6ea7d1dedeb575c6b849,mcv,PRESENT,0.021730786307671224,986,78.14025743453173,21,21,0,0,1.0,0.021730786307671224,0.005200973655064445,0.021730786307671224,0.021730786307671224,0.0,16,False,,951
cand_dde594f6ad418c3fc676,fd,PRESENT,0.021534594196964463,987,78.11806480248558,18,18,0,0,1.0,0.021534594197191836,0.021534594197191836,0.021534594197191836,0.021534594197191836,2.2737367544323206e-13,19,False,,1058
cand_3f86dfc635f1733c5533,mcv,PRESENT,0.021318404526027734,988,78.09587217043942,31,11,0,20,0.3548387096774194,0.021318404526027734,-2.0244250892808395,0.021318404526027734,0.021318404526027734,0.0,6,False,,952
cand_d0c685a4165dad151ae1,mcv,PRESENT,0.02124344562889746,989,78.07367953839325,36,36,0,0,1.0,0.02124344562889746,0.009306475927360225,0.021243445628442714,0.021243445628670088,0.0,1,False,,953
cand_569209d2b0d6fb0c2c73,fd,PRESENT,0.02122390519343753,990,78.0514869063471,23,23,0,0,1.0,0.021223905192982784,0.021223905192982784,0.021223905192982784,0.021223905192982784,-4.547473508864641e-13,14,False,,1062
cand_a32fd9b5aa3d96e13a0e,mcv,PRESENT,0.021120954139405512,991,78.02929427430094,29,29,0,0,1.0,0.020759795691446925,0.020745953455843846,0.02074595345607122,0.020754258797296643,-0.0003611584479585872,8,False,,954
cand_0b933ed446f01f49533a,fd,PRESENT,0.021038915557255677,992,78.00710164225477,9,9,0,0,1.0,0.4882927076873784,0.4882927076873784,0.4882927076873784,0.4882927076873784,0.46725379213012275,19,False,,1065
cand_69d9db4f8deab017b0e5,mcv,PRESENT,0.02080798728911759,993,77.98490901020861,2,2,0,0,1.0,0.02080798728911759,0.02080798728911759,0.02080798728911759,0.02080798728911759,0.0,35,False,,956
cand_5afe794df0f82efece5c,mcv,PRESENT,0.020363067675134516,995,77.94052374611628,14,14,0,0,1.0,0.02036306767467977,0.02036306767467977,0.02036306767467977,0.02036306767467977,-4.547473508864641e-13,23,False,,960
cand_030e4a5dac5824320c31,mcv,PRESENT,0.020261472736819996,996,77.91833111407013,17,17,0,0,1.0,0.11751381332805977,0.11751381332805977,0.11751381332805977,0.11751381332805977,0.09725234059123977,20,False,,961
cand_b8ff577598477c465375,fd,PRESENT,0.02017827447889431,997,77.89613848202397,29,29,0,0,1.0,0.020178274478666935,0.020178274478666935,0.020178274478666935,0.020178274478666935,-2.2737367544323206e-13,8,False,,1070
cand_613942235ac6650dcd7c,fd,PRESENT,0.020096870931411104,998,77.8739458499778,29,29,0,0,1.0,0.020096870930956356,0.020096870930956356,0.020096870930956356,0.020096870930956356,-4.547473508864641e-13,8,False,,1072
cand_f4d89c80c6bc76b35366,fd,PRESENT,0.02009346834529424,999,77.85175321793164,7,7,0,0,1.0,0.020093468345521615,0.020093468345521615,0.020093468345521615,0.020093468345521615,2.2737367544323206e-13,19,False,,1073
cand_e0696d4f75ae3c2b6547,fd,PRESENT,0.020028028904562234,1000,77.82956058588549,29,29,0,0,1.0,0.02002802890433486,0.01848022599961041,0.02002802890415296,0.02002802890433486,-2.2737367544323206e-13,10,False,,1075
cand_278c3f43c0be6450c7bd,mcv,PRESENT,0.019847284317620506,1002,77.78517532179316,10,10,0,0,1.0,0.020232323128539065,0.020232323128539065,0.020232323128539065,0.020232323128539065,0.00038503881091855874,27,False,,964
cand_f4757825da40ed86d66e,mcv,PRESENT,0.019828888109259424,1003,77.762982689747,14,14,0,0,1.0,0.01976325709415505,0.006500622638213827,0.01976325709415505,0.01976325709415505,-6.563101510437264e-05,23,False,,965
cand_b45aea827d491802c975,fd,PRESENT,0.019799673730631184,1004,77.74079005770085,18,18,0,0,1.0,0.019799673730176437,0.019799673729949063,0.019799673730176437,0.019799673730176437,-4.547473508864641e-13,19,False,,1079
cand_3ce0477b427890442081,fd,PRESENT,0.01977744473151688,1005,77.71859742565468,29,29,0,0,1.0,0.019777444731062133,0.019777444731062133,0.019777444731062133,0.019777444731062133,-4.547473508864641e-13,8,False,,1080
cand_4214f0c2bb67ed25c5e7,mcv,PRESENT,0.01972043046498584,1007,77.67421216156237,33,33,0,0,1.0,0.019720430465213212,0.00804822133432026,0.01972043046498584,0.019720430465213212,2.2737367544323206e-13,8,False,,967
cand_5676ff61f28a3f25961c,mcv,PRESENT,0.019199440906959353,1009,77.62982689747004,12,12,0,0,1.0,0.242096770675289,0.242096770675289,0.242096770675289,0.242096770675289,0.22289732976832966,30,False,,969
cand_ead1bca0791dd5a11dc3,fd,PRESENT,0.019134170827783237,1010,77.60763426542388,28,26,0,2,0.9285714285714286,0.023490441895091863,0.019134170827555863,0.023490441895091863,0.023490441895091863,0.004356271067308626,19,False,,1083
cand_21ee616d17fe817b15a4,mcv,PRESENT,0.01904040007320873,1011,77.58544163337771,23,23,0,0,1.0,0.021410496045746186,0.021410496045518812,0.021410496045518812,0.021410496045723447,0.002370095972537456,19,False,,970
cand_96616eddcf7cffccd44b,fd,PRESENT,0.019033435631172324,1012,77.56324900133156,29,29,0,0,1.0,0.019033435631172324,0.019033435631172324,0.019033435631172324,0.019033435631172324,0.0,8,False,,1086
cand_7f54896f8146f25e3727,mcv,PRESENT,0.018999794319825014,1013,77.5410563692854,20,0,0,20,0.0,-0.0020872571399195294,-0.004630923410786636,-0.0020872571399195294,-0.0020872571399195294,-0.021087051459744544,28,False,,971
cand_a264eebc0aac31837fdc,fd,PRESENT,0.018954481158289127,1014,77.51886373723924,26,26,0,0,1.0,0.018954481158289127,0.018954481158061753,0.018954481158289127,0.018954481158289127,0.0,13,False,,1087
cand_dc12ad3c19bcb812fa9c,mcv,PRESENT,0.01872932537662564,1015,77.49667110519307,20,20,0,0,1.0,1.5929743312151459,1.5929524860737274,1.5929743312149185,1.5929743312149298,1.5742450058385202,35,False,,972
cand_c033c3d18f636305aca2,fd,PRESENT,0.01864610786378762,1016,77.47447847314692,26,26,0,0,1.0,0.0186461078631055,0.011613940750976326,0.01662647998750799,0.018141200894206122,-6.821210263296962e-13,8,False,,1091
cand_7747949e60200929e2cd,fd,PRESENT,0.018638657374140166,1017,77.45228584110076,29,29,0,0,1.0,0.01855308498966224,0.018553084989434865,0.01855308498966224,0.01855308498966224,-8.55723844779277e-05,8,False,,1092
cand_7bc1574b21422bbf38f0,mcv,PRESENT,0.01854400891716068,1018,77.43009320905459,36,34,0,2,0.9444444444444444,0.01854400891716068,0.018544008916705934,0.018544008916705934,0.018544008916705934,0.0,1,False,,973
cand_f873e7af50d75e7f89e7,mcv,PRESENT,0.018432409429806285,1019,77.40790057700843,36,36,0,0,1.0,0.018432409429806285,0.01838290711384616,0.018432409429351537,0.018432409429351537,0.0,1,False,,975
cand_ab8ba6d75fb115dd8197,mcv,PRESENT,0.018399405667878455,1020,77.38570794496228,29,29,0,0,1.0,0.03229166514597637,0.01841019157404844,0.03229166514574899,0.03229166514574899,0.013892259478097913,26,False,,976
cand_83b9e3e16c4deb1778f0,mcv,PRESENT,0.018225029001769144,1021,77.3635153129161,23,23,0,0,1.0,0.02121001969635472,0.021210019696127347,0.021210019696127347,0.021210019696331982,0.0029849906945855764,19,False,,977
cand_0171b1aaebaea1b9d566,mcv,PRESENT,0.018126772188225004,1022,77.34132268086995,35,13,0,22,0.37142857142857144,0.018126772187770257,-0.010418137676424521,0.018024687296701813,0.018055312764181507,-4.547473508864641e-13,2,False,,978
cand_d9f35fc41775c43dda73,mcv,PRESENT,0.017990241219195013,1025,77.27474478473147,16,16,0,0,1.0,0.013327736970722981,0.013327736970722981,0.013327736970722981,0.013327736970722981,-0.0046625042484720325,21,False,,980
cand_2e89bd567fd9c5c6f256,fd,PRESENT,0.017796423259824223,1026,77.25255215268531,2,2,0,0,1.0,0.01779642325959685,0.01779642325959685,0.01779642325959685,0.01779642325959685,-2.2737367544323206e-13,35,False,,1100
cand_b9717ec05bde8a127e23,mcv,PRESENT,0.017522753752018616,1028,77.20816688859298,8,8,0,0,1.0,0.0176291996162945,0.017623317375523584,0.01762919961613534,0.017629199616214918,0.00010644586427588365,10,False,,982
cand_773d2dbb727b6fa90dc6,fd,PRESENT,0.017345380997539905,1029,77.18597425654683,29,29,0,0,1.0,0.01734538099776728,0.017345380997539905,0.01734538099776728,0.01734538099776728,2.2737367544323206e-13,10,False,,1101
cand_4e9898e50868d1d73bcf,fd,PRESENT,0.017272936290282814,1030,77.16378162450067,16,16,0,0,1.0,0.01727293629005544,0.017272936289828067,0.017272936289828067,0.01727293628988491,-2.2737367544323206e-13,26,False,,1102
cand_a06b5d9f9ab921d13565,fd,PRESENT,0.017126892063970445,1031,77.1415889924545,28,28,0,0,1.0,0.017126892063515697,0.009451546063019123,0.017126892063515697,0.017126892063515697,-4.547473508864641e-13,9,False,,1104
cand_0b279dadb9af98737e81,mcv,PRESENT,0.01703710028596106,1032,77.11939636040835,21,21,0,0,1.0,0.01703710028527894,0.01703710028527894,0.01703710028527894,0.01703710028527894,-6.821210263296962e-13,16,False,,986
cand_40d9e9a9543b7b1641e4,mcv,PRESENT,0.017030701014846272,1033,77.09720372836219,10,10,0,0,1.0,0.017030701014391525,0.017030701014391525,0.017030701014391525,0.017030701014391525,-4.547473508864641e-13,27,False,,987
cand_8014727e45ce3e31c25a,mcv,PRESENT,0.016871452004124876,1034,77.07501109631602,36,36,0,0,1.0,0.03274027508268773,0.032138627576614454,0.03274027508268773,0.03274027508268773,0.015868823078562855,23,False,,988
cand_0f9575c4a12f14fdb4eb,mcv,PRESENT,0.016665127749547537,1036,77.0306258322237,23,23,0,0,1.0,0.019448038387963607,0.019448038387736233,0.019448038387736233,0.019448038387736233,0.0027829106384160696,26,False,,990
cand_5d3943e6170929a56d79,mcv,PRESENT,0.016582638168983976,1037,77.00843320017754,31,16,0,15,0.5161290322580645,0.01658263816921135,0.016582638168983976,0.01658263816921135,0.01658263816921135,2.2737367544323206e-13,6,False,,991
cand_a1437c1abdafba150a8c,mcv,PRESENT,0.016460371254652273,1039,76.96404793608522,4,4,0,0,1.0,0.019376616030058358,0.01937661602994467,0.019376616030058358,0.019376616030058358,0.002916244775406085,33,False,,994
cand_77a5efd51ed566d6dadd,mcv,PRESENT,0.016197309764720558,1041,76.9196626719929,28,8,0,20,0.2857142857142857,0.01619730976494793,-0.05421033663333219,0.016197309764720558,0.01619730976486835,2.2737367544323206e-13,10,False,,997
cand_67a1ae218940ee3790b9,mcv,PRESENT,0.01613724313210696,1042,76.89747003994674,20,20,0,0,1.0,0.016137243131879586,0.016137243131879586,0.016137243131879586,0.016137243131879586,-2.2737367544323206e-13,17,False,,998
cand_1604aa8650353db6562c,fd,PRESENT,0.016122081117828202,1043,76.87527740790058,10,10,0,0,1.0,0.016122081117373455,0.016122081117373455,0.016122081117373455,0.016122081117373455,-4.547473508864641e-13,27,False,,1112
cand_9ed4a90a2f6eac598a59,fd,PRESENT,0.01596592237456207,1044,76.85308477585441,9,9,0,0,1.0,0.015965922374334696,0.015965922374334696,0.015965922374334696,0.015965922374334696,-2.2737367544323206e-13,19,False,,1114
cand_6a32233ef2c5a2fa1307,mcv,PRESENT,0.015957734976836946,1045,76.83089214380826,29,19,0,10,0.6551724137931034,0.023269382960279472,0.0159577349763822,0.023269382960279472,0.023269382960279472,0.007311647983442526,17,False,,999
cand_a1232e93bc4a6d83304e,mcv,PRESENT,0.015902686284789525,1046,76.8086995117621,7,7,0,0,1.0,0.015902686285016898,0.015902686284789525,0.015902686284880473,0.015902686284948685,2.2737367544323206e-13,35,False,,1000
cand_01e6cfacf48f7c546084,mcv,PRESENT,0.015164754793659085,1050,76.71992898357745,15,3,0,12,0.2,0.015164754793886459,-0.017980501521833503,0.015164754793659085,0.015164754793727298,2.2737367544323206e-13,23,False,,1009
cand_0df33a248f792ab8b114,mcv,PRESENT,0.0151481212269573,1051,76.69773635153129,36,36,0,0,1.0,0.0151481212269573,0.0057849439117489965,0.0151481212269573,0.0151481212269573,0.0,1,False,,1010
cand_7aab7bac234bde3a73ba,mcv,PRESENT,0.015098290929927316,1052,76.67554371948513,24,5,0,19,0.20833333333333334,0.015098290929927316,-0.30115748150558375,0.015098290929927316,0.015098290929927316,0.0,13,False,,1011
cand_3fff59a456df5230e03c,fd,PRESENT,0.014952654154512857,1054,76.63115845539281,28,28,0,0,1.0,0.014952654154512857,0.014952654154285483,0.014952654154512857,0.014952654154512857,0.0,10,False,,1120
cand_3fad493d166ea2306a81,fd,PRESENT,0.014845767424048972,1055,76.60896582334665,30,30,0,0,1.0,0.014845767423821599,0.014845767423594225,0.014845767423821599,0.014845767423821599,-2.2737367544323206e-13,8,False,,1121
cand_63d188c8cc78ff14edde,mcv,PRESENT,0.014487303567875642,1057,76.56458055925432,10,10,0,0,1.0,0.01229432111153983,0.01229432111153983,0.01229432111153983,0.01229432111153983,-0.0021929824563358125,27,False,,1019
cand_d022c083a94367308b44,fd,PRESENT,0.014379928353264404,1058,76.54238792720817,29,29,0,0,1.0,0.014379928353264404,0.01437992835303703,0.014379928353264404,0.014379928353264404,0.0,8,False,,1123
cand_59bb9f01d38f4b43263b,mcv,PRESENT,0.014000557708641281,1059,76.52019529516201,36,36,0,0,1.0,0.014229436066216294,0.01422943606598892,0.014229436066102608,0.014229436066216294,0.00022887835757501307,10,False,,1022
cand_0264609cf3689fabdd96,fd,PRESENT,0.014000193925312487,1060,76.49800266311584,29,29,0,0,1.0,0.022530017627786947,0.014063358481280375,0.022530017627786947,0.022530017627786947,0.00852982370247446,21,False,,1127
cand_bcb7ec3542265dfdece0,fd,PRESENT,0.01381608820429392,1061,76.47581003106968,28,0,0,28,0.0,-0.012012748222559821,-0.012012748222559821,-0.012012748222559821,-0.012012748222559821,-0.02582883642685374,9,False,,1128
cand_af51123096ce9d4ef01b,mcv,PRESENT,0.013757406561126118,1062,76.45361739902353,29,16,0,13,0.5517241379310345,0.01375740656067137,0.013757406560443997,0.01375740656067137,0.01375740656067137,-4.547473508864641e-13,8,False,,1024
cand_d0ba05fafd51bef65fe6,mcv,PRESENT,0.013576550002653676,1063,76.43142476697736,29,23,0,6,0.7931034482758621,0.013576550002426302,0.013576550002198928,0.013576550002426302,0.013576550002426302,-2.2737367544323206e-13,8,False,,1027
cand_459e69b7b0229f771b50,mcv,PRESENT,0.013545691977924434,1064,76.4092321349312,20,20,0,0,1.0,0.01356621980539785,0.013566219805170476,0.013566219805193213,0.01356621980539785,2.0527827473415527e-05,19,False,,1028
cand_4b6efbbf0d2753f3046e,fd,PRESENT,0.013421383092463657,1065,76.38703950288505,29,29,0,0,1.0,0.013456694649903511,0.012735470769484891,0.013456694649903511,0.013456694649903511,3.531155743985437e-05,10,False,,1133
cand_922d7db5ef3ade26f34c,mcv,PRESENT,0.01334629767552542,1066,76.36484687083887,8,8,0,0,1.0,0.009947866331685873,0.009944428858261745,0.009947866331685873,0.009947866331685873,-0.0033984313438395475,33,False,,1031
cand_92481bfd8785cc2d812b,mcv,PRESENT,0.013135095256075147,1067,76.34265423879272,27,27,0,0,1.0,0.013140684518930357,0.013140684518930357,0.013140684518930357,0.013140684518930357,5.589262855210109e-06,16,False,,1033
cand_4249446c928d72fd88c6,mcv,PRESENT,0.01274471447140968,1069,76.2982689747004,20,11,0,9,0.55,0.012740224419076185,0.012740224418848811,0.012740224419076185,0.012740224419076185,-4.490052333494532e-06,19,False,,1037
cand_060d53f7b5cad0bfc5cd,fd,PRESENT,0.0126332166382781,1070,76.27607634265424,28,28,0,0,1.0,0.012633216638050726,0.012099313808221268,0.012633216637823352,0.012633216637971146,-2.2737367544323206e-13,10,False,,1138
cand_d75a77da7fbc7b0064c2,fd,PRESENT,0.012496970878601132,1071,76.25388371060808,21,21,0,0,1.0,0.012496970878146385,0.012496970878146385,0.012496970878146385,0.012496970878146385,-4.547473508864641e-13,19,False,,1140
cand_b575f2fe912f01edd24c,mcv,PRESENT,0.01246612597242347,1072,76.23169107856192,23,7,0,16,0.30434782608695654,0.012577534172123706,-0.039499161082176215,0.012577534172123706,0.012577534172123706,0.00011140819970023585,14,False,,1040
cand_4a1f0b42c7a241668526,mcv,PRESENT,0.012439715229447756,1073,76.20949844651575,18,18,0,0,1.0,0.012439715228993009,0.012439715228993009,0.012439715228993009,0.012439715228993009,-4.547473508864641e-13,19,False,,1041
cand_ca35affbb914b393ee8b,fd,PRESENT,0.012409715508510999,1074,76.1873058144696,24,24,0,0,1.0,0.012409715508056252,0.012409715508056252,0.012409715508056252,0.012409715508056252,-4.547473508864641e-13,13,False,,1141
cand_3e7b2b6c1fc94a09c2bb,mcv,PRESENT,0.012332338076703309,1075,76.16511318242344,23,19,0,4,0.8260869565217391,0.012332338076248561,0.012332338076021188,0.012332338076203087,0.012332338076248561,-4.547473508864641e-13,19,False,,1042
cand_ef9387207d8a14d249c3,fd,PRESENT,0.012317495811657864,1076,76.14292055037727,28,28,0,0,1.0,0.012317495811885237,0.012317495811657864,0.012317495811885237,0.012317495811885237,2.2737367544323206e-13,10,False,,1145
cand_1b417725f83228eae3b0,mcv,PRESENT,0.012311417792261636,1077,76.12072791833111,8,8,0,0,1.0,0.012311417792261636,0.01231141779214795,0.012311417792261636,0.012311417792261636,0.0,32,False,,1043
cand_4cf72c5b6ed2790648f1,mcv,PRESENT,0.011966016333644802,1079,76.07634265423879,23,23,0,0,1.0,0.012013758145712927,0.012013758145712927,0.012013758145712927,0.012013758145712927,4.7741812068125e-05,14,False,,1045
cand_fdb0466476d356cf5cda,fd,PRESENT,0.011950739920393971,1080,76.05415002219263,16,16,0,0,1.0,0.011950739920166598,0.011950739920166598,0.011950739920166598,0.011950739920166598,-2.2737367544323206e-13,19,False,,1149
cand_ae6f75bd7e72ba980377,mcv,PRESENT,0.01183431952722458,1081,76.03195739014647,18,18,0,0,1.0,0.011834319526769832,0.011834319526542458,0.011834319526769832,0.011834319526769832,-4.547473508864641e-13,19,False,,1047
cand_c0f8f2c3ebc4ef2a0a6a,mcv,PRESENT,0.01178817591880943,1082,76.00976475810032,25,25,0,0,1.0,0.015440508628671523,0.011788175918354682,0.01544050862844415,0.01544050862844415,0.003652332709862094,35,False,,1048
cand_6a225164ca4b36ea2296,mcv,PRESENT,0.011677644255541964,1083,75.98757212605415,20,20,0,0,1.0,0.01167764425531459,0.010673384017763965,0.01167764425531459,0.01167764425531459,-2.2737367544323206e-13,19,False,,1049
cand_2a96d7a1a721869a31c0,mcv,PRESENT,0.011657908812594542,1084,75.96537949400799,21,4,0,17,0.19047619047619047,0.011924860226599776,-1.9877085382231598,0.01165790881191242,0.011924860226599776,0.00026695141400523426,16,False,,1050
cand_7e2c3af4c5dc9f9cac1f,mcv,PRESENT,0.011500494758365676,1085,75.94318686196183,28,28,0,0,1.0,0.011500494757910928,0.009764377798092028,0.011500494757683555,0.011500494757683555,-4.547473508864641e-13,10,False,,1051
cand_1a50dcfbb851335ffcca,mcv,PRESENT,0.01149947022258857,1086,75.92099422991566,23,23,0,0,1.0,0.011499470222815944,0.011435078356271333,0.011499470222815944,0.011499470222815944,2.2737367544323206e-13,28,False,,1052
cand_4302e4e62866dafa06ae,mcv,PRESENT,0.01147608761129959,1087,75.89880159786951,2,2,0,0,1.0,0.011476087611072217,0.011476087611072217,0.011476087611072217,0.011476087611072217,-2.2737367544323206e-13,35,False,,1053
cand_b96f5545113b3dcaaefd,mcv,PRESENT,0.011412761542487715,1089,75.85441633377718,20,20,0,0,1.0,0.011412761542487715,0.011412761542487715,0.011412761542487715,0.011412761542487715,0.0,17,False,,1055
cand_36f72e29759c27eb4bb8,mcv,PRESENT,0.01139862204581732,1091,75.81003106968487,7,7,0,0,1.0,0.011398622045589946,0.011398622045589946,0.011398622045589946,0.011398622045589946,-2.2737367544323206e-13,30,False,,1057
cand_87257e2f39b2c2e2d45f,fd,PRESENT,0.011392745284865669,1092,75.7878384376387,23,23,0,0,1.0,0.011392745285093042,0.011392745284865669,0.011392745284865669,0.011392745285070305,2.2737367544323206e-13,19,False,,1153
cand_df3ac4f0d495f2fe6ad6,fd,PRESENT,0.011315708508846,1093,75.76564580559254,29,29,0,0,1.0,0.011315708509073374,0.011315708508846,0.011315708509073374,0.011315708509073374,2.2737367544323206e-13,8,False,,1154
cand_3dca1704d64f9f9cabe6,fd,PRESENT,0.011310766290989704,1094,75.74345317354638,28,22,0,6,0.7857142857142857,0.01131076629076233,0.011310766290534957,0.01131076629076233,0.01131076629076233,-2.2737367544323206e-13,10,False,,1155
cand_897513e9ffc5c03ad1c9,mcv,PRESENT,0.011202454626072722,1095,75.72126054150023,29,0,0,29,0.0,-0.0108581968429462,-0.012429415927044829,-0.010858196843173573,-0.010858196843173573,-0.02206065146901892,26,False,,1059
cand_a63d1410a75856cce692,mcv,PRESENT,0.011174491925885377,1096,75.69906790945406,3,1,0,2,0.3333333333333333,0.00576842984742143,-0.005923029684026915,0.003430137941131761,0.004599283894276595,-0.005406062078463947,25,False,,1060
cand_29f9385932f302599c11,mcv,PRESENT,0.011118807846287382,1097,75.6768752774079,24,24,0,0,1.0,0.011118807845832634,0.01111880784560526,0.011118807845764422,0.011118807845832634,-4.547473508864641e-13,13,False,,1061
cand_e81b9d36301c95283e96,fd,PRESENT,0.011065646540373564,1098,75.65468264536175,3,3,0,0,1.0,0.01106564654014619,0.011065646539918816,0.011065646540100716,0.011065646540123453,-2.2737367544323206e-13,35,False,,1157
cand_0055d21b7bc562b25de9,mcv,PRESENT,0.011046375915611861,1099,75.63249001331558,22,22,0,0,1.0,0.11447193025173874,0.11447193025173874,0.11447193025173874,0.11447193025173874,0.10342555433612688,13,False,,1063
cand_34af1e64564c4b3059b0,mcv,PRESENT,0.011010988615453243,1100,75.61029738126942,24,24,0,0,1.0,0.01101098861522587,0.010961486299720491,0.010996137920574255,0.01101098861522587,-2.2737367544323206e-13,13,False,,1064
cand_9943823aa9588a347fee,mcv,PRESENT,0.01086248444426019,1102,75.56591211717709,12,11,0,1,0.9166666666666666,0.015870472073174824,0.01587047207294745,0.01587047207294745,0.015870472073049768,0.005007987628914634,26,False,,1067
cand_cf2b831b03cd17c4f05f,fd,PRESENT,0.010800424025546818,1103,75.54371948513094,14,14,0,0,1.0,0.010800424024864697,0.010800424024864697,0.010800424024864697,0.010800424024864697,-6.821210263296962e-13,19,False,,1161
cand_48aec586960a441ee256,mcv,PRESENT,0.010539814657931856,1106,75.47714158899245,36,36,0,0,1.0,0.01945388065360021,0.011607620316453904,0.019453880653372835,0.019453880653372835,0.008914065995668352,26,False,,1071
cand_b8c2c9947a22ddada636,mcv,PRESENT,0.010501159946215921,1107,75.4549489569463,28,28,0,0,1.0,0.012770415431532456,0.010501159945988547,0.010501159946215921,0.010501159946215921,0.0022692554853165348,36,False,,1074
cand_20028beb813fd124cfe7,mcv,PRESENT,0.01046707796285773,1108,75.43275632490014,24,3,0,21,0.125,0.010467077962630356,-0.31032559846460117,-0.07416203680952568,0.010467077962630356,-2.2737367544323206e-13,13,False,,1076
cand_1d2c878dab8252951933,mcv,PRESENT,0.010407145365206816,1109,75.41056369285397,14,14,0,0,1.0,0.010407145364979442,0.007174520392254635,0.01040714536491123,0.010407145364979442,-2.2737367544323206e-13,19,False,,1077
cand_cc4a6be382cac27c8320,mcv,PRESENT,0.010161545022128848,1112,75.34398579671549,19,19,0,0,1.0,0.010640031425737106,0.006704235784127377,0.006704235784354751,0.007097815348492978,0.0004784864036082581,18,False,,1081
cand_a898ba16e27407066686,mcv,PRESENT,0.009983362410821428,1113,75.32179316466933,3,3,0,0,1.0,0.009983362410594054,0.00998336241036668,0.00998336241054858,0.009983362410571317,-2.2737367544323206e-13,6,False,,1084
cand_7b3c085ef8e220399dbe,mcv,PRESENT,0.00997030511553021,1114,75.29960053262317,19,0,0,19,0.0,-1.1187501599229108,-1.1197186852773484,-1.1187501599229108,-1.1187501599229108,-1.128720465038441,30,False,,1085
cand_8a81ebcaa42e60e3f5a3,fd,PRESENT,0.00997028573328862,1115,75.277407900577,22,3,19,0,0.13636363636363635,0.009970285733061246,0.0,0.008973257159755143,0.009970285733061246,-2.2737367544323206e-13,15,False,,1171
cand_4190d01a949503550229,fd,PRESENT,0.009923799028911162,1116,75.25521526853085,29,29,0,0,1.0,0.009923799029138536,0.005134246204761439,0.009923799029138536,0.009923799029138536,2.2737367544323206e-13,8,False,,1172
cand_9b54b642e104ef62246d,fd,PRESENT,0.009877617085294332,1117,75.23302263648469,22,22,0,0,1.0,0.009877617084839585,0.009877617084839585,0.009877617084839585,0.009877617084839585,-4.547473508864641e-13,15,False,,1174
cand_2a195118ecf853ca1e22,mcv,PRESENT,0.009877202349343861,1118,75.21083000443852,23,23,0,0,1.0,0.010144153764031216,0.009877202349116487,0.010144153764031216,0.010144153764031216,0.0002669514146873553,16,False,,1088
cand_ee21f1ceef9ac7c60dc7,mcv,PRESENT,0.009779973834156408,1120,75.16644474034621,24,24,0,0,1.0,0.00924085394717622,0.008899512444031643,0.00924085394717622,0.00924085394717622,-0.0005391198869801883,13,False,,1090
cand_5a65c8ba2ef1c039238e,mcv,PRESENT,0.00971045256301295,1121,75.14425210830005,29,29,0,0,1.0,0.009710452562785576,0.009709758472581598,0.009710452562785576,0.009710452562785576,-2.2737367544323206e-13,8,False,,1093
cand_793d605154ad4369719e,mcv,PRESENT,0.009664650703598454,1122,75.12205947625388,36,36,0,0,1.0,0.020285566437451052,0.020285566437451052,0.020285566437451052,0.020285566437451052,0.010620915733852598,5,False,,1094
cand_c84619f187cd6432ec1f,mcv,PRESENT,0.00960598218262021,1123,75.09986684420772,28,12,0,16,0.42857142857142855,0.009717390382320445,-1.1587739040812721,0.009717390382161285,0.009717390382320445,0.00011140819970023585,10,False,,1095
cand_80d7afcd990d885f0b99,fd,PRESENT,0.009559209726830886,1125,75.0554815801154,15,15,0,0,1.0,0.00955920972705826,0.00955920972705826,0.00955920972705826,0.00955920972705826,2.2737367544323206e-13,19,False,,1176
cand_3d74e10e4855797798c7,mcv,PRESENT,0.00941350866742141,1128,74.98890368397691,33,4,0,29,0.12121212121212122,0.009413508667194037,-0.009217710444090699,0.005149505158124169,0.008398261370302862,-2.2737367544323206e-13,4,False,,1098
cand_f2e5fba8e6b729aa5619,fd,PRESENT,0.009384501606291451,1130,74.9445184198846,23,23,0,0,1.0,0.009384501605836704,0.00938450160560933,0.009384501605836704,0.009384501605836704,-4.547473508864641e-13,19,False,,1181
cand_e1fbd45e089e7346e4d1,fd,PRESENT,0.009362172456349072,1131,74.92232578783843,10,10,0,0,1.0,0.009362172456121698,0.009362172456121698,0.009362172456121698,0.009362172456121698,-2.2737367544323206e-13,27,False,,1182
cand_806322795f4f55158d2f,mcv,PRESENT,0.009009873294417048,1132,74.90013315579228,19,19,0,0,1.0,0.009009873294417048,0.009009873294417048,0.009009873294417048,0.009009873294417048,0.0,18,False,,1103
cand_566f6fa94a9d16d025dc,fd,PRESENT,0.008918521628402232,1133,74.87794052374612,28,28,0,0,1.0,0.008918521627947484,0.008918521627947484,0.008918521627947484,0.008918521627947484,-4.547473508864641e-13,9,False,,1185
cand_31df99785703134c78d0,fd,PRESENT,0.0089101133225995,1134,74.85574789169995,29,29,0,0,1.0,0.009241408563866571,0.007048426107530759,0.008910113322372126,0.008910113322372126,0.0003312952412670711,20,False,,1186
cand_9cb777f08b4909b091bc,mcv,PRESENT,0.008905817573577224,1135,74.83355525965379,27,27,0,0,1.0,0.008905817573804597,0.008905817573577224,0.008905817573804597,0.008905817573804597,2.2737367544323206e-13,10,False,,1105
cand_857122ecbd4bde441bb7,mcv,PRESENT,0.008876835358933022,1137,74.78916999556148,17,17,0,0,1.0,0.008876835359160395,0.008876835358933022,0.008876835359160395,0.008876835359160395,2.2737367544323206e-13,20,False,,1107
cand_9956044eec5df1b05db0,mcv,PRESENT,0.008764031750615686,1138,74.76697736351531,29,1,0,28,0.034482758620689655,0.008764031750388313,-0.008922915935954734,-0.008922915935954734,-0.008922915935954734,-2.2737367544323206e-13,8,False,,1108
cand_966abacdfe8669ae6bc0,mcv,PRESENT,0.008761879352277901,1139,74.74478473146915,28,28,0,0,1.0,0.008689004808047684,0.008689004808047684,0.008689004808047684,0.008689004808047684,-7.2874544230217e-05,9,False,,1109
cand_91da97bcd997d7094ec2,mcv,PRESENT,0.008656948400130204,1140,74.722592099423,12,12,0,0,1.0,0.008706835860493811,0.008706835860493811,0.008706835860493811,0.008706835860493811,4.9887460363606806e-05,26,False,,1110
cand_8c657290916bec2ab06c,mcv,PRESENT,0.008543403730072896,1141,74.70039946737683,29,9,0,20,0.3103448275862069,0.008543403730072896,-0.04797214821132911,0.008543403730072896,0.008543403730072896,0.0,8,False,,1111
cand_687b7861c77703b98ef2,fd,PRESENT,0.008503564235070371,1142,74.67820683533067,26,26,0,0,1.0,0.008503564235297745,0.008503564235070371,0.008503564235297745,0.008503564235297745,2.2737367544323206e-13,13,False,,1188
cand_431ccc40f62d4c62a1f0,mcv,PRESENT,0.008409403048062813,1143,74.65601420328451,29,29,0,0,1.0,1.9002612017291085,0.8191208508519594,1.9002612017291085,1.9002612017291085,1.8918517986810457,12,False,,1113
cand_a34f6d810e21793bcd77,fd,PRESENT,0.008367211772565497,1144,74.63382157123834,6,6,0,0,1.0,0.00836721177211075,0.008367211771883376,0.00836721177211075,0.00836721177211075,-4.547473508864641e-13,19,False,,1189
cand_a49d459a4ea2287538da,fd,PRESENT,0.008322838745698391,1145,74.61162893919219,21,21,0,0,1.0,0.008322838745698391,0.008322838745471017,0.008322838745698391,0.008322838745698391,0.0,19,False,,1190
cand_3a3c660b90a1591ca7ae,fd,PRESENT,0.008321664075992885,1146,74.58943630714603,29,29,0,0,1.0,0.017908407873846954,0.008321664075765511,0.01790840787361958,0.01790840787361958,0.00958674379785407,35,False,,1191
cand_b8cd173444ed43e2dd56,fd,PRESENT,0.008217642551244353,1147,74.56724367509986,16,16,0,0,1.0,0.008217642550562232,0.008217642550562232,0.008217642550562232,0.008217642550562232,-6.821210263296962e-13,21,False,,1192
cand_23df1061a4aa558e4f2e,fd,PRESENT,0.00812614761889563,1148,74.5450510430537,26,26,0,0,1.0,0.008126147618668256,0.008126147618440882,0.008126147618440882,0.008126147618611412,-2.2737367544323206e-13,19,False,,1193
cand_c6d7a7ffd5d71c866482,mcv,PRESENT,0.008048373544625065,1149,74.52285841100755,36,36,0,0,1.0,0.008048373544625065,0.0017698347312489204,0.00804837354405663,0.008048373544170317,0.0,1,False,,1115
cand_1feb6d1e1ad147fbbaaf,mcv,PRESENT,0.008022082432944444,1150,74.50066577896139,6,6,0,0,1.0,0.008022082432944444,0.008022082432944444,0.008022082432944444,0.008022082432944444,0.0,31,False,,1116
cand_45d2394491d89eef8558,mcv,PRESENT,0.007977924748047371,1151,74.47847314691522,23,23,0,0,1.0,0.007977924747819998,0.007977924747819998,0.007977924747819998,0.007977924747819998,-2.2737367544323206e-13,14,False,,1117
cand_22551502066435a6d6ba,mcv,PRESENT,0.007935177918625413,1152,74.45628051486906,36,36,0,0,1.0,0.00910945917985373,0.007935177918170666,0.009109459179626356,0.009109459179626356,0.001174281261228316,26,False,,1118
cand_a536a2875c3f2fde9f92,fd,PRESENT,0.007643529357665102,1155,74.38970261873058,24,24,0,0,1.0,0.007643529357437728,0.007643529357210355,0.007643529357369516,0.007643529357437728,-2.2737367544323206e-13,13,False,,1197
cand_7dd47ee096a67b4918b8,mcv,PRESENT,0.00741716532047576,1157,74.34531735463825,4,4,0,0,1.0,0.007417165320248387,0.007417165320248387,0.007417165320248387,0.007417165320248387,-2.2737367544323206e-13,27,False,,1124
cand_2917e80dc64a65e62e62,mcv,PRESENT,0.007329453921556706,1159,74.30093209054594,29,13,0,16,0.4482758620689655,0.007329453921784079,-1.1611618405415811,0.007329453921784079,0.007329453921784079,2.2737367544323206e-13,8,False,,1126
cand_e8b7a779794b5b017435,fd,PRESENT,0.007230895631437306,1160,74.27873945849977,23,23,0,0,1.0,0.007230895631437306,0.007230895631209933,0.007230895631437306,0.007230895631437306,0.0,19,False,,1205
cand_a2dafd3aea8a7a5318a7,fd,PRESENT,0.007222068885312183,1161,74.25654682645362,15,15,0,0,1.0,0.0072220688855395565,0.0072220688855395565,0.0072220688855395565,0.0072220688855395565,2.2737367544323206e-13,22,False,,1206
cand_d384e16f5aa410e5f691,mcv,PRESENT,0.0072062535537043,1162,74.23435419440746,24,24,0,0,1.0,0.006699168637624098,0.005241801096872223,0.005241801096872223,0.006480563506511314,-0.0005070849160802027,13,False,,1129
cand_278c55db4c1da53f79d7,fd,PRESENT,0.007144124759179249,1163,74.2121615623613,26,26,0,0,1.0,0.007144124759406623,0.007144124759179249,0.007144124759406623,0.007144124759406623,2.2737367544323206e-13,13,False,,1207
cand_fbd4c69c2fa2345681b8,mcv,PRESENT,0.0070449998129333835,1164,74.18996893031513,2,2,0,0,1.0,0.007044999813160757,0.00704499981304707,0.00704499981313802,0.007044999813149389,2.2737367544323206e-13,10,False,,1130
cand_baebd69336954f87c75d,mcv,PRESENT,0.007041105881398835,1165,74.16777629826898,24,24,0,0,1.0,0.007041105881398835,0.007041105881398835,0.007041105881398835,0.007041105881398835,0.0,13,False,,1131
cand_ffc67b22e95bdc617a89,mcv,PRESENT,0.007026260822385666,1166,74.14558366622282,29,29,0,0,1.0,0.007026260821930919,0.0033395667633158155,0.007026260821930919,0.007026260821930919,-4.547473508864641e-13,8,False,,1132
cand_40437596868938f3267d,mcv,PRESENT,0.00664480213981733,1170,74.05681313803817,2,2,0,0,1.0,0.0025765329341993493,0.0025765329341993493,0.0025765329341993493,0.0025765329341993493,-0.00406826920561798,35,False,,1136
cand_b3be2f8d22ba7788a78d,mcv,PRESENT,0.006599850827115006,1172,74.01242787394585,11,11,0,0,1.0,0.006599850826887632,0.006332899411972903,0.0065998508266602585,0.006599850826773945,-2.2737367544323206e-13,20,False,,1139
cand_20636b22ad1fcf740d6f,fd,PRESENT,0.0065354424177712644,1173,73.99023524189968,28,28,0,0,1.0,0.006535442417316517,0.006535442417316517,0.006535442417316517,0.006535442417316517,-4.547473508864641e-13,9,False,,1213
cand_56b31e52024140b2ba82,mcv,PRESENT,0.00647111198213679,1174,73.96804260985353,36,36,0,0,1.0,0.00647111198213679,0.006471111981682043,0.0064711119819094165,0.0064711119819094165,0.0,1,False,,1142
cand_ce0d1938a09a73be1f81,mcv,PRESENT,0.0064440257383466815,1176,73.92365734576121,11,11,0,0,1.0,0.006444025738574055,0.0064440257383466815,0.006444025738574055,0.006444025738574055,2.2737367544323206e-13,20,False,,1144
cand_ad47f7b379dc2b6299bb,mcv,PRESENT,0.0062786162698103,1178,73.87927208166889,36,36,0,0,1.0,0.006286638886876972,0.006286638886876972,0.006286638886876972,0.006286638886876972,8.022617066671955e-06,7,False,,1147
cand_05c936a1f5957e4bbbb6,mcv,PRESENT,0.0062736669369769515,1179,73.85707944962273,18,18,0,0,1.0,0.0062736669362948305,0.0062736669362948305,0.0062736669362948305,0.0062736669362948305,-6.821210263296962e-13,19,False,,1148
cand_14b8c3ca58299bff9ee9,fd,PRESENT,0.00626470207953389,1180,73.83488681757656,24,24,0,0,1.0,0.006264702079079143,0.006264702079079143,0.006264702079079143,0.006264702079079143,-4.547473508864641e-13,13,False,,1218
cand_614fc9ae1091e0001bd9,mcv,PRESENT,0.006246640827157535,1181,73.8126941855304,20,20,0,0,1.0,1.5803568912740502,1.5803568912740502,1.5803568912740502,1.5803568912740502,1.5741102504468927,17,False,,1150
cand_a848445ecf583bebf8da,fd,PRESENT,0.006216116506038816,1182,73.79050155348425,14,14,0,0,1.0,0.006216116506038816,0.006216116505811442,0.006216116505811442,0.0062161165058910225,0.0,26,False,,1220
cand_3018b78e9977bf1b6900,fd,PRESENT,0.006204699046065798,1183,73.76830892143808,22,22,0,0,1.0,0.06420138279622734,0.0279864295250718,0.06420138279622734,0.06420138279622734,0.05799668375016154,25,False,,1221
cand_5e6c51f5d74a8d0635cf,fd,PRESENT,0.006167440084027476,1185,73.72392365734576,28,28,0,0,1.0,0.006216080636022525,0.006167440083800102,0.006216080636022525,0.006216080636022525,4.8640551995049464e-05,20,False,,1222
cand_c92012ebc1c48e8d2683,fd,PRESENT,0.006113350933446782,1186,73.7017310252996,16,16,0,0,1.0,0.006113350933446782,0.006113350933446782,0.006113350933446782,0.006113350933446782,0.0,21,False,,1224
cand_04f715743069a5a7f3b2,fd,PRESENT,0.006093791942475946,1187,73.67953839325344,29,29,0,0,1.0,0.006093791942703319,0.006093791942475946,0.006093791942475946,0.0060937919426123695,2.2737367544323206e-13,19,False,,1225
cand_9a96c1f3fd2939ed5277,fd,PRESENT,0.0059143875714653404,1189,73.63515312916113,8,8,0,0,1.0,0.0059143875714653404,0.005914387571237967,0.005914387571306179,0.00591438757138576,0.0,35,False,,1231
cand_55af0ed3555ba9152067,mcv,PRESENT,0.005822582716973557,1190,73.61296049711495,8,8,0,0,1.0,0.0054044511086885905,0.0054044511086885905,0.0054044511086885905,0.0054044511086885905,-0.0004181316082849662,30,False,,1156
cand_3f97236671c627500605,fd,PRESENT,0.00579148405995511,1191,73.5907678650688,30,30,0,0,1.0,0.005791484059272989,0.005791484059272989,0.005791484059272989,0.005791484059272989,-6.821210263296962e-13,7,False,,1233
cand_4b45f6a8a67a91e76b29,mcv,PRESENT,0.005693179590707587,1192,73.56857523302264,7,7,0,0,1.0,0.005693179590480213,0.005693179590480213,0.005693179590480213,0.005693179590480213,-2.2737367544323206e-13,32,False,,1158
cand_8debb678db7a3a111783,mcv,PRESENT,0.005673145744367503,1193,73.54638260097647,10,10,0,0,1.0,0.005673145744367503,0.005673145744140129,0.005673145744367503,0.005673145744367503,0.0,28,False,,1159
cand_1df9accc3403f57b65aa,mcv,PRESENT,0.005658240111188206,1194,73.52418996893032,11,11,0,0,1.0,0.006586161627637921,0.0041123187106677506,0.0041123187106677506,0.005349240169152836,0.0009279215164497145,17,False,,1160
cand_6046ce8fe6ea47efbedb,fd,PRESENT,0.0055230793532246025,1195,73.50199733688416,29,29,0,0,1.0,0.0055230793532246025,0.0055230793532246025,0.0055230793532246025,0.0055230793532246025,0.0,8,False,,1234
cand_366d3ce4af601a0b41c5,mcv,PRESENT,0.005470704652907443,1198,73.43541944074568,2,2,0,0,1.0,0.005470704653134817,0.005470704653134817,0.005470704653134817,0.005470704653134817,2.2737367544323206e-13,33,False,,1164
cand_fae0c80d957341fe034b,mcv,PRESENT,0.005378687377742608,1200,73.39103417665335,5,1,0,4,0.2,0.005378687377742608,-0.001080502287550189,0.00279501151162549,0.0040868494446840474,0.0,7,False,,1165
cand_043b5a63082e74694689,mcv,PRESENT,0.005377913498705311,1201,73.36884154460719,23,23,0,0,1.0,0.005377913498250564,0.004869661980137607,0.005377913498250564,0.005377913498250564,-4.547473508864641e-13,14,False,,1166
cand_4768004e6d6284cc32ec,mcv,PRESENT,0.005360475472116377,1202,73.34664891256104,29,29,0,0,1.0,0.005437617222924018,0.003330955441469996,0.003330955441469996,0.004594952510342405,7.714175080764107e-05,8,False,,1167
cand_84c7c4288604b8e3e26f,mcv,PRESENT,0.005273752821267408,1204,73.30226364846871,17,17,0,0,1.0,0.0052737528208126605,0.0052737528208126605,0.0052737528208126605,0.0052737528208126605,-4.547473508864641e-13,20,False,,1169
cand_58cef92a7274f3076981,fd,PRESENT,0.005150029554897628,1208,73.21349312028407,28,28,0,0,1.0,0.005150029554442881,0.005150029554442881,0.005150029554442881,0.005150029554442881,-4.547473508864641e-13,9,False,,1243
cand_1bf4c6673e00135ed3a2,mcv,PRESENT,0.005054990208009258,1209,73.1913004882379,29,29,0,0,1.0,0.005054990208009258,0.005054990207781884,0.005054990208009258,0.005054990208009258,0.0,10,False,,1175
cand_2423d14c604427323b8f,fd,PRESENT,0.005033165720305988,1210,73.16910785619174,28,28,0,0,1.0,0.00503316571985124,0.005033165719623867,0.00503316571985124,0.00503316571985124,-4.547473508864641e-13,9,False,,1245
cand_4ef9e4c9338f8bc6b92d,mcv,PRESENT,0.004874580528849037,1214,73.0803373280071,23,22,0,1,0.9565217391304348,0.004874580528621664,0.004874580528621664,0.004874580528621664,0.004874580528621664,-2.2737367544323206e-13,14,False,,1184
cand_e36e78acd4a89330166a,mcv,PRESENT,0.00445949552795355,1215,73.05814469596095,23,23,0,0,1.0,0.005222858790830287,0.004403337205758362,0.005222858790830287,0.005222858790830287,0.0007633632628767373,28,False,,1187
cand_3272eb0548df86042403,fd,PRESENT,0.004334225587626861,1216,73.03595206391478,29,13,0,16,0.4482758620689655,0.004334225587626861,-0.012940552046075027,0.004334225587626861,0.004334225587626861,0.0,8,False,,1255
cand_10e36e8cfe3c929122c8,fd,PRESENT,0.004226133094562101,1217,73.01375943186862,29,29,0,0,1.0,0.005349307935603065,0.004226133094562101,0.005349307935603065,0.005349307935603065,0.0011231748410409637,19,False,,1257
cand_3d51aad6cf8423442f4b,fd,PRESENT,0.004131533122745168,1218,72.99156679982246,29,29,0,0,1.0,0.004131533122745168,0.004125381018184271,0.004125381018184271,0.004129072280920809,0.0,8,False,,1259
cand_86abef5556cf199b5c7f,mcv,PRESENT,0.003997350057034055,1222,72.90279627163781,24,24,0,0,1.0,0.00485537851659501,0.003997350057034055,0.0039973500572614284,0.004726674247501703,0.0008580284595609555,35,False,,1198
cand_5f50e7a30a37cd01b8d4,mcv,PRESENT,0.003975703964897548,1223,72.88060363959165,23,23,0,0,1.0,0.004211103517036463,0.004211103516809089,0.004211103517036463,0.004211103517036463,0.00023539955213891517,19,False,,1199
cand_d35fe0b9d4b3957ad773,mcv,PRESENT,0.00393809061824868,1225,72.83621837549933,36,36,0,0,1.0,0.004012139902897616,0.003938090618476053,0.004012139902670242,0.004012139902727085,7.404928464893601e-05,26,False,,1201
cand_c6e0d648bad8d8634cf8,fd,PRESENT,0.003932797975721769,1226,72.81402574345317,28,28,0,0,1.0,0.0039299612769809755,0.0039299612769809755,0.0039299612769809755,0.0039299612769809755,-2.8366987407935085e-06,9,False,,1263
cand_df6812af824f3c2066a7,fd,PRESENT,0.0038999658445391105,1227,72.79183311140702,28,28,0,0,1.0,0.003899965844084363,0.0013224547599293146,0.003899965844084363,0.003899965844084363,-4.547473508864641e-13,10,False,,1264
cand_5344bfc0e2cb3552e1b2,mcv,PRESENT,0.0038990862731225207,1228,72.76964047936085,27,27,0,0,1.0,0.0038990862724403996,0.00387985773568289,0.0038990862724403996,0.0038990862724403996,-6.821210263296962e-13,28,False,,1202
cand_c4e9536aa19800221293,mcv,PRESENT,0.0038973110476945294,1229,72.74744784731469,24,24,0,0,1.0,0.0038880828906258103,0.0038880828903984366,0.0038880828906258103,0.0038880828906258103,-9.228157068719156e-06,13,False,,1203
cand_2ab5d04865ec521548a3,mcv,PRESENT,0.003871867115776695,1230,72.72525521526853,3,3,0,0,1.0,0.003871867115094574,0.003686630475385755,0.00383481978715281,0.0038533434511236917,-6.821210263296962e-13,34,False,,1204
cand_363338e5788efc2e45d1,fd,PRESENT,0.003767847389099188,1231,72.70306258322238,28,28,0,0,1.0,0.0037678473888718145,0.003390387146964713,0.003767847388644441,0.0037678473887922336,-2.2737367544323206e-13,10,False,,1267
cand_152edc917c4c4bc9a205,fd,PRESENT,0.0036367175252962625,1234,72.6364846870839,18,18,0,0,1.0,0.003636717524841515,0.003636717524841515,0.003636717524841515,0.003636717524841515,-4.547473508864641e-13,19,False,,1269
cand_7d56095bdd7c3ca9523d,fd,PRESENT,0.00363223143540381,1235,72.61429205503772,29,29,0,0,1.0,0.014197908203641418,0.003632231435176436,0.014197908203641418,0.014197908203641418,0.010565676768237608,30,False,,1270
cand_55d071579aa406a263be,mcv,PRESENT,0.0035789882131211925,1237,72.56990679094541,9,0,0,9,0.0,-0.37335545926407576,-0.37335545926430314,-0.37335545926407576,-0.37335545926407576,-0.37693444747719695,28,False,,1211
cand_c50d82f6018224a1c7fb,fd,PRESENT,0.0034790396284734015,1238,72.54771415889924,29,29,0,0,1.0,0.003479039628018654,0.00016897315640562738,0.003479039628018654,0.003479039628018654,-4.547473508864641e-13,8,False,,1273
cand_895a115e72d6e9ae5f65,mcv,PRESENT,0.003393158440303523,1240,72.50332889480693,23,23,0,0,1.0,0.0035342051276074926,0.003393158439621402,0.0035342051276074926,0.0035342051276074926,0.00014104668730396952,25,False,,1215
cand_ecc6ae63bc514e8ab414,fd,PRESENT,0.0032698005406928132,1243,72.43675099866844,26,26,0,0,1.0,0.0032698005404654396,0.0032698005404654396,0.0032698005404654396,0.0032698005404654396,-2.2737367544323206e-13,8,False,,1278
cand_4a832db275f54dc57c4d,mcv,PRESENT,0.0032563373433731613,1244,72.41455836662229,26,26,0,0,1.0,0.0036174785495859396,0.0036174785495859396,0.0036174785495859396,0.0036174785495859396,0.00036114120621277834,14,False,,1219
cand_f254991f47e74ff4ad2e,mcv,PRESENT,0.0032191220661843545,1245,72.39236573457612,10,10,0,0,1.0,0.003219429876480717,0.003219429876480717,0.003219429876480717,0.003219429876480717,3.078102963627316e-07,27,False,,1223
cand_65799baec787c6139890,mcv,PRESENT,0.0031848809367147624,1246,72.37017310252996,24,24,0,0,1.0,0.0031848809364873887,0.0031848809364873887,0.0031848809364873887,0.0031848809364873887,-2.2737367544323206e-13,13,False,,1226
cand_de201d4229e5d0445f0f,fd,PRESENT,0.0031640107135899598,1247,72.3479804704838,28,28,0,0,1.0,0.0031640107135899598,0.0031640107135899598,0.0031640107135899598,0.0031640107135899598,0.0,9,False,,1280
cand_c129e4cfcb840f3d276d,mcv,PRESENT,0.0031432417972609983,1248,72.32578783843763,36,36,0,0,1.0,0.003345646473007946,0.0031432417965788773,0.003345646473007946,0.003345646473007946,0.00020240467574694776,22,False,,1227
cand_ede70f3061176d0793c8,mcv,PRESENT,0.0031242978357113316,1251,72.25920994229915,23,3,0,20,0.13043478260869565,0.003124297835483958,-0.05339125410591805,-0.008178812552796406,0.003124297835483958,-2.2737367544323206e-13,14,False,,1230
cand_d104cbf07802cc1ff3fa,fd,PRESENT,0.0031199240156638552,1252,72.237017310253,28,19,9,0,0.6785714285714286,0.002946520984551171,0.002946520984323797,0.002946520984551171,0.002946520984551171,-0.0001734030311126844,10,False,,1281
cand_5c97ae1a49db3f58e50c,mcv,PRESENT,0.0030633070409749052,1253,72.21482467820684,36,36,0,0,1.0,0.004335595625661881,0.0030446743819538824,0.004335595625661881,0.004335595625661881,0.0012722885846869758,30,False,,1232
cand_87b6daf84d1ccbe14f54,mcv,PRESENT,0.002882296416828467,1255,72.17043941411451,36,36,0,0,1.0,0.0029072192050989543,0.002882296416146346,0.0029072192050989543,0.0029072192050989543,2.4922788270487217e-05,22,False,,1235
cand_c7c2ae38ff9d566a3b66,mcv,PRESENT,0.0028071468741472927,1256,72.14824678206836,29,29,0,0,1.0,1.2017296109527251,1.1999791784105582,1.2017296109527251,1.2017296109527251,1.1989224640785778,23,False,,1238
cand_9aaf52a94e4206871acd,fd,PRESENT,0.00274980573249195,1257,72.1260541500222,14,14,0,0,1.0,0.002749805731809829,0.002749805731809829,0.002749805731809829,0.002749805731809829,-6.821210263296962e-13,9,False,,1290
cand_96ac9ae87e657cbff8a2,mcv,PRESENT,0.00274809297570755,1258,72.10386151797603,8,8,0,0,1.0,0.0021788339477097907,0.0021788339477097907,0.0021788339477097907,0.0021788339477097907,-0.0005692590279977594,29,False,,1241
cand_b29b0b982d432e5852b3,mcv,PRESENT,0.0027326738236297388,1259,72.08166888592987,28,28,0,0,1.0,0.022963497634236774,0.022963497634236774,0.022963497634236774,0.022963497634236774,0.020230823810607035,13,False,,1242
cand_e9aaf5ba404d2259ca8d,fd,PRESENT,0.0027266040769973188,1260,72.05947625388372,22,22,0,0,1.0,0.0027266040769973188,0.002726604076769945,0.0027266040769973188,0.0027266040769973188,0.0,13,False,,1291
cand_a72db0ba1bfea319e5cd,mcv,PRESENT,0.002633471804074361,1261,72.03728362183755,28,16,0,12,0.5714285714285714,0.0025857299917788623,0.0025857299915514886,0.0025857299917788623,0.0025857299917788623,-4.7741812295498676e-05,10,False,,1244
cand_bd00cddc0d2e260e401e,fd,PRESENT,0.0026130983269467833,1262,72.01509098979139,29,29,0,0,1.0,0.0026130983267194097,0.0026130983267194097,0.0026130983267194097,0.0026130983267194097,-2.2737367544323206e-13,8,False,,1295
cand_c3c0f4722a6dab100725,fd,PRESENT,0.002612111335110967,1263,71.99289835774523,28,28,0,0,1.0,0.0026121113346562197,0.0026121113346562197,0.0026121113346562197,0.0026121113346562197,-4.547473508864641e-13,9,False,,1296
cand_949e03b79eb3469a5b73,mcv,PRESENT,0.0026026001669379184,1264,71.97070572569906,33,33,0,0,1.0,0.0026215965494884585,0.0023546451348011033,0.0026215965494884585,0.0026215965494884585,1.8996382550540147e-05,16,False,,1246
cand_0aece1cf5794ff4eb98c,fd,PRESENT,0.0025737035048223333,1265,71.9485130936529,28,28,0,0,1.0,0.002573703505049707,0.0025737035048223333,0.002573703505049707,0.002573703505049707,2.2737367544323206e-13,10,False,,1297
cand_2d5dfd28be766d28fa66,fd,PRESENT,0.0025458362188146566,1266,71.92632046160675,17,17,0,0,1.0,0.0025458362188146566,0.0025458362188146566,0.0025458362188146566,0.0025458362188146566,0.0,19,False,,1299
cand_af6706983a487b736e1d,fd,PRESENT,0.002538596918384428,1267,71.90412782956058,28,19,9,0,0.6785714285714286,0.002526075008972839,0.0025260750087454653,0.002526075008972839,0.002526075008972839,-1.252190941158915e-05,10,False,,1300
cand_96edf72a6e2bf8e722e8,mcv,PRESENT,0.002537975965424266,1268,71.88193519751442,10,10,0,0,1.0,0.003138624777420773,0.003138624777420773,0.003138624777420773,0.003138624777420773,0.000600648811996507,25,False,,1247
cand_8cf21df56e6d88340a2c,mcv,PRESENT,0.0024974994275908102,1269,71.85974256546827,28,28,0,0,1.0,0.0024974994273634366,0.002497499427136063,0.0024974994273634366,0.0024974994273634366,-2.2737367544323206e-13,10,False,,1248
cand_de4141315bbdb45e51f2,fd,PRESENT,0.0024925105817601434,1270,71.83754993342211,24,24,0,0,1.0,0.0018132538220925198,0.0018132538218651462,0.0018132538220925198,0.0018132538220925198,-0.0006792567596676236,19,False,,1301
cand_d45a6c65e9571602542f,fd,PRESENT,0.0024445502276648767,1271,71.81535730137594,29,29,0,0,1.0,0.0024445502276648767,0.0024445502276648767,0.0024445502276648767,0.0024445502276648767,0.0,8,False,,1304
cand_6a7748ed1e1db065a8ac,mcv,PRESENT,0.0024056843867583666,1272,71.79316466932978,34,24,0,10,0.7058823529411765,0.01230198137818661,0.011668428413031506,0.01230198137818661,0.01230198137818661,0.009896296991428244,19,False,,1249
cand_62b571198c05fac34f88,mcv,PRESENT,0.0024049937683230382,1273,71.77097203728363,23,23,0,0,1.0,0.002404993767868291,0.0022501119319713325,0.002404993767822816,0.002404993767868291,-4.547473508864641e-13,19,False,,1250
cand_66138776f4d12a2477c0,fd,PRESENT,0.0023807954448784585,1274,71.74877940523746,22,22,0,0,1.0,0.002380795444651085,0.002380795444423711,0.002380795444651085,0.002380795444651085,-2.2737367544323206e-13,19,False,,1305
cand_9347ac11a430aa779b08,fd,PRESENT,0.0023738901463730144,1275,71.7265867731913,30,30,0,0,1.0,0.028966079585416082,0.023095722118796402,0.028966079585211447,0.028966079585416082,0.026592189439043068,10,False,,1306
cand_6458cf5cf3c435cd7833,fd,PRESENT,0.002363112646889931,1277,71.68220150909897,29,29,0,0,1.0,0.002452575515917488,0.002452575515690114,0.002452575515690114,0.0024525755158265384,8.946286902755674e-05,26,False,,1308
cand_ffb57b75a2a2fe4a7170,mcv,PRESENT,0.0023294917327802978,1278,71.66000887705282,8,8,0,0,1.0,0.0018169984812175244,0.0018169984809901507,0.0018169984812175244,0.0018169984812175244,-0.0005124932515627734,32,False,,1252
cand_bed45d55b64f1edf7da8,fd,PRESENT,0.002318913761882868,1279,71.63781624500666,29,29,0,0,1.0,0.0023189137616554945,0.0023189137616554945,0.0023189137616554945,0.0023189137616554945,-2.2737367544323206e-13,8,False,,1311
cand_30acf5da65a9d68275ea,mcv,PRESENT,0.002311101454324671,1280,71.61562361296049,20,20,0,0,1.0,0.0023582929632084415,0.0023582929632084415,0.0023582929632084415,0.0023582929632084415,4.719150888377044e-05,20,False,,1253
cand_17de07c0905db6b0662c,mcv,PRESENT,0.0022840031051600818,1281,71.59343098091433,30,4,0,26,0.13333333333333333,0.0022840031051600818,-7.908911429164618,0.002284003104932708,0.002284003104932708,0.0,10,False,,1254
cand_a97f3beb513155ac4699,mcv,PRESENT,0.0022015321410435718,1283,71.54904571682202,19,19,0,0,1.0,0.0022461511393885303,5.3168683052717824e-05,0.0022015321405888244,0.0022059940404687947,4.461899834495853e-05,20,False,,1258
cand_e44b986eb07f334568a7,fd,PRESENT,0.0021510924852918833,1284,71.52685308477585,29,29,0,0,1.0,0.0037736322437922354,0.0037736322435648617,0.0037736322436103366,0.0037736322437922354,0.001622539758500352,13,False,,1313
cand_485fdb20d5587f3d3cd2,mcv,PRESENT,0.0021153994057385717,1285,71.5046604527297,23,23,0,0,1.0,0.0021153994050564506,0.0021153994050564506,0.0021153994050564506,0.0021153994050564506,-6.821210263296962e-13,14,False,,1261
cand_60e675a7177027afb3a7,fd,PRESENT,0.002106612373609096,1286,71.48246782068354,28,28,0,0,1.0,0.0027182434935184574,0.0025581257673366053,0.0027182434935184574,0.0027182434935184574,0.0006116311199093616,9,False,,1314
cand_29c001c804cff5eeb231,mcv,PRESENT,0.0020979941582481842,1287,71.46027518863737,27,27,0,0,1.0,0.002568836291857224,0.002097994158475558,0.00256883629162985,0.002568836291789012,0.0004708421336090396,26,False,,1262
cand_b39b29abed136485331b,mcv,PRESENT,0.0020387210834087455,1288,71.43808255659121,27,27,0,0,1.0,0.0020387210834087455,0.0015318787113756116,0.002038721083181372,0.0020387210833405335,0.0,10,False,,1265
cand_d2d5fc2d82f10f2112d1,fd,PRESENT,0.002038476836787595,1289,71.41588992454506,29,29,0,0,1.0,0.0020087011639589036,0.0020071631377049926,0.0020071631379323662,0.0020080859535482887,-2.9775672828691313e-05,8,False,,1315
cand_621877502f4fde3d84f6,mcv,PRESENT,0.0020281979432184016,1290,71.39369729249889,29,28,0,1,0.9655172413793104,0.0020281979425362806,0.0020281979425362806,0.0020281979425362806,0.0020281979425362806,-6.821210263296962e-13,8,False,,1266
cand_88d6c5060c2d191acd7f,fd,PRESENT,0.0019631462773759267,1291,71.37150466045273,14,14,0,0,1.0,0.001963146277148553,0.001963146277148553,0.001963146277148553,0.001963146277148553,-2.2737367544323206e-13,23,False,,1316
cand_b2047d0322e07b9563ab,mcv,PRESENT,0.0019360182022865047,1292,71.34931202840657,28,28,0,0,1.0,0.0019360182022865047,0.0010320820317701873,0.001936018202059131,0.0019360182022069238,0.0,10,False,,1268
cand_d797991f2456ea59801a,mcv,PRESENT,0.001899073811728158,1294,71.30492676431425,36,26,0,10,0.7222222222222222,0.001899073811728158,0.001899073811728158,0.001899073811728158,0.001899073811728158,0.0,1,False,,1271
cand_40fe804c3d94eab7bd41,fd,PRESENT,0.0018712555338424863,1295,71.28273413226809,29,29,0,0,1.0,0.002939061193501402,0.0029390611932740285,0.0029390611932740285,0.0029390611934104528,0.0010678056596589158,19,False,,1320
cand_11f717f6694a5549fc07,mcv,PRESENT,0.0017894183392854757,1298,71.2161562361296,24,24,0,0,1.0,0.0068519292790369946,0.0068519292790369946,0.0068519292790369946,0.0068519292790369946,0.005062510939751519,19,False,,1275
cand_5a09ff97644449480b79,fd,PRESENT,0.0017497757980891038,1300,71.17177097203728,23,23,0,0,1.0,0.0023592933305280894,0.0016785712250566576,0.0020453996021387866,0.0020453996021387866,0.0006095175324389857,14,False,,1321
cand_d818ae3a4f9552529fa1,mcv,PRESENT,0.0017303931972492137,1301,71.14957833999112,28,28,0,0,1.0,0.003586823293744601,0.0035868232935172273,0.0035868232935172273,0.00358682329366502,0.0018564300964953873,19,False,,1277
cand_eba4280cf1df79238bc2,mcv,PRESENT,0.0016794229168226593,1302,71.12738570794497,27,27,0,0,1.0,0.001679422916367912,0.00038498082926707866,0.001679422916367912,0.001679422916367912,-4.547473508864641e-13,8,False,,1279
cand_5777f7420aa93ffe2069,fd,PRESENT,0.0016249049922407721,1303,71.1051930758988,28,12,16,0,0.42857142857142855,0.0016249049922407721,0.0,0.0016249049922407721,0.0016249049922407721,0.0,9,False,,1325
cand_52abf615b91b9342d6e6,fd,PRESENT,0.0016240557133642142,1304,71.08300044385264,18,18,0,0,1.0,0.0016240557126820931,0.0016177947582036722,0.0016240557126820931,0.0016240557126820931,-6.821210263296962e-13,28,False,,1326
cand_67ef4427e68bcc91ea94,mcv,PRESENT,0.0016185479407795356,1305,71.06080781180648,27,19,0,8,0.7037037037037037,0.0016185479407795356,0.0016185479407795356,0.0016185479407795356,0.0016185479407795356,0.0,10,False,,1282
cand_1b85f6811ab297df579b,fd,PRESENT,0.001565050516546762,1306,71.03861517976031,29,29,0,0,1.0,0.0015650505160920147,0.0015244453809373226,0.001565050515864641,0.0015650505160010653,-4.547473508864641e-13,10,False,,1329
cand_d47359eec7ab79cde1f7,fd,PRESENT,0.001529562799987616,1307,71.01642254771416,28,28,0,0,1.0,0.0015295627997602423,0.0015295627995328687,0.0015295627995328687,0.0015295627995328687,-2.2737367544323206e-13,26,False,,1331
cand_8595235f17f69063a89a,mcv,PRESENT,0.0015272633272616076,1308,70.994229915668,29,29,0,0,1.0,0.0016968410784556909,0.001527263327034234,0.0016968410784556909,0.0016968410784556909,0.00016957775119408325,28,False,,1284
cand_f94e40576f688c036066,mcv,PRESENT,0.001516637284112221,1311,70.92765201952952,4,4,0,0,1.0,0.0007817553973836766,0.0007817553973836766,0.0007817553973836766,0.0007817553973836766,-0.0007348818867285445,27,False,,1286
cand_f4e5ed944acbfdc2d029,fd,PRESENT,0.0015147322374104988,1312,70.90545938748336,22,22,0,0,1.0,0.0015147322367283778,0.0015147322367283778,0.0015147322367283778,0.0015147322367283778,-6.821210263296962e-13,15,False,,1334
cand_a676e70184d698207569,mcv,PRESENT,0.0015095201142685255,1313,70.88326675543719,16,10,0,6,0.625,0.22074592914077584,0.001510194658067121,0.22074592914077584,0.22074592914077584,0.21923640902650732,30,False,,1287
cand_ea6c14ca61460ff1204e,fd,PRESENT,0.0015091422601472004,1314,70.86107412339103,24,24,0,0,1.0,0.0015091422601472004,0.0012249288708972017,0.0015091422601472004,0.0015091422601472004,0.0,13,False,,1335
cand_ca2a41a5d7b81ffcbe51,mcv,PRESENT,0.0015071700727276038,1315,70.83888149134488,10,10,0,0,1.0,0.0015071700722728565,0.0015071700722728565,0.0015071700722728565,0.0015071700722728565,-4.547473508864641e-13,27,False,,1288
cand_7f6d93084ebb28445c15,mcv,PRESENT,0.0014258798510127235,1317,70.79449622725255,20,20,0,0,1.0,0.0017923853865795536,0.0017832103153523349,0.00179238538635218,0.0017923853863635486,0.0003665055355668301,19,False,,1292
cand_5c663a03359ce0d4c73e,mcv,PRESENT,0.0013828220253344625,1319,70.75011096316022,24,24,0,0,1.0,0.0007436646599217056,0.0007436646599217056,0.0007436646599217056,0.0007436646599217056,-0.0006391573654127569,13,False,,1294
cand_05e81013805ab5d80fb4,fd,PRESENT,0.0013496674755515414,1320,70.72791833111407,26,26,0,0,1.0,0.001349667475096794,0.0013361229275687947,0.001349667475096794,0.001349667475096794,-4.547473508864641e-13,11,False,,1338
cand_44b7dec48283f52c0edb,mcv,PRESENT,0.0013436246963465237,1321,70.70572569906791,12,12,0,0,1.0,0.00027957235192843655,0.00027957235192843655,0.00027957235192843655,0.00027957235192843655,-0.0010640523444180872,26,False,,1298
cand_a6c2de27d93c409c066a,fd,PRESENT,0.0013237443608886679,1322,70.68353306702176,14,5,0,9,0.35714285714285715,0.00130969745555376,-0.0015241579027360785,0.0013096974553263863,0.0013096974554059671,-1.4046905334907933e-05,26,False,,1340
cand_2623874631f0087e6e8d,fd,PRESENT,0.001320509375545953,1323,70.66134043497559,24,24,0,0,1.0,0.0013205093750912056,0.0013205093750912056,0.0013205093750912056,0.0013205093750912056,-4.547473508864641e-13,13,False,,1341
cand_6124908b612a4ef63060,mcv,PRESENT,0.0012401737994878204,1327,70.57256990679095,28,28,0,0,1.0,0.0012809181350803556,0.0012350551702411394,0.0012809181350803556,0.0012809181350803556,4.074433559253521e-05,31,False,,1307
cand_97d879394d92109f0769,mcv,PRESENT,0.001230673529789783,1328,70.55037727474479,24,11,13,0,0.4583333333333333,0.0012560004036004102,0.0,0.0012560004036004102,0.0012560004036004102,2.532687381062715e-05,19,False,,1309
cand_a64e8d59bbdeabf5f41b,mcv,PRESENT,0.0012258882497917512,1329,70.52818464269862,10,10,0,0,1.0,0.09874769014936646,0.09874769014936646,0.09874769014936646,0.09874769014936646,0.09752180189957471,27,False,,1310
cand_a4623867b1106e32cabc,fd,PRESENT,0.0011747734497475903,1332,70.46160674656014,16,16,0,0,1.0,0.001174773449292843,0.0011747734490654693,0.0011747734490654693,0.0011747734491223127,-4.547473508864641e-13,26,False,,1347
cand_99c305ef8e1214cd8389,fd,PRESENT,0.0011174549745192053,1333,70.43941411451398,29,29,0,0,1.0,0.001117454974746579,0.0002462255881710007,0.001117454974746579,0.001117454974746579,2.2737367544323206e-13,8,False,,1350
cand_7e4bdbd10e4a346986f5,fd,PRESENT,0.0011094781157225952,1334,70.41722148246782,28,28,0,0,1.0,0.001109478115267848,0.001109478115267848,0.001109478115267848,0.001109478115267848,-4.547473508864641e-13,9,False,,1351
cand_b76d6c7f6d6ad3b5e282,fd,PRESENT,0.0010826549405464903,1335,70.39502885042165,15,15,0,0,1.0,0.001082654940773864,0.001082654940773864,0.001082654940773864,0.001082654940773864,2.2737367544323206e-13,19,False,,1354
cand_8f905d98ab40ac5b7a63,fd,PRESENT,0.001077825834727264,1336,70.3728362183755,10,0,10,0,0.0,0.0,0.0,0.0,0.0,-0.001077825834727264,27,False,,1355
cand_2bac3ffc5af9fb97b4fd,fd,PRESENT,0.0010696301260395558,1338,70.32845095428318,12,12,0,0,1.0,0.0010696301262669294,0.0010696301260395558,0.0010696301262669294,0.0010696301262669294,2.2737367544323206e-13,19,False,,1357
cand_f095a49f30e6e26325ce,fd,PRESENT,0.001069401329914399,1339,70.30625832223701,29,29,0,0,1.0,0.001069401329232278,0.001069401329232278,0.001069401329232278,0.001069401329232278,-6.821210263296962e-13,8,False,,1358
cand_02d4058a50618f109377,fd,PRESENT,0.0010640523441907135,1340,70.28406569019086,29,7,22,0,0.2413793103448276,0.0010640523441907135,0.0,0.0010640523441907135,0.0010640523441907135,0.0,8,False,,1359
cand_3b4791bdd61a435fa5ac,fd,PRESENT,0.0010640523441907135,1341,70.2618730581447,29,7,22,0,0.2413793103448276,0.0010640523441907135,0.0,0.0010640523441907135,0.0010640523441907135,0.0,8,False,,1360
cand_7aec1bc613c53205a8e0,fd,PRESENT,0.0010640523441907135,1342,70.23968042609853,12,0,12,0,0.0,0.0,0.0,0.0,0.0,-0.0010640523441907135,25,False,,1361
cand_775a5fb221323290832f,fd,PRESENT,0.0010438056879138458,1343,70.21748779405237,20,20,0,0,1.0,0.0010438056879138458,0.001043805687800159,0.0010438056879138458,0.0010438056879138458,0.0,19,False,,1362
cand_8e7595dd92dd421172f1,fd,PRESENT,0.001040577881212812,1344,70.19529516200622,18,18,0,0,1.0,0.0010175257721130038,0.0006529657214286999,0.0010175257721130038,0.0010175257721130038,-2.305210909980815e-05,19,False,,1363
cand_d0625a070d697d51321d,fd,PRESENT,0.0010350025067964452,1345,70.17310252996005,12,12,0,0,1.0,0.0019431315145084227,0.0019431315145084227,0.0019431315145084227,0.0019431315145084227,0.0009081290077119775,23,False,,1364
cand_5d9826814c609266413d,fd,PRESENT,0.0010120850120074465,1346,70.15090989791389,2,2,0,0,1.0,0.001096581726869772,0.0010965817267560851,0.0010965817268470345,0.0010965817268584032,8.449671486232546e-05,35,False,,1365
cand_ea0a6138c35ddda8436a,mcv,PRESENT,0.001005260030979116,1347,70.12871726586773,24,24,0,0,1.0,5.703450938199239e-05,5.703450915461872e-05,5.703450938199239e-05,5.703450938199239e-05,-0.0009482255215971236,13,False,,1317
cand_76b4b6fe6291c5c03adf,fd,PRESENT,0.0009974699651138508,1348,70.10652463382156,28,28,0,0,1.0,0.0009974699653412245,0.0009944794367129361,0.0009974699651138508,0.0009974699652616436,2.2737367544323206e-13,10,False,,1366
cand_c9ce1fe9b7be5dd4740a,mcv,PRESENT,0.0009791683150979225,1349,70.08433200177541,28,28,0,0,1.0,0.0009791683150979225,0.0009791683150979225,0.0009791683150979225,0.0009791683150979225,0.0,9,False,,1319
cand_fd1dd023a6253dff6294,fd,PRESENT,0.000922000366699649,1350,70.06213936972925,28,28,0,0,1.0,0.0009220003664722753,0.0009220003664722753,0.0009220003664722753,0.0009220003664722753,-2.2737367544323206e-13,10,False,,1371
cand_9bb75829529a9a7201f8,fd,PRESENT,0.0009191619847115362,1351,70.0399467376831,24,24,0,0,1.0,0.0009191619849389099,0.0009191619849389099,0.0009191619849389099,0.0009191619849389099,2.2737367544323206e-13,13,False,,1372
cand_6e9fb7e175d238131180,fd,PRESENT,0.0008782889790381887,1354,69.97336884154461,10,10,0,0,1.0,0.0006781908907669276,0.000678190890539554,0.0006781908907669276,0.0006781908907669276,-0.00020009808827126108,28,False,,1376
cand_1a71ddde4ac06aff5654,mcv,PRESENT,0.0008770265494604246,1355,69.95117620949844,20,3,0,17,0.15,0.0008770265492330509,-0.001036196920722432,0.0008770265490056772,0.000877026549017046,-2.2737367544323206e-13,19,False,,1324
cand_356d4a5f82d9a20a66b3,fd,PRESENT,0.0008464014335913816,1356,69.92898357745229,16,16,0,0,1.0,0.0008464014335913816,0.0008464014335913816,0.0008464014335913816,0.0008464014335913816,0.0,21,False,,1380
cand_e174bf8fd2bfd138c707,fd,PRESENT,0.0008327115483552916,1357,69.90679094540613,28,28,0,0,1.0,0.0008327115483552916,0.000530170415458997,0.0008327115483552916,0.0008327115483552916,0.0,9,False,,1381
cand_6af2c1c94d65ed9f8c6f,mcv,PRESENT,0.0008266104587164591,1359,69.8624056813138,15,15,0,0,1.0,0.0031138380975335167,0.003113838097306143,0.0031138380975335167,0.0031138380975335167,0.0022872276388170576,26,False,,1328
cand_7b038176eae6c1082bb2,fd,PRESENT,0.0008072238015301991,1361,69.81802041722148,10,10,0,0,1.0,0.0010110861348948674,0.0010110861348948674,0.0010110861348948674,0.0010110861348948674,0.0002038623333646683,25,False,,1384
cand_9c1bfbae0c9a88d048bc,mcv,PRESENT,0.0008053638293858967,1362,69.79582778517532,7,7,0,0,1.0,0.000805363829158523,0.000805363829158523,0.000805363829158523,0.000805363829158523,-2.2737367544323206e-13,30,False,,1330
cand_68195c184bba0ca48da0,fd,PRESENT,0.0007951119659992401,1363,69.77363515312916,24,24,0,0,1.0,0.0007951119659992401,0.0007951119659992401,0.0007951119659992401,0.0007951119659992401,0.0,13,False,,1386
cand_fe8bb339ec9a6a6e1404,mcv,PRESENT,0.000793370640167268,1364,69.751442521083,27,27,0,0,1.0,0.0026940295349504595,0.002567318942055863,0.0026940295349504595,0.0026940295349504595,0.0019006588947831915,29,False,,1333
cand_a2a652fb6aa5fa738f9a,fd,PRESENT,0.0007805398936397978,1365,69.72924988903684,3,3,0,0,1.0,0.0007805398934124241,0.0007805398934124241,0.0007805398934124241,0.0007805398934124241,-2.2737367544323206e-13,34,False,,1387
cand_42877c546df8df3aef5f,mcv,PRESENT,0.0007665427028769045,1366,69.70705725699068,23,23,0,0,1.0,0.0007665427026495308,0.0007665427026495308,0.0007665427026495308,0.0007665427026495308,-2.2737367544323206e-13,14,False,,1336
cand_8fa777010d5ea0f1366e,fd,PRESENT,0.0007273841401911341,1368,69.66267199289835,29,29,0,0,1.0,0.000727384139509013,0.000727384139509013,0.000727384139509013,0.000727384139509013,-6.821210263296962e-13,8,False,,1389
cand_830b53d084e86681cf3a,fd,PRESENT,0.0007242607844091253,1369,69.6404793608522,21,21,0,0,1.0,0.0007242607844091253,0.0007242607844091253,0.0007242607844091253,0.0007242607844091253,0.0,16,False,,1390
cand_8036569fe231122361ea,fd,PRESENT,0.0007192724197011557,1370,69.61828672880604,29,29,0,0,1.0,0.0007192724190190347,0.0007192724190190347,0.0007192724190190347,0.0007192724190190347,-6.821210263296962e-13,8,False,,1392
cand_917c4f94ed6ce48b387f,fd,PRESENT,0.0006894331909279572,1372,69.57390146471371,20,20,0,0,1.0,0.0006894331904732098,0.0006894331904732098,0.0006894331904732098,0.0006894331904732098,-4.547473508864641e-13,19,False,,1393
cand_8e3356bbdab715313752,mcv,PRESENT,0.000673599548463244,1373,69.55170883266756,26,26,0,0,1.0,0.000673599547781123,0.00037922640512988437,0.000673599547781123,0.000673599547781123,-6.821210263296962e-13,11,False,,1343
cand_91e40b3a716f07b4f97d,fd,PRESENT,0.0006529600314024719,1375,69.50732356857523,25,12,13,0,0.48,0.0006529600311750983,0.0,0.0006529600311750983,0.0006529600311750983,-2.2737367544323206e-13,12,False,,1394
cand_a836b9330dcc21365575,fd,PRESENT,0.0006499156988866162,1376,69.48513093652907,29,29,0,0,1.0,0.0006499156988866162,0.0006499156986592425,0.0006499156987047172,0.0006499156988866162,0.0,10,False,,1395
cand_b9427ce836b4c6fc7837,fd,PRESENT,0.000644565217953641,1377,69.46293830448292,28,28,0,0,1.0,0.0006445652174988936,0.0003603369543725421,0.0006445652173397321,0.0006445652174988936,-4.547473508864641e-13,10,False,,1396
cand_02eed22c0ad2411e17eb,fd,PRESENT,0.000644565217953641,1378,69.44074567243675,12,2,10,0,0.16666666666666666,0.0006445652174988936,0.0,0.0005801086955443682,0.000644565217373838,-4.547473508864641e-13,19,False,,1397
cand_0340362b1cc28bc3bf57,mcv,PRESENT,0.000644425786958891,1379,69.41855304039059,31,31,0,0,1.0,0.002088990611355257,0.002081017272075769,0.002081017272075769,0.002085003941715513,0.001444564824396366,11,False,,1345
cand_4676eb2c593779ef5249,fd,PRESENT,0.0006147834392322693,1380,69.39636040834444,12,2,0,10,0.16666666666666666,0.000614783439459643,-2.978177803925064e-05,0.0005503269177324912,0.000614783439459643,2.2737367544323206e-13,19,False,,1398
cand_70b8e6b99b99b8e608bd,fd,PRESENT,0.0006112516775829135,1381,69.37416777629826,7,7,0,0,1.0,0.0006112516771281662,0.0006112516769007925,0.0006112516771281662,0.0006112516771281662,-4.547473508864641e-13,19,False,,1399
cand_d82e6b4e8c7d85d5145d,mcv,PRESENT,0.0006046504086043569,1382,69.35197514425211,29,29,0,0,1.0,0.0006046504086043569,0.0006046504083769833,0.0006046504086043569,0.0006046504086043569,0.0,8,False,,1348
cand_b7674a229a7829ced16f,fd,PRESENT,0.0005972677008685423,1383,69.32978251220595,23,23,0,0,1.0,0.00041891162618412636,0.0003971594387621735,0.00041891162618412636,0.00041891162618412636,-0.00017835607468441594,20,False,,1400
cand_80c11ec4f53f040e6945,mcv,PRESENT,0.0005722532760046306,1385,69.28539724811363,3,3,0,0,1.0,0.00037861214786971686,0.00037861214786971686,0.00037861214786971686,0.00037861214786971686,-0.00019364112813491374,34,False,,1352
cand_18809846abcb651bd736,mcv,PRESENT,0.0005691666628990788,1386,69.26320461606747,29,10,0,19,0.3448275862068966,0.0005691666628990788,-1.9985438591861566,0.0005691666628990788,0.0005691666628990788,0.0,8,False,,1353
cand_ec7e9346b46361fccb44,fd,PRESENT,0.0005632957872876432,1387,69.2410119840213,22,22,0,0,1.0,0.0005632957868328958,0.0005632957866055222,0.0005632957866055222,0.0005632957868215271,-4.547473508864641e-13,19,False,,1402
cand_95237e3d34b597e81152,fd,PRESENT,0.0005512736761374981,1388,69.21881935197514,12,12,0,0,1.0,0.0005512736759101244,0.0005512736759101244,0.0005512736759101244,0.0005512736759101244,-2.2737367544323206e-13,25,False,,1403
cand_a262e3fd3cefd6d10749,fd,PRESENT,0.0005469543448270997,1389,69.19662671992899,4,0,4,0,0.0,0.0,0.0,0.0,0.0,-0.0005469543448270997,33,False,,1404
cand_d73e4332c20394f73e50,fd,PRESENT,0.0005264750088826986,1391,69.15224145583666,1,1,0,0,1.0,0.0005264750084279513,0.0005264750084279513,0.0005264750084279513,0.0005264750084279513,-4.547473508864641e-13,2,False,,1406
cand_8ffbaf11db00079e00ef,fd,PRESENT,0.0005195703570279875,1392,69.1300488237905,6,6,0,0,1.0,0.0005195703570279875,0.0005195703568006138,0.0005195703570279875,0.0005195703570279875,0.0,10,False,,1408
cand_6c06997e0524dcd2d863,fd,PRESENT,0.0005119049928907771,1394,69.08566355969818,15,15,0,0,1.0,0.0005119049924360297,0.000511904992208656,0.0005119049923450802,0.0005119049924360297,-4.547473508864641e-13,26,False,,1409
cand_439ca71c13e3d5a9b111,mcv,PRESENT,0.00049381292774342,1396,69.04127829560586,36,36,0,0,1.0,0.00049381292774342,0.0004938129275160463,0.0004938129275160463,0.0004938129275728897,0.0,1,False,,1369
cand_b93bb0a9231caa55027b,fd,PRESENT,0.0004879045736743137,1398,68.99689303151354,1,1,0,0,1.0,0.0004879045729921927,0.0004879045729921927,0.0004879045729921927,0.0004879045729921927,-6.821210263296962e-13,30,False,,1414
cand_09be372effa60d264ecf,mcv,PRESENT,0.0004739078322018031,1401,68.93031513537505,14,14,0,0,1.0,0.000553626685132258,0.000553626685132258,0.000553626685132258,0.000553626685132258,7.971885293045489e-05,23,False,,1375
cand_cad24f9bc1617d7fd54e,mcv,PRESENT,0.00045668200891668675,1403,68.88592987128274,2,2,0,0,1.0,0.0004566820084619394,0.0004566820084619394,0.0004566820084619394,0.0004566820084619394,-4.547473508864641e-13,35,False,,1377
cand_eb01315a532a7d67cf63,fd,PRESENT,0.0004425669012562139,1406,68.81935197514426,28,28,0,0,1.0,0.0004425669012562139,0.0004425669012562139,0.0004425669012562139,0.0004425669012562139,0.0,9,False,,1417
cand_0132efb844a61e153556,fd,PRESENT,0.00043975579228572315,1407,68.79715934309809,12,12,0,0,1.0,0.00043975579205834947,0.0004397557918309758,0.0004397557920356121,0.00043975579205834947,-2.2737367544323206e-13,26,False,,1418
cand_e924bf169234742dad83,fd,PRESENT,0.00043811739942611894,1408,68.77496671105193,9,0,9,0,0.0,0.0,0.0,0.0,0.0,-0.00043811739942611894,28,False,,1419
cand_f6da14918e70c791036d,fd,PRESENT,0.0004341157118687988,1409,68.75277407900577,16,16,0,0,1.0,0.0001519831951100059,0.00015198319488263223,0.0001519831951100059,0.0001519831951100059,-0.0002821325167587929,23,False,,1420
cand_7111a9272e64bd001ef3,fd,PRESENT,0.00043104250016767764,1410,68.7305814469596,24,24,0,0,1.0,0.00042001026622529025,0.00042001026622529025,0.00042001026622529025,0.00042001026622529025,-1.1032233942387393e-05,13,False,,1421
cand_81812e52d33adef964b4,fd,PRESENT,0.00042426410527696135,1412,68.68619618286729,24,24,0,0,1.0,0.0004273763740911818,0.0004273763738638081,0.0004273763740911818,0.0004273763740911818,3.1122688142204424e-06,19,False,,1423
cand_886d04a52bdb3408ec10,mcv,PRESENT,0.0004201181418466149,1413,68.66400355082112,29,29,0,0,1.0,0.00042011814139186754,0.00042011814116449386,0.00042011814139186754,0.00042011814139186754,-4.547473508864641e-13,8,False,,1385
cand_2a38e8ecb5ad7e36c607,fd,PRESENT,0.00041784250061027706,1414,68.64181091877496,24,24,0,0,1.0,0.000447437412049112,0.00044743741182173835,0.00044743741182173835,0.00044743741201500595,2.959491143883497e-05,26,False,,1424
cand_7786de530073ac75016c,fd,PRESENT,0.00041764458001125604,1415,68.61961828672881,7,7,0,0,1.0,0.00041764458001125604,0.00041764457978388236,0.00041764457987483186,0.00041764457994304395,0.0,19,False,,1425
cand_0acc37d65e354824c2fd,fd,PRESENT,0.0004124330944250687,1416,68.59742565468265,29,29,0,0,1.0,0.0004124330944250687,0.00041243309419769503,0.0004124330944250687,0.0004124330944250687,0.0,8,False,,1426
cand_d6ec1eaff98112020865,fd,PRESENT,0.0004019488451376674,1417,68.57523302263648,1,1,0,0,1.0,0.0004019488449102937,0.0004019488449102937,0.0004019488449102937,0.0004019488449102937,-2.2737367544323206e-13,36,False,,1427
cand_b583eb9a16b3004fd2eb,fd,PRESENT,0.000383320239961904,1419,68.53084775854417,12,12,0,0,1.0,0.0003833202401892777,0.000383320239961904,0.0003833202401892777,0.0003833202401892777,2.2737367544323206e-13,26,False,,1429
cand_c8a17e3e42e411d64034,mcv,PRESENT,0.00037786984557897085,1420,68.508655126498,29,4,0,25,0.13793103448275862,0.0003778698451242235,-0.665094168668702,0.0003778698451242235,0.0003778698451242235,-4.547473508864641e-13,8,False,,1391
cand_6f6f3c7cbe29c62f8494,fd,PRESENT,0.0003613129465520615,1422,68.46426986240569,29,29,0,0,1.0,0.0003613129460973141,0.00036131294586994045,0.0003613129460973141,0.0003613129460973141,-4.547473508864641e-13,10,False,,1431
cand_75eaf5679557cd7aaab0,fd,PRESENT,0.0003410840054129949,1423,68.44207723035952,12,12,0,0,1.0,0.0003410840051856212,0.00034108400495824753,0.00034108400495824753,0.0003410840050605657,-2.2737367544323206e-13,26,False,,1433
cand_4fb6284eea1667cf770c,fd,PRESENT,0.0003236931916035246,1425,68.3976919662672,28,28,0,0,1.0,0.0003236931916035246,0.00032369319137615093,0.0003236931916035246,0.0003236931916035246,0.0,10,False,,1435
cand_7815242dcdf13860f591,fd,PRESENT,0.00031688383660366526,1426,68.37549933422103,2,0,0,2,0.0,-0.0018760986197321472,-0.0018760986197321472,-0.0018760986197321472,-0.0018760986197321472,-0.0021929824563358125,35,False,,1436
cand_f12e7fe9394d8abf5cf8,fd,PRESENT,0.0003156637585561839,1427,68.35330670217488,26,26,0,0,1.0,0.0003156637583288102,0.00031566375810143654,0.0003156637583288102,0.0003156637583288102,-2.2737367544323206e-13,13,False,,1437
cand_08a41604fbb0062e5cb7,fd,PRESENT,0.0003054097151107271,1430,68.2867288060364,30,30,0,0,1.0,0.0007206216630493145,0.0003814661602064007,0.0007206216630493145,0.0007206216630493145,0.0004152119479385874,28,False,,1441
cand_96f1f854fb57e0c6cbb5,mcv,PRESENT,0.0003034514547834988,1431,68.26453617399024,23,23,0,0,1.0,0.0003198380368303333,6.641685081376636e-05,0.0003198380368303333,0.0003198380368303333,1.638658204683452e-05,14,False,,1401
cand_0d128a461c8dba8da9d7,fd,PRESENT,0.00029885357344028307,1432,68.24234354194408,9,0,0,9,0.0,-0.00012124759587095468,-0.00012124759587095468,-0.00012124759587095468,-0.00012124759587095468,-0.00042010116931123775,28,False,,1443
cand_39831f3233e8ed286440,fd,PRESENT,0.0002949604413515772,1434,68.19795827785175,22,22,0,0,1.0,0.00174602393940404,0.00174602393940404,0.00174602393940404,0.00174602393940404,0.0014510634980524628,15,False,,1445
cand_9c3c0c501c8b115b8805,fd,PRESENT,0.00028844693952123635,1435,68.1757656458056,28,28,0,0,1.0,0.00028844693929386267,0.000288446939066489,0.00028844693929386267,0.00028844693929386267,-2.2737367544323206e-13,10,False,,1447
cand_2464fac1f01de9739964,fd,PRESENT,0.0002843708580257953,1436,68.15357301375943,24,24,0,0,1.0,0.0002843708573436743,0.0002843708573436743,0.0002843708573436743,0.0002843708573436743,-6.821210263296962e-13,13,False,,1448
cand_73a13fdebb264319b0bc,fd,PRESENT,0.0002771819617919391,1437,68.13138038171327,29,0,29,0,0.0,0.0,0.0,0.0,0.0,-0.0002771819617919391,8,False,,1449
cand_f94c0f986d22eaa2da31,mcv,PRESENT,0.00027321791640133597,1439,68.08699511762094,3,3,0,0,1.0,0.00027321791640133597,0.00027321791640133597,0.00027321791640133597,0.00027321791640133597,0.0,34,False,,1407
cand_0f0103820b1f097d7080,fd,PRESENT,0.00026801776584761683,1440,68.06480248557479,26,26,0,0,1.0,0.0002680177653928695,0.0002680177651654958,0.0002680177653928695,0.0002680177653928695,-4.547473508864641e-13,8,False,,1452
cand_cda53187d74e74a69888,mcv,PRESENT,0.00026759877709991997,1441,68.04260985352863,8,8,0,0,1.0,0.0002675987768725463,0.0002675987766451726,0.0002675987768725463,0.0002675987768725463,-2.2737367544323206e-13,28,False,,1410
cand_722a9e8c191cf3058be2,mcv,PRESENT,0.000267557585175382,1442,68.02041722148246,36,36,0,0,1.0,0.000267557585175382,0.000267557585175382,0.000267557585175382,0.000267557585175382,0.0,1,False,,1411
cand_5e3a118f1e35cbf82db0,mcv,PRESENT,0.0002594316410977626,1444,67.97603195739015,29,0,0,29,0.0,-0.0006866732255730312,-0.0006866732258004049,-0.0006866732255730312,-0.0006866732255730312,-0.0009461048666707939,10,False,,1413
cand_763899d0af90f9d69ff2,fd,PRESENT,0.00025626276419643546,1445,67.95383932534399,29,29,0,0,1.0,0.0012817107110549841,0.0012627347757643292,0.0012817107110549841,0.0012817107110549841,0.0010254479468585487,20,False,,1454
cand_dfd2132bc5b4aec6161e,fd,PRESENT,0.00024179340107366443,1446,67.93164669329782,20,20,0,0,1.0,0.00024179340084629075,0.00024179340061891708,0.00024179340064165445,0.00024179340084629075,-2.2737367544323206e-13,19,False,,1457
cand_d3ffc9e3243c340b4dfa,mcv,PRESENT,0.00023663031879550545,1447,67.90945406125167,36,36,0,0,1.0,0.00023663031879550545,0.0002366303183407581,0.00023663031856813177,0.00023663031856813177,0.0,1,False,,1416
cand_6638992cf188c77a0415,fd,PRESENT,0.00023435651019099168,1448,67.88726142920551,23,23,0,0,1.0,0.000234356509963618,0.00023435650973624433,0.000234356509963618,0.000234356509963618,-2.2737367544323206e-13,14,False,,1458
cand_5709c35ab664343a429f,fd,PRESENT,0.0002277808043800178,1450,67.84287616511318,20,20,0,0,1.0,0.00022778080460739147,0.0002277808043800178,0.00022778080460739147,0.00022778080460739147,2.2737367544323206e-13,19,False,,1460
cand_7adb807c1900b30fdc8e,mcv,PRESENT,0.0002228421426480054,1451,67.82068353306703,20,20,0,0,1.0,0.00022284214242063172,0.00022284214219325804,0.00022284214242063172,0.00022284214242063172,-2.2737367544323206e-13,19,False,,1422
cand_846b9e63f2c9be22a727,fd,PRESENT,0.00021955907413939713,1453,67.7762982689747,29,29,0,0,1.0,0.00021955907368464977,0.00021955907368464977,0.00021955907368464977,0.00021955907368464977,-4.547473508864641e-13,8,False,,1463
cand_c7500e531c3595c86650,fd,PRESENT,0.0002171167079723091,1454,67.75410563692854,19,19,0,0,1.0,0.00021711670751756174,0.00021711670751756174,0.00021711670751756174,0.00021711670751756174,-4.547473508864641e-13,19,False,,1464
cand_0c9eae14dcf47a5db04b,fd,PRESENT,0.00021394657233031467,1455,67.73191300488237,16,16,0,0,1.0,0.00021394657233031467,0.00021394657233031467,0.00021394657233031467,0.00021394657233031467,0.0,21,False,,1465
cand_3ed675dc1dca16d40f65,mcv,PRESENT,0.00020711211254820228,1456,67.70972037283622,19,19,0,0,1.0,0.00020711211186608125,0.00020711211186608125,0.00020711211186608125,0.00020711211186608125,-6.821210263296962e-13,18,False,,1428
cand_70c16dc1c0aa834235f6,fd,PRESENT,0.00020442217555682873,1457,67.68752774079006,20,20,0,0,1.0,0.00020442217510208138,0.0002044221748747077,0.00020442217489744508,0.00020442217510208138,-4.547473508864641e-13,19,False,,1467
cand_b1d9ca9cab20937ddcd8,fd,PRESENT,0.00019644528401840944,1458,67.6653351087439,16,16,0,0,1.0,0.0008844543240229541,0.0008844543237955804,0.0008844543237955804,0.0008844543238524238,0.0006880090400045447,26,False,,1469
cand_dcae8d5f1f8af2b9a916,fd,PRESENT,0.00019550088745745597,1459,67.64314247669773,2,2,0,0,1.0,0.00022647157311439514,0.00022647157311439514,0.00022647157311439514,0.00022647157311439514,3.097068565693917e-05,35,False,,1470
cand_889a2723119698f61aee,mcv,PRESENT,0.00018654479481483577,1460,67.62094984465158,29,29,0,0,1.0,0.0005778661563908827,0.0001865447945874621,0.000577866156163509,0.0005778661562999332,0.0003913213615760469,30,False,,1432
cand_05d3e4981d80c5b48ba5,fd,PRESENT,0.00018584013832878554,1461,67.59875721260542,30,30,0,0,1.0,0.00018584013810141187,0.00018584013810141187,0.00018584013810141187,0.00018584013810141187,-2.2737367544323206e-13,7,False,,1471
cand_f62819b103562bfb7a5e,fd,PRESENT,0.00017872097487270366,1462,67.57656458055925,24,24,0,0,1.0,0.00018430505201649794,0.00018430505178912426,0.00018430505201649794,0.00018430505201649794,5.584077143794275e-06,26,False,,1472
cand_045bfee9278652dcf3e1,fd,PRESENT,0.00017524955637782114,1463,67.5543719485131,22,22,0,0,1.0,0.00017371153012391005,0.00017371153012391005,0.00017371153012391005,0.00017371153012391005,-1.5380262539110845e-06,15,False,,1473
cand_6d83e544e30d8d8b3115,fd,PRESENT,0.0001673538017712417,1464,67.53217931646694,20,20,0,0,1.0,0.0001673538017712417,0.00016735380154386803,0.0001673538017712417,0.0001673538017712417,0.0,19,False,,1475
cand_2063540318eb6c7ce3bb,fd,PRESENT,0.00016578705344727496,1465,67.50998668442077,2,2,0,0,1.0,0.00016578705344727496,0.00016578705344727496,0.00016578705344727496,0.00016578705344727496,0.0,35,False,,1476
cand_c58f0686fa4debe83f8e,fd,PRESENT,0.00016334456086042337,1466,67.48779405237461,21,21,0,0,1.0,0.00016334456040567602,0.00016334456017830234,0.00016334456017830234,0.00016334456040567602,-4.547473508864641e-13,19,False,,1478
cand_e2a22b22668e051096e5,fd,PRESENT,0.0001619243093955447,1468,67.44340878828228,29,29,0,0,1.0,0.00016192430916817102,0.00016192430916817102,0.00016192430916817102,0.00016192430916817102,-2.2737367544323206e-13,8,False,,1480
cand_963addcf7d8f5656e2f7,fd,PRESENT,0.0001619181057321839,1469,67.42121615623613,23,23,0,0,1.0,0.00016191810527743655,0.00016191810527743655,0.00016191810527743655,0.00016191810527743655,-4.547473508864641e-13,14,False,,1481
cand_d128df88809215ea6b30,fd,PRESENT,0.000160709188094188,1470,67.39902352418997,18,18,0,0,1.0,0.00016070918832156167,0.000160709188094188,0.00016070918832156167,0.00016070918832156167,2.2737367544323206e-13,19,False,,1482
cand_0bb38390dabc636f9fb6,mcv,PRESENT,0.00015776603322592564,1471,67.37683089214381,18,18,0,0,1.0,0.00015776603299855196,0.00015776603299855196,0.00015776603299855196,0.00015776603299855196,-2.2737367544323206e-13,19,False,,1442
cand_5b809281e92acbc7decb,fd,PRESENT,0.00015550559328403324,1472,67.35463826009764,22,22,0,0,1.0,0.00015550559351140691,0.00015550559328403324,0.00015550559351140691,0.00015550559351140691,2.2737367544323206e-13,19,False,,1484
cand_5c1c3cca6a0e47b173ca,fd,PRESENT,0.00015402616918436252,1473,67.33244562805149,18,0,18,0,0.0,0.0,0.0,0.0,0.0,-0.00015402616918436252,19,False,,1485
cand_c2668eda956859ec5348,mcv,PRESENT,0.00015087564588611713,1474,67.31025299600533,6,6,0,0,1.0,0.0002117461895068118,0.0002117461895068118,0.0002117461895068118,0.0002117461895068118,6.087054362069466e-05,31,False,,1446
cand_2811b9870e4e64884c15,fd,PRESENT,0.00014527196526614716,1475,67.28806036395916,11,11,0,0,1.0,0.00014527196526614716,0.00014527196526614716,0.00014527196526614716,0.00014527196526614716,0.0,26,False,,1487
cand_cec7b5651301210b2caf,fd,PRESENT,0.00014014180032972945,1477,67.24367509986685,16,16,0,0,1.0,0.00014014180032972945,0.00014014180032972945,0.00014014180032972945,0.00014014180032972945,0.0,19,False,,1488
cand_6ac1eb6f197003124268,fd,PRESENT,0.00013928166663390584,1478,67.22148246782068,28,28,0,0,1.0,0.00013928166640653217,0.00013928166640653217,0.00013928166640653217,0.00013928166640653217,-2.2737367544323206e-13,9,False,,1489
cand_6acc9359d2fc2ae585ed,fd,PRESENT,0.000137028693643515,1479,67.19928983577452,18,18,0,0,1.0,3.441034868956194e-05,3.231347943710716e-05,3.441034868956194e-05,3.441034868956194e-05,-0.00010261834495395306,19,False,,1490
cand_cbe9ed948b76685638e9,fd,PRESENT,0.00013661196317116264,1480,67.17709720372837,28,28,0,0,1.0,0.00013661196317116264,0.00013661196294378897,0.00013661196317116264,0.00013661196317116264,0.0,10,False,,1491
cand_5c1e60cc127f6062873e,mcv,PRESENT,0.0001323496026088833,1482,67.13271193963604,23,23,0,0,1.0,0.00013234960215413594,0.00013204383003539988,0.00013234960215413594,0.00013234960215413594,-4.547473508864641e-13,28,False,,1455
cand_0a19ddb2832aa0cc0477,fd,PRESENT,0.00012567377325467533,1484,67.08832667554373,16,16,0,0,1.0,0.00012567377325467533,0.0001256737731409885,0.00012567377325467533,0.00012567377325467533,0.0,23,False,,1494
cand_a1504a1d773befa93633,fd,PRESENT,0.00012522875931608723,1485,67.06613404349756,12,12,0,0,1.0,0.00012578302585097845,0.00012578302562360477,0.00012578302585097845,0.00012578302585097845,5.542665348912124e-07,26,False,,1495
cand_3a781e7afe7d0c7c14ab,fd,PRESENT,0.00012262867494428065,1486,67.0439414114514,18,18,0,0,1.0,0.00012262867471690697,0.00012262867471690697,0.00012262867471690697,0.00012262867471690697,-2.2737367544323206e-13,8,False,,1497
cand_6ca1b85dd31b15276ba4,mcv,PRESENT,0.0001158425120593165,1487,67.02174877940524,29,29,0,0,1.0,0.00024186198038478324,0.0002206017134085414,0.0002385084035267937,0.0002385084035267937,0.00012601946832546673,29,False,,1461
cand_50db2e3b9f035e185790,fd,PRESENT,0.00010928377105301479,1490,66.95517088326676,22,22,0,0,1.0,0.00010928377059826744,0.00010928377037089376,0.00010928377059826744,0.00010928377059826744,-4.547473508864641e-13,19,False,,1501
cand_06ed8f33e352e4ed3f3b,fd,PRESENT,0.00010543812004470965,1491,66.93297825122059,15,15,0,0,1.0,0.00010543812027208332,0.00010543812027208332,0.00010543812027208332,0.00010543812027208332,2.2737367544323206e-13,9,False,,1503
cand_5eb4b5ee3e59cda44360,fd,PRESENT,0.00010432061208121013,1492,66.91078561917443,30,19,11,0,0.6333333333333333,0.0001043206123085838,5.3062927690916695e-05,0.00010432061208121013,0.00010432061220626565,2.2737367544323206e-13,8,False,,1504
cand_025b7eaeed1b698a3fd9,fd,PRESENT,0.00010222250239166897,1494,66.8664003550821,16,0,0,16,0.0,-0.000687663319922649,-0.0006876633201500226,-0.000687663319922649,-0.000687663319922649,-0.0007898858223143179,23,False,,1505
cand_d6c352d6fff6641d85e2,fd,PRESENT,0.00010170272253162693,1495,66.84420772303595,20,20,0,0,1.0,0.00010170272230425326,0.00010170272230425326,0.00010170272230425326,0.00010170272230425326,-2.2737367544323206e-13,17,False,,1506
cand_e2a079245c928c209b53,fd,PRESENT,0.00010049536922451807,1496,66.8220150909898,2,2,0,0,1.0,0.00010049536876977072,0.00010049536876977072,0.00010049536876977072,0.00010049536876977072,-4.547473508864641e-13,35,False,,1507
cand_605ada830d4798073ffb,fd,PRESENT,9.90483395071351e-05,1497,66.79982245894364,28,28,0,0,1.0,9.904833882501407e-05,9.904833882501407e-05,9.904833882501407e-05,9.904833882501407e-05,-6.821210263296962e-13,9,False,,1508
cand_e136227d093fbb95a0f3,fd,PRESENT,9.860097634373233e-05,1498,66.77762982689747,14,14,0,0,1.0,0.00011025415392396098,0.00011025415369658731,0.00011025415385574888,0.00011025415392396098,1.1653177580228657e-05,19,False,,1509
cand_d40aa93c57016aabccfc,fd,PRESENT,9.29237012314843e-05,1500,66.73324456280515,17,17,0,0,1.0,9.292370100411063e-05,9.292370100411063e-05,9.292370100411063e-05,9.292370100411063e-05,-2.2737367544323206e-13,9,False,,1511
cand_70d374b9386ea28d1008,fd,PRESENT,9.29237012314843e-05,1501,66.71105193075898,26,26,0,0,1.0,9.292370100411063e-05,9.292370100411063e-05,9.292370100411063e-05,9.292370100411063e-05,-2.2737367544323206e-13,11,False,,1512
cand_041907e5e72b9f741e0f,fd,PRESENT,9.070950272871414e-05,1503,66.66666666666667,28,28,0,0,1.0,9.070950250134047e-05,9.070950227396679e-05,9.070950250134047e-05,9.070950250134047e-05,-2.2737367544323206e-13,10,False,,1514
cand_ebe696be4809bd9992fe,mcv,PRESENT,8.902357876650058e-05,1504,66.6444740346205,19,9,0,10,0.47368421052631576,8.902357899387425e-05,-0.0001779278359208547,8.902357899387425e-05,8.902357899387425e-05,2.2737367544323206e-13,14,False,,1474
cand_e77d11814591562ca64b,mcv,PRESENT,8.480962787871249e-05,1507,66.57789613848202,29,3,0,26,0.10344827586206896,8.491222638440377e-05,-0.0014627495063450624,-0.0011532171596172714,8.491222638440377e-05,1.0259850569127593e-07,8,False,,1479
cand_6a881a1d154e9fac8a2c,fd,PRESENT,7.961148548929486e-05,1511,66.48912561029738,29,29,0,0,1.0,7.961148480717384e-05,7.961148480717384e-05,7.961148480717384e-05,7.961148480717384e-05,-6.821210263296962e-13,8,False,,1517
cand_20d5a53a62e1967006ec,fd,PRESENT,7.935930898383958e-05,1512,66.46693297825122,18,18,0,0,1.0,7.935930830171856e-05,7.935930830171856e-05,7.935930830171856e-05,7.935930830171856e-05,-6.821210263296962e-13,19,False,,1518
cand_4a6f96811124c3999ada,fd,PRESENT,7.915239712019684e-05,1513,66.44474034620507,28,28,0,0,1.0,7.915239689282316e-05,7.915239666544949e-05,7.915239666544949e-05,7.915239681324237e-05,-2.2737367544323206e-13,19,False,,1519
cand_aae22f6c6d045798160b,fd,PRESENT,7.66538578318432e-05,1515,66.40035508211274,28,28,0,0,1.0,7.8859843142709e-05,7.885984291533532e-05,7.8859843142709e-05,7.8859843142709e-05,2.205985310865799e-06,10,False,,1521
cand_7715c594924dc94e8acd,fd,PRESENT,7.396370347123593e-05,1519,66.3115845539281,29,29,0,0,1.0,0.00043486553067850764,0.00043486553045113396,0.0004348655304966087,0.00043486553067850764,0.0003609018272072717,13,False,,1525
cand_60245020bd31dedaecc0,mcv,PRESENT,6.999297056609066e-05,1520,66.28939192188193,4,2,0,2,0.5,6.999297033871699e-05,9.802769341149542e-06,6.999297033871699e-05,6.999297033871699e-05,-2.2737367544323206e-13,9,False,,1492
cand_ef06e4972209c811c960,mcv,PRESENT,6.586966537724948e-05,1521,66.26719928983577,23,7,0,16,0.30434782608695654,6.586966492250212e-05,-0.003484488989897727,6.586966492250212e-05,6.586966492250212e-05,-4.547473508864641e-13,14,False,,1493
cand_401f96d93f7a1ec88e25,mcv,PRESENT,6.548588498844765e-05,1523,66.22281402574345,24,24,0,0,1.0,6.54858845337003e-05,6.548588430632662e-05,6.54858845337003e-05,6.54858845337003e-05,-4.547473508864641e-13,13,False,,1496
cand_20a9f1248195e37eb8ad,fd,PRESENT,6.132687121862546e-05,1527,66.1340434975588,18,18,0,0,1.0,6.13268707638781e-05,6.13268707638781e-05,6.13268707638781e-05,6.13268707638781e-05,-4.547473508864641e-13,19,False,,1529
cand_6dfd9df5a56de9d751e7,fd,PRESENT,5.961048373137601e-05,1529,66.0896582334665,4,4,0,0,1.0,7.19842664693715e-05,7.19842664693715e-05,7.19842664693715e-05,7.19842664693715e-05,1.2373782737995498e-05,33,False,,1530
cand_3b6b630749077b2d8b01,fd,PRESENT,5.8823570725508034e-05,1530,66.06746560142032,8,8,0,0,1.0,5.882357027076068e-05,5.882357027076068e-05,5.882357027076068e-05,5.882357027076068e-05,-4.547473508864641e-13,30,False,,1531
cand_118ef07577fa564818d6,fd,PRESENT,5.7764796110859606e-05,1531,66.04527296937417,20,20,0,0,1.0,5.776479588348593e-05,5.7764795656112256e-05,5.776479588348593e-05,5.776479588348593e-05,-2.2737367544323206e-13,19,False,,1533
cand_e9081326f6bc211a7e12,fd,PRESENT,5.4861112403159495e-05,1534,65.97869507323568,9,9,0,0,1.0,5.486111217578582e-05,5.486111217578582e-05,5.486111217578582e-05,5.486111217578582e-05,-2.2737367544323206e-13,28,False,,1535
cand_9d785e68f7913e7ee982,fd,PRESENT,5.3414684771269094e-05,1535,65.95650244118953,28,28,0,0,1.0,0.0005835850997755188,0.0005835850995481451,0.0005835850997755188,0.0005835850997755188,0.0005301704150042497,13,False,,1536
cand_cae232dbe234348b96d1,fd,PRESENT,5.264521132630762e-05,1536,65.93430980914336,16,16,0,0,1.0,5.264521064418659e-05,5.264521064418659e-05,5.264521064418659e-05,5.264521064418659e-05,-6.821210263296962e-13,21,False,,1537
cand_281c9a14a746602b23d3,fd,PRESENT,5.1257684390293434e-05,1537,65.9121171770972,29,5,24,0,0.1724137931034483,5.125768461766711e-05,0.0,5.1257684390293434e-05,5.1257684390293434e-05,2.2737367544323206e-13,10,False,,1538
cand_026bbaaed0d0b8a688f1,fd,PRESENT,5.037861137680011e-05,1538,65.88992454505104,29,29,0,0,1.0,5.037861114942643e-05,5.037861092205276e-05,5.037861114942643e-05,5.037861114942643e-05,-2.2737367544323206e-13,10,False,,1540
cand_7010456f0ff526d7f5bb,fd,PRESENT,4.773184082296211e-05,1540,65.84553928095872,3,3,0,0,1.0,4.773184036821476e-05,4.7731840140841086e-05,4.773184032274003e-05,4.7731840345477396e-05,-4.547473508864641e-13,10,False,,1542
cand_26d4fd36a4aad9e229e2,fd,PRESENT,4.1780171159189194e-05,1543,65.77896138482024,29,29,0,0,1.0,4.178017138656287e-05,4.178017138656287e-05,4.178017138656287e-05,4.178017138656287e-05,2.2737367544323206e-13,8,False,,1545
cand_8ed97ffcd0af88042bf7,fd,PRESENT,4.071086004842073e-05,1544,65.75676875277408,24,24,0,0,1.0,4.071085982104705e-05,4.071085982104705e-05,4.071085982104705e-05,4.071085982104705e-05,-2.2737367544323206e-13,13,False,,1546
cand_37e00dafc45110368d71,fd,PRESENT,3.940411806979682e-05,1545,65.73457612072792,16,16,0,0,1.0,3.940411761504947e-05,3.9404117501362634e-05,3.940411761504947e-05,3.940411761504947e-05,-4.547473508864641e-13,23,False,,1547
cand_9f99407ef5a8fae680ff,fd,PRESENT,3.812921204371378e-05,1546,65.71238348868175,30,30,0,0,1.0,3.8129212271087454e-05,3.812921204371378e-05,3.8129212271087454e-05,3.8129212271087454e-05,2.2737367544323206e-13,8,False,,1548
cand_b3f5a144de7d124f2bc1,fd,PRESENT,3.7606432670145296e-05,1547,65.6901908566356,22,22,0,0,1.0,3.760643244277162e-05,3.760643244277162e-05,3.760643244277162e-05,3.760643244277162e-05,-2.2737367544323206e-13,8,False,,1549
cand_810a82fea72c512cd85e,fd,PRESENT,3.170870604662923e-05,1548,65.66799822458944,18,18,0,0,1.0,3.1708705819255556e-05,3.1708705819255556e-05,3.1708705819255556e-05,3.1708705819255556e-05,-2.2737367544323206e-13,19,False,,1550
cand_db1af4a274e1a6de3334,fd,PRESENT,3.14068975058035e-05,1549,65.64580559254327,30,30,0,0,1.0,3.321308781778498e-05,3.14068975058035e-05,3.321308781778498e-05,3.321308781778498e-05,1.8061903119814815e-06,31,False,,1551
cand_4adb4d20ad99efca2f44,fd,PRESENT,3.108145028818399e-05,1550,65.62361296049711,29,29,0,0,1.0,3.108145006081031e-05,3.1081449833436636e-05,3.108145006081031e-05,3.108145006081031e-05,-2.2737367544323206e-13,10,False,,1552
cand_b3ac6ecac11108c9dcbb,mcv,PRESENT,3.0746168704354204e-05,1551,65.60142032845096,31,31,0,0,1.0,0.0011722986794211465,0.000872931093454099,0.0008729310936814727,0.0011722986794211465,0.0011415525107167923,14,False,,1532
cand_549b83c821665df6fa60,mcv,PRESENT,2.6556379452813417e-05,1552,65.5792276964048,6,6,0,0,1.0,2.655637922543974e-05,2.655637922543974e-05,2.655637922543974e-05,2.655637922543974e-05,-2.2737367544323206e-13,31,False,,1539
cand_600e909319b50ac2fe36,fd,PRESENT,2.582383694971213e-05,1553,65.55703506435863,29,10,19,0,0.3448275862068966,2.5823836722338456e-05,0.0,2.5823836722338456e-05,2.5823836722338456e-05,-2.2737367544323206e-13,8,False,,1553
cand_e6b6dd74a356a1b5a270,fd,PRESENT,2.186915935453726e-05,1554,65.53484243231247,23,18,0,5,0.782608695652174,2.242342543468112e-05,2.2423425207307446e-05,2.2423425207307446e-05,2.2423425207307446e-05,5.542660801438615e-07,26,False,,1555
cand_1f8e10c4afb6a542e077,fd,PRESENT,1.8898948837886564e-05,1556,65.49045716822015,16,16,0,0,1.0,1.889894906526024e-05,1.8898948837886564e-05,1.8898948837886564e-05,1.8898948894729983e-05,2.2737367544323206e-13,26,False,,1557
cand_7e2bedcc04ad2221bf72,fd,PRESENT,1.673636052146321e-05,1557,65.46826453617399,13,13,0,0,1.0,1.673636006671586e-05,1.673636006671586e-05,1.673636006671586e-05,1.673636006671586e-05,-4.547473508864641e-13,24,False,,1558
cand_825aafccb6bef0e71d87,fd,PRESENT,1.3727578334510326e-05,1559,65.42387927208166,28,28,0,0,1.0,1.5533768191744457e-05,1.3727577879762975e-05,1.5533768191744457e-05,1.5533768191744457e-05,1.8061898572341306e-06,31,False,,1560
cand_e593b3c7154f260b82c8,mcv,PRESENT,1.294122284889454e-05,1560,65.4016866400355,6,6,0,0,1.0,0.00011773984874707821,0.00011773984851970454,0.00011773984874707821,0.00011773984874707821,0.00010479862589818367,33,False,,1554
cand_618d43e930237fcfe89e,fd,PRESENT,1.2854825399699621e-05,1561,65.37949400798935,26,26,0,0,1.0,1.2854825399699621e-05,1.2854825399699621e-05,1.2854825399699621e-05,1.2854825399699621e-05,0.0,11,False,,1561
cand_def04f3678ae29c9548e,fd,PRESENT,6.622488399443682e-06,1562,65.35730137594318,29,29,0,0,1.0,6.622488172070007e-06,6.622487944696331e-06,6.622488172070007e-06,6.622488172070007e-06,-2.2737367544323206e-13,8,False,,1562
cand_27f6b6f85459772da63d,fd,PRESENT,2.0556763047352433e-06,1566,65.26853084775854,31,31,0,0,1.0,2.0556763047352433e-06,2.055676077361568e-06,2.055676077361568e-06,2.055676077361568e-06,0.0,3,False,,1566
cand_79969318cdd0c8185cfe,fd,PRESENT,2.0556763047352433e-06,1567,65.24633821571238,15,15,0,0,1.0,2.055676077361568e-06,2.055676077361568e-06,2.055676077361568e-06,2.055676077361568e-06,-2.2737367544323206e-13,21,False,,1567
cand_c298961a9be97e7d3c5f,fd,PRESENT,1.1839747457997873e-06,1569,65.20195295162006,24,24,0,0,1.0,1.183974063678761e-06,1.183974063678761e-06,1.183974063678761e-06,1.183974063678761e-06,-6.821210263296962e-13,13,False,,1569
cand_3731c7372872e0d91268,fd,PRESENT,1.1839747457997873e-06,1570,65.1797603195739,30,30,0,0,1.0,1.183974063678761e-06,1.183974063678761e-06,1.183974063678761e-06,1.183974063678761e-06,-6.821210263296962e-13,7,False,,1570
cand_024482341e5abacf609a,fd,PRESENT,1.1839056242024526e-06,1571,65.15756768752775,19,19,0,0,1.0,1.1839049420814263e-06,1.1839049420814263e-06,1.1839049420814263e-06,1.1839049420814263e-06,-6.821210263296962e-13,19,False,,1571
cand_d1bc63da1360a4b35cc3,mcv,PRESENT,0.0,1572,65.13537505548157,10,0,10,0,0.0,0.0,0.0,0.0,0.0,0.0,27,False,,1572
cand_5d5771ccbe63c8b021ed,mcv,PRESENT,0.0,1573,65.11318242343542,7,0,7,0,0.0,0.0,0.0,0.0,0.0,0.0,30,False,,1573
cand_69998c7e82e8464c070d,mcv,PRESENT,0.0,1576,65.04660452729694,10,0,10,0,0.0,0.0,0.0,0.0,0.0,0.0,27,False,,1576
cand_c8fdebf01c4bdd08169d,mcv,PRESENT,0.0,1577,65.02441189525078,15,0,15,0,0.0,0.0,0.0,0.0,0.0,0.0,8,False,,1577
cand_e4a581fd48f82d3a9118,mcv,PRESENT,0.0,1578,65.00221926320462,29,0,0,29,0.0,-0.03421170202250323,-0.03983308289502929,-0.03421170202250323,-0.03421170202250323,-0.03421170202250323,26,False,,1578
cand_83a60ac6ef55150f33b5,mcv,PRESENT,0.0,1579,64.98002663115845,8,0,8,0,0.0,0.0,0.0,0.0,0.0,0.0,29,False,,1579
cand_3c177750e4aefc722be0,mcv,PRESENT,0.0,1580,64.9578339991123,23,0,23,0,0.0,0.0,0.0,0.0,0.0,0.0,14,False,,1580
cand_3dfb29a7ee898b2921fd,mcv,PRESENT,0.0,1581,64.93564136706614,6,6,0,0,1.0,0.051254671649758166,0.051254671649758166,0.051254671649758166,0.051254671649758166,0.051254671649758166,31,False,,1581
cand_d871f0735ecb5972da5a,mcv,PRESENT,0.0,1582,64.91344873501997,24,0,3,21,0.0,0.0,-0.005091424594638738,-0.001527427378323413,0.0,0.0,13,False,,1582
cand_7452ddd20b56746082c9,mcv,PRESENT,0.0,1590,64.73590767865069,17,0,17,0,0.0,0.0,0.0,0.0,0.0,0.0,18,False,,1590
cand_11300f06f21556e8f7e5,mcv,PRESENT,0.0,1591,64.71371504660453,8,0,8,0,0.0,0.0,0.0,0.0,0.0,0.0,29,False,,1591
cand_03e566eef72503a7ec0a,mcv,PRESENT,0.0,1592,64.69152241455836,24,0,24,0,0.0,0.0,0.0,0.0,0.0,0.0,9,False,,1592
cand_fad627d8399b8bb94b0e,mcv,PRESENT,0.0,1596,64.60275188637372,20,0,0,20,0.0,-0.06996061840118273,-0.06996061840118273,-0.06996061840118273,-0.06996061840118273,-0.06996061840118273,19,False,,1596
cand_8fd0e085102c0b159c16,mcv,PRESENT,0.0,1602,64.46959609409676,17,0,0,17,0.0,-1.2129693253430105,-1.2129693253430105,-1.2129693253430105,-1.2129693253430105,-1.2129693253430105,20,False,,1602
cand_3f234b065e4da309f5e5,mcv,PRESENT,0.0,1603,64.4474034620506,28,0,28,0,0.0,0.0,0.0,0.0,0.0,0.0,9,False,,1603
cand_83c40a8424cbf43de006,mcv,PRESENT,0.0,1604,64.42521083000445,20,20,0,0,1.0,0.0646790358346152,0.0646790358346152,0.0646790358346152,0.0646790358346152,0.0646790358346152,23,False,,1604
cand_fe55a3d30895a67845f9,mcv,PRESENT,0.0,1609,64.31424766977364,15,0,15,0,0.0,0.0,0.0,0.0,0.0,0.0,22,False,,1609
cand_40b2cbd89546f0109bfd,mcv,PRESENT,0.0,1613,64.225477141589,29,0,29,0,0.0,0.0,0.0,0.0,0.0,0.0,8,False,,1613
cand_c13bb542ed5f3c597380,mcv,PRESENT,0.0,1615,64.18109187749667,30,0,30,0,0.0,0.0,0.0,0.0,0.0,0.0,7,False,,1615
cand_2b175a3a1ef302c209e0,mcv,PRESENT,0.0,1618,64.11451398135819,14,0,14,0,0.0,0.0,0.0,0.0,0.0,0.0,23,False,,1618
cand_866944bbc5823c3ce719,mcv,PRESENT,0.0,1619,64.09232134931203,16,0,16,0,0.0,0.0,0.0,0.0,0.0,0.0,21,False,,1619
cand_1522cfe0b63e7de70903,mcv,PRESENT,0.0,1620,64.07012871726587,10,0,10,0,0.0,0.0,0.0,0.0,0.0,0.0,27,False,,1620
cand_9c68ec7328646fe6c67a,mcv,PRESENT,0.0,1621,64.0479360852197,14,0,14,0,0.0,0.0,0.0,0.0,0.0,0.0,23,False,,1621
cand_e10f99909ddbfc3ce795,mcv,PRESENT,0.0,1622,64.02574345317355,20,0,20,0,0.0,0.0,0.0,0.0,0.0,0.0,7,False,,1622
cand_1cc1750ad6f2d8cd124c,mcv,PRESENT,0.0,1623,64.00355082112739,17,0,17,0,0.0,0.0,0.0,0.0,0.0,0.0,9,False,,1623
cand_8e074250df2d367b0af0,fd,ABSENT_NATIVE,0.0,1624,63.98135818908123,18,0,18,0,0.0,0.0,0.0,0.0,0.0,0.0,19,False,,1624
cand_66b0e8841eaa62116f2c,fd,ABSENT_NATIVE,0.0,1625,63.959165557035064,29,0,29,0,0.0,0.0,0.0,0.0,0.0,0.0,8,False,,1625
cand_36bfe1813088cbef3153,fd,PRESENT,0.0,1626,63.9369729249889,29,0,29,0,0.0,0.0,0.0,0.0,0.0,0.0,8,False,,1626
cand_ab4e7123b6f1b52ba62e,fd,PRESENT,0.0,1628,63.89258766089658,29,0,29,0,0.0,0.0,0.0,0.0,0.0,0.0,8,False,,1628
cand_8d80a029065ebaecc1ee,fd,PRESENT,0.0,1629,63.870395028850425,21,0,21,0,0.0,0.0,0.0,0.0,0.0,0.0,16,False,,1629
cand_28e124f58c0713d420d2,fd,PRESENT,0.0,1630,63.84820239680426,16,0,16,0,0.0,0.0,0.0,0.0,0.0,0.0,21,False,,1630
cand_c5f72da128044cb86eb3,fd,PRESENT,0.0,1631,63.8260097647581,28,0,28,0,0.0,0.0,0.0,0.0,0.0,0.0,9,False,,1631
cand_ad39e4beac9b8745fe14,fd,ABSENT_NATIVE,0.0,1632,63.80381713271194,29,0,29,0,0.0,0.0,0.0,0.0,0.0,0.0,8,False,,1632
cand_b8153a604528e960b94f,fd,PRESENT,0.0,1633,63.78162450066578,22,0,22,0,0.0,0.0,0.0,0.0,0.0,0.0,15,False,,1633
cand_845b63e808f761e2f94a,fd,PRESENT,0.0,1634,63.75943186861962,29,0,29,0,0.0,0.0,0.0,0.0,0.0,0.0,8,False,,1634
cand_724de2046a2a5124b926,fd,PRESENT,0.0,1636,63.715046604527295,30,0,30,0,0.0,0.0,0.0,0.0,0.0,0.0,7,False,,1636
cand_06758478e5309d5680ff,fd,PRESENT,0.0,1637,63.69285397248114,28,0,28,0,0.0,0.0,0.0,0.0,0.0,0.0,9,False,,1637
cand_49d1b0386bc337d56ba3,fd,PRESENT,0.0,1638,63.670661340434975,24,0,24,0,0.0,0.0,0.0,0.0,0.0,0.0,9,False,,1638
cand_daf2afde248cf404ef95,fd,PRESENT,0.0,1640,63.626276076342656,12,0,12,0,0.0,0.0,0.0,0.0,0.0,0.0,25,False,,1640
cand_dfc5b4930030412685c6,fd,PRESENT,0.0,1641,63.60408344429649,10,0,10,0,0.0,0.0,0.0,0.0,0.0,0.0,17,False,,1641
cand_db522909b2009ecfee63,fd,PRESENT,0.0,1642,63.581890812250336,26,0,26,0,0.0,0.0,0.0,0.0,0.0,0.0,9,False,,1642
cand_3c81f0b8dbc169342aca,fd,PRESENT,0.0,1644,63.53750554815801,29,0,29,0,0.0,0.0,0.0,0.0,0.0,0.0,8,False,,1644
cand_ed151812f17174832f66,fd,PRESENT,0.0,1645,63.51531291611185,8,0,8,0,0.0,0.0,0.0,0.0,0.0,0.0,29,False,,1645
cand_17cb84cfdd50487eb7ac,fd,PRESENT,0.0,1646,63.49312028406569,29,0,29,0,0.0,0.0,0.0,0.0,0.0,0.0,8,False,,1646
cand_aca7b0fbcab73c37fde0,fd,PRESENT,0.0,1649,63.426542387927206,18,0,18,0,0.0,0.0,0.0,0.0,0.0,0.0,19,False,,1649
cand_22d4debf1e92a699b2c9,fd,ABSENT_NATIVE,0.0,1650,63.40434975588105,28,0,28,0,0.0,0.0,0.0,0.0,0.0,0.0,9,False,,1650
cand_3f84782c517d5c826755,fd,ABSENT_NATIVE,0.0,1651,63.38215712383489,21,0,21,0,0.0,0.0,0.0,0.0,0.0,0.0,16,False,,1651
cand_189d1273ec9c8f898a69,fd,ABSENT_NATIVE,0.0,1652,63.35996449178872,18,0,18,0,0.0,0.0,0.0,0.0,0.0,0.0,19,False,,1652
cand_1fb3c74056e18d9084c3,fd,ABSENT_NATIVE,0.0,1653,63.33777185974257,1,0,1,0,0.0,0.0,0.0,0.0,0.0,0.0,19,False,,1653
cand_375bea6f150f1a0c34d0,fd,PRESENT,0.0,1654,63.315579227696404,22,0,22,0,0.0,0.0,0.0,0.0,0.0,0.0,15,False,,1654
cand_7a7d8a16073b660a5bf9,fd,ABSENT_NATIVE,0.0,1655,63.29338659565025,30,0,30,0,0.0,0.0,0.0,0.0,0.0,0.0,7,False,,1655
cand_21346057cbf97367f821,fd,PRESENT,0.0,1657,63.24900133155792,8,0,8,0,0.0,0.0,0.0,0.0,0.0,0.0,29,False,,1657
cand_eb849d93e88b717e322d,fd,PRESENT,0.0,1659,63.2046160674656,9,0,9,0,0.0,0.0,0.0,0.0,0.0,0.0,18,False,,1659
cand_374bee96c4c398787a49,fd,PRESENT,0.0,1660,63.18242343541944,12,0,12,0,0.0,0.0,0.0,0.0,0.0,0.0,25,False,,1660
cand_b443994542c22a5abf33,fd,ABSENT_NATIVE,0.0,1661,63.16023080337328,27,0,27,0,0.0,0.0,0.0,0.0,0.0,0.0,8,False,,1661
cand_5ebe89d34e81319512c7,fd,PRESENT,0.0,1662,63.13803817132712,26,0,26,0,0.0,0.0,0.0,0.0,0.0,0.0,9,False,,1662
cand_987edbd64e22b5de5192,fd,PRESENT,0.0,1663,63.11584553928096,29,0,29,0,0.0,0.0,0.0,0.0,0.0,0.0,8,False,,1663
cand_6211435256d6ac70ddbf,fd,PRESENT,0.0,1664,63.0936529072348,29,0,29,0,0.0,0.0,0.0,0.0,0.0,0.0,8,False,,1664
cand_13e51716c79b5c111fc1,fd,PRESENT,0.0,1665,63.071460275188635,29,0,29,0,0.0,0.0,0.0,0.0,0.0,0.0,8,False,,1665
cand_c68f3e5d5bab7981bd28,fd,ABSENT_NATIVE,0.0,1666,63.04926764314248,21,0,21,0,0.0,0.0,0.0,0.0,0.0,0.0,16,False,,1666
cand_be52bb7015e494986a25,fd,ABSENT_NATIVE,0.0,1667,63.027075011096315,28,0,28,0,0.0,0.0,0.0,0.0,0.0,0.0,9,False,,1667
cand_f62754aa0a599e73e72b,fd,PRESENT,0.0,1669,62.982689747003995,26,0,26,0,0.0,0.0,0.0,0.0,0.0,0.0,8,False,,1669
cand_7ede18831500e219bd05,fd,PRESENT,0.0,1671,62.938304482911676,29,0,29,0,0.0,0.0,0.0,0.0,0.0,0.0,8,False,,1671
cand_b79e5c81dd539478f2c7,fd,PRESENT,0.0,1672,62.91611185086551,29,0,29,0,0.0,0.0,0.0,0.0,0.0,0.0,8,False,,1672
cand_8b538ab1a76587f20e8d,fd,ABSENT_NATIVE,0.0,1673,62.89391921881935,27,0,27,0,0.0,0.0,0.0,0.0,0.0,0.0,8,False,,1673
cand_5db7dd3a086dbe37b4af,fd,PRESENT,0.0,1676,62.82734132268087,30,0,30,0,0.0,0.0,0.0,0.0,0.0,0.0,7,False,,1676
cand_05ff24376f524f3e4695,fd,PRESENT,0.0,1677,62.80514869063471,29,0,29,0,0.0,0.0,0.0,0.0,0.0,0.0,8,False,,1677
cand_e0df4e8bab4938e790cf,fd,ABSENT_NATIVE,0.0,1678,62.782956058588546,26,0,26,0,0.0,0.0,0.0,0.0,0.0,0.0,11,False,,1678
cand_75b657a7499d15385197,fd,ABSENT_NATIVE,0.0,1679,62.76076342654239,28,0,28,0,0.0,0.0,0.0,0.0,0.0,0.0,9,False,,1679
cand_ba05d2eb422c4bfa5455,fd,ABSENT_NATIVE,0.0,1680,62.738570794496226,5,0,5,0,0.0,0.0,0.0,0.0,0.0,0.0,32,False,,1680
cand_f4e9984caf08d88e4b3f,fd,ABSENT_NATIVE,0.0,1682,62.69418553040391,2,0,2,0,0.0,0.0,0.0,0.0,0.0,0.0,35,False,,1682
cand_71219af067588aa0ac6c,fd,ABSENT_NATIVE,0.0,1684,62.64980026631159,29,0,29,0,0.0,0.0,0.0,0.0,0.0,0.0,8,False,,1684
cand_0eb9c8de86bce361d1c2,fd,PRESENT,0.0,1685,62.62760763426542,28,14,14,0,0.5,0.00010262081968903658,5.131040973083145e-05,0.0001026208194616629,0.0001026208194616629,0.00010262081968903658,26,False,,1685
cand_2fb4e2297a852b3dd4f3,fd,ABSENT_NATIVE,0.0,1686,62.60541500221926,8,0,8,0,0.0,0.0,0.0,0.0,0.0,0.0,16,False,,1686
cand_ae28210d884a71f8ece8,fd,ABSENT_NATIVE,0.0,1687,62.583222370173104,2,0,2,0,0.0,0.0,0.0,0.0,0.0,0.0,33,False,,1687
cand_79f918607dfc8bbd4b5d,fd,ABSENT_NATIVE,0.0,1688,62.56102973812694,29,0,29,0,0.0,0.0,0.0,0.0,0.0,0.0,8,False,,1688
cand_fa56218421fa82ed4f78,fd,ABSENT_NATIVE,0.0,1689,62.538837106080784,24,0,24,0,0.0,0.0,0.0,0.0,0.0,0.0,13,False,,1689
cand_10999680b5d3b1640f10,fd,PRESENT,0.0,1690,62.51664447403462,21,0,21,0,0.0,0.0,0.0,0.0,0.0,0.0,16,False,,1690
cand_521153e4b10112d2ce85,fd,ABSENT_NATIVE,0.0,1693,62.45006657789614,29,0,29,0,0.0,0.0,0.0,0.0,0.0,0.0,8,False,,1693
cand_678b344bd08bc62791aa,fd,ABSENT_NATIVE,0.0,1694,62.427873945849974,23,0,23,0,0.0,0.0,0.0,0.0,0.0,0.0,13,False,,1694
cand_0cd87f56a9c081bfc4a5,fd,ABSENT_NATIVE,0.0,1695,62.40568131380382,13,0,13,0,0.0,0.0,0.0,0.0,0.0,0.0,24,False,,1695
cand_43cf83064f5441f2773e,fd,PRESENT,0.0,1697,62.3612960497115,29,0,29,0,0.0,0.0,0.0,0.0,0.0,0.0,8,False,,1697
cand_beecf0aa2cd9cfa844ae,fd,ABSENT_NATIVE,0.0,1698,62.339103417665335,28,0,28,0,0.0,0.0,0.0,0.0,0.0,0.0,9,False,,1698
cand_06b887990a91f742b87d,fd,ABSENT_NATIVE,0.0,1700,62.294718153573015,29,0,29,0,0.0,0.0,0.0,0.0,0.0,0.0,8,False,,1700
cand_42d461b53ea74616fa75,fd,ABSENT_NATIVE,0.0,1701,62.27252552152685,18,0,18,0,0.0,0.0,0.0,0.0,0.0,0.0,19,False,,1701
cand_595456057d597ba85e9d,fd,ABSENT_NATIVE,0.0,1702,62.250332889480696,4,0,4,0,0.0,0.0,0.0,0.0,0.0,0.0,33,False,,1702
cand_f8a525015a31216431dc,fd,ABSENT_NATIVE,0.0,1703,62.22814025743453,24,0,24,0,0.0,0.0,0.0,0.0,0.0,0.0,13,False,,1703
cand_4215a87dc4588e4953d8,fd,ABSENT_NATIVE,0.0,1704,62.20594762538837,2,0,2,0,0.0,0.0,0.0,0.0,0.0,0.0,35,False,,1704
cand_bee82a79072a142a6a6d,fd,ABSENT_NATIVE,0.0,1705,62.18375499334221,5,0,5,0,0.0,0.0,0.0,0.0,0.0,0.0,32,False,,1705
cand_6f2f4e4a7aa1bed3d11d,fd,ABSENT_NATIVE,0.0,1706,62.16156236129605,28,0,28,0,0.0,0.0,0.0,0.0,0.0,0.0,9,False,,1706
cand_91bf768218b4cda2cb13,fd,ABSENT_NATIVE,0.0,1707,62.139369729249886,28,0,28,0,0.0,0.0,0.0,0.0,0.0,0.0,9,False,,1707
cand_d8950e06a5273220457d,fd,ABSENT_NATIVE,0.0,1708,62.11717709720373,28,0,28,0,0.0,0.0,0.0,0.0,0.0,0.0,9,False,,1708
cand_81c89484c7918798e3d0,fd,ABSENT_NATIVE,0.0,1709,62.094984465157566,5,0,5,0,0.0,0.0,0.0,0.0,0.0,0.0,32,False,,1709
cand_2a7c707249a948c03a73,fd,ABSENT_NATIVE,0.0,1710,62.07279183311141,29,0,29,0,0.0,0.0,0.0,0.0,0.0,0.0,8,False,,1710
cand_a98849b05f71ba91bc22,fd,ABSENT_NATIVE,0.0,1712,62.02840656901908,20,0,20,0,0.0,0.0,0.0,0.0,0.0,0.0,16,False,,1712
cand_0409e28c68267e971b2a,fd,ABSENT_NATIVE,0.0,1713,62.00621393697293,6,0,6,0,0.0,0.0,0.0,0.0,0.0,0.0,19,False,,1713
cand_b708e5e85b80a1ff5678,fd,ABSENT_NATIVE,0.0,1714,61.98402130492676,28,0,28,0,0.0,0.0,0.0,0.0,0.0,0.0,9,False,,1714
cand_7de51f0cf2728c591747,fd,ABSENT_NATIVE,0.0,1715,61.96182867288061,16,0,16,0,0.0,0.0,0.0,0.0,0.0,0.0,21,False,,1715
cand_2b0379a1aaa633e1c359,fd,ABSENT_NATIVE,0.0,1716,61.93963604083444,29,0,29,0,0.0,0.0,0.0,0.0,0.0,0.0,8,False,,1716
cand_1643eb19adab7cb80fc3,fd,ABSENT_NATIVE,0.0,1717,61.91744340878828,21,0,21,0,0.0,0.0,0.0,0.0,0.0,0.0,16,False,,1717
cand_3007e8518763b7489486,fd,ABSENT_NATIVE,0.0,1719,61.87305814469596,18,0,18,0,0.0,0.0,0.0,0.0,0.0,0.0,18,False,,1719
cand_1eb616de44d67386ff8f,fd,PRESENT,0.0,1720,61.8508655126498,18,0,18,0,0.0,0.0,0.0,0.0,0.0,0.0,19,False,,1720
cand_45c2b27b0ef853bf62e8,fd,ABSENT_NATIVE,0.0,1721,61.82867288060364,12,0,12,0,0.0,0.0,0.0,0.0,0.0,0.0,25,False,,1721
cand_58d073d0d3241ddf4819,fd,ABSENT_NATIVE,0.0,1722,61.80648024855748,29,0,29,0,0.0,0.0,0.0,0.0,0.0,0.0,8,False,,1722
cand_374feed6917294ee2294,fd,ABSENT_NATIVE,0.0,1724,61.76209498446516,13,0,13,0,0.0,0.0,0.0,0.0,0.0,0.0,24,False,,1724
cand_3e25bd932ff1296efc73,fd,ABSENT_NATIVE,0.0,1725,61.739902352418994,16,0,16,0,0.0,0.0,0.0,0.0,0.0,0.0,21,False,,1725
cand_222c4327fcd37ce326dc,fd,PRESENT,0.0,1726,61.71770972037284,29,0,29,0,0.0,0.0,0.0,0.0,0.0,0.0,8,False,,1726
cand_3e0b73cd55ec634d35a7,fd,ABSENT_NATIVE,0.0,1727,61.695517088326675,18,0,18,0,0.0,0.0,0.0,0.0,0.0,0.0,19,False,,1727
cand_af817b7f445f45a84eed,fd,ABSENT_NATIVE,0.0,1728,61.67332445628052,20,0,20,0,0.0,0.0,0.0,0.0,0.0,0.0,17,False,,1728
cand_89610c342deb1a689d95,fd,ABSENT_NATIVE,0.0,1730,61.62893919218819,29,0,29,0,0.0,0.0,0.0,0.0,0.0,0.0,8,False,,1730
cand_5d6a4c237c6d87b5c4a8,fd,ABSENT_NATIVE,0.0,1731,61.606746560142035,20,0,20,0,0.0,0.0,0.0,0.0,0.0,0.0,17,False,,1731
cand_92479966b4247553affe,fd,PRESENT,0.0,1733,61.56236129604971,8,0,8,0,0.0,0.0,0.0,0.0,0.0,0.0,29,False,,1733
cand_2b3b509601c8ecccab58,fd,ABSENT_NATIVE,0.0,1734,61.54016866400355,17,0,17,0,0.0,0.0,0.0,0.0,0.0,0.0,19,False,,1734
cand_6766afde91450c621b58,fd,ABSENT_NATIVE,0.0,1735,61.51797603195739,20,0,20,0,0.0,0.0,0.0,0.0,0.0,0.0,9,False,,1735
cand_3f8efcf51d2426e11a14,fd,PRESENT,0.0,1736,61.49578339991123,28,0,28,0,0.0,0.0,0.0,0.0,0.0,0.0,9,False,,1736
cand_6a83cf5166b09f48a1af,fd,ABSENT_NATIVE,0.0,1737,61.47359076786507,20,0,20,0,0.0,0.0,0.0,0.0,0.0,0.0,17,False,,1737
cand_d0f29ef2ad42686e6709,fd,ABSENT_NATIVE,0.0,1738,61.451398135818906,23,0,23,0,0.0,0.0,0.0,0.0,0.0,0.0,14,False,,1738
cand_f27a7d03033cd919227c,fd,ABSENT_NATIVE,0.0,1739,61.42920550377275,28,0,28,0,0.0,0.0,0.0,0.0,0.0,0.0,9,False,,1739
cand_c50a1ea12c396690dafe,fd,PRESENT,0.0,1740,61.407012871726586,29,0,29,0,0.0,0.0,0.0,0.0,0.0,0.0,8,False,,1740
cand_147775629b8ff063e6fc,fd,ABSENT_NATIVE,0.0,1741,61.38482023968042,12,0,12,0,0.0,0.0,0.0,0.0,0.0,0.0,25,False,,1741
cand_783db666b9e99afbea06,fd,PRESENT,0.0,1743,61.3404349755881,10,0,10,0,0.0,0.0,0.0,0.0,0.0,0.0,27,False,,1743
cand_4d4ef1e904d673fa12e5,fd,ABSENT_NATIVE,0.0,1744,61.31824234354195,24,0,24,0,0.0,0.0,0.0,0.0,0.0,0.0,13,False,,1744
cand_997c49596050612600e4,fd,ABSENT_NATIVE,0.0,1747,61.25166444740346,20,0,20,0,0.0,0.0,0.0,0.0,0.0,0.0,17,False,,1747
cand_1c1e383390b1c64571a9,fd,ABSENT_NATIVE,0.0,1748,61.2294718153573,14,0,14,0,0.0,0.0,0.0,0.0,0.0,0.0,21,False,,1748
cand_c33d45c283ab0da984ba,fd,ABSENT_NATIVE,0.0,1749,61.207279183311144,20,0,20,0,0.0,0.0,0.0,0.0,0.0,0.0,17,False,,1749
cand_62b56b3ff5d1424542ad,fd,ABSENT_NATIVE,0.0,1750,61.18508655126498,16,0,16,0,0.0,0.0,0.0,0.0,0.0,0.0,21,False,,1750
cand_b7c222fd68c281389d29,fd,ABSENT_NATIVE,0.0,1752,61.14070128717266,29,0,29,0,0.0,0.0,0.0,0.0,0.0,0.0,8,False,,1752
cand_0964d69a42dfd3706563,fd,ABSENT_NATIVE,0.0,1753,61.1185086551265,18,0,18,0,0.0,0.0,0.0,0.0,0.0,0.0,19,False,,1753
cand_a1a0da6dcf1a839d6122,fd,ABSENT_NATIVE,0.0,1754,61.096316023080334,24,0,24,0,0.0,0.0,0.0,0.0,0.0,0.0,13,False,,1754
cand_04ba27a1f94553ad756a,fd,ABSENT_NATIVE,0.0,1755,61.07412339103418,16,0,16,0,0.0,0.0,0.0,0.0,0.0,0.0,21,False,,1755
cand_74164352aac922ed5fda,fd,ABSENT_NATIVE,0.0,1756,61.051930758988014,28,0,28,0,0.0,0.0,0.0,0.0,0.0,0.0,9,False,,1756
cand_02258d5fa1b476f05bca,fd,ABSENT_NATIVE,0.0,1757,61.02973812694186,20,0,20,0,0.0,0.0,0.0,0.0,0.0,0.0,9,False,,1757
cand_fa35528fa4bddaadf14d,fd,ABSENT_NATIVE,0.0,1758,61.007545494895695,19,0,19,0,0.0,0.0,0.0,0.0,0.0,0.0,18,False,,1758
cand_fd7a8c449b5b14db6cea,fd,ABSENT_NATIVE,0.0,1759,60.98535286284953,14,0,14,0,0.0,0.0,0.0,0.0,0.0,0.0,23,False,,1759
cand_ddd951fda363b1b37019,fd,ABSENT_NATIVE,0.0,1760,60.963160230803375,23,0,23,0,0.0,0.0,0.0,0.0,0.0,0.0,9,False,,1760
cand_d2fa699a28e91424dd31,fd,ABSENT_NATIVE,0.0,1761,60.94096759875721,29,0,29,0,0.0,0.0,0.0,0.0,0.0,0.0,8,False,,1761
cand_291665c7ef0f9bf0e309,fd,ABSENT_NATIVE,0.0,1762,60.918774966711055,24,0,24,0,0.0,0.0,0.0,0.0,0.0,0.0,13,False,,1762
cand_686c4a1ac3e36f855f77,fd,ABSENT_NATIVE,0.0,1764,60.87438970261873,21,0,21,0,0.0,0.0,0.0,0.0,0.0,0.0,16,False,,1764
cand_6da5adff3d22a16a0537,fd,ABSENT_NATIVE,0.0,1765,60.85219707057257,16,0,16,0,0.0,0.0,0.0,0.0,0.0,0.0,21,False,,1765
cand_00bcf33e841b724f9879,fd,ABSENT_NATIVE,0.0,1766,60.83000443852641,18,0,18,0,0.0,0.0,0.0,0.0,0.0,0.0,19,False,,1766
cand_ed326382376f128078d5,fd,ABSENT_NATIVE,0.0,1767,60.807811806480245,24,0,24,0,0.0,0.0,0.0,0.0,0.0,0.0,13,False,,1767
cand_78f53da5bff2666adef8,fd,ABSENT_NATIVE,0.0,1768,60.78561917443409,14,0,14,0,0.0,0.0,0.0,0.0,0.0,0.0,23,False,,1768
cand_894862de53a1b9fe88c8,fd,ABSENT_NATIVE,0.0,1769,60.763426542387926,29,0,29,0,0.0,0.0,0.0,0.0,0.0,0.0,8,False,,1769
cand_38d6d86cb2caa2bcb5a9,fd,ABSENT_NATIVE,0.0,1770,60.74123391034177,30,0,30,0,0.0,0.0,0.0,0.0,0.0,0.0,7,False,,1770
cand_d8eda7b0bd50c6c03521,fd,ABSENT_NATIVE,0.0,1771,60.719041278295606,23,0,23,0,0.0,0.0,0.0,0.0,0.0,0.0,9,False,,1771
cand_d1fedbf812f5d70088e7,fd,ABSENT_NATIVE,0.0,1772,60.69684864624944,28,0,28,0,0.0,0.0,0.0,0.0,0.0,0.0,9,False,,1772
cand_4fe4e6518d224e08fb14,fd,ABSENT_NATIVE,0.0,1773,60.674656014203286,24,0,24,0,0.0,0.0,0.0,0.0,0.0,0.0,13,False,,1773
cand_e094398bf37e2c93e294,fd,ABSENT_NATIVE,0.0,1774,60.65246338215712,29,0,29,0,0.0,0.0,0.0,0.0,0.0,0.0,8,False,,1774
cand_cfebaf8303b0fa90842f,fd,ABSENT_NATIVE,0.0,1775,60.63027075011097,20,0,20,0,0.0,0.0,0.0,0.0,0.0,0.0,17,False,,1775
cand_3c13d89653f1fc8e3269,fd,PRESENT,0.0,1776,60.6080781180648,18,0,18,0,0.0,0.0,0.0,0.0,0.0,0.0,19,False,,1776
cand_fdab5499bab2c03e5e39,fd,ABSENT_NATIVE,0.0,1777,60.58588548601864,19,0,19,0,0.0,0.0,0.0,0.0,0.0,0.0,18,False,,1777
cand_41a7c327784b9fe808d7,fd,ABSENT_NATIVE,0.0,1778,60.56369285397248,24,0,24,0,0.0,0.0,0.0,0.0,0.0,0.0,13,False,,1778
cand_d75e73218cbceac9a071,fd,ABSENT_NATIVE,0.0,1779,60.54150022192632,30,0,30,0,0.0,0.0,0.0,0.0,0.0,0.0,7,False,,1779
cand_86dbbca257825312daf3,fd,ABSENT_NATIVE,0.0,1780,60.51930758988016,29,0,29,0,0.0,0.0,0.0,0.0,0.0,0.0,8,False,,1780
cand_d3dd712a924377da6fb0,fd,ABSENT_NATIVE,0.0,1781,60.497114957834,28,0,28,0,0.0,0.0,0.0,0.0,0.0,0.0,9,False,,1781
cand_536d10cf50a6ed9d9fa4,fd,ABSENT_NATIVE,0.0,1783,60.45272969374168,29,0,29,0,0.0,0.0,0.0,0.0,0.0,0.0,8,False,,1783
cand_028dac0e928120d75727,fd,PRESENT,0.0,1784,60.43053706169552,21,0,21,0,0.0,0.0,0.0,0.0,0.0,0.0,16,False,,1784
cand_b4bede19d53ebf75d6c5,fd,ABSENT_NATIVE,0.0,1785,60.408344429649354,21,0,21,0,0.0,0.0,0.0,0.0,0.0,0.0,16,False,,1785
cand_7bae6d46992265d2e159,fd,ABSENT_NATIVE,0.0,1786,60.3861517976032,20,0,20,0,0.0,0.0,0.0,0.0,0.0,0.0,9,False,,1786
cand_93850486cdc957d4604b,fd,PRESENT,0.0,1787,60.363959165557034,2,0,2,0,0.0,0.0,0.0,0.0,0.0,0.0,35,False,,1787
cand_bbfc019656549d41b659,fd,ABSENT_NATIVE,0.0,1788,60.34176653351088,4,0,4,0,0.0,0.0,0.0,0.0,0.0,0.0,33,False,,1788
cand_ec33771049b25751c03b,fd,ABSENT_NATIVE,0.0,1789,60.319573901464715,30,0,30,0,0.0,0.0,0.0,0.0,0.0,0.0,7,False,,1789
cand_5669923b5236d0b6ffe7,fd,ABSENT_NATIVE,0.0,1790,60.29738126941855,29,0,29,0,0.0,0.0,0.0,0.0,0.0,0.0,8,False,,1790
cand_d0b05afabce0e22b4c10,fd,ABSENT_NATIVE,0.0,1791,60.275188637372395,29,0,29,0,0.0,0.0,0.0,0.0,0.0,0.0,8,False,,1791
cand_8adaaf4c833e7bf36424,fd,ABSENT_NATIVE,0.0,1792,60.25299600532623,29,0,29,0,0.0,0.0,0.0,0.0,0.0,0.0,8,False,,1792
cand_4adf09764c5572b3e72d,fd,PRESENT,0.0,1793,60.23080337328007,9,0,9,0,0.0,0.0,0.0,0.0,0.0,0.0,28,False,,1793
cand_8e64554eb117ebda1736,fd,ABSENT_NATIVE,0.0,1794,60.20861074123391,29,0,29,0,0.0,0.0,0.0,0.0,0.0,0.0,8,False,,1794
cand_6df5773d64a165ff558e,fd,ABSENT_NATIVE,0.0,1795,60.18641810918775,12,0,12,0,0.0,0.0,0.0,0.0,0.0,0.0,15,False,,1795
cand_a0e852720c40a47d5988,fd,ABSENT_NATIVE,0.0,1796,60.16422547714159,1,0,1,0,0.0,0.0,0.0,0.0,0.0,0.0,7,False,,1796
cand_aa0e38c522706e417621,fd,ABSENT_NATIVE,0.0,1797,60.14203284509543,30,0,30,0,0.0,0.0,0.0,0.0,0.0,0.0,7,False,,1797
cand_31eced1997e4cf59a457,fd,ABSENT_NATIVE,0.0,1798,60.119840213049265,19,0,19,0,0.0,0.0,0.0,0.0,0.0,0.0,18,False,,1798
cand_e6e2fa60d4be805e07ed,fd,ABSENT_NATIVE,0.0,1800,60.075454948956946,1,0,1,0,0.0,0.0,0.0,0.0,0.0,0.0,7,False,,1800
cand_b2b8c93d8ff9c0ba01c1,fd,ABSENT_NATIVE,0.0,1801,60.05326231691078,26,0,26,0,0.0,0.0,0.0,0.0,0.0,0.0,11,False,,1801
cand_8ff7be3a60c70492e66d,fd,ABSENT_NATIVE,0.0,1802,60.031069684864626,29,0,29,0,0.0,0.0,0.0,0.0,0.0,0.0,7,False,,1802
cand_9928f8bc92ae4373160f,fd,ABSENT_NATIVE,0.0,1804,59.986684420772306,16,0,16,0,0.0,0.0,0.0,0.0,0.0,0.0,21,False,,1804
cand_cf120d706232262fb666,fd,ABSENT_NATIVE,0.0,1806,59.94229915667998,9,0,9,0,0.0,0.0,0.0,0.0,0.0,0.0,28,False,,1806
cand_428dc552c2c28af14a67,fd,ABSENT_NATIVE,0.0,1807,59.92010652463382,4,0,4,0,0.0,0.0,0.0,0.0,0.0,0.0,33,False,,1807
cand_722bee8364f6ee4d562f,fd,ABSENT_NATIVE,0.0,1808,59.89791389258766,21,0,21,0,0.0,0.0,0.0,0.0,0.0,0.0,16,False,,1808
cand_b583f1569557616b076f,fd,ABSENT_NATIVE,0.0,1809,59.8757212605415,1,0,1,0,0.0,0.0,0.0,0.0,0.0,0.0,36,False,,1809
cand_0d2b80de22f1709c3f25,fd,ABSENT_NATIVE,0.0,1812,59.80914336440302,18,0,18,0,0.0,0.0,0.0,0.0,0.0,0.0,19,False,,1812
cand_1b684f0118a8ecef2953,fd,ABSENT_NATIVE,0.0,1813,59.78695073235686,4,0,4,0,0.0,0.0,0.0,0.0,0.0,0.0,33,False,,1813
cand_052b27d777929976e600,fd,ABSENT_NATIVE,0.0,1814,59.764758100310694,24,0,24,0,0.0,0.0,0.0,0.0,0.0,0.0,13,False,,1814
cand_6df0ad19d68b79f632be,fd,ABSENT_NATIVE,0.0,1816,59.720372836218374,21,0,21,0,0.0,0.0,0.0,0.0,0.0,0.0,16,False,,1816
cand_6b9f4c7129302484aa7d,fd,ABSENT_NATIVE,0.0,1817,59.69818020417222,30,0,30,0,0.0,0.0,0.0,0.0,0.0,0.0,7,False,,1817
cand_163081f1888a5076e0e7,fd,ABSENT_NATIVE,0.0,1819,59.65379494007989,19,0,19,0,0.0,0.0,0.0,0.0,0.0,0.0,18,False,,1819
cand_3915fc29d79bbb3da7bf,fd,ABSENT_NATIVE,0.0,1821,59.60940967598757,29,0,29,0,0.0,0.0,0.0,0.0,0.0,0.0,8,False,,1821
cand_bd9071b1683687c8df87,fd,ABSENT_NATIVE,0.0,1823,59.56502441189525,25,0,25,0,0.0,0.0,0.0,0.0,0.0,0.0,7,False,,1823
cand_0fd4b65166ab9f519811,fd,ABSENT_NATIVE,0.0,1824,59.54283177984909,16,0,16,0,0.0,0.0,0.0,0.0,0.0,0.0,21,False,,1824
cand_e41db97c72060d46fbde,fd,ABSENT_NATIVE,0.0,1825,59.52063914780293,22,0,22,0,0.0,0.0,0.0,0.0,0.0,0.0,15,False,,1825
cand_bc0cbebfc51c52e3e2da,fd,PRESENT,0.0,1826,59.49844651575677,29,0,29,0,0.0,0.0,0.0,0.0,0.0,0.0,7,False,,1826
cand_b6a218fc51b55dd5f994,fd,ABSENT_NATIVE,0.0,1827,59.476253883710605,30,0,30,0,0.0,0.0,0.0,0.0,0.0,0.0,7,False,,1827
cand_1eb26042f73d051f2abb,fd,PRESENT,0.0,1828,59.45406125166445,20,0,20,0,0.0,0.0,0.0,0.0,0.0,0.0,17,False,,1828
cand_30a07cf6d0f8c4c47b67,fd,ABSENT_NATIVE,0.0,1829,59.431868619618285,24,0,24,0,0.0,0.0,0.0,0.0,0.0,0.0,13,False,,1829
cand_50c30f400389fffc0249,fd,ABSENT_NATIVE,0.0,1830,59.40967598757213,30,0,30,0,0.0,0.0,0.0,0.0,0.0,0.0,7,False,,1830
cand_f8a9a1300dd028180001,fd,ABSENT_NATIVE,0.0,1831,59.387483355525966,28,0,28,0,0.0,0.0,0.0,0.0,0.0,0.0,9,False,,1831
cand_e78181339a0aa427d093,fd,ABSENT_NATIVE,0.0,1832,59.3652907234798,3,0,3,0,0.0,0.0,0.0,0.0,0.0,0.0,34,False,,1832
cand_2e69cef967def45c75df,fd,ABSENT_NATIVE,0.0,1834,59.32090545938748,30,0,30,0,0.0,0.0,0.0,0.0,0.0,0.0,7,False,,1834
cand_a6a28313f868e8c030bf,fd,PRESENT,0.0,1835,59.298712827341326,30,6,24,0,0.2,1.806190539355157e-06,0.0,1.8061903119814815e-06,1.8061903119814815e-06,1.806190539355157e-06,35,False,,1835
cand_7713f935d8a4701ef464,fd,ABSENT_NATIVE,0.0,1836,59.27652019529516,22,0,22,0,0.0,0.0,0.0,0.0,0.0,0.0,7,False,,1836
cand_d9559a8111f413f4e9d8,fd,ABSENT_NATIVE,0.0,1837,59.254327563249,29,0,29,0,0.0,0.0,0.0,0.0,0.0,0.0,8,False,,1837
cand_cbe577cd9f66755b74d1,fd,ABSENT_NATIVE,0.0,1838,59.23213493120284,1,0,1,0,0.0,0.0,0.0,0.0,0.0,0.0,7,False,,1838
cand_79f6584bc74e9d1e12b2,fd,ABSENT_NATIVE,0.0,1840,59.187749667110516,3,0,3,0,0.0,0.0,0.0,0.0,0.0,0.0,34,False,,1840
cand_178bbfba5940a4391e79,fd,ABSENT_NATIVE,0.0,1842,59.1433644030182,17,0,17,0,0.0,0.0,0.0,0.0,0.0,0.0,7,False,,1842
cand_4dfa82cfe5f5cbde1fe6,fd,ABSENT_NATIVE,0.0,1843,59.12117177097204,30,0,30,0,0.0,0.0,0.0,0.0,0.0,0.0,7,False,,1843
cand_08661a3bec1c4052dc13,fd,ABSENT_NATIVE,0.0,1844,59.09897913892588,3,0,3,0,0.0,0.0,0.0,0.0,0.0,0.0,34,False,,1844
cand_8803aec5016f5ba5714d,fd,PRESENT,0.0,1847,59.032401242787394,17,0,17,0,0.0,0.0,0.0,0.0,0.0,0.0,19,False,,1847
cand_c735da48bad841e416c2,fd,ABSENT_NATIVE,0.0,1848,59.01020861074123,18,0,18,0,0.0,0.0,0.0,0.0,0.0,0.0,9,False,,1848
cand_1879fbef30a4216834e3,fd,ABSENT_NATIVE,0.0,1849,58.988015978695074,8,0,8,0,0.0,0.0,0.0,0.0,0.0,0.0,29,False,,1849
cand_a72833df94836ac10b18,fd,ABSENT_NATIVE,0.0,1850,58.96582334664891,23,0,23,0,0.0,0.0,0.0,0.0,0.0,0.0,13,False,,1850
cand_f18ed83cae3c98ef0bac,fd,ABSENT_NATIVE,0.0,1851,58.943630714602754,28,0,28,0,0.0,0.0,0.0,0.0,0.0,0.0,9,False,,1851
cand_e89473bab3775890906d,fd,PRESENT,0.0,1852,58.92143808255659,10,0,10,0,0.0,0.0,0.0,0.0,0.0,0.0,15,False,,1852
cand_bca716d0d6d809595d9a,fd,ABSENT_NATIVE,0.0,1853,58.89924545051043,18,0,18,0,0.0,0.0,0.0,0.0,0.0,0.0,19,False,,1853
cand_3cf064de51c6d3424f10,fd,PRESENT,0.0,1854,58.87705281846427,29,0,29,0,0.0,0.0,0.0,0.0,0.0,0.0,8,False,,1854
cand_065a2eb26289d6717c06,fd,ABSENT_NATIVE,0.0,1856,58.83266755437195,28,0,28,0,0.0,0.0,0.0,0.0,0.0,0.0,9,False,,1856
cand_39e0e4639ffe28e7ca02,fd,ABSENT_NATIVE,0.0,1857,58.81047492232579,4,0,4,0,0.0,0.0,0.0,0.0,0.0,0.0,33,False,,1857
cand_c988ece09b6759e4551d,fd,ABSENT_NATIVE,0.0,1858,58.788282290279625,21,0,21,0,0.0,0.0,0.0,0.0,0.0,0.0,14,False,,1858
cand_960aad34983142892cce,fd,ABSENT_NATIVE,0.0,1859,58.76608965823347,28,0,28,0,0.0,0.0,0.0,0.0,0.0,0.0,9,False,,1859
cand_4bf3baf510bcc3098de4,fd,ABSENT_NATIVE,0.0,1861,58.72170439414114,18,0,18,0,0.0,0.0,0.0,0.0,0.0,0.0,19,False,,1861
cand_baee437723de81e76c01,fd,PRESENT,0.0,1864,58.655126498002666,9,0,9,0,0.0,0.0,0.0,0.0,0.0,0.0,15,False,,1864
cand_35295e98d41ced6d438c,fd,PRESENT,0.0,1865,58.6329338659565,29,0,29,0,0.0,0.0,0.0,0.0,0.0,0.0,8,False,,1865
cand_2678a1b81431d1d23fc9,fd,PRESENT,0.0,1866,58.61074123391034,29,0,29,0,0.0,0.0,0.0,0.0,0.0,0.0,8,False,,1866
cand_783d0645442bbe54d6dd,fd,ABSENT_NATIVE,0.0,1867,58.58854860186418,29,0,29,0,0.0,0.0,0.0,0.0,0.0,0.0,8,False,,1867
cand_57ee98f7e8979ca9297c,fd,ABSENT_NATIVE,0.0,1868,58.56635596981802,28,0,28,0,0.0,0.0,0.0,0.0,0.0,0.0,9,False,,1868
cand_0b68589722ecde856711,fd,ABSENT_NATIVE,0.0,1869,58.54416333777186,22,0,22,0,0.0,0.0,0.0,0.0,0.0,0.0,15,False,,1869
cand_75d07c639841c450a5d3,fd,ABSENT_NATIVE,0.0,1870,58.5219707057257,4,0,4,0,0.0,0.0,0.0,0.0,0.0,0.0,33,False,,1870
cand_392b7baf813553deee0e,fd,PRESENT,0.0,1871,58.499778073679536,30,0,30,0,0.0,0.0,0.0,0.0,0.0,0.0,7,False,,1871
cand_ccae9b213121cf3c89bb,fd,ABSENT_NATIVE,0.0,1872,58.47758544163338,28,0,28,0,0.0,0.0,0.0,0.0,0.0,0.0,9,False,,1872
cand_39085a4c87f2fae996b3,fd,PRESENT,0.0,1873,58.45539280958722,24,0,24,0,0.0,0.0,0.0,0.0,0.0,0.0,9,False,,1873
cand_7a73ca770097495c4486,fd,PRESENT,0.0,1876,58.38881491344873,30,0,30,0,0.0,0.0,0.0,0.0,0.0,0.0,2,False,,1876
cand_77ee0fb27bfe9d898d0f,fd,ABSENT_NATIVE,0.0,1877,58.36662228140258,1,0,1,0,0.0,0.0,0.0,0.0,0.0,0.0,2,False,,1877
cand_633d00ef0ff599c6a84c,fd,ABSENT_NATIVE,0.0,1879,58.32223701731025,8,0,8,0,0.0,0.0,0.0,0.0,0.0,0.0,9,False,,1879
cand_d2cf14f6182eb93db6dd,fd,ABSENT_NATIVE,0.0,1880,58.300044385264094,29,0,29,0,0.0,0.0,0.0,0.0,0.0,0.0,8,False,,1880
cand_2d3f8c4bba2ed7eb2b81,fd,PRESENT,0.0,1881,58.27785175321793,20,0,20,0,0.0,0.0,0.0,0.0,0.0,0.0,17,False,,1881
cand_5f0cafe491528584900f,fd,ABSENT_NATIVE,0.0,1882,58.255659121171774,4,0,4,0,0.0,0.0,0.0,0.0,0.0,0.0,33,False,,1882
cand_ddf0ff825cca3d2fbab2,fd,PRESENT,0.0,1883,58.23346648912561,18,0,18,0,0.0,0.0,0.0,0.0,0.0,0.0,2,False,,1883
cand_f667944e2d541ccbf44a,fd,ABSENT_NATIVE,0.0,1884,58.21127385707945,1,0,1,0,0.0,0.0,0.0,0.0,0.0,0.0,2,False,,1884
cand_3b414ca96823228e9c1f,fd,PRESENT,0.0,1885,58.18908122503329,10,0,10,0,0.0,0.0,0.0,0.0,0.0,0.0,2,False,,1885
cand_d67f33063830087ad923,fd,ABSENT_NATIVE,0.0,1886,58.16688859298713,29,0,29,0,0.0,0.0,0.0,0.0,0.0,0.0,8,False,,1886
cand_4b4954a85d2f8f110718,fd,ABSENT_NATIVE,0.0,1890,58.07811806480249,29,0,29,0,0.0,0.0,0.0,0.0,0.0,0.0,8,False,,1890
cand_3d72768a792b05677a60,fd,ABSENT_NATIVE,0.0,1891,58.055925432756325,24,0,24,0,0.0,0.0,0.0,0.0,0.0,0.0,13,False,,1891
cand_31f21dd624f765ee0887,fd,ABSENT_NATIVE,0.0,1892,58.03373280071016,3,0,3,0,0.0,0.0,0.0,0.0,0.0,0.0,7,False,,1892
cand_24872109d69884473b90,fd,ABSENT_NATIVE,0.0,1893,58.011540168664006,30,0,30,0,0.0,0.0,0.0,0.0,0.0,0.0,7,False,,1893
cand_318322144d4de2f4bbed,fd,ABSENT_NATIVE,0.0,1894,57.98934753661784,22,0,22,0,0.0,0.0,0.0,0.0,0.0,0.0,8,False,,1894
cand_4dda221820e90edaa35a,fd,ABSENT_NATIVE,0.0,1895,57.96715490457168,29,0,29,0,0.0,0.0,0.0,0.0,0.0,0.0,8,False,,1895
cand_e3b166e3242f64cd5331,fd,ABSENT_NATIVE,0.0,1896,57.94496227252552,1,0,1,0,0.0,0.0,0.0,0.0,0.0,0.0,7,False,,1896
cand_942219981256cae39766,fd,ABSENT_NATIVE,0.0,1897,57.92276964047936,27,0,27,0,0.0,0.0,0.0,0.0,0.0,0.0,10,False,,1897
cand_1c296260e05c519ed75d,fd,ABSENT_NATIVE,0.0,1899,57.87838437638704,19,0,19,0,0.0,0.0,0.0,0.0,0.0,0.0,9,False,,1899
cand_64cf5f8b15f1a327af29,fd,ABSENT_NATIVE,0.0,1900,57.856191744340876,28,0,28,0,0.0,0.0,0.0,0.0,0.0,0.0,8,False,,1900
cand_5a17f23e365919e07671,fd,ABSENT_NATIVE,0.0,1901,57.83399911229472,29,0,29,0,0.0,0.0,0.0,0.0,0.0,0.0,8,False,,1901
cand_23d802e58c4c24345b82,fd,ABSENT_NATIVE,0.0,1902,57.811806480248556,16,0,16,0,0.0,0.0,0.0,0.0,0.0,0.0,21,False,,1902
cand_43896e8ca9e539400f74,fd,ABSENT_NATIVE,0.0,1903,57.7896138482024,29,0,29,0,0.0,0.0,0.0,0.0,0.0,0.0,8,False,,1903
cand_96b4102fff1878313a13,fd,ABSENT_NATIVE,0.0,1904,57.76742121615624,29,0,29,0,0.0,0.0,0.0,0.0,0.0,0.0,8,False,,1904
cand_0caf24e83e61a9c546b5,fd,ABSENT_NATIVE,0.0,1906,57.72303595206392,5,0,5,0,0.0,0.0,0.0,0.0,0.0,0.0,32,False,,1906
cand_4c0d78cd8a0ff57c1164,fd,ABSENT_NATIVE,0.0,1907,57.70084332001775,29,0,29,0,0.0,0.0,0.0,0.0,0.0,0.0,8,False,,1907
cand_2d7b7b1518532275422d,fd,PRESENT,0.0,1908,57.67865068797159,16,0,16,0,0.0,0.0,0.0,0.0,0.0,0.0,21,False,,1908
cand_de1bc5429481325c9c4e,fd,PRESENT,0.0,1909,57.656458055925434,23,0,23,0,0.0,0.0,0.0,0.0,0.0,0.0,14,False,,1909
cand_25b7d20b7b5724f9ee2b,fd,ABSENT_NATIVE,0.0,1911,57.612072791833114,29,0,29,0,0.0,0.0,0.0,0.0,0.0,0.0,8,False,,1911
cand_2aeff12bd84fe52ea983,fd,ABSENT_NATIVE,0.0,1912,57.58988015978695,20,0,20,0,0.0,0.0,0.0,0.0,0.0,0.0,17,False,,1912
cand_b892a6ce35582519705e,fd,ABSENT_NATIVE,0.0,1914,57.54549489569463,17,0,17,0,0.0,0.0,0.0,0.0,0.0,0.0,7,False,,1914
cand_3f8ef519e83af11c54b8,fd,ABSENT_NATIVE,0.0,1915,57.52330226364847,20,0,20,0,0.0,0.0,0.0,0.0,0.0,0.0,17,False,,1915
cand_95cacca3b50822ab86d1,fd,ABSENT_NATIVE,0.0,1916,57.50110963160231,30,0,30,0,0.0,0.0,0.0,0.0,0.0,0.0,7,False,,1916
cand_ac5cc7966f21a92958c8,fd,PRESENT,0.0,1917,57.47891699955615,29,0,29,0,0.0,0.0,0.0,0.0,0.0,0.0,7,False,,1917
cand_53a4064958d86da7951d,fd,ABSENT_NATIVE,0.0,1918,57.456724367509985,29,0,29,0,0.0,0.0,0.0,0.0,0.0,0.0,8,False,,1918
cand_4bd2416f23094dceb6cf,fd,ABSENT_NATIVE,0.0,1919,57.43453173546383,24,0,24,0,0.0,0.0,0.0,0.0,0.0,0.0,13,False,,1919
cand_eb79c79629c1ff5e978b,fd,PRESENT,0.0,1920,57.412339103417665,21,0,21,0,0.0,0.0,0.0,0.0,0.0,0.0,16,False,,1920
cand_5ac62d578c5b02883be8,fd,ABSENT_NATIVE,0.0,1921,57.3901464713715,29,0,29,0,0.0,0.0,0.0,0.0,0.0,0.0,8,False,,1921
cand_a10ba679ebb5ed4962ca,fd,PRESENT,0.0,1922,57.367953839325345,29,0,29,0,0.0,0.0,0.0,0.0,0.0,0.0,8,False,,1922
cand_f53c3b9522725a98f265,fd,ABSENT_NATIVE,0.0,1923,57.34576120727918,5,0,5,0,0.0,0.0,0.0,0.0,0.0,0.0,32,False,,1923
cand_90b7737dd0515aa559d5,fd,ABSENT_NATIVE,0.0,1924,57.323568575233026,29,0,29,0,0.0,0.0,0.0,0.0,0.0,0.0,8,False,,1924
cand_11510a406a9f2be34782,fd,ABSENT_NATIVE,0.0,1925,57.30137594318686,28,0,28,0,0.0,0.0,0.0,0.0,0.0,0.0,9,False,,1925
cand_f0b568940268eaffea0c,fd,ABSENT_NATIVE,0.0,1926,57.2791833111407,27,0,27,0,0.0,0.0,0.0,0.0,0.0,0.0,7,False,,1926
cand_8ce02116d902874d8932,fd,PRESENT,0.0,1927,57.25699067909454,1,0,1,0,0.0,0.0,0.0,0.0,0.0,0.0,35,False,,1927
cand_0199b4297987207aaa66,fd,ABSENT_NATIVE,0.0,1928,57.23479804704838,25,0,25,0,0.0,0.0,0.0,0.0,0.0,0.0,7,False,,1928
cand_b1503808748b09eb78ac,fd,ABSENT_NATIVE,0.0,1929,57.21260541500222,30,0,30,0,0.0,0.0,0.0,0.0,0.0,0.0,7,False,,1929
cand_1d8418946f7692aa11da,fd,PRESENT,0.0,1930,57.19041278295606,19,0,19,0,0.0,0.0,0.0,0.0,0.0,0.0,9,False,,1930
cand_14c5e27fca7981addc58,fd,ABSENT_NATIVE,0.0,1931,57.168220150909896,30,0,30,0,0.0,0.0,0.0,0.0,0.0,0.0,7,False,,1931
cand_f3809582089f74bf25e5,fd,ABSENT_NATIVE,0.0,1932,57.14602751886374,29,0,29,0,0.0,0.0,0.0,0.0,0.0,0.0,7,False,,1932
cand_7ba2ba8deaed84f7dce8,fd,PRESENT,0.0,1933,57.123834886817576,30,0,30,0,0.0,0.0,0.0,0.0,0.0,0.0,7,False,,1933
cand_db4e8e2167a6ffd17202,fd,ABSENT_NATIVE,0.0,1934,57.10164225477141,28,0,28,0,0.0,0.0,0.0,0.0,0.0,0.0,9,False,,1934
cand_41f7b0d80315637c5ef9,fd,ABSENT_NATIVE,0.0,1935,57.07944962272526,28,0,28,0,0.0,0.0,0.0,0.0,0.0,0.0,9,False,,1935
cand_1190627983cbaac27295,fd,ABSENT_NATIVE,0.0,1936,57.05725699067909,22,0,22,0,0.0,0.0,0.0,0.0,0.0,0.0,15,False,,1936
cand_1d07ec86fbea49124ab4,fd,ABSENT_NATIVE,0.0,1937,57.03506435863294,29,0,29,0,0.0,0.0,0.0,0.0,0.0,0.0,8,False,,1937
cand_13b337a35e04cb4307da,fd,ABSENT_NATIVE,0.0,1939,56.99067909454061,31,0,31,0,0.0,0.0,0.0,0.0,0.0,0.0,1,False,,1939
cand_aa526ce108fe8547f44c,fd,ABSENT_NATIVE,0.0,1941,56.94629383044829,10,0,10,0,0.0,0.0,0.0,0.0,0.0,0.0,27,False,,1941
cand_74370b20441df2dee8b9,fd,ABSENT_NATIVE,0.0,1943,56.90190856635597,24,0,24,0,0.0,0.0,0.0,0.0,0.0,0.0,13,False,,1943
cand_8cebcc4999665aa40d72,fd,ABSENT_NATIVE,0.0,1944,56.87971593430981,28,0,28,0,0.0,0.0,0.0,0.0,0.0,0.0,9,False,,1944
cand_ecbaa1566e9ca0173cd2,fd,ABSENT_NATIVE,0.0,1945,56.85752330226365,16,0,16,0,0.0,0.0,0.0,0.0,0.0,0.0,21,False,,1945
cand_6108222bc39e7ee6b6bd,fd,PRESENT,0.0,1946,56.83533067021749,18,0,18,0,0.0,0.0,0.0,0.0,0.0,0.0,19,False,,1946
cand_2e9adc4d69b929a305e4,fd,ABSENT_NATIVE,0.0,1947,56.813138038171324,28,0,28,0,0.0,0.0,0.0,0.0,0.0,0.0,9,False,,1947
cand_2ab33200847260e52c80,fd,PRESENT,0.0,1948,56.79094540612517,28,0,28,0,0.0,0.0,0.0,0.0,0.0,0.0,9,False,,1948
cand_5680f98c269619e4163a,fd,PRESENT,0.0,1949,56.768752774079005,2,0,2,0,0.0,0.0,0.0,0.0,0.0,0.0,35,False,,1949
cand_5df46d1e323d8fb245ab,fd,ABSENT_NATIVE,0.0,1950,56.74656014203285,10,0,10,0,0.0,0.0,0.0,0.0,0.0,0.0,17,False,,1950
cand_a776c789896dd389676b,fd,ABSENT_NATIVE,0.0,1951,56.724367509986685,28,0,28,0,0.0,0.0,0.0,0.0,0.0,0.0,9,False,,1951
cand_1d4761992a9310b4287e,fd,ABSENT_NATIVE,0.0,1952,56.70217487794052,28,0,28,0,0.0,0.0,0.0,0.0,0.0,0.0,9,False,,1952
cand_489f450a5818362e1397,fd,ABSENT_NATIVE,0.0,1953,56.679982245894365,17,0,17,0,0.0,0.0,0.0,0.0,0.0,0.0,19,False,,1953
cand_611edb447cc7329519e8,fd,ABSENT_NATIVE,0.0,1955,56.63559698180204,24,0,24,0,0.0,0.0,0.0,0.0,0.0,0.0,13,False,,1955
cand_c6a37992bc4ef7d11fa3,fd,ABSENT_NATIVE,0.0,1956,56.61340434975588,18,0,18,0,0.0,0.0,0.0,0.0,0.0,0.0,19,False,,1956
cand_af737e0f35bea4eef65d,fd,PRESENT,0.0,1958,56.56901908566356,24,0,24,0,0.0,0.0,0.0,0.0,0.0,0.0,9,False,,1958
cand_33f720f4064a05c0e71a,fd,ABSENT_NATIVE,0.0,1959,56.5468264536174,30,0,30,0,0.0,0.0,0.0,0.0,0.0,0.0,7,False,,1959
cand_07cae9ed1af59af1c882,fd,ABSENT_NATIVE,0.0,1960,56.524633821571236,28,0,28,0,0.0,0.0,0.0,0.0,0.0,0.0,9,False,,1960
cand_35662faa177aac0ecb51,fd,ABSENT_NATIVE,0.0,1961,56.50244118952508,28,0,28,0,0.0,0.0,0.0,0.0,0.0,0.0,9,False,,1961
cand_6df4495dd12e28e01f2a,fd,ABSENT_NATIVE,0.0,1962,56.480248557478916,18,0,18,0,0.0,0.0,0.0,0.0,0.0,0.0,19,False,,1962
cand_ba131995092a92eb307e,fd,ABSENT_NATIVE,0.0,1963,56.45805592543276,30,0,30,0,0.0,0.0,0.0,0.0,0.0,0.0,7,False,,1963
cand_d396646073cb91b3b3b6,fd,PRESENT,0.0,1964,56.435863293386596,30,0,30,0,0.0,0.0,0.0,0.0,0.0,0.0,7,False,,1964
cand_3bcd254016b156a54cc4,fd,ABSENT_NATIVE,0.0,1965,56.41367066134043,29,0,29,0,0.0,0.0,0.0,0.0,0.0,0.0,8,False,,1965
cand_b160bd3d238315f041cc,fd,PRESENT,0.0,1966,56.39147802929428,30,0,30,0,0.0,0.0,0.0,0.0,0.0,0.0,7,False,,1966
cand_695b74b87b91f5090638,fd,PRESENT,0.0,1967,56.36928539724811,18,0,18,0,0.0,0.0,0.0,0.0,0.0,0.0,19,False,,1967
cand_0db9e1a97582281f3e22,fd,ABSENT_NATIVE,0.0,1969,56.32490013315579,29,0,29,0,0.0,0.0,0.0,0.0,0.0,0.0,8,False,,1969
cand_59ec7ad87bf493ddc290,fd,ABSENT_NATIVE,0.0,1970,56.30270750110963,18,0,18,0,0.0,0.0,0.0,0.0,0.0,0.0,19,False,,1970
cand_f9ad7aced2a8eca86f6a,fd,ABSENT_NATIVE,0.0,1971,56.280514869063474,29,0,29,0,0.0,0.0,0.0,0.0,0.0,0.0,8,False,,1971
cand_d3c6d6cf3c2dc86cfd1b,fd,PRESENT,0.0,1972,56.25832223701731,24,0,24,0,0.0,0.0,0.0,0.0,0.0,0.0,13,False,,1972
cand_cc4cdc36c47d00dd87ba,fd,ABSENT_NATIVE,0.0,1973,56.23612960497115,29,0,29,0,0.0,0.0,0.0,0.0,0.0,0.0,8,False,,1973
cand_c09ad09bf22fe661dd18,fd,ABSENT_NATIVE,0.0,1974,56.21393697292499,30,0,30,0,0.0,0.0,0.0,0.0,0.0,0.0,7,False,,1974
cand_91b04db20dbebc65d8bf,fd,ABSENT_NATIVE,0.0,1975,56.19174434087883,14,0,14,0,0.0,0.0,0.0,0.0,0.0,0.0,9,False,,1975
cand_d8d3e7f2bc8e483240ec,fd,ABSENT_NATIVE,0.0,1976,56.16955170883267,16,0,16,0,0.0,0.0,0.0,0.0,0.0,0.0,21,False,,1976
cand_0c463c824ecf6cfbe2bf,fd,ABSENT_NATIVE,0.0,1977,56.14735907678651,18,0,18,0,0.0,0.0,0.0,0.0,0.0,0.0,19,False,,1977
cand_72300ad6f38422bd9aa0,fd,ABSENT_NATIVE,0.0,1978,56.125166444740344,28,0,28,0,0.0,0.0,0.0,0.0,0.0,0.0,9,False,,1978
cand_5c4aa01758d5316ff91e,fd,PRESENT,0.0,1979,56.10297381269419,29,0,29,0,0.0,0.0,0.0,0.0,0.0,0.0,8,False,,1979
cand_9604eaeaec2bad3636ba,fd,PRESENT,0.0,1980,56.080781180648025,10,0,10,0,0.0,0.0,0.0,0.0,0.0,0.0,27,False,,1980
cand_72fef0456c90c2583ef4,fd,PRESENT,0.0,1981,56.05858854860186,31,0,31,0,0.0,0.0,0.0,0.0,0.0,0.0,3,False,,1981
cand_b2ee305563a3fd3b710e,fd,ABSENT_NATIVE,0.0,1982,56.036395916555705,23,0,23,0,0.0,0.0,0.0,0.0,0.0,0.0,14,False,,1982
cand_89591c295cbbb9dfa88a,fd,PRESENT,0.0,1983,56.01420328450954,29,0,29,0,0.0,0.0,0.0,0.0,0.0,0.0,8,False,,1983
cand_6f700fab4ef2b5fec192,fd,PRESENT,0.0,1984,55.992010652463385,24,0,24,0,0.0,0.0,0.0,0.0,0.0,0.0,9,False,,1984
cand_d52a2ebe45127519ab7e,fd,PRESENT,0.0,1985,55.96981802041722,29,0,29,0,0.0,0.0,0.0,0.0,0.0,0.0,8,False,,1985
cand_e5e937ae5c4aec006df3,fd,ABSENT_NATIVE,0.0,1987,55.9254327563249,27,0,27,0,0.0,0.0,0.0,0.0,0.0,0.0,8,False,,1987
cand_994746f60bcde7f0b4ed,fd,ABSENT_NATIVE,0.0,1988,55.90324012427874,29,0,29,0,0.0,0.0,0.0,0.0,0.0,0.0,8,False,,1988
cand_32042e6aa3f120b1e762,fd,ABSENT_NATIVE,0.0,1989,55.881047492232575,18,0,18,0,0.0,0.0,0.0,0.0,0.0,0.0,19,False,,1989
cand_870a91dcc8fe59fe59c3,fd,PRESENT,0.0,1990,55.85885486018642,24,0,24,0,0.0,0.0,0.0,0.0,0.0,0.0,13,False,,1990
cand_95c88a53658dfe5f68c1,fd,ABSENT_NATIVE,0.0,1991,55.836662228140256,29,0,29,0,0.0,0.0,0.0,0.0,0.0,0.0,8,False,,1991
cand_a1bea309ee4debe0db3b,fd,ABSENT_NATIVE,0.0,1992,55.8144695960941,16,0,16,0,0.0,0.0,0.0,0.0,0.0,0.0,21,False,,1992
cand_d70418a62d4407ba5ad6,fd,ABSENT_NATIVE,0.0,1993,55.792276964047936,29,0,29,0,0.0,0.0,0.0,0.0,0.0,0.0,8,False,,1993
cand_e31c747b84d752c19c14,fd,ABSENT_NATIVE,0.0,1994,55.77008433200177,8,0,8,0,0.0,0.0,0.0,0.0,0.0,0.0,29,False,,1994
cand_56283e8c0776922e4728,fd,ABSENT_NATIVE,0.0,1995,55.747891699955616,22,0,22,0,0.0,0.0,0.0,0.0,0.0,0.0,15,False,,1995
cand_f29ff9a8dcd666c6e90a,fd,ABSENT_NATIVE,0.0,1996,55.72569906790945,30,0,30,0,0.0,0.0,0.0,0.0,0.0,0.0,7,False,,1996
cand_aa84441361e7e364bd2e,fd,ABSENT_NATIVE,0.0,1997,55.7035064358633,29,0,29,0,0.0,0.0,0.0,0.0,0.0,0.0,8,False,,1997
cand_1cc69ba205a23a4decb8,fd,ABSENT_NATIVE,0.0,1998,55.68131380381713,23,0,23,0,0.0,0.0,0.0,0.0,0.0,0.0,14,False,,1998
cand_30af8cbbad52fc49cb82,fd,PRESENT,0.0,1999,55.65912117177097,22,0,22,0,0.0,0.0,0.0,0.0,0.0,0.0,9,False,,1999
cand_f17aa03b8a0ef58372d1,fd,ABSENT_NATIVE,0.0,2000,55.63692853972481,29,0,29,0,0.0,0.0,0.0,0.0,0.0,0.0,8,False,,2000
cand_73c5a3ecedb56028b54d,fd,PRESENT,0.0,2001,55.61473590767865,25,0,25,0,0.0,0.0,0.0,0.0,0.0,0.0,12,False,,2001
cand_a5c58faf34ced89364ad,fd,ABSENT_NATIVE,0.0,2003,55.57035064358633,30,0,30,0,0.0,0.0,0.0,0.0,0.0,0.0,7,False,,2003
cand_df4e5019d7da30f280b3,fd,ABSENT_NATIVE,0.0,2004,55.54815801154017,29,0,29,0,0.0,0.0,0.0,0.0,0.0,0.0,8,False,,2004
cand_b55ea42b6e136a06bc9e,fd,ABSENT_NATIVE,0.0,2006,55.50377274744785,18,0,18,0,0.0,0.0,0.0,0.0,0.0,0.0,19,False,,2006
cand_465d16da6f748663cf1e,fd,ABSENT_NATIVE,0.0,2007,55.481580115401684,23,0,23,0,0.0,0.0,0.0,0.0,0.0,0.0,13,False,,2007
cand_8191aee9b9955a0618f2,fd,ABSENT_NATIVE,0.0,2008,55.45938748335553,29,0,29,0,0.0,0.0,0.0,0.0,0.0,0.0,8,False,,2008
cand_e5f35780041707be7a5e,fd,ABSENT_NATIVE,0.0,2009,55.437194851309364,29,0,29,0,0.0,0.0,0.0,0.0,0.0,0.0,6,False,,2009
cand_f2c84c479d8889337a6f,fd,ABSENT_NATIVE,0.0,2010,55.41500221926321,29,0,29,0,0.0,0.0,0.0,0.0,0.0,0.0,8,False,,2010
cand_81e1d9b7d07267adf0b4,fd,ABSENT_NATIVE,0.0,2011,55.392809587217045,29,0,29,0,0.0,0.0,0.0,0.0,0.0,0.0,8,False,,2011
cand_952fbae493078a382a45,fd,ABSENT_NATIVE,0.0,2012,55.37061695517088,16,0,16,0,0.0,0.0,0.0,0.0,0.0,0.0,16,False,,2012
cand_cc1874e8f3c6564a1e6d,fd,ABSENT_NATIVE,0.0,2013,55.348424323124725,30,0,30,0,0.0,0.0,0.0,0.0,0.0,0.0,4,False,,2013
cand_b921f43b81eb7a3f2bb8,fd,ABSENT_NATIVE,0.0,2014,55.32623169107856,18,0,18,0,0.0,0.0,0.0,0.0,0.0,0.0,19,False,,2014
cand_6da44d7e02f1ebf08d7d,fd,ABSENT_NATIVE,0.0,2015,55.3040390590324,29,0,29,0,0.0,0.0,0.0,0.0,0.0,0.0,8,False,,2015
cand_dbec417335c1830a1b21,fd,ABSENT_NATIVE,0.0,2016,55.28184642698624,30,0,30,0,0.0,0.0,0.0,0.0,0.0,0.0,4,False,,2016
cand_b1291810f3be43f28148,fd,ABSENT_NATIVE,0.0,2017,55.25965379494008,29,0,29,0,0.0,0.0,0.0,0.0,0.0,0.0,8,False,,2017
cand_24def0241d9537be9b2b,fd,ABSENT_NATIVE,0.0,2018,55.23746116289392,30,0,30,0,0.0,0.0,0.0,0.0,0.0,0.0,4,False,,2018
cand_e91c0ba229b8f509b4c4,fd,ABSENT_NATIVE,0.0,2019,55.21526853084776,30,0,30,0,0.0,0.0,0.0,0.0,0.0,0.0,7,False,,2019
cand_e079409a1ad5a3ecc022,fd,ABSENT_NATIVE,0.0,2020,55.193075898801595,29,0,29,0,0.0,0.0,0.0,0.0,0.0,0.0,8,False,,2020
cand_4ecd868d984a1bb5745e,fd,ABSENT_NATIVE,0.0,2021,55.17088326675544,29,0,29,0,0.0,0.0,0.0,0.0,0.0,0.0,8,False,,2021
cand_317f89c29fb5fe1ccb4d,fd,ABSENT_NATIVE,0.0,2022,55.148690634709276,29,0,29,0,0.0,0.0,0.0,0.0,0.0,0.0,8,False,,2022
cand_bbc452e2d79ecdd3df91,fd,ABSENT_NATIVE,0.0,2023,55.12649800266312,5,0,5,0,0.0,0.0,0.0,0.0,0.0,0.0,32,False,,2023
cand_2107f34dab5311ffa40e,fd,ABSENT_NATIVE,0.0,2025,55.08211273857079,1,0,1,0,0.0,0.0,0.0,0.0,0.0,0.0,6,False,,2025
cand_2896a205cfa7f730d30b,fd,ABSENT_NATIVE,0.0,2026,55.059920106524636,30,0,30,0,0.0,0.0,0.0,0.0,0.0,0.0,7,False,,2026
cand_1d7994566d03d4461118,fd,ABSENT_NATIVE,0.0,2027,55.03772747447847,29,0,29,0,0.0,0.0,0.0,0.0,0.0,0.0,8,False,,2027
cand_0519a64b9b130571c19a,fd,ABSENT_NATIVE,0.0,2028,55.01553484243231,31,0,31,0,0.0,0.0,0.0,0.0,0.0,0.0,4,False,,2028
cand_ee0bbb8e7fa2ccf26805,fd,ABSENT_NATIVE,0.0,2029,54.99334221038615,9,0,9,0,0.0,0.0,0.0,0.0,0.0,0.0,28,False,,2029
cand_a6295a1afb83195f59c7,fd,ABSENT_NATIVE,0.0,2030,54.97114957833999,29,0,29,0,0.0,0.0,0.0,0.0,0.0,0.0,8,False,,2030
cand_6c821c225011052914b3,fd,PRESENT,0.0,2031,54.94895694629383,23,0,23,0,0.0,0.0,0.0,0.0,0.0,0.0,4,False,,2031
cand_84df442527824107c3ba,fd,ABSENT_NATIVE,0.0,2032,54.92676431424767,28,0,28,0,0.0,0.0,0.0,0.0,0.0,0.0,9,False,,2032
cand_4a329bf8ac469d185fff,fd,ABSENT_NATIVE,0.0,2033,54.90457168220151,21,0,21,0,0.0,0.0,0.0,0.0,0.0,0.0,16,False,,2033
cand_db6fc5519be16b362373,fd,ABSENT_NATIVE,0.0,2034,54.88237905015535,24,0,24,0,0.0,0.0,0.0,0.0,0.0,0.0,13,False,,2034
cand_85d8c0ea037e7853fab3,fd,ABSENT_NATIVE,0.0,2035,54.86018641810919,28,0,28,0,0.0,0.0,0.0,0.0,0.0,0.0,9,False,,2035
cand_60866139b205e9e104c7,fd,ABSENT_NATIVE,0.0,2036,54.83799378606302,24,0,24,0,0.0,0.0,0.0,0.0,0.0,0.0,13,False,,2036
cand_62c351bb308d11a0fb6e,fd,ABSENT_NATIVE,0.0,2037,54.81580115401687,2,0,2,0,0.0,0.0,0.0,0.0,0.0,0.0,13,False,,2037
cand_4bfa520a1bfc9eafc0bd,fd,ABSENT_NATIVE,0.0,2038,54.793608521970704,22,0,22,0,0.0,0.0,0.0,0.0,0.0,0.0,9,False,,2038
cand_3bec755ec65727fc6404,fd,ABSENT_NATIVE,0.0,2039,54.77141588992455,8,0,8,0,0.0,0.0,0.0,0.0,0.0,0.0,29,False,,2039
cand_33d3bd32117557bd9e90,fd,ABSENT_NATIVE,0.0,2041,54.72703062583222,28,0,28,0,0.0,0.0,0.0,0.0,0.0,0.0,9,False,,2041
cand_a455bb26e4e3b3d2fd54,fd,ABSENT_NATIVE,0.0,2042,54.704837993786064,29,0,29,0,0.0,0.0,0.0,0.0,0.0,0.0,8,False,,2042
cand_11a2e466f250f44b6c5c,fd,ABSENT_NATIVE,0.0,2043,54.6826453617399,30,0,30,0,0.0,0.0,0.0,0.0,0.0,0.0,6,False,,2043
cand_17aea8856a1b2e1f99ec,fd,ABSENT_NATIVE,0.0,2044,54.660452729693745,21,0,21,0,0.0,0.0,0.0,0.0,0.0,0.0,16,False,,2044
cand_6fbcff69da57af2fb700,fd,PRESENT,0.0,2045,54.63826009764758,28,0,28,0,0.0,0.0,0.0,0.0,0.0,0.0,9,False,,2045
cand_1c4cde2ca48c00b65fd2,fd,ABSENT_NATIVE,0.0,2046,54.61606746560142,19,0,19,0,0.0,0.0,0.0,0.0,0.0,0.0,18,False,,2046
cand_7df6a201219bda9aaf8c,fd,ABSENT_NATIVE,0.0,2047,54.59387483355526,16,0,16,0,0.0,0.0,0.0,0.0,0.0,0.0,19,False,,2047
cand_ac0665ed67e5473f61d7,fd,ABSENT_NATIVE,0.0,2048,54.5716822015091,29,0,29,0,0.0,0.0,0.0,0.0,0.0,0.0,8,False,,2048
cand_c47bda07a806ba3cd7c7,fd,ABSENT_NATIVE,0.0,2049,54.549489569462935,23,0,23,0,0.0,0.0,0.0,0.0,0.0,0.0,14,False,,2049
cand_6a6ec5896a7ed5d3abd0,fd,ABSENT_NATIVE,0.0,2050,54.52729693741678,21,0,21,0,0.0,0.0,0.0,0.0,0.0,0.0,16,False,,2050
cand_6c810ccbfd11aa97de24,fd,ABSENT_NATIVE,0.0,2051,54.505104305370615,8,0,8,0,0.0,0.0,0.0,0.0,0.0,0.0,29,False,,2051
cand_fa3baef40846e380f4d5,fd,ABSENT_NATIVE,0.0,2052,54.48291167332446,16,0,16,0,0.0,0.0,0.0,0.0,0.0,0.0,21,False,,2052
cand_663d5342c3580869d256,fd,ABSENT_NATIVE,0.0,2053,54.460719041278296,16,0,16,0,0.0,0.0,0.0,0.0,0.0,0.0,21,False,,2053
cand_c37489a18fb39be2a078,fd,ABSENT_NATIVE,0.0,2054,54.43852640923213,19,0,19,0,0.0,0.0,0.0,0.0,0.0,0.0,18,False,,2054
cand_9fafac4b89b207cc9cee,fd,ABSENT_NATIVE,0.0,2055,54.416333777185976,28,0,28,0,0.0,0.0,0.0,0.0,0.0,0.0,9,False,,2055
cand_c7b92595ebd62bd87517,fd,ABSENT_NATIVE,0.0,2057,54.371948513093656,28,0,28,0,0.0,0.0,0.0,0.0,0.0,0.0,9,False,,2057
cand_bc74cb50af9d9e00907e,fd,ABSENT_NATIVE,0.0,2058,54.34975588104749,28,0,28,0,0.0,0.0,0.0,0.0,0.0,0.0,9,False,,2058
cand_00190f24737d404b36e7,fd,ABSENT_NATIVE,0.0,2060,54.30537061695517,18,0,18,0,0.0,0.0,0.0,0.0,0.0,0.0,19,False,,2060
cand_e6f34e0e811227823ea2,fd,ABSENT_NATIVE,0.0,2061,54.28317798490901,4,0,4,0,0.0,0.0,0.0,0.0,0.0,0.0,33,False,,2061
cand_60b0e3b40275b55f152f,fd,ABSENT_NATIVE,0.0,2062,54.260985352862846,8,0,8,0,0.0,0.0,0.0,0.0,0.0,0.0,29,False,,2062
cand_1246864890ad66aed08e,fd,ABSENT_NATIVE,0.0,2063,54.23879272081669,28,0,28,0,0.0,0.0,0.0,0.0,0.0,0.0,9,False,,2063
cand_8cea5ec601388925db50,fd,ABSENT_NATIVE,0.0,2064,54.21660008877053,2,0,2,0,0.0,0.0,0.0,0.0,0.0,0.0,35,False,,2064
cand_a7eee4662a00c1c85ae1,fd,ABSENT_NATIVE,0.0,2065,54.19440745672437,23,0,23,0,0.0,0.0,0.0,0.0,0.0,0.0,14,False,,2065
cand_5d2dea062665f9559eb1,fd,ABSENT_NATIVE,0.0,2066,54.17221482467821,11,0,11,0,0.0,0.0,0.0,0.0,0.0,0.0,19,False,,2066
cand_c76a11e590f180274bcc,fd,ABSENT_NATIVE,0.0,2067,54.15002219263204,24,0,24,0,0.0,0.0,0.0,0.0,0.0,0.0,13,False,,2067
cand_c1b6964a4ab880f1170d,fd,ABSENT_NATIVE,0.0,2068,54.12782956058589,2,0,2,0,0.0,0.0,0.0,0.0,0.0,0.0,35,False,,2068
cand_097dcaad9a0d500b5604,fd,ABSENT_NATIVE,0.0,2069,54.105636928539724,23,0,23,0,0.0,0.0,0.0,0.0,0.0,0.0,14,False,,2069
cand_ee76731f8a0b2e237d4e,fd,ABSENT_NATIVE,0.0,2070,54.08344429649357,28,0,28,0,0.0,0.0,0.0,0.0,0.0,0.0,9,False,,2070
cand_5f6e8cbf5904e66ec233,fd,ABSENT_NATIVE,0.0,2071,54.061251664447404,22,0,22,0,0.0,0.0,0.0,0.0,0.0,0.0,15,False,,2071
cand_4f61fccf913cf0b9fc05,fd,ABSENT_NATIVE,0.0,2073,54.016866400355084,21,0,21,0,0.0,0.0,0.0,0.0,0.0,0.0,16,False,,2073
cand_cff2623951cc49eb542e,fd,ABSENT_NATIVE,0.0,2074,53.99467376830892,28,0,28,0,0.0,0.0,0.0,0.0,0.0,0.0,9,False,,2074
cand_5a4f40a8ffc7085dcf02,fd,ABSENT_NATIVE,0.0,2075,53.97248113626276,30,0,30,0,0.0,0.0,0.0,0.0,0.0,0.0,7,False,,2075
cand_e69ee3727900a0987fd6,fd,ABSENT_NATIVE,0.0,2076,53.9502885042166,17,0,17,0,0.0,0.0,0.0,0.0,0.0,0.0,19,False,,2076
cand_5b2f98d13344fe024ac1,fd,PRESENT,0.0,2077,53.92809587217044,30,0,30,0,0.0,0.0,0.0,0.0,0.0,0.0,7,False,,2077
cand_a249a919af7a2a718eae,fd,ABSENT_NATIVE,0.0,2079,53.88371060807812,18,0,18,0,0.0,0.0,0.0,0.0,0.0,0.0,19,False,,2079
cand_b080552c675762bbf30b,fd,ABSENT_NATIVE,0.0,2080,53.861517976031955,29,0,29,0,0.0,0.0,0.0,0.0,0.0,0.0,8,False,,2080
cand_3b08df8ec8c0db0baafc,fd,ABSENT_NATIVE,0.0,2081,53.8393253439858,19,0,19,0,0.0,0.0,0.0,0.0,0.0,0.0,7,False,,2081
cand_5b06ef3981b76f2c4303,fd,ABSENT_NATIVE,0.0,2082,53.817132711939635,9,0,9,0,0.0,0.0,0.0,0.0,0.0,0.0,28,False,,2082
cand_ea32c39451557664b124,fd,ABSENT_NATIVE,0.0,2083,53.79494007989347,9,0,9,0,0.0,0.0,0.0,0.0,0.0,0.0,28,False,,2083
cand_0a4b28c85c7b0577dff2,fd,ABSENT_NATIVE,0.0,2084,53.772747447847316,4,0,4,0,0.0,0.0,0.0,0.0,0.0,0.0,33,False,,2084
cand_195a4a6f99cff13c3588,fd,ABSENT_NATIVE,0.0,2086,53.728362183754996,20,0,20,0,0.0,0.0,0.0,0.0,0.0,0.0,16,False,,2086
cand_1586c2ab44dedd6a62d6,fd,ABSENT_NATIVE,0.0,2087,53.70616955170883,16,0,16,0,0.0,0.0,0.0,0.0,0.0,0.0,21,False,,2087
cand_2001af3aebc36d6b2132,fd,ABSENT_NATIVE,0.0,2089,53.66178428761651,17,0,17,0,0.0,0.0,0.0,0.0,0.0,0.0,19,False,,2089
cand_a80012d0fe955c332371,fd,ABSENT_NATIVE,0.0,2090,53.63959165557035,21,0,21,0,0.0,0.0,0.0,0.0,0.0,0.0,16,False,,2090
cand_6291e2786588e4787d84,fd,ABSENT_NATIVE,0.0,2091,53.61739902352419,16,0,16,0,0.0,0.0,0.0,0.0,0.0,0.0,21,False,,2091
cand_008e2a1def0726c31d85,fd,ABSENT_NATIVE,0.0,2092,53.59520639147803,16,0,16,0,0.0,0.0,0.0,0.0,0.0,0.0,21,False,,2092
cand_a675a11597a485a70f18,fd,ABSENT_NATIVE,0.0,2093,53.573013759431866,17,0,17,0,0.0,0.0,0.0,0.0,0.0,0.0,20,False,,2093
cand_b176c33242dcbd0243fe,fd,PRESENT,0.0,2094,53.55082112738571,18,0,18,0,0.0,0.0,0.0,0.0,0.0,0.0,19,False,,2094
cand_5e09b55ed45b53431d66,fd,ABSENT_NATIVE,0.0,2095,53.52862849533955,30,0,30,0,0.0,0.0,0.0,0.0,0.0,0.0,7,False,,2095
cand_b082c8ee52d01f1a2522,fd,PRESENT,0.0,2097,53.48424323124723,2,0,2,0,0.0,0.0,0.0,0.0,0.0,0.0,35,False,,2097
cand_49e57113c6e83fd34c1f,fd,PRESENT,0.0,2098,53.46205059920106,8,0,8,0,0.0,0.0,0.0,0.0,0.0,0.0,29,False,,2098
cand_413b469051b1405f468f,fd,ABSENT_NATIVE,0.0,2099,53.43985796715491,28,0,28,0,0.0,0.0,0.0,0.0,0.0,0.0,9,False,,2099
cand_79d963f269bf69570711,fd,PRESENT,0.0,2100,53.417665335108744,18,0,18,0,0.0,0.0,0.0,0.0,0.0,0.0,19,False,,2100
cand_f195b826c256a26ba8b7,fd,ABSENT_NATIVE,0.0,2102,53.373280071016424,13,0,13,0,0.0,0.0,0.0,0.0,0.0,0.0,7,False,,2102
cand_3b12c6a47547c0bde305,fd,ABSENT_NATIVE,0.0,2103,53.35108743897026,24,0,24,0,0.0,0.0,0.0,0.0,0.0,0.0,13,False,,2103
cand_e878c3fc666cded9f09e,fd,ABSENT_NATIVE,0.0,2104,53.328894806924104,24,0,24,0,0.0,0.0,0.0,0.0,0.0,0.0,13,False,,2104
cand_82be48aceb08ad8cbc28,fd,ABSENT_NATIVE,0.0,2105,53.30670217487794,28,0,28,0,0.0,0.0,0.0,0.0,0.0,0.0,9,False,,2105
cand_0bdf07669c3362a97ca4,fd,ABSENT_NATIVE,0.0,2106,53.28450954283178,24,0,24,0,0.0,0.0,0.0,0.0,0.0,0.0,13,False,,2106
cand_d19a5c0071070cba6e85,fd,PRESENT,0.0,2107,53.26231691078562,29,0,29,0,0.0,0.0,0.0,0.0,0.0,0.0,8,False,,2107
cand_ac8c36771c8cce8127d6,fd,ABSENT_NATIVE,0.0,2108,53.24012427873946,28,0,28,0,0.0,0.0,0.0,0.0,0.0,0.0,9,False,,2108
cand_e79d38968425dd12c400,fd,ABSENT_NATIVE,0.0,2109,53.217931646693295,18,0,18,0,0.0,0.0,0.0,0.0,0.0,0.0,14,False,,2109
cand_7a385fca0f9dc11a7259,fd,ABSENT_NATIVE,0.0,2110,53.19573901464714,28,0,28,0,0.0,0.0,0.0,0.0,0.0,0.0,9,False,,2110
cand_4681a1e50ae30cf248d5,fd,ABSENT_NATIVE,0.0,2111,53.173546382600975,30,0,30,0,0.0,0.0,0.0,0.0,0.0,0.0,7,False,,2111
cand_0be4c9ec82e40051949b,fd,ABSENT_NATIVE,0.0,2112,53.15135375055482,29,0,29,0,0.0,0.0,0.0,0.0,0.0,0.0,8,False,,2112
cand_04288a71d94423bd8df0,fd,ABSENT_NATIVE,0.0,2113,53.129161118508655,29,0,29,0,0.0,0.0,0.0,0.0,0.0,0.0,8,False,,2113
cand_bcef6c4b44c05994f9e6,fd,PRESENT,0.0,2114,53.10696848646249,22,0,22,0,0.0,0.0,0.0,0.0,0.0,0.0,15,False,,2114
cand_32da194d7aac92b5e4f0,fd,ABSENT_NATIVE,0.0,2115,53.084775854416336,14,0,14,0,0.0,0.0,0.0,0.0,0.0,0.0,23,False,,2115
cand_8d477d2030b254b1e7b9,fd,ABSENT_NATIVE,0.0,2116,53.06258322237017,30,0,30,0,0.0,0.0,0.0,0.0,0.0,0.0,7,False,,2116
cand_7a345ca513b3855be32b,fd,PRESENT,0.0,2117,53.040390590324016,21,0,21,0,0.0,0.0,0.0,0.0,0.0,0.0,16,False,,2117
cand_30c9e82782e00bc0dc21,fd,ABSENT_NATIVE,0.0,2118,53.01819795827785,28,0,28,0,0.0,0.0,0.0,0.0,0.0,0.0,9,False,,2118
cand_52f63d32ccf0d3b7de19,fd,ABSENT_NATIVE,0.0,2119,52.99600532623169,21,0,21,0,0.0,0.0,0.0,0.0,0.0,0.0,16,False,,2119
cand_7e455bd087434de5ee41,fd,PRESENT,0.0,2120,52.97381269418553,21,0,21,0,0.0,0.0,0.0,0.0,0.0,0.0,8,False,,2120
cand_201ea9e2d69b4f59e0c6,fd,PRESENT,0.0,2121,52.95162006213937,29,0,29,0,0.0,0.0,0.0,0.0,0.0,0.0,8,False,,2121
cand_711c4825992626a2d0d2,fd,PRESENT,0.0,2122,52.929427430093206,18,0,18,0,0.0,0.0,0.0,0.0,0.0,0.0,17,False,,2122
cand_da1a5fdd65c0a33fcac4,fd,ABSENT_NATIVE,0.0,2123,52.90723479804705,29,0,29,0,0.0,0.0,0.0,0.0,0.0,0.0,8,False,,2123
cand_9d8a0f3b94c51c762fb5,fd,ABSENT_NATIVE,0.0,2124,52.885042166000886,28,0,28,0,0.0,0.0,0.0,0.0,0.0,0.0,9,False,,2124
cand_b87c6dd9e824d3fc5d33,fd,ABSENT_NATIVE,0.0,2125,52.86284953395473,29,0,29,0,0.0,0.0,0.0,0.0,0.0,0.0,8,False,,2125
cand_7119dfdcf2ec46de868c,fd,PRESENT,0.0,2126,52.84065690190857,25,0,25,0,0.0,0.0,0.0,0.0,0.0,0.0,7,False,,2126
cand_dc4d2b0600255223ddd2,fd,ABSENT_NATIVE,0.0,2127,52.8184642698624,29,0,29,0,0.0,0.0,0.0,0.0,0.0,0.0,8,False,,2127
cand_9ac2c45fbee2c9218f54,fd,PRESENT,0.0,2129,52.77407900577008,22,0,22,0,0.0,0.0,0.0,0.0,0.0,0.0,15,False,,2129
cand_7688518c7ec3e6bcacc4,fd,ABSENT_NATIVE,0.0,2130,52.75188637372393,30,0,30,0,0.0,0.0,0.0,0.0,0.0,0.0,7,False,,2130
cand_1dc175d0c9ce74c54325,fd,ABSENT_NATIVE,0.0,2131,52.729693741677764,30,0,30,0,0.0,0.0,0.0,0.0,0.0,0.0,7,False,,2131
cand_25eb73910c8c6aff4133,fd,ABSENT_NATIVE,0.0,2132,52.7075011096316,29,0,29,0,0.0,0.0,0.0,0.0,0.0,0.0,8,False,,2132
cand_77b58fe4a1742e96355b,fd,PRESENT,0.0,2134,52.66311584553928,30,0,30,0,0.0,0.0,0.0,0.0,0.0,0.0,7,False,,2134
cand_f403cb65151d1ee4afc8,fd,ABSENT_NATIVE,0.0,2135,52.64092321349312,28,0,28,0,0.0,0.0,0.0,0.0,0.0,0.0,9,False,,2135
cand_989518e18b0dd9e9a83c,fd,ABSENT_NATIVE,0.0,2136,52.61873058144696,29,0,29,0,0.0,0.0,0.0,0.0,0.0,0.0,8,False,,2136
cand_c42cf6cd6ea41efdae87,fd,ABSENT_NATIVE,0.0,2137,52.5965379494008,2,0,2,0,0.0,0.0,0.0,0.0,0.0,0.0,35,False,,2137
cand_da86eb302228816a79dc,fd,ABSENT_NATIVE,0.0,2138,52.57434531735464,29,0,29,0,0.0,0.0,0.0,0.0,0.0,0.0,8,False,,2138
cand_781c8dfc3aa6dc4af485,fd,ABSENT_NATIVE,0.0,2139,52.55215268530848,29,0,29,0,0.0,0.0,0.0,0.0,0.0,0.0,8,False,,2139
cand_0654fa2af3e143bf13cd,fd,ABSENT_NATIVE,0.0,2140,52.529960053262315,29,0,29,0,0.0,0.0,0.0,0.0,0.0,0.0,8,False,,2140
cand_a01b60c701a1873f4b9b,fd,PRESENT,0.0,2141,52.50776742121616,28,28,0,0,1.0,5.991602574795252e-05,1.3727049918088596e-05,5.991602552057884e-05,5.991602566837173e-05,5.991602574795252e-05,26,False,,2141
cand_f8677c727ef57ae48cec,fd,ABSENT_NATIVE,0.0,2142,52.485574789169995,18,0,18,0,0.0,0.0,0.0,0.0,0.0,0.0,19,False,,2142
cand_f1f0f964604d256aadbe,fd,ABSENT_NATIVE,0.0,2143,52.46338215712383,10,0,10,0,0.0,0.0,0.0,0.0,0.0,0.0,27,False,,2143
cand_ff33d50be4a2f4816b4f,fd,ABSENT_NATIVE,0.0,2144,52.441189525077675,29,0,29,0,0.0,0.0,0.0,0.0,0.0,0.0,8,False,,2144
cand_0d4df83de113fbddf68a,fd,PRESENT,0.0,2145,52.41899689303151,12,0,12,0,0.0,0.0,0.0,0.0,0.0,0.0,25,False,,2145
cand_d830de1add8d5ec02a2f,fd,PRESENT,0.0,2146,52.396804260985355,13,0,13,0,0.0,0.0,0.0,0.0,0.0,0.0,24,False,,2146
cand_2498aee47da75e08a8cc,fd,ABSENT_NATIVE,0.0,2147,52.37461162893919,12,0,12,0,0.0,0.0,0.0,0.0,0.0,0.0,25,False,,2147
cand_35d5630231812094f144,fd,ABSENT_NATIVE,0.0,2148,52.35241899689303,13,0,13,0,0.0,0.0,0.0,0.0,0.0,0.0,24,False,,2148
cand_2b1825ae203227522462,fd,ABSENT_NATIVE,0.0,2150,52.30803373280071,28,0,28,0,0.0,0.0,0.0,0.0,0.0,0.0,9,False,,2150
cand_ed03f2349f95e2011d07,fd,ABSENT_NATIVE,0.0,2151,52.28584110075455,21,0,21,0,0.0,0.0,0.0,0.0,0.0,0.0,16,False,,2151
cand_ff4c7937cf1ba308f650,fd,PRESENT,0.0,2152,52.26364846870839,28,0,28,0,0.0,0.0,0.0,0.0,0.0,0.0,9,False,,2152
cand_0cfa9982963026302061,fd,ABSENT_NATIVE,0.0,2153,52.241455836662226,24,0,24,0,0.0,0.0,0.0,0.0,0.0,0.0,13,False,,2153
cand_f8b5e453e24754091dcc,fd,ABSENT_NATIVE,0.0,2154,52.21926320461607,18,0,18,0,0.0,0.0,0.0,0.0,0.0,0.0,19,False,,2154
cand_789e10b489e70fd1c2aa,fd,ABSENT_NATIVE,0.0,2155,52.197070572569906,24,0,24,0,0.0,0.0,0.0,0.0,0.0,0.0,13,False,,2155
cand_2b557abd19ece8ef20b2,fd,ABSENT_NATIVE,0.0,2157,52.15268530847759,12,0,12,0,0.0,0.0,0.0,0.0,0.0,0.0,14,False,,2157
cand_c1c7ac24c182e20a5093,fd,PRESENT,0.0,2158,52.13049267643142,13,0,13,0,0.0,0.0,0.0,0.0,0.0,0.0,24,False,,2158
cand_32fab06d1ace6d0e3a38,fd,PRESENT,0.0,2159,52.10830004438527,28,0,28,0,0.0,0.0,0.0,0.0,0.0,0.0,9,False,,2159
cand_68e369b0954e0d6fe8cd,fd,PRESENT,0.0,2161,52.06391478029294,16,0,16,0,0.0,0.0,0.0,0.0,0.0,0.0,21,False,,2161
cand_37c11329a82a87eeb6c0,fd,ABSENT_NATIVE,0.0,2162,52.041722148246784,18,0,18,0,0.0,0.0,0.0,0.0,0.0,0.0,19,False,,2162
cand_d9aab3e42900dda6aef1,fd,ABSENT_NATIVE,0.0,2164,51.997336884154464,12,0,12,0,0.0,0.0,0.0,0.0,0.0,0.0,25,False,,2164
cand_9a630e2c30cccfa602fd,fd,ABSENT_NATIVE,0.0,2165,51.9751442521083,4,0,4,0,0.0,0.0,0.0,0.0,0.0,0.0,33,False,,2165
cand_651254edb2babc35e4fd,fd,ABSENT_NATIVE,0.0,2166,51.95295162006214,26,0,26,0,0.0,0.0,0.0,0.0,0.0,0.0,11,False,,2166
cand_1eb33d523ff44e048128,fd,ABSENT_NATIVE,0.0,2167,51.93075898801598,29,0,29,0,0.0,0.0,0.0,0.0,0.0,0.0,8,False,,2167
cand_780047eaaf61a022a07b,fd,ABSENT_NATIVE,0.0,2169,51.886373723923654,18,0,18,0,0.0,0.0,0.0,0.0,0.0,0.0,19,False,,2169
cand_6f105f894d61b855c8a7,fd,ABSENT_NATIVE,0.0,2170,51.8641810918775,29,0,29,0,0.0,0.0,0.0,0.0,0.0,0.0,8,False,,2170
cand_717b73601adf6a58d03b,fd,PRESENT,0.0,2171,51.841988459831335,10,0,10,0,0.0,0.0,0.0,0.0,0.0,0.0,27,False,,2171
cand_c5be772ac462c30c6c82,fd,ABSENT_NATIVE,0.0,2172,51.81979582778518,20,0,20,0,0.0,0.0,0.0,0.0,0.0,0.0,17,False,,2172
cand_acda6bf7daf48dce5680,fd,PRESENT,0.0,2174,51.77541056369285,2,0,2,0,0.0,0.0,0.0,0.0,0.0,0.0,35,False,,2174
cand_fbda750e459d914383f6,fd,PRESENT,0.0,2176,51.73102529960053,9,0,9,0,0.0,0.0,0.0,0.0,0.0,0.0,28,False,,2176
cand_3aabe9e07e25384914e8,fd,ABSENT_NATIVE,0.0,2177,51.708832667554375,28,0,28,0,0.0,0.0,0.0,0.0,0.0,0.0,9,False,,2177
cand_040e2645c35a6a9b7b6c,fd,PRESENT,0.0,2178,51.68664003550821,22,0,22,0,0.0,0.0,0.0,0.0,0.0,0.0,15,False,,2178
cand_81b85e69604c131d692e,fd,ABSENT_NATIVE,0.0,2181,51.62006213936973,9,0,9,0,0.0,0.0,0.0,0.0,0.0,0.0,16,False,,2181
cand_e4082cff8eb15a0d29e1,fd,PRESENT,0.0,2182,51.597869507323566,28,0,28,0,0.0,0.0,0.0,0.0,0.0,0.0,9,False,,2182
cand_b1db0173945a6fa786b5,fd,ABSENT_NATIVE,0.0,2183,51.57567687527741,22,0,22,0,0.0,0.0,0.0,0.0,0.0,0.0,15,False,,2183
cand_5c852e364655254df843,fd,ABSENT_NATIVE,0.0,2187,51.48690634709276,11,0,11,0,0.0,0.0,0.0,0.0,0.0,0.0,26,False,,2187
cand_b2aba283fae546713049,fd,ABSENT_NATIVE,0.0,2188,51.46471371504661,29,0,29,0,0.0,0.0,0.0,0.0,0.0,0.0,8,False,,2188
cand_aad9d71c3beced932eac,fd,PRESENT,0.0,2189,51.44252108300044,2,0,2,0,0.0,0.0,0.0,0.0,0.0,0.0,35,False,,2189
cand_6a386cec3e75613465dc,fd,ABSENT_NATIVE,0.0,2191,51.39813581890812,29,0,29,0,0.0,0.0,0.0,0.0,0.0,0.0,8,False,,2191
cand_bb97a3e2ef448271da6c,fd,ABSENT_NATIVE,0.0,2192,51.37594318686196,29,0,29,0,0.0,0.0,0.0,0.0,0.0,0.0,8,False,,2192
cand_0b9da54eb3124ab9f358,fd,ABSENT_NATIVE,0.0,2193,51.353750554815804,29,0,29,0,0.0,0.0,0.0,0.0,0.0,0.0,8,False,,2193
cand_93fc4d2c66003fc44dde,fd,ABSENT_NATIVE,0.0,2194,51.33155792276964,23,0,23,0,0.0,0.0,0.0,0.0,0.0,0.0,14,False,,2194
cand_612e6e9179de50459b0c,fd,ABSENT_NATIVE,0.0,2196,51.28717265867732,20,0,20,0,0.0,0.0,0.0,0.0,0.0,0.0,17,False,,2196
cand_11758a8257a896c36cc5,fd,ABSENT_NATIVE,0.0,2197,51.26498002663116,2,0,2,0,0.0,0.0,0.0,0.0,0.0,0.0,35,False,,2197
cand_28bdc06de261f3a5d39f,fd,ABSENT_NATIVE,0.0,2199,51.22059476253884,12,0,12,0,0.0,0.0,0.0,0.0,0.0,0.0,19,False,,2199
cand_e94f0af0637091ae9703,fd,PRESENT,0.0,2200,51.198402130492674,28,0,28,0,0.0,0.0,0.0,0.0,0.0,0.0,9,False,,2200
cand_51d2176d4f3cb26474e3,fd,ABSENT_NATIVE,0.0,2202,51.154016866400355,2,0,2,0,0.0,0.0,0.0,0.0,0.0,0.0,35,False,,2202
cand_cc708875b37dd37947ff,fd,ABSENT_NATIVE,0.0,2203,51.13182423435419,29,0,29,0,0.0,0.0,0.0,0.0,0.0,0.0,8,False,,2203
cand_217a6ead21542f822eda,fd,PRESENT,0.0,2204,51.109631602308035,1,0,1,0,0.0,0.0,0.0,0.0,0.0,0.0,36,False,,2204
cand_029b335487b778a6d439,fd,ABSENT_NATIVE,0.0,2206,51.065246338215715,2,0,2,0,0.0,0.0,0.0,0.0,0.0,0.0,33,False,,2206
cand_3cc3e92322244b541f2a,fd,PRESENT,0.0,2207,51.04305370616955,28,0,28,0,0.0,0.0,0.0,0.0,0.0,0.0,9,False,,2207
cand_cec1d6af8f70ca88f831,fd,ABSENT_NATIVE,0.0,2210,50.97647581003107,18,0,18,0,0.0,0.0,0.0,0.0,0.0,0.0,19,False,,2210
cand_7e285c34aa3376c54952,fd,ABSENT_NATIVE,0.0,2212,50.93209054593875,2,0,2,0,0.0,0.0,0.0,0.0,0.0,0.0,33,False,,2212
cand_164f61a04ed5ec24eab6,fd,PRESENT,0.0,2213,50.909897913892586,29,0,29,0,0.0,0.0,0.0,0.0,0.0,0.0,8,False,,2213
cand_5e66e2645f3972188620,fd,ABSENT_NATIVE,0.0,2214,50.88770528184643,24,0,24,0,0.0,0.0,0.0,0.0,0.0,0.0,13,False,,2214
cand_22c2f577cf61d42adcbe,fd,ABSENT_NATIVE,0.0,2215,50.865512649800266,28,0,28,0,0.0,0.0,0.0,0.0,0.0,0.0,9,False,,2215
cand_ba2a90bbb00b464dbafd,fd,ABSENT_NATIVE,0.0,2218,50.79893475366178,23,0,23,0,0.0,0.0,0.0,0.0,0.0,0.0,14,False,,2218
cand_173b298086dc382aca77,fd,ABSENT_NATIVE,0.0,2219,50.77674212161563,28,0,28,0,0.0,0.0,0.0,0.0,0.0,0.0,9,False,,2219
cand_3748ba91e5bc833e82d0,fd,ABSENT_NATIVE,0.0,2220,50.75454948956946,29,0,29,0,0.0,0.0,0.0,0.0,0.0,0.0,8,False,,2220
cand_800c0719ee4c2e22c702,fd,PRESENT,0.0,2221,50.7323568575233,24,0,24,0,0.0,0.0,0.0,0.0,0.0,0.0,13,False,,2221
cand_740c3ffa2fd40940f340,fd,ABSENT_NATIVE,0.0,2222,50.71016422547714,30,0,30,0,0.0,0.0,0.0,0.0,0.0,0.0,3,False,,2222
cand_51c93b7a104ce1283ab2,fd,ABSENT_NATIVE,0.0,2223,50.68797159343098,28,0,28,0,0.0,0.0,0.0,0.0,0.0,0.0,9,False,,2223
cand_e2b01e64974ea8d0cb02,fd,ABSENT_NATIVE,0.0,2224,50.665778961384824,16,0,16,0,0.0,0.0,0.0,0.0,0.0,0.0,21,False,,2224
cand_05cd2263d727e823a276,fd,PRESENT,0.0,2225,50.64358632933866,30,0,30,0,0.0,0.0,0.0,0.0,0.0,0.0,3,False,,2225
cand_000879416226d72d7a24,fd,ABSENT_NATIVE,0.0,2227,50.59920106524634,22,0,22,0,0.0,0.0,0.0,0.0,0.0,0.0,15,False,,2227
cand_2683c301407efdaadbd1,fd,ABSENT_NATIVE,0.0,2228,50.57700843320018,29,0,29,0,0.0,0.0,0.0,0.0,0.0,0.0,8,False,,2228
cand_863df2d525598952ce0b,fd,PRESENT,0.0,2229,50.554815801154014,12,0,12,0,0.0,0.0,0.0,0.0,0.0,0.0,25,False,,2229
cand_dc1c995ab96a6914eb24,fd,ABSENT_NATIVE,0.0,2230,50.53262316910786,11,0,11,0,0.0,0.0,0.0,0.0,0.0,0.0,26,False,,2230
cand_cce81ea0b2e1de28dea9,fd,ABSENT_NATIVE,0.0,2231,50.510430537061694,30,0,30,0,0.0,0.0,0.0,0.0,0.0,0.0,3,False,,2231
cand_f3bdf30990c9e4f2bb59,fd,PRESENT,0.0,2232,50.48823790501554,30,0,30,0,0.0,0.0,0.0,0.0,0.0,0.0,3,False,,2232
cand_3b1f1c4867818030ce4d,fd,PRESENT,0.0,2233,50.466045272969374,24,0,24,0,0.0,0.0,0.0,0.0,0.0,0.0,13,False,,2233
cand_e860e66fc28803c165b7,fd,ABSENT_NATIVE,0.0,2234,50.44385264092321,3,0,3,0,0.0,0.0,0.0,0.0,0.0,0.0,34,False,,2234
cand_e5c401c556a5a7431dfd,fd,ABSENT_NATIVE,0.0,2235,50.421660008877055,17,0,17,0,0.0,0.0,0.0,0.0,0.0,0.0,19,False,,2235
cand_0b4d136baa531f585d09,fd,ABSENT_NATIVE,0.0,2236,50.39946737683089,17,0,17,0,0.0,0.0,0.0,0.0,0.0,0.0,19,False,,2236
cand_c0eb3733ba99c7768615,fd,ABSENT_NATIVE,0.0,2237,50.37727474478473,28,0,28,0,0.0,0.0,0.0,0.0,0.0,0.0,9,False,,2237
cand_074c53d0b91715dd7ff0,fd,ABSENT_NATIVE,0.0,2238,50.35508211273857,21,0,21,0,0.0,0.0,0.0,0.0,0.0,0.0,16,False,,2238
cand_eb912c64264a14021dd6,fd,ABSENT_NATIVE,0.0,2239,50.33288948069241,24,0,24,0,0.0,0.0,0.0,0.0,0.0,0.0,8,False,,2239
cand_7a51b3db6149129bff22,fd,ABSENT_NATIVE,0.0,2240,50.31069684864625,29,0,29,0,0.0,0.0,0.0,0.0,0.0,0.0,8,False,,2240
cand_1dee57a23d769237b809,fd,ABSENT_NATIVE,0.0,2242,50.266311584553925,29,0,29,0,0.0,0.0,0.0,0.0,0.0,0.0,8,False,,2242
cand_2710f5157d47bc71518a,fd,ABSENT_NATIVE,0.0,2243,50.24411895250777,29,0,29,0,0.0,0.0,0.0,0.0,0.0,0.0,8,False,,2243
cand_c6e8b8099881d3206b24,fd,ABSENT_NATIVE,0.0,2244,50.221926320461606,23,0,23,0,0.0,0.0,0.0,0.0,0.0,0.0,14,False,,2244
cand_4ee0379e2b7d7a83eb34,fd,ABSENT_NATIVE,0.0,2245,50.19973368841545,28,0,28,0,0.0,0.0,0.0,0.0,0.0,0.0,9,False,,2245
cand_dc4581d508df9bf8c819,fd,ABSENT_NATIVE,0.0,2246,50.177541056369286,29,0,29,0,0.0,0.0,0.0,0.0,0.0,0.0,8,False,,2246
cand_8b9af45cc3a7ee9f21c2,fd,ABSENT_NATIVE,0.0,2247,50.15534842432312,29,0,29,0,0.0,0.0,0.0,0.0,0.0,0.0,8,False,,2247
cand_9507df97360bed620669,fd,ABSENT_NATIVE,0.0,2248,50.133155792276966,10,0,10,0,0.0,0.0,0.0,0.0,0.0,0.0,21,False,,2248
cand_ae98c36bff7abce0cab0,fd,ABSENT_NATIVE,0.0,2249,50.1109631602308,23,0,23,0,0.0,0.0,0.0,0.0,0.0,0.0,14,False,,2249
cand_adbc92519ee97dfc8827,fd,ABSENT_NATIVE,0.0,2250,50.08877052818464,30,0,30,0,0.0,0.0,0.0,0.0,0.0,0.0,7,False,,2250
cand_2da1bd13b22c4ec3833b,fd,ABSENT_NATIVE,0.0,2251,50.06657789613848,29,0,29,0,0.0,0.0,0.0,0.0,0.0,0.0,8,False,,2251
cand_7ebd8d28f3abefb7210e,fd,ABSENT_NATIVE,0.0,2252,50.04438526409232,28,0,28,0,0.0,0.0,0.0,0.0,0.0,0.0,9,False,,2252
cand_c862d6e6ceb7a8bf37f5,fd,ABSENT_NATIVE,0.0,2254,50.0,3,0,3,0,0.0,0.0,0.0,0.0,0.0,0.0,28,False,,2254
cand_24948b45465b6e4ce216,fd,ABSENT_NATIVE,0.0,2255,49.97780736795384,18,0,18,0,0.0,0.0,0.0,0.0,0.0,0.0,19,False,,2255
cand_1416e0840b3eda888419,fd,ABSENT_NATIVE,0.0,2256,49.95561473590768,29,0,29,0,0.0,0.0,0.0,0.0,0.0,0.0,8,False,,2256
cand_19d1be0fe9be984487f0,fd,ABSENT_NATIVE,0.0,2257,49.93342210386152,7,0,7,0,0.0,0.0,0.0,0.0,0.0,0.0,8,False,,2257
cand_c365c4a1745ba677289c,fd,ABSENT_NATIVE,0.0,2258,49.91122947181536,29,0,29,0,0.0,0.0,0.0,0.0,0.0,0.0,8,False,,2258
cand_8d2fa5cac207d0fb35cd,fd,ABSENT_NATIVE,0.0,2259,49.8890368397692,22,0,22,0,0.0,0.0,0.0,0.0,0.0,0.0,15,False,,2259
cand_2414678d0c54cf3b5994,fd,ABSENT_NATIVE,0.0,2260,49.866844207723034,31,0,31,0,0.0,0.0,0.0,0.0,0.0,0.0,1,False,,2260
cand_d6a86791cb9d23b36d1c,fd,ABSENT_NATIVE,0.0,2261,49.84465157567688,24,0,24,0,0.0,0.0,0.0,0.0,0.0,0.0,13,False,,2261
cand_5b937f6615c1e44044b1,fd,ABSENT_NATIVE,0.0,2262,49.822458943630714,28,0,28,0,0.0,0.0,0.0,0.0,0.0,0.0,9,False,,2262
cand_325e584afa3c7828201c,fd,ABSENT_NATIVE,0.0,2263,49.80026631158455,30,0,30,0,0.0,0.0,0.0,0.0,0.0,0.0,7,False,,2263
cand_953da31c63579c23255a,fd,PRESENT,0.0,2264,49.778073679538394,30,6,24,0,0.2,1.806190539355157e-06,0.0,1.8061903119814815e-06,1.8061903119814815e-06,1.806190539355157e-06,35,False,,2264
cand_6d14c108fc97cf68f657,fd,ABSENT_NATIVE,0.0,2265,49.75588104749223,30,0,30,0,0.0,0.0,0.0,0.0,0.0,0.0,7,False,,2265
cand_1786dd825a30513ea943,fd,ABSENT_NATIVE,0.0,2266,49.733688415446075,3,0,3,0,0.0,0.0,0.0,0.0,0.0,0.0,34,False,,2266
cand_7f15a1c63cb709a23286,fd,ABSENT_NATIVE,0.0,2267,49.71149578339991,29,0,29,0,0.0,0.0,0.0,0.0,0.0,0.0,7,False,,2267
cand_2b18bdcd8c80eb858986,fd,ABSENT_NATIVE,0.0,2269,49.66711051930759,30,0,30,0,0.0,0.0,0.0,0.0,0.0,0.0,7,False,,2269
cand_a97debfd7d8184cb15c1,fd,ABSENT_NATIVE,0.0,2270,49.64491788726143,30,0,30,0,0.0,0.0,0.0,0.0,0.0,0.0,7,False,,2270
cand_e0f789a0ed9a959e72ef,fd,ABSENT_NATIVE,0.0,2272,49.60053262316911,23,0,23,0,0.0,0.0,0.0,0.0,0.0,0.0,14,False,,2272
cand_aae5193846e78016f521,fd,ABSENT_NATIVE,0.0,2273,49.578339991122945,28,0,28,0,0.0,0.0,0.0,0.0,0.0,0.0,9,False,,2273
cand_8cdaed70ba23ebbba636,fd,ABSENT_NATIVE,0.0,2274,49.55614735907679,18,0,18,0,0.0,0.0,0.0,0.0,0.0,0.0,19,False,,2274
cand_7ba60f345cb0684e958e,fd,ABSENT_NATIVE,0.0,2275,49.533954727030626,29,0,29,0,0.0,0.0,0.0,0.0,0.0,0.0,8,False,,2275
cand_b6d51a806358787e1fd2,fd,ABSENT_NATIVE,0.0,2276,49.51176209498446,29,0,29,0,0.0,0.0,0.0,0.0,0.0,0.0,8,False,,2276
cand_3e0039fa438108ecc7e5,fd,ABSENT_NATIVE,0.0,2278,49.46737683089214,28,0,28,0,0.0,0.0,0.0,0.0,0.0,0.0,9,False,,2278
cand_bd1fe59174d3cf85b5f2,fd,ABSENT_NATIVE,0.0,2280,49.42299156679982,16,0,16,0,0.0,0.0,0.0,0.0,0.0,0.0,21,False,,2280
cand_a00e96dc1eeb535f3c33,fd,ABSENT_NATIVE,0.0,2281,49.40079893475366,29,0,29,0,0.0,0.0,0.0,0.0,0.0,0.0,8,False,,2281
cand_2585d54c5b7ced22c33f,fd,ABSENT_NATIVE,0.0,2282,49.3786063027075,19,0,19,0,0.0,0.0,0.0,0.0,0.0,0.0,18,False,,2282
cand_fb736f072eeeb630973a,fd,ABSENT_NATIVE,0.0,2283,49.35641367066134,26,0,26,0,0.0,0.0,0.0,0.0,0.0,0.0,9,False,,2283
cand_a9e8756f62e9aa804416,fd,ABSENT_NATIVE,0.0,2284,49.334221038615176,4,0,4,0,0.0,0.0,0.0,0.0,0.0,0.0,19,False,,2284
cand_90c4303212937d96a9d1,fd,PRESENT,0.0,2285,49.31202840656902,18,0,18,0,0.0,0.0,0.0,0.0,0.0,0.0,19,False,,2285
cand_6d1285092a650cfab1c9,fd,PRESENT,0.0,2286,49.28983577452286,27,0,27,0,0.0,0.0,0.0,0.0,0.0,0.0,9,False,,2286
cand_d1c631edaabe7dc0cbf6,fd,ABSENT_NATIVE,0.0,2287,49.2676431424767,10,0,10,0,0.0,0.0,0.0,0.0,0.0,0.0,27,False,,2287
cand_26f3a08153b1af4d85d7,fd,ABSENT_NATIVE,0.0,2288,49.24545051043054,29,0,29,0,0.0,0.0,0.0,0.0,0.0,0.0,8,False,,2288
cand_1a5f31b8cb9aabb78f29,fd,ABSENT_NATIVE,0.0,2290,49.20106524633822,18,0,18,0,0.0,0.0,0.0,0.0,0.0,0.0,19,False,,2290
cand_9e81efd4d6d27cf8ea73,fd,ABSENT_NATIVE,0.0,2291,49.178872614292054,18,0,18,0,0.0,0.0,0.0,0.0,0.0,0.0,13,False,,2291
cand_5cec1d909629ed049251,fd,ABSENT_NATIVE,0.0,2292,49.1566799822459,30,0,30,0,0.0,0.0,0.0,0.0,0.0,0.0,7,False,,2292
cand_33a56025ee0e3b470c35,fd,ABSENT_NATIVE,0.0,2293,49.134487350199734,29,0,29,0,0.0,0.0,0.0,0.0,0.0,0.0,8,False,,2293
cand_c77c41317d218b1515c6,fd,PRESENT,0.0,2294,49.11229471815357,30,0,30,0,0.0,0.0,0.0,0.0,0.0,0.0,7,False,,2294
cand_b7a4e129d53edf26cd42,fd,ABSENT_NATIVE,0.0,2296,49.06790945406125,2,0,2,0,0.0,0.0,0.0,0.0,0.0,0.0,35,False,,2296
cand_05e7c217ee3a59c22290,fd,PRESENT,0.0,2297,49.04571682201509,29,0,29,0,0.0,0.0,0.0,0.0,0.0,0.0,8,False,,2297
cand_9650a6ef0a1ae6f30425,fd,ABSENT_NATIVE,0.0,2298,49.02352418996893,29,0,29,0,0.0,0.0,0.0,0.0,0.0,0.0,8,False,,2298
cand_b4a1beb574dcbd630184,fd,ABSENT_NATIVE,0.0,2300,48.97913892587661,28,0,28,0,0.0,0.0,0.0,0.0,0.0,0.0,9,False,,2300
cand_af14ebc91c507d0c4c22,fd,ABSENT_NATIVE,0.0,2301,48.95694629383045,23,0,23,0,0.0,0.0,0.0,0.0,0.0,0.0,14,False,,2301
cand_636cd838bf2ae57d0535,fd,ABSENT_NATIVE,0.0,2302,48.934753661784285,25,0,25,0,0.0,0.0,0.0,0.0,0.0,0.0,7,False,,2302
cand_39029f25e93b97258bcf,fd,PRESENT,0.0,2303,48.91256102973813,24,0,24,0,0.0,0.0,0.0,0.0,0.0,0.0,13,False,,2303
cand_00813623b27daf927257,fd,ABSENT_NATIVE,0.0,2304,48.890368397691965,1,0,1,0,0.0,0.0,0.0,0.0,0.0,0.0,7,False,,2304
cand_cc5965bc0cebcb2750d5,fd,ABSENT_NATIVE,0.0,2306,48.845983133599645,21,0,21,0,0.0,0.0,0.0,0.0,0.0,0.0,7,False,,2306
cand_50fb77a654c9ab8d7114,fd,ABSENT_NATIVE,0.0,2307,48.82379050155348,29,0,29,0,0.0,0.0,0.0,0.0,0.0,0.0,8,False,,2307
cand_9e69955b7fc38670054d,fd,ABSENT_NATIVE,0.0,2308,48.801597869507326,24,0,24,0,0.0,0.0,0.0,0.0,0.0,0.0,13,False,,2308
cand_f2722d973bcca0b06803,fd,ABSENT_NATIVE,0.0,2309,48.77940523746116,25,0,25,0,0.0,0.0,0.0,0.0,0.0,0.0,7,False,,2309
cand_a7baf24b68ecaf81bf46,fd,PRESENT,0.0,2310,48.757212605415,28,0,28,0,0.0,0.0,0.0,0.0,0.0,0.0,9,False,,2310
cand_c1a7e1a447d3b4a01802,fd,PRESENT,0.0,2311,48.73501997336884,28,0,28,0,0.0,0.0,0.0,0.0,0.0,0.0,9,False,,2311
cand_5005d728624a58417401,fd,ABSENT_NATIVE,0.0,2313,48.69063470927652,16,0,16,0,0.0,0.0,0.0,0.0,0.0,0.0,21,False,,2313
cand_817f0d6853bab3c3b674,fd,ABSENT_NATIVE,0.0,2314,48.66844207723036,29,0,29,0,0.0,0.0,0.0,0.0,0.0,0.0,8,False,,2314
cand_2c746594c9c8b6801bf0,fd,ABSENT_NATIVE,0.0,2316,48.62405681313804,13,0,13,0,0.0,0.0,0.0,0.0,0.0,0.0,24,False,,2316
cand_9434aa7d55bfcd3e02ae,fd,ABSENT_NATIVE,0.0,2317,48.60186418109188,23,0,23,0,0.0,0.0,0.0,0.0,0.0,0.0,14,False,,2317
cand_b397205237b63c80bd38,fd,ABSENT_NATIVE,0.0,2318,48.57967154904572,20,0,20,0,0.0,0.0,0.0,0.0,0.0,0.0,17,False,,2318
cand_a94fc72dfe100e445fe5,fd,ABSENT_NATIVE,0.0,2319,48.55747891699956,24,0,24,0,0.0,0.0,0.0,0.0,0.0,0.0,13,False,,2319
cand_b5d41570741dc4ce125f,fd,ABSENT_NATIVE,0.0,2320,48.53528628495339,30,0,30,0,0.0,0.0,0.0,0.0,0.0,0.0,7,False,,2320
cand_ed85e81a487f1dfdb903,fd,ABSENT_NATIVE,0.0,2321,48.51309365290724,21,0,21,0,0.0,0.0,0.0,0.0,0.0,0.0,16,False,,2321
cand_6af41ac724533224eeef,fd,ABSENT_NATIVE,0.0,2322,48.490901020861074,29,0,29,0,0.0,0.0,0.0,0.0,0.0,0.0,8,False,,2322
cand_c7647f999440f0274f7c,fd,PRESENT,0.0,2323,48.46870838881491,6,0,6,0,0.0,0.0,0.0,0.0,0.0,0.0,23,False,,2323
cand_625dce7d6eb5279fe454,fd,ABSENT_NATIVE,0.0,2325,48.42432312472259,4,0,4,0,0.0,0.0,0.0,0.0,0.0,0.0,33,False,,2325
cand_f013d88e10a6e390303b,fd,ABSENT_NATIVE,0.0,2326,48.402130492676434,29,0,29,0,0.0,0.0,0.0,0.0,0.0,0.0,8,False,,2326
cand_682809e6c1a78aa8d1e4,fd,ABSENT_NATIVE,0.0,2327,48.37993786063027,29,0,29,0,0.0,0.0,0.0,0.0,0.0,0.0,8,False,,2327
cand_64a6f3edd581371ab252,fd,ABSENT_NATIVE,0.0,2329,48.33555259653795,22,0,22,0,0.0,0.0,0.0,0.0,0.0,0.0,9,False,,2329
cand_de1171ea82134bd51812,fd,PRESENT,0.0,2332,48.26897470039947,29,0,29,0,0.0,0.0,0.0,0.0,0.0,0.0,8,False,,2332
cand_1ffc6d953418a0a88e70,fd,ABSENT_NATIVE,0.0,2335,48.202396804260985,29,0,29,0,0.0,0.0,0.0,0.0,0.0,0.0,8,False,,2335
cand_5aabea3b9687c156d960,fd,ABSENT_NATIVE,0.0,2338,48.1358189081225,29,0,29,0,0.0,0.0,0.0,0.0,0.0,0.0,8,False,,2338
cand_f957b7c3a723247ad5ef,fd,ABSENT_NATIVE,0.0,2339,48.113626276076346,29,0,29,0,0.0,0.0,0.0,0.0,0.0,0.0,8,False,,2339
cand_2392edabab3db545979e,fd,ABSENT_NATIVE,0.0,2340,48.09143364403018,19,0,19,0,0.0,0.0,0.0,0.0,0.0,0.0,18,False,,2340
cand_f7d7323713eb484a9405,fd,PRESENT,0.0,2342,48.04704837993786,14,0,14,0,0.0,0.0,0.0,0.0,0.0,0.0,23,False,,2342
cand_1db7e7f3f22ef84fae0a,fd,ABSENT_NATIVE,0.0,2343,48.0248557478917,29,0,29,0,0.0,0.0,0.0,0.0,0.0,0.0,8,False,,2343
cand_666bdcde3bef009f8dc6,fd,ABSENT_NATIVE,0.0,2344,48.002663115845536,29,0,29,0,0.0,0.0,0.0,0.0,0.0,0.0,8,False,,2344
cand_6adec713e4b5d9794c91,fd,ABSENT_NATIVE,0.0,2346,47.958277851753216,6,0,6,0,0.0,0.0,0.0,0.0,0.0,0.0,31,False,,2346
cand_c5258303fbb4d3f4bb65,fd,ABSENT_NATIVE,0.0,2347,47.93608521970706,13,0,13,0,0.0,0.0,0.0,0.0,0.0,0.0,24,False,,2347
cand_07886edd0e273791ae30,fd,ABSENT_NATIVE,0.0,2349,47.89169995561473,23,0,23,0,0.0,0.0,0.0,0.0,0.0,0.0,14,False,,2349
cand_ac10380567025d844b11,fd,ABSENT_NATIVE,0.0,2351,47.84731469152241,28,0,28,0,0.0,0.0,0.0,0.0,0.0,0.0,9,False,,2351
cand_6e931d1cc2e9affe9ddc,fd,ABSENT_NATIVE,0.0,2352,47.82512205947626,21,0,21,0,0.0,0.0,0.0,0.0,0.0,0.0,16,False,,2352
cand_8fb2a52d97f8509636d2,fd,ABSENT_NATIVE,0.0,2353,47.802929427430094,28,0,28,0,0.0,0.0,0.0,0.0,0.0,0.0,9,False,,2353
cand_01af47f7aba5cb9af0a6,fd,ABSENT_NATIVE,0.0,2354,47.78073679538393,24,0,24,0,0.0,0.0,0.0,0.0,0.0,0.0,13,False,,2354
cand_bd04fbdd5ab896baffd9,fd,PRESENT,0.0,2355,47.758544163337774,20,0,20,0,0.0,0.0,0.0,0.0,0.0,0.0,17,False,,2355
cand_127ba14dfb78ba60ddb4,fd,ABSENT_NATIVE,0.0,2356,47.73635153129161,8,0,8,0,0.0,0.0,0.0,0.0,0.0,0.0,27,False,,2356
cand_4832758053afb9e5135a,fd,ABSENT_NATIVE,0.0,2358,47.69196626719929,17,0,17,0,0.0,0.0,0.0,0.0,0.0,0.0,6,False,,2358
cand_6622a6425eccac236565,fd,PRESENT,0.0,2360,47.64758100310697,6,0,6,0,0.0,0.0,0.0,0.0,0.0,0.0,27,False,,2360
cand_b2427f468901c32cacec,fd,ABSENT_NATIVE,0.0,2361,47.62538837106081,16,0,16,0,0.0,0.0,0.0,0.0,0.0,0.0,15,False,,2361
cand_7a89fb52e2e8079e8ff1,fd,PRESENT,0.0,2362,47.603195739014645,21,0,21,0,0.0,0.0,0.0,0.0,0.0,0.0,16,False,,2362
cand_8ce9f7552dfc912c050f,fd,ABSENT_NATIVE,0.0,2364,47.558810474922325,16,0,16,0,0.0,0.0,0.0,0.0,0.0,0.0,21,False,,2364
cand_62a322c30f75d3848c41,fd,ABSENT_NATIVE,0.0,2369,47.44784731469152,1,0,1,0,0.0,0.0,0.0,0.0,0.0,0.0,2,False,,2369
cand_2487a1ee2effd0192284,fd,ABSENT_NATIVE,0.0,2370,47.42565468264536,4,0,4,0,0.0,0.0,0.0,0.0,0.0,0.0,6,False,,2370
cand_9ab838cf6f5a7fc36eaf,fd,PRESENT,0.0,2372,47.38126941855304,29,0,29,0,0.0,0.0,0.0,0.0,0.0,0.0,8,False,,2372
cand_cbae2a2e15de508cbc1a,fd,ABSENT_NATIVE,0.0,2373,47.35907678650688,3,0,3,0,0.0,0.0,0.0,0.0,0.0,0.0,34,False,,2373
cand_210401cd15b222b5c3bd,fd,ABSENT_NATIVE,0.0,2374,47.33688415446072,29,0,29,0,0.0,0.0,0.0,0.0,0.0,0.0,8,False,,2374
cand_fdeb093bdd4530f85e83,fd,ABSENT_NATIVE,0.0,2377,47.270306258322236,2,0,2,0,0.0,0.0,0.0,0.0,0.0,0.0,35,False,,2377
cand_14fcafa36954d989a4fc,fd,ABSENT_NATIVE,0.0,2378,47.24811362627607,15,0,15,0,0.0,0.0,0.0,0.0,0.0,0.0,19,False,,2378
cand_db25d39917fe1b474d2b,fd,ABSENT_NATIVE,0.0,2379,47.22592099422992,9,0,9,0,0.0,0.0,0.0,0.0,0.0,0.0,28,False,,2379
cand_09bfd8bc896918ae835b,fd,ABSENT_NATIVE,0.0,2380,47.20372836218375,29,0,29,0,0.0,0.0,0.0,0.0,0.0,0.0,8,False,,2380
cand_41a79d99b54d44d6a7c7,fd,ABSENT_NATIVE,0.0,2381,47.1815357301376,17,0,17,0,0.0,0.0,0.0,0.0,0.0,0.0,19,False,,2381
cand_7a303bdc0aeb092942fb,fd,ABSENT_NATIVE,0.0,2382,47.15934309809143,5,0,5,0,0.0,0.0,0.0,0.0,0.0,0.0,32,False,,2382
cand_e18119e4a8d6132b9282,fd,ABSENT_NATIVE,0.0,2384,47.114957833999114,29,0,29,0,0.0,0.0,0.0,0.0,0.0,0.0,8,False,,2384
cand_cbef4f071b2791a8ce52,fd,PRESENT,0.0,2385,47.09276520195295,5,0,5,0,0.0,0.0,0.0,0.0,0.0,0.0,32,False,,2385
cand_e9f90a0cf35a6af5d1a1,fd,PRESENT,0.0,2386,47.070572569906794,29,0,29,0,0.0,0.0,0.0,0.0,0.0,0.0,8,False,,2386
cand_d8df7f2707f63af59670,fd,ABSENT_NATIVE,0.0,2387,47.04837993786063,21,0,21,0,0.0,0.0,0.0,0.0,0.0,0.0,16,False,,2387
cand_4034d7c6cef1797148ec,fd,ABSENT_NATIVE,0.0,2389,47.00399467376831,11,0,11,0,0.0,0.0,0.0,0.0,0.0,0.0,17,False,,2389
cand_2e94310400a6660c3138,fd,ABSENT_NATIVE,0.0,2390,46.98180204172215,26,0,26,0,0.0,0.0,0.0,0.0,0.0,0.0,8,False,,2390
cand_4eca0b50ff1fb6bf9c54,fd,ABSENT_NATIVE,0.0,2391,46.959609409675984,29,0,29,0,0.0,0.0,0.0,0.0,0.0,0.0,8,False,,2391
cand_0aed4181677f25bd2231,fd,ABSENT_NATIVE,0.0,2392,46.93741677762983,7,0,7,0,0.0,0.0,0.0,0.0,0.0,0.0,30,False,,2392
cand_949cdd33fb54582e7907,fd,ABSENT_NATIVE,0.0,2393,46.915224145583664,1,0,1,0,0.0,0.0,0.0,0.0,0.0,0.0,36,False,,2393
cand_83d349379d4db8b6bfea,fd,ABSENT_NATIVE,0.0,2394,46.89303151353751,17,0,17,0,0.0,0.0,0.0,0.0,0.0,0.0,19,False,,2394
cand_d104b22102abd72d3473,fd,ABSENT_NATIVE,0.0,2395,46.870838881491345,10,0,10,0,0.0,0.0,0.0,0.0,0.0,0.0,27,False,,2395
cand_fc08ff1e4c70c074b1fc,fd,ABSENT_NATIVE,0.0,2396,46.84864624944518,24,0,24,0,0.0,0.0,0.0,0.0,0.0,0.0,9,False,,2396
cand_b9aba667b1e67facbf80,fd,ABSENT_NATIVE,0.0,2397,46.826453617399025,29,0,29,0,0.0,0.0,0.0,0.0,0.0,0.0,7,False,,2397
cand_5f8acae1a62bf9b78e86,fd,ABSENT_NATIVE,0.0,2398,46.80426098535286,23,0,23,0,0.0,0.0,0.0,0.0,0.0,0.0,9,False,,2398
cand_d87215c6f1fde239c7d0,fd,ABSENT_NATIVE,0.0,2400,46.75987572126054,29,0,29,0,0.0,0.0,0.0,0.0,0.0,0.0,8,False,,2400
cand_cb6c2c8597712e74b969,fd,ABSENT_NATIVE,0.0,2401,46.73768308921438,18,0,18,0,0.0,0.0,0.0,0.0,0.0,0.0,9,False,,2401
cand_92e53ef85e148543ba4a,fd,ABSENT_NATIVE,0.0,2402,46.71549045716822,28,0,28,0,0.0,0.0,0.0,0.0,0.0,0.0,9,False,,2402
cand_d5caf2ce4ba605e70a2a,fd,ABSENT_NATIVE,0.0,2405,46.64891256102974,30,0,30,0,0.0,0.0,0.0,0.0,0.0,0.0,7,False,,2405
cand_3be44f49c43e524fb2fa,fd,ABSENT_NATIVE,0.0,2407,46.60452729693742,24,0,24,0,0.0,0.0,0.0,0.0,0.0,0.0,13,False,,2407
cand_e4642af65080f22dfd3b,fd,ABSENT_NATIVE,0.0,2408,46.582334664891256,29,0,29,0,0.0,0.0,0.0,0.0,0.0,0.0,8,False,,2408
cand_7482e9293e096dbd050b,fd,ABSENT_NATIVE,0.0,2409,46.56014203284509,29,0,29,0,0.0,0.0,0.0,0.0,0.0,0.0,8,False,,2409
cand_29abd078e292a779cdaf,fd,ABSENT_NATIVE,0.0,2410,46.53794940079894,29,0,29,0,0.0,0.0,0.0,0.0,0.0,0.0,8,False,,2410
cand_62d1fbcd5bce91ddade1,fd,ABSENT_NATIVE,0.0,2411,46.51575676875277,22,0,22,0,0.0,0.0,0.0,0.0,0.0,0.0,8,False,,2411
cand_0dd71bf64e816b19f1c9,fd,PRESENT,0.0,2412,46.49356413670662,29,0,29,0,0.0,0.0,0.0,0.0,0.0,0.0,8,False,,2412
cand_f9e6a9cafa2995dadfdd,fd,ABSENT_NATIVE,0.0,2414,46.44917887261429,5,0,5,0,0.0,0.0,0.0,0.0,0.0,0.0,32,False,,2414
cand_5f0ac90f46531c95b8d8,fd,ABSENT_NATIVE,0.0,2416,46.40479360852197,28,0,28,0,0.0,0.0,0.0,0.0,0.0,0.0,9,False,,2416
cand_b8ae2df6f7ae578ecfa5,fd,ABSENT_NATIVE,0.0,2418,46.36040834442965,24,0,24,0,0.0,0.0,0.0,0.0,0.0,0.0,13,False,,2418
cand_6661b97d29246a3c72af,fd,ABSENT_NATIVE,0.0,2419,46.33821571238349,18,0,18,0,0.0,0.0,0.0,0.0,0.0,0.0,19,False,,2419
cand_ba07be66acd4024cf9e2,fd,ABSENT_NATIVE,0.0,2422,46.271637816245004,21,0,21,0,0.0,0.0,0.0,0.0,0.0,0.0,16,False,,2422
cand_704c32e2e20472939059,fd,ABSENT_NATIVE,0.0,2423,46.24944518419885,29,0,29,0,0.0,0.0,0.0,0.0,0.0,0.0,8,False,,2423
cand_d52e3545865113f6b070,fd,ABSENT_NATIVE,0.0,2424,46.227252552152684,4,0,4,0,0.0,0.0,0.0,0.0,0.0,0.0,33,False,,2424
cand_23bf26fd9d36c8e47c77,fd,ABSENT_NATIVE,0.0,2426,46.182867288060365,3,0,3,0,0.0,0.0,0.0,0.0,0.0,0.0,34,False,,2426
cand_6abd13de0c481de2285e,fd,ABSENT_NATIVE,0.0,2427,46.1606746560142,22,0,22,0,0.0,0.0,0.0,0.0,0.0,0.0,15,False,,2427
cand_988283c2991cfda5c425,fd,ABSENT_NATIVE,0.0,2428,46.138482023968045,29,0,29,0,0.0,0.0,0.0,0.0,0.0,0.0,8,False,,2428
cand_ef9d914a7a95a89c404f,fd,ABSENT_NATIVE,0.0,2430,46.09409675987572,21,0,21,0,0.0,0.0,0.0,0.0,0.0,0.0,8,False,,2430
cand_fb74167408a3b7b927b3,fd,ABSENT_NATIVE,0.0,2432,46.0497114957834,29,0,29,0,0.0,0.0,0.0,0.0,0.0,0.0,8,False,,2432
cand_402b201cf5330922fe6a,fd,ABSENT_NATIVE,0.0,2434,46.00532623169108,29,0,29,0,0.0,0.0,0.0,0.0,0.0,0.0,8,False,,2434
cand_e74ad3d7c0500524e749,fd,PRESENT,0.0,2435,45.983133599644916,28,0,28,0,0.0,0.0,0.0,0.0,0.0,0.0,9,False,,2435
cand_288f270b75d02e6450fb,fd,ABSENT_NATIVE,0.0,2436,45.96094096759876,21,0,21,0,0.0,0.0,0.0,0.0,0.0,0.0,16,False,,2436
cand_16fdc732f1f64cd2e5e8,fd,ABSENT_NATIVE,0.0,2437,45.938748335552596,2,0,2,0,0.0,0.0,0.0,0.0,0.0,0.0,35,False,,2437
cand_7007146db761cb3e273d,fd,ABSENT_NATIVE,0.0,2438,45.91655570350643,24,0,24,0,0.0,0.0,0.0,0.0,0.0,0.0,13,False,,2438
cand_ed62527008efe53aadeb,fd,ABSENT_NATIVE,0.0,2439,45.894363071460276,29,0,29,0,0.0,0.0,0.0,0.0,0.0,0.0,8,False,,2439
cand_2c7cc62bc04c38ab74a4,fd,ABSENT_NATIVE,0.0,2442,45.82778517532179,29,0,29,0,0.0,0.0,0.0,0.0,0.0,0.0,8,False,,2442
cand_71692fee56fde88442db,fd,ABSENT_NATIVE,0.0,2443,45.80559254327563,29,0,29,0,0.0,0.0,0.0,0.0,0.0,0.0,8,False,,2443
cand_9667ef321a16b37a931c,fd,ABSENT_NATIVE,0.0,2444,45.78339991122947,30,0,30,0,0.0,0.0,0.0,0.0,0.0,0.0,7,False,,2444
cand_7d1cc5942839bf42ff70,fd,PRESENT,0.0,2446,45.739014647137154,28,0,28,0,0.0,0.0,0.0,0.0,0.0,0.0,8,False,,2446
cand_e50343a7fd72f0e0acef,fd,ABSENT_NATIVE,0.0,2447,45.71682201509099,22,0,22,0,0.0,0.0,0.0,0.0,0.0,0.0,15,False,,2447
cand_7261d14fb90e77adde7f,fd,ABSENT_NATIVE,0.0,2449,45.67243675099867,5,0,5,0,0.0,0.0,0.0,0.0,0.0,0.0,21,False,,2449
cand_c12be9509c7d5ebf6c69,fd,ABSENT_NATIVE,0.0,2452,45.60585885486019,28,0,28,0,0.0,0.0,0.0,0.0,0.0,0.0,9,False,,2452
cand_83c7527865f56b0c0d84,fd,ABSENT_NATIVE,0.0,2454,45.56147359076787,24,0,24,0,0.0,0.0,0.0,0.0,0.0,0.0,13,False,,2454
cand_85d4ca72fa631ea87648,fd,PRESENT,0.0,2455,45.539280958721704,21,0,21,0,0.0,0.0,0.0,0.0,0.0,0.0,16,False,,2455
cand_ec32831ffc82a10770df,fd,ABSENT_NATIVE,0.0,2457,45.494895694629385,10,0,10,0,0.0,0.0,0.0,0.0,0.0,0.0,27,False,,2457
cand_3d23957f5932bc79aa8c,fd,ABSENT_NATIVE,0.0,2459,45.450510430537065,24,0,24,0,0.0,0.0,0.0,0.0,0.0,0.0,13,False,,2459
cand_08cf77786c767eb2d6c8,fd,ABSENT_NATIVE,0.0,2460,45.4283177984909,21,0,21,0,0.0,0.0,0.0,0.0,0.0,0.0,16,False,,2460
cand_1d68c814363b0227e6f0,fd,ABSENT_NATIVE,0.0,2461,45.40612516644474,10,0,10,0,0.0,0.0,0.0,0.0,0.0,0.0,27,False,,2461
cand_506abc5dd6d1261435d0,fd,ABSENT_NATIVE,0.0,2462,45.38393253439858,28,0,28,0,0.0,0.0,0.0,0.0,0.0,0.0,9,False,,2462
cand_cdd44ea46f81162e2050,fd,ABSENT_NATIVE,0.0,2465,45.3173546382601,16,0,16,0,0.0,0.0,0.0,0.0,0.0,0.0,21,False,,2465
cand_dddcb180e99be30de2fd,fd,ABSENT_NATIVE,0.0,2468,45.250776742121616,2,0,2,0,0.0,0.0,0.0,0.0,0.0,0.0,35,False,,2468
cand_9cacc4d6674172771d06,fd,ABSENT_NATIVE,0.0,2471,45.18419884598313,28,0,28,0,0.0,0.0,0.0,0.0,0.0,0.0,9,False,,2471
cand_83259666d1cfd5b7782a,fd,ABSENT_NATIVE,0.0,2473,45.13981358189081,28,0,28,0,0.0,0.0,0.0,0.0,0.0,0.0,9,False,,2473
cand_592bb45013b868051d35,fd,ABSENT_NATIVE,0.0,2474,45.11762094984465,2,0,2,0,0.0,0.0,0.0,0.0,0.0,0.0,35,False,,2474
cand_7f980afd5eceab01b965,fd,PRESENT,0.0,2475,45.09542831779849,22,0,22,0,0.0,0.0,0.0,0.0,0.0,0.0,15,False,,2475
cand_31ac418fcba610880a2d,fd,ABSENT_NATIVE,0.0,2476,45.07323568575233,10,0,10,0,0.0,0.0,0.0,0.0,0.0,0.0,27,False,,2476
cand_daf502203152f9e428aa,fd,ABSENT_NATIVE,0.0,2477,45.05104305370617,6,0,6,0,0.0,0.0,0.0,0.0,0.0,0.0,21,False,,2477
cand_46f0827bf1d3e85386ef,fd,ABSENT_NATIVE,0.0,2478,45.02885042166001,28,0,28,0,0.0,0.0,0.0,0.0,0.0,0.0,9,False,,2478
cand_cea5451987bfe3976ee3,fd,ABSENT_NATIVE,0.0,2479,45.00665778961385,4,0,4,0,0.0,0.0,0.0,0.0,0.0,0.0,33,False,,2479
cand_2a8eab6152aa6584285a,fd,ABSENT_NATIVE,0.0,2480,44.98446515756769,19,0,19,0,0.0,0.0,0.0,0.0,0.0,0.0,18,False,,2480
cand_bf01352d3d04472292ca,fd,ABSENT_NATIVE,0.0,2481,44.96227252552153,30,0,30,0,0.0,0.0,0.0,0.0,0.0,0.0,4,False,,2481
cand_6109d4550ea94fb13636,fd,ABSENT_NATIVE,0.0,2482,44.940079893475364,19,0,19,0,0.0,0.0,0.0,0.0,0.0,0.0,18,False,,2482
cand_bdf088d5c50c5cc78bc5,fd,ABSENT_NATIVE,0.0,2484,44.895694629383044,29,0,29,0,0.0,0.0,0.0,0.0,0.0,0.0,8,False,,2484
cand_938c7e7708472ad50993,fd,ABSENT_NATIVE,0.0,2486,44.851309365290724,26,0,26,0,0.0,0.0,0.0,0.0,0.0,0.0,11,False,,2486
cand_12452f5606f4d5ccc971,fd,ABSENT_NATIVE,0.0,2487,44.82911673324456,17,0,17,0,0.0,0.0,0.0,0.0,0.0,0.0,19,False,,2487
cand_50ac4e7d72f5bfa04dfd,fd,ABSENT_NATIVE,0.0,2488,44.806924101198405,28,0,28,0,0.0,0.0,0.0,0.0,0.0,0.0,9,False,,2488
cand_d2a440801bbb3236ad8a,fd,ABSENT_NATIVE,0.0,2489,44.78473146915224,28,0,28,0,0.0,0.0,0.0,0.0,0.0,0.0,9,False,,2489
cand_5f73390b108507b2163e,fd,PRESENT,0.0,2490,44.76253883710608,30,0,30,0,0.0,0.0,0.0,0.0,0.0,0.0,4,False,,2490
cand_1afce5b3fe04fd8cd7da,fd,PRESENT,0.0,2491,44.74034620505992,29,0,29,0,0.0,0.0,0.0,0.0,0.0,0.0,8,False,,2491
cand_afdbe029565ab44ee87d,fd,ABSENT_NATIVE,0.0,2492,44.71815357301376,29,0,29,0,0.0,0.0,0.0,0.0,0.0,0.0,8,False,,2492
cand_844d6c376ced5b8e27ad,fd,ABSENT_NATIVE,0.0,2494,44.67376830892144,9,0,9,0,0.0,0.0,0.0,0.0,0.0,0.0,28,False,,2494
cand_ad788bc88c8ab0130d96,fd,PRESENT,0.0,2495,44.651575676875275,14,0,14,0,0.0,0.0,0.0,0.0,0.0,0.0,23,False,,2495
cand_f7a58bb80913b1bc1cda,fd,ABSENT_NATIVE,0.0,2496,44.62938304482912,12,0,12,0,0.0,0.0,0.0,0.0,0.0,0.0,25,False,,2496
cand_cbdf014cbd0623019da4,fd,ABSENT_NATIVE,0.0,2497,44.607190412782955,28,0,28,0,0.0,0.0,0.0,0.0,0.0,0.0,9,False,,2497
cand_3e60c9bb288b349aa815,fd,ABSENT_NATIVE,0.0,2498,44.58499778073679,28,0,28,0,0.0,0.0,0.0,0.0,0.0,0.0,9,False,,2498
cand_05cf624dcb157ff1e2ac,fd,ABSENT_NATIVE,0.0,2499,44.562805148690636,18,0,18,0,0.0,0.0,0.0,0.0,0.0,0.0,19,False,,2499
cand_fed1c8d526842cd1e187,fd,ABSENT_NATIVE,0.0,2500,44.54061251664447,4,0,4,0,0.0,0.0,0.0,0.0,0.0,0.0,29,False,,2500
cand_c7bf24fcb68577f5d3a6,fd,ABSENT_NATIVE,0.0,2501,44.518419884598316,14,0,14,0,0.0,0.0,0.0,0.0,0.0,0.0,23,False,,2501
cand_340e7de95fa2ff5c232a,fd,ABSENT_NATIVE,0.0,2502,44.49622725255215,28,0,28,0,0.0,0.0,0.0,0.0,0.0,0.0,9,False,,2502
cand_644a7a385dc1121f4aeb,fd,ABSENT_NATIVE,0.0,2503,44.47403462050599,28,0,28,0,0.0,0.0,0.0,0.0,0.0,0.0,9,False,,2503
cand_07f3d71bf8c750154a92,fd,ABSENT_NATIVE,0.0,2504,44.45184198845983,28,0,28,0,0.0,0.0,0.0,0.0,0.0,0.0,9,False,,2504
cand_656a64ad51cb3fc68454,fd,ABSENT_NATIVE,0.0,2505,44.42964935641367,21,0,21,0,0.0,0.0,0.0,0.0,0.0,0.0,16,False,,2505
cand_e74292291610f6d8b3d5,fd,ABSENT_NATIVE,0.0,2507,44.38526409232135,18,0,18,0,0.0,0.0,0.0,0.0,0.0,0.0,19,False,,2507
cand_042fdaa27c7a5e2f039d,fd,ABSENT_NATIVE,0.0,2508,44.36307146027519,22,0,22,0,0.0,0.0,0.0,0.0,0.0,0.0,15,False,,2508
cand_34e6f1c0661d12e981b7,fd,ABSENT_NATIVE,0.0,2509,44.34087882822903,13,0,13,0,0.0,0.0,0.0,0.0,0.0,0.0,24,False,,2509
cand_aef16baf4a8d352f2df6,fd,PRESENT,0.0,2512,44.27430093209055,18,0,18,0,0.0,0.0,0.0,0.0,0.0,0.0,19,False,,2512
cand_faf90bf34d7ec16a664b,fd,ABSENT_NATIVE,0.0,2513,44.252108300044384,23,0,23,0,0.0,0.0,0.0,0.0,0.0,0.0,13,False,,2513
cand_e7c15c6ae94c54702791,fd,ABSENT_NATIVE,0.0,2514,44.22991566799823,24,0,24,0,0.0,0.0,0.0,0.0,0.0,0.0,13,False,,2514
cand_a021ba3df652e37e2bb4,fd,ABSENT_NATIVE,0.0,2515,44.207723035952064,18,0,18,0,0.0,0.0,0.0,0.0,0.0,0.0,19,False,,2515
cand_7baed1fd0a86d481a6cf,fd,ABSENT_NATIVE,0.0,2516,44.1855304039059,29,0,29,0,0.0,0.0,0.0,0.0,0.0,0.0,8,False,,2516
cand_ef24e2dd412e66e87334,fd,ABSENT_NATIVE,0.0,2517,44.163337771859744,10,0,10,0,0.0,0.0,0.0,0.0,0.0,0.0,21,False,,2517
cand_c9f995545e13704b559e,fd,ABSENT_NATIVE,0.0,2519,44.118952507767425,18,0,18,0,0.0,0.0,0.0,0.0,0.0,0.0,19,False,,2519
cand_26db770aa617998709ce,fd,ABSENT_NATIVE,0.0,2520,44.09675987572126,12,0,12,0,0.0,0.0,0.0,0.0,0.0,0.0,25,False,,2520
cand_e266fa866c8b1a6e08ad,fd,ABSENT_NATIVE,0.0,2521,44.0745672436751,4,0,4,0,0.0,0.0,0.0,0.0,0.0,0.0,33,False,,2521
cand_1ae488282b415c9a7003,fd,ABSENT_NATIVE,0.0,2522,44.05237461162894,24,0,24,0,0.0,0.0,0.0,0.0,0.0,0.0,13,False,,2522
cand_65911c2d3fc39b447235,fd,ABSENT_NATIVE,0.0,2523,44.03018197958278,26,0,26,0,0.0,0.0,0.0,0.0,0.0,0.0,11,False,,2523
cand_20e4039a50db4ec677fc,fd,ABSENT_NATIVE,0.0,2524,44.007989347536615,29,0,29,0,0.0,0.0,0.0,0.0,0.0,0.0,8,False,,2524
cand_2b36bc1a263be6cb2342,fd,ABSENT_NATIVE,0.0,2526,43.963604083444295,28,0,28,0,0.0,0.0,0.0,0.0,0.0,0.0,9,False,,2526
cand_9fc2eb710a17cab68c49,fd,ABSENT_NATIVE,0.0,2527,43.94141145139814,29,0,29,0,0.0,0.0,0.0,0.0,0.0,0.0,8,False,,2527
cand_efdc2e97b4da07bbb75e,fd,ABSENT_NATIVE,0.0,2528,43.919218819351975,28,0,28,0,0.0,0.0,0.0,0.0,0.0,0.0,9,False,,2528
cand_5b9e7b6788b59766c350,fd,ABSENT_NATIVE,0.0,2529,43.89702618730581,10,0,10,0,0.0,0.0,0.0,0.0,0.0,0.0,27,False,,2529
cand_cfb69a57c9f9e3b4b8e4,fd,ABSENT_NATIVE,0.0,2530,43.874833555259656,12,0,12,0,0.0,0.0,0.0,0.0,0.0,0.0,25,False,,2530
cand_9561e18f26fd5dfb25e2,fd,ABSENT_NATIVE,0.0,2532,43.83044829116733,29,0,29,0,0.0,0.0,0.0,0.0,0.0,0.0,8,False,,2532
cand_c845e3b8956ef9d47d62,fd,ABSENT_NATIVE,0.0,2533,43.80825565912117,29,0,29,0,0.0,0.0,0.0,0.0,0.0,0.0,8,False,,2533
cand_a2c60bb914abde42e3c9,fd,ABSENT_NATIVE,0.0,2534,43.78606302707501,21,0,21,0,0.0,0.0,0.0,0.0,0.0,0.0,16,False,,2534
cand_3ce6745be6bf1e1a6c30,fd,PRESENT,0.0,2535,43.76387039502885,24,0,24,0,0.0,0.0,0.0,0.0,0.0,0.0,13,False,,2535
cand_031aa42c9a95d8bb25ff,fd,ABSENT_NATIVE,0.0,2536,43.74167776298269,28,0,28,0,0.0,0.0,0.0,0.0,0.0,0.0,9,False,,2536
cand_45cd63b37b738926462f,fd,ABSENT_NATIVE,0.0,2537,43.719485130936526,28,0,28,0,0.0,0.0,0.0,0.0,0.0,0.0,9,False,,2537
cand_5af97e9ab7c90845d0dc,fd,PRESENT,0.0,2538,43.69729249889037,29,0,29,0,0.0,0.0,0.0,0.0,0.0,0.0,8,False,,2538
cand_a0d69211816f7c7fd684,fd,PRESENT,0.0,2539,43.67509986684421,22,0,22,0,0.0,0.0,0.0,0.0,0.0,0.0,15,False,,2539
cand_a2d0b679293f35f406e2,fd,PRESENT,0.0,2540,43.65290723479805,15,0,15,0,0.0,0.0,0.0,0.0,0.0,0.0,22,False,,2540
cand_6b51a6b0302e4501b673,fd,PRESENT,0.0,2541,43.63071460275189,29,0,29,0,0.0,0.0,0.0,0.0,0.0,0.0,8,False,,2541
cand_feda1cbd345ae086adc7,fd,PRESENT,0.0,2543,43.58632933865957,12,0,12,0,0.0,0.0,0.0,0.0,0.0,0.0,25,False,,2543
cand_fd7470e33075f1764714,fd,ABSENT_NATIVE,0.0,2545,43.54194407456724,28,0,28,0,0.0,0.0,0.0,0.0,0.0,0.0,9,False,,2545
cand_13053473ee1bec59302d,fd,ABSENT_NATIVE,0.0,2547,43.49755881047492,29,0,29,0,0.0,0.0,0.0,0.0,0.0,0.0,8,False,,2547
cand_bae66f915508632d1b08,fd,PRESENT,0.0,2548,43.475366178428764,28,0,28,0,0.0,0.0,0.0,0.0,0.0,0.0,9,False,,2548
cand_012a3baf7cdcbd260430,fd,ABSENT_NATIVE,0.0,2549,43.4531735463826,4,0,4,0,0.0,0.0,0.0,0.0,0.0,0.0,33,False,,2549
cand_a07c149e7f98383047c9,fd,PRESENT,0.0,2550,43.43098091433644,28,0,28,0,0.0,0.0,0.0,0.0,0.0,0.0,9,False,,2550
cand_59056c3a2dd3fac92c95,fd,PRESENT,0.0,2551,43.40878828229028,24,0,24,0,0.0,0.0,0.0,0.0,0.0,0.0,13,False,,2551
cand_854bf29afb85086e0814,fd,PRESENT,0.0,2552,43.38659565024412,16,0,16,0,0.0,0.0,0.0,0.0,0.0,0.0,21,False,,2552
cand_61147c5a6cff1e2e6d27,fd,PRESENT,0.0,2553,43.36440301819796,26,0,26,0,0.0,0.0,0.0,0.0,0.0,0.0,11,False,,2553
cand_29e645c57c64e7838a2b,fd,ABSENT_NATIVE,0.0,2554,43.3422103861518,24,0,24,0,0.0,0.0,0.0,0.0,0.0,0.0,13,False,,2554
cand_a194f4355f5c7304bba6,fd,PRESENT,0.0,2555,43.320017754105635,21,0,21,0,0.0,0.0,0.0,0.0,0.0,0.0,16,False,,2555
cand_00af15c3f53c0c256213,fd,PRESENT,0.0,2556,43.29782512205948,29,0,29,0,0.0,0.0,0.0,0.0,0.0,0.0,8,False,,2556
cand_1eeea8117e255ebbdc1c,fd,ABSENT_NATIVE,0.0,2557,43.275632490013315,29,0,29,0,0.0,0.0,0.0,0.0,0.0,0.0,8,False,,2557
cand_aa59638295710604ff85,fd,PRESENT,0.0,2558,43.25343985796715,24,0,24,0,0.0,0.0,0.0,0.0,0.0,0.0,13,False,,2558
cand_9ae43b046d22ed3165a3,fd,PRESENT,0.0,2559,43.231247225920995,19,0,19,0,0.0,0.0,0.0,0.0,0.0,0.0,18,False,,2559
cand_c3c248568d8a038d8494,fd,ABSENT_NATIVE,0.0,2560,43.20905459387483,22,0,22,0,0.0,0.0,0.0,0.0,0.0,0.0,15,False,,2560
cand_f8150552a44b3679c82e,fd,ABSENT_NATIVE,0.0,2561,43.186861961828676,29,0,29,0,0.0,0.0,0.0,0.0,0.0,0.0,8,False,,2561
cand_a4b73b84827a659bc36e,fd,PRESENT,0.0,2562,43.16466932978251,18,0,18,0,0.0,0.0,0.0,0.0,0.0,0.0,19,False,,2562
cand_ad55fe300ebdf4317fae,fd,ABSENT_NATIVE,0.0,2563,43.14247669773635,28,0,28,0,0.0,0.0,0.0,0.0,0.0,0.0,9,False,,2563
cand_505a4fa15bbc0e2445f6,fd,PRESENT,0.0,2564,43.12028406569019,18,0,18,0,0.0,0.0,0.0,0.0,0.0,0.0,19,False,,2564
cand_97b34569198cd3da81ad,fd,ABSENT_NATIVE,0.0,2565,43.09809143364403,29,0,29,0,0.0,0.0,0.0,0.0,0.0,0.0,8,False,,2565
cand_503380796ad8a0e7b17e,fd,PRESENT,0.0,2566,43.07589880159787,29,0,29,0,0.0,0.0,0.0,0.0,0.0,0.0,8,False,,2566
cand_7a7275a0cce5023cc990,fd,PRESENT,0.0,2567,43.05370616955171,28,0,28,0,0.0,0.0,0.0,0.0,0.0,0.0,9,False,,2567
cand_275498b2b848bd0e7178,fd,ABSENT_NATIVE,0.0,2568,43.031513537505546,29,0,29,0,0.0,0.0,0.0,0.0,0.0,0.0,8,False,,2568
cand_7c602b0a7019e6d508e7,fd,ABSENT_NATIVE,0.0,2569,43.00932090545939,29,0,29,0,0.0,0.0,0.0,0.0,0.0,0.0,8,False,,2569
cand_d9d26de2ab0feb270475,fd,PRESENT,0.0,2570,42.98712827341323,21,0,21,0,0.0,0.0,0.0,0.0,0.0,0.0,16,False,,2570
cand_119e8dbcebb8b1eed21c,fd,ABSENT_NATIVE,0.0,2571,42.96493564136706,29,0,29,0,0.0,0.0,0.0,0.0,0.0,0.0,8,False,,2571
cand_2d9dfd3d53c5946da4d8,fd,ABSENT_NATIVE,0.0,2573,42.92055037727474,18,0,18,0,0.0,0.0,0.0,0.0,0.0,0.0,11,False,,2573
cand_6490e988fd2fed18f777,fd,ABSENT_NATIVE,0.0,2574,42.89835774522859,21,0,21,0,0.0,0.0,0.0,0.0,0.0,0.0,16,False,,2574
cand_9761cd80a944f56505a0,fd,PRESENT,0.0,2575,42.876165113182424,28,0,28,0,0.0,0.0,0.0,0.0,0.0,0.0,9,False,,2575
cand_b6c59969f3c1be57e59d,fd,ABSENT_NATIVE,0.0,2576,42.85397248113626,3,0,3,0,0.0,0.0,0.0,0.0,0.0,0.0,34,False,,2576
cand_cbb81da1e9a9f323b46c,fd,ABSENT_NATIVE,0.0,2577,42.831779849090104,29,0,29,0,0.0,0.0,0.0,0.0,0.0,0.0,8,False,,2577
cand_cc6989937bcc951a368c,fd,ABSENT_NATIVE,0.0,2578,42.80958721704394,24,0,24,0,0.0,0.0,0.0,0.0,0.0,0.0,13,False,,2578
cand_c9c5c8d6944fe1bd1543,fd,PRESENT,0.0,2581,42.74300932090546,23,0,23,0,0.0,0.0,0.0,0.0,0.0,0.0,14,False,,2581
cand_b81a1e259f5dd53f0c42,fd,ABSENT_NATIVE,0.0,2582,42.7208166888593,28,0,28,0,0.0,0.0,0.0,0.0,0.0,0.0,9,False,,2582
cand_7e35a3cb35b5d8c19d4b,fd,PRESENT,0.0,2583,42.69862405681314,20,0,20,0,0.0,0.0,0.0,0.0,0.0,0.0,17,False,,2583
cand_8925945acf87b9cdd54c,fd,ABSENT_NATIVE,0.0,2584,42.676431424766974,2,0,2,0,0.0,0.0,0.0,0.0,0.0,0.0,35,False,,2584
cand_eab017acefe871da2419,fd,ABSENT_NATIVE,0.0,2588,42.587660896582335,23,0,23,0,0.0,0.0,0.0,0.0,0.0,0.0,14,False,,2588
cand_0426fe7d240c7249bbb4,fd,PRESENT,0.0,2590,42.543275632490015,28,0,28,0,0.0,0.0,0.0,0.0,0.0,0.0,9,False,,2590
cand_06059a19c5104d466097,fd,ABSENT_NATIVE,0.0,2591,42.52108300044385,21,0,21,0,0.0,0.0,0.0,0.0,0.0,0.0,9,False,,2591
cand_91a545eeb5b0d515c03e,fd,ABSENT_NATIVE,0.0,2592,42.49889036839769,4,0,4,0,0.0,0.0,0.0,0.0,0.0,0.0,14,False,,2592
cand_2191d77639355e72756b,fd,PRESENT,0.0,2593,42.47669773635153,19,0,19,0,0.0,0.0,0.0,0.0,0.0,0.0,18,False,,2593
cand_1d8e664c163df8f14204,fd,PRESENT,0.0,2594,42.45450510430537,20,0,20,0,0.0,0.0,0.0,0.0,0.0,0.0,17,False,,2594
cand_ae4dc5c228e454bc01c5,fd,PRESENT,0.0,2595,42.43231247225921,28,0,28,0,0.0,0.0,0.0,0.0,0.0,0.0,9,False,,2595
cand_fa48744000815aabbad5,fd,ABSENT_NATIVE,0.0,2597,42.387927208166886,22,0,22,0,0.0,0.0,0.0,0.0,0.0,0.0,15,False,,2597
cand_1a0c139fd9728b98128b,fd,ABSENT_NATIVE,0.0,2598,42.36573457612073,16,0,16,0,0.0,0.0,0.0,0.0,0.0,0.0,21,False,,2598
cand_e7b3ceb89684f99246b8,fd,ABSENT_NATIVE,0.0,2599,42.343541944074566,24,0,24,0,0.0,0.0,0.0,0.0,0.0,0.0,13,False,,2599
cand_039729bde8cff1590461,fd,ABSENT_NATIVE,0.0,2600,42.32134931202841,14,0,14,0,0.0,0.0,0.0,0.0,0.0,0.0,23,False,,2600
cand_cd81fc48b3e81d186a94,fd,ABSENT_NATIVE,0.0,2602,42.27696404793608,29,0,29,0,0.0,0.0,0.0,0.0,0.0,0.0,8,False,,2602
cand_409d3a315fe12e727b9a,fd,ABSENT_NATIVE,0.0,2604,42.23257878384376,29,0,29,0,0.0,0.0,0.0,0.0,0.0,0.0,8,False,,2604
cand_581a572c357747c7a22f,fd,PRESENT,0.0,2605,42.2103861517976,28,0,28,0,0.0,0.0,0.0,0.0,0.0,0.0,9,False,,2605
cand_534cdd9cc8060d0bae79,fd,ABSENT_NATIVE,0.0,2606,42.188193519751444,26,0,26,0,0.0,0.0,0.0,0.0,0.0,0.0,11,False,,2606
cand_6e5a4e2dfdef57cb7082,fd,PRESENT,0.0,2607,42.16600088770528,16,0,16,0,0.0,0.0,0.0,0.0,0.0,0.0,21,False,,2607
cand_8f16f7e0a88e929a60ff,fd,ABSENT_NATIVE,0.0,2609,42.12161562361296,29,0,29,0,0.0,0.0,0.0,0.0,0.0,0.0,8,False,,2609
cand_bb7096c92629b986074c,fd,PRESENT,0.0,2610,42.0994229915668,15,0,15,0,0.0,0.0,0.0,0.0,0.0,0.0,22,False,,2610
cand_1bc9818eaf206046feaa,fd,PRESENT,0.0,2611,42.07723035952064,1,0,1,0,0.0,0.0,0.0,0.0,0.0,0.0,36,False,,2611
cand_e54caf78fa97f877af1a,fd,PRESENT,0.0,2612,42.05503772747448,22,0,22,0,0.0,0.0,0.0,0.0,0.0,0.0,15,False,,2612
cand_393569e16d31e851aaa3,fd,ABSENT_NATIVE,0.0,2613,42.03284509542832,24,0,24,0,0.0,0.0,0.0,0.0,0.0,0.0,13,False,,2613
cand_4b7f83f17cd54fa67237,fd,PRESENT,0.0,2614,42.01065246338216,29,0,29,0,0.0,0.0,0.0,0.0,0.0,0.0,8,False,,2614
cand_6a32cbe96006d1320919,fd,PRESENT,0.0,2615,41.988459831335994,2,0,2,0,0.0,0.0,0.0,0.0,0.0,0.0,35,False,,2615
cand_79ff05af793f81c7d39d,fd,ABSENT_NATIVE,0.0,2617,41.944074567243675,29,0,29,0,0.0,0.0,0.0,0.0,0.0,0.0,8,False,,2617
cand_a6f06516863e23699ce5,fd,PRESENT,0.0,2619,41.899689303151355,16,0,16,0,0.0,0.0,0.0,0.0,0.0,0.0,21,False,,2619
cand_8ddbb9f884423226922d,fd,ABSENT_NATIVE,0.0,2620,41.87749667110519,29,0,29,0,0.0,0.0,0.0,0.0,0.0,0.0,8,False,,2620
cand_3b275fbe32c80819b32b,fd,ABSENT_NATIVE,0.0,2621,41.855304039059035,12,0,12,0,0.0,0.0,0.0,0.0,0.0,0.0,25,False,,2621
cand_15657754e1f90d751621,fd,ABSENT_NATIVE,0.0,2622,41.83311140701287,29,0,29,0,0.0,0.0,0.0,0.0,0.0,0.0,8,False,,2622
cand_b5638075971be7ea6ca8,fd,ABSENT_NATIVE,0.0,2623,41.81091877496671,28,0,28,0,0.0,0.0,0.0,0.0,0.0,0.0,8,False,,2623
cand_1bcc398cd93d67169c16,fd,ABSENT_NATIVE,0.0,2624,41.78872614292055,2,0,2,0,0.0,0.0,0.0,0.0,0.0,0.0,23,False,,2624
cand_39152a7e168de7bd4dc5,fd,ABSENT_NATIVE,0.0,2626,41.744340878828226,23,0,23,0,0.0,0.0,0.0,0.0,0.0,0.0,4,False,,2626
cand_b80b9028b34e46cc88fc,fd,ABSENT_NATIVE,0.0,2627,41.72214824678207,16,0,16,0,0.0,0.0,0.0,0.0,0.0,0.0,21,False,,2627
cand_600fca76f98a9f4a170f,fd,ABSENT_NATIVE,0.0,2628,41.699955614735906,18,0,18,0,0.0,0.0,0.0,0.0,0.0,0.0,19,False,,2628
cand_e03cb81840251def5fc1,fd,PRESENT,0.0,2629,41.67776298268975,31,0,31,0,0.0,0.0,0.0,0.0,0.0,0.0,4,False,,2629
cand_cb41869a0701a33bb681,fd,ABSENT_NATIVE,0.0,2630,41.655570350643586,23,0,23,0,0.0,0.0,0.0,0.0,0.0,0.0,14,False,,2630
cand_b037b5db072c8cb33b72,fd,ABSENT_NATIVE,0.0,2631,41.63337771859742,28,0,28,0,0.0,0.0,0.0,0.0,0.0,0.0,9,False,,2631
cand_9a6737b4afc9a5ff833e,fd,ABSENT_NATIVE,0.0,2632,41.61118508655127,24,0,24,0,0.0,0.0,0.0,0.0,0.0,0.0,8,False,,2632
cand_cc1942e2f3e69ffbe025,fd,ABSENT_NATIVE,0.0,2633,41.5889924545051,14,0,14,0,0.0,0.0,0.0,0.0,0.0,0.0,23,False,,2633
cand_b23810d90a7ed2676aa4,fd,ABSENT_NATIVE,0.0,2634,41.56679982245895,30,0,30,0,0.0,0.0,0.0,0.0,0.0,0.0,3,False,,2634
cand_e728f32a8bd8936d8e68,fd,ABSENT_NATIVE,0.0,2635,41.54460719041278,28,0,28,0,0.0,0.0,0.0,0.0,0.0,0.0,9,False,,2635
cand_c4582dc7b9fe010d4a85,fd,ABSENT_NATIVE,0.0,2637,41.500221926320464,31,0,31,0,0.0,0.0,0.0,0.0,0.0,0.0,3,False,,2637
cand_447b076711d7d27f3858,fd,PRESENT,0.0,2638,41.4780292942743,14,0,14,0,0.0,0.0,0.0,0.0,0.0,0.0,23,False,,2638
cand_fd1d99d6754f0951540d,fd,ABSENT_NATIVE,0.0,2639,41.45583666222814,2,0,2,0,0.0,0.0,0.0,0.0,0.0,0.0,35,False,,2639
cand_4bdfb5f221308cd7dd3b,fd,ABSENT_NATIVE,0.0,2640,41.43364403018198,29,0,29,0,0.0,0.0,0.0,0.0,0.0,0.0,8,False,,2640
cand_93a25f343bc5e126726d,fd,ABSENT_NATIVE,0.0,2642,41.38925876608966,28,0,28,0,0.0,0.0,0.0,0.0,0.0,0.0,9,False,,2642
cand_4bc52b489c846879553f,fd,ABSENT_NATIVE,0.0,2643,41.3670661340435,31,0,31,0,0.0,0.0,0.0,0.0,0.0,0.0,3,False,,2643
cand_fc777bb01b75ea8f73ae,fd,ABSENT_NATIVE,0.0,2644,41.344873501997334,28,0,28,0,0.0,0.0,0.0,0.0,0.0,0.0,9,False,,2644
cand_28dcb3d34e790cecb9ab,fd,ABSENT_NATIVE,0.0,2645,41.32268086995118,17,0,17,0,0.0,0.0,0.0,0.0,0.0,0.0,19,False,,2645
cand_a29d0b1d3912242f0d2d,fd,ABSENT_NATIVE,0.0,2646,41.300488237905014,23,0,23,0,0.0,0.0,0.0,0.0,0.0,0.0,14,False,,2646
cand_027ad21c3ab4ce5aeec5,fd,ABSENT_NATIVE,0.0,2647,41.27829560585886,3,0,3,0,0.0,0.0,0.0,0.0,0.0,0.0,28,False,,2647
cand_565d5aa53a0020cccf48,fd,PRESENT,0.0,2648,41.256102973812695,18,0,18,0,0.0,0.0,0.0,0.0,0.0,0.0,19,False,,2648
cand_f895fc1997926c4ec526,fd,ABSENT_NATIVE,0.0,2650,41.211717709720375,11,0,11,0,0.0,0.0,0.0,0.0,0.0,0.0,24,False,,2650
cand_355829775aea03999348,fd,ABSENT_NATIVE,0.0,2651,41.18952507767421,13,0,13,0,0.0,0.0,0.0,0.0,0.0,0.0,24,False,,2651
cand_53b3e74844c1daffc1cd,fd,ABSENT_NATIVE,0.0,2653,41.14513981358189,17,0,17,0,0.0,0.0,0.0,0.0,0.0,0.0,19,False,,2653
cand_1344ce41a64d280f21e6,fd,ABSENT_NATIVE,0.0,2654,41.12294718153573,6,0,6,0,0.0,0.0,0.0,0.0,0.0,0.0,31,False,,2654
cand_17c27805561471cba6b1,fd,ABSENT_NATIVE,0.0,2655,41.10075454948957,10,0,10,0,0.0,0.0,0.0,0.0,0.0,0.0,27,False,,2655
cand_c23b9e6949ffee622ce6,fd,PRESENT,0.0,2656,41.07856191744341,27,0,27,0,0.0,0.0,0.0,0.0,0.0,0.0,8,False,,2656
cand_79bdb042c47b0740dd66,fd,ABSENT_NATIVE,0.0,2657,41.056369285397246,2,0,2,0,0.0,0.0,0.0,0.0,0.0,0.0,35,False,,2657
cand_3669042383f27f3f8872,fd,ABSENT_NATIVE,0.0,2659,41.011984021304926,16,0,16,0,0.0,0.0,0.0,0.0,0.0,0.0,21,False,,2659
cand_4e6045ca6237bd7e9249,fd,ABSENT_NATIVE,0.0,2661,40.967598757212606,7,0,7,0,0.0,0.0,0.0,0.0,0.0,0.0,30,False,,2661
cand_0d26ca0af65977720709,fd,PRESENT,0.0,2662,40.94540612516644,21,0,21,0,0.0,0.0,0.0,0.0,0.0,0.0,16,False,,2662
cand_8d7c3f750ede04a9544d,fd,PRESENT,0.0,2664,40.90102086107412,9,0,9,0,0.0,0.0,0.0,0.0,0.0,0.0,19,False,,2664
cand_ba1863bf5fd0662f7181,fd,PRESENT,0.0,2666,40.8566355969818,16,0,16,0,0.0,0.0,0.0,0.0,0.0,0.0,21,False,,2666
cand_a878989dd45d44d7e024,fd,ABSENT_NATIVE,0.0,2669,40.79005770084332,18,0,18,0,0.0,0.0,0.0,0.0,0.0,0.0,19,False,,2669
cand_c96a86f812e65962d8ed,fd,ABSENT_NATIVE,0.0,2670,40.76786506879716,19,0,19,0,0.0,0.0,0.0,0.0,0.0,0.0,18,False,,2670
cand_cab6f50cd34cfaf7d178,fd,ABSENT_NATIVE,0.0,2671,40.745672436751,2,0,2,0,0.0,0.0,0.0,0.0,0.0,0.0,29,False,,2671
cand_7f28f35d2fc2d8127a23,fd,ABSENT_NATIVE,0.0,2672,40.72347980470484,29,0,29,0,0.0,0.0,0.0,0.0,0.0,0.0,8,False,,2672
cand_7adc4fa5d7f075eb0e2d,fd,ABSENT_NATIVE,0.0,2673,40.701287172658674,29,0,29,0,0.0,0.0,0.0,0.0,0.0,0.0,8,False,,2673
cand_989d73e3f341ac1db0d9,fd,PRESENT,0.0,2674,40.67909454061252,24,0,24,0,0.0,0.0,0.0,0.0,0.0,0.0,13,False,,2674
cand_330be8276955e7999cae,fd,PRESENT,0.0,2677,40.612516644474034,7,0,7,0,0.0,0.0,0.0,0.0,0.0,0.0,30,False,,2677
cand_5e59beef9631fb995366,fd,ABSENT_NATIVE,0.0,2678,40.59032401242787,16,0,16,0,0.0,0.0,0.0,0.0,0.0,0.0,21,False,,2678
cand_7cdf4cc47d70cf096a23,fd,PRESENT,0.0,2679,40.568131380381715,4,0,4,0,0.0,0.0,0.0,0.0,0.0,0.0,33,False,,2679
cand_330da80510439ebbcf90,fd,ABSENT_NATIVE,0.0,2680,40.54593874833555,28,0,28,0,0.0,0.0,0.0,0.0,0.0,0.0,9,False,,2680
cand_afed4e3aced91944f733,fd,ABSENT_NATIVE,0.0,2681,40.523746116289395,23,0,23,0,0.0,0.0,0.0,0.0,0.0,0.0,14,False,,2681
cand_b519d8102755d5703e53,fd,ABSENT_NATIVE,0.0,2682,40.50155348424323,15,0,15,0,0.0,0.0,0.0,0.0,0.0,0.0,9,False,,2682
cand_81882c8a11590ef8172e,fd,PRESENT,0.0,2684,40.45716822015091,4,0,4,0,0.0,0.0,0.0,0.0,0.0,0.0,33,False,,2684
cand_3b7456038850c8159619,fd,ABSENT_NATIVE,0.0,2685,40.43497558810475,2,0,2,0,0.0,0.0,0.0,0.0,0.0,0.0,35,False,,2685
cand_af28eaaff2c62718ac86,fd,ABSENT_NATIVE,0.0,2686,40.412782956058585,7,0,7,0,0.0,0.0,0.0,0.0,0.0,0.0,9,False,,2686
cand_2a0e58dd66f40cf95403,fd,ABSENT_NATIVE,0.0,2687,40.39059032401243,20,0,20,0,0.0,0.0,0.0,0.0,0.0,0.0,17,False,,2687
cand_195423e738e0cde0d185,fd,ABSENT_NATIVE,0.0,2689,40.34620505992011,29,0,29,0,0.0,0.0,0.0,0.0,0.0,0.0,8,False,,2689
cand_129ec39f0e4410051d68,fd,ABSENT_NATIVE,0.0,2690,40.324012427873946,29,0,29,0,0.0,0.0,0.0,0.0,0.0,0.0,8,False,,2690
cand_d5534f5b32336b208f7d,fd,PRESENT,0.0,2691,40.30181979582778,16,0,16,0,0.0,0.0,0.0,0.0,0.0,0.0,21,False,,2691
cand_1991321b9fe85d11222a,fd,ABSENT_NATIVE,0.0,2692,40.279627163781626,29,0,29,0,0.0,0.0,0.0,0.0,0.0,0.0,8,False,,2692
cand_2c6242d68e159216af13,fd,ABSENT_NATIVE,0.0,2693,40.25743453173546,18,0,18,0,0.0,0.0,0.0,0.0,0.0,0.0,19,False,,2693
cand_0c97d6f0e10ce9ab2704,fd,PRESENT,0.0,2694,40.235241899689306,24,0,24,0,0.0,0.0,0.0,0.0,0.0,0.0,13,False,,2694
cand_731dc519e5ec1310f179,fd,PRESENT,0.0,2696,40.19085663559698,21,0,21,0,0.0,0.0,0.0,0.0,0.0,0.0,16,False,,2696
cand_fc8d31599bd1930870c0,fd,PRESENT,0.0,2697,40.16866400355082,28,0,28,0,0.0,0.0,0.0,0.0,0.0,0.0,9,False,,2697
cand_56003645d000b0feaef3,fd,PRESENT,0.0,2698,40.14647137150466,10,0,10,0,0.0,0.0,0.0,0.0,0.0,0.0,27,False,,2698
cand_6d2ca48d96e53d2a6470,fd,ABSENT_NATIVE,0.0,2699,40.1242787394585,16,0,16,0,0.0,0.0,0.0,0.0,0.0,0.0,21,False,,2699
cand_8d94bea8676d67ee6285,fd,ABSENT_NATIVE,0.0,2700,40.10208610741234,1,0,1,0,0.0,0.0,0.0,0.0,0.0,0.0,6,False,,2700
cand_7971243e4a6f55ac48d3,fd,ABSENT_NATIVE,0.0,2702,40.05770084332002,28,0,28,0,0.0,0.0,0.0,0.0,0.0,0.0,9,False,,2702
cand_c343abd256ae4b8c5782,fd,PRESENT,0.0,2703,40.03550821127386,2,0,2,0,0.0,0.0,0.0,0.0,0.0,0.0,35,False,,2703
cand_90e61b8cafe80be40eaf,fd,PRESENT,0.0,2704,40.013315579227694,19,0,19,0,0.0,0.0,0.0,0.0,0.0,0.0,8,False,,2704
cand_d5ddf0af570703849dfb,fd,PRESENT,0.0,2705,39.99112294718154,29,0,29,0,0.0,0.0,0.0,0.0,0.0,0.0,4,False,,2705
cand_6a7c39901a6ff425807d,fd,PRESENT,0.0,2707,39.94673768308922,16,0,16,0,0.0,0.0,0.0,0.0,0.0,0.0,21,False,,2707
cand_3f574d33f0946083618f,fd,PRESENT,0.0,2708,39.924545051043054,7,0,7,0,0.0,0.0,0.0,0.0,0.0,0.0,21,False,,2708
cand_917ae0c681a792c0c5e6,fd,ABSENT_NATIVE,0.0,2710,39.880159786950735,26,0,26,0,0.0,0.0,0.0,0.0,0.0,0.0,11,False,,2710
cand_01317fe354ff1dc0becc,fd,PRESENT,0.0,2713,39.81358189081225,9,0,9,0,0.0,0.0,0.0,0.0,0.0,0.0,28,False,,2713
cand_4e1050e27b7a8835538e,fd,ABSENT_NATIVE,0.0,2714,39.79138925876609,24,0,24,0,0.0,0.0,0.0,0.0,0.0,0.0,13,False,,2714
cand_625d6b2d970d2c9385df,fd,PRESENT,0.0,2715,39.76919662671993,24,0,24,0,0.0,0.0,0.0,0.0,0.0,0.0,13,False,,2715
cand_977eaee5e3256b099502,fd,ABSENT_NATIVE,0.0,2716,39.74700399467377,25,0,25,0,0.0,0.0,0.0,0.0,0.0,0.0,6,False,,2716
cand_1322d5eb2d1ec6c4bbe8,fd,PRESENT,0.0,2717,39.724811362627605,28,0,28,0,0.0,0.0,0.0,0.0,0.0,0.0,9,False,,2717
cand_db53b11efdd9a5f966b9,fd,PRESENT,0.0,2718,39.70261873058145,9,0,9,0,0.0,0.0,0.0,0.0,0.0,0.0,28,False,,2718
cand_5424c8c3e17d5c250955,fd,PRESENT,0.0,2719,39.680426098535285,24,0,24,0,0.0,0.0,0.0,0.0,0.0,0.0,13,False,,2719
cand_dc998dbe220506fba7ea,fd,ABSENT_NATIVE,0.0,2720,39.65823346648912,29,0,29,0,0.0,0.0,0.0,0.0,0.0,0.0,8,False,,2720
cand_98d063247c53a3ae7886,fd,ABSENT_NATIVE,0.0,2721,39.636040834442966,29,0,29,0,0.0,0.0,0.0,0.0,0.0,0.0,8,False,,2721
cand_cbdf8a45fb51a27d3073,fd,ABSENT_NATIVE,0.0,2723,39.591655570350646,29,0,29,0,0.0,0.0,0.0,0.0,0.0,0.0,8,False,,2723
cand_da60dba82b2c87d4d889,fd,ABSENT_NATIVE,0.0,2724,39.56946293830448,19,0,19,0,0.0,0.0,0.0,0.0,0.0,0.0,18,False,,2724
cand_2f79c68ed1514dd0e08b,fd,PRESENT,0.0,2726,39.52507767421216,21,0,21,0,0.0,0.0,0.0,0.0,0.0,0.0,16,False,,2726
cand_eee2864d2d24f76e601d,fd,PRESENT,0.0,2727,39.502885042166,26,0,26,0,0.0,0.0,0.0,0.0,0.0,0.0,9,False,,2727
cand_ef697ed83b81c144c8b2,fd,PRESENT,0.0,2729,39.45849977807368,14,0,14,0,0.0,0.0,0.0,0.0,0.0,0.0,19,False,,2729
cand_c01ed8aa3ac8f0cae125,fd,PRESENT,0.0,2732,39.3919218819352,12,0,12,0,0.0,0.0,0.0,0.0,0.0,0.0,19,False,,2732
cand_71bcf9b0c842f98b6e7a,fd,PRESENT,0.0,2733,39.36972924988903,15,0,15,0,0.0,0.0,0.0,0.0,0.0,0.0,22,False,,2733
cand_cd3640c0119fe510f4bb,fd,PRESENT,0.0,2734,39.34753661784288,28,0,28,0,0.0,0.0,0.0,0.0,0.0,0.0,9,False,,2734
cand_595ee38f4926565367a1,fd,PRESENT,0.0,2735,39.325343985796714,29,0,29,0,0.0,0.0,0.0,0.0,0.0,0.0,8,False,,2735
cand_527232e3db972a2e0d60,fd,ABSENT_NATIVE,0.0,2736,39.30315135375056,29,0,29,0,0.0,0.0,0.0,0.0,0.0,0.0,8,False,,2736
cand_a7db0dfa42f361991e86,fd,PRESENT,0.0,2737,39.280958721704394,24,0,24,0,0.0,0.0,0.0,0.0,0.0,0.0,13,False,,2737
cand_489681265573efc9d511,fd,PRESENT,0.0,2738,39.25876608965823,22,0,22,0,0.0,0.0,0.0,0.0,0.0,0.0,15,False,,2738
cand_9239ae7c11fa4c119ffc,fd,ABSENT_NATIVE,0.0,2740,39.21438082556591,20,0,20,0,0.0,0.0,0.0,0.0,0.0,0.0,17,False,,2740
cand_571b00786a392042dfdc,fd,ABSENT_NATIVE,0.0,2741,39.192188193519755,20,0,20,0,0.0,0.0,0.0,0.0,0.0,0.0,17,False,,2741
cand_c6a8473f2371f91da861,fd,ABSENT_NATIVE,0.0,2742,39.16999556147359,29,0,29,0,0.0,0.0,0.0,0.0,0.0,0.0,8,False,,2742
cand_ff2861ae739241ba18f9,fd,ABSENT_NATIVE,0.0,2745,39.10341766533511,24,0,24,0,0.0,0.0,0.0,0.0,0.0,0.0,13,False,,2745
cand_4104ad90a74b041a1327,fd,ABSENT_NATIVE,0.0,2746,39.081225033288945,28,0,28,0,0.0,0.0,0.0,0.0,0.0,0.0,9,False,,2746
cand_393c21088d90d89a68c8,fd,PRESENT,0.0,2747,39.05903240124279,18,0,18,0,0.0,0.0,0.0,0.0,0.0,0.0,19,False,,2747
cand_e3f3380debf3a8121166,fd,ABSENT_NATIVE,0.0,2748,39.036839769196625,24,0,24,0,0.0,0.0,0.0,0.0,0.0,0.0,13,False,,2748
cand_33750799431d968a5886,fd,ABSENT_NATIVE,0.0,2749,39.01464713715047,15,0,15,0,0.0,0.0,0.0,0.0,0.0,0.0,16,False,,2749
cand_0e1d82c6fc6a4182b99f,fd,PRESENT,0.0,2750,38.992454505104305,29,0,29,0,0.0,0.0,0.0,0.0,0.0,0.0,8,False,,2750
cand_060be2fa29fdf8d11b38,fd,ABSENT_NATIVE,0.0,2751,38.97026187305814,22,0,22,0,0.0,0.0,0.0,0.0,0.0,0.0,15,False,,2751
cand_2331d2bd40480d231964,fd,ABSENT_NATIVE,0.0,2752,38.948069241011986,29,0,29,0,0.0,0.0,0.0,0.0,0.0,0.0,8,False,,2752
cand_ef2504e5772638e795c2,fd,PRESENT,0.0,2753,38.92587660896582,18,0,18,0,0.0,0.0,0.0,0.0,0.0,0.0,19,False,,2753
cand_83dfe01234f123fc8dea,fd,PRESENT,0.0,2756,38.85929871282734,9,0,9,0,0.0,0.0,0.0,0.0,0.0,0.0,28,False,,2756
cand_cb3d3dda2223f08eb82f,fd,PRESENT,0.0,2758,38.81491344873502,29,0,29,0,0.0,0.0,0.0,0.0,0.0,0.0,8,False,,2758
cand_a9f8e43a2d92657ba045,fd,PRESENT,0.0,2759,38.792720816688856,20,0,20,0,0.0,0.0,0.0,0.0,0.0,0.0,17,False,,2759
cand_3401d3dc307ebcc1966f,fd,ABSENT_NATIVE,0.0,2760,38.7705281846427,29,0,29,0,0.0,0.0,0.0,0.0,0.0,0.0,8,False,,2760
cand_a2e1ae573c59634d4d6a,fd,ABSENT_NATIVE,0.0,2761,38.74833555259654,16,0,16,0,0.0,0.0,0.0,0.0,0.0,0.0,21,False,,2761
cand_01b1fd2eb791959bc1c6,fd,ABSENT_NATIVE,0.0,2762,38.72614292055038,29,0,29,0,0.0,0.0,0.0,0.0,0.0,0.0,8,False,,2762
cand_ed3cd3a223726431952c,fd,ABSENT_NATIVE,0.0,2763,38.70395028850422,29,0,29,0,0.0,0.0,0.0,0.0,0.0,0.0,8,False,,2763
cand_cab0db9973be94609150,fd,ABSENT_NATIVE,0.0,2764,38.68175765645805,29,0,29,0,0.0,0.0,0.0,0.0,0.0,0.0,8,False,,2764
cand_cecd117ed6663693647f,fd,ABSENT_NATIVE,0.0,2765,38.6595650244119,18,0,18,0,0.0,0.0,0.0,0.0,0.0,0.0,19,False,,2765
cand_54adc9affc31457ca255,fd,ABSENT_NATIVE,0.0,2766,38.637372392365734,8,0,8,0,0.0,0.0,0.0,0.0,0.0,0.0,8,False,,2766
cand_cd556defc97c40fcb476,fd,PRESENT,0.0,2767,38.61517976031958,14,0,14,0,0.0,0.0,0.0,0.0,0.0,0.0,23,False,,2767
cand_0175e87d3c99e2db3a81,fd,ABSENT_NATIVE,0.0,2768,38.592987128273414,30,0,30,0,0.0,0.0,0.0,0.0,0.0,0.0,7,False,,2768
cand_30c58580041baf82e074,fd,PRESENT,0.0,2770,38.548601864181094,30,0,30,0,0.0,0.0,0.0,0.0,0.0,0.0,7,False,,2770
cand_02053f8322504767cb99,fd,ABSENT_NATIVE,0.0,2771,38.52640923213493,16,0,16,0,0.0,0.0,0.0,0.0,0.0,0.0,21,False,,2771
cand_d77e9300edadc828ca23,fd,ABSENT_NATIVE,0.0,2772,38.50421660008877,18,0,18,0,0.0,0.0,0.0,0.0,0.0,0.0,19,False,,2772
cand_19951b5a04a1860cfcce,fd,ABSENT_NATIVE,0.0,2773,38.48202396804261,30,0,30,0,0.0,0.0,0.0,0.0,0.0,0.0,7,False,,2773
cand_00a1613c318dd838031f,fd,ABSENT_NATIVE,0.0,2774,38.45983133599645,30,0,30,0,0.0,0.0,0.0,0.0,0.0,0.0,7,False,,2774
cand_c3ce38de63d77614818a,fd,PRESENT,0.0,2775,38.43763870395029,17,0,17,0,0.0,0.0,0.0,0.0,0.0,0.0,19,False,,2775
cand_e8283d432ae3574d6092,fd,PRESENT,0.0,2777,38.393253439857965,12,0,12,0,0.0,0.0,0.0,0.0,0.0,0.0,25,False,,2777
cand_a17c48e3e8d9e44102f9,fd,ABSENT_NATIVE,0.0,2778,38.37106080781181,28,0,28,0,0.0,0.0,0.0,0.0,0.0,0.0,9,False,,2778
cand_75e09e7dea85bbf3d671,fd,ABSENT_NATIVE,0.0,2779,38.348868175765645,28,0,28,0,0.0,0.0,0.0,0.0,0.0,0.0,9,False,,2779
cand_9a7f8410e5f70fa75faf,fd,ABSENT_NATIVE,0.0,2781,38.304482911673325,27,0,27,0,0.0,0.0,0.0,0.0,0.0,0.0,9,False,,2781
cand_f375a1ad5e07a24778dd,fd,PRESENT,0.0,2782,38.28229027962716,26,0,26,0,0.0,0.0,0.0,0.0,0.0,0.0,11,False,,2782
cand_baf0ed803864a9e46b6c,fd,PRESENT,0.0,2784,38.23790501553484,18,0,18,0,0.0,0.0,0.0,0.0,0.0,0.0,19,False,,2784
cand_56d67986f4d20086be67,fd,ABSENT_NATIVE,0.0,2785,38.21571238348868,22,0,22,0,0.0,0.0,0.0,0.0,0.0,0.0,15,False,,2785
cand_03fc10faf47ce8db060b,fd,PRESENT,0.0,2786,38.19351975144252,20,0,20,0,0.0,0.0,0.0,0.0,0.0,0.0,17,False,,2786
cand_04b663c203f6cbcdbdb8,fd,PRESENT,0.0,2787,38.17132711939636,29,0,29,0,0.0,0.0,0.0,0.0,0.0,0.0,8,False,,2787
cand_4b91a9fedd34ca2b406a,fd,PRESENT,0.0,2789,38.12694185530404,21,0,21,0,0.0,0.0,0.0,0.0,0.0,0.0,16,False,,2789
cand_d4cffadbf895232c8325,fd,ABSENT_NATIVE,0.0,2791,38.08255659121172,24,0,24,0,0.0,0.0,0.0,0.0,0.0,0.0,13,False,,2791
cand_9b483f191bf545a49e92,fd,PRESENT,0.0,2792,38.06036395916556,7,0,7,0,0.0,0.0,0.0,0.0,0.0,0.0,30,False,,2792
cand_7628a11265102521af0d,fd,ABSENT_NATIVE,0.0,2793,38.03817132711939,20,0,20,0,0.0,0.0,0.0,0.0,0.0,0.0,17,False,,2793
cand_eeab8cc06b0a1702b5b2,fd,PRESENT,0.0,2794,38.01597869507324,21,0,21,0,0.0,0.0,0.0,0.0,0.0,0.0,16,False,,2794
cand_fa8d98193a463276de20,fd,ABSENT_NATIVE,0.0,2795,37.99378606302707,28,0,28,0,0.0,0.0,0.0,0.0,0.0,0.0,9,False,,2795
cand_092bfbc727b48657e137,fd,PRESENT,0.0,2797,37.949400798934754,21,0,21,0,0.0,0.0,0.0,0.0,0.0,0.0,16,False,,2797
cand_79c74fb0d810be54e86f,fd,ABSENT_NATIVE,0.0,2798,37.92720816688859,8,0,8,0,0.0,0.0,0.0,0.0,0.0,0.0,21,False,,2798
cand_324238ed37d1730df5f6,fd,PRESENT,0.0,2799,37.905015534842434,28,0,28,0,0.0,0.0,0.0,0.0,0.0,0.0,9,False,,2799
cand_c0645d52765cbe0e73a6,fd,PRESENT,0.0,2800,37.88282290279627,28,0,28,0,0.0,0.0,0.0,0.0,0.0,0.0,9,False,,2800
cand_2933f66b953049968881,fd,ABSENT_NATIVE,0.0,2801,37.860630270750114,22,0,22,0,0.0,0.0,0.0,0.0,0.0,0.0,15,False,,2801
cand_611657f579218e4d2881,fd,PRESENT,0.0,2804,37.79405237461163,20,0,20,0,0.0,0.0,0.0,0.0,0.0,0.0,17,False,,2804
cand_d4d9ed51098f9cb325cc,fd,PRESENT,0.0,2807,37.72747447847315,22,0,22,0,0.0,0.0,0.0,0.0,0.0,0.0,15,False,,2807
cand_d475515a084983d87a56,fd,ABSENT_NATIVE,0.0,2809,37.68308921438083,16,0,16,0,0.0,0.0,0.0,0.0,0.0,0.0,8,False,,2809
cand_81ffdf5036a137be2369,fd,PRESENT,0.0,2810,37.660896582334665,20,0,20,0,0.0,0.0,0.0,0.0,0.0,0.0,17,False,,2810
cand_a84c2cf2984293d51067,fd,ABSENT_NATIVE,0.0,2813,37.59431868619618,12,0,12,0,0.0,0.0,0.0,0.0,0.0,0.0,21,False,,2813
cand_115c9cd2c32c57d0e17d,fd,ABSENT_NATIVE,0.0,2814,37.572126054150026,24,0,24,0,0.0,0.0,0.0,0.0,0.0,0.0,13,False,,2814
cand_fc28e11d6a8b7065f2d8,fd,ABSENT_NATIVE,0.0,2815,37.54993342210386,29,0,29,0,0.0,0.0,0.0,0.0,0.0,0.0,8,False,,2815
cand_5eaeb03d9ed09e8573e0,fd,ABSENT_NATIVE,0.0,2816,37.5277407900577,26,0,26,0,0.0,0.0,0.0,0.0,0.0,0.0,11,False,,2816
cand_269d6500fdab25f2c2c5,fd,ABSENT_NATIVE,0.0,2817,37.50554815801154,29,0,29,0,0.0,0.0,0.0,0.0,0.0,0.0,8,False,,2817
cand_9e0bbbddf50bba7fd5b3,fd,ABSENT_NATIVE,0.0,2818,37.48335552596538,29,0,29,0,0.0,0.0,0.0,0.0,0.0,0.0,8,False,,2818
cand_9b1eb13b5702c2a6871d,fd,PRESENT,0.0,2819,37.461162893919216,20,0,20,0,0.0,0.0,0.0,0.0,0.0,0.0,17,False,,2819
cand_1aa1feef077309ba7165,fd,ABSENT_NATIVE,0.0,2821,37.416777629826896,29,0,29,0,0.0,0.0,0.0,0.0,0.0,0.0,8,False,,2821
cand_830383fbe8d603e41e02,fd,PRESENT,0.0,2822,37.39458499778074,24,0,24,0,0.0,0.0,0.0,0.0,0.0,0.0,13,False,,2822
cand_81cc32e7850bc1cd1c1c,fd,ABSENT_NATIVE,0.0,2823,37.37239236573458,18,0,18,0,0.0,0.0,0.0,0.0,0.0,0.0,19,False,,2823
cand_7faaf5be68ca44d9310f,fd,ABSENT_NATIVE,0.0,2824,37.35019973368841,29,0,29,0,0.0,0.0,0.0,0.0,0.0,0.0,8,False,,2824
cand_df93a5c86611a41d7e85,fd,ABSENT_NATIVE,0.0,2825,37.32800710164226,28,0,28,0,0.0,0.0,0.0,0.0,0.0,0.0,9,False,,2825
cand_0176758e6e8b11674a24,fd,PRESENT,0.0,2826,37.30581446959609,13,0,13,0,0.0,0.0,0.0,0.0,0.0,0.0,24,False,,2826
cand_2296a6d7358dd3e0c2ba,fd,PRESENT,0.0,2827,37.28362183754993,28,0,28,0,0.0,0.0,0.0,0.0,0.0,0.0,9,False,,2827
cand_a2a6bba66a3c313354c5,fd,PRESENT,0.0,2828,37.261429205503774,18,0,18,0,0.0,0.0,0.0,0.0,0.0,0.0,19,False,,2828
cand_14d580d695ca8b785639,fd,ABSENT_NATIVE,0.0,2829,37.23923657345761,29,0,29,0,0.0,0.0,0.0,0.0,0.0,0.0,8,False,,2829
cand_f5b3e99b97110ba2a9f7,fd,ABSENT_NATIVE,0.0,2831,37.19485130936529,7,0,7,0,0.0,0.0,0.0,0.0,0.0,0.0,30,False,,2831
cand_275ec18e3c582738ff38,fd,ABSENT_NATIVE,0.0,2832,37.17265867731913,24,0,24,0,0.0,0.0,0.0,0.0,0.0,0.0,13,False,,2832
cand_9c4d762ca0fc14c28f80,fd,ABSENT_NATIVE,0.0,2833,37.15046604527297,29,0,29,0,0.0,0.0,0.0,0.0,0.0,0.0,8,False,,2833
cand_b727f415ae0b41fc19f7,fd,PRESENT,0.0,2836,37.08388814913449,10,0,10,0,0.0,0.0,0.0,0.0,0.0,0.0,27,False,,2836
cand_6fdd2c5900cb105ef9b2,fd,ABSENT_NATIVE,0.0,2838,37.03950288504217,8,0,8,0,0.0,0.0,0.0,0.0,0.0,0.0,29,False,,2838
cand_fffe9fdb91759ea67531,fd,ABSENT_NATIVE,0.0,2839,37.017310252996005,14,0,14,0,0.0,0.0,0.0,0.0,0.0,0.0,9,False,,2839
cand_15d29cefb79b653aebe0,fd,ABSENT_NATIVE,0.0,2840,36.99511762094984,29,0,29,0,0.0,0.0,0.0,0.0,0.0,0.0,8,False,,2840
cand_eda82d4d8ab0c1222095,fd,ABSENT_NATIVE,0.0,2841,36.972924988903685,18,0,18,0,0.0,0.0,0.0,0.0,0.0,0.0,19,False,,2841
cand_76c8a2941d9926217d3b,fd,ABSENT_NATIVE,0.0,2842,36.95073235685752,9,0,9,0,0.0,0.0,0.0,0.0,0.0,0.0,28,False,,2842
cand_0188825962e41731f310,fd,ABSENT_NATIVE,0.0,2843,36.928539724811365,2,0,2,0,0.0,0.0,0.0,0.0,0.0,0.0,9,False,,2843
cand_e15c5213ccdbbca458e5,fd,ABSENT_NATIVE,0.0,2844,36.9063470927652,10,0,10,0,0.0,0.0,0.0,0.0,0.0,0.0,27,False,,2844
cand_5ffec8dbafe1af362141,fd,ABSENT_NATIVE,0.0,2845,36.88415446071904,6,0,6,0,0.0,0.0,0.0,0.0,0.0,0.0,27,False,,2845
cand_2dcb0ab23ebbcfb3ee37,fd,ABSENT_NATIVE,0.0,2846,36.86196182867288,29,0,29,0,0.0,0.0,0.0,0.0,0.0,0.0,8,False,,2846
cand_5352c506e8b84fca1b54,fd,ABSENT_NATIVE,0.0,2847,36.83976919662672,29,0,29,0,0.0,0.0,0.0,0.0,0.0,0.0,8,False,,2847
cand_f4971e4106cb65ab3ab2,fd,ABSENT_NATIVE,0.0,2848,36.81757656458056,2,0,2,0,0.0,0.0,0.0,0.0,0.0,0.0,35,False,,2848
cand_efd30df289fbc97ab05a,fd,ABSENT_NATIVE,0.0,2850,36.773191300488236,22,0,22,0,0.0,0.0,0.0,0.0,0.0,0.0,15,False,,2850
cand_503ea34b6d65e597b1e4,fd,ABSENT_NATIVE,0.0,2851,36.75099866844208,5,0,5,0,0.0,0.0,0.0,0.0,0.0,0.0,32,False,,2851
cand_70174ae30a8a60ab088f,fd,ABSENT_NATIVE,0.0,2852,36.728806036395916,30,0,30,0,0.0,0.0,0.0,0.0,0.0,0.0,7,False,,2852
cand_75e12f2cb168b61700e3,fd,ABSENT_NATIVE,0.0,2854,36.684420772303596,28,0,28,0,0.0,0.0,0.0,0.0,0.0,0.0,9,False,,2854
cand_7c6f8538e676d5b2099d,fd,PRESENT,0.0,2855,36.66222814025743,28,0,28,0,0.0,0.0,0.0,0.0,0.0,0.0,9,False,,2855
cand_fd5f8c1a79f3f2281c67,fd,PRESENT,0.0,2856,36.64003550821128,18,0,18,0,0.0,0.0,0.0,0.0,0.0,0.0,19,False,,2856
cand_98d699196bb5f7b1ec74,fd,ABSENT_NATIVE,0.0,2857,36.61784287616511,30,0,30,0,0.0,0.0,0.0,0.0,0.0,0.0,7,False,,2857
cand_a8f8625ed80136f0ab4f,fd,ABSENT_NATIVE,0.0,2858,36.59565024411895,21,0,21,0,0.0,0.0,0.0,0.0,0.0,0.0,16,False,,2858
cand_8d5384f438be4956de68,fd,ABSENT_NATIVE,0.0,2859,36.573457612072794,28,0,28,0,0.0,0.0,0.0,0.0,0.0,0.0,9,False,,2859
cand_9373e99e32ca742db3fc,fd,ABSENT_NATIVE,0.0,2860,36.55126498002663,9,0,9,0,0.0,0.0,0.0,0.0,0.0,0.0,28,False,,2860
cand_9b323a443598aa08358a,fd,ABSENT_NATIVE,0.0,2861,36.529072347980474,28,0,28,0,0.0,0.0,0.0,0.0,0.0,0.0,9,False,,2861
cand_753a2f95385a238bb356,fd,ABSENT_NATIVE,0.0,2862,36.50687971593431,28,0,28,0,0.0,0.0,0.0,0.0,0.0,0.0,9,False,,2862
cand_29c4e59967363fc86ab0,fd,ABSENT_NATIVE,0.0,2863,36.48468708388815,25,0,25,0,0.0,0.0,0.0,0.0,0.0,0.0,8,False,,2863
cand_04aaadbe743b2575ff6a,fd,ABSENT_NATIVE,0.0,2864,36.46249445184199,24,0,24,0,0.0,0.0,0.0,0.0,0.0,0.0,13,False,,2864
cand_b27fec8a4c22a4eee9d5,fd,ABSENT_NATIVE,0.0,2865,36.44030181979583,24,0,24,0,0.0,0.0,0.0,0.0,0.0,0.0,13,False,,2865
cand_da121f08ceb648f6e1d7,fd,ABSENT_NATIVE,0.0,2866,36.418109187749664,24,0,24,0,0.0,0.0,0.0,0.0,0.0,0.0,13,False,,2866
cand_65e79d879311408dcc75,fd,ABSENT_NATIVE,0.0,2867,36.39591655570351,28,0,28,0,0.0,0.0,0.0,0.0,0.0,0.0,9,False,,2867
cand_48080eb96221bdf80591,fd,ABSENT_NATIVE,0.0,2868,36.373723923657344,29,0,29,0,0.0,0.0,0.0,0.0,0.0,0.0,8,False,,2868
cand_bdc90de202c2d168775d,fd,ABSENT_NATIVE,0.0,2869,36.35153129161119,30,0,30,0,0.0,0.0,0.0,0.0,0.0,0.0,7,False,,2869
cand_68fc00176c45bceb4552,fd,ABSENT_NATIVE,0.0,2870,36.329338659565025,29,0,29,0,0.0,0.0,0.0,0.0,0.0,0.0,8,False,,2870
cand_c9c6eed9abb0d7162b90,fd,ABSENT_NATIVE,0.0,2871,36.30714602751886,29,0,29,0,0.0,0.0,0.0,0.0,0.0,0.0,8,False,,2871
cand_0266fc0ff0b55373443b,fd,ABSENT_NATIVE,0.0,2872,36.284953395472705,28,0,28,0,0.0,0.0,0.0,0.0,0.0,0.0,9,False,,2872
cand_0e3947bc39f532a56ab0,fd,ABSENT_NATIVE,0.0,2873,36.26276076342654,16,0,16,0,0.0,0.0,0.0,0.0,0.0,0.0,21,False,,2873
cand_fcadfb2592a82847425f,fd,ABSENT_NATIVE,0.0,2875,36.21837549933422,30,0,30,0,0.0,0.0,0.0,0.0,0.0,0.0,6,False,,2875
cand_0723bf4e5b104a4b03e8,fd,ABSENT_NATIVE,0.0,2877,36.1739902352419,4,0,4,0,0.0,0.0,0.0,0.0,0.0,0.0,33,False,,2877
cand_3b96c1e484c4faebd50a,fd,ABSENT_NATIVE,0.0,2879,36.129604971149575,29,0,29,0,0.0,0.0,0.0,0.0,0.0,0.0,8,False,,2879
cand_a6cdb77ca9e3961190d0,fd,ABSENT_NATIVE,0.0,2880,36.10741233910342,26,0,26,0,0.0,0.0,0.0,0.0,0.0,0.0,11,False,,2880
cand_4b78706d2ec4ac4d0dc9,fd,ABSENT_NATIVE,0.0,2881,36.085219707057256,8,0,8,0,0.0,0.0,0.0,0.0,0.0,0.0,29,False,,2881
cand_6401594db523dc8ce67b,fd,ABSENT_NATIVE,0.0,2882,36.0630270750111,29,0,29,0,0.0,0.0,0.0,0.0,0.0,0.0,8,False,,2882
cand_3481d7ca1ed88744959e,fd,ABSENT_NATIVE,0.0,2883,36.040834442964936,23,0,23,0,0.0,0.0,0.0,0.0,0.0,0.0,14,False,,2883
cand_ada78613daa930c6685c,fd,ABSENT_NATIVE,0.0,2884,36.01864181091877,28,0,28,0,0.0,0.0,0.0,0.0,0.0,0.0,9,False,,2884
cand_f052dfe9de1423f35f06,fd,ABSENT_NATIVE,0.0,2886,35.97425654682645,18,0,18,0,0.0,0.0,0.0,0.0,0.0,0.0,19,False,,2886
cand_5dcd8d5b315cbbaaf995,fd,ABSENT_NATIVE,0.0,2887,35.95206391478029,22,0,22,0,0.0,0.0,0.0,0.0,0.0,0.0,15,False,,2887
cand_c84f9cef55639b2170b4,fd,ABSENT_NATIVE,0.0,2888,35.92987128273413,28,0,28,0,0.0,0.0,0.0,0.0,0.0,0.0,9,False,,2888
cand_6131a047ac9efbbd696d,fd,PRESENT,0.0,2889,35.90767865068797,10,0,10,0,0.0,0.0,0.0,0.0,0.0,0.0,21,False,,2889
cand_eda6981b18b0a6067835,fd,ABSENT_NATIVE,0.0,2890,35.885486018641814,29,0,29,0,0.0,0.0,0.0,0.0,0.0,0.0,8,False,,2890
cand_e5dbdc38037dc4b477ce,fd,ABSENT_NATIVE,0.0,2891,35.86329338659565,28,0,28,0,0.0,0.0,0.0,0.0,0.0,0.0,9,False,,2891
cand_895ab0419294c456d186,fd,ABSENT_NATIVE,0.0,2892,35.84110075454949,22,0,22,0,0.0,0.0,0.0,0.0,0.0,0.0,15,False,,2892
cand_00a30a3d713b746cfbb7,fd,ABSENT_NATIVE,0.0,2893,35.81890812250333,12,0,12,0,0.0,0.0,0.0,0.0,0.0,0.0,25,False,,2893
cand_7180b5b61687438d3889,fd,ABSENT_NATIVE,0.0,2894,35.79671549045717,17,0,17,0,0.0,0.0,0.0,0.0,0.0,0.0,20,False,,2894
cand_da3c180c5ff1243464d4,fd,ABSENT_NATIVE,0.0,2895,35.77452285841101,6,0,6,0,0.0,0.0,0.0,0.0,0.0,0.0,6,False,,2895
cand_cfbcfb2bcc2643fc3410,fd,ABSENT_NATIVE,0.0,2896,35.75233022636485,29,0,29,0,0.0,0.0,0.0,0.0,0.0,0.0,8,False,,2896
cand_45d99780c0b55ce84662,fd,ABSENT_NATIVE,0.0,2897,35.730137594318684,21,0,21,0,0.0,0.0,0.0,0.0,0.0,0.0,16,False,,2897
cand_4706b6061d74e966bffd,fd,ABSENT_NATIVE,0.0,2900,35.6635596981802,24,0,24,0,0.0,0.0,0.0,0.0,0.0,0.0,13,False,,2900
cand_9f37dbc8dad9473bba34,fd,ABSENT_NATIVE,0.0,2901,35.641367066134045,2,0,2,0,0.0,0.0,0.0,0.0,0.0,0.0,35,False,,2901
cand_576ce07b9c51cea5d8a6,fd,ABSENT_NATIVE,0.0,2902,35.61917443408788,18,0,18,0,0.0,0.0,0.0,0.0,0.0,0.0,19,False,,2902
cand_494939e1eddba96dd7ca,fd,ABSENT_NATIVE,0.0,2903,35.596981802041725,24,0,24,0,0.0,0.0,0.0,0.0,0.0,0.0,13,False,,2903
cand_bc3c56f996d1fbbedf78,fd,PRESENT,0.0,2904,35.57478916999556,19,0,19,0,0.0,0.0,0.0,0.0,0.0,0.0,16,False,,2904
cand_1cb147eba544cdbcb818,fd,ABSENT_NATIVE,0.0,2905,35.5525965379494,4,0,4,0,0.0,0.0,0.0,0.0,0.0,0.0,33,False,,2905
cand_a44ce439e2cf18b55496,fd,ABSENT_NATIVE,0.0,2906,35.53040390590324,16,0,16,0,0.0,0.0,0.0,0.0,0.0,0.0,21,False,,2906
cand_d444f7a1fb2c38b88b5f,fd,ABSENT_NATIVE,0.0,2907,35.50821127385708,28,0,28,0,0.0,0.0,0.0,0.0,0.0,0.0,9,False,,2907
cand_b102bbbff14f7bacdd73,fd,PRESENT,0.0,2908,35.48601864181092,23,0,23,0,0.0,0.0,0.0,0.0,0.0,0.0,14,False,,2908
cand_c138927619cac1d2f3a3,fd,ABSENT_NATIVE,0.0,2909,35.46382600976476,23,0,23,0,0.0,0.0,0.0,0.0,0.0,0.0,14,False,,2909
cand_cd193d2621dede61e2c6,fd,ABSENT_NATIVE,0.0,2910,35.441633377718595,21,0,21,0,0.0,0.0,0.0,0.0,0.0,0.0,16,False,,2910
cand_bdb85e6fd8e92622461a,fd,ABSENT_NATIVE,0.0,2911,35.41944074567244,28,0,28,0,0.0,0.0,0.0,0.0,0.0,0.0,9,False,,2911
cand_d7d23e4adc9772605c1f,fd,PRESENT,0.0,2912,35.397248113626276,21,0,21,0,0.0,0.0,0.0,0.0,0.0,0.0,16,False,,2912
cand_1093f36c677a1ef97e18,fd,ABSENT_NATIVE,0.0,2913,35.37505548158011,15,0,15,0,0.0,0.0,0.0,0.0,0.0,0.0,22,False,,2913
cand_7de694305f9460725494,fd,ABSENT_NATIVE,0.0,2914,35.352862849533956,16,0,16,0,0.0,0.0,0.0,0.0,0.0,0.0,21,False,,2914
cand_da3f0eae23f35abb5590,fd,ABSENT_NATIVE,0.0,2915,35.33067021748779,28,0,28,0,0.0,0.0,0.0,0.0,0.0,0.0,9,False,,2915
cand_b2c13df8f9a41261813f,fd,ABSENT_NATIVE,0.0,2916,35.308477585441636,1,0,1,0,0.0,0.0,0.0,0.0,0.0,0.0,19,False,,2916
cand_f4c162812eb94c1ffccd,fd,ABSENT_NATIVE,0.0,2917,35.28628495339547,2,0,2,0,0.0,0.0,0.0,0.0,0.0,0.0,23,False,,2917
cand_00f72088e703c5d6f72f,fd,ABSENT_NATIVE,0.0,2918,35.26409232134931,28,0,28,0,0.0,0.0,0.0,0.0,0.0,0.0,9,False,,2918
cand_897779344766519749c3,fd,ABSENT_NATIVE,0.0,2919,35.24189968930315,4,0,4,0,0.0,0.0,0.0,0.0,0.0,0.0,33,False,,2919
cand_9cb2d38fb92b562e6e6b,fd,ABSENT_NATIVE,0.0,2920,35.21970705725699,28,0,28,0,0.0,0.0,0.0,0.0,0.0,0.0,9,False,,2920
cand_93b2839ade203e8f6d45,fd,ABSENT_NATIVE,0.0,2921,35.19751442521083,24,0,24,0,0.0,0.0,0.0,0.0,0.0,0.0,13,False,,2921
cand_4381fa6280a8df636342,fd,PRESENT,0.0,2925,35.10874389702619,2,0,2,0,0.0,0.0,0.0,0.0,0.0,0.0,33,False,,2925
cand_698c5ae459bf4026786e,fd,PRESENT,0.0,2928,35.042166000887704,9,0,9,0,0.0,0.0,0.0,0.0,0.0,0.0,28,False,,2928
cand_3c6bdbafd8c6c8a37616,fd,ABSENT_NATIVE,0.0,2929,35.01997336884155,21,0,21,0,0.0,0.0,0.0,0.0,0.0,0.0,16,False,,2929
cand_0d45b8b377f38e640f0c,fd,PRESENT,0.0,2930,34.997780736795384,8,0,8,0,0.0,0.0,0.0,0.0,0.0,0.0,27,False,,2930
cand_ecc018133e13d2b53d73,fd,ABSENT_NATIVE,0.0,2931,34.97558810474922,29,0,29,0,0.0,0.0,0.0,0.0,0.0,0.0,8,False,,2931
cand_d3d267d230e117afcf76,fd,ABSENT_NATIVE,0.0,2932,34.953395472703065,30,0,30,0,0.0,0.0,0.0,0.0,0.0,0.0,7,False,,2932
cand_ba04cb26bdb69ff76808,fd,PRESENT,0.0,2933,34.9312028406569,24,0,24,0,0.0,0.0,0.0,0.0,0.0,0.0,13,False,,2933
cand_a75864e89a12ac9ddf5e,fd,ABSENT_NATIVE,0.0,2934,34.90901020861074,29,0,29,0,0.0,0.0,0.0,0.0,0.0,0.0,7,False,,2934
cand_7e17573c966b853093e4,fd,ABSENT_NATIVE,0.0,2935,34.88681757656458,19,0,19,0,0.0,0.0,0.0,0.0,0.0,0.0,18,False,,2935
cand_9fbf00a0b5f3c4aab17a,fd,ABSENT_NATIVE,0.0,2936,34.86462494451842,3,0,3,0,0.0,0.0,0.0,0.0,0.0,0.0,7,False,,2936
cand_900c8f589ad7374666a7,fd,ABSENT_NATIVE,0.0,2937,34.84243231247226,13,0,13,0,0.0,0.0,0.0,0.0,0.0,0.0,5,False,,2937
cand_13fc9746423023eba4d7,fd,ABSENT_NATIVE,0.0,2939,34.798047048379935,29,0,29,0,0.0,0.0,0.0,0.0,0.0,0.0,8,False,,2939
cand_b7d87c80102c9d841ebc,fd,ABSENT_NATIVE,0.0,2940,34.77585441633378,1,0,1,0,0.0,0.0,0.0,0.0,0.0,0.0,7,False,,2940
cand_deaa00517496a79bf26e,fd,PRESENT,0.0,2941,34.753661784287615,28,0,28,0,0.0,0.0,0.0,0.0,0.0,0.0,9,False,,2941
cand_a2e22cffde92d73ec016,fd,ABSENT_NATIVE,0.0,2943,34.709276520195296,29,0,29,0,0.0,0.0,0.0,0.0,0.0,0.0,8,False,,2943
cand_8dfbc025b7bda3f5a01c,fd,PRESENT,0.0,2944,34.68708388814913,29,0,29,0,0.0,0.0,0.0,0.0,0.0,0.0,8,False,,2944
cand_f8fc3de2815c95f87a0d,fd,ABSENT_NATIVE,0.0,2946,34.64269862405681,29,0,29,0,0.0,0.0,0.0,0.0,0.0,0.0,4,False,,2946
cand_3ab3060e699bfcc1d119,fd,ABSENT_NATIVE,0.0,2947,34.62050599201065,16,0,16,0,0.0,0.0,0.0,0.0,0.0,0.0,21,False,,2947
cand_0f7c16bc3d6e32129a05,fd,ABSENT_NATIVE,0.0,2948,34.59831335996449,4,0,4,0,0.0,0.0,0.0,0.0,0.0,0.0,33,False,,2948
cand_cdd8d79b2af5300f7418,fd,PRESENT,0.0,2949,34.57612072791833,20,0,20,0,0.0,0.0,0.0,0.0,0.0,0.0,17,False,,2949
cand_69fb9d38b137242fbef3,fd,ABSENT_NATIVE,0.0,2950,34.55392809587217,20,0,20,0,0.0,0.0,0.0,0.0,0.0,0.0,17,False,,2950
cand_ab925c7eb9a3ad2fc7b2,fd,ABSENT_NATIVE,0.0,2951,34.53173546382601,10,0,10,0,0.0,0.0,0.0,0.0,0.0,0.0,27,False,,2951
cand_e6d81e8bf8dffdaa73ad,fd,PRESENT,0.0,2952,34.50954283177985,14,0,14,0,0.0,0.0,0.0,0.0,0.0,0.0,23,False,,2952
cand_3e1a50eb51d831cf0bd3,fd,ABSENT_NATIVE,0.0,2953,34.48735019973369,28,0,28,0,0.0,0.0,0.0,0.0,0.0,0.0,8,False,,2953
cand_cd606394f8370b23d962,fd,PRESENT,0.0,2955,34.44296493564137,12,0,12,0,0.0,0.0,0.0,0.0,0.0,0.0,21,False,,2955
cand_577fa0d6b75c5fa57741,fd,ABSENT_NATIVE,0.0,2956,34.42077230359521,29,0,29,0,0.0,0.0,0.0,0.0,0.0,0.0,8,False,,2956
cand_9098a9e144f2d4963c41,fd,ABSENT_NATIVE,0.0,2957,34.398579671549044,2,0,2,0,0.0,0.0,0.0,0.0,0.0,0.0,35,False,,2957
cand_c1e234d21d5039579ffd,fd,ABSENT_NATIVE,0.0,2958,34.37638703950289,32,0,32,0,0.0,0.0,0.0,0.0,0.0,0.0,5,False,,2958
cand_ca7fd4e86f76667d4490,fd,ABSENT_NATIVE,0.0,2959,34.354194407456724,21,0,21,0,0.0,0.0,0.0,0.0,0.0,0.0,8,False,,2959
cand_57fbbad880d568b19c2b,fd,ABSENT_NATIVE,0.0,2960,34.33200177541056,29,0,29,0,0.0,0.0,0.0,0.0,0.0,0.0,8,False,,2960
cand_75b154885768172559b9,fd,PRESENT,0.0,2963,34.265423879272085,19,0,19,0,0.0,0.0,0.0,0.0,0.0,0.0,18,False,,2963
cand_7fa1bbeed5574f788849,fd,ABSENT_NATIVE,0.0,2964,34.24323124722592,29,0,29,0,0.0,0.0,0.0,0.0,0.0,0.0,2,False,,2964
cand_a13007ed3b146a1962f0,fd,ABSENT_NATIVE,0.0,2966,34.1988459831336,28,0,28,0,0.0,0.0,0.0,0.0,0.0,0.0,9,False,,2966
cand_ed206228bb07c133f356,fd,ABSENT_NATIVE,0.0,2967,34.17665335108744,24,0,24,0,0.0,0.0,0.0,0.0,0.0,0.0,2,False,,2967
cand_2ccad55f6ef3b6e6965a,fd,ABSENT_NATIVE,0.0,2970,34.110075454948955,29,0,29,0,0.0,0.0,0.0,0.0,0.0,0.0,8,False,,2970
cand_e2b4f40ed387340b730b,fd,ABSENT_NATIVE,0.0,2971,34.0878828229028,24,0,24,0,0.0,0.0,0.0,0.0,0.0,0.0,13,False,,2971
cand_e4d8ca3bb621de9af548,fd,PRESENT,0.0,2973,34.04349755881047,20,0,20,0,0.0,0.0,0.0,0.0,0.0,0.0,17,False,,2973
cand_68d64590a253275950d3,fd,ABSENT_NATIVE,0.0,2974,34.021304926764316,28,0,28,0,0.0,0.0,0.0,0.0,0.0,0.0,9,False,,2974
cand_b17a0549e5ac293217d8,fd,ABSENT_NATIVE,0.0,2975,33.99911229471815,24,0,24,0,0.0,0.0,0.0,0.0,0.0,0.0,13,False,,2975
cand_ca2de7bdebe1e7eb62e1,fd,ABSENT_NATIVE,0.0,2977,33.95472703062583,30,0,30,0,0.0,0.0,0.0,0.0,0.0,0.0,7,False,,2977
cand_0b80d37dc86e99585431,fd,ABSENT_NATIVE,0.0,2978,33.93253439857967,28,0,28,0,0.0,0.0,0.0,0.0,0.0,0.0,9,False,,2978
cand_a8b6ee4e2c658a591a28,fd,ABSENT_NATIVE,0.0,2979,33.91034176653351,29,0,29,0,0.0,0.0,0.0,0.0,0.0,0.0,8,False,,2979
cand_2f53cfd5d128e4d90f35,fd,ABSENT_NATIVE,0.0,2980,33.88814913448735,20,0,20,0,0.0,0.0,0.0,0.0,0.0,0.0,17,False,,2980
cand_6ea37d11c86b92c14a0f,fd,ABSENT_NATIVE,0.0,2981,33.865956502441186,12,0,12,0,0.0,0.0,0.0,0.0,0.0,0.0,8,False,,2981
cand_31be3464dcae716f6f37,fd,PRESENT,0.0,2982,33.84376387039503,29,0,29,0,0.0,0.0,0.0,0.0,0.0,0.0,8,False,,2982
cand_7264ed8dabf193959998,fd,PRESENT,0.0,2983,33.82157123834887,2,0,2,0,0.0,0.0,0.0,0.0,0.0,0.0,35,False,,2983
cand_66aafdf1011548098646,fd,PRESENT,0.0,2984,33.79937860630271,10,0,10,0,0.0,0.0,0.0,0.0,0.0,0.0,27,False,,2984
cand_f8e0d0991e34beb566c2,fd,PRESENT,0.0,2985,33.77718597425655,24,0,24,0,0.0,0.0,0.0,0.0,0.0,0.0,8,False,,2985
cand_c349932497817b17f9a8,fd,PRESENT,0.0,2988,33.710608078118064,29,0,29,0,0.0,0.0,0.0,0.0,0.0,0.0,8,False,,2988
cand_12337902eb76c67492d3,fd,PRESENT,0.0,2990,33.666222814025744,4,0,4,0,0.0,0.0,0.0,0.0,0.0,0.0,33,False,,2990
cand_16a5059de3d737d0e83d,fd,ABSENT_NATIVE,0.0,2991,33.64403018197958,18,0,18,0,0.0,0.0,0.0,0.0,0.0,0.0,19,False,,2991
cand_fc8d40b8274950cb8fe9,fd,PRESENT,0.0,2992,33.621837549933424,7,0,7,0,0.0,0.0,0.0,0.0,0.0,0.0,30,False,,2992
cand_00defae32b3750fc6d05,fd,PRESENT,0.0,2993,33.59964491788726,16,0,16,0,0.0,0.0,0.0,0.0,0.0,0.0,21,False,,2993
cand_788eeaaa9be4bd8796a6,fd,ABSENT_NATIVE,0.0,2994,33.5774522858411,29,0,29,0,0.0,0.0,0.0,0.0,0.0,0.0,8,False,,2994
cand_4594e75b2efe08583a61,fd,ABSENT_NATIVE,0.0,2995,33.55525965379494,29,0,29,0,0.0,0.0,0.0,0.0,0.0,0.0,8,False,,2995
cand_62c6347bd6fcb95e6cdc,fd,PRESENT,0.0,2997,33.51087438970262,1,0,1,0,0.0,0.0,0.0,0.0,0.0,0.0,36,False,,2997
cand_d5ebc58d3cbe276c29cf,fd,ABSENT_NATIVE,0.0,3000,33.44429649356414,10,0,10,0,0.0,0.0,0.0,0.0,0.0,0.0,27,False,,3000
cand_446c446ffb4479752209,fd,PRESENT,0.0,3001,33.422103861517975,30,0,30,0,0.0,0.0,0.0,0.0,0.0,0.0,7,False,,3001
cand_b50e41268f1ab2657e45,fd,PRESENT,0.0,3002,33.39991122947182,16,0,16,0,0.0,0.0,0.0,0.0,0.0,0.0,21,False,,3002
cand_ff2e71c9fd074a364e0a,fd,PRESENT,0.0,3003,33.377718597425655,27,0,27,0,0.0,0.0,0.0,0.0,0.0,0.0,9,False,,3003
cand_f337c3802e994d32d8eb,fd,PRESENT,0.0,3004,33.35552596537949,28,0,28,0,0.0,0.0,0.0,0.0,0.0,0.0,9,False,,3004
cand_568de14b28bf6091b1d7,fd,PRESENT,0.0,3005,33.333333333333336,29,0,29,0,0.0,0.0,0.0,0.0,0.0,0.0,8,False,,3005
cand_d32f162074f1c861ce3e,fd,PRESENT,0.0,3006,33.31114070128717,29,0,29,0,0.0,0.0,0.0,0.0,0.0,0.0,8,False,,3006
cand_90727e644ffc41b78f84,fd,PRESENT,0.0,3007,33.28894806924101,2,0,2,0,0.0,0.0,0.0,0.0,0.0,0.0,35,False,,3007
cand_8f416f9f30368e63f04f,fd,PRESENT,0.0,3008,33.26675543719485,29,0,29,0,0.0,0.0,0.0,0.0,0.0,0.0,8,False,,3008
cand_15ef53913c74cc495a26,fd,PRESENT,0.0,3009,33.24456280514869,28,0,28,0,0.0,0.0,0.0,0.0,0.0,0.0,9,False,,3009
cand_8695f13e5cc970c88fa2,fd,PRESENT,0.0,3010,33.22237017310253,8,0,8,0,0.0,0.0,0.0,0.0,0.0,0.0,29,False,,3010
cand_02cc784576213788e0c4,fd,PRESENT,0.0,3011,33.20017754105637,14,0,14,0,0.0,0.0,0.0,0.0,0.0,0.0,23,False,,3011
cand_133f01fb054425957767,fd,ABSENT_NATIVE,0.0,3012,33.177984909010206,28,0,28,0,0.0,0.0,0.0,0.0,0.0,0.0,9,False,,3012
cand_0f1777e2953704cc2fb4,fd,ABSENT_NATIVE,0.0,3014,33.13359964491789,16,0,16,0,0.0,0.0,0.0,0.0,0.0,0.0,21,False,,3014
cand_2f525e15a53a1ebdda1e,fd,PRESENT,0.0,3015,33.11140701287172,30,0,30,0,0.0,0.0,0.0,0.0,0.0,0.0,7,False,,3015
cand_d6f1f6a6e5d193249bbc,fd,ABSENT_NATIVE,0.0,3018,33.04482911673325,29,0,29,0,0.0,0.0,0.0,0.0,0.0,0.0,8,False,,3018
cand_ba4403b3930c2159b0a3,fd,ABSENT_NATIVE,0.0,3019,33.022636484687084,25,0,25,0,0.0,0.0,0.0,0.0,0.0,0.0,9,False,,3019
cand_f33e119938bdd3b86978,fd,ABSENT_NATIVE,0.0,3020,33.00044385264092,29,0,29,0,0.0,0.0,0.0,0.0,0.0,0.0,8,False,,3020
cand_0c218f51e3dd092c41ab,fd,PRESENT,0.0,3021,32.978251220594764,30,0,30,0,0.0,0.0,0.0,0.0,0.0,0.0,7,False,,3021
cand_0fc5c2853b96a8cceca5,fd,PRESENT,0.0,3022,32.9560585885486,29,0,29,0,0.0,0.0,0.0,0.0,0.0,0.0,8,False,,3022
cand_33a3ed80c2d39fbb6dd0,fd,PRESENT,0.0,3023,32.933865956502444,12,0,12,0,0.0,0.0,0.0,0.0,0.0,0.0,25,False,,3023
cand_56f441a5705cb4c5481b,fd,PRESENT,0.0,3024,32.91167332445628,1,0,1,0,0.0,0.0,0.0,0.0,0.0,0.0,36,False,,3024
cand_f10d66823d982d22c061,fd,PRESENT,0.0,3025,32.88948069241012,18,0,18,0,0.0,0.0,0.0,0.0,0.0,0.0,19,False,,3025
cand_089825ade56d5c08cc38,fd,PRESENT,0.0,3027,32.8450954283178,16,0,16,0,0.0,0.0,0.0,0.0,0.0,0.0,19,False,,3027
cand_58725faf39c4937675a3,fd,ABSENT_NATIVE,0.0,3028,32.822902796271634,23,0,23,0,0.0,0.0,0.0,0.0,0.0,0.0,14,False,,3028
cand_d7340c44e36c5d27d400,fd,PRESENT,0.0,3029,32.80071016422548,6,0,6,0,0.0,0.0,0.0,0.0,0.0,0.0,31,False,,3029
cand_6370194fccde39d9412d,fd,ABSENT_NATIVE,0.0,3030,32.778517532179315,2,0,2,0,0.0,0.0,0.0,0.0,0.0,0.0,35,False,,3030
cand_dabc32e700367374a647,fd,ABSENT_NATIVE,0.0,3031,32.75632490013316,21,0,21,0,0.0,0.0,0.0,0.0,0.0,0.0,16,False,,3031
cand_ab9a0fba8b0142368d08,fd,ABSENT_NATIVE,0.0,3032,32.734132268086995,18,0,18,0,0.0,0.0,0.0,0.0,0.0,0.0,19,False,,3032
cand_a191959280b42b726ecd,fd,ABSENT_NATIVE,0.0,3035,32.66755437194851,16,0,16,0,0.0,0.0,0.0,0.0,0.0,0.0,21,False,,3035
cand_fcb114f63e308a8dd1dc,fd,ABSENT_NATIVE,0.0,3036,32.645361739902356,29,0,29,0,0.0,0.0,0.0,0.0,0.0,0.0,8,False,,3036
cand_6f90c84dd8800eae7fcc,fd,PRESENT,0.0,3037,32.62316910785619,16,0,16,0,0.0,0.0,0.0,0.0,0.0,0.0,21,False,,3037
cand_7ce7d2a0f4d6f0f555d7,fd,ABSENT_NATIVE,0.0,3039,32.57878384376387,22,0,22,0,0.0,0.0,0.0,0.0,0.0,0.0,15,False,,3039
cand_4e97a97475e8746c7edf,fd,ABSENT_NATIVE,0.0,3040,32.55659121171771,29,0,29,0,0.0,0.0,0.0,0.0,0.0,0.0,8,False,,3040
cand_6165c354e6f20eab37c2,fd,PRESENT,0.0,3041,32.534398579671546,29,0,29,0,0.0,0.0,0.0,0.0,0.0,0.0,8,False,,3041
cand_93a0474c0e47a49688b6,fd,PRESENT,0.0,3042,32.51220594762539,22,0,22,0,0.0,0.0,0.0,0.0,0.0,0.0,9,False,,3042
cand_847df0f6e612cd20a9ff,fd,ABSENT_NATIVE,0.0,3043,32.490013315579226,28,0,28,0,0.0,0.0,0.0,0.0,0.0,0.0,9,False,,3043
cand_480ff7951aecf008e720,fd,PRESENT,0.0,3045,32.445628051486906,29,0,29,0,0.0,0.0,0.0,0.0,0.0,0.0,7,False,,3045
cand_309ab8ccb4c279966d15,fd,PRESENT,0.0,3046,32.42343541944074,20,0,20,0,0.0,0.0,0.0,0.0,0.0,0.0,17,False,,3046
cand_66830dbffc8de3c8ad2f,fd,PRESENT,0.0,3047,32.40124278739459,28,0,28,0,0.0,0.0,0.0,0.0,0.0,0.0,9,False,,3047
cand_32a5c8e6c63d9c1b5f63,fd,PRESENT,0.0,3048,32.37905015534842,29,0,29,0,0.0,0.0,0.0,0.0,0.0,0.0,8,False,,3048
cand_fc2cf210d685822c984b,fd,PRESENT,0.0,3049,32.35685752330227,22,0,22,0,0.0,0.0,0.0,0.0,0.0,0.0,9,False,,3049
cand_797b120d6efc58bc3fb9,fd,ABSENT_NATIVE,0.0,3051,32.31247225920994,28,0,28,0,0.0,0.0,0.0,0.0,0.0,0.0,9,False,,3051
cand_3813aec4715dbc9dfe80,fd,ABSENT_NATIVE,0.0,3052,32.290279627163784,24,0,24,0,0.0,0.0,0.0,0.0,0.0,0.0,13,False,,3052
cand_28bc7187176f5eadeaf1,fd,ABSENT_NATIVE,0.0,3053,32.26808699511762,4,0,4,0,0.0,0.0,0.0,0.0,0.0,0.0,33,False,,3053
cand_13671b6b3574d4478f4b,fd,PRESENT,0.0,3054,32.24589436307146,27,0,27,0,0.0,0.0,0.0,0.0,0.0,0.0,8,False,,3054
cand_ecfea718e3ff8b7fc83f,fd,ABSENT_NATIVE,0.0,3055,32.2237017310253,30,0,30,0,0.0,0.0,0.0,0.0,0.0,0.0,7,False,,3055
cand_3e451543651bdeafe939,fd,ABSENT_NATIVE,0.0,3056,32.20150909897914,28,0,28,0,0.0,0.0,0.0,0.0,0.0,0.0,9,False,,3056
cand_21970a0d36b2b085e59c,fd,ABSENT_NATIVE,0.0,3057,32.17931646693298,30,0,30,0,0.0,0.0,0.0,0.0,0.0,0.0,7,False,,3057
cand_8d8b06f2274b2614a15a,fd,ABSENT_NATIVE,0.0,3058,32.15712383488682,16,0,16,0,0.0,0.0,0.0,0.0,0.0,0.0,21,False,,3058
cand_64d2aa4e9388378f4f56,fd,ABSENT_NATIVE,0.0,3059,32.134931202840654,29,0,29,0,0.0,0.0,0.0,0.0,0.0,0.0,8,False,,3059
cand_e4ac395646d4006a6eb2,fd,PRESENT,0.0,3060,32.1127385707945,29,0,29,0,0.0,0.0,0.0,0.0,0.0,0.0,8,False,,3060
cand_de9e1bdaca8355530be3,fd,PRESENT,0.0,3061,32.090545938748335,30,0,30,0,0.0,0.0,0.0,0.0,0.0,0.0,7,False,,3061
cand_e01fd6145cc6ae72af07,fd,PRESENT,0.0,3062,32.06835330670218,29,0,29,0,0.0,0.0,0.0,0.0,0.0,0.0,8,False,,3062
cand_b99154c7ba4b84e1823c,fd,PRESENT,0.0,3063,32.046160674656015,25,0,25,0,0.0,0.0,0.0,0.0,0.0,0.0,8,False,,3063
cand_c8327c40d0e871edfdc9,fd,ABSENT_NATIVE,0.0,3064,32.02396804260985,28,0,28,0,0.0,0.0,0.0,0.0,0.0,0.0,9,False,,3064
cand_cd11a13d66906945b235,fd,PRESENT,0.0,3065,32.001775410563695,30,0,30,0,0.0,0.0,0.0,0.0,0.0,0.0,7,False,,3065
cand_280f3079c7f751af4cb6,fd,ABSENT_NATIVE,0.0,3066,31.979582778517532,29,0,29,0,0.0,0.0,0.0,0.0,0.0,0.0,8,False,,3066
cand_152750c2fd69a847eb4d,fd,PRESENT,0.0,3067,31.957390146471372,30,0,30,0,0.0,0.0,0.0,0.0,0.0,0.0,7,False,,3067
cand_9fc7218580ff3222ce1e,fd,PRESENT,0.0,3068,31.935197514425212,29,0,29,0,0.0,0.0,0.0,0.0,0.0,0.0,8,False,,3068
cand_eac2887b66711cd5098e,fd,ABSENT_NATIVE,0.0,3069,31.91300488237905,29,0,29,0,0.0,0.0,0.0,0.0,0.0,0.0,8,False,,3069
cand_d7623ee16bd0d15154dd,fd,ABSENT_NATIVE,0.0,3070,31.89081225033289,22,0,22,0,0.0,0.0,0.0,0.0,0.0,0.0,2,False,,3070
cand_829575b5d8b084e9a1c6,fd,ABSENT_NATIVE,0.0,3071,31.86861961828673,29,0,29,0,0.0,0.0,0.0,0.0,0.0,0.0,8,False,,3071
cand_c00de15066c2e5403ec2,fd,ABSENT_NATIVE,0.0,3072,31.84642698624057,29,0,29,0,0.0,0.0,0.0,0.0,0.0,0.0,8,False,,3072
cand_0f7454c67172cdda3eb3,fd,PRESENT,0.0,3073,31.824234354194406,24,0,24,0,0.0,0.0,0.0,0.0,0.0,0.0,13,False,,3073
cand_4f05508726a95029e4fd,fd,PRESENT,0.0,3074,31.802041722148246,29,0,29,0,0.0,0.0,0.0,0.0,0.0,0.0,8,False,,3074
cand_38c695186dab96e41984,fd,ABSENT_NATIVE,0.0,3075,31.779849090102086,23,0,23,0,0.0,0.0,0.0,0.0,0.0,0.0,14,False,,3075
cand_ec9cbf4040bbb9a14073,fd,ABSENT_NATIVE,0.0,3076,31.757656458055926,14,0,14,0,0.0,0.0,0.0,0.0,0.0,0.0,14,False,,3076
cand_e157db1395b7f9c8ef67,fd,PRESENT,0.0,3077,31.735463826009763,26,0,26,0,0.0,0.0,0.0,0.0,0.0,0.0,11,False,,3077
cand_1b2c8a9f7eb517a2afbf,fd,PRESENT,0.0,3078,31.713271193963603,26,0,26,0,0.0,0.0,0.0,0.0,0.0,0.0,8,False,,3078
cand_9d7acb1d6705a7694ea8,fd,ABSENT_NATIVE,0.0,3079,31.691078561917443,22,0,22,0,0.0,0.0,0.0,0.0,0.0,0.0,9,False,,3079
cand_33fda49ed9e2582cd4c9,fd,PRESENT,0.0,3080,31.668885929871283,20,0,20,0,0.0,0.0,0.0,0.0,0.0,0.0,17,False,,3080
cand_021d40a58d236214e66d,fd,PRESENT,0.0,3081,31.646693297825124,20,0,20,0,0.0,0.0,0.0,0.0,0.0,0.0,17,False,,3081
cand_35116d0ab5bf94c1bde8,fd,ABSENT_NATIVE,0.0,3082,31.62450066577896,18,0,18,0,0.0,0.0,0.0,0.0,0.0,0.0,19,False,,3082
cand_ecf62321d0aa40d4c577,fd,ABSENT_NATIVE,0.0,3083,31.6023080337328,30,0,30,0,0.0,0.0,0.0,0.0,0.0,0.0,3,False,,3083
cand_9273d1f84badc64fab13,fd,ABSENT_NATIVE,0.0,3084,31.58011540168664,24,0,24,0,0.0,0.0,0.0,0.0,0.0,0.0,13,False,,3084
cand_b38dc1e6a0928bf8b260,fd,ABSENT_NATIVE,0.0,3086,31.535730137594317,29,0,29,0,0.0,0.0,0.0,0.0,0.0,0.0,8,False,,3086
cand_e3cb51d0bfd29bc92c69,fd,ABSENT_NATIVE,0.0,3087,31.513537505548157,28,0,28,0,0.0,0.0,0.0,0.0,0.0,0.0,9,False,,3087
cand_2dcf653b869393d7fc7e,fd,ABSENT_NATIVE,0.0,3088,31.491344873501998,30,0,30,0,0.0,0.0,0.0,0.0,0.0,0.0,3,False,,3088
cand_ee58a2cd5a73c142565e,fd,ABSENT_NATIVE,0.0,3089,31.469152241455838,25,0,25,0,0.0,0.0,0.0,0.0,0.0,0.0,8,False,,3089
cand_5fb09f3bc883181d9a3c,fd,PRESENT,0.0,3090,31.446959609409674,16,0,16,0,0.0,0.0,0.0,0.0,0.0,0.0,21,False,,3090
cand_e52ab15a0056c4297b33,fd,ABSENT_NATIVE,0.0,3091,31.424766977363515,29,0,29,0,0.0,0.0,0.0,0.0,0.0,0.0,8,False,,3091
cand_ed347370531c1fc4b083,fd,ABSENT_NATIVE,0.0,3092,31.402574345317355,10,0,10,0,0.0,0.0,0.0,0.0,0.0,0.0,27,False,,3092
cand_170e9858ba019a2c64f4,fd,ABSENT_NATIVE,0.0,3093,31.380381713271195,29,0,29,0,0.0,0.0,0.0,0.0,0.0,0.0,8,False,,3093
cand_9c19b6395ebc8920e276,fd,ABSENT_NATIVE,0.0,3094,31.358189081225035,14,0,14,0,0.0,0.0,0.0,0.0,0.0,0.0,23,False,,3094
cand_c0d0789fed3799822a96,fd,ABSENT_NATIVE,0.0,3095,31.33599644917887,16,0,16,0,0.0,0.0,0.0,0.0,0.0,0.0,21,False,,3095
cand_2363a8edc7c9ffc0a3d1,fd,ABSENT_NATIVE,0.0,3096,31.31380381713271,29,0,29,0,0.0,0.0,0.0,0.0,0.0,0.0,8,False,,3096
cand_f5f1afaeda4087f5d215,fd,ABSENT_NATIVE,0.0,3098,31.269418553040392,29,0,29,0,0.0,0.0,0.0,0.0,0.0,0.0,8,False,,3098
cand_ac9deb7c7b0209c3e824,fd,ABSENT_NATIVE,0.0,3099,31.24722592099423,2,0,2,0,0.0,0.0,0.0,0.0,0.0,0.0,35,False,,3099
cand_2a1adf51d62d31c622d3,fd,ABSENT_NATIVE,0.0,3100,31.22503328894807,28,0,28,0,0.0,0.0,0.0,0.0,0.0,0.0,9,False,,3100
cand_b358401ad7531dee1ed9,fd,ABSENT_NATIVE,0.0,3101,31.20284065690191,18,0,18,0,0.0,0.0,0.0,0.0,0.0,0.0,7,False,,3101
cand_263d5b447e7c4584f92f,fd,ABSENT_NATIVE,0.0,3102,31.18064802485575,28,0,28,0,0.0,0.0,0.0,0.0,0.0,0.0,9,False,,3102
cand_37dab6f4d6944ff8464c,fd,ABSENT_NATIVE,0.0,3103,31.158455392809586,21,0,21,0,0.0,0.0,0.0,0.0,0.0,0.0,16,False,,3103
cand_a42d21645669ce60df8b,fd,ABSENT_NATIVE,0.0,3104,31.136262760763426,19,0,19,0,0.0,0.0,0.0,0.0,0.0,0.0,16,False,,3104
cand_7d6eec8d795de8386070,fd,ABSENT_NATIVE,0.0,3105,31.114070128717266,2,0,2,0,0.0,0.0,0.0,0.0,0.0,0.0,13,False,,3105
cand_3f2fa888dae172fbdac4,fd,PRESENT,0.0,3106,31.091877496671106,30,0,30,0,0.0,0.0,0.0,0.0,0.0,0.0,7,False,,3106
cand_c364ba1eb22b43ea5eb1,fd,ABSENT_NATIVE,0.0,3107,31.069684864624943,16,0,16,0,0.0,0.0,0.0,0.0,0.0,0.0,21,False,,3107
cand_316bc4b9d2a9803f10d5,fd,PRESENT,0.0,3108,31.047492232578783,31,0,31,0,0.0,0.0,0.0,0.0,0.0,0.0,3,False,,3108
cand_99fc82dfaa7d296093a3,fd,PRESENT,0.0,3109,31.025299600532623,12,0,12,0,0.0,0.0,0.0,0.0,0.0,0.0,25,False,,3109
cand_aa3e57518f2ad33ab9fd,fd,PRESENT,0.0,3110,31.003106968486463,29,0,29,0,0.0,0.0,0.0,0.0,0.0,0.0,8,False,,3110
cand_08d2c0826a065670ce08,fd,ABSENT_NATIVE,0.0,3113,30.93652907234798,20,0,20,0,0.0,0.0,0.0,0.0,0.0,0.0,7,False,,3113
cand_0228c641f2480140e17d,fd,ABSENT_NATIVE,0.0,3114,30.91433644030182,30,0,30,0,0.0,0.0,0.0,0.0,0.0,0.0,7,False,,3114
cand_19c9701467ad81a85e7d,fd,PRESENT,0.0,3115,30.89214380825566,17,0,17,0,0.0,0.0,0.0,0.0,0.0,0.0,9,False,,3115
cand_a1230a389ee77cf389c7,fd,ABSENT_NATIVE,0.0,3116,30.869951176209497,30,0,30,0,0.0,0.0,0.0,0.0,0.0,0.0,7,False,,3116
cand_5ca9e1149705ddb07905,fd,ABSENT_NATIVE,0.0,3117,30.847758544163337,31,0,31,0,0.0,0.0,0.0,0.0,0.0,0.0,3,False,,3117
cand_d9a7ec226d76b8456ca2,fd,PRESENT,0.0,3118,30.825565912117177,31,0,31,0,0.0,0.0,0.0,0.0,0.0,0.0,3,False,,3118
cand_1b34e6ab1363452bbbd7,fd,ABSENT_NATIVE,0.0,3119,30.803373280071018,20,0,20,0,0.0,0.0,0.0,0.0,0.0,0.0,17,False,,3119
cand_4ad4bc25b4fa96c28790,fd,ABSENT_NATIVE,0.0,3120,30.781180648024854,19,0,19,0,0.0,0.0,0.0,0.0,0.0,0.0,2,False,,3120
cand_3e9f7285f17cea034d73,fd,ABSENT_NATIVE,0.0,3121,30.758988015978694,24,0,24,0,0.0,0.0,0.0,0.0,0.0,0.0,13,False,,3121
cand_fba3b7a10c3a5066abd2,fd,ABSENT_NATIVE,0.0,3122,30.736795383932535,28,0,28,0,0.0,0.0,0.0,0.0,0.0,0.0,9,False,,3122
cand_e648e366445a1928ca6c,fd,ABSENT_NATIVE,0.0,3127,30.62583222370173,21,0,21,0,0.0,0.0,0.0,0.0,0.0,0.0,16,False,,3127
cand_b23e5de93eaf5747447c,fd,ABSENT_NATIVE,0.0,3128,30.603639591655572,3,0,3,0,0.0,0.0,0.0,0.0,0.0,0.0,34,False,,3128
cand_1049cc62baf24e94b6ae,fd,ABSENT_NATIVE,0.0,3129,30.58144695960941,5,0,5,0,0.0,0.0,0.0,0.0,0.0,0.0,7,False,,3129
cand_81e18e9a4eb2bd67f231,fd,PRESENT,0.0,3131,30.53706169551709,29,0,29,0,0.0,0.0,0.0,0.0,0.0,0.0,8,False,,3131
cand_4decef2811c0172a2e0f,fd,ABSENT_NATIVE,0.0,3132,30.51486906347093,30,0,30,0,0.0,0.0,0.0,0.0,0.0,0.0,7,False,,3132
cand_7644c567a4d6866fa9b5,fd,ABSENT_NATIVE,0.0,3133,30.492676431424766,4,0,4,0,0.0,0.0,0.0,0.0,0.0,0.0,33,False,,3133
cand_6c44aee712ae51128c41,fd,PRESENT,0.0,3134,30.470483799378606,30,0,30,0,0.0,0.0,0.0,0.0,0.0,0.0,7,False,,3134
cand_b6017b522f2faf575857,fd,PRESENT,0.0,3135,30.448291167332446,29,0,29,0,0.0,0.0,0.0,0.0,0.0,0.0,8,False,,3135
cand_4c64337b2a83f845b493,fd,ABSENT_NATIVE,0.0,3136,30.426098535286286,29,0,29,0,0.0,0.0,0.0,0.0,0.0,0.0,8,False,,3136
cand_99623755c2ab062bf743,fd,ABSENT_NATIVE,0.0,3137,30.403905903240123,23,0,23,0,0.0,0.0,0.0,0.0,0.0,0.0,9,False,,3137
cand_a624daf74003ce0aa81b,fd,PRESENT,0.0,3139,30.359520639147803,18,0,18,0,0.0,0.0,0.0,0.0,0.0,0.0,19,False,,3139
cand_3f62a5f90d7aa642efb9,fd,PRESENT,0.0,3140,30.337328007101643,5,0,5,0,0.0,0.0,0.0,0.0,0.0,0.0,32,False,,3140
cand_7bc5c5680a7d6c297a98,fd,ABSENT_NATIVE,0.0,3141,30.315135375055483,30,0,30,0,0.0,0.0,0.0,0.0,0.0,0.0,7,False,,3141
cand_93efe2e1c9938ccf7552,fd,ABSENT_NATIVE,0.0,3142,30.29294274300932,30,0,30,0,0.0,0.0,0.0,0.0,0.0,0.0,7,False,,3142
cand_ae2cf7ec2df04b525983,fd,ABSENT_NATIVE,0.0,3143,30.27075011096316,22,0,22,0,0.0,0.0,0.0,0.0,0.0,0.0,15,False,,3143
cand_45880507e5c587f8353e,fd,ABSENT_NATIVE,0.0,3144,30.248557478917,29,0,29,0,0.0,0.0,0.0,0.0,0.0,0.0,8,False,,3144
cand_c99b60361ba985104fb5,fd,PRESENT,0.0,3145,30.22636484687084,29,0,29,0,0.0,0.0,0.0,0.0,0.0,0.0,8,False,,3145
cand_a358c9a5297320e4b580,fd,PRESENT,0.0,3146,30.204172214824677,29,0,29,0,0.0,0.0,0.0,0.0,0.0,0.0,8,False,,3146
cand_d53c719b31f92c272315,fd,PRESENT,0.0,3147,30.181979582778517,29,0,29,0,0.0,0.0,0.0,0.0,0.0,0.0,8,False,,3147
cand_b3d1d226ccb34a438c1c,fd,PRESENT,0.0,3148,30.159786950732357,26,0,26,0,0.0,0.0,0.0,0.0,0.0,0.0,11,False,,3148
cand_cc446434a26b8b89c460,fd,PRESENT,-6.576192390639335e-07,3149,30.137594318686197,29,0,0,29,0.0,-6.576194664376089e-07,-6.576196938112844e-07,-6.576194664376089e-07,-6.576194664376089e-07,-2.2737367544323206e-13,10,False,,3149
cand_8c72d8e041c966f11660,fd,PRESENT,-1.1717966117430478e-06,3150,30.115401686640034,29,0,0,29,0.0,-1.1717966117430478e-06,-1.1717968391167233e-06,-1.1717966117430478e-06,-1.1717966117430478e-06,0.0,8,False,,3150
cand_e7cd3bb99d55d458e73d,fd,PRESENT,-1.5360765246441588e-06,3151,30.093209054593874,29,6,0,23,0.20689655172413793,2.7011333258997183e-07,-1.5360769793915097e-06,2.7011333258997183e-07,2.7011333258997183e-07,1.8061898572341306e-06,31,False,,3151
cand_1ab2cf1e951aba5a8317,fd,PRESENT,-2.9132943382137455e-06,3154,30.02663115845539,30,0,29,1,0.0,0.0,0.0,0.0,0.0,2.9132943382137455e-06,8,False,,3154
cand_38c97b35c440563868c0,fd,PRESENT,-4.455976522876881e-06,3155,30.00443852640923,18,0,0,18,0.0,-4.455976977624232e-06,-4.455977204997907e-06,-4.455977136785805e-06,-4.455976977624232e-06,-4.547473508864641e-13,19,False,,3155
cand_158126117df34f8b57eb,fd,PRESENT,-1.914940457936609e-05,3159,29.91566799822459,1,0,0,1,0.0,-1.9149404806739767e-05,-1.9149404806739767e-05,-1.9149404806739767e-05,-1.9149404806739767e-05,-2.2737367544323206e-13,36,False,,3158
cand_185186fc4bcab96f413a,fd,PRESENT,-2.2650467144558206e-05,3161,29.87128273413227,18,0,0,18,0.0,-2.265046691718453e-05,-2.2650467144558206e-05,-2.265046691718453e-05,-2.265046691718453e-05,2.2737367544323206e-13,19,False,,3160
cand_05dec4e0b53ce518f567,fd,PRESENT,-2.5579372959327884e-05,3162,29.84909010208611,29,0,0,29,0.0,-2.557937273195421e-05,-2.557937273195421e-05,-2.557937273195421e-05,-2.557937273195421e-05,2.2737367544323206e-13,7,False,,3161
cand_b9aff15baaaafa7260fe,mcv,PRESENT,-2.82103028439451e-05,3163,29.826897470039945,20,11,0,9,0.55,1.9315955114507233e-05,1.9315954887133557e-05,1.9315955114507233e-05,1.9315955114507233e-05,4.7526257958452334e-05,26,False,,3166
cand_644e8eafd58608d7a8c5,fd,PRESENT,-3.552563430275768e-05,3166,29.760319573901466,24,0,0,24,0.0,-3.552563498487871e-05,-3.552563498487871e-05,-3.552563498487871e-05,-3.552563498487871e-05,-6.821210263296962e-13,13,False,,3164
cand_fb3f4579f65b1bffe2bd,mcv,PRESENT,-3.72588328900747e-05,3167,29.738126941855302,24,0,0,24,0.0,-3.7258833117448376e-05,-3.7258833117448376e-05,-3.7258833117448376e-05,-3.7258833117448376e-05,-2.2737367544323206e-13,13,False,,3169
cand_a5a46877cd76bcaf6db3,fd,PRESENT,-5.275411604088731e-05,3168,29.715934309809143,2,0,0,2,0.0,-5.275411649563466e-05,-5.27541166093215e-05,-5.275411651837203e-05,-5.275411650700335e-05,-4.547473508864641e-13,35,False,,3165
cand_7ff616d5a0514670497e,fd,PRESENT,-6.822408067819197e-05,3169,29.693741677762983,3,0,0,3,0.0,-6.822408067819197e-05,-6.822408067819197e-05,-6.822408067819197e-05,-6.822408067819197e-05,0.0,34,False,,3168
cand_136968ed1c08b5bacb03,fd,PRESENT,-7.484189609385794e-05,3170,29.671549045716823,29,0,0,29,0.0,-7.484189632123162e-05,-7.484189654860529e-05,-7.484189632123162e-05,-7.484189632123162e-05,-2.2737367544323206e-13,10,False,,3170
cand_395f177b2254fb9f98f4,fd,PRESENT,-8.181504836102249e-05,3171,29.649356413670663,24,19,0,5,0.7916666666666666,0.00017160613765554444,0.00017160613765554444,0.00017160613765554444,0.00017160613765554444,0.00025342118601656693,19,False,,3171
cand_6d46c23a8b6be4604d7c,fd,PRESENT,-8.279121811938239e-05,3172,29.6271637816245,6,0,0,6,0.0,-8.279121811938239e-05,-8.279121811938239e-05,-8.279121811938239e-05,-8.279121811938239e-05,0.0,9,False,,3172
cand_84cefd2acb04d795ef26,fd,PRESENT,-8.466356575809186e-05,3173,29.60497114957834,2,0,0,2,0.0,-8.466356621283921e-05,-8.466356632652605e-05,-8.466356623557659e-05,-8.46635662242079e-05,-4.547473508864641e-13,35,False,,3173
cand_b3e61d5da36104cd6f2e,fd,PRESENT,-8.590755078330403e-05,3174,29.58277851753218,29,0,0,29,0.0,-4.848660273637506e-05,-4.848660273637506e-05,-4.848660273637506e-05,-4.848660273637506e-05,3.742094804692897e-05,19,False,,3174
cand_b7e3f158cc9beecc7cb4,mcv,PRESENT,-9.29864390855073e-05,3175,29.56058588548602,2,0,0,2,0.0,-9.298643931288098e-05,-9.298643931288098e-05,-9.298643931288098e-05,-9.298643931288098e-05,-2.2737367544323206e-13,35,False,,3191
cand_d50874b11db38b74134c,fd,PRESENT,-9.348580806545215e-05,3176,29.538393253439857,29,0,0,29,0.0,-9.348580806545215e-05,-9.348580806545215e-05,-9.348580806545215e-05,-9.348580806545215e-05,0.0,8,False,,3175
cand_9299095b6b055e788eb2,fd,PRESENT,-9.503211913397536e-05,3177,29.516200621393697,20,20,0,0,1.0,0.000127784279811749,0.000127784279811749,0.000127784279811749,0.000127784279811749,0.00022281639894572436,21,False,,3176
cand_7a862aee74d40da19f88,fd,PRESENT,-0.00010031756755779497,3178,29.494007989347537,18,0,0,18,0.0,-0.00010031756778516865,-0.00010031756778516865,-0.00010031756778516865,-0.00010031756778516865,-2.2737367544323206e-13,19,False,,3177
cand_06046da4d9e973f52d56,fd,PRESENT,-0.00010685390861908672,3180,29.449622725255214,26,8,0,18,0.3076923076923077,2.358654523959558e-05,-0.00010685390861908672,2.358654523959558e-05,2.358654523959558e-05,0.0001304404538586823,29,False,,3179
cand_03108b38fa76de49bbab,mcv,PRESENT,-0.00011864203315781197,3182,29.405237461162894,20,0,0,20,0.0,-2.880694296436559e-05,-3.653059843600204e-05,-2.880694296436559e-05,-2.880694296436559e-05,8.983509019344638e-05,28,False,,3197
cand_b5bf3420eac28cfa52c5,mcv,PRESENT,-0.0001428195364496787,3185,29.33865956502441,20,2,0,18,0.1,0.002338055288191754,-0.00014281953690442606,0.00010526794580983175,0.002338055288191754,0.0024808748246414325,35,False,,3200
cand_2266b9cacdafdc16aa7d,fd,PRESENT,-0.00014388397175935097,3186,29.31646693297825,17,0,0,17,0.0,-0.00014388397198672465,-0.00014388397198672465,-0.00014388397198672465,-0.00014388397198672465,-2.2737367544323206e-13,19,False,,3182
cand_ca0c844d55d0834b8cba,fd,PRESENT,-0.00014714974986418383,3187,29.29427430093209,28,28,0,0,1.0,0.001132633974066266,0.00043695155295608856,0.001132633974066266,0.001132633974066266,0.00127978372393045,30,False,,3183
cand_9ff1d3b21240cf6ef3f2,fd,PRESENT,-0.00015006237936177058,3188,29.27208166888593,29,9,0,20,0.3103448275862069,2.006963836720388e-05,-0.00015006237958914426,2.006963836720388e-05,2.006963836720388e-05,0.00017013201772897446,28,False,,3184
cand_f7aab7962be7c679bbcd,fd,PRESENT,-0.00015232292389555369,3189,29.249889036839768,16,0,0,16,0.0,-0.0001523229245776747,-0.0001523229245776747,-0.0001523229245776747,-0.0001523229245776747,-6.821210263296962e-13,21,False,,3185
cand_09919ff4aeeac93f0d0f,fd,PRESENT,-0.00016010716626624344,3191,29.20550377274745,10,0,0,10,0.0,-0.00014845398868601478,-0.00014845398868601478,-0.00014845398868601478,-0.00014845398868601478,1.1653177580228657e-05,27,False,,3186
cand_77e78c6d8475909f8db5,fd,PRESENT,-0.00016026139019231778,3192,29.18331114070129,25,0,0,25,0.0,-0.0001602613899649441,-0.0001602613899649441,-0.0001602613899649441,-0.0001602613899649441,2.2737367544323206e-13,9,False,,3187
cand_3d0972a4bf511f59ddc7,mcv,PRESENT,-0.00016309824604832102,3193,29.161118508655125,4,0,0,4,0.0,-4.27178442805598e-05,-0.00010290804527812725,-4.27178442805598e-05,-4.27178442805598e-05,0.00012038040176776121,35,False,,3208
cand_c513166ab0d83cbb5c02,fd,PRESENT,-0.00016839694490045076,3196,29.094540612516646,13,0,0,13,0.0,-0.00016839694512782444,-0.0001683969453551981,-0.0001683969453551981,-0.00016839694526424865,-2.2737367544323206e-13,26,False,,3189
cand_a890fa06805eeb6279ea,fd,PRESENT,-0.00016957775096670957,3197,29.072347980470482,10,0,0,10,0.0,-0.00016957775142145692,-0.00016957775142145692,-0.00016957775142145692,-0.00016957775142145692,-4.547473508864641e-13,27,False,,3190
cand_dd0cd4210f624fa93b14,fd,PRESENT,-0.0001843741947595845,3199,29.027962716378163,25,0,0,25,0.0,-0.0001843741947595845,-0.00018437419498695817,-0.0001843741947595845,-0.0001843741947595845,0.0,13,False,,3192
cand_c6e96bcbc409aef16d14,fd,PRESENT,-0.0001879988758446416,3200,29.005770084332003,28,0,0,28,0.0,-0.00018799887652676261,-0.00018799887652676261,-0.00018799887652676261,-0.00018799887652676261,-6.821210263296962e-13,9,False,,3193
cand_aa7aef7e2bd8d9853860,fd,PRESENT,-0.00021123340957274195,3201,28.98357745228584,28,0,0,28,0.0,-4.165565792391135e-05,-0.00021123340934536827,-4.165565792391135e-05,-4.165565792391135e-05,0.0001695777516488306,28,False,,3194
cand_ffe82fe7fc1c0a38e763,fd,PRESENT,-0.00021292669680406107,3202,28.96138482023968,21,16,0,5,0.7619047619047619,0.0031128970074405515,0.003112897007213178,0.003112897007213178,0.0031128970074405515,0.0033258237042446126,26,False,,3195
cand_209b80480934cc98b09a,fd,PRESENT,-0.00022452568919106852,3203,28.93919218819352,24,0,18,6,0.0,0.0,0.0,0.0,0.0,0.00022452568919106852,19,False,,3196
cand_6ce1506fe25270ac96da,fd,PRESENT,-0.00025878960332192946,3204,28.91699955614736,28,0,0,28,0.0,-0.0002587896040040505,-0.0002587896040040505,-0.0002587896040040505,-0.0002587896040040505,-6.821210263296962e-13,9,False,,3199
cand_11e7f2354472924d8d98,mcv,PRESENT,-0.0002679951403479208,3205,28.8948069241012,24,6,0,18,0.25,0.007374135218014999,-0.000267995140916355,0.007374135218014999,0.007374135218014999,0.00764213035836292,32,False,,3220
cand_fcd5a3baf61a1cd18e9c,fd,PRESENT,-0.00028184059556224383,3207,28.850421660008877,28,0,0,28,0.0,-7.484189654860529e-05,-0.0002444196479700622,-7.484189654860529e-05,-7.484189654860529e-05,0.00020699869901363854,28,False,,3201
cand_66b65698f5948c98ac1f,fd,PRESENT,-0.0002906343088397989,3208,28.828229027962717,12,0,0,12,0.0,-0.00029063430929454626,-0.00029063430929454626,-0.00029063430929454626,-0.00029063430929454626,-4.547473508864641e-13,19,False,,3202
cand_800e58eb6d8dd8f82321,fd,PRESENT,-0.0002913258194894297,3209,28.806036395916557,18,0,0,18,0.0,-2.630438325468276e-05,-2.630438325468276e-05,-2.630438325468276e-05,-2.630438325468276e-05,0.00026502143623474694,21,False,,3203
cand_bf7a719040281a3b16e6,fd,PRESENT,-0.0002932154129666742,3210,28.783843763870394,28,0,0,28,0.0,-0.00038193449813661573,-0.00038193449813661573,-0.00038193449813661573,-0.00038193449813661573,-8.871908516994154e-05,10,False,,3204
cand_cb03ba0a374ff7476ca8,fd,PRESENT,-0.0002989380382132367,3211,28.761651131824234,18,0,0,18,0.0,-0.0002989380382132367,-0.0002989380382132367,-0.0002989380382132367,-0.0002989380382132367,0.0,19,False,,3205
cand_2a4fbc418659681c5b7a,mcv,PRESENT,-0.0003341782430652529,3213,28.717265867731914,36,0,0,36,0.0,-0.0003330906013161439,-0.0003336344221906984,-0.0003330906014298307,-0.0003330906013161439,1.0876417491090251e-06,19,False,,3224
cand_41feb9be6ebf04e860e2,fd,PRESENT,-0.00033915550284291385,3214,28.69507323568575,12,0,9,3,0.0,0.0,0.0,0.0,0.0,0.00033915550284291385,28,False,,3211
cand_ac6068ab5093b6be7a24,fd,PRESENT,-0.0003411510488149361,3215,28.67288060363959,29,0,0,29,0.0,-0.0003411510492696834,-0.00041848427690638346,-0.00034115104945158236,-0.0003411510492696834,-4.547473508864641e-13,8,False,,3212
cand_2e1cd8841530c459a51f,mcv,PRESENT,-0.00034219933240819955,3216,28.65068797159343,14,8,0,6,0.5714285714285714,3.4600053822941845e-05,3.460005359556817e-05,3.4600053822941845e-05,3.4600053822941845e-05,0.0003767993862311414,23,False,,3226
cand_f1dd0ae7298135871ead,mcv,PRESENT,-0.0003435547914705239,3217,28.62849533954727,24,0,0,24,0.0,-1.648296178625742,-1.8691420592488157,-1.6482961786259693,-1.6482961786257762,-1.6479526238342714,33,False,,3227
cand_31b2b81cfd5d818ec2bc,mcv,PRESENT,-0.00035340846898179734,3218,28.60630270750111,6,0,0,6,0.0,-0.00035493011000653496,-0.00035493011023390864,-0.00035493011000653496,-0.00035493011000653496,-1.5216410247376189e-06,28,False,,3229
cand_ce89c97afb49830cfc55,mcv,PRESENT,-0.00035780214057012927,3219,28.584110075454948,23,0,0,23,0.0,-0.00035626411477096553,-0.00035626411477096553,-0.00035626411477096553,-0.00035626411477096553,1.5380257991637336e-06,14,False,,3230
cand_682a0822f65187b7581c,mcv,PRESENT,-0.00035837025916407583,3220,28.561917443408788,24,18,0,6,0.75,0.00044647789354712586,0.00035650183667712554,0.00044647789354712586,0.00044647789354712586,0.0008048481527112017,19,False,,3231
cand_45112392f221ab96e700,fd,PRESENT,-0.00036842492227151524,3221,28.53972481136263,24,18,0,6,0.75,0.00042918134158753674,0.00042918134136016306,0.00042918134158753674,0.00042918134158753674,0.000797606263859052,19,False,,3213
cand_168f1e42580bb0a40c12,fd,PRESENT,-0.0003712349080160493,3222,28.51753217931647,22,0,0,22,0.0,-0.000371234908243423,-0.00037123490847079665,-0.000371234908243423,-0.000371234908243423,-2.2737367544323206e-13,19,False,,3214
cand_ab89d7d9faac5e17fa2e,fd,PRESENT,-0.00045309799133974593,3228,28.384376387039502,20,0,0,20,0.0,-0.00045309799133974593,-0.0004530979915671196,-0.00045309799154438226,-0.00045309799133974593,0.0,19,False,,3216
cand_e0da76e78163fb40eda6,fd,PRESENT,-0.0004797230849362677,3231,28.31779849090102,25,24,0,1,0.96,0.00010747597548288468,0.00010747597548288468,0.00010747597548288468,0.00010747597548288468,0.0005871990604191524,13,False,,3217
cand_78081c6ae37a13992704,fd,PRESENT,-0.0004930966470055864,3233,28.2734132268087,29,0,0,29,0.0,-0.0004930966467782127,-0.0004930966470055864,-0.0004930966467782127,-0.0004930966467782127,2.2737367544323206e-13,10,False,,3218
cand_5fdf35fbb3db406deb1a,mcv,PRESENT,-0.000508553681356716,3234,28.25122059476254,8,0,0,8,0.0,-0.0005085536815840896,-0.0005085536815840896,-0.0005085536815840896,-0.0005085536815840896,-2.2737367544323206e-13,29,False,,3240
cand_d812f11a3cfcf7c0ad30,fd,PRESENT,-0.0005087332538096234,3235,28.22902796271638,30,0,0,30,0.0,-0.00033915550284291385,-0.0005087332542643708,-0.00033915550284291385,-0.00033915550284291385,0.00016957775096670957,28,False,,3219
cand_75f8c413edfcaecee7c5,fd,PRESENT,-0.0005635522184093134,3236,28.206835330670216,2,0,0,2,0.0,-5.6709846376179485e-05,-5.670984648986632e-05,-5.670984639891685e-05,-5.670984638754817e-05,0.0005068423720331339,35,False,,3222
cand_96b5048a2769946f2638,fd,PRESENT,-0.0006294894437814946,3239,28.140257434531737,30,0,0,30,0.0,-5.8713188309411635e-05,-5.871318853678531e-05,-5.8713188309411635e-05,-5.8713188309411635e-05,0.000570776255472083,19,False,,3223
cand_051ee3d9ab989fe79dd0,fd,PRESENT,-0.0006468945184678887,3240,28.118064802485573,30,0,0,30,0.0,-0.0006247265730507934,-0.0006247265730507934,-0.0006247265730507934,-0.0006247265730507934,2.2167945417095325e-05,16,False,,3225
cand_79a617b4c12d3c79826e,fd,PRESENT,-0.0006592911540792556,3241,28.095872170439414,26,0,0,26,0.0,-0.0005470283097110951,-0.0005470283099384687,-0.0005470283097110951,-0.0005470283097110951,0.00011226284436816059,19,False,,3228
cand_e681a0dd6fc16f7f480d,mcv,PRESENT,-0.0006848509146948345,3243,28.051486906347094,27,0,0,27,0.0,-0.0006839334901087568,-0.0006839334901087568,-0.0006839334901087568,-0.0006839334901087568,9.174245860776864e-07,10,False,,3251
cand_1bece68607cb9370f113,mcv,PRESENT,-0.0006928258471816662,3244,28.02929427430093,28,0,0,28,0.0,-0.0006928258471816662,-0.0006928258474090399,-0.0006928258471816662,-0.0006928258471816662,0.0,10,False,,3252
cand_778fc43f103ce779273d,mcv,PRESENT,-0.0007476699247490615,3245,28.00710164225477,29,0,0,29,0.0,-0.00020528820232357248,-0.0007476699247490615,-0.00020528820232357248,-0.00020528820232357248,0.000542381722425489,30,False,,3254
cand_328b4f7319ddb59316de,mcv,PRESENT,-0.0007490714651794406,3246,27.98490901020861,6,0,0,6,0.0,-0.0007490714658615616,-0.0007490714658615616,-0.0007490714658615616,-0.0007490714658615616,-6.821210263296962e-13,20,False,,3255
cand_5c82742d66b500a7853c,fd,PRESENT,-0.000761977330512309,3247,27.96271637816245,14,12,0,2,0.8571428571428571,0.0025922458296463446,0.002592245829418971,0.0025922458296463446,0.0025922458296463446,0.0033542231601586536,19,False,,3234
cand_2ccd399d366ca96d37d6,mcv,PRESENT,-0.0008359668690900435,3248,27.940523746116288,36,0,0,36,0.0,-0.0008359668690900435,-0.0008359668697721645,-0.0008359668695447908,-0.0008359668695447908,0.0,1,False,,3262
cand_9a7d6be82c300f6de13b,mcv,PRESENT,-0.0008429171293755644,3250,27.896138482023968,24,0,0,24,0.0,-0.0004882782566255628,-0.0008735055810120684,-0.0008555792109973481,-0.000542220990280385,0.0003546388727500016,35,False,,3264
cand_6018af39331c3ae10bd7,mcv,PRESENT,-0.0008455871002297499,3251,27.873945849977808,2,0,0,2,0.0,-0.0008834599293550127,-0.0008834599294686996,-0.0008834599293777501,-0.0008834599293663814,-3.78728291252628e-05,35,False,,3265
cand_7091bb6cbc457baf4a65,mcv,PRESENT,-0.0008785543532212614,3252,27.85175321793165,23,0,0,23,0.0,-0.0008785543539033824,-0.0008785543539033824,-0.0008785543539033824,-0.0008785543539033824,-6.821210263296962e-13,14,False,,3267
cand_8c0c9a27b05de4c0258f,mcv,PRESENT,-0.0008901830651666387,3253,27.829560585885485,2,0,0,2,0.0,-0.00091628084533113,-0.0009162808454448168,-0.0009162808453538673,-0.0009162808453424987,-2.609778016449127e-05,35,False,,3268
cand_d13bcf28936b2358cbca,mcv,PRESENT,-0.0009295263416788657,3254,27.807367953839325,24,0,0,24,0.0,-0.0009295263421336131,-0.000930521165173559,-0.0009295263422018252,-0.0009295263421336131,-4.547473508864641e-13,13,False,,3271
cand_ebf1458403f68e3f912b,mcv,PRESENT,-0.0009753837857715553,3256,27.762982689747005,23,6,0,17,0.2608695652173913,0.001381143424396214,-0.0009753837857715553,0.0013811434241688403,0.0013811434243734765,0.0023565272101677692,33,False,,3274
cand_2eec8e2e554fee87b8aa,mcv,PRESENT,-0.0009792907558221486,3257,27.740790057700842,36,0,0,36,0.0,-0.0009792907558221486,-0.000979290756276896,-0.0009792907560495223,-0.000979290755992679,0.0,1,False,,3275
cand_53e60757b9ec463671d7,mcv,PRESENT,-0.0010019150222433382,3258,27.718597425654682,7,0,0,7,0.0,-0.0010019150222433382,-0.0010019150222433382,-0.0010019150222433382,-0.0010019150222433382,0.0,30,False,,3276
cand_9a1df4b21fe004eec142,mcv,PRESENT,-0.0010023597551480634,3259,27.696404793608522,24,0,0,24,0.0,-0.0009250876532860275,-0.0010148088307460057,-0.0010023597551480634,-0.0010023597551480634,7.727210186203592e-05,36,False,,3277
cand_70d386e8bbe13cfddf6d,fd,PRESENT,-0.001061359360392089,3260,27.674212161562362,3,0,0,3,0.0,-9.831614374888886e-05,-0.0010613593601647153,-0.00029092478703205413,-0.00019462046539047155,0.0009630432166432001,36,False,,3241
cand_a9ddd76a184b2d597907,fd,PRESENT,-0.0010643310424711672,3261,27.6520195295162,23,0,0,23,0.0,-0.0008867306737556646,-0.0010563084251771215,-0.0008867306737556646,-0.0008867306737556646,0.00017760036871550255,28,False,,3242
cand_35f643d24c98cf96a4c7,mcv,PRESENT,-0.0010930416683549993,3262,27.62982689747004,6,0,0,6,0.0,-0.001093041668582373,-0.0010930416688097466,-0.001093041668582373,-0.001093041668582373,-2.2737367544323206e-13,33,False,,3280
cand_baba43563d0273471f75,mcv,PRESENT,-0.00109451456592069,3263,27.60763426542388,10,0,0,10,0.0,-0.0009350623954560433,-0.0009350623954560433,-0.0009350623954560433,-0.0009350623954560433,0.00015945217046464677,27,False,,3281
cand_f03ced3522237d134644,mcv,PRESENT,-0.001122153614232957,3264,27.58544163337772,17,0,0,17,0.0,-0.0011221536140055832,-0.001122153614232957,-0.0011221536141420075,-0.0011221536140055832,2.2737367544323206e-13,19,False,,3282
cand_c62fade13a0a3ac01319,mcv,PRESENT,-0.0011350690965628019,3265,27.56324900133156,7,0,0,7,0.0,-0.0011350690970175492,-0.0011350690970175492,-0.0011350690970175492,-0.0011350690970175492,-4.547473508864641e-13,30,False,,3283
cand_b7c16a34ceb0457ef851,fd,PRESENT,-0.0011446891203377163,3267,27.518863737239236,28,0,0,28,0.0,-0.0011430845972881798,-0.0011430845972881798,-0.0011430845972881798,-0.0011430845972881798,1.6045230495365104e-06,9,False,,3245
cand_94a325a3deb040f2ca8f,mcv,PRESENT,-0.0012076884686393896,3270,27.452285841100753,16,0,0,16,0.0,-0.0005478614389176073,-0.0012980005994904786,-0.0009229310190903561,-0.0005478614389176073,0.0006598270297217823,35,False,,3288
cand_c59882d4dda41c3729e4,mcv,PRESENT,-0.0012191354499009321,3271,27.430093209054593,6,0,0,6,0.0,-0.001663238631635977,-0.001663238631635977,-0.001663238631635977,-0.001663238631635977,-0.00044410318173504493,31,False,,3289
cand_01321f5791d639d110be,fd,PRESENT,-0.0012412871192282182,3272,27.407900577008434,25,0,0,25,0.0,-0.0011935453069327195,-0.0011935453069327195,-0.0011935453069327195,-0.0011935453069327195,4.7741812295498676e-05,9,False,,3248
cand_0a2ee8f8d7af72859c42,fd,PRESENT,-0.0012544730579975294,3273,27.385707944962274,8,0,0,8,0.0,-0.0012544730586796504,-0.0012544730586796504,-0.0012544730586796504,-0.0012544730586796504,-6.821210263296962e-13,13,False,,3249
cand_487806a7fff0a34c8cf7,mcv,PRESENT,-0.0012544787841761718,3274,27.36351531291611,3,0,0,3,0.0,-0.001254478783948798,-0.001254478783948798,-0.001254478783948798,-0.001254478783948798,2.2737367544323206e-13,34,False,,3292
cand_3dc0978714f40a196c59,mcv,PRESENT,-0.0012914331073261565,3275,27.34132268086995,20,0,0,20,0.0,-0.0012914331077809038,-0.0012914331080082775,-0.0012914331077809038,-0.0012914331077809038,-4.547473508864641e-13,13,False,,3293
cand_a129e95687ad689c0278,mcv,PRESENT,-0.0013323020984898903,3276,27.31913004882379,20,0,0,20,0.0,-0.0013852653760295652,-0.001385265376256939,-0.0013852653762342015,-0.0013852653760295652,-5.296327753967489e-05,19,False,,3294
cand_c6f87d30dea4bf9f8f01,mcv,PRESENT,-0.001375298343191389,3277,27.29693741677763,29,0,0,29,0.0,-0.0013752983434187627,-0.0013900596936764487,-0.0013752983436461363,-0.001375298343509712,-2.2737367544323206e-13,8,False,,3296
cand_c25e1d88ee9b3a14cba6,mcv,PRESENT,-0.001428703744750237,3279,27.252552152685308,24,0,0,24,0.0,-0.0011360945077285578,-0.0014235112131473215,-0.0014183186810896586,-0.0011784281337327235,0.0002926092370216793,35,False,,3297
cand_ee25b5feff0c42fac487,fd,PRESENT,-0.0014434586464631138,3280,27.230359520639148,28,9,0,19,0.32142857142857145,0.028063070096322917,-0.0014434586471452349,0.028063070096322917,0.028063070096322917,0.02950652874278603,28,False,,3256
cand_3c374a9431749ceebe3b,mcv,PRESENT,-0.0014760119447601028,3281,27.208166888592988,10,0,0,10,0.0,-0.001234208499226952,-0.001234208499226952,-0.001234208499226952,-0.001234208499226952,0.0002418034455331508,27,False,,3298
cand_5661a271d763c50d6a3a,fd,PRESENT,-0.0014795916013099486,3282,27.185974256546828,26,0,0,26,0.0,-0.0006573176679012249,-0.0006573176679012249,-0.0006573176679012249,-0.0006573176679012249,0.0008222739334087237,19,False,,3257
cand_cc44d07ebe300122d51f,mcv,PRESENT,-0.0014938592157704988,3283,27.163781624500665,23,0,0,23,0.0,-0.00015870817128416093,-0.0003463210657628224,-0.00015870817132963567,-0.00015870817128416093,0.001335151044486338,14,False,,3300
cand_f934672c7192c521e496,fd,PRESENT,-0.0014941691815693048,3284,27.141588992454505,29,0,0,29,0.0,-0.000737810081545831,-0.001119635205668601,-0.0010432701806621482,-0.000737810081545831,0.0007563591000234737,34,False,,3258
cand_c57af820468c9279f561,fd,PRESENT,-0.001535454125587421,3285,27.119396360408345,30,24,0,6,0.8,0.0004645458741379116,0.0004645458741379116,0.0004645458741379116,0.0004645458741379116,0.0019999999997253326,13,False,,3259
cand_35a9324211d3f8362b95,mcv,PRESENT,-0.0015388998162961798,3286,27.097203728362185,27,0,0,27,0.0,-0.0015388998167509271,-0.0017115974694661418,-0.0015388998169783008,-0.0015388998168191393,-4.547473508864641e-13,10,False,,3301
cand_1f26ed570d44125328c9,mcv,PRESENT,-0.0015581058851239504,3288,27.052818464269862,15,0,0,15,0.0,-0.0006077892737721413,-0.0015581058858060715,-0.0009879159184947642,-0.0006077892737721413,0.0009503166113518091,35,False,,3303
cand_fd0b05bfddec40f65025,fd,PRESENT,-0.0015645258781660232,3289,27.030625832223702,29,25,1,3,0.8620689655172413,0.002528407792397047,0.002528407792397047,0.002528407792397047,0.002528407792397047,0.00409293367056307,11,False,,3260
cand_42d211647b3b95fa57e7,fd,PRESENT,-0.0015740152675789432,3290,27.008433200177542,28,0,0,28,0.0,-0.0015740152675789432,-0.0015740152678063168,-0.0015740152675789432,-0.0015740152675789432,0.0,10,False,,3261
cand_dda99fae7f9bfb347447,mcv,PRESENT,-0.0016465119670101558,3293,26.94185530403906,6,0,0,6,0.0,-0.0016465119672375295,-0.0016465119674649031,-0.0016465119672375295,-0.0016465119672375295,-2.2737367544323206e-13,10,False,,3307
cand_8eec70cef64e02dd2b45,mcv,PRESENT,-0.0016724738843549858,3295,26.897470039946736,23,0,0,23,0.0,-0.0016724738841276121,-0.12667247388435499,-0.0016724738843549858,-0.0016724738841503496,2.2737367544323206e-13,19,False,,3308
cand_5900fc095d92d8d65df9,mcv,PRESENT,-0.0016739618595238426,3296,26.875277407900576,29,0,0,29,0.0,-0.479319266247785,-0.48055075751108234,-0.48003509849809234,-0.47956106050460223,-0.47764530438826114,28,False,,3309
cand_679dfd9928f55e8e1f00,mcv,PRESENT,-0.0017411428980267374,3297,26.853084775854416,5,0,0,5,0.0,-0.0017411428984814847,-0.0017411428987088584,-0.0017411428984814847,-0.0017411428984814847,-4.547473508864641e-13,10,False,,3310
cand_d459059037e16dfd418c,mcv,PRESENT,-0.001746639066368516,3298,26.830892143808256,23,0,0,23,0.0,-0.0017868744703264383,-0.0035035558814797696,-0.0017868744703264383,-0.0017868744703264383,-4.0235403957922244e-05,14,False,,3311
cand_7c033474ba198887b8c8,fd,PRESENT,-0.0017615971810300834,3299,26.808699511762097,29,0,28,1,0.0,0.0,0.0,0.0,0.0,0.0017615971810300834,9,False,,3269
cand_bcd644addba3fb1dee49,fd,PRESENT,-0.0017734231150825508,3300,26.786506879715933,10,0,0,10,0.0,-0.0017734231150825508,-0.0017734231150825508,-0.0017734231150825508,-0.0017734231150825508,0.0,9,False,,3270
cand_11ea93cbba14406f5565,fd,PRESENT,-0.0018228312892460963,3301,26.764314247669773,30,0,0,30,0.0,-0.0018228312892460963,-0.002089782704388199,-0.0018228312894507325,-0.0018228312892460963,0.0,8,False,,3273
cand_3f442c4baafda10810be,mcv,PRESENT,-0.0018277637263963697,3302,26.742121615623613,2,0,0,2,0.0,-0.0018277637263963697,-0.0018277637265100566,-0.0018277637264191072,-0.0018277637264077385,0.0,35,False,,3312
cand_a522b2c2f058486039ee,mcv,PRESENT,-0.001842086558099254,3303,26.719928983577454,2,0,0,2,0.0,-0.009292858245544267,-0.009292858245544267,-0.009292858245544267,-0.009292858245544267,-0.0074507716874450125,35,False,,3313
cand_5f9c2bb23509704fbd94,mcv,PRESENT,-0.0018526184530855971,3304,26.69773635153129,24,0,0,24,0.0,-0.0018526184533129708,-0.0018526184533129708,-0.0018526184533129708,-0.0018526184533129708,-2.2737367544323206e-13,13,False,,3314
cand_cbdf1071c4e3233c2d8c,mcv,PRESENT,-0.0018786436539812712,3305,26.67554371948513,27,0,0,27,0.0,-0.011106404260772251,-0.01889494471333819,-0.011106404260772251,-0.011106404260772251,-0.00922776060679098,28,False,,3315
cand_c760c7f3e172d3972dc4,mcv,PRESENT,-0.0018794041798173566,3306,26.65335108743897,36,6,0,30,0.16666666666666666,0.09296234768817158,-0.0053891040636244725,0.0765871231408255,0.08068092927766202,0.09484175186798893,35,False,,3316
cand_408949f1555bdcaac9ca,mcv,PRESENT,-0.0019331642770339386,3308,26.608965823346647,17,0,0,17,0.0,-0.012947897458161606,-0.012947897458161606,-0.012947897458161606,-0.012947897458161606,-0.011014733181127667,20,False,,3318
cand_df3a2151a3f72217617e,mcv,PRESENT,-0.0019357308474354795,3309,26.586773191300487,23,10,0,13,0.43478260869565216,0.030278143507757704,-0.0019357308476628532,0.030278143507757704,0.030278143507757704,0.032213874355193184,27,False,,3319
cand_d31b36a3631d404bb5cd,mcv,PRESENT,-0.0019715563921636203,3311,26.542387927208168,29,0,0,29,0.0,-4.355435726210999e-05,-0.0019715563926183677,-4.355435726210999e-05,-4.355435726210999e-05,0.0019280020349015103,26,False,,3322
cand_d8db27ac92ddae70b0df,fd,PRESENT,-0.0019762838837777963,3313,26.498002663115845,29,0,0,29,0.0,-0.00022559788772014144,-0.00022559788794751512,-0.00022559788772014144,-0.00022559788772014144,0.0017506859960576548,10,False,,3278
cand_ecb0f27d6723a07c0fbd,fd,PRESENT,-0.001999999999497959,3314,26.475810031069685,29,0,24,5,0.0,0.0,0.0,0.0,0.0,0.001999999999497959,13,False,,3279
cand_bcd83bc18a4d7a51bfda,mcv,PRESENT,-0.0021897572305533686,3317,26.4092321349312,24,0,0,24,0.0,-0.0021897572312354896,-0.0021897572312354896,-0.0021897572312354896,-0.0021897572312354896,-6.821210263296962e-13,13,False,,3326
cand_4dfe6377afebb483bb46,mcv,PRESENT,-0.0022345080124068772,3318,26.38703950288504,6,0,0,6,0.0,-0.0013775633033219492,-0.0013775633033219492,-0.0013775633033219492,-0.0013775633033219492,0.000856944709084928,31,False,,3327
cand_b2459231d3ed2e75382f,fd,PRESENT,-0.0022566502002518973,3319,26.364846870838882,30,29,0,1,0.9666666666666667,0.002170770463635563,0.002145847674455581,0.0021707704634309267,0.002170770463635563,0.00442742066388746,23,False,,3284
cand_6463b07b744c36031b89,fd,PRESENT,-0.002257673680105654,3320,26.342654238792722,26,0,0,26,0.0,-0.0008842163497320144,-0.000884216349959388,-0.000884216349959388,-0.0008842163497888578,0.0013734573303736397,19,False,,3285
cand_cfd676788b4907111562,fd,PRESENT,-0.0022854650605950155,3321,26.32046160674656,29,0,0,29,0.0,-0.001230003486853093,-0.0012300034870804666,-0.0012300034870804666,-0.0012300034869440423,0.0010554615737419226,26,False,,3287
cand_c8b6e1783fbcf4f7a5fd,mcv,PRESENT,-0.002308856804120296,3322,26.2982689747004,6,0,0,6,0.0,-0.001813098023603743,-0.001813098023603743,-0.001813098023603743,-0.001813098023603743,0.0004957587805165531,31,False,,3328
cand_557ad3255a1c4db4957e,mcv,PRESENT,-0.002318261677828559,3323,26.27607634265424,10,0,0,10,0.0,-0.002318261677828559,-0.002318261677828559,-0.002318261677828559,-0.002318261677828559,0.0,27,False,,3329
cand_2bde12305226d747e8ae,fd,PRESENT,-0.0023740885189909022,3325,26.231691078561916,22,0,0,22,0.0,-0.0023740885194456496,-0.0023740885196730233,-0.0023740885194456496,-0.0023740885194456496,-4.547473508864641e-13,19,False,,3291
cand_6b3bd008a47081da653e,mcv,PRESENT,-0.0023777859123583767,3326,26.209498446515756,27,0,0,27,0.0,-0.002377785912131003,-0.0023777859123583767,-0.002377785912131003,-0.002377785912131003,2.2737367544323206e-13,10,False,,3330
cand_74cba1ac4b74e9ed7ecb,mcv,PRESENT,-0.0024671961646163254,3328,26.165113182423436,24,0,0,24,0.0,-0.0024671961650710728,-0.0024671961652984464,-0.0024671961651392847,-0.0024671961650710728,-4.547473508864641e-13,13,False,,3333
cand_82c020e83c06d586b47e,mcv,PRESENT,-0.0024710350635359646,3329,26.142920550377276,20,7,0,13,0.35,0.007335569932138242,-8.830706519802334e-05,0.007335569932138242,0.007335569932138242,0.009806604995674206,32,False,,3334
cand_6ec8f2e4e64ff185968d,mcv,PRESENT,-0.002566685927376966,3332,26.076342654238793,24,0,0,24,0.0,-0.0025666859278317133,-0.0031526859347650316,-0.002742485929911709,-0.0025666859278317133,-4.547473508864641e-13,13,False,,3337
cand_a6072ff834ad2fd7d2db,mcv,PRESENT,-0.00259252174419089,3333,26.054150022192633,14,0,0,14,0.0,-0.002727243330582496,-0.002727243330582496,-0.002727243330582496,-0.002727243330582496,-0.00013472158639160625,23,False,,3339
cand_5aa0e8f00f91fda049f4,fd,PRESENT,-0.002616500556541723,3335,26.00976475810031,29,28,0,1,0.9655172413793104,0.000319494746008786,0.00031949474578141235,0.00031949474578141235,0.00031949474591783653,0.0029359953025505092,19,False,,3295
cand_3ab7d9facfaa350d6a3f,mcv,PRESENT,-0.002649392708008236,3336,25.98757212605415,23,0,0,23,0.0,-0.002649392708462983,-0.002649392708462983,-0.002649392708462983,-0.002649392708462983,-4.547473508864641e-13,14,False,,3342
cand_f00cfe1a6daea1a77871,mcv,PRESENT,-0.0026766290748128085,3337,25.96537949400799,4,0,0,4,0.0,-0.0026766290748128085,-0.0026766290748128085,-0.0026766290748128085,-0.0026766290748128085,0.0,31,False,,3343
cand_711856d5bcd1bf43cc02,mcv,PRESENT,-0.0027644611491268734,3340,25.898801597869507,29,0,0,29,0.0,-0.0027644611495816207,-0.0027644611498089944,-0.0027644611495816207,-0.0027644611495816207,-4.547473508864641e-13,8,False,,3348
cand_5973d837bce6ff24e66d,mcv,PRESENT,-0.00278114196498791,3341,25.876608965823348,20,0,0,20,0.0,-0.0027811419654426572,-0.002781141965670031,-0.0027811419654426572,-0.0027811419654426572,-4.547473508864641e-13,19,False,,3349
cand_1a4d61459c42fbe9dc98,fd,PRESENT,-0.002839388888787653,3342,25.854416333777188,28,0,0,28,0.0,-0.002839388889469774,-0.002839388889469774,-0.002839388889469774,-0.002839388889469774,-6.821210263296962e-13,9,False,,3299
cand_d5de84902bf7d1176225,mcv,PRESENT,-0.0029199538448665407,3344,25.810031069684864,24,0,0,24,0.0,-0.0027471103933294216,-0.0027471103935567953,-0.0027471103933294216,-0.0027471103933294216,0.0001728434515371191,26,False,,3352
cand_d2ac5ea8bf5cd76db41d,mcv,PRESENT,-0.002920648217695998,3345,25.787838437638705,15,5,0,10,0.3333333333333333,0.008769703645612026,-0.0066405440602466115,0.008769703645521076,0.008769703645612026,0.011690351863308024,19,False,,3353
cand_4f8935edfc88991a04b3,fd,PRESENT,-0.003025614195394155,3346,25.765645805592545,30,29,0,1,0.9666666666666667,0.0003003281549354142,0.00023150148808781523,0.0003003281549354142,0.0003003281549354142,0.0033259423503295693,8,False,,3304
cand_c1f464cfb544f7581711,mcv,PRESENT,-0.0030292742458186694,3347,25.74345317354638,23,0,0,23,0.0,-0.0035207048997563106,-0.0035207048999836843,-0.0035207048998017855,-0.0035207048997563106,-0.0004914306539376412,19,False,,3355
cand_3700f59eab0555e3a1dd,mcv,PRESENT,-0.0030551293757525855,3348,25.72126054150022,15,0,15,0,0.0,0.0,0.0,0.0,0.0,0.0030551293757525855,22,False,,3356
cand_23b59c403636177d2a67,mcv,PRESENT,-0.003124076674794196,3349,25.69906790945406,12,12,0,0,1.0,0.4235596610255925,0.4235596610255925,0.4235596610255925,0.4235596610255925,0.4266837377003867,25,False,,3357
cand_524324e38ac926c91c0b,mcv,PRESENT,-0.0031584068410666077,3350,25.676875277407902,36,0,0,36,0.0,-0.0031584068410666077,-0.0031584068410666077,-0.0031584068410666077,-0.0031584068410666077,0.0,1,False,,3359
cand_bc7b0bcc3717ecbf174d,mcv,PRESENT,-0.0032002660482248757,3351,25.65468264536174,23,0,0,23,0.0,-0.0032002660489069967,-0.0032002660489069967,-0.0032002660489069967,-0.0032002660489069967,-6.821210263296962e-13,14,False,,3360
cand_25161f43c012b2a32f6b,mcv,PRESENT,-0.0032740335391281405,3352,25.63249001331558,24,0,0,24,0.0,-0.003274033539582888,-0.00913216114122406,-0.0032740335398102616,-0.0032740335398102616,-4.547473508864641e-13,13,False,,3361
cand_075fcdcd3fba72380c69,mcv,PRESENT,-0.003430707064580929,3353,25.61029738126942,28,21,0,7,0.75,0.0005621783257083734,0.0005621783254809998,0.0005621783257083734,0.0005621783257083734,0.0039928853902893024,19,False,,3362
cand_cb85062605b456758a7a,mcv,PRESENT,-0.0035938027958763996,3355,25.565912117177096,36,0,0,36,0.0,-0.0035938027958763996,-1.4432617333569624,-0.0035938027958763996,-0.0035938027958763996,0.0,1,False,,3365
cand_b42514444e473fd5987a,mcv,PRESENT,-0.003634248283560737,3356,25.543719485130936,14,0,0,14,0.0,-0.003634248284242858,-0.003634248284242858,-0.003634248284242858,-0.003634248284242858,-6.821210263296962e-13,23,False,,3366
cand_8ab445409b66c5393f84,mcv,PRESENT,-0.003683005201310152,3357,25.521526853084776,12,12,0,0,1.0,0.03283167406038956,0.03283167406038956,0.03283167406038956,0.03283167406038956,0.03651467926169971,26,False,,3368
cand_b9bdaef89eb35bdae9d3,fd,PRESENT,-0.003731792464350292,3358,25.499334221038616,24,0,21,3,0.0,0.0,0.0,0.0,0.0,0.003731792464350292,16,False,,3320
cand_986326eae5710fcb1d7d,mcv,PRESENT,-0.0037342555551731493,3359,25.477141588992456,24,0,0,24,0.0,-0.0001254029964457004,-0.0037342555551731493,-0.0001254029964457004,-0.0001254029964457004,0.003608852558727449,30,False,,3369
cand_826bdb2c96b01006b6fe,mcv,PRESENT,-0.0037894129500273266,3361,25.432756324900133,29,12,0,17,0.41379310344827586,0.15069765973726135,-0.004684740284801592,0.15069765973703397,0.15069765973703397,0.15448707268728867,26,False,,3372
cand_8ed9f0a6d3f796e4b5c8,mcv,PRESENT,-0.0038089553600002546,3362,25.410563692853973,24,0,0,24,0.0,-0.0030640655729712307,-0.0030640655729712307,-0.0030640655729712307,-0.0030640655729712307,0.0007448897870290239,24,False,,3373
cand_a9ae4338094ab381e8b1,mcv,PRESENT,-0.003989335637925251,3364,25.36617842876165,23,0,0,23,0.0,-0.003989335638607372,-0.006272440661405199,-0.003989335638607372,-0.003989335638607372,-6.821210263296962e-13,8,False,,3376
cand_44adcc954ad25f431d32,mcv,PRESENT,-0.003995601715359953,3365,25.34398579671549,20,0,0,20,0.0,-0.003995601715359953,-1.1724868961787251,-0.00399560171556459,-0.003995601715359953,0.0,19,False,,3377
cand_8b55c8c877d26c152fa9,mcv,PRESENT,-0.004003248374829127,3366,25.32179316466933,29,0,0,29,0.0,-0.004003248375511248,-0.005227644996921299,-0.004003248375511248,-0.004003248375511248,-6.821210263296962e-13,8,False,,3378
cand_a0b2700a23604cb04447,mcv,PRESENT,-0.0040299748097822885,3368,25.277407900577007,20,0,0,20,0.0,-0.004029974810237036,-0.004029974810237036,-0.004029974810237036,-0.004029974810237036,-4.547473508864641e-13,17,False,,3380
cand_f0842fdaac3d3fcf3f67,mcv,PRESENT,-0.00403103252301662,3369,25.255215268530847,36,0,0,36,0.0,-0.004021405382673038,-0.004021405382673038,-0.004021405382673038,-0.004021405382673038,9.627140343582141e-06,7,False,,3381
cand_104e57779460acc657a4,mcv,PRESENT,-0.004055802728544222,3370,25.233022636484687,31,0,0,31,0.0,-0.003221246492330465,-0.025962890788605364,-0.004055802729226343,-0.003638524610778404,0.0008345562362137571,16,False,,3382
cand_a03a685157e0959eea9c,mcv,PRESENT,-0.00416561409838323,3371,25.210830004438527,36,0,0,36,0.0,-0.004140867073374466,-0.00416561409838323,-0.004140867073374466,-0.004140867073374466,2.4747025008764467e-05,25,False,,3384
cand_a7ec9e190e75a3b5662b,mcv,PRESENT,-0.004281415037439729,3373,25.166444740346204,24,0,0,24,0.0,-0.004281415037212355,-0.004281415037439729,-0.004281415037212355,-0.004281415037212355,2.2737367544323206e-13,13,False,,3386
cand_32380f82d94311830bc2,mcv,PRESENT,-0.004411764705764654,3374,25.144252108300044,29,24,0,5,0.8275862068965517,0.0038217910296225455,0.0024143083953731548,0.0038217910296225455,0.0038217910296225455,0.008233555735387199,28,False,,3387
cand_e8b66311866f4f5bd818,mcv,PRESENT,-0.004427187200235494,3375,25.122059476253884,10,0,0,10,0.0,-0.004427187200462868,-0.004427187200462868,-0.004427187200462868,-0.004427187200462868,-2.2737367544323206e-13,27,False,,3388
cand_c7745fc53b64a74fce9a,mcv,PRESENT,-0.004463898709218483,3376,25.099866844207725,23,23,0,0,1.0,1.5696463517379016,1.5508102395262995,1.5696463517376742,1.569646351737879,1.57411025044712,14,False,,3389
cand_6c45b5161ae19440684f,mcv,PRESENT,-0.004495214897360711,3377,25.07767421216156,27,22,0,5,0.8148148148148148,0.7633242898016306,0.009852206402911179,0.7494428162297027,0.7591598477298931,0.7678195046989913,23,False,,3390
cand_5af63ca28923b1fd8c1f,mcv,PRESENT,-0.004521130892499059,3378,25.0554815801154,36,0,0,36,0.0,-0.0005211308921388991,-0.0005211308923662727,-0.0005211308923662727,-0.0005211308923094293,0.00400000000036016,19,False,,3391
cand_955db275072518260423,mcv,PRESENT,-0.004537374014034867,3379,25.03328894806924,23,0,0,23,0.0,-0.004537374014262241,-0.004537374014262241,-0.004537374014262241,-0.004537374014262241,-2.2737367544323206e-13,14,False,,3392
cand_fad7d175b7322109055f,mcv,PRESENT,-0.004570542649162235,3380,25.01109631602308,23,0,0,23,0.0,-0.0045697158250277425,-0.004569715825255116,-0.0045697158250277425,-0.0045697158250277425,8.268241344921989e-07,19,False,,3394
cand_114652dedcaa266c41da,fd,PRESENT,-0.004601481033205346,3381,24.98890368397692,21,0,0,21,0.0,-0.004601481033660093,-0.004601481033660093,-0.004601481033660093,-0.004601481033660093,-4.547473508864641e-13,16,False,,3331
cand_a84119afdf51fd496ab3,mcv,PRESENT,-0.0047080695530894445,3382,24.96671105193076,17,0,0,17,0.0,-0.004708069553316818,-0.004708069553544192,-0.004708069553544192,-0.004708069553498717,-2.2737367544323206e-13,26,False,,3397
cand_3e2222533edebcc574b1,mcv,PRESENT,-0.004744548986309383,3383,24.9445184198846,20,0,0,20,0.0,-0.004753618332870246,-0.005047356513841805,-0.004753618332870246,-0.004753618332870246,-9.069346560863778e-06,17,False,,3398
cand_17069b80d1d2df850260,mcv,PRESENT,-0.004863868750362599,3386,24.877940523746116,24,0,0,24,0.0,-0.0048638687505899725,-0.004863868750817346,-0.0048638687505899725,-0.0048638687505899725,-2.2737367544323206e-13,13,False,,3402
cand_43f69ad37b50bcdc907d,fd,PRESENT,-0.004912255941235344,3388,24.833555259653796,29,0,0,29,0.0,-0.00491225594100797,-0.004912255941235344,-0.00491225594100797,-0.00491225594100797,2.2737367544323206e-13,8,False,,3338
cand_c1b321da2b6ba389ad5b,fd,PRESENT,-0.005012059089494869,3389,24.811362627607636,24,0,5,19,0.0,0.0,-0.0040511003919618815,0.0,0.0,0.005012059089494869,25,False,,3341
cand_e40ea7a5ee07aeab3953,mcv,PRESENT,-0.005031523346588074,3390,24.789169995561473,28,0,0,28,0.0,-0.005031523347042821,-0.005160724998404476,-0.005031523347270195,-0.0050315233471224016,-4.547473508864641e-13,10,False,,3404
cand_0ba028fecd8bd288aa01,mcv,PRESENT,-0.005107513653456408,3391,24.766977363515313,36,0,0,36,0.0,-0.0010678261792236299,-0.0010678261794510036,-0.0010678261792236299,-0.0010678261792236299,0.004039687474232778,16,False,,3405
cand_99192293279c09ca2b85,fd,PRESENT,-0.005187495281461452,3393,24.722592099422993,29,19,0,10,0.6551724137931034,0.007356853426017551,0.007259216980855854,0.007356853426017551,0.007356853426017551,0.012544348707479003,28,False,,3345
cand_b07bd4f9dda38d0f07f6,mcv,PRESENT,-0.005307640882165288,3395,24.67820683533067,29,0,0,29,0.0,-0.004062708867877518,-0.005301488777377017,-0.004062708867877518,-0.004062708867877518,0.0012449320142877696,31,False,,3407
cand_cbe19170524d201b561d,mcv,PRESENT,-0.005308566917847202,3396,24.65601420328451,30,24,0,6,0.8,0.24712104823424852,0.21392803840853958,0.24712104823424852,0.24712104823424852,0.2524296151520957,13,False,,3408
cand_fe431ea22884321c6180,mcv,PRESENT,-0.005423572442850855,3399,24.589436307146027,9,0,0,9,0.0,-0.005423572443078228,-0.005423572443078228,-0.005423572443078228,-0.005423572443078228,-2.2737367544323206e-13,28,False,,3411
cand_0751e1eabfb2b4f58749,fd,PRESENT,-0.005477827707181859,3400,24.567243675099867,24,0,0,24,0.0,-8.709473718226945e-05,-8.709473740964313e-05,-8.709473718226945e-05,-8.709473718226945e-05,0.00539073296999959,19,False,,3350
cand_ad1da01db71d655a9dec,mcv,PRESENT,-0.005540807264878822,3402,24.522858411007544,29,0,0,29,0.0,-0.005540807265333569,-0.005540807265333569,-0.005540807265333569,-0.005540807265333569,-4.547473508864641e-13,8,False,,3414
cand_6b9b5574caed72cebcae,mcv,PRESENT,-0.005629831922306039,3404,24.478473146915224,27,0,0,27,0.0,-0.006669030452030711,-0.006875883167822394,-0.0066690304522580846,-0.006669030452098923,-0.001039198529724672,10,False,,3416
cand_b06854fbaefadf4dc005,mcv,PRESENT,-0.005661875483383483,3405,24.456280514869064,27,0,0,27,0.0,-0.0025653141640304966,-0.004756703565590215,-0.0025653141640304966,-0.0025653141640304966,0.003096561319352986,31,False,,3417
cand_0010be4c48376648e051,fd,PRESENT,-0.005664483000145992,3406,24.434087882822904,24,0,0,24,0.0,-0.005664483000828113,-0.005733562061777775,-0.005685206719113012,-0.005664483000828113,-6.821210263296962e-13,13,False,,3354
cand_6a24f6541046949614f7,mcv,PRESENT,-0.0057572110317778424,3407,24.41189525077674,23,0,0,23,0.0,-0.0057572110317778424,-0.0057572110317778424,-0.0057572110317778424,-0.0057572110317778424,0.0,14,False,,3418
cand_3472f92afa4f814d217c,fd,PRESENT,-0.005989073862110672,3410,24.34531735463826,28,0,0,28,0.0,-0.005989073862110672,-0.0060490568823752255,-0.0060490568823752255,-0.0060490568823752255,0.0,9,False,,3358
cand_a92384bc140fdaabf40d,mcv,PRESENT,-0.006052294166693173,3411,24.323124722592098,36,0,0,36,0.0,-0.006052294166465799,-0.006052294166693173,-0.006052294166579486,-0.006052294166465799,2.2737367544323206e-13,10,False,,3421
cand_38d668464ab83aa4dd6c,mcv,PRESENT,-0.006066985555662541,3412,24.30093209054594,29,0,0,29,0.0,-0.005657544138330195,-0.007013090422560708,-0.005657544138330195,-0.005657544138330195,0.00040944141733234574,31,False,,3422
cand_94a978a0dbf83447ba36,mcv,PRESENT,-0.006111094890911772,3413,24.27873945849978,17,0,0,17,0.0,-0.006111094891139146,-0.00611109489136652,-0.006111094891139146,-0.006111094891139146,-2.2737367544323206e-13,20,False,,3423
cand_9a8016490354056198eb,mcv,PRESENT,-0.00613527219320531,3414,24.25654682645362,28,0,0,28,0.0,-0.004396695079776691,-0.0061415430400302284,-0.0061415430400302284,-0.005700595413861721,0.0017385771134286188,36,False,,3424
cand_84f84a89207c587428a3,mcv,PRESENT,-0.006188554906657373,3415,24.234354194407455,7,0,0,7,0.0,-0.0025623579967941623,-0.006188554906884747,-0.0025623579967941623,-0.0025623579967941623,0.0036261969098632107,35,False,,3425
cand_cb1f8d2a23718133c374,mcv,PRESENT,-0.006358690841807402,3416,24.212161562361295,23,0,0,23,0.0,-0.006358690842262149,-0.006358690842262149,-0.006358690842262149,-0.006358690842262149,-4.547473508864641e-13,14,False,,3427
cand_b5db670d25d528f1215e,mcv,PRESENT,-0.006376279360665649,3418,24.167776298268976,9,9,0,0,1.0,0.0970492749756886,0.09704927497546123,0.0970492749756886,0.0970492749756886,0.10342555433635425,19,False,,3429
cand_513a6bafacfcdc2fa1ae,mcv,PRESENT,-0.006561202217199025,3419,24.145583666222812,36,15,0,21,0.4166666666666667,0.46300188213785987,-0.006561202216971651,0.46300188213785987,0.46300188213785987,0.4695630843550589,22,False,,3431
cand_60a3be8706640742cf5e,mcv,PRESENT,-0.006595093183022982,3420,24.123391034176652,23,0,0,23,0.0,-0.006595093182795608,-0.006595093182795608,-0.006595093182795608,-0.006595093182795608,2.2737367544323206e-13,14,False,,3432
cand_463657c6f3a4e6040438,mcv,PRESENT,-0.006680640651211434,3421,24.101198402130493,23,0,0,23,0.0,-0.006680640651438807,-0.006680640651438807,-0.006680640651438807,-0.006680640651438807,-2.2737367544323206e-13,14,False,,3433
cand_c8e52ee0941042559582,fd,PRESENT,-0.006691255412079045,3422,24.079005770084333,24,0,0,24,0.0,-0.0030574544566661643,-0.0030574544566661643,-0.0030574544566661643,-0.0030574544566661643,0.0036338009554128803,19,False,,3363
cand_11bfefde4addc204382c,mcv,PRESENT,-0.006912836945048184,3423,24.056813138038173,10,0,0,10,0.0,-0.007130695766591089,-0.007130695766591089,-0.007130695766591089,-0.007130695766591089,-0.00021785882154290448,27,False,,3435
cand_bf43cd0430e7265bd037,mcv,PRESENT,-0.0069453266532946145,3424,24.03462050599201,24,0,0,24,0.0,-0.027680583489200217,-0.02768058348942759,-0.027680583489200217,-0.027680583489200217,-0.020735256835905602,13,False,,3437
cand_440b00d26667385c8bb5,mcv,PRESENT,-0.007020095730695175,3425,24.01242787394585,23,0,0,23,0.0,-0.007020095730695175,-0.007020095730695175,-0.007020095730695175,-0.007020095730695175,0.0,14,False,,3438
cand_928ec4e08a158d26710a,fd,PRESENT,-0.007023497935733758,3426,23.99023524189969,27,13,0,14,0.48148148148148145,2.2890789523444255e-05,-0.000517934496201633,2.2890789523444255e-05,2.2890789523444255e-05,0.007046388725257202,11,False,,3367
cand_7032c951eb526d124278,fd,PRESENT,-0.007207688200651319,3428,23.945849977807367,16,0,0,16,0.0,-0.007474639615566048,-0.007741591030480777,-0.007608115322909725,-0.007474639615566048,-0.00026695141491472896,21,False,,3371
cand_8ef205e6fecb5a67be24,mcv,PRESENT,-0.007228874952488695,3429,23.923657345761207,24,0,0,24,0.0,-0.007228874952943443,-0.007228874953170816,-0.007228874952943443,-0.007228874952943443,-4.547473508864641e-13,13,False,,3440
cand_d8336a4839dab43fa974,mcv,PRESENT,-0.007265530550284893,3431,23.879272081668887,28,0,0,28,0.0,-0.0061193976189315435,-0.007206277877003231,-0.0061193976189315435,-0.0061193976189315435,0.0011461329313533497,25,False,,3442
cand_0e4651e1c8724b1ebd6e,fd,PRESENT,-0.007290848331649613,3433,23.834886817576564,17,0,0,17,0.0,-0.0020060567874224944,-0.0020060567874224944,-0.0020060567874224944,-0.0020060567874224944,0.005284791544227119,21,False,,3374
cand_b9888c671e77e5f5d52a,mcv,PRESENT,-0.007316539516978082,3434,23.812694185530404,20,0,0,20,0.0,-0.00731653951743283,-0.00731653951743283,-0.00731653951743283,-0.00731653951743283,-4.547473508864641e-13,17,False,,3444
cand_dd6e0d919e61fce41a02,mcv,PRESENT,-0.007414409358716512,3435,23.790501553484244,28,0,0,28,0.0,-0.0053058035682624904,-0.007414409358716512,-0.0053058035682624904,-0.0053058035682624904,0.002108605790454021,27,False,,3445
cand_228392cf661d5b3bfa8d,mcv,PRESENT,-0.007553517534688581,3437,23.74611628939192,6,0,0,6,0.0,-0.009746499991251767,-0.009746499991251767,-0.009746499991251767,-0.009746499991251767,-0.002192982456563186,31,False,,3447
cand_d962c2268f0b4be6633f,mcv,PRESENT,-0.0076280159164525685,3438,23.72392365734576,29,0,0,29,0.0,-0.007628015916225195,-1.1755542905323182,-0.007628015916407094,-0.007628015916225195,2.2737367544323206e-13,10,False,,3448
cand_b5beff4e668476ecd101,mcv,PRESENT,-0.007631351066265779,3439,23.7017310252996,5,0,0,5,0.0,-0.009225913612908698,-0.009225913612908698,-0.009225913612908698,-0.009225913612908698,-0.0015945625466429192,32,False,,3449
cand_517194ddfde2a62daa31,mcv,PRESENT,-0.00790063787917461,3441,23.657345761207278,36,0,0,36,0.0,-0.006060754346890462,-0.007832078766114137,-0.006940020430647564,-0.006060754346890462,0.0018398835322841478,33,False,,3454
cand_cf45535ab51ea3b6af74,fd,PRESENT,-0.007934497981295863,3442,23.635153129161118,30,0,0,30,0.0,-0.0012130301190609316,-0.0013826078704823885,-0.0012130301190609316,-0.0012130301190609316,0.006721467862234931,28,False,,3383
cand_fea3135af760f36666fa,mcv,PRESENT,-0.007979888380759803,3443,23.61296049711496,17,17,0,0,1.0,0.033787830247774764,0.03378783024754739,0.033787830247774764,0.033787830247774764,0.04176771862853457,20,False,,3455
cand_1f5e2d57cfa5d005cd73,mcv,PRESENT,-0.008111572217785579,3444,23.5907678650688,28,0,0,28,0.0,-0.0054400572805661795,-0.008372724101263884,-0.008372724101263884,-0.00646649066781038,0.002671514937219399,35,False,,3457
cand_d8a8c70abd0ab4b04e88,mcv,PRESENT,-0.008215842817662633,3445,23.568575233022635,36,0,0,36,0.0,-0.0071480371584584645,-0.0071480371584584645,-0.0071480371584584645,-0.0071480371584584645,0.0010678056592041685,16,False,,3458
cand_0a286799d7cc48c00ec7,mcv,PRESENT,-0.008320375173752836,3446,23.546382600976475,28,9,0,19,0.32142857142857145,0.011320797685584694,-0.008285584354325692,0.011320797685584694,0.011320797685584694,0.01964117285933753,28,False,,3459
cand_f953a7c297fba7741d87,mcv,PRESENT,-0.008580127602726861,3447,23.524189968930315,20,4,0,16,0.2,0.006524543707428165,-0.008580127602726861,0.006524543707428165,0.006524543707428165,0.015104671310155027,33,False,,3460
cand_969e6e33d123ab04745d,mcv,PRESENT,-0.008668647516060446,3448,23.501997336884155,23,0,0,23,0.0,-0.007968366652448822,-0.007968366652676195,-0.007968366652448822,-0.007968366652448822,0.0007002808636116242,22,False,,3461
cand_9067f6520406dd2890c6,mcv,PRESENT,-0.00875371180154616,3450,23.457612072791832,17,0,0,17,0.0,-0.008753711802000907,-0.008753711802000907,-0.008753711802000907,-0.008753711802000907,-4.547473508864641e-13,20,False,,3462
cand_8f5608ba733daf19a23a,mcv,PRESENT,-0.00877066881639621,3451,23.435419440745672,36,0,0,36,0.0,-0.00877066881639621,-0.026770668816652687,-0.008770668816850957,-0.008770668816794114,0.0,1,False,,3463
cand_96f3e2e2bd21f63bb966,mcv,PRESENT,-0.008797787017101655,3454,23.36884154460719,10,0,0,10,0.0,-0.008682090367074125,-0.008682090367074125,-0.008682090367074125,-0.008682090367074125,0.00011569665002753027,27,False,,3465
cand_861da0133ca92eeb3879,mcv,PRESENT,-0.008921653406105179,3455,23.34664891256103,29,0,0,29,0.0,-0.008305005037072988,-0.008305005037072988,-0.008305005037072988,-0.008305005037072988,0.0006166483690321911,20,False,,3466
cand_3cac8d0a9261dc59482c,fd,PRESENT,-0.008968295112936175,3456,23.32445628051487,28,16,0,12,0.5714285714285714,0.004177872444870445,0.004177872444870445,0.004177872444870445,0.004177872444870445,0.01314616755780662,21,False,,3396
cand_62cef8428368f6db5e8f,mcv,PRESENT,-0.00898001311270491,3457,23.30226364846871,21,0,0,21,0.0,-0.008980013113159657,-0.008980013113387031,-0.008980013113387031,-0.008980013113159657,-4.547473508864641e-13,19,False,,3468
cand_5e1e1f05a295c98b5493,mcv,PRESENT,-0.009082124837732408,3458,23.280071016422546,34,0,0,34,0.0,-0.009082124837732408,-1.8835357836308049,-0.014736829517232763,-0.014736829517232763,0.0,3,False,,3469
cand_d125aa483b7d7c279ac2,mcv,PRESENT,-0.009095807633457298,3459,23.257878384376387,20,20,0,0,1.0,0.005609683742250127,0.005609683742250127,0.005609683742250127,0.005609683742250127,0.014705491375707425,19,False,,3470
cand_3a7c51b7279705eafe9c,mcv,PRESENT,-0.00910036636832956,3460,23.235685752330227,31,0,0,31,0.0,-0.00995981776827648,-0.03107108982135287,-0.009959817768503854,-0.009959817768390167,-0.00085945139994692,19,False,,3471
cand_c26a15d10ce7e470d33a,fd,PRESENT,-0.009236781978870567,3462,23.191300488237903,30,29,0,1,0.9666666666666667,0.00010901241330429912,0.00010901241330429912,0.00010901241330429912,0.00010901241330429912,0.009345794392174867,8,False,,3400
cand_f220626e05eb94c6b6f1,mcv,PRESENT,-0.009367264595312008,3463,23.169107856191744,2,0,0,2,0.0,-0.009194066225290953,-0.009194066225290953,-0.009194066225290953,-0.009194066225290953,0.00017319837002105487,35,False,,3473
cand_0ead5594d16644a4b683,mcv,PRESENT,-0.00940703150263289,3464,23.146915224145584,16,0,0,16,0.0,-0.009407031502860264,-0.8289245360059567,-0.009407031503087637,-0.009407031503030794,-2.2737367544323206e-13,19,False,,3474
cand_803ed13053702737eb9f,mcv,PRESENT,-0.009444695333513664,3466,23.102529960053264,10,0,0,10,0.0,-0.009444695333513664,-0.009444695333513664,-0.009444695333513664,-0.009444695333513664,0.0,27,False,,3476
cand_2c3b8143392125ef4985,mcv,PRESENT,-0.009461263415687426,3467,23.0803373280071,36,0,0,36,0.0,-0.008292743983474793,-0.008629537874071502,-0.008629537873957815,-0.00854533940133706,0.0011685194322126335,35,False,,3477
cand_8c158828f8631213fc06,mcv,PRESENT,-0.009682369331130758,3468,23.05814469596094,8,0,0,8,0.0,-0.009694743654563354,-0.009694743654563354,-0.009694743654563354,-0.009694743654563354,-1.2374323432595702e-05,30,False,,3478
cand_5fcdca43a6d87a219798,mcv,PRESENT,-0.009683555247647746,3469,23.03595206391478,24,0,0,24,0.0,-0.009683555248102493,-0.009683555248102493,-0.009683555248102493,-0.009683555248102493,-4.547473508864641e-13,13,False,,3479
cand_ff6c9ae1fffa20fa870a,mcv,PRESENT,-0.009909684918056882,3470,23.01375943186862,35,0,0,35,0.0,-0.00990968491851163,-0.03379711804814178,-0.00990968491851163,-0.00990968491851163,-4.547473508864641e-13,3,False,,3481
cand_06abc6b8b9a5b1f3dc6d,mcv,PRESENT,-0.009984555794289918,3471,22.991566799822458,24,0,0,24,0.0,-0.009984555794972039,-0.009984555794972039,-0.009984555794972039,-0.009984555794972039,-6.821210263296962e-13,13,False,,3483
cand_dda3aa0a5246a16e12bc,mcv,PRESENT,-0.01000311162442813,3472,22.969374167776298,8,0,0,8,0.0,-0.010003111624200756,-0.010003111624200756,-0.010003111624200756,-0.010003111624200756,2.2737367544323206e-13,30,False,,3484
cand_22b7791e58d76f438e89,mcv,PRESENT,-0.010039435549515474,3473,22.947181535730138,9,0,0,9,0.0,-0.010039435550197595,-0.010039435550197595,-0.010039435550197595,-0.010039435550197595,-6.821210263296962e-13,28,False,,3485
cand_a5e385356c1a166c98d5,mcv,PRESENT,-0.010137284778465983,3474,22.92498890368398,28,0,0,28,0.0,-0.010137284778238609,-0.010137284778465983,-0.010137284778238609,-0.010137284778238609,2.2737367544323206e-13,10,False,,3486
cand_96f103414fcaad39aa61,fd,PRESENT,-0.010411105178718572,3475,22.902796271637815,14,0,0,14,0.0,-0.01094500800854803,-0.01094500800854803,-0.01094500800854803,-0.01094500800854803,-0.0005339028298294579,23,False,,3412
cand_c9c147b45550fe88212c,mcv,PRESENT,-0.010520837601688982,3476,22.880603639591655,10,0,0,10,0.0,-0.010520837601688982,-0.010520837601688982,-0.010520837601688982,-0.010520837601688982,0.0,27,False,,3489
cand_6f6662f703d8306f7862,mcv,PRESENT,-0.010733832230471307,3477,22.858411007545495,11,0,0,11,0.0,-0.008032739895725172,-0.010733832230926055,-0.008032739895725172,-0.008032739895725172,0.0027010923347461357,35,False,,3490
cand_970949f3e3d3b8386eef,mcv,PRESENT,-0.010769034315671888,3478,22.836218375499335,20,0,0,20,0.0,-0.002007421542884913,-0.0022493912470054056,-0.0020074215431122866,-0.002007421543100918,0.008761612772786975,19,False,,3491
cand_4ac3cabdf5d97f02b854,mcv,PRESENT,-0.010895856510614976,3479,22.814025743453172,20,16,0,4,0.8,0.056038713698853826,0.056038713698853826,0.056038713698853826,0.056038713698853826,0.0669345702094688,21,False,,3492
cand_6d56f1861b627abc1ca2,mcv,PRESENT,-0.010942581828203402,3480,22.791833111407012,24,0,0,24,0.0,-0.010341933015752147,-0.010642257422205148,-0.01034193301597952,-0.01034193301597952,0.0006006488124512543,26,False,,3493
cand_30ddaa39d028ad1d31b5,mcv,PRESENT,-0.011037986776500475,3481,22.769640479360852,33,0,0,33,0.0,-0.008452555220173963,-0.011037986776955222,-0.011037986776955222,-0.011037986776955222,0.0025854315563265118,36,False,,3494
cand_4a61d154ddd8dc7aa470,mcv,PRESENT,-0.011140819963657123,3482,22.747447847314692,3,3,0,0,1.0,0.009370447096443968,0.009370447096443968,0.009370447096443968,0.009370447096443968,0.02051126706010109,34,False,,3495
cand_885e68f263240261da14,mcv,PRESENT,-0.011164458372149966,3483,22.725255215268533,31,0,0,31,0.0,-0.010795059908559779,-0.011753803220926784,-0.010795059908559779,-0.010795059908559779,0.000369398463590187,30,False,,3499
cand_bfd1329fc16d3b12bcf7,mcv,PRESENT,-0.01126967103300558,3484,22.70306258322237,6,0,0,6,0.0,-0.011269671032778206,-0.011269671032891893,-0.011269671032778206,-0.011269671032778206,2.2737367544323206e-13,27,False,,3500
cand_e7060ba86063f5f1c49f,mcv,PRESENT,-0.011771768543439975,3486,22.65867731913005,20,17,0,3,0.85,0.08548057204734505,0.08548057204734505,0.08548057204734505,0.08548057204734505,0.09725234059078502,20,False,,3505
cand_7a92f6ddcfb4f5c830bc,mcv,PRESENT,-0.011855422188091325,3487,22.63648468708389,29,19,0,10,0.6551724137931034,0.001978941705829129,0.001978941705829129,0.001978941705829129,0.001978941705829129,0.013834363893920454,18,False,,3506
cand_225675542db254bac8f2,mcv,PRESENT,-0.011867260721373896,3488,22.614292055037726,30,23,0,7,0.7666666666666667,0.018954657086624138,0.018954657086624138,0.018954657086624138,0.018954657086624138,0.030821917807998034,14,False,,3507
cand_7baede4895ad91a137bf,mcv,PRESENT,-0.01190655945083563,3489,22.592099422991566,6,0,0,6,0.0,-0.01168607009230982,-0.011686070092537193,-0.01168607009230982,-0.01168607009230982,0.00022048935852581053,33,False,,3508
cand_94696084e527af0badcf,mcv,PRESENT,-0.011969690895966778,3490,22.569906790945407,29,0,0,29,0.0,-0.036869040873625636,-0.046948985490871564,-0.03686904087385301,-0.03686904087385301,-0.024899349977658858,26,False,,3509
cand_368c52c74fa123bdb8cc,fd,PRESENT,-0.012154126474342775,3491,22.547714158899247,22,0,0,22,0.0,-0.00390360589312877,-0.00390360589312877,-0.00390360589312877,-0.00390360589312877,0.008250520581214005,16,False,,3426
cand_0aa8b68894021f799204,fd,PRESENT,-0.01225545251963922,3492,22.525521526853083,29,28,0,1,0.9655172413793104,0.003598922112814762,0.0035989221125873883,0.003598922112814762,0.003598922112814762,0.015854374632453982,9,False,,3430
cand_d86f2ed603b2abe76fb3,mcv,PRESENT,-0.012326201105679502,3493,22.503328894806923,28,0,0,28,0.0,-0.010283641005116806,-0.010550592420031535,-0.010283641005275967,-0.010283641005116806,0.002042560100562696,13,False,,3510
cand_fb8f1ec29dee895e59aa,mcv,PRESENT,-0.012521466569523909,3494,22.481136262760764,27,0,0,27,0.0,-0.012521466569296535,-0.1375214665695239,-0.012521466569296535,-0.012521466569296535,2.2737367544323206e-13,10,False,,3511
cand_ccfaa6f7cbc725f0c539,mcv,PRESENT,-0.0126122547653722,3495,22.458943630714604,10,0,0,10,0.0,-0.006689235779276714,-0.006689235779504088,-0.006689235779276714,-0.006689235779276714,0.005923018986095485,28,False,,3512
cand_d46e4c86593fca5a13d1,mcv,PRESENT,-0.012644946142245317,3496,22.43675099866844,24,0,16,8,0.0,0.0,0.0,0.0,0.0,0.012644946142245317,21,False,,3513
cand_9fb98971ffca12c00d15,mcv,PRESENT,-0.012680029381044733,3497,22.41455836662228,6,0,0,6,0.0,-0.012680029381726854,-0.012680029381726854,-0.012680029381726854,-0.012680029381726854,-6.821210263296962e-13,31,False,,3514
cand_25a38770e8f8aebf3052,mcv,PRESENT,-0.013031407309426868,3498,22.39236573457612,29,0,0,29,0.0,-0.012879004157639429,-0.03977742711049359,-0.012879004157639429,-0.012879004157639429,0.00015240315178743913,8,False,,3515
cand_4adc418fe49a1124df0e,mcv,PRESENT,-0.0130660304103003,3499,22.37017310252996,29,0,0,29,0.0,-0.009125749966187868,-0.009125749966415242,-0.009125749966187868,-0.009125749966187868,0.003940280444112432,22,False,,3516
cand_17cfc9648a7301d356cc,fd,PRESENT,-0.013137107107468182,3500,22.3479804704838,28,0,0,28,0.0,-0.01313710710792293,-0.013137107108150303,-0.01313710710792293,-0.01313710710792293,-4.547473508864641e-13,10,False,,3434
cand_525b5d06efc03524638f,fd,PRESENT,-0.013222919864347205,3501,22.325787838437638,9,8,0,1,0.8888888888888888,0.0010766171344585018,0.0010766171342311281,0.0010766171342766028,0.0010766171343675524,0.014299536998805706,35,False,,3436
cand_7793a44d79cb76855977,mcv,PRESENT,-0.01336885831278778,3504,22.259209942299158,25,0,0,25,0.0,-0.013368858313015153,-0.013479324786658253,-0.013368858313106103,-0.013368858313015153,-2.2737367544323206e-13,8,False,,3519
cand_a0cf3800959164dcba04,mcv,PRESENT,-0.013548131048992218,3505,22.237017310252995,23,0,0,23,0.0,-0.013548131049219592,-0.013548131049446965,-0.013548131049446965,-0.013548131049242329,-2.2737367544323206e-13,19,False,,3520
cand_8b85efa2bce88ce383b9,mcv,PRESENT,-0.013877108181077347,3506,22.214824678206835,36,0,0,36,0.0,-0.0021693456246794085,-0.0021693456246794085,-0.0021693456246794085,-0.0021693456246794085,0.011707762556397938,14,False,,3521
cand_1041d3deaccc98265be7,mcv,PRESENT,-0.014116506011305319,3509,22.14824678206835,24,0,0,24,0.0,-0.014116506011305319,-0.014116506011532692,-0.014116506011305319,-0.014116506011305319,0.0,13,False,,3524
cand_012cc783469d6df33508,mcv,PRESENT,-0.014207329446435324,3510,22.126054150022192,17,0,0,17,0.0,-0.014207329447117445,-0.014207329447117445,-0.014207329447117445,-0.014207329447117445,-6.821210263296962e-13,20,False,,3525
cand_1820a1135080b33cb266,mcv,PRESENT,-0.014317905661300756,3512,22.081668885929872,33,0,0,33,0.0,-0.014317905661300756,-7.925513337931079,-0.01431790566152813,-0.01431790566152813,0.0,10,False,,3527
cand_c2ae67b58c29a752b674,fd,PRESENT,-0.014674556463432964,3513,22.059476253883712,28,16,0,12,0.5714285714285714,0.07915686472028938,0.07678277620061635,0.07915686472028938,0.07915686472028938,0.09383142118372234,21,False,,3450
cand_57868240a7e39116f3da,mcv,PRESENT,-0.014708999845424842,3514,22.03728362183755,29,27,0,2,0.9310344827586207,0.001732573847675667,0.0017325738474482932,0.001732573847675667,0.001732573847675667,0.01644157369310051,10,False,,3529
cand_554308267fa197c9e029,mcv,PRESENT,-0.01487289795477409,3515,22.01509098979139,28,0,0,28,0.0,-0.014872897955001463,-0.014872897955228837,-0.014872897955001463,-0.014872897955001463,-2.2737367544323206e-13,10,False,,3530
cand_065914d045d6a083611f,fd,PRESENT,-0.015057040634928853,3518,21.948513093652906,28,0,0,28,0.0,-0.0150570406353836,-0.0150570406353836,-0.0150570406353836,-0.0150570406353836,-4.547473508864641e-13,9,False,,3453
cand_392ce363c59c0e2a8afd,mcv,PRESENT,-0.015225934059344581,3519,21.926320461606746,10,0,0,10,0.0,-0.015225934059344581,-0.015225934059344581,-0.015225934059344581,-0.015225934059344581,0.0,27,False,,3532
cand_f356918865c0928f5b84,fd,PRESENT,-0.015377929656096967,3522,21.859742565468263,28,20,0,8,0.7142857142857143,0.036684527673742195,0.03668452767351482,0.036684527673742195,0.036684527673742195,0.05206245732983916,19,False,,3456
cand_40d878165710e8320a13,mcv,PRESENT,-0.015457979332495597,3524,21.815357301375943,24,0,0,24,0.0,-0.011984481586750917,-0.015457979332495597,-0.011984481586750917,-0.011984481586750917,0.0034734977457446803,31,False,,3536
cand_4dab7672e32d20cacbb7,mcv,PRESENT,-0.015660725795896724,3525,21.793164669329784,17,0,0,17,0.0,-0.008528427841156372,-0.008528427841156372,-0.008528427841156372,-0.008528427841156372,0.007132297954740352,20,False,,3538
cand_4948d0e2f82cb0200a2a,mcv,PRESENT,-0.01571751097071683,3526,21.77097203728362,21,0,0,21,0.0,-0.01571751097071683,-0.015717510970944204,-0.015717510970944204,-0.01571751097071683,0.0,19,False,,3539
cand_0c0afa6bf0694611ce88,mcv,PRESENT,-0.01578420269470371,3527,21.74877940523746,25,25,0,0,1.0,0.7155265153726305,0.00010940820698124298,0.7155265153726305,0.7155265153726305,0.7313107180673342,13,False,,3540
cand_c0c966c5599a4bbdda1b,mcv,PRESENT,-0.015904350566415815,3529,21.70439414114514,27,0,0,27,0.0,-0.015904350567097936,-0.01590435056732531,-0.015904350567097936,-0.015904350567097936,-6.821210263296962e-13,10,False,,3542
cand_2fd52275f18ce441780a,mcv,PRESENT,-0.015945172306601307,3531,21.660008877052817,4,0,0,4,0.0,-0.0032930140434928035,-0.0032930140436064903,-0.0032930140434928035,-0.0032930140434928035,0.012652158263108504,33,False,,3544
cand_b2dab8753f648b0a3b8e,mcv,PRESENT,-0.015995921438843652,3532,21.637816245006658,28,0,0,28,0.0,-0.015995921438843652,-1.2287698691607147,-0.015995921438843652,-0.015995921438843652,0.0,9,False,,3545
cand_bd84ac5431df6463bd49,mcv,PRESENT,-0.016157736852619564,3533,21.615623612960498,29,0,0,29,0.0,-0.01615773685307431,-0.016157736853301685,-0.01615773685307431,-0.01615773685307431,-4.547473508864641e-13,8,False,,3546
cand_49511fa8b76698908b58,mcv,PRESENT,-0.016406173322138784,3534,21.593430980914338,36,0,0,36,0.0,-0.01640617332191141,-0.016406173322025097,-0.01640617332191141,-0.01640617332191141,2.2737367544323206e-13,6,False,,3547
cand_34de5a53d9810c8d2d0f,mcv,PRESENT,-0.01658241700988583,3535,21.571238348868174,29,0,0,29,0.0,-0.009439086046540979,-0.009439086046768352,-0.009439086046540979,-0.009439086046540979,0.007143330963344852,23,False,,3548
cand_c32cd3408b401eeffb9e,mcv,PRESENT,-0.016683279952303565,3537,21.526853084775855,36,0,0,36,0.0,-0.016683279952303565,-0.01668327995253094,-0.016683279952303565,-0.016683279952303565,0.0,1,False,,3550
cand_c21398c9021c65679f3a,mcv,PRESENT,-0.016960261293206713,3540,21.46027518863737,20,0,0,20,0.0,-0.016960261293206713,-0.016960261293434087,-0.016960261293411348,-0.016960261293206713,0.0,19,False,,3554
cand_998c7f43630265659dfd,mcv,PRESENT,-0.016962460040303995,3541,21.438082556591212,9,6,0,3,0.6666666666666666,0.02182102328856672,0.021821023288339347,0.02182102328856672,0.02182102328856672,0.038783483328870716,32,False,,3555
cand_05d016bfdaa03aaedb97,mcv,PRESENT,-0.01697087838056177,3542,21.415889924545052,29,2,0,27,0.06896551724137931,1.1802011531553944,-23.519740126938586,-23.519740126938586,-8.69977535888225,1.1971720315359562,6,False,,3556
cand_32fc8c14a6e755159f3b,fd,PRESENT,-0.01708489054999518,3543,21.39369729249889,22,0,0,22,0.0,-0.01708489054999518,-0.018152696209199348,-0.017618793379597264,-0.017618793379597264,0.0,15,False,,3467
cand_9e90fc2ff5f066bdd178,mcv,PRESENT,-0.017377778143782052,3545,21.34931202840657,17,0,0,17,0.0,-0.0173777781442368,-0.0173777781442368,-0.0173777781442368,-0.0173777781442368,-4.547473508864641e-13,20,False,,3559
cand_57e22f13ded0a7e3383f,mcv,PRESENT,-0.017509256887024094,3546,21.32711939636041,28,0,0,28,0.0,-0.012188094024622842,-0.015713327688445133,-0.012188094024622842,-0.012188094024622842,0.005321162862401252,26,False,,3560
cand_dcaae4aba903ef76206b,mcv,PRESENT,-0.017831073952038423,3548,21.282734132268086,24,0,0,24,0.0,-0.017831073952038423,-0.017831073952038423,-0.017831073952038423,-0.017831073952038423,0.0,13,False,,3562
cand_b66b78bc610bc411e9f4,mcv,PRESENT,-0.017924948221661907,3549,21.260541500221926,10,0,0,10,0.0,-0.017924948222344028,-0.017924948222344028,-0.017924948222344028,-0.017924948222344028,-6.821210263296962e-13,27,False,,3564
cand_8b2560187d42c4bbbe8d,mcv,PRESENT,-0.01804042873391154,3550,21.238348868175766,24,0,0,24,0.0,-0.01731714057791578,-8.053420309538524,-2.391189638218367,-0.018051237663030406,0.0007232881559957605,10,False,,3565
cand_ac5f9af51bc42e698c3c,mcv,PRESENT,-0.018205999407655327,3551,21.216156236129606,23,0,0,23,0.0,-0.018205999407655327,-0.018205999408110074,-0.018205999408110074,-0.018205999408110074,0.0,1,False,,3566
cand_722d7fbb536cf10c2b49,mcv,PRESENT,-0.01832980604194745,3552,21.193963604083443,24,0,0,24,0.0,-0.01832980604194745,-0.01832980604194745,-0.01832980604194745,-0.01832980604194745,0.0,13,False,,3567
cand_26798a77d5923295c026,fd,PRESENT,-0.018735288203060918,3554,21.149578339991123,30,0,0,30,0.0,-3.204623976671428e-05,-3.204623976671428e-05,-3.204623976671428e-05,-3.204623976671428e-05,0.018703241963294204,8,False,,3480
cand_3fad430dff45411b8c69,mcv,PRESENT,-0.018817465484062268,3555,21.127385707944963,36,0,0,36,0.0,-0.018817465484062268,-0.018817465484517015,-0.01881746548440333,-0.01881746548428964,0.0,1,False,,3569
cand_a23124f8148effd44ef0,mcv,PRESENT,-0.018819148029251664,3556,21.1051930758988,24,2,0,22,0.08333333333333333,0.006040644878339663,-0.04164002418860946,-0.01518934015416562,0.002856147123270557,0.024859792907591327,35,False,,3570
cand_37115bc37ecb6fc684cb,fd,PRESENT,-0.01907617956476315,3557,21.08300044385264,18,0,0,18,0.0,-0.018776133676055906,-0.018776133676055906,-0.018776133676055906,-0.018776133676055906,0.00030004588870724547,19,False,,3482
cand_fc8946ba380b7f5360b0,mcv,PRESENT,-0.019161841853019723,3559,21.03861517976032,6,0,0,6,0.0,-0.019161841853247097,-0.019161841853247097,-0.019161841853247097,-0.019161841853247097,-2.2737367544323206e-13,31,False,,3572
cand_665bf67e692265314e1c,mcv,PRESENT,-0.019284694350062637,3560,21.01642254771416,18,0,0,18,0.0,-0.01125909499160116,-0.011259094991828533,-0.01125909499176032,-0.01125909499160116,0.008025599358461477,19,False,,3573
cand_11b6c23bdd8f6d43949a,mcv,PRESENT,-0.019335162170136755,3561,20.994229915667997,27,0,0,27,0.0,-0.015645979900682505,-0.019219465520563972,-0.015645979900682505,-0.015645979900682505,0.0036891822694542498,33,False,,3574
cand_21b7e7a03e03711a527d,mcv,PRESENT,-0.019525606419847463,3563,20.949844651575678,24,8,0,16,0.3333333333333333,0.04326973587080829,-0.019494113190603457,0.04326973587080829,0.04326973587080829,0.06279534229065575,33,False,,3576
cand_67f8124a409a40ed168c,mcv,PRESENT,-0.019583486442570575,3564,20.927652019529518,29,0,0,29,0.0,-0.0013946601559382543,-0.0013946601559382543,-0.0013946601559382543,-0.0013946601559382543,0.01818882628663232,15,False,,3577
cand_c6b8a05a0b8b29361e9c,mcv,PRESENT,-0.019654392834127066,3565,20.905459387483354,24,0,0,24,0.0,-0.01965439283435444,-0.020055875519346955,-0.019774837639783983,-0.01965439283435444,-2.2737367544323206e-13,13,False,,3578
cand_8cc4a082fbef26b12a5b,fd,PRESENT,-0.019794944913883228,3566,20.883266755437194,25,24,0,1,0.96,0.00016070918832156167,0.000160709188094188,0.00016070918832156167,0.00016070918832156167,0.01995565410220479,13,False,,3487
cand_0bbe220c592efd25dc0d,mcv,PRESENT,-0.01989301257799525,3567,20.861074123391035,24,0,0,24,0.0,-0.014803941734044201,-0.014803941734044201,-0.014803941734044201,-0.014803941734044201,0.005089070843951049,14,False,,3579
cand_f4b44e839b4780c4e0b3,fd,PRESENT,-0.019942067736337776,3568,20.838881491344875,28,0,16,12,0.0,0.0,0.0,0.0,0.0,0.019942067736337776,21,False,,3488
cand_236213061d6df3e8f553,mcv,PRESENT,-0.020274374011933105,3569,20.81668885929871,23,0,0,23,0.0,-0.02028235497868991,-0.02028235497868991,-0.02028235497868991,-0.02028235497868991,-7.980966756804264e-06,14,False,,3580
cand_34d449598d4834b0f6a0,mcv,PRESENT,-0.02029050566670776,3570,20.79449622725255,6,0,0,6,0.0,-0.02029050566738988,-0.02029050566738988,-0.02029050566738988,-0.02029050566738988,-6.821210263296962e-13,31,False,,3581
cand_47c4eeda311c4223bdb8,mcv,PRESENT,-0.02029197882711742,3571,20.77230359520639,34,0,0,34,0.0,-0.013905821994967482,-0.019249681741712266,-0.013905821995194856,-0.013905821994967482,0.006386156832149936,32,False,,3582
cand_bcedbf6e34437123c213,mcv,PRESENT,-0.02035471174167469,3572,20.750110963160232,29,14,0,15,0.4827586206896552,0.03503303032675831,-0.002582843137815871,0.03503303032675831,0.03503303032675831,0.055387742068433,20,False,,3584
cand_e31986de1bec2733eeae,mcv,PRESENT,-0.020354965707156225,3573,20.72791833111407,27,0,0,27,0.0,-0.013018806593890986,-0.013018806593890986,-0.013018806593890986,-0.013018806593890986,0.007336159113265239,10,False,,3585
cand_770e7fc734860af1c665,mcv,PRESENT,-0.020503485151493805,3574,20.70572569906791,28,0,0,28,0.0,-0.007079120966864139,-0.007079120966864139,-0.007079120966864139,-0.007079120966864139,0.013424364184629667,16,False,,3586
cand_73b6a838953fbb191f5c,mcv,PRESENT,-0.020662112875470484,3575,20.68353306702175,24,0,0,24,0.0,-0.02621673261705837,-0.02621673261705837,-0.02621673261705837,-0.02621673261705837,-0.005554619741587885,13,False,,3587
cand_b06c246124f228412a11,mcv,PRESENT,-0.021025263197770983,3576,20.66134043497559,2,0,0,2,0.0,-0.021025263197770983,-0.02102526319788467,-0.02102526319779372,-0.021025263197782352,0.0,35,False,,3589
cand_f262c254004e6a94ed3f,mcv,PRESENT,-0.02114832675397338,3579,20.594762538837106,29,0,0,29,0.0,-0.0211483267546555,-0.03097372671913945,-0.0211483267546555,-0.0211483267546555,-6.821210263296962e-13,8,False,,3592
cand_ae865a2732f581e7854b,mcv,PRESENT,-0.021159513656130002,3580,20.572569906790946,2,2,0,0,1.0,0.022294242036423384,0.022294242036423384,0.022294242036423384,0.022294242036423384,0.043453755692553386,35,False,,3593
cand_9ce1dec9e5f25776d7e2,mcv,PRESENT,-0.021174778619752033,3581,20.550377274744786,23,0,0,23,0.0,-0.021174778619979406,-0.02961411523733659,-0.021174778619979406,-0.021174778619979406,-2.2737367544323206e-13,14,False,,3594
cand_3ac0b1b30746cb794a80,fd,PRESENT,-0.021339294787139806,3582,20.528184642698623,18,0,0,18,0.0,-0.021339294787139806,-0.021339294787139806,-0.021339294787139806,-0.021339294787139806,0.0,19,False,,3496
cand_82f7ef9654a7489e4da4,mcv,PRESENT,-0.02165340268129512,3585,20.461606746560143,28,0,0,28,0.0,-0.01961148607369978,-0.02168439053343718,-0.01961148607369978,-0.01961148607369978,0.00204191660759534,24,False,,3595
cand_6f5501f646ce68ec1300,mcv,PRESENT,-0.02167237642879627,3586,20.43941411451398,36,0,0,36,0.0,-0.02167237642879627,-0.021672376429023643,-0.021672376429023643,-0.0216723764289668,0.0,1,False,,3596
cand_ff275899507b2b1be533,fd,PRESENT,-0.021770364945041365,3588,20.39502885042166,4,4,0,0,1.0,0.005660269873715151,0.005660269873715151,0.005660269873715151,0.005660269873715151,0.027430634818756516,33,False,,3501
cand_24b9bd4697939b39a57a,mcv,PRESENT,-0.022094577419920824,3590,20.350643586329337,23,0,0,23,0.0,-0.022094577420148198,-0.022094577420375572,-0.022094577420375572,-0.022094577420170937,-2.2737367544323206e-13,19,False,,3599
cand_eabd062d4a2870f95c0f,fd,PRESENT,-0.0221241681401807,3591,20.328450954283177,31,0,9,22,0.0,0.0,-0.022124168140635447,0.0,0.0,0.0221241681401807,28,False,,3503
cand_ad8bed644cb6ac0305cc,mcv,PRESENT,-0.02213116458733566,3592,20.306258322237017,24,0,0,24,0.0,-0.02213116458733566,-0.022131164587563035,-0.022131164587403874,-0.02213116458733566,0.0,13,False,,3600
cand_196a316aa7d315ad74f9,fd,PRESENT,-0.022222222221898846,3593,20.284065690190857,1,0,0,1,0.0,-0.022222222222353594,-0.022222222222353594,-0.022222222222353594,-0.022222222222353594,-4.547473508864641e-13,2,False,,3504
cand_e84edf67c9d4452edb94,mcv,PRESENT,-0.022415981456106238,3594,20.261873058144698,23,0,0,23,0.0,-0.022415981455878864,-0.022415981456106238,-0.022415981455878864,-0.022415981455878864,2.2737367544323206e-13,19,False,,3601
cand_bb4b750395484b295570,mcv,PRESENT,-0.02246355777424469,3595,20.239680426098534,36,0,0,36,0.0,-0.02246355777424469,-0.02569057616938153,-0.02246355777469944,-0.02246355777469944,0.0,1,False,,3602
cand_123cf60c8407a98e6528,mcv,PRESENT,-0.022984450031799497,3597,20.195295162006214,29,0,0,29,0.0,-0.007002714872442084,-0.007002714872669458,-0.007002714872442084,-0.007002714872442084,0.015981735159357413,19,False,,3604
cand_614d3c5bd88e0ae73e3a,mcv,PRESENT,-0.02298575947406789,3598,20.173102529960055,24,0,0,24,0.0,-0.02298575947475001,-0.02298575947475001,-0.02298575947475001,-0.02298575947475001,-6.821210263296962e-13,13,False,,3605
cand_512ef712d4efc0c55e5f,mcv,PRESENT,-0.023467737661121646,3600,20.12871726586773,23,0,0,23,0.0,-0.02346773766134902,-0.02346773766134902,-0.02346773766134902,-0.02346773766134902,-2.2737367544323206e-13,14,False,,3607
cand_b0cacf3a62297f60906a,mcv,PRESENT,-0.023509346316131996,3601,20.10652463382157,19,0,0,19,0.0,-0.02879092888338164,-0.02879092888338164,-0.02879092888338164,-0.02879092888338164,-0.005281582567249643,23,False,,3608
cand_ca2551f950eafa4ae387,mcv,PRESENT,-0.023978173673640413,3603,20.06213936972925,23,0,0,23,0.0,-0.023815583056602918,-0.023882030412778477,-0.023815583056830292,-0.023815583056830292,0.00016259061703749467,19,False,,3611
cand_c6360bab7b0990dc3ed3,mcv,PRESENT,-0.024100626445942908,3604,20.03994673768309,24,0,0,24,0.0,-0.016987448339250477,-0.02443830761899335,-0.016987448339250477,-0.016987448339250477,0.0071131781066924304,28,False,,3612
cand_0b15d615b2d0d968b729,mcv,PRESENT,-0.024195145701014553,3605,20.01775410563693,24,0,0,24,0.0,-0.024195145701014553,-0.024195145701241927,-0.024195145701014553,-0.024195145701014553,0.0,13,False,,3613
cand_f802259c62d2a1177c9c,mcv,PRESENT,-0.024278107032841945,3606,19.99556147359077,29,0,0,29,0.0,-0.02369041313681919,-2.774035464691906,-0.02369041313681919,-0.02369041313681919,0.0005876938960227562,8,False,,3614
cand_c06acadba512e6660ff2,mcv,PRESENT,-0.02433700562960439,3607,19.97336884154461,28,0,0,28,0.0,-0.02433700562960439,-0.025889539858326316,-0.02433700562960439,-0.02433700562960439,0.0,9,False,,3615
cand_b441021918aa333ad8e2,mcv,PRESENT,-0.02434565223120444,3608,19.951176209498446,29,0,0,29,0.0,-0.020141387422427215,-0.023614885168171895,-0.020141387422427215,-0.020141387422427215,0.004204264808777225,31,False,,3616
cand_eedde1a2f3699909691c,mcv,PRESENT,-0.024527543144358788,3609,19.928983577452286,36,0,0,36,0.0,-0.024527543144358788,-0.02505039434004175,-0.02452754314504091,-0.024527543144984065,0.0,1,False,,3617
cand_3afcb31116fcc6f9ad08,mcv,PRESENT,-0.024623819866064878,3610,19.906790945406126,35,0,0,35,0.0,-0.01764915432545422,-0.024620305894359262,-0.01764915432545422,-0.01764915432545422,0.006974665540610658,23,False,,3618
cand_f63ebec65b2ae98841c6,mcv,PRESENT,-0.02471745133971126,3611,19.884598313359966,28,12,0,16,0.42857142857142855,0.28570847951459655,-0.024717451340166008,0.2857084795143692,0.2857084795143692,0.3104259308543078,26,False,,3620
cand_d6bbf7f0c3befce4a5db,mcv,PRESENT,-0.024832042999150872,3612,19.862405681313803,24,0,0,24,0.0,-0.5006774111291179,-0.5070413570399523,-0.5006774111291179,-0.5006774111291179,-0.47584536812996703,28,False,,3621
cand_972ead56925a76e8a80c,mcv,PRESENT,-0.02487907101658493,3613,19.840213049267643,29,0,0,29,0.0,-0.02487907101658493,-0.02487907101658493,-0.02487907101658493,-0.02487907101658493,0.0,8,False,,3622
cand_0b7f794896974a6e8787,mcv,PRESENT,-0.0251243963084562,3614,19.818020417221483,36,23,0,13,0.6388888888888888,0.022278930912762007,0.01596680394914074,0.022278930912762007,0.022278930912762007,0.047403327221218206,19,False,,3623
cand_c83046b2aa3cbcd001af,mcv,PRESENT,-0.025334342933092557,3615,19.795827785175323,15,8,0,7,0.5333333333333333,0.025653006928223476,0.025653006927996103,0.025653006928223476,0.025653006928223476,0.050987349861316034,25,False,,3624
cand_b8812cb47a740d31c341,mcv,PRESENT,-0.02542149261898885,3616,19.77363515312916,29,0,0,29,0.0,-0.02542149261898885,-0.2894986259645975,-0.02542149261898885,-0.02542149261898885,0.0,8,False,,3625
cand_4684c1f1afffd08c4027,mcv,PRESENT,-0.025539486950037826,3617,19.751442521083,15,0,0,15,0.0,-0.007041383635169041,-0.1379334262098837,-0.008511226514019655,-0.007041383635169041,0.018498103314868786,27,False,,3626
cand_43f645ca00b443847c99,mcv,PRESENT,-0.025580446356798348,3618,19.72924988903684,28,11,0,17,0.39285714285714285,0.023989441006051493,-0.025580446356798348,0.02398944100582412,0.02398944100582412,0.04956988736284984,26,False,,3627
cand_c03e4d3061334ede7850,mcv,PRESENT,-0.025778862077459053,3619,19.70705725699068,23,0,0,23,0.0,-0.025778862077459053,-0.025778862077686426,-0.025778862077459053,-0.025778862077459053,0.0,19,False,,3628
cand_130d032aa6a74711c389,mcv,PRESENT,-0.026142520683606563,3621,19.662671992898357,24,0,0,24,0.0,-0.026142520683833936,-0.026142520683833936,-0.026142520683833936,-0.026142520683833936,-2.2737367544323206e-13,13,False,,3630
cand_feb4edf69d9752cd0c47,mcv,PRESENT,-0.026803793141880305,3622,19.640479360852197,29,0,0,29,0.0,-0.026580976743161955,-0.02658097674338933,-0.026580976743161955,-0.026580976743161955,0.00022281639871835068,8,False,,3633
cand_fcb6e81bf492a7f706a5,mcv,PRESENT,-0.0268093830509315,3623,19.618286728806037,28,0,0,28,0.0,-0.026809383051158875,-0.026809383051158875,-0.026809383051158875,-0.026809383051158875,-2.2737367544323206e-13,9,False,,3634
cand_f618255cd820485316ed,mcv,PRESENT,-0.026885295006650267,3624,19.596094096759877,29,0,0,29,0.0,-0.023580613167951014,-1.1920719076313162,-0.023580613168178388,-0.023580613168041963,0.0033046818386992527,19,False,,3635
cand_ee11a9b2683e69e7f94b,mcv,PRESENT,-0.02740403363623045,3626,19.551708832667554,36,0,0,36,0.0,-0.02740403363623045,-0.0274040336366852,-0.0274040336366852,-0.0274040336366852,0.0,1,False,,3637
cand_98a8fa445c318d735838,fd,PRESENT,-0.027417933379183523,3627,19.529516200621394,20,0,20,0,0.0,0.0,0.0,0.0,0.0,0.027417933379183523,17,False,,3528
cand_1e3f4265d9065e4edf3d,mcv,PRESENT,-0.02766461980445456,3629,19.48513093652907,29,0,0,29,0.0,-0.6769163753654084,-0.6769163753654084,-0.6769163753654084,-0.6769163753654084,-0.6492517555609538,19,False,,3639
cand_819340a41abc548a9aff,mcv,PRESENT,-0.02768402692890959,3630,19.46293830448291,29,0,0,29,0.0,-0.016454446224770436,-0.01645444622499781,-0.016454446224770436,-0.016454446224770436,0.011229580704139153,19,False,,3640
cand_2b438be124d64b10a420,mcv,PRESENT,-0.02768757180092507,3631,19.44074567243675,29,0,0,29,0.0,-0.027687571801379818,-6.810655941871346,-0.027687571801379818,-0.027687571801379818,-4.547473508864641e-13,8,False,,3641
cand_4e2ffa626452a33ec2ee,mcv,PRESENT,-0.027710226722774678,3632,19.41855304039059,32,0,0,32,0.0,-0.02380090621340969,-0.032416932268461096,-0.02380090621340969,-0.02380090621340969,0.0039093205093649885,5,False,,3642
cand_661061a8db207319c01c,mcv,PRESENT,-0.027952743193964125,3633,19.396360408344428,28,0,0,28,0.0,-0.027952743194418872,-0.027952743194418872,-0.027952743194418872,-0.027952743194418872,-4.547473508864641e-13,9,False,,3643
cand_31ba2a0be84a07c38612,mcv,PRESENT,-0.02844186802394688,3635,19.35197514425211,28,7,0,21,0.25,0.024649870445045963,-0.02844186802440163,0.024649870445045963,0.024649870445045963,0.053091738468992844,19,False,,3646
cand_42160d0f5d90d99050b3,mcv,PRESENT,-0.028539111625832447,3636,19.32978251220595,28,0,0,28,0.0,-0.017176332397184524,-0.017611735143646,-0.017176332397184524,-0.017176332397184524,0.011362779228647923,28,False,,3647
cand_c69217609130ddea1042,mcv,PRESENT,-0.028665765420555545,3637,19.30758988015979,24,0,0,24,0.0,-0.028665765420555545,-0.028684475272484633,-0.028665765420555545,-0.028665765420555545,0.0,28,False,,3648
cand_00a430d8b0ee7d20afe9,mcv,PRESENT,-0.028818871992370987,3638,19.285397248113625,31,18,0,13,0.5806451612903226,1.191832763411412,0.4385283960327797,1.1918327634111847,1.191832763411412,1.220651635403783,19,False,,3649
cand_fce67f0776e363e1f745,mcv,PRESENT,-0.02952762134555087,3640,19.241011984021306,10,0,0,10,0.0,-0.02560495448005895,-0.27348969639751886,-0.2487012222055683,-0.13715308834281387,0.0039226668654919195,27,False,,3652
cand_2d6b0e9a9dd75e735345,fd,PRESENT,-0.029662071416169056,3641,19.218819351975146,12,0,0,12,0.0,-0.030462925660458495,-0.030462925660458495,-0.030462925660458495,-0.030462925660458495,-0.0008008542442894395,26,False,,3537
cand_6716a93d58d1bc1d3506,mcv,PRESENT,-0.029955859529763984,3642,19.196626719928982,17,0,0,17,0.0,-0.030132240768352858,-0.030132240768580232,-0.030132240768352858,-0.030132240768352858,-0.0001763812385888741,20,False,,3653
cand_042ade23c3e1136322e1,mcv,PRESENT,-0.030161687447616714,3644,19.152241455836663,24,0,0,24,0.0,-0.02590208950800843,-0.030342444308416816,-0.030161687448298835,-0.026541029199245267,0.004259597939608284,15,False,,3655
cand_5c429b9bcb29a00faf8f,mcv,PRESENT,-0.03031333698072558,3645,19.130048823790503,27,0,0,27,0.0,-0.030313336980498207,-0.030646577353309112,-0.030313336980498207,-0.030313336980498207,2.2737367544323206e-13,10,False,,3656
cand_f81ed79aebbff59b017f,mcv,PRESENT,-0.030808833961600612,3647,19.08566355969818,28,0,0,28,0.0,-0.030808833961827986,-0.040774995306037454,-0.03080883396205536,-0.030808833961907568,-2.2737367544323206e-13,10,False,,3658
cand_38a464771ab7b1f0881b,mcv,PRESENT,-0.03130331871761882,3649,19.04127829560586,24,0,0,24,0.0,-0.031303318717846196,-0.031303318717846196,-0.031303318717846196,-0.031303318717846196,-2.2737367544323206e-13,13,False,,3660
cand_585099c54503bf7c9a98,mcv,PRESENT,-0.031641676414437825,3651,18.996893031513537,19,0,0,19,0.0,-0.00953385455886746,-0.0316416764146652,-0.00953385455886746,-0.00953385455886746,0.022107821855570364,31,False,,3662
cand_a6abd3f7959fa67c4b1d,mcv,PRESENT,-0.03193893938805559,3652,18.974700399467377,21,12,0,9,0.5714285714285714,0.017914303673705945,0.01791430367347857,0.017914303673705945,0.017914303673705945,0.04985324306176153,19,False,,3663
cand_4885629ece2dbca85f2c,fd,PRESENT,-0.032053118545263715,3654,18.930315135375057,30,3,14,13,0.1,0.0011718724260845192,0.0,0.00011718724260845359,0.0011718724260845192,0.033224990971348234,11,False,,3552
cand_7a23c746464c6fbf2788,mcv,PRESENT,-0.032055316108198895,3655,18.908122503328894,20,14,0,6,0.7,0.011618435061109267,0.011082843165922895,0.011618435061109267,0.011618435061109267,0.04367375116930816,14,False,,3665
cand_b849a2fcea31e49e33be,mcv,PRESENT,-0.03226732483562955,3656,18.885929871282734,36,29,0,7,0.8055555555555556,0.37466162407804404,0.31258275985010187,0.37466162407804404,0.37466162407804404,0.4069289489136736,8,False,,3666
cand_6b08b26c259372bf7885,mcv,PRESENT,-0.03231233654150856,3657,18.863737239236574,10,0,0,10,0.0,-0.032318488646069454,-0.032318488646069454,-0.032318488646069454,-0.032318488646069454,-6.152104560896987e-06,27,False,,3667
cand_bd7c597179b5438ce1a2,mcv,PRESENT,-0.03261827621736302,3658,18.841544607190414,21,0,0,21,0.0,-0.024404025386274952,-0.024404025386274952,-0.024404025386274952,-0.024404025386274952,0.008214250831088066,19,False,,3668
cand_98bfd9ccaa606ceab94e,fd,PRESENT,-0.032663333327036526,3659,18.81935197514425,27,0,0,27,0.0,-0.03142465031487518,-0.031424650315102554,-0.03142465031487518,-0.03142465031487518,0.0012386830121613457,19,False,,3557
cand_c8fa4cd8d352ce57dc75,mcv,PRESENT,-0.0331422144181488,3661,18.77496671105193,28,0,0,28,0.0,-0.033142214418603544,-0.03341910703193207,-0.03314221441883092,-0.033142214418683126,-4.547473508864641e-13,10,False,,3671
cand_fefc70ce51e0dc6031fb,mcv,PRESENT,-0.03314592540846206,3662,18.75277407900577,10,10,0,0,1.0,0.3958728247439467,0.3958728247439467,0.3958728247439467,0.3958728247439467,0.42901875015240876,27,False,,3672
cand_5b0f7f70ae80b20d822c,mcv,PRESENT,-0.03324419759792363,3663,18.730581446959608,24,0,0,24,0.0,-0.027837340109726938,-0.027837340109726938,-0.027837340109726938,-0.027837340109726938,0.005406857488196692,13,False,,3673
cand_cb0abb5f1429ee6bda0c,mcv,PRESENT,-0.03338923609499034,3665,18.68619618286729,17,0,0,17,0.0,-0.01675760104103574,-0.01675760104103574,-0.01675760104103574,-0.01675760104103574,0.016631635053954597,20,False,,3676
cand_2cb1ce9d42e0a4a5ffd9,mcv,PRESENT,-0.03357129588675889,3667,18.641810918774965,31,0,0,31,0.0,-0.03271071473045595,-0.03348990334870905,-0.03348915809897335,-0.03309993641471465,0.000860581156302942,35,False,,3678
cand_06f842e14eb8312d201f,mcv,PRESENT,-0.03374316614917916,3669,18.597425654682645,20,0,0,20,0.0,-0.03374316614917916,-0.033743166149406534,-0.03374316614917916,-0.03374316614917916,0.0,19,False,,3680
cand_3a8ded23595c5b3537de,mcv,PRESENT,-0.033787067977755214,3670,18.575233022636485,24,0,0,24,0.0,-0.033787067978437335,-0.15878706797843734,-0.033787067978437335,-0.033787067978437335,-6.821210263296962e-13,13,False,,3681
cand_2b4cbef5469ec0852700,mcv,PRESENT,-0.033797317056269094,3671,18.553040390590326,23,0,0,23,0.0,-0.03300601432761141,-1.067425317096422,-0.7054859915815541,-0.7054859915815541,0.0007913027286576835,20,False,,3682
cand_489c8e7c82099ffaa727,mcv,PRESENT,-0.03392028437065164,3673,18.508655126498002,21,0,0,21,0.0,-4.1402044515320995,-4.140204451532327,-4.140204451532327,-4.140204451532327,-4.106284167161448,26,False,,3684
cand_58e09d531a889cb10a85,mcv,PRESENT,-0.03403762033849489,3674,18.486462494451843,28,0,0,28,0.0,-0.03403762033872226,-0.05287373255021066,-0.03403762033872226,-0.03403762033872226,-2.2737367544323206e-13,9,False,,3685
cand_32a7a300467328a172cd,fd,PRESENT,-0.03422841549854638,3675,18.464269862405683,30,30,0,0,1.0,0.0002543431219237391,0.00025433674727537436,0.0002543431219237391,0.0002543431219237391,0.03448275862047012,7,False,,3563
cand_ca623498ea1434f3a7d9,mcv,PRESENT,-0.034236200052873755,3676,18.44207723035952,2,0,0,2,0.0,-0.034236200052873755,-0.03423620005298744,-0.034236200052896494,-0.03423620005288512,0.0,35,False,,3686
cand_bb7478b4f2a9cca21720,mcv,PRESENT,-0.03427571107386029,3677,18.41988459831336,23,0,0,23,0.0,-0.02616035516211923,-0.026160355162346605,-0.02616035516211923,-0.02616035516211923,0.008115355911741062,26,False,,3687
cand_d91a6559fdcf12805920,mcv,PRESENT,-0.03435537870336702,3678,18.3976919662672,27,0,0,27,0.0,-0.03435537870313965,-1.8366288546076248,-0.03435537870313965,-0.03435537870313965,2.2737367544323206e-13,10,False,,3688
cand_4f3f79b4e147e874a205,mcv,PRESENT,-0.034576334402117936,3679,18.37549933422104,29,0,0,29,0.0,-0.021014700133036968,-0.021014700133036968,-0.021014700133036968,-0.021014700133036968,0.013561634269080969,22,False,,3689
cand_eddb961ae36a7ee5bb60,mcv,PRESENT,-0.03467994507536787,3680,18.353306702174876,21,0,0,21,0.0,-0.03467994507536787,-0.03467994507536787,-0.03467994507536787,-0.03467994507536787,0.0,16,False,,3690
cand_620c3a353f092da658a7,mcv,PRESENT,-0.03612166093989799,3682,18.308921438082557,20,0,0,20,0.0,-0.03612166093989799,-0.03612166093989799,-0.03612166093989799,-0.03612166093989799,0.0,17,False,,3692
cand_71d45945087f48ff41c4,mcv,PRESENT,-0.03621509329877881,3683,18.286728806036397,36,0,0,36,0.0,-0.03621509329877881,-0.03621509329877881,-0.03621509329877881,-0.03621509329877881,0.0,1,False,,3693
cand_c400473945287b6a07e8,mcv,PRESENT,-0.03678012688487797,3684,18.264536173990237,29,0,0,29,0.0,-0.02789726873015752,-0.03304116134609103,-0.02789726873015752,-0.02789726873015752,0.008882858154720452,31,False,,3695
cand_a8608b9f3b95e2ec808e,mcv,PRESENT,-0.03701245737101999,3685,18.242343541944074,11,0,0,11,0.0,-1.6232331576479737,-1.623233157648201,-1.6232331576479737,-1.6232331576479737,-1.5862207002769537,19,False,,3697
cand_27a1a505e7484d1a1bcc,mcv,PRESENT,-0.03707494897207653,3686,18.220150909897914,23,0,0,23,0.0,-0.037074948972531274,-0.5726667133469618,-0.03707494897275865,-0.03707494897275865,-4.547473508864641e-13,19,False,,3698
cand_e7b24fc6f0363e176179,mcv,PRESENT,-0.037147246369386266,3687,18.197958277851754,8,0,0,8,0.0,-0.03714724636961364,-0.03714724636961364,-0.03714724636961364,-0.03714724636961364,-2.2737367544323206e-13,27,False,,3699
cand_e975a70e027f9fba69a7,mcv,PRESENT,-0.037294008016942826,3688,18.175765645805594,29,0,0,29,0.0,-0.03729400801739757,-3.937200763834653,-0.03729400801739757,-0.03729400801739757,-4.547473508864641e-13,8,False,,3700
cand_b592781cffc945c2621a,mcv,PRESENT,-0.037340701300308865,3689,18.15357301375943,17,0,0,17,0.0,-0.03734070130076361,-0.03734070130076361,-0.03734070130076361,-0.03734070130076361,-4.547473508864641e-13,20,False,,3701
cand_f6a798c20e0ee519bc3c,mcv,PRESENT,-0.037673910123885435,3690,18.13138038171327,28,0,0,28,0.0,-0.037116869125839,-0.141831683227565,-0.037116869125839,-0.037116869125839,0.0005570409980464319,9,False,,3702
cand_d6e720d09bd3133ee83b,mcv,PRESENT,-0.03779779721025989,3691,18.10918774966711,29,0,0,29,0.0,-0.04105687797459723,-0.04105813451542417,-0.04105687797459723,-0.04105687797459723,-0.003259080764337341,33,False,,3703
cand_41979acab4ea523b6347,mcv,PRESENT,-0.03805912240022735,3692,18.08699511762095,14,0,0,14,0.0,-0.04435811752978225,-0.04435811752978225,-0.04435811752978225,-0.04435811752978225,-0.006298995129554896,23,False,,3704
cand_adbcff33e0d0139ad1e0,mcv,PRESENT,-0.03809384673149907,3693,18.064802485574788,29,0,0,29,0.0,-0.03598510613005601,-0.038093846731726444,-0.03598510613005601,-0.03598510613005601,0.00210874060144306,29,False,,3705
cand_1ed7ebc78b44633ab587,mcv,PRESENT,-0.038278876113508886,3694,18.042609853528628,34,0,0,34,0.0,-0.02490573866361956,-0.026472706834056225,-0.024905738663846932,-0.02490573866361956,0.013373137449889327,10,False,,3706
cand_3de934ab94792d7e5755,fd,PRESENT,-0.03880266075339023,3695,18.020417221482468,29,0,28,1,0.0,0.0,0.0,0.0,0.0,0.03880266075339023,9,False,,3583
cand_cc43e6c5797c136d6024,mcv,PRESENT,-0.03886481880363135,3696,17.998224589436308,25,0,0,25,0.0,-0.04278294322489273,-1.7291136641033518,-0.04278294322489273,-0.04278294322489273,-0.003918124421261382,8,False,,3707
cand_d67e06f75c3f7960afe4,mcv,PRESENT,-0.03935365428969817,3697,17.976031957390145,27,0,0,27,0.0,-0.03935365428969817,-0.03935365428969817,-0.03935365428969817,-0.03935365428969817,0.0,10,False,,3708
cand_f155039f4c26831490ee,fd,PRESENT,-0.03950824950243259,3698,17.953839325343985,18,0,0,18,0.0,-0.012387268419615793,-0.038214478298186805,-0.012387268419615793,-0.012387268419615793,0.027120981082816797,30,False,,3588
cand_3875f108821fa9f146ee,mcv,PRESENT,-0.0402804105051473,3699,17.931646693297825,10,0,0,10,0.0,-0.04028041050560205,-0.04028041050560205,-0.04028041050560205,-0.04028041050560205,-4.547473508864641e-13,27,False,,3709
cand_2c1ae78997baf96c179b,mcv,PRESENT,-0.04053291322179575,3700,17.909454061251665,2,0,0,2,0.0,-0.04053291322179575,-0.04053291322179575,-0.04053291322179575,-0.04053291322179575,0.0,35,False,,3711
cand_d794f2533726230d2fed,mcv,PRESENT,-0.04089957500400487,3701,17.887261429205505,13,0,0,13,0.0,-0.04089957500423225,-0.04089957500445962,-0.040899575004277725,-0.04089957500423225,-2.2737367544323206e-13,20,False,,3712
cand_b7ad189e66dd531c2573,mcv,PRESENT,-0.0411466767118327,3702,17.865068797159342,35,0,0,35,0.0,-0.03630045955833339,-0.041146676712287444,-0.03630045955833339,-0.03630045955833339,0.00484621715349931,26,False,,3713
cand_b11204eb4d06b100fcad,mcv,PRESENT,-0.04117837660305668,3703,17.842876165113182,29,21,0,8,0.7241379310344828,0.0134950511057923,0.0134950511057923,0.0134950511057923,0.0134950511057923,0.054673427708848976,9,False,,3714
cand_73249a279e2f3f223a28,mcv,PRESENT,-0.0413657962490106,3704,17.820683533067022,29,0,0,29,0.0,-0.03659281464410924,-0.03659281464410924,-0.03659281464410924,-0.03659281464410924,0.004772981604901361,13,False,,3715
cand_99a45fe5cda2925d892b,mcv,PRESENT,-0.04146774234959594,3705,17.798490901020863,4,0,0,4,0.0,-0.04146774234982331,-0.04146774234982331,-0.04146774234982331,-0.04146774234982331,-2.2737367544323206e-13,33,False,,3716
cand_e37aa07a86f53a63fad3,mcv,PRESENT,-0.04151382411328086,3706,17.7762982689747,17,0,0,17,0.0,-0.030820810306295243,-0.030820810306295243,-0.030820810306295243,-0.030820810306295243,0.010693013806985618,27,False,,3717
cand_2d30aa2a9cbb5a933f12,mcv,PRESENT,-0.0416772845419473,3707,17.75410563692854,29,0,0,29,0.0,-0.04159718087521469,-0.041677284542174675,-0.04159718087521469,-0.04159718087521469,8.01036667326116e-05,19,False,,3718
cand_92f17d38250a710ae0d0,mcv,PRESENT,-0.0418607506180706,3708,17.73191300488238,24,0,0,24,0.0,-0.041637325071178566,-0.041637325071178566,-0.041637325071178566,-0.041637325071178566,0.00022342554689203098,19,False,,3719
cand_24b6170b279e5cea8f9a,mcv,PRESENT,-0.04198229313533375,3709,17.70972037283622,24,0,0,24,0.0,-0.041982293135788495,-0.041982293135788495,-0.041982293135788495,-0.041982293135788495,-4.547473508864641e-13,13,False,,3720
cand_06840262c267e6bcce7b,mcv,PRESENT,-0.04267022453041136,3710,17.687527740790056,23,0,0,23,0.0,-0.0477366959248684,-0.04773669592509577,-0.0477366959248684,-0.0477366959248684,-0.005066471394457039,26,False,,3721
cand_4b01aa1c4bb1d6e44635,mcv,PRESENT,-0.04283932859834749,3712,17.643142476697736,24,9,0,15,0.375,0.219709548847959,-0.047923953511940454,0.219709548847959,0.219709548847959,0.2625488774463065,32,False,,3723
cand_30dee4807408e11114fd,mcv,PRESENT,-0.04285047649136686,3713,17.620949844651577,20,0,0,20,0.0,-0.04285047649204898,-0.04285047649204898,-0.04285047649204898,-0.04285047649204898,-6.821210263296962e-13,17,False,,3724
cand_3359020ec0f510bacb90,mcv,PRESENT,-0.042886605369858444,3714,17.598757212605413,20,0,0,20,0.0,-0.030615004447554384,-0.0321050273421406,-0.030615004447554384,-0.030615004447554384,0.01227160092230406,28,False,,3725
cand_85193169fefcbe3dd37c,mcv,PRESENT,-0.04289940828402905,3715,17.576564580559253,8,0,0,8,0.0,-0.04289940828402905,-0.04289940828402905,-0.04289940828402905,-0.04289940828402905,0.0,29,False,,3726
cand_39100276ef40be123c1f,mcv,PRESENT,-0.04297036832122103,3716,17.554371948513094,27,0,0,27,0.0,-0.042970368321448404,-3.9574526046958454,-0.042970368321448404,-0.042970368321448404,-2.2737367544323206e-13,10,False,,3727
cand_c8843076563dd1fef9f9,mcv,PRESENT,-0.04301522069454222,3717,17.532179316466934,4,0,0,4,0.0,-0.043015220694769596,-0.043015220694769596,-0.043015220694769596,-0.043015220694769596,-2.2737367544323206e-13,29,False,,3728
cand_7e260aed1dad1a2655cd,mcv,PRESENT,-0.04359277943694906,3718,17.509986684420774,17,0,0,17,0.0,-0.03302354133120389,-0.03306161840009736,-0.03302354133143126,-0.03302354133138578,0.010569238105745171,26,False,,3729
cand_d0db91435ef0adda4bc1,mcv,PRESENT,-0.04397167882143549,3719,17.48779405237461,8,0,0,8,0.0,-0.04276299613275114,-0.04276299613275114,-0.04276299613275114,-0.04276299613275114,0.0012086826886843482,30,False,,3731
cand_276114abafbb3eb8a3bc,mcv,PRESENT,-0.04427660801775346,3720,17.46560142032845,21,0,0,21,0.0,-0.8387508307496319,-0.8387508307496319,-0.8387508307496319,-0.8387508307496319,-0.7944742227318784,16,False,,3733
cand_73b33db90558195cfe62,fd,PRESENT,-0.045154246940910525,3721,17.44340878828229,30,0,0,30,0.0,-0.04515424694136527,-0.045154246941592646,-0.04515424694136527,-0.04515424694136527,-4.547473508864641e-13,10,False,,3609
cand_b41fa9a85a5cc60f35a7,mcv,PRESENT,-0.04533153397915157,3722,17.42121615623613,29,19,0,10,0.6551724137931034,0.05574888613659823,0.05574888613659823,0.05574888613659823,0.05574888613659823,0.1010804201157498,19,False,,3734
cand_fef742efa7e2f49f5460,mcv,PRESENT,-0.04547573230956914,3723,17.399023524189968,27,0,0,27,0.0,-0.029349563660616695,-0.045476055816607186,-0.029349563660616695,-0.029349563660616695,0.016126168648952444,28,False,,3735
cand_18402f7df73092e1a495,mcv,PRESENT,-0.04644760132305237,3725,17.354638260097648,36,0,0,36,0.0,-0.04644760132305237,-0.04832808668606958,-0.04644760132305237,-0.04644760132305237,0.0,1,False,,3738
cand_bb124943836feffdcb21,mcv,PRESENT,-0.046520250351022696,3726,17.332445628051488,20,0,0,20,0.0,-0.0371509999627051,-0.041835625156977585,-0.0371509999627051,-0.0371509999627051,0.009369250388317596,27,False,,3739
cand_3e206a5e96e3d8458db9,mcv,PRESENT,-0.04669756602288544,3727,17.310252996005325,36,0,0,36,0.0,-0.0443364723414561,-0.04669756602311281,-0.04669756602288544,-0.04433647234162663,0.002361093681429338,25,False,,3740
cand_cced980dea45ab252b03,mcv,PRESENT,-0.04680721652584907,3728,17.288060363959165,27,0,0,27,0.0,-0.046724235087594934,-0.046724235087594934,-0.046724235087594934,-0.046724235087594934,8.298143825413717e-05,10,False,,3741
cand_ccd8b6c821dce6815e7f,mcv,PRESENT,-0.04685330576830893,3729,17.265867731913005,24,0,0,24,0.0,-0.046853305768763676,-0.22795304570104236,-0.10118322774860658,-0.04685330576899105,-4.547473508864641e-13,13,False,,3742
cand_cc6608bca278b547b908,mcv,PRESENT,-0.04699436950704694,3730,17.243675099866845,17,0,15,2,0.0,0.0,0.0,0.0,0.0,0.04699436950704694,22,False,,3743
cand_f5e7ae7e13b479ee5a63,fd,PRESENT,-0.04716848504176596,3731,17.221482467820685,29,0,0,29,0.0,-0.04724071442501554,-0.04724071442501554,-0.04724071442501554,-0.04724071442501554,-7.222938324957795e-05,8,False,,3619
cand_193c1651250c933705a2,mcv,PRESENT,-0.04751242913516762,3732,17.199289835774522,20,0,0,20,0.0,-0.026507966999361088,-0.02650796699958846,-0.026507966999361088,-0.026507966999361088,0.021004462135806534,19,False,,3745
cand_5e20f271572c5039906a,mcv,PRESENT,-0.047637912893151224,3733,17.177097203728362,29,0,0,29,0.0,-0.03265719504088338,-0.04758041541072089,-0.03269615419094407,-0.03269615419094407,0.014980717852267844,27,False,,3746
cand_1e3030c9c00021c70d7d,mcv,PRESENT,-0.048626118034917454,3734,17.154904571682202,23,0,0,23,0.0,-0.0380575876642979,-0.03805758766452527,-0.03805758766452527,-0.03805758766452527,0.010568530370619555,26,False,,3747
cand_4582b94b8ca7b2e7f705,mcv,PRESENT,-0.04900444792019698,3736,17.11051930758988,2,0,0,2,0.0,-0.0490044479208791,-0.0490044479208791,-0.0490044479208791,-0.0490044479208791,-6.821210263296962e-13,35,False,,3749
cand_23c80d04c221f27a9a4f,mcv,PRESENT,-0.04980283095028426,3737,17.08832667554372,36,0,0,36,0.0,-0.04980283095028426,-0.049802830950511634,-0.049802830950511634,-0.04980283095045479,0.0,1,False,,3750
cand_d010a36d49f337fc6f7c,mcv,PRESENT,-0.0503496007368085,3738,17.06613404349756,24,0,0,24,0.0,-0.0503496007368085,-0.05034960073703587,-0.05034960073687671,-0.0503496007368085,0.0,13,False,,3751
cand_85310df78fd815a0e367,mcv,PRESENT,-0.05041098631591012,3739,17.0439414114514,36,0,0,36,0.0,-0.05041098631591012,-0.050410986316137496,-0.050410986316137496,-0.05041098631608065,0.0,1,False,,3752
cand_dec1634b3fd30290000c,fd,PRESENT,-0.05051083739090245,3740,17.021748779405236,29,0,29,0,0.0,0.0,0.0,0.0,0.0,0.05051083739090245,8,False,,3631
cand_7c6fe745853475651390,mcv,PRESENT,-0.050687154003753676,3741,16.999556147359076,18,0,0,18,0.0,-0.02849446477739548,-0.049261181854717506,-0.0430311667315891,-0.028494464777588747,0.022192689226358198,19,False,,3753
cand_4d67a33c05769ba87017,mcv,PRESENT,-0.05071021189360181,3742,16.977363515312916,29,0,0,29,0.0,-0.050710211894056556,-0.05071021189428393,-0.050710211894056556,-0.050710211894056556,-4.547473508864641e-13,8,False,,3754
cand_dc8d6b9e583770c5bfad,mcv,PRESENT,-0.05093087947989261,3743,16.955170883266756,36,0,0,36,0.0,-0.05093087947989261,-0.05093087948057473,-0.05093087948057473,-0.05093087948051789,0.0,1,False,,3755
cand_863e962a1eaec0b15351,fd,PRESENT,-0.05104399545416527,3744,16.932978251220593,21,16,0,5,0.7619047619047619,0.11910900141810998,0.11910900141810998,0.11910900141810998,0.11910900141810998,0.17015299687227525,21,False,,3632
cand_fb11b9638331418ebb85,mcv,PRESENT,-0.05161552544541337,3745,16.910785619174433,29,29,0,0,1.0,0.41506595054465834,0.41506595054465834,0.41506595054465834,0.41506595054465834,0.4666814759900717,8,False,,3757
cand_4d64e4c7bcdf1444e8c8,mcv,PRESENT,-0.052266216045609326,3746,16.888592987128273,27,0,0,27,0.0,-0.042490316036492004,-0.042490316036492004,-0.042490316036492004,-0.042490316036492004,0.009775900009117322,19,False,,3758
cand_718d53c9451b7425714d,mcv,PRESENT,-0.052753018219846126,3747,16.866400355082114,29,0,0,29,0.0,-0.05073545916388866,-0.05073545916411604,-0.05073545916407056,-0.05073545916388866,0.002017559055957463,10,False,,3759
cand_d682f8c0d05b180e472c,mcv,PRESENT,-0.05334901553214877,3749,16.82201509098979,27,0,0,27,0.0,-0.05334901553237614,-0.05334901553237614,-0.05334901553237614,-0.05334901553237614,-2.2737367544323206e-13,10,False,,3762
cand_27a04dd6ff0a23601711,fd,PRESENT,-0.05387898246954137,3750,16.79982245894363,13,12,0,1,0.9230769230769231,0.0009155380780612177,0.0009155380780612177,0.0009155380780612177,0.0009155380780612177,0.05479452054760259,21,False,,3645
cand_c9b14056ed066256e1dd,mcv,PRESENT,-0.05388372150991927,3751,16.77762982689747,24,0,0,24,0.0,-0.053883721510374016,-0.053883721510374016,-0.053883721510374016,-0.053883721510374016,-4.547473508864641e-13,13,False,,3764
cand_f416bb802b6ec33216f6,mcv,PRESENT,-0.05389343639944855,3752,16.75543719485131,28,0,0,28,0.0,-0.05376173470790491,-0.05395673822829394,-0.053893436399903294,-0.053893436399903294,0.00013170169154363975,19,False,,3765
cand_7b35ef296a0e06adcb7b,mcv,PRESENT,-0.05528305922871368,3756,16.666666666666668,21,0,0,21,0.0,-0.05528305922916843,-1.398121339335603,-1.3772991289779384,-1.377299128977711,-4.547473508864641e-13,14,False,,3769
cand_4841b4cb99f680888eaa,fd,PRESENT,-0.055762222276825923,3757,16.644474034620504,31,30,0,1,0.967741935483871,0.00031254407804226503,0.00031254407804226503,0.00031254407804226503,0.00031254407804226503,0.05607476635486819,7,False,,3650
cand_fce179c66b8a10d66889,mcv,PRESENT,-0.05592857788178662,3758,16.622281402574345,29,0,0,29,0.0,-0.055934424138740724,-2.056104959120148,-0.055934424138740724,-0.055934424138740724,-5.8462569541006815e-06,8,False,,3770
cand_ebd5a74da213694f0898,mcv,PRESENT,-0.056256040114021744,3759,16.600088770528185,24,0,0,24,0.0,-0.05625604011447649,-0.056256040114703865,-0.05625604011447649,-0.05625604011447649,-4.547473508864641e-13,13,False,,3771
cand_1b5da094a127147247e7,mcv,PRESENT,-0.05650951043844543,3761,16.55570350643586,29,29,0,0,1.0,0.06858867732512408,0.06597137503240447,0.06858867732489671,0.06858867732489671,0.1250981877635695,35,False,,3773
cand_fb1ddb6f32b3e7058b85,mcv,PRESENT,-0.057794167486463266,3763,16.511318242343542,3,0,0,3,0.0,-0.057794167486463266,-0.05779416748669064,-0.057794167486508743,-0.057794167486486005,0.0,35,False,,3776
cand_a5d5011952da562e6c43,mcv,PRESENT,-0.05837182122922968,3764,16.489125610297382,35,0,0,35,0.0,-0.04315342210043127,-0.05950779936915751,-0.05837182122968443,-0.05837182122968443,0.01521839912879841,36,False,,3777
cand_fa390c84183f4ce0cbe8,mcv,PRESENT,-0.05850055633618467,3766,16.44474034620506,36,0,0,36,0.0,-0.05757767043996864,-0.0585141950941761,-0.05757767043996864,-0.05757767043996864,0.0009228858962160302,30,False,,3779
cand_ac315c0c446e902a35f7,mcv,PRESENT,-0.0585912811147864,3767,16.4225477141589,12,0,0,12,0.0,-0.058591281115241145,-0.05859128111546852,-0.058591281115241145,-0.058591281115241145,-4.547473508864641e-13,26,False,,3780
cand_ea1331e1b038918bb11b,mcv,PRESENT,-0.05863042384953587,3768,16.40035508211274,24,0,0,24,0.0,-0.05863042384976325,-0.05863042384976325,-0.05863042384976325,-0.05863042384976325,-2.2737367544323206e-13,13,False,,3781
cand_ab58ef53e80958af207c,mcv,PRESENT,-0.0590994479971414,3769,16.37816245006658,28,0,0,28,0.0,-0.0590994479971414,-0.06129243045347721,-0.05909944799736877,-0.05909944799736877,0.0,19,False,,3782
cand_9bcbdd2ba5ef24362a88,mcv,PRESENT,-0.05962200522662897,3770,16.355969818020416,27,0,0,27,0.0,-0.05962200522731109,-0.05972296887398443,-0.05962200522731109,-0.05962200522731109,-6.821210263296962e-13,28,False,,3783
cand_99cd23a40deb3865762d,mcv,PRESENT,-0.05965300643219962,3771,16.333777185974256,29,0,0,29,0.0,-0.04931809066692949,-0.05157878807972338,-0.04931809066711139,-0.04931809066692949,0.010334915765270125,10,False,,3784
cand_32be2331d3ac71e4157b,mcv,PRESENT,-0.060145462009131734,3772,16.311584553928096,29,0,0,29,0.0,-0.05941105722422435,-0.06014546200890436,-0.05941105722422435,-0.05941105722422435,0.0007344047849073831,24,False,,3785
cand_32e49564c5d62c6b455e,mcv,PRESENT,-0.061252912545569416,3773,16.289391921881936,6,0,0,6,0.0,-0.06125291254602416,-0.06125291254602416,-0.06125291254602416,-0.06125291254602416,-4.547473508864641e-13,31,False,,3786
cand_fc280446c52694471ce4,mcv,PRESENT,-0.06136711467661371,3774,16.267199289835773,18,0,0,18,0.0,-0.061367114676841084,-0.061367114676841084,-0.061367114676841084,-0.061367114676841084,-2.2737367544323206e-13,19,False,,3787
cand_feb138081f7112aa8c31,mcv,PRESENT,-0.0614739496850234,3775,16.245006657789613,6,0,0,6,0.0,-0.06367743604869247,-0.06367743604869247,-0.06367743604869247,-0.06367743604869247,-0.0022034863636690716,31,False,,3788
cand_8ac7bbb3c76afe04cf5a,mcv,PRESENT,-0.06151615876569849,3776,16.222814025743453,23,0,0,23,0.0,-0.04825131562074603,-0.04825377927863883,-0.04825131562074603,-0.04825131562074603,0.013264843144952465,31,False,,3789
cand_735f2ec9b3eb003db018,mcv,PRESENT,-0.061693802143963694,3777,16.200621393697293,29,0,0,29,0.0,-0.061693802143963694,-0.06169380214419107,-0.061693802143963694,-0.061693802143963694,0.0,8,False,,3791
cand_608e4c0941aaed8395da,mcv,PRESENT,-0.06171423026898992,3778,16.178428761651134,6,0,0,6,0.0,-0.06093058963551812,-0.06093058963551812,-0.06093058963551812,-0.06093058963551812,0.0007836406334718049,31,False,,3792
cand_34d703c38dea98656bd0,mcv,PRESENT,-0.06185558563174709,3779,16.15623612960497,7,0,0,7,0.0,-0.06185558563197446,-0.06185558563197446,-0.06185558563197446,-0.06185558563197446,-2.2737367544323206e-13,32,False,,3793
cand_19955e21da8f965cb7f7,mcv,PRESENT,-0.06223585203224502,3780,16.13404349755881,24,0,0,24,0.0,-0.06223585203269977,-0.06357060910681867,-0.06247610830605481,-0.06223585203269977,-4.547473508864641e-13,13,False,,3794
cand_4c2092573f4dbb61f1a5,fd,PRESENT,-0.06310804550321336,3781,16.11185086551265,30,0,0,30,0.0,-0.06310804550366811,-0.06310804550366811,-0.06310804550366811,-0.06310804550366811,-4.547473508864641e-13,7,False,,3670
cand_b086d538fd7e790167ad,mcv,PRESENT,-0.0632136228350646,3782,16.08965823346649,36,0,0,36,0.0,-0.0629025881414691,-0.06298902642777193,-0.0629025881414691,-0.0629025881414691,0.0003110346935955022,19,False,,3795
cand_7f6c39547243888b5a66,mcv,PRESENT,-0.06322014000579657,3783,16.067465601420327,6,0,0,6,0.0,-0.06322014000602394,-0.06322014000602394,-0.06322014000602394,-0.06322014000602394,-2.2737367544323206e-13,23,False,,3796
cand_395acd8f5949acffc7d3,mcv,PRESENT,-0.06366752731901215,3785,16.023080337328008,36,0,0,36,0.0,-0.06156163479863608,-0.06366752731980796,-0.06156163479886345,-0.06156163479880661,0.0021058925203760737,19,False,,3798
cand_f3d796bef095c71d47f7,fd,PRESENT,-0.06382978723377164,3786,16.000887705281848,29,0,25,4,0.0,0.0,0.0,0.0,0.0,0.06382978723377164,8,False,,3675
cand_8d7708a32390de8f3ee2,mcv,PRESENT,-0.06410256410254078,3787,15.978695073235686,10,0,0,10,0.0,-0.06410256410254078,-0.06410256410254078,-0.06410256410254078,-0.06410256410254078,0.0,27,False,,3799
cand_d33b1b46c21aa61ec800,mcv,PRESENT,-0.06427095144226769,3788,15.956502441189524,28,0,0,28,0.0,-0.00840501589368614,-0.037554389710294345,-0.00840501589368614,-0.00840501589368614,0.05586593554858155,32,False,,3800
cand_deda653e0fc8d07c3105,mcv,PRESENT,-0.06458362694138486,3789,15.934309809143365,27,0,0,27,0.0,-0.06458362694161224,-0.06458362694183961,-0.06458362694161224,-0.06458362694161224,-2.2737367544323206e-13,10,False,,3801
cand_4826262e90c2879ffae1,mcv,PRESENT,-0.06462136142727104,3790,15.912117177097203,14,0,0,14,0.0,-0.0792666804311466,-0.0792666804311466,-0.0792666804311466,-0.0792666804311466,-0.014645319003875557,23,False,,3802
cand_a692c9dd27e978aaf000,mcv,PRESENT,-0.06471596825213055,3791,15.889924545051043,10,0,0,10,0.0,-0.023824260012361265,-0.02382426001258864,-0.0238242600125659,-0.023824260012463582,0.04089170823976929,35,False,,3803
cand_fd57729612b7b36673ab,mcv,PRESENT,-0.06489387455167162,3793,15.845539280958722,36,0,0,36,0.0,-0.06489387455167162,-0.37109015927990185,-0.06489387455189899,-0.06489387455189899,0.0,1,False,,3805
cand_22b6d81644dc469f099b,mcv,PRESENT,-0.06490132520048064,3794,15.823346648912562,28,0,0,28,0.0,-0.0323889499256893,-0.0323889499256893,-0.0323889499256893,-0.0323889499256893,0.03251237527479134,11,False,,3806
cand_55b96f6a17a70ec10a9d,mcv,PRESENT,-0.06495573257416254,3795,15.8011540168664,27,0,0,27,0.0,-0.06495573257461729,-0.07114174739240298,-0.06495573257461729,-0.06495573257461729,-4.547473508864641e-13,10,False,,3807
cand_d1361b84cccb647c4968,mcv,PRESENT,-0.06562209068761149,3796,15.77896138482024,23,0,0,23,0.0,-0.054959690937266714,-0.054959690937266714,-0.054959690937266714,-0.054959690937266714,0.010662399750344775,25,False,,3808
cand_da94de020ddb7aa20fdb,mcv,PRESENT,-0.06597851930746401,3798,15.734576120727919,27,0,0,27,0.0,-0.05278690733530311,-0.05278690733530311,-0.05278690733530311,-0.05278690733530311,0.0131916119721609,10,False,,3810
cand_23c78ab83e686aab1fed,mcv,PRESENT,-0.06694884523130895,3799,15.712383488681757,23,12,0,11,0.5217391304347826,0.5151172924911407,0.5132519372255047,0.514744221437877,0.5151172924911179,0.5820661377224496,26,False,,3812
cand_73b056db841bd45770e0,mcv,PRESENT,-0.06765797629850567,3800,15.690190856635597,14,0,0,14,0.0,-0.06765797629896042,-0.0676579762991878,-0.0676579762991878,-0.06765797629910822,-4.547473508864641e-13,26,False,,3813
cand_c01e6e349c63abb8b5c0,mcv,PRESENT,-0.06836481675964023,3801,15.667998224589436,15,0,0,15,0.0,-0.06836481675964023,-0.08964141250430657,-0.06836481675964023,-0.06836481675964023,0.0,1,False,,3814
cand_2d1278705666ca34f8ca,mcv,PRESENT,-0.06874161322230066,3802,15.645805592543276,27,0,0,27,0.0,-0.035463465516158976,-0.06874161322207328,-0.035463465516158976,-0.035463465516158976,0.03327814770614168,27,False,,3815
cand_674efbc5b95e026fe26d,mcv,PRESENT,-0.06910591470023064,3803,15.623612960497114,28,0,0,28,0.0,-0.0310297404580524,-0.0310297404580524,-0.0310297404580524,-0.0310297404580524,0.03807617424217824,22,False,,3816
cand_1d3a66f536ef8ab216ce,mcv,PRESENT,-0.06992917733350623,3804,15.601420328450954,12,0,0,12,0.0,-1.3927461013270204,-1.3927461013270204,-1.3927461013270204,-1.3927461013270204,-1.3228169239935141,25,False,,3817
cand_ee07b2263baf2afb261c,fd,PRESENT,-0.06999999999970896,3805,15.579227696404793,27,22,0,5,0.8148148148148148,0.01990287397507018,0.01990287397507018,0.01990287397507018,0.01990287397507018,0.08990287397477914,13,False,,3694
cand_ff069dfd64484e10ba81,mcv,PRESENT,-0.07003522412469465,3806,15.557035064358633,31,18,0,13,0.5806451612903226,1.149950619243782,0.3966462518651497,1.1499506192435547,1.1499506192435547,1.2199858433684767,19,False,,3818
cand_71655a7fa64e0cbeda69,mcv,PRESENT,-0.07031022179216961,3808,15.512649800266312,20,0,0,20,0.0,-0.042356309184469865,-0.049516233959820966,-0.042356309184469865,-0.042356309184469865,0.02795391260769975,33,False,,3820
cand_15da9313cd73e3798866,fd,PRESENT,-0.07047216349474184,3809,15.490457168220152,22,0,0,22,0.0,-0.07047216349542396,-0.07047216349542396,-0.07047216349542396,-0.07047216349542396,-6.821210263296962e-13,15,False,,3696
cand_05f5bd81801d4b03d01f,mcv,PRESENT,-0.07089965165414469,3810,15.46826453617399,29,0,0,29,0.0,-0.07089965165437206,-0.07089965165459944,-0.07089965165437206,-0.07089965165437206,-2.2737367544323206e-13,8,False,,3821
cand_a88b8dcbc89c24971193,mcv,PRESENT,-0.07178545741317066,3811,15.44607190412783,23,0,0,23,0.0,-0.0774621265195492,-0.0774621265195492,-0.0774621265195492,-0.0774621265195492,-0.00567666910637854,14,False,,3822
cand_54eaee888cb228139ac9,mcv,PRESENT,-0.07206353688525269,3812,15.423879272081669,24,0,0,24,0.0,-0.34229699501838695,-0.3422969950186143,-0.34229699501838695,-0.34229699501838695,-0.27023345813313426,13,False,,3823
cand_e160e3ff4026b891f193,mcv,PRESENT,-0.07409179104888608,3815,15.357301375943187,10,0,0,10,0.0,-0.07409179104888608,-0.07409179104888608,-0.07409179104888608,-0.07409179104888608,0.0,27,False,,3828
cand_52360ab886126d3f0c6a,mcv,PRESENT,-0.07554636240001855,3816,15.335108743897026,10,0,0,10,0.0,-0.07554636239979118,-0.07554636240001855,-0.07554636239999582,-0.0755463623998935,2.2737367544323206e-13,35,False,,3832
cand_cd3c52ea3da0bee853e6,mcv,PRESENT,-0.07635560116523266,3817,15.312916111850866,36,0,0,36,0.0,-0.07635560116523266,-0.08280147366235724,-0.07635560116591478,-0.07635560116585793,0.0,1,False,,3833
cand_e9fb36c5dcdc88c2c940,mcv,PRESENT,-0.07645933032017638,3818,15.290723479804704,17,0,0,17,0.0,-0.07645933032063112,-0.0764593303208585,-0.07645933032063112,-0.07645933032063112,-4.547473508864641e-13,20,False,,3834
cand_fddac8b4d8445fbbeef8,mcv,PRESENT,-0.07696969572771195,3819,15.268530847758544,36,24,0,12,0.6666666666666666,0.04293317824749465,0.04293317824726728,0.04293317824749465,0.04293317824749465,0.1199028739752066,13,False,,3835
cand_bbc294c403ba997bba6d,mcv,PRESENT,-0.0769940242262237,3820,15.246338215712383,23,0,0,23,0.0,-0.06608099435902659,-0.06608099435925396,-0.06608099435925396,-0.06608099435925396,0.01091302986719711,26,False,,3836
cand_631588481bd5232beac6,fd,PRESENT,-0.07708582108080009,3821,15.224145583666223,30,0,0,30,0.0,-0.004597236606059596,-0.004597236606059596,-0.004597236606059596,-0.004597236606059596,0.07248858447474049,14,False,,3710
cand_9007bddac28b5c7d3209,mcv,PRESENT,-0.07742302864880912,3822,15.201952951620061,29,0,0,29,0.0,-0.07742302864926387,-0.10221625141389268,-0.10109307657307909,-0.08689104781879001,-4.547473508864641e-13,8,False,,3837
cand_644516034a409e3aff80,mcv,PRESENT,-0.07782135367870069,3823,15.179760319573901,28,0,0,28,0.0,-0.03983153196327294,-0.07782135367915544,-0.03983153196327294,-0.03983153196327294,0.03798982171542775,27,False,,3840
cand_9c1c7ae7b703a46e5b88,mcv,PRESENT,-0.07914690842244454,3824,15.157567687527742,29,0,0,29,0.0,-0.07914690842289929,-0.07914690842289929,-0.07914690842289929,-0.07914690842289929,-4.547473508864641e-13,8,False,,3841
cand_c72380fa42c6bf210701,mcv,PRESENT,-0.08032409993302281,3825,15.13537505548158,24,0,0,24,0.0,-0.07514847249717604,-0.07514847249740342,-0.07514847249717604,-0.07514847249717604,0.0051756274358467635,25,False,,3843
cand_3718cdee9e11f07b8d58,mcv,PRESENT,-0.08041224436510674,3826,15.11318242343542,29,0,0,29,0.0,-0.06305612016330997,-0.08881013552650074,-0.06305612016349187,-0.06305612016330997,0.017356124201796774,26,False,,3844
cand_ddd91ddc81236383c442,mcv,PRESENT,-0.08042229675720591,3827,15.090989791389259,29,0,0,29,0.0,-0.08042229675697854,-0.20016696794050404,-0.17621803370379902,-0.08042229675697854,2.2737367544323206e-13,8,False,,3845
cand_7ba2f9cdead8467d1a03,mcv,PRESENT,-0.08095436967414571,3828,15.068797159343099,30,23,0,7,0.7666666666666667,0.010940607494148935,0.007258340234784555,0.0080803843658714,0.010820479357437306,0.09189497716829464,14,False,,3848
cand_f098c019f29fbdcc0668,mcv,PRESENT,-0.0812699793423235,3829,15.046604527296937,28,0,0,28,0.0,-0.07454533824147802,-0.08126997934255087,-0.07454533824147802,-0.07454533824147802,0.006724641100845474,29,False,,3850
cand_61757e24ec27a10515a3,mcv,PRESENT,-0.08169729426117556,3830,15.024411895250777,3,0,0,3,0.0,-0.08170736508486698,-0.0819277297307508,-0.08175143801404375,-0.08172940154945536,-1.0070823691421538e-05,28,False,,3851
cand_9a3ead8c8dd4c860c1d9,mcv,PRESENT,-0.08215768979061977,3831,15.002219263204616,31,0,0,31,0.0,-0.07083259399450981,-0.07083259399473718,-0.07083259399450981,-0.07083259399450981,0.011325095796109963,23,False,,3852
cand_3f2a3cea07cf4ad5b4d4,mcv,PRESENT,-0.08292059809718921,3832,14.980026631158456,10,0,0,10,0.0,-0.08292059809741659,-0.08292059809741659,-0.08292059809741659,-0.08292059809741659,-2.2737367544323206e-13,27,False,,3854
cand_d0aaac9677fac14e8002,mcv,PRESENT,-0.08342805110896734,3833,14.957833999112294,30,0,0,30,0.0,-0.028538812785200207,-0.02853881278542758,-0.02853881278542758,-0.028538812785302525,0.05488923832376713,19,False,,3856
cand_d33f343422084761f4ec,fd,PRESENT,-0.08344302105342649,3834,14.935641367066134,30,17,8,5,0.5666666666666667,0.02617666574769828,0.026176665747470906,0.026176665747470906,0.026176665747595963,0.10961968680112477,19,False,,3730
cand_7f52cfde7720912c08aa,mcv,PRESENT,-0.08386551635976502,3835,14.913448735019973,24,0,0,24,0.0,-0.07814815722781532,-0.07814815722804269,-0.07814815722781532,-0.07814815722781532,0.005717359131949706,25,False,,3857
cand_167b36776d8649efe8fb,mcv,PRESENT,-0.08419443847287766,3836,14.891256102973813,2,0,0,2,0.0,-0.07362704688284794,-0.07362704688296162,-0.07362704688287067,-0.0736270468828593,0.010567391590029729,13,False,,3858
cand_762e8c7788c0d01c8c1f,fd,PRESENT,-0.08445002468852181,3837,14.869063470927651,18,0,0,18,0.0,-0.04239563803980673,-0.04292954086940881,-0.042769370020528184,-0.04239563803980673,0.04205438664871508,21,False,,3732
cand_96fd7900534ba6e0be0c,mcv,PRESENT,-0.08458752125079627,3838,14.846870838881491,28,0,0,28,0.0,-0.05944377694481773,-0.0845533485166925,-0.05947794967869413,-0.05947794967869413,0.025143744305978544,27,False,,3859
cand_bd894f78c6b9a6bc8cab,mcv,PRESENT,-0.08463031287828926,3839,14.824678206835332,23,0,0,23,0.0,-0.06291939828565773,-0.06291939828565773,-0.06291939828565773,-0.06291939828565773,0.021710914592631525,14,False,,3860
cand_8a14a75422c2d1766cdb,mcv,PRESENT,-0.08484083017538069,3840,14.80248557478917,15,0,0,15,0.0,-0.05771836368398908,-0.08484083017538069,-0.05771836368398908,-0.05771836368398908,0.027122466491391606,31,False,,3861
cand_cc722df19101c8ad472f,mcv,PRESENT,-0.08639201294590748,3841,14.78029294274301,31,20,0,11,0.6451612903225806,1.4877182375005304,0.2744103869488299,1.4877182375005304,1.4877182375005304,1.574110250446438,6,False,,3862
cand_bb9b570f28ab229f10e7,mcv,PRESENT,-0.08640168442434515,3842,14.758100310696848,28,0,0,28,0.0,-0.0864016844247999,-0.5337687842738887,-0.0864016844247999,-0.0864016844247999,-4.547473508864641e-13,9,False,,3863
cand_a634b6536434a6eb8161,mcv,PRESENT,-0.08697075197869708,3844,14.713715046604527,29,0,0,29,0.0,-0.0783793764553593,-0.21695061955824713,-0.0783793764553593,-0.0783793764553593,0.008591375523337774,8,False,,3866
cand_36a4949b494697b89f2e,fd,PRESENT,-0.08747088616928522,3845,14.691522414558367,21,0,0,21,0.0,-0.0874708861695126,-0.0874708861695126,-0.0874708861695126,-0.0874708861695126,-2.2737367544323206e-13,16,False,,3736
cand_6e46b4c4e6af3c4b673d,mcv,PRESENT,-0.08752053765056189,3846,14.669329782512206,36,0,0,36,0.0,-0.08752053765056189,-6.121706773121559,-0.08752053765124401,-0.08752053765118717,0.0,1,False,,3867
cand_fdc66f3a0be227307493,mcv,PRESENT,-0.08789446895661968,3848,14.624944518419884,29,0,0,29,0.0,-0.3680460367231717,-0.378163482573882,-0.3680460367231717,-0.3680460367231717,-0.28015156776655203,23,False,,3869
cand_b20aa5438671286acd3a,mcv,PRESENT,-0.08844566551306343,3849,14.602751886373724,2,0,0,2,0.0,-0.08844566551306343,-0.08844566551306343,-0.08844566551306343,-0.08844566551306343,0.0,35,False,,3870
cand_e912e3798049556e8576,mcv,PRESENT,-0.08852205094626697,3850,14.580559254327563,10,0,0,10,0.0,-0.13852277389491974,-0.1385227738951471,-0.13852277389491974,-0.13852277389491974,-0.050000722948652765,28,False,,3871
cand_4cf5e125e724a455a9dd,mcv,PRESENT,-0.08863775741065183,3851,14.558366622281403,17,0,0,17,0.0,-0.08854678552279438,-0.08863775741133395,-0.08854678552279438,-0.08854678552279438,9.097188785744947e-05,20,False,,3872
cand_0c448feb1b70900c7725,mcv,PRESENT,-0.08886816749782156,3852,14.536173990235241,29,0,0,29,0.0,-0.05698373354130126,-0.08686301138277486,-0.05698373354130126,-0.05698373354130126,0.0318844339565203,31,False,,3873
cand_01b6bdcc05abd6320c2d,mcv,PRESENT,-0.089548255853515,3855,14.46959609409676,24,0,0,24,0.0,-0.08954825585396975,-0.09733679630676306,-0.0918848179898987,-0.08954825585400386,-4.547473508864641e-13,28,False,,3877
cand_34f99d0efd6da1801d53,mcv,PRESENT,-0.08977468919601961,3856,14.4474034620506,31,0,0,31,0.0,-0.03162174533827056,-0.03162174533827056,-0.03162174533827056,-0.03162174533827056,0.05815294385774905,17,False,,3878
cand_951b9748b4a79a181394,mcv,PRESENT,-0.08988185205362242,3857,14.425210830004438,26,0,0,26,0.0,-0.08988185205407717,-1.3028511773970877,-0.6963665147255824,-0.08988185205407717,-4.547473508864641e-13,10,False,,3879
cand_091073ba323326fa88da,mcv,PRESENT,-0.09037533578703005,3858,14.403018197958279,10,0,0,10,0.0,-0.09037533578771217,-0.09037533578771217,-0.09037533578771217,-0.09037533578771217,-6.821210263296962e-13,27,False,,3881
cand_62418d158fb711b3b809,fd,PRESENT,-0.09055451924723457,3859,14.380825565912117,29,0,9,20,0.0,0.0,-0.09055451924700719,0.0,0.0,0.09055451924723457,28,False,,3744
cand_a6e1fe09e7927c28862e,mcv,PRESENT,-0.09058780754457985,3860,14.358632933865957,36,0,0,36,0.0,-0.08909740591002446,-0.08909740591025184,-0.08909740591002446,-0.08909740591002446,0.0014904016345553828,19,False,,3882
cand_9253c7cd24f28ea6977f,mcv,PRESENT,-0.09139693241286295,3861,14.336440301819795,29,0,0,29,0.0,-0.04496938463034894,-0.052192410212910545,-0.05219241021268317,-0.05219241021268317,0.04642754778251401,21,False,,3883
cand_ee7167b26193d655ee62,mcv,PRESENT,-0.09169851923888928,3862,14.314247669773636,36,0,0,36,0.0,-0.09169851923888928,-0.09169851923888928,-0.09169851923888928,-0.09169851923888928,0.0,1,False,,3884
cand_d13dbd608698a229dfce,mcv,PRESENT,-0.09199490743503702,3863,14.292055037727474,29,28,0,1,0.9655172413793104,0.023226181134532453,0.023226181134532453,0.023226181134532453,0.023226181134532453,0.11522108856956947,19,False,,3886
cand_99e992c685ded0ed1dc5,mcv,PRESENT,-0.09325699366945628,3864,14.269862405681314,28,0,0,28,0.0,-0.0745049131480755,-0.07450491314830288,-0.0745049131480755,-0.0745049131480755,0.018752080521380776,13,False,,3887
cand_eda8901b879eefb99db1,mcv,PRESENT,-0.09337839835734485,3865,14.247669773635153,9,0,0,9,0.0,-0.0933783983577996,-0.09337839835802697,-0.0933783983577996,-0.0933783983577996,-4.547473508864641e-13,19,False,,3888
cand_a7e016eaf8ca6624c09f,mcv,PRESENT,-0.09349240844039741,3866,14.225477141588993,9,9,0,0,1.0,0.1577503429355147,0.1577503429355147,0.1577503429355147,0.1577503429355147,0.2512427513759121,28,False,,3889
cand_c38131fae460b194c30e,mcv,PRESENT,-0.09366813759788783,3867,14.203284509542831,20,0,0,20,0.0,-0.0914751551417794,-0.0914751551417794,-0.0914751551417794,-0.0914751551417794,0.0021929824561084388,21,False,,3890
cand_fdea4204d57fcf6f2821,mcv,PRESENT,-0.09374448494327225,3868,14.181091877496671,22,0,0,22,0.0,-0.09374448494327225,-0.10319942822104622,-0.09374448494327225,-0.09374448494327225,0.0,15,False,,3891
cand_cd4a340ed53b35d8bceb,mcv,PRESENT,-0.09467901141397306,3869,14.15889924545051,24,0,0,24,0.0,-0.09449377514306434,-0.09449377514306434,-0.09449377514306434,-0.09449377514306434,0.00018523627090871742,19,False,,3892
cand_b09f0e0b1a74bcb34d94,mcv,PRESENT,-0.09470038274594117,3870,14.13670661340435,20,17,0,3,0.85,1.8310746624938474,0.8457881297174481,0.8457881297174709,0.8950524563564848,1.9257750452397886,20,False,,3893
cand_f4d27e739ae4cd9fa1ca,mcv,PRESENT,-0.09717488904334459,3871,14.11451398135819,36,0,0,36,0.0,-0.08523419114203534,-0.08573099940474549,-0.08523419114214903,-0.08523419114203534,0.01194069790130925,13,False,,3894
cand_0eb80d6922626fb5e74a,mcv,PRESENT,-0.0971917609558659,3872,14.092321349312028,10,0,0,10,0.0,-0.04620404072079509,-0.04620404072079509,-0.04620404072079509,-0.04620404072079509,0.05098772023507081,27,False,,3895
cand_8c6c9b78d819863de40f,mcv,PRESENT,-0.09742227461538278,3873,14.070128717265868,29,0,0,29,0.0,-0.09482668047849074,-0.09482668047871812,-0.09482668047849074,-0.09482668047849074,0.002595594136892032,20,False,,3896
cand_035f10c6499c92090ec8,fd,PRESENT,-0.09831403959469753,3874,14.047936085219707,12,0,0,12,0.0,-0.0983140395949249,-0.0983140395949249,-0.0983140395949249,-0.0983140395949249,-2.2737367544323206e-13,25,False,,3756
cand_98fec01084e8597d7c61,mcv,PRESENT,-0.09868383796674607,3875,14.025743453173547,36,0,0,36,0.0,-0.09868383796674607,-1.5593406187010714,-1.5593406187010714,-1.1941764235174332,0.0,1,False,,3898
cand_9bba9c27bdacc2e2b109,fd,PRESENT,-0.10190877434342838,3876,14.003550821127385,29,0,0,29,0.0,-0.101908774343201,-0.10190877434342838,-0.101908774343201,-0.101908774343201,2.2737367544323206e-13,8,False,,3761
cand_2413aa10aead37a35003,mcv,PRESENT,-0.10240162110767415,3877,13.981358189081226,27,0,0,27,0.0,-0.08283924738680071,-0.08283924738680071,-0.08283924738680071,-0.08283924738680071,0.01956237372087344,21,False,,3900
cand_bfc1a069856cb1a81509,fd,PRESENT,-0.10277629471420369,3878,13.959165557035064,29,0,0,29,0.0,-0.10277629471420369,-0.10624666310741304,-0.10277629471443106,-0.10277629471429464,0.0,10,False,,3763
cand_b4df0f6a2ee097e877d1,mcv,PRESENT,-0.10470833945328195,3879,13.936972924988904,29,4,0,25,0.13793103448275862,0.07443604557283834,-0.7363811038474068,0.01809163166876715,0.05189828001120974,0.1791443850261203,8,False,,3902
cand_27766ad9f677c9ef1788,mcv,PRESENT,-0.10573650481092045,3880,13.914780292942742,12,0,0,12,0.0,-0.05469945482627736,-0.05469945482627736,-0.05469945482627736,-0.05469945482627736,0.05103704998464309,26,False,,3903
cand_7eee1a8045066d84c5b0,mcv,PRESENT,-0.10578201185944636,3881,13.892587660896583,14,0,0,14,0.0,-1.3306166104864587,-1.3306166104864587,-1.3306166104864587,-1.3306166104864587,-1.2248345986270124,23,False,,3904
cand_6b3a30959394fea3a1fa,mcv,PRESENT,-0.10635238498161925,3882,13.870395028850421,23,0,0,23,0.0,-0.10437616202284516,-2.2007071993966747,-0.13730369931363384,-0.1373036993134292,0.0019762229587740876,14,False,,3905
cand_bdcb4bc3ca10b36b2911,mcv,PRESENT,-0.10717525588734134,3884,13.8260097647581,20,0,0,20,0.0,-0.08464358105516112,-0.0846435810553885,-0.0846435810553885,-0.08464358105537713,0.022531674832180215,26,False,,3907
cand_ce78c64eace7984d72c6,mcv,PRESENT,-0.10826182260188943,3885,13.80381713271194,28,0,0,28,0.0,-0.05257656604658223,-0.09028792575088573,-0.052576566046741394,-0.05257656604658223,0.055685256555307205,33,False,,3909
cand_332d3ab4f632b40ed44e,mcv,PRESENT,-0.10838236734798556,3886,13.78162450066578,20,0,0,20,0.0,-0.07437320423059646,-0.10838236734798556,-0.07437320423059646,-0.07437320423059646,0.03400916311738911,30,False,,3910
cand_81bad1fadc06b868d8ea,fd,PRESENT,-0.10847649530751369,3887,13.759431868619618,28,0,0,28,0.0,-0.10847649530774106,-0.10847649530774106,-0.10847649530774106,-0.10847649530774106,-2.2737367544323206e-13,8,False,,3774
cand_32500df10d5abd79dd74,mcv,PRESENT,-0.10850795870283036,3888,13.737239236573458,29,0,0,29,0.0,-0.10750784466154073,-0.12868872821059085,-0.10750784466154073,-0.10750784466154073,0.0010001140412896348,8,False,,3911
cand_07d05a2b7dfaafe49574,mcv,PRESENT,-0.1115406602011717,3891,13.670661340434975,23,2,0,21,0.08695652173913043,0.003651270217005731,-0.11154066020139908,-0.11154066020139908,-0.00786792282503955,0.11519193041817744,35,False,,3915
cand_5ebe9441b70ab68bf898,mcv,PRESENT,-0.11159060367026541,3892,13.648468708388815,17,16,0,1,0.9411764705882353,0.3630231337826899,0.35901886256010584,0.3630231337826899,0.3630231337826899,0.4746137374529553,20,False,,3916
cand_8fa1b802ce5819d33484,mcv,PRESENT,-0.11203916642170952,3893,13.626276076342654,36,0,0,36,0.0,-0.11203916642170952,-2.077744337869035,-0.11203916642205058,-0.1120391664219369,0.0,1,False,,3917
cand_6b4c6c5899bba1981328,mcv,PRESENT,-0.11270249049448466,3895,13.581890812250332,23,0,0,23,0.0,-0.11270249049493941,-0.11270249049516678,-0.11270249049516678,-0.11270249049496214,-4.547473508864641e-13,19,False,,3920
cand_1634002594aea2f99ff4,mcv,PRESENT,-0.11473090754589066,3896,13.559698180204173,28,0,0,28,0.0,-0.02407389259997217,-0.02863266107169693,-0.02407389259997217,-0.02407389259997217,0.09065701494591849,9,False,,3922
cand_a288f703f34c89103a1c,mcv,PRESENT,-0.11492068164989178,3897,13.53750554815801,23,0,0,23,0.0,-0.11492068164989178,-0.11492068164989178,-0.11492068164989178,-0.11492068164989178,0.0,14,False,,3923
cand_2b72be75f9316fd933ea,mcv,PRESENT,-0.11576599212730798,3898,13.515312916111851,28,0,0,28,0.0,-0.11576599212730798,-0.11576599212730798,-0.11576599212730798,-0.11576599212730798,0.0,9,False,,3924
cand_f60bfa3a9ed79bd91730,mcv,PRESENT,-0.1172173901422866,3899,13.49312028406569,29,0,0,29,0.0,-0.04028307759108429,-0.04030774566012951,-0.04028307759108429,-0.04028307759108429,0.07693431255120231,23,False,,3928
cand_4b6af7ddc2465c49324e,mcv,PRESENT,-0.11791491653366393,3900,13.47092765201953,36,15,0,21,0.4166666666666667,0.38207928332690244,-0.1179149165338913,0.366863725574035,0.38207928332690244,0.49999419986056637,33,False,,3929
cand_207143fc811bf825c35f,fd,PRESENT,-0.11795863493625802,3901,13.448735019973368,28,0,16,12,0.0,0.0,0.0,0.0,0.0,0.11795863493625802,21,False,,3790
cand_bbae72285ef4cfdf3631,mcv,PRESENT,-0.11904047089137748,3902,13.426542387927208,29,5,0,24,0.1724137931034483,0.13852473743941118,-0.02255311568342222,0.13852473743941118,0.13852473743941118,0.25756520833078866,32,False,,3931
cand_85526979a2f77b29945f,mcv,PRESENT,-0.12019891529416782,3903,13.404349755881048,13,0,0,13,0.0,-0.1201700930869265,-0.12018395017548755,-0.12017286450463871,-0.1201700930869265,2.882220724131912e-05,31,False,,3932
cand_ab367acd2a3419928b7e,mcv,PRESENT,-0.12040041088312137,3905,13.359964491788727,29,0,0,29,0.0,-0.13068687885129293,-2.7019905795789327,-0.13122078168089502,-0.13090043998313378,-0.010286467968171564,16,False,,3934
cand_58536911a2e48f305e70,mcv,PRESENT,-0.12079387360063265,3906,13.337771859742565,15,0,0,15,0.0,-0.12079387360086002,-6.903762243670826,-0.12079387360095098,-0.12079387360086002,-2.2737367544323206e-13,10,False,,3936
cand_58a9ea5c8553f2877b03,mcv,PRESENT,-0.12109546588908415,3907,13.315579227696405,14,14,0,0,1.0,0.012936812280258891,0.012936812280258891,0.012936812280258891,0.012936812280258891,0.13403227816934304,23,False,,3937
cand_73fb1411c21b7478912c,mcv,PRESENT,-0.12229103198751545,3908,13.293386595650244,24,0,0,24,0.0,-0.12229103198819757,-0.12229103198819757,-0.12229103198819757,-0.12229103198819757,-6.821210263296962e-13,13,False,,3938
cand_df4b7ee37a08461dd762,mcv,PRESENT,-0.12280136082154058,3909,13.271193963604084,35,0,0,35,0.0,-0.12280136082176796,-0.12280136082199533,-0.12280136082176796,-0.12280136082176796,-2.2737367544323206e-13,6,False,,3939
cand_e29ab640b69dcf0c0914,mcv,PRESENT,-0.12376898594629893,3910,13.249001331557922,28,0,0,28,0.0,-0.10659893415618171,-0.12376898594675367,-0.10659893415618171,-0.10659893415618171,0.017170051790117213,30,False,,3940
cand_d787fb36bc63dca82edf,mcv,PRESENT,-0.12394795864383923,3911,13.226808699511762,26,23,0,3,0.8846153846153846,0.11799948019984186,0.11799948019961448,0.11799948019984186,0.11799948019984186,0.24194743884368108,14,False,,3941
cand_a4c01affab8005b60130,mcv,PRESENT,-0.12450594771780743,3912,13.2046160674656,36,31,0,5,0.8611111111111112,0.049962137388320116,0.04817006575353844,0.049962137388320116,0.049962137388320116,0.17446808510612755,27,False,,3942
cand_31cb03c710a0e55b63a7,mcv,PRESENT,-0.12527057894294558,3913,13.182423435419441,27,0,0,27,0.0,-0.0653531802120142,-0.10310639370641184,-0.0653531802120142,-0.0653531802120142,0.05991739873093138,32,False,,3943
cand_1b6820afa940eea4b1bd,mcv,PRESENT,-0.1257283966142495,3914,13.16023080337328,24,0,0,24,0.0,-0.1233156892592433,-0.1233156892592433,-0.1233156892592433,-0.1233156892592433,0.002412707355006205,13,False,,3944
cand_84085d17affc01ecca43,mcv,PRESENT,-0.1257655434847038,3915,13.13803817132712,36,24,0,12,0.6666666666666666,0.11320135642904461,0.11320135642881723,0.11320135642904461,0.11320135642904461,0.23896689991374842,13,False,,3945
cand_76f52c07426885c7fe51,mcv,PRESENT,-0.12620065487590182,3916,13.115845539280958,27,0,0,27,0.0,-0.12620065487635657,-0.12816302118949352,-0.12620065487635657,-0.12620065487635657,-4.547473508864641e-13,10,False,,3946
cand_a7cf54578a080bd0a300,mcv,PRESENT,-0.12999407001007057,3918,13.071460275188638,35,0,0,35,0.0,-0.1128555931666142,-0.11552492741998321,-0.1128555931666142,-0.1128555931666142,0.017138476843456374,21,False,,3947
cand_c0f1a803a011cc29b18c,mcv,PRESENT,-0.13048801202057803,3919,13.049267643142477,31,0,0,31,0.0,-0.04557776715341788,-0.10975392856039434,-0.04557776715341788,-0.04557776715341788,0.08491024486716015,29,False,,3948
cand_e3e2134f8680184e333a,mcv,PRESENT,-0.13066823098597524,3920,13.027075011096317,7,6,0,1,0.8571428571428571,0.1685100322033577,0.1685100322033577,0.1685100322033577,0.1685100322033577,0.29917826318933294,31,False,,3949
cand_398e880d015cea082cde,mcv,PRESENT,-0.13074444632820814,3922,12.982689747003995,3,0,0,3,0.0,-0.14227573342373034,-0.14227573342373034,-0.14227573342373034,-0.14227573342373034,-0.011531287095522202,34,False,,3951
cand_c276368069d9480ece32,mcv,PRESENT,-0.1308569881839503,3923,12.960497114957834,36,12,0,24,0.3333333333333333,0.29582674951666377,-0.13085698818417768,0.29582674951666377,0.29582674951666377,0.4266837377006141,26,False,,3952
cand_5207993363d7ffdb221b,mcv,PRESENT,-0.13150375157511007,3924,12.938304482911674,17,0,0,17,0.0,-0.048875652634023936,-0.04887565263425131,-0.048875652634023936,-0.048875652634023936,0.08262809894108614,20,False,,3953
cand_0a9566d0a35a41ce0872,mcv,PRESENT,-0.13171235401568993,3925,12.916111850865512,17,0,0,17,0.0,-0.13171235401614467,-0.13171235401614467,-0.13171235401614467,-0.13171235401614467,-4.547473508864641e-13,20,False,,3954
cand_7ef7e1106cc06d2f5008,mcv,PRESENT,-0.13245491543875687,3927,12.87172658677319,28,0,0,28,0.0,-0.10877278388579725,-0.10877278388579725,-0.10877278388579725,-0.10877278388579725,0.023682131552959618,21,False,,3956
cand_e16d18a8cfff07d5e105,mcv,PRESENT,-0.13471443981507036,3928,12.84953395472703,27,0,0,27,0.0,-0.13471443981575248,-0.13500333036904522,-0.13471443981575248,-0.13471443981575248,-6.821210263296962e-13,10,False,,3957
cand_086da01fc1ed1a5d1490,mcv,PRESENT,-0.13548312338662072,3929,12.82734132268087,31,0,0,31,0.0,-0.029855505175873986,-1.2361215790422193,-0.029855505175873986,-0.029855505175873986,0.10562761821074673,12,False,,3958
cand_39390017e3519f36bd9b,mcv,PRESENT,-0.13826785929995822,3930,12.80514869063471,20,0,0,20,0.0,-0.03484230496337659,-0.03484230496337659,-0.03484230496337659,-0.03484230496337659,0.10342555433658163,17,False,,3960
cand_4abd9138b2c7341d3403,fd,PRESENT,-0.13984018264818587,3931,12.782956058588548,28,0,0,28,0.0,-0.045662100456638655,-0.045662100456638655,-0.045662100456638655,-0.045662100456638655,0.09417808219154722,15,False,,3825
cand_a5b1494e7c1bec97160b,mcv,PRESENT,-0.14082619714372413,3932,12.760763426542388,36,0,0,36,0.0,-0.13159574181440803,-0.1408261971439515,-0.14082619714372413,-0.1385185833113951,0.0092304553293161,35,False,,3962
cand_80eb8175a6d3f96ec21c,fd,PRESENT,-0.14134966798792448,3933,12.738570794496228,24,0,0,24,0.0,-0.1413496679876971,-0.14134966798792448,-0.1413496679876971,-0.1413496679876971,2.2737367544323206e-13,13,False,,3827
cand_202f8cb98ab5eff2ff25,mcv,PRESENT,-0.14183582625719282,3935,12.694185530403907,29,10,0,19,0.3448275862068966,0.567845343059389,-0.00010361859153817932,0.567845343059389,0.567845343059389,0.7096811693165819,8,False,,3964
cand_0b0d848caeff4ba15700,fd,PRESENT,-0.14190396743560996,3936,12.671992898357745,24,0,9,15,0.0,0.0,-0.09818551806006326,0.0,0.0,0.14190396743560996,28,False,,3829
cand_307d9eecbcb8ce5012d0,fd,PRESENT,-0.142081875023905,3937,12.649800266311585,30,0,0,30,0.0,-0.14208187502458713,-0.14208187502458713,-0.14208187502458713,-0.14208187502458713,-6.821210263296962e-13,7,False,,3830
cand_edf2916411da57196a7b,mcv,PRESENT,-0.14219541275360825,3938,12.627607634265424,29,0,0,29,0.0,-0.1206522654051696,-0.14219541275383563,-0.1206522654051696,-0.1206522654051696,0.02154314734843865,25,False,,3965
cand_6347cf7841079e8b70ad,mcv,PRESENT,-0.14290454870206304,3939,12.605415002219264,9,0,0,9,0.0,-0.14290454870183567,-0.14290454870183567,-0.14290454870183567,-0.14290454870183567,2.2737367544323206e-13,28,False,,3966
cand_1eb30f2dbce5b00e934a,fd,PRESENT,-0.1441777215432012,3940,12.583222370173102,29,23,0,6,0.7931034482758621,0.025913602657510637,0.025913602657510637,0.025913602657510637,0.025913602657510637,0.17009132420071182,14,False,,3831
cand_11c1a931dfb5ccb6dff2,mcv,PRESENT,-0.14483313150776667,3941,12.561029738126942,30,0,0,30,0.0,-0.1146098750721194,-0.23431859012089262,-0.14483313150799404,-0.14483313150799404,0.030223256435647272,36,False,,3967
cand_42d2d4327dcb31ea29f8,mcv,PRESENT,-0.14597481741566298,3942,12.53883710608078,20,0,0,20,0.0,-0.14597481741611773,-0.14597481741611773,-0.14597481741611773,-0.14597481741611773,-4.547473508864641e-13,19,False,,3969
cand_ce7e96762de910c708a1,mcv,PRESENT,-0.14601462355403783,3943,12.51664447403462,5,0,0,5,0.0,-0.14601462355403783,-0.14601462355403783,-0.14601462355403783,-0.14601462355403783,0.0,1,False,,3970
cand_0087241ad990c53b6b17,mcv,PRESENT,-0.1460438654439713,3944,12.49445184198846,4,0,0,4,0.0,-0.1460438654439713,-0.1460438654439713,-0.1460438654439713,-0.1460438654439713,0.0,27,False,,3971
cand_a83bf6ff7649ad4195c1,mcv,PRESENT,-0.14664389918561938,3945,12.4722592099423,29,0,0,29,0.0,-0.09938651845823188,-0.14664389918561938,-0.09938651845823188,-0.09938651845823188,0.0472573807273875,19,False,,3973
cand_43f6f94a41e8c2fb5dfc,mcv,PRESENT,-0.14855815045393683,3946,12.450066577896138,28,0,0,28,0.0,-0.12017096713134379,-0.12017096713134379,-0.12017096713134379,-0.12017096713134379,0.028387183322593046,13,False,,3976
cand_cd52aff73e48af5fa288,fd,PRESENT,-0.1486637536836497,3947,12.427873945849978,29,0,0,29,0.0,-0.14866375368342233,-0.1486637536836497,-0.14866375368342233,-0.14866375368342233,2.2737367544323206e-13,8,False,,3838
cand_ffc73c0fdcffcb1e0877,fd,PRESENT,-0.1486637536836497,3948,12.405681313803818,20,0,0,20,0.0,-0.14866375368342233,-0.1486637536836497,-0.14866375368342233,-0.14866375368342233,2.2737367544323206e-13,19,False,,3839
cand_8934a285eb305d405bd4,mcv,PRESENT,-0.15042384058870084,3949,12.383488681757656,35,0,0,35,0.0,-0.10918569911382292,-0.14040221305117484,-0.12167230468876364,-0.10918569911382292,0.04123814147487792,15,False,,3977
cand_17f790e4bf0e97462bc1,mcv,PRESENT,-0.15058926972233166,3950,12.361296049711497,36,0,0,36,0.0,-0.15005536689295695,-0.15005536689295695,-0.15005536689295695,-0.15005536689295695,0.0005339028293747106,16,False,,3978
cand_5322240ef2085b16c712,mcv,PRESENT,-0.15162435769070726,3952,12.316910785619175,31,0,0,31,0.0,-0.151624357691162,-0.151624357691162,-0.151624357691162,-0.151624357691162,-4.547473508864641e-13,3,False,,3980
cand_c25a0042aa6c1d7bfbd7,mcv,PRESENT,-0.15263909769328166,3953,12.294718153573013,24,0,0,24,0.0,-0.1526390976937364,-3.0860408551204728,-3.0860408551204728,-3.0860408551204728,-4.547473508864641e-13,8,False,,3981
cand_7ad23ee87c13f88952bc,mcv,PRESENT,-0.15289655087963183,3954,12.272525521526854,24,12,0,12,0.5,0.3096157338284229,0.09627386497788848,0.3096157338284229,0.3096157338284229,0.4625122847080547,26,False,,3982
cand_344e14190081068b800e,fd,PRESENT,-0.15319737069057737,3955,12.250332889480692,30,19,0,11,0.6333333333333333,0.6976448065222485,0.6976448065220211,0.6976448065220211,0.6976448065221461,0.8508421772128258,19,False,,3842
cand_b33072c7eaebb0ced2b2,mcv,PRESENT,-0.15394268300133263,3956,12.228140257434532,24,0,0,24,0.0,-0.15394268300133263,-0.15394268300156,-0.15394268300156,-0.15394268300136674,0.0,19,False,,3983
cand_c546bb8fcbf0798f9d52,fd,PRESENT,-0.1541992028714958,3957,12.20594762538837,29,0,0,29,0.0,-0.00035304902598909393,-0.00035304902598909393,-0.00035304902598909393,-0.00035304902598909393,0.1538461538455067,8,False,,3846
cand_dd40abd29221b949d891,fd,PRESENT,-0.1545589333782118,3958,12.18375499334221,21,0,0,21,0.0,-7.3653392291817e-05,-7.365339251919067e-05,-7.3653392291817e-05,-7.3653392291817e-05,0.15448527998592,26,False,,3847
cand_00b6abc6b30f185031fd,mcv,PRESENT,-0.155000187168298,3959,12.161562361296049,29,0,0,29,0.0,-0.05456563836150963,-0.08814512132607888,-0.05456563836150963,-0.05456563836150963,0.10043454880678837,26,False,,3985
cand_9cd102104e10a0a784f4,fd,PRESENT,-0.1552162849866363,3960,12.13936972924989,27,0,0,27,0.0,-0.15521628498709106,-0.15521628498731843,-0.15521628498709106,-0.15521628498709106,-4.547473508864641e-13,10,False,,3849
cand_dceacb6f393d622cf1da,mcv,PRESENT,-0.15646339507020457,3961,12.117177097203728,27,0,0,27,0.0,-0.15646339507065932,-0.15646339507065932,-0.15646339507065932,-0.15646339507065932,-4.547473508864641e-13,10,False,,3987
cand_9790a180747282ca3469,mcv,PRESENT,-0.15776004375493358,3962,12.094984465157568,6,0,0,6,0.0,-0.020380748724164732,-0.020380748724164732,-0.020380748724164732,-0.020380748724164732,0.13737929503076884,31,False,,3988
cand_8ba3d3528a9d4bfe82ca,fd,PRESENT,-0.15824324704226456,3963,12.072791833111406,28,0,0,28,0.0,-0.05663896896726328,-0.06155672375780341,-0.05663896896726328,-0.05663896896726328,0.10160427807500128,21,False,,3853
cand_dc9dc52a9ccac9b52e68,fd,PRESENT,-0.15886099955787358,3964,12.050599201065246,29,0,0,29,0.0,-0.15886099955810096,-0.15886099955810096,-0.15886099955810096,-0.15886099955810096,-2.2737367544323206e-13,8,False,,3855
cand_f29bfad0bc6ec6669281,mcv,PRESENT,-0.1625903485210074,3968,11.961828672880603,12,0,0,12,0.0,-1.485407272514749,-1.485407272514749,-1.485407272514749,-1.485407272514749,-1.3228169239937415,25,False,,3994
cand_8bbd75b75964775415d5,mcv,PRESENT,-0.16269031860520045,3969,11.939636040834444,29,0,0,29,0.0,-0.16269031860520045,-0.16269031860520045,-0.16269031860520045,-0.16269031860520045,0.0,8,False,,3995
cand_08d15b57a56fb5d2b00a,mcv,PRESENT,-0.16324116896430496,3970,11.917443408788282,29,0,0,29,0.0,-0.09436222424869811,-0.09436222424869811,-0.09436222424869811,-0.09436222424869811,0.06887894471560685,9,False,,3996
cand_768602f475cd48d35c10,mcv,PRESENT,-0.1635423267898659,3971,11.895250776742122,29,0,0,29,0.0,-0.16214912335635745,-0.18684629405856867,-0.16214912335653936,-0.16214912335635745,0.0013932034335084609,8,False,,3997
cand_64e3e7060d93dc116f4a,mcv,PRESENT,-0.16512068643078237,3972,11.87305814469596,29,0,0,29,0.0,-0.7109766500502701,-0.7644026810330615,-0.710976650050452,-0.7109766500502701,-0.5458559636194877,8,False,,3999
cand_0ec20e8be4ce27b13f9c,mcv,PRESENT,-0.16562868415894627,3973,11.8508655126498,36,0,0,36,0.0,-0.16562868415894627,-1.626285464892817,-1.626285464892817,-1.2611212697091787,0.0,1,False,,4000
cand_5d952663b58926febedb,fd,PRESENT,-0.16603449691683636,3974,11.828672880603639,23,0,0,23,0.0,-0.166034496916609,-0.166034496916609,-0.166034496916609,-0.166034496916609,2.2737367544323206e-13,14,False,,3865
cand_80fba1ed07c45c059018,mcv,PRESENT,-0.16640690925305535,3975,11.80648024855748,28,0,0,28,0.0,-0.16640690925328272,-5.210250355758831,-0.16640690925328272,-0.16640690925328272,-2.2737367544323206e-13,9,False,,4001
cand_584fea8dab2444c46da5,mcv,PRESENT,-0.16721188375686324,3976,11.784287616511318,36,0,0,36,0.0,-0.16721188375686324,-0.16721188375686324,-0.16721188375686324,-0.16721188375686324,0.0,1,False,,4002
cand_d6a7d4c6d1dbe4c78e05,mcv,PRESENT,-0.16787990354441717,3977,11.762094984465158,25,0,0,25,0.0,-0.16787990354441717,-1.1337522543678915,-1.1337522543676641,-1.1337522543676641,0.0,8,False,,4003
cand_95707402c406fcda9173,mcv,PRESENT,-0.16860839385844884,3978,11.739902352418996,27,0,0,27,0.0,-0.0955629191605567,-0.0955629191605567,-0.0955629191605567,-0.0955629191605567,0.07304547469789213,21,False,,4006
cand_3afe3ade2155c40e131f,mcv,PRESENT,-0.16885401141553302,3979,11.717709720372836,29,0,0,29,0.0,-0.1497800917729819,-0.1497800917729819,-0.1497800917729819,-0.1497800917729819,0.019073919642551118,16,False,,4007
cand_f5c475a11d042468f2d8,mcv,PRESENT,-0.1699944709380361,3981,11.673324456280515,31,0,0,31,0.0,-0.019309539431333178,-0.019309539431333178,-0.019309539431333178,-0.019309539431333178,0.15068493150670292,14,False,,4009
cand_5f74f91d5d461d73fc00,mcv,PRESENT,-0.17073784621879895,3982,11.651131824234355,21,0,0,21,0.0,-0.17073784621902632,-0.17073784621902632,-0.17073784621902632,-0.17073784621902632,-2.2737367544323206e-13,16,False,,4010
cand_4cc094282674da205756,fd,PRESENT,-0.1720580647861425,3984,11.606746560142033,30,0,0,30,0.0,-0.17205806478591512,-0.1720580647861425,-0.17205806478591512,-0.17205806478591512,2.2737367544323206e-13,7,False,,3880
cand_fbe2b19cdcffab112843,mcv,PRESENT,-0.17227777204880113,3985,11.584553928095872,16,0,0,16,0.0,-0.1722777720490285,-0.1722777720490285,-0.1722777720490285,-0.1722777720490285,-2.2737367544323206e-13,21,False,,4011
cand_1be486828484f0c9598f,mcv,PRESENT,-0.17229759678502887,3986,11.562361296049712,25,0,0,25,0.0,-0.17229759678548362,-0.926770332301885,-0.9258018069474474,-0.32299843881806045,-4.547473508864641e-13,10,False,,4012
cand_6619d2e8c7d1e16efa4d,mcv,PRESENT,-0.17321883688691742,3987,11.54016866400355,29,0,0,29,0.0,-0.17327267937594115,-2.0281398265105963,-0.17327267937594115,-0.17327267937594115,-5.384248902373656e-05,8,False,,4013
cand_d4273dee6f77b4ee0aeb,mcv,PRESENT,-0.17338220566307427,3988,11.51797603195739,36,0,0,36,0.0,-0.07751882776028651,-0.1733822056628469,-0.07751882776051389,-0.07751882776045704,0.09586337790278776,26,False,,4014
cand_81eb29d0177ea470e2b1,fd,PRESENT,-0.17566599314977793,3990,11.473590767865069,29,0,0,29,0.0,-0.1756659931500053,-0.17566599315023268,-0.1756659931500053,-0.1756659931500053,-2.2737367544323206e-13,10,False,,3885
cand_a8b22c4e10eed8c10af9,mcv,PRESENT,-0.1804172127176571,3992,11.429205503772748,28,0,0,28,0.0,-0.17997286252170852,-0.1804196355926706,-0.17997286252170852,-0.17997286252170852,0.00044435019594857295,33,False,,4018
cand_5112103c5e00d267be37,mcv,PRESENT,-0.18156474763145525,3993,11.407012871726586,23,0,0,23,0.0,-0.1742423124828747,-0.17424231248310207,-0.1742423124828747,-0.1742423124828747,0.007322435148580553,19,False,,4019
cand_cfb3299dcf7cf12b5ad6,mcv,PRESENT,-0.18185440239449235,3994,11.384820239680426,24,0,0,24,0.0,-0.1818544023949471,-0.1818544023949471,-0.1818544023949471,-0.1818544023949471,-4.547473508864641e-13,13,False,,4020
cand_d3bc2bce1b759ed5ea10,mcv,PRESENT,-0.181999999999789,3995,11.362627607634266,31,24,0,7,0.7741935483870968,0.058966899913684756,0.05896689991345738,0.05896689991345738,0.058966899913684756,0.24096689991347375,13,False,,4021
cand_ee7f744855cc7ef044ef,mcv,PRESENT,-0.18369433751377073,3996,11.340434975588105,23,0,0,23,0.0,-0.1474951807153957,-0.1474951807153957,-0.1474951807153957,-0.1474951807153957,0.03619915679837504,15,False,,4024
cand_3bec628b4c5b1f3f4e2c,mcv,PRESENT,-0.18413435706588643,3997,11.318242343541945,36,18,0,18,0.5,0.07683254284756913,-0.05365090710915865,0.07683254284756913,0.07683254284756913,0.26096689991345556,13,False,,4025
cand_b0c0b51a03c2d991e5f2,fd,PRESENT,-0.18740723312748742,4000,11.251664447403462,29,28,0,1,0.9655172413793104,0.026333224887594042,0.02633322488736667,0.026333224887594042,0.026333224887594042,0.21374045801508146,10,False,,3897
cand_bf5a455fe000d90151a6,mcv,PRESENT,-0.18764122735501587,4001,11.229471815357302,22,0,0,22,0.0,-0.13771286803307703,-4.052195104407474,-0.13771286803309976,-0.13771286803307703,0.04992835932193884,10,False,,4029
cand_dec4a869c2c3fd1119c5,mcv,PRESENT,-0.18830688458820077,4002,11.20727918331114,30,0,0,30,0.0,-0.08540353304033488,-0.08540353304056225,-0.08540353304033488,-0.08540353304033488,0.1029033515478659,19,False,,4030
cand_a5be2e6e1aa98e047b25,mcv,PRESENT,-0.1884224988225469,4003,11.18508655126498,29,0,0,29,0.0,-0.1036088463492888,-0.189522044317755,-0.1036088463492888,-0.1036088463492888,0.08481365247325812,33,False,,4031
cand_bb0d7d694cbfb26ac34f,mcv,PRESENT,-0.18889075324204896,4004,11.162893919218819,29,0,0,29,0.0,-0.14079637153668045,-0.17204635736038654,-0.14079637153668045,-0.14079637153668045,0.048094381705368505,11,False,,4032
cand_8803ebf084c189eb94f7,fd,PRESENT,-0.18907919280991337,4005,11.140701287172659,4,0,4,0,0.0,0.0,0.0,0.0,0.0,0.18907919280991337,33,False,,3899
cand_b20291571291c871a1d7,mcv,PRESENT,-0.18930370727139234,4006,11.118508655126497,29,0,0,29,0.0,-0.18664022852885864,-0.18667909467194477,-0.18664022852885864,-0.18664022852885864,0.002663478742533698,23,False,,4033
cand_483c20afd51e26133cb0,mcv,PRESENT,-0.18953743272049905,4007,11.096316023080337,29,0,0,29,0.0,-0.11932466676330478,-0.1365091705931718,-0.11932466676330478,-0.11932466676330478,0.07021276595719428,8,False,,4034
cand_7af342bd59cdd3d9779c,mcv,PRESENT,-0.19027893042402866,4008,11.074123391034176,28,0,0,28,0.0,-0.19027893042380128,-1.513095854417088,-0.19027893042402866,-0.19027893042388086,2.2737367544323206e-13,10,False,,4035
cand_b3656d0395f744f81c5b,mcv,PRESENT,-0.19067367259594903,4009,11.051930758988016,31,0,0,31,0.0,-0.13862889972301673,-0.1401601340958223,-0.13862889972301673,-0.13862889972301673,0.0520447728729323,28,False,,4036
cand_5e4b78777668e88e205a,mcv,PRESENT,-0.19082819803134043,4010,11.029738126941856,27,0,0,27,0.0,-0.1616077380438128,-0.1616201118263234,-0.1616077380438128,-0.1616077380438128,0.029220459987527647,25,False,,4037
cand_6ee816f052a51d238702,mcv,PRESENT,-0.1933368093923491,4011,11.007545494895695,29,0,0,29,0.0,-0.19333680939257647,-0.19333680939257647,-0.19333680939257647,-0.19333680939257647,-2.2737367544323206e-13,8,False,,4039
cand_39196f5e6d2180e0bcf6,mcv,PRESENT,-0.19472462922021805,4012,10.985352862849535,28,0,0,28,0.0,-0.19472462922090017,-0.19472462922090017,-0.19472462922090017,-0.19472462922090017,-6.821210263296962e-13,9,False,,4040
cand_ec192858d958562fc61d,mcv,PRESENT,-0.1966743670809592,4013,10.963160230803373,29,0,0,29,0.0,-0.19667436708164132,-0.19667436708164132,-0.19667436708164132,-0.19667436708164132,-6.821210263296962e-13,8,False,,4041
cand_b98849a14b8093cbea14,mcv,PRESENT,-0.19670678158217925,4014,10.940967598757213,28,0,0,28,0.0,-0.196706781582634,-1.9989802574871192,-0.196706781582634,-0.196706781582634,-4.547473508864641e-13,10,False,,4042
cand_f8a2d402c30b5184c5a5,fd,PRESENT,-0.19768835443392163,4015,10.918774966711052,29,0,0,29,0.0,-0.08495845345078124,-0.0925894522638373,-0.08495845345100861,-0.08495845345087219,0.1127299009831404,23,False,,3901
cand_29122a5d366c1e62bf4e,mcv,PRESENT,-0.19787768522473925,4016,10.896582334664892,30,0,0,30,0.0,-0.011804625863987894,-0.011804625864215268,-0.011804625863987894,-0.011804625863987894,0.18607305936075136,14,False,,4043
cand_4d4f6788b41ccb6edd25,mcv,PRESENT,-0.1997902576749766,4017,10.87438970261873,36,0,0,36,0.0,-0.19979025767474923,-0.1997902576749766,-0.19979025767474923,-0.19979025767474923,2.2737367544323206e-13,6,False,,4044
cand_0a2ffb9965a1191e2c6e,mcv,PRESENT,-0.20099946370100952,4018,10.85219707057257,6,6,0,0,1.0,0.26568201228928956,0.2656820122891759,0.26568201228928956,0.26568201228928956,0.4666814759902991,32,False,,4045
cand_a68f30e7c17fc251a101,mcv,PRESENT,-0.2025777174922041,4019,10.830004438526409,29,19,0,10,0.6551724137931034,0.10355507520876017,0.10355507520876017,0.10355507520876017,0.10355507520876017,0.3061327927009643,18,False,,4046
cand_a33bdf73d136d5f0aa3e,mcv,PRESENT,-0.20290403490344033,4020,10.807811806480249,11,0,0,11,0.0,-0.8172335305500837,-0.8172335305500837,-0.8172335305500837,-0.8172335305500837,-0.6143294956466434,17,False,,4047
cand_be99f830ced366852e8f,mcv,PRESENT,-0.2046673296536028,4022,10.763426542387927,18,14,0,4,0.7777777777777778,0.16746987928468116,0.16746987928445378,0.16746987928468116,0.16746987928468116,0.37213720893828395,23,False,,4049
cand_d50e35f704da3487ee93,mcv,PRESENT,-0.20527161080190126,4024,10.719041278295606,17,0,0,17,0.0,-0.205271610802356,-0.205271610802356,-0.205271610802356,-0.205271610802356,-4.547473508864641e-13,20,False,,4051
cand_b95b9e660d93a3c218fb,mcv,PRESENT,-0.2056276626235558,4025,10.696848646249444,23,0,0,23,0.0,-0.20551625442431032,-0.3106001455628302,-0.20551625442431032,-0.20551625442431032,0.0001114081992454885,14,False,,4052
cand_c5863a93095390e2dd5c,mcv,PRESENT,-0.20573827982934745,4026,10.674656014203284,29,12,0,17,0.41379310344827586,0.5039428894872344,-0.027175740132861392,0.5039428894872344,0.5039428894872344,0.7096811693165819,8,False,,4053
cand_ee32e8b0177d766aed23,fd,PRESENT,-0.20600000000013097,4027,10.652463382157125,30,0,24,6,0.0,0.0,0.0,0.0,0.0,0.20600000000013097,13,False,,3908
cand_2159dd21e65c7a0e35b9,mcv,PRESENT,-0.20676052783164778,4028,10.630270750110963,29,0,0,29,0.0,-0.09391155098205672,-0.0939115509822841,-0.0939115509822841,-0.09391155098214768,0.11284897684959105,26,False,,4054
cand_b8e5fb2aacaaac77c8b5,mcv,PRESENT,-0.20747794923227048,4029,10.608078118064803,17,0,0,17,0.0,-0.2074779492320431,-0.2074779492320431,-0.2074779492320431,-0.2074779492320431,2.2737367544323206e-13,20,False,,4055
cand_c5a5ff187cf848901de8,fd,PRESENT,-0.2100518644647309,4031,10.563692853972482,29,0,0,29,0.0,-0.0463716927670248,-0.04637169276725217,-0.0463716927670248,-0.0463716927670248,0.1636801716977061,19,False,,3913
cand_5883fc51eb47e6aa82d8,mcv,PRESENT,-0.21218813532959757,4033,10.51930758988016,29,0,0,29,0.0,-0.1818023253536012,-0.19689474522829187,-0.1818023253536012,-0.1818023253536012,0.03038580997599638,19,False,,4058
cand_019eb6979d61b87e955f,mcv,PRESENT,-0.21326408971981436,4034,10.497114957833999,36,0,0,36,0.0,-0.1586836630808648,-0.1889068972034238,-0.1586836630808648,-0.1586836630808648,0.054580426638949575,31,False,,4059
cand_405f8fc87ef96ae9d421,mcv,PRESENT,-0.21351649656298832,4035,10.474922325787839,23,0,0,23,0.0,-0.21351649656367044,-0.5297722689992952,-0.2135164965637159,-0.21351649656367044,-6.821210263296962e-13,14,False,,4060
cand_08d168ed84772d3b1c5b,mcv,PRESENT,-0.21362615585167077,4036,10.452729693741677,22,0,0,22,0.0,-0.04249703871528254,-0.042497038715509916,-0.04249703871528254,-0.04249703871528254,0.17112911713638823,26,False,,4061
cand_16b74989fa21876b3881,mcv,PRESENT,-0.21477321657221182,4037,10.430537061695517,18,0,0,18,0.0,-0.21477321657289394,-0.21477321657289394,-0.21477321657289394,-0.21477321657289394,-6.821210263296962e-13,9,False,,4062
cand_d333ff3f3829b386f01d,fd,PRESENT,-0.21511736499360268,4038,10.408344429649356,30,29,0,1,0.9666666666666667,0.03033184228729624,0.03033184228729624,0.03033184228729624,0.03033184228729624,0.24544920728089892,8,False,,3919
cand_cff7dd90f4036a2caac6,mcv,PRESENT,-0.21581395204884757,4039,10.386151797603196,30,0,0,30,0.0,-0.1247224267870024,-2.132325062367272,-0.12579023244620657,-0.1252029393336443,0.09109152526184516,16,False,,4064
cand_eee3cf6f38f067e0b8f4,fd,PRESENT,-0.21849069959444023,4040,10.363959165557034,19,0,0,19,0.0,-0.21849069959489498,-0.21849069959489498,-0.21849069959489498,-0.21849069959489498,-4.547473508864641e-13,19,False,,3921
cand_c7a4f307d59d0ec7bb7a,mcv,PRESENT,-0.21891381200020987,4041,10.341766533510874,14,0,0,14,0.0,-0.21891381200020987,-0.21891381200043725,-0.21891381200020987,-0.21891381200020987,0.0,19,False,,4066
cand_b642f370d7ee4d197b72,mcv,PRESENT,-0.22055178824939503,4042,10.319573901464715,28,0,0,28,0.0,-0.2205517882496224,-0.22055178824984978,-0.2205517882496224,-0.2205517882496224,-2.2737367544323206e-13,10,False,,4067
cand_199fccb3598d64caafa4,mcv,PRESENT,-0.22113067780355777,4043,10.297381269418553,28,0,0,28,0.0,-0.1813197667888744,-0.2211306778042399,-0.1813197667888744,-0.1813197667888744,0.03981091101468337,28,False,,4068
cand_630c87b259b8e5d7ca90,fd,PRESENT,-0.22174637163880107,4044,10.275188637372393,21,0,0,21,0.0,-0.2217463716392558,-0.2217463716392558,-0.2217463716392558,-0.2217463716392558,-4.547473508864641e-13,16,False,,3925
cand_472907e1c14bf147c28c,fd,PRESENT,-0.22174637163880107,4046,10.230803373280072,30,0,0,30,0.0,-0.2217463716392558,-0.2217463716392558,-0.2217463716392558,-0.2217463716392558,-4.547473508864641e-13,7,False,,3927
cand_b3db9f2f619ae04b799a,mcv,PRESENT,-0.22458737713623123,4047,10.20861074123391,23,0,0,23,0.0,-0.22458737713623123,-0.22512127996606068,-0.22485432855114595,-0.2246140722777227,0.0,14,False,,4069
cand_d0aa1c4c2d010351ce4d,mcv,PRESENT,-0.22572839812983148,4048,10.18641810918775,30,0,0,30,0.0,-0.22572839812983148,-1.1599178496082914,-0.33548449569070726,-0.33548449569070726,0.0,4,False,,4070
cand_242ad3b98302caf41d56,fd,PRESENT,-0.22592627869289572,4050,10.142032845095429,23,0,14,9,0.0,0.0,0.0,0.0,0.0,0.22592627869289572,14,False,,3930
cand_7149b81e43d2ec234787,mcv,PRESENT,-0.2272657481407805,4051,10.119840213049267,29,0,0,29,0.0,-0.06190660387346725,-0.21291971531059062,-0.06190660387346725,-0.06190660387346725,0.16535914426731324,32,False,,4072
cand_81c0e614a54a7d732505,mcv,PRESENT,-0.22968041188505595,4053,10.075454948956946,31,0,0,31,0.0,-0.14530439501777437,-0.17812634318784148,-0.14530439501777437,-0.14530439501777437,0.08437601686728158,26,False,,4074
cand_2410364c433e6ca001ee,mcv,PRESENT,-0.23020682611240773,4054,10.053262316910786,24,0,12,12,0.0,0.0,-0.11510341305643124,0.0,0.0,0.23020682611240773,25,False,,4075
cand_85e6ef06d7148d4763d3,fd,PRESENT,-0.2302268964022005,4055,10.031069684864624,9,9,0,0,1.0,0.0005423343668553571,0.0005423343668553571,0.0005423343668553571,0.0005423343668553571,0.23076923076905587,28,False,,3935
cand_048afffff1149868ac53,mcv,PRESENT,-0.23092517328768736,4056,10.008877052818464,29,0,0,29,0.0,-0.14918548259947784,-0.17666732904831406,-0.14918548259947784,-0.14918548259947784,0.08173969068820952,33,False,,4076
cand_8fa8ac6afff0e5364f9c,mcv,PRESENT,-0.23110254054608959,4057,9.986684420772304,36,0,0,36,0.0,-0.11921191781016205,-0.2311025405467717,-0.11921191781016205,-0.11921191781016205,0.11189062273592754,23,False,,4077
cand_da386fac8a77342b3824,mcv,PRESENT,-0.2326152317564265,4058,9.964491788726143,29,0,0,29,0.0,-0.23261523175710863,-0.4826856848319494,-0.23261523175710863,-0.23261523175710863,-6.821210263296962e-13,8,False,,4078
cand_9edaf52ef2904746640b,mcv,PRESENT,-0.23565651535318466,4061,9.897913892587662,20,0,0,20,0.0,-0.2356565153536394,-0.23565651535386678,-0.23565651535384405,-0.2356565153536394,-4.547473508864641e-13,19,False,,4081
cand_ad2147df0724ffd81379,mcv,PRESENT,-0.2385405817121864,4062,9.8757212605415,30,29,0,1,0.9666666666666667,0.21784242086232553,0.08612766212195311,0.21784242086232553,0.21784242086232553,0.4563830025745119,8,False,,4082
cand_59d04c5816c7d4fc20b1,mcv,PRESENT,-0.23904015496646025,4063,9.85352862849534,27,0,0,27,0.0,-0.23904015496668762,-0.3683431952663341,-0.239040154966915,-0.23904015496675585,-2.2737367544323206e-13,10,False,,4083
cand_dd817306b4de47b867e6,mcv,PRESENT,-0.2390830847189136,4064,9.831335996449178,29,17,0,12,0.5862068965517241,1.0994822429124724,0.801809844588206,0.801809844588206,0.8018098445883425,1.338565327631386,20,False,,4084
cand_c6152d052dcb46f93e20,mcv,PRESENT,-0.23985765939232806,4065,9.809143364403019,20,17,0,3,0.85,0.006683143542431935,0.006650831624597231,0.006683143542431935,0.006683143542431935,0.24654080293476,28,False,,4085
cand_e7c0b6f044c48adee6a6,mcv,PRESENT,-0.24223510752290167,4066,9.786950732356857,10,10,0,0,1.0,1.3318751429235363,1.3318751429235363,1.3318751429235363,1.3318751429235363,1.574110250446438,27,False,,4086
cand_9cc4f62de54b9491751b,mcv,PRESENT,-0.24313653629815235,4067,9.764758100310697,28,0,0,28,0.0,-0.09144623527276963,-0.09187657320512699,-0.09166586646347241,-0.0915231061895156,0.15169030102538272,21,False,,4087
cand_cf6c0c35c627741d022d,mcv,PRESENT,-0.24357709970081487,4068,9.742565468264536,29,24,0,5,0.8275862068965517,0.01174163133532602,0.011741631335098646,0.01174163133532602,0.01174163133532602,0.2553187310361409,13,False,,4088
cand_d312560ffbeb0707958a,mcv,PRESENT,-0.2453961356450236,4069,9.720372836218376,31,14,0,17,0.45161290322580644,3.705273137956283,-0.24574515225458526,3.695193193339037,3.705273137956283,3.9506692736013065,25,False,,4089
cand_9c47903f003952959e56,mcv,PRESENT,-0.24576166476254002,4070,9.698180204172214,12,0,0,12,0.0,-0.24576166476299477,-0.24576166476299477,-0.24576166476299477,-0.24576166476299477,-4.547473508864641e-13,25,False,,4091
cand_c7d9a27d7547be7c55a8,mcv,PRESENT,-0.2457630890812652,4071,9.675987572126054,29,0,0,29,0.0,-0.19476741395692443,-0.1947674139571518,-0.19476741395692443,-0.19476741395692443,0.05099567512434078,19,False,,4092
cand_149fe43ed92732299374,mcv,PRESENT,-0.247432954449323,4072,9.653794940079894,33,0,0,33,0.0,-0.19026958491735968,-0.247432954449323,-0.1924996913544419,-0.19026958491735968,0.057163369531963326,19,False,,4093
cand_df09899014a975dec609,mcv,PRESENT,-0.2482627632252843,4074,9.609409675987573,7,0,0,7,0.0,-0.2482627632252843,-0.24826276322551166,-0.2482627632252843,-0.2482627632252843,0.0,1,False,,4095
cand_fbc22fb943852d2af2f9,mcv,PRESENT,-0.2506315896853266,4075,9.587217043941411,2,0,0,2,0.0,-0.250631589685554,-0.250631589685554,-0.250631589685554,-0.250631589685554,-2.2737367544323206e-13,35,False,,4097
cand_4dd843adbf712fb3cc6d,mcv,PRESENT,-0.25124864532517677,4076,9.565024411895251,19,0,0,19,0.0,-0.5874098914794104,-0.6264649002021088,-0.5874098914794104,-0.5874098914794104,-0.3361612461542336,33,False,,4098
cand_11af4ad20e5a013b5e98,mcv,PRESENT,-0.2516457956926388,4077,9.54283177984909,23,0,0,23,0.0,-0.2516457956926388,-0.2516457956926388,-0.2516457956926388,-0.2516457956926388,0.0,14,False,,4099
cand_4fe65fe30a38d7f2cb4c,mcv,PRESENT,-0.2524530789551136,4078,9.52063914780293,23,0,0,23,0.0,-3.486974625953735,-3.986655393497813,-3.4869746259539625,-3.4869746259537577,-3.2345215469986215,19,False,,4100
cand_7153a6d2ec0a6430c337,mcv,PRESENT,-0.2568493150683935,4079,9.498446515756768,23,0,0,23,0.0,-0.083904109588957,-0.08390410958918437,-0.083904109588957,-0.083904109588957,0.17294520547943648,20,False,,4102
cand_9021cd0372128c6669c2,mcv,PRESENT,-0.2613371483330411,4080,9.476253883710609,21,0,0,21,0.0,-0.2613371483332685,-0.26133714833349586,-0.26133714833349586,-0.2613371483332685,-2.2737367544323206e-13,19,False,,4103
cand_5ab696109aae4211ff41,mcv,PRESENT,-0.2615728873397529,4081,9.454061251664447,22,0,0,22,0.0,-0.2615728873397529,-0.2615728873397529,-0.2615728873397529,-0.2615728873397529,0.0,3,False,,4104
cand_78dfb2c7df2d7c9cf5f9,mcv,PRESENT,-0.26213392540103087,4082,9.431868619618287,35,0,0,35,0.0,-0.26213392540125824,-0.26213392540125824,-0.26213392540125824,-0.26213392540125824,-2.2737367544323206e-13,6,False,,4105
cand_01b80361e5581fb71af7,fd,PRESENT,-0.26364883401856787,4083,9.409675987572125,29,0,0,29,0.0,-0.2636488340190226,-0.26364883401925,-0.2636488340190226,-0.2636488340190226,-4.547473508864641e-13,10,False,,3959
cand_209e9795c9c33ae6e745,fd,PRESENT,-0.26576451946311863,4085,9.365290723479804,30,17,0,13,0.5666666666666667,0.05019755226612688,0.04815573930466144,0.05019755226612688,0.05019755226612688,0.3159620717292455,20,False,,3961
cand_2553cbab7373f3feea2e,mcv,PRESENT,-0.2657732437937739,4086,9.343098091433644,30,29,0,1,0.9666666666666667,0.050827569481270984,0.050827569481270984,0.050827569481270984,0.050827569481270984,0.31660081327504486,19,False,,4108
cand_e8edbf3ffe3d7a5661f2,mcv,PRESENT,-0.2663288400872261,4087,9.320905459387482,29,23,0,6,0.7931034482758621,0.08180836885185272,0.08066681634022643,0.0806668163404538,0.0806668163404538,0.34813720893907885,13,False,,4109
cand_0b19e811978b615e2713,mcv,PRESENT,-0.2711567648921118,4089,9.276520195295163,29,0,13,16,0.0,0.0,-0.08987212191846083,0.0,0.0,0.2711567648921118,24,False,,4112
cand_e15e64ab128700a0f981,mcv,PRESENT,-0.27144347137436853,4090,9.254327563249001,36,0,0,36,0.0,-0.27144347137436853,-0.5881989392271407,-0.4298212053010957,-0.2714434713749938,0.0,1,False,,4113
cand_06ab93fe24419e606689,mcv,PRESENT,-0.2728959026244411,4091,9.232134931202841,33,0,0,33,0.0,-0.019471245090244338,-0.01947124509047171,-0.019471245090244338,-0.019471245090244338,0.25342465753419674,14,False,,4114
cand_11a7aca4b09e7dee76e8,mcv,PRESENT,-0.2737278071899709,4092,9.20994229915668,30,0,0,30,0.0,-0.001000534462491487,-0.0010005344627188606,-0.001000534462491487,-0.001000534462491487,0.27272727272747943,8,False,,4116
cand_1cab22d0e42b184efd78,mcv,PRESENT,-0.27381949313075893,4093,9.18774966711052,29,0,0,29,0.0,-0.27381949313075893,-0.27381949313075893,-0.27381949313075893,-0.27381949313075893,0.0,8,False,,4117
cand_40b7729ceec745730e32,mcv,PRESENT,-0.2753525388561684,4094,9.165557035064358,9,0,0,9,0.0,-1.0604441779782974,-1.0604441779782974,-1.0604441779782974,-1.0604441779782974,-0.785091639122129,28,False,,4118
cand_d1e7101a7e5e2421eff7,mcv,PRESENT,-0.2778800178066376,4095,9.143364403018198,29,0,0,29,0.0,-0.2661821568444793,-0.28723308992221064,-0.2661821568444793,-0.2661821568444793,0.011697860962158302,8,False,,4119
cand_b7698e5a124aad4c998e,fd,PRESENT,-0.27874331550810894,4096,9.121171770972037,29,0,16,13,0.0,0.0,0.0,0.0,0.0,0.27874331550810894,21,False,,3968
cand_65c993c49819e1aa92d8,fd,PRESENT,-0.27999999999974534,4097,9.098979138925877,29,0,24,5,0.0,0.0,0.0,0.0,0.0,0.27999999999974534,13,False,,3972
cand_4bc6ef2d20310fb6aeb1,fd,PRESENT,-0.2809512135327168,4098,9.076786506879715,29,0,0,29,0.0,-0.2809512135327168,-0.2809512135327168,-0.2809512135327168,-0.2809512135327168,0.0,8,False,,3974
cand_91b1c548a50524d3f616,mcv,PRESENT,-0.28157355656276195,4099,9.054593874833555,29,0,0,29,0.0,-0.011233978805876177,-0.01123397880610355,-0.01123397880610355,-0.01123397880610355,0.2703395777568858,26,False,,4121
cand_90032ddd546cadf0cb90,fd,PRESENT,-0.2831571481028732,4100,9.032401242787394,21,21,0,0,1.0,0.028899589485718025,0.028899589485718025,0.028899589485718025,0.028899589485718025,0.3120567375885912,16,False,,3975
cand_7a2448a3ac57b7973e7d,mcv,PRESENT,-0.2880902977340156,4102,8.988015978695072,29,0,0,29,0.0,-0.28809029773447037,-5.887026822688767,-0.28809029773469774,-0.28809029773469774,-4.547473508864641e-13,10,False,,4124
cand_1bbda20d14185993eb4b,mcv,PRESENT,-0.2915243241350254,4103,8.965823346648913,29,0,0,29,0.0,-0.28992261564599175,-0.28992261564599175,-0.28992261564599175,-0.28992261564599175,0.0016017084890336264,16,False,,4125
cand_9b50041b73ee653f8aa9,mcv,PRESENT,-0.2919670076062175,4104,8.943630714602753,26,0,0,26,0.0,-0.2919670076062175,-0.29459620001057374,-0.29328160380828194,-0.2919670076062175,0.0,10,False,,4126
cand_ea9683c07e345aa13a17,mcv,PRESENT,-0.2943935659750423,4105,8.921438082556591,29,0,0,29,0.0,-0.1353321431834047,-0.13533214318363207,-0.1353321431834047,-0.1353321431834047,0.1590614227916376,23,False,,4127
cand_fe3e2dbc9d7dbfe4084c,fd,PRESENT,-0.2951962849656411,4106,8.899245450510431,17,17,0,0,1.0,0.016860452622722732,0.016860452622722732,0.016860452622722732,0.016860452622722732,0.31205673758836383,18,False,,3984
cand_1be447a8f47dffa4781c,mcv,PRESENT,-0.29591550956229185,4107,8.87705281846427,29,0,0,29,0.0,-0.29574640293390075,-0.29591550956229185,-0.29576529938731255,-0.29576529938731255,0.00016910662839109136,23,False,,4128
cand_5f062e559fc6700f981a,mcv,PRESENT,-0.296778771238678,4108,8.85486018641811,31,0,0,31,0.0,-0.29677877123913277,-2.798830586032409,-0.29677877123936014,-0.29677877123924645,-4.547473508864641e-13,8,False,,4129
cand_863687401c3f78b5f6c9,mcv,PRESENT,-0.29746954901384015,4110,8.810474922325788,19,0,0,19,0.0,-0.19404399467725852,-0.1940439946774859,-0.19404399467744043,-0.19404399467725852,0.10342555433658163,19,False,,4131
cand_aa121c560e3c04ba427c,fd,PRESENT,-0.2977785314560606,4111,8.788282290279627,25,0,9,16,0.0,0.0,-0.29777853145651534,0.0,0.0,0.2977785314560606,28,False,,3986
cand_a1998a17b2f7e5b9b0a0,mcv,PRESENT,-0.2999773297997308,4112,8.766089658233467,23,0,0,23,0.0,-0.3223294256556528,-0.8425180272347461,-0.4263671459714256,-0.3223294256556528,-0.022352095855922016,14,False,,4132
cand_fe77575a5ab31c5bcd4d,mcv,PRESENT,-0.3004944522817823,4113,8.743897026187305,23,0,0,23,0.0,-0.29610848736933804,-0.2961084873695654,-0.2961084873695654,-0.2961084873695654,0.004385964912444251,26,False,,4133
cand_0e609e0e2de3ae08f13c,mcv,PRESENT,-0.30235989952780074,4114,8.721704394141145,30,5,0,25,0.16666666666666666,0.6696311519258416,-0.2714038383915067,0.6696311519256142,0.6696311519256142,0.9719910514536423,13,False,,4134
cand_a7471648fcdaecfe9599,fd,PRESENT,-0.3053136981325224,4115,8.699511762094984,28,28,0,0,1.0,0.0024233766030192783,0.0024233766029055914,0.0024233766030192783,0.0024233766030192783,0.3077370747355417,21,False,,3989
cand_81069b989baac5ac04cf,mcv,PRESENT,-0.30601799244595895,4116,8.677319130048824,28,0,0,28,0.0,-0.11712640134282992,-0.12695900025119045,-0.11712640134282992,-0.11712640134282992,0.18889159110312903,26,False,,4135
cand_462311f4153ed6ac455e,mcv,PRESENT,-0.3064412784551678,4117,8.655126498002662,19,19,0,0,1.0,0.4391282717397189,0.3807927640980324,0.4391282717397189,0.4391282717397189,0.7455695501948867,19,False,,4136
cand_dcb145dedabff8062141,mcv,PRESENT,-0.3091817413760509,4118,8.632933865956502,29,0,0,29,0.0,-0.030494231188640697,-0.42088000168837425,-0.030494231188822597,-0.030494231188640697,0.2786875101874102,32,False,,4137
cand_032468171aa05a869c6c,mcv,PRESENT,-0.3096856805104835,4119,8.610741233910343,7,0,0,7,0.0,-0.3096856805104835,-0.30968568051116563,-0.30968568051075634,-0.30968568051061995,0.0,1,False,,4138
cand_29b67ac7806f2339cae7,fd,PRESENT,-0.3104325699741821,4120,8.588548601864181,29,0,0,29,0.0,-0.3104325699744095,-0.31043256997463686,-0.3104325699744095,-0.3104325699744095,-2.2737367544323206e-13,8,False,,3993
cand_28f083007e947379d730,mcv,PRESENT,-0.3121641462548723,4121,8.566355969818021,35,0,0,35,0.0,-0.31216414625532707,-415.0053301384869,-413.99616713323894,-289.89096623714516,-4.547473508864641e-13,3,False,,4139
cand_6cf4d067eb08d93b8c32,fd,PRESENT,-0.3156554621355099,4122,8.54416333777186,29,0,29,0,0.0,0.0,0.0,0.0,0.0,0.3156554621355099,8,False,,3998
cand_96626d960fa62f165366,mcv,PRESENT,-0.3175934147202497,4123,8.5219707057257,29,0,0,29,0.0,-0.3175934147202497,-3.552114961718644,-1.2564635337002983,-1.256463533700162,0.0,8,False,,4140
cand_3ef7f88574f28b169280,mcv,PRESENT,-0.32037741722251667,4124,8.499778073679538,36,24,0,12,0.6666666666666666,0.021759791716021937,0.021759791716021937,0.021759791716021937,0.021759791716021937,0.3421372089385386,13,False,,4141
cand_6fb178b53fdd50bdb507,fd,PRESENT,-0.3210722804205943,4125,8.477585441633378,29,0,8,21,0.0,0.0,-0.32107228042127645,0.0,0.0,0.3210722804205943,29,False,,4004
cand_dcfd0153bd7e8c29b47f,fd,PRESENT,-0.3219542775577793,4126,8.455392809587217,29,24,0,5,0.8275862068965517,0.035767664317745584,0.035767664317745584,0.035767664317745584,0.035767664317745584,0.35772194187552486,13,False,,4005
cand_277196dc7274c0579b51,mcv,PRESENT,-0.3223000604784829,4127,8.433200177541057,31,23,0,8,0.7419354838709677,0.24968043898275027,0.2496804389825229,0.24968043898275027,0.24968043898275027,0.5719804994612332,19,False,,4142
cand_730ea70b7389becd4787,mcv,PRESENT,-0.3235272157817235,4128,8.411007545494895,10,0,0,10,0.0,-0.33752487972856215,-0.34379925653024657,-0.34317181885007814,-0.3403483492893202,-0.013997663946838657,27,False,,4143
cand_2242194c555ecc84a161,mcv,PRESENT,-0.32575496682056837,4129,8.388814913448735,36,12,0,24,0.3333333333333333,0.10092877087959096,-0.3257549668212505,0.10092877087959096,0.10092877087959096,0.4266837377001593,25,False,,4144
cand_35816ebce98c58901631,mcv,PRESENT,-0.3286875599924315,4130,8.366622281402574,34,0,0,34,0.0,-0.2997249395714334,-0.3286875599924315,-0.3050045597100734,-0.2997249395714334,0.028962620420998064,25,False,,4146
cand_544da04f703dec1689a2,mcv,PRESENT,-0.3312761049810433,4131,8.344429649356414,7,0,0,7,0.0,-0.3312761049810433,-0.3312761049810433,-0.3312761049810433,-0.3312761049810433,0.0,30,False,,4147
cand_605be031eed1acde4dd0,mcv,PRESENT,-0.33311691422022705,4132,8.322237017310252,20,0,0,20,0.0,-0.3111294604489103,-0.3111294604491377,-0.3111294604489103,-0.3111294604489103,0.021987453771316723,23,False,,4148
cand_c082b612dc83d9f1f25a,fd,PRESENT,-0.3352909770419501,4133,8.300044385264092,29,0,21,8,0.0,0.0,0.0,0.0,0.0,0.3352909770419501,16,False,,4015
cand_f929cfe3e6275f2d6603,mcv,PRESENT,-0.3367716832572114,4134,8.27785175321793,17,0,0,17,0.0,-0.33677168325789353,-0.33677168325789353,-0.33677168325789353,-0.33677168325789353,-6.821210263296962e-13,20,False,,4149
cand_a5f0723f2f5f7bd0a920,mcv,PRESENT,-0.33968958388959436,4135,8.255659121171771,20,0,0,20,0.0,-0.4127099204674778,-0.41270992046770516,-0.4127099204674778,-0.4127099204674778,-0.07302033657788343,19,False,,4150
cand_61ad9e73021f16f484ea,mcv,PRESENT,-0.3410179833836082,4136,8.233466489125611,29,0,0,29,0.0,-0.22916534056503224,-0.2291653405652596,-0.2291653405652596,-0.2291653405651232,0.11185264281857599,19,False,,4151
cand_f8e6458d75dad6f23eae,mcv,PRESENT,-0.3429402304245741,4137,8.21127385707945,23,0,0,23,0.0,-0.34294023042502886,-0.34294023042502886,-0.34294023042502886,-0.34294023042502886,-4.547473508864641e-13,14,False,,4152
cand_cf320db713b101140fc8,mcv,PRESENT,-0.3446532909592861,4138,8.18908122503329,28,0,0,28,0.0,-0.4662286059899543,-0.4662286059899543,-0.4662286059899543,-0.4662286059899543,-0.12157531503066821,9,False,,4153
cand_3de87eb19829a79d1d4e,mcv,PRESENT,-0.34578040397354926,4139,8.166888592987128,29,24,0,5,0.8275862068965517,0.0022127535319214076,0.002212753531694034,0.002212753531739509,0.0022127535319214076,0.34799315750547066,13,False,,4154
cand_c8da5e6a577ebaceb834,mcv,PRESENT,-0.34747873087690095,4141,8.122503328894807,28,0,0,28,0.0,-0.14197223447308716,-0.2763057110182672,-0.14197223447308716,-0.14197223447308716,0.2055064964038138,28,False,,4156
cand_5016c4611a472c3a2c61,fd,PRESENT,-0.34938498846895527,4142,8.100310696848647,29,0,0,29,0.0,-0.3093071528969631,-0.30930715289719046,-0.309307152897145,-0.3093071528969631,0.04007783557199218,19,False,,4022
cand_c0ddc20cd51ebecdf721,fd,PRESENT,-0.3496752656183162,4143,8.078118064802485,16,0,0,16,0.0,-0.3387081242442491,-0.3387081242442491,-0.3387081242442491,-0.3387081242442491,0.010967141374067069,21,False,,4023
cand_8232ffdf75dbc9d2a3b7,mcv,PRESENT,-0.35256671307251963,4144,8.055925432756325,29,0,0,29,0.0,-0.24881644707988926,-0.3525667130729744,-0.3318166598744029,-0.2488164470799802,0.10375026599263037,34,False,,4157
cand_47139682e0091277944f,mcv,PRESENT,-0.3529636610637681,4145,8.033732800710164,28,0,0,28,0.0,-0.21620451172611865,-0.27347591676880256,-0.21620451172634603,-0.21620451172634603,0.13675914933764943,26,False,,4158
cand_5531c69f911358667884,mcv,PRESENT,-0.3576587941242906,4147,7.989347536617843,36,0,0,36,0.0,-0.3576587941242906,-0.36934449658838275,-0.35770069078716915,-0.35765879412463164,0.0,1,False,,4159
cand_a6a393b18583dad5afef,mcv,PRESENT,-0.35853907373257243,4148,7.967154904571682,24,0,0,24,0.0,-0.12260800266585647,-0.34413997232854854,-0.12260800266585647,-0.12260800266585647,0.23593107106671596,30,False,,4160
cand_f8ba920484a89fa8962d,mcv,PRESENT,-0.35934603990608593,4149,7.944962272525522,29,7,0,22,0.2413793103448276,0.1662432707780681,-0.2826744857686663,0.16624327077784073,0.16624327077784073,0.525589310684154,35,False,,4161
cand_d0d45593388e3c0e0597,mcv,PRESENT,-0.3627402976189842,4151,7.9005770084332,10,0,0,10,0.0,-0.36505449747437524,-0.36505449747437524,-0.36505449747437524,-0.36505449747437524,-0.0023141998553910526,27,False,,4163
cand_81d4f0d97bc3b6a6dca9,mcv,PRESENT,-0.3674417357733546,4152,7.878384376387039,8,0,0,8,0.0,-0.36744173577380934,-4.497195650762819,-0.36744173577380934,-0.36744173577380934,-4.547473508864641e-13,8,False,,4164
cand_dc7a94c2a1db915e4371,mcv,PRESENT,-0.36753378571484063,4153,7.856191744340879,29,0,0,29,0.0,-0.36504283589670194,-0.3650428358969293,-0.36504283589670194,-0.36504283589670194,0.002490949818138688,22,False,,4165
cand_b8818f726f6b13edf2d1,mcv,PRESENT,-0.3686718332937744,4154,7.833999112294718,24,0,0,24,0.0,-0.7531701217535556,-0.7531701217535556,-0.7531701217535556,-0.7531701217535556,-0.3844982884597812,13,False,,4166
cand_901f059d82be4d7cfe5d,fd,PRESENT,-0.36946075814194046,4155,7.811806480248557,30,0,0,30,0.0,-0.36946075814194046,-0.38174052322483476,-0.36946075814194046,-0.36946075814194046,0.0,7,False,,4038
cand_cf89fb28c74d531c4506,mcv,PRESENT,-0.3705042505325764,4156,7.789613848202396,17,17,0,0,1.0,1.203605999914089,1.203605999914089,1.203605999914089,1.203605999914089,1.5741102504466653,20,False,,4167
cand_2ed88dfb4ef742f461f0,mcv,PRESENT,-0.3752143658175555,4158,7.745228584110076,7,0,5,2,0.0,0.0,0.0,0.0,0.0,0.3752143658175555,30,False,,4169
cand_8f29745db59404b8a99a,mcv,PRESENT,-0.38297991223316785,4160,7.700843320017754,29,0,0,29,0.0,-0.38701709267002116,-0.38701709267024853,-0.38701709267002116,-0.38701709267002116,-0.004037180436853305,8,False,,4171
cand_fe0ac39eb44051945b68,mcv,PRESENT,-0.38876715175683785,4161,7.678650687971594,28,0,0,28,0.0,-0.38876715175683785,-0.38876715175683785,-0.38876715175683785,-0.38876715175683785,0.0,9,False,,4172
cand_261dbc64d3c9e225a020,mcv,PRESENT,-0.39051010857565416,4162,7.656458055925433,24,0,0,24,0.0,-0.3905101085761089,-0.3905101085761089,-0.3905101085761089,-0.3905101085761089,-4.547473508864641e-13,13,False,,4173
cand_786e7de418bf48a7a165,mcv,PRESENT,-0.39148369802660454,4163,7.634265423879272,23,0,0,23,0.0,-0.3214279247374634,-0.39148369802660454,-0.3381222268176316,-0.3381222268176316,0.07005577328914114,36,False,,4174
cand_3b3d37ecab1b2608d564,mcv,PRESENT,-0.39249972172001435,4164,7.6120727918331115,29,0,8,21,0.0,0.0,-0.014318297009594971,0.0,0.0,0.39249972172001435,29,False,,4175
cand_59d01f89951356bb3d3c,mcv,PRESENT,-0.3937653718294314,4165,7.589880159786951,28,0,0,28,0.0,-0.345192159627004,-0.3937653718301135,-0.345192159627004,-0.345192159627004,0.048573212202427385,30,False,,4176
cand_30465db482b255531423,mcv,PRESENT,-0.39509190527132887,4166,7.56768752774079,23,0,0,23,0.0,-0.39509190527155624,-0.9152805068508769,-0.47927930123018964,-0.395091905271579,-2.2737367544323206e-13,14,False,,4177
cand_57f3eda693270cac18ec,mcv,PRESENT,-0.40031569701113767,4167,7.545494895694629,10,0,0,10,0.0,-0.37334066692005763,-0.37334066692005763,-0.37334066692005763,-0.37334066692005763,0.026975030091080043,27,False,,4178
cand_aed2894aab2f2d1563af,mcv,PRESENT,-0.4012228189258167,4168,7.5233022636484685,23,0,0,23,0.0,-0.007654313053762962,-0.007654313053762962,-0.007654313053762962,-0.007654313053762962,0.3935685058720537,17,False,,4179
cand_427aa80294e7e1a0e019,mcv,PRESENT,-0.4028310502280874,4169,7.501109631602308,36,0,0,36,0.0,-0.4028310502280874,-12.212505197350083,-0.4028310502283148,-0.40283105022825794,0.0,1,False,,4180
cand_e55c5250afb91111d9a5,mcv,PRESENT,-0.4049373598581951,4170,7.478916999556147,24,24,0,0,1.0,0.09699232673392544,0.09699232673392544,0.09699232673392544,0.09699232673392544,0.5019296865921206,13,False,,4181
cand_0c6310ef067467b6a075,mcv,PRESENT,-0.405804351336883,4171,7.456724367509986,24,0,0,24,0.0,-0.40580435133711035,-0.4146928595521331,-0.40580435133711035,-0.40580435133711035,-2.2737367544323206e-13,13,False,,4182
cand_1c16d173dfa7626fa0f8,mcv,PRESENT,-0.4060556488002476,4172,7.434531735463826,36,0,0,36,0.0,-0.4060556488002476,-25.10599692889423,-0.4060556488002476,-0.4060556488002476,0.0,1,False,,4183
cand_ca8a713bbebd07e810aa,mcv,PRESENT,-0.40607766391985933,4173,7.412339103417666,24,0,0,24,0.0,-0.3885338042705371,-0.3885338042705371,-0.3885338042705371,-0.3885338042705371,0.017543859649322258,21,False,,4184
cand_c37093b6f347db5bbacf,fd,PRESENT,-0.41098731279726053,4174,7.390146471371505,30,0,0,30,0.0,-0.03167696796958808,-0.03167696796958808,-0.03167696796958808,-0.03167696796958808,0.37931034482767245,7,False,,4063
cand_29c50d37b6b1662a299e,fd,PRESENT,-0.4145370063060909,4175,7.367953839325344,27,0,16,11,0.0,0.0,0.0,0.0,0.0,0.4145370063060909,21,False,,4065
cand_035b3feb4335b75fd3b9,mcv,PRESENT,-0.4185750144515623,4176,7.345761207279184,28,0,0,28,0.0,-0.4185750144517897,-0.4185750144517897,-0.4185750144517897,-0.4185750144517897,-2.2737367544323206e-13,9,False,,4185
cand_7fad6cad52e78286586e,mcv,PRESENT,-0.42274547233228077,4177,7.323568575233023,28,0,0,28,0.0,-0.4227454723320534,-0.42274547233228077,-0.4227454723320534,-0.4227454723320534,2.2737367544323206e-13,10,False,,4186
cand_12814f999f37e6dd5f79,mcv,PRESENT,-0.4312550123422625,4178,7.301375943186862,30,4,0,26,0.13333333333333333,0.27036692388605843,-8.367808252466602,0.27036692388605843,0.27036692388605843,0.7016219362283209,7,False,,4187
cand_811da3be6181b88dd83e,mcv,PRESENT,-0.43536249239059543,4179,7.279183311140701,29,27,0,2,0.9310344827586207,0.012438632936664362,0.008265477135864785,0.010730888158605012,0.010730888158605012,0.4478011253272598,10,False,,4188
cand_581562ea52e9a4ce7fb7,mcv,PRESENT,-0.4555216063909029,4180,7.256990679094541,13,0,0,13,0.0,-0.45552160639113026,-0.45552160639135764,-0.45552160639135764,-0.4555216063912667,-2.2737367544323206e-13,26,False,,4190
cand_b3081963cd26fcbf26bf,mcv,PRESENT,-0.45728164688989636,4181,7.23479804704838,29,10,0,19,0.3448275862068966,0.27784130644386096,-0.4898005920972537,0.27784130644386096,0.27784130644386096,0.7351229533337573,17,False,,4191
cand_281c59c628602df7f9d6,mcv,PRESENT,-0.4578551741205956,4182,7.212605415002219,20,0,0,20,0.0,-0.3625434350649357,-0.45785517412105037,-0.3625434350649357,-0.3625434350649357,0.09531173905565993,32,False,,4192
cand_59a78d16a51b63474d2d,mcv,PRESENT,-0.465431779645769,4183,7.1904127829560585,26,0,0,26,0.0,-0.1289954337898962,-0.1289954337898962,-0.1289954337898962,-0.1289954337898962,0.3364363458558728,19,False,,4193
cand_0980709c45982f5b797d,mcv,PRESENT,-0.4674090145063019,4184,7.168220150909898,23,0,0,23,0.0,-0.4674090145065293,-0.4674090145065293,-0.4674090145065293,-0.4674090145065293,-2.2737367544323206e-13,14,False,,4194
cand_2846038398aa578c2b74,fd,PRESENT,-0.46923265506211465,4186,7.123834886817576,29,0,0,29,0.0,-0.469232655062342,-0.4692326550625694,-0.469232655062342,-0.469232655062342,-2.2737367544323206e-13,10,False,,4090
cand_809f3ecce33453627966,mcv,PRESENT,-0.4704961723782617,4187,7.1016422547714155,29,0,0,29,0.0,-0.47049617237871644,-0.4704961723789438,-0.47049617237871644,-0.47049617237871644,-4.547473508864641e-13,8,False,,4196
cand_c3111b54826d9a7f60cf,mcv,PRESENT,-0.47469758567149256,4188,7.079449622725255,28,0,0,28,0.0,-0.5248166720643894,-1.476277791430448,-1.151067291182926,-0.7440043887560259,-0.05011908639289686,10,False,,4197
cand_844fee1aff1e498bddbc,fd,PRESENT,-0.47537461434785655,4189,7.057256990679095,31,24,0,7,0.7741935483870968,0.5572057394904277,0.5572057394904277,0.5572057394904277,0.5572057394904277,1.0325803538382843,13,False,,4096
cand_81c1c453856056f26506,mcv,PRESENT,-0.48408113823006715,4190,7.035064358632934,29,12,0,17,0.41379310344827586,0.09933118652475059,-0.2980950273538383,0.09933118652475059,0.09933118652475059,0.5834123247548177,26,False,,4199
cand_424c76346a67a2f4d3b3,fd,PRESENT,-0.4863368243650257,4191,7.0128717265867735,29,0,26,3,0.0,0.0,0.0,0.0,0.0,0.4863368243650257,11,False,,4101
cand_8e9781f8b76df45f3518,mcv,PRESENT,-0.48699932011913916,4192,6.990679094540613,36,0,0,36,0.0,-0.48699932011913916,-6.402442358094277,-0.4869993201195939,-0.48699932011953706,0.0,1,False,,4201
cand_d4dad19b1e866cdd6204,mcv,PRESENT,-0.4921142033981596,4193,6.968486462494452,2,0,0,2,0.0,-0.12017728692876517,-0.12017728692876517,-0.12017728692876517,-0.12017728692876517,0.3719369164693944,35,False,,4202
cand_72e0d9ec0f5434f46ae8,mcv,PRESENT,-0.5034246575341967,4194,6.946293830448291,36,0,0,36,0.0,-0.1638127853880178,-0.16381278538824517,-0.1638127853880178,-0.1638127853880178,0.33961187214617894,19,False,,4203
cand_659b5d011f25a7bab802,fd,PRESENT,-0.5043920999132752,4195,6.924101198402131,30,0,19,11,0.0,0.0,0.0,0.0,0.0,0.5043920999132752,18,False,,4106
cand_7665530df030a21892df,mcv,PRESENT,-0.5094845838257243,4196,6.90190856635597,29,0,0,29,0.0,-0.5094845838257243,-0.5161021038600211,-0.5094845838257243,-0.5094845838257243,0.0,8,False,,4204
cand_bd4de110b6dba88c006c,mcv,PRESENT,-0.5137825111914935,4197,6.879715934309809,36,0,0,36,0.0,-0.5137825111914935,-0.5137825111921757,-0.5137825111921757,-0.5137825111921188,0.0,1,False,,4206
cand_e2561d0f55d83075d7ea,fd,PRESENT,-0.514126806618151,4198,6.857523302263648,30,0,0,30,0.0,-0.0658509445497657,-0.06585094454999307,-0.0658509445497657,-0.0658509445497657,0.4482758620683853,8,False,,4110
cand_f5dae0d965373da5275c,mcv,PRESENT,-0.5190815739742902,4199,6.835330670217488,29,21,0,8,0.7241379310344828,0.031835595277243556,0.029435938806955164,0.029435938806955164,0.03087573268899177,0.5509171692515338,35,False,,4207
cand_e442270c6e6abb822d87,mcv,PRESENT,-0.5208295726815777,4200,6.813138038171327,22,0,0,22,0.0,-0.5208295726818051,-0.5208295726820324,-0.5208295726818051,-0.5208295726818051,-2.2737367544323206e-13,13,False,,4208
cand_8d02f02647ba458708c1,mcv,PRESENT,-0.5213374456889142,4201,6.790945406125166,31,23,0,8,0.7419354838709677,0.03241521905601985,0.03241521905579248,0.03241521905579248,0.03241521905601985,0.553752664744934,19,False,,4209
cand_992ac59d4ad95580c269,fd,PRESENT,-0.5227146537145018,4202,6.768752774079005,29,0,0,29,0.0,-0.101908774343201,-0.10190877434342838,-0.101908774343201,-0.101908774343201,0.42080587937130076,19,False,,4115
cand_134dbb19392270614bb5,mcv,PRESENT,-0.524106364176987,4203,6.746560142032845,28,0,0,28,0.0,-0.3207941752466468,-0.3406347721604561,-0.32079417524687415,-0.32079417524687415,0.2033121889303402,26,False,,4210
cand_cfc4b0a8287313eb935e,mcv,PRESENT,-0.5299716759118382,4204,6.724367509986684,29,0,0,29,0.0,-0.5299716759116109,-1.3390900595431958,-0.5299716759116109,-0.5299716759116109,2.2737367544323206e-13,8,False,,4212
cand_ef9f3f27c1e78379c1bb,mcv,PRESENT,-0.5339400330585704,4205,6.702174877940524,33,0,0,33,0.0,-0.5339400330590252,-124.84567807339067,-118.0709263344288,-0.5339400330590252,-4.547473508864641e-13,4,False,,4213
cand_32202b8fc4e2571726f6,fd,PRESENT,-0.535087719297735,4206,6.679982245894363,13,0,8,5,0.0,0.0,0.0,0.0,0.0,0.535087719297735,21,False,,4120
cand_db7257d467d99c2a4a64,mcv,PRESENT,-0.5378552369020326,4207,6.657789613848203,23,0,0,23,0.0,-0.5378552369024874,-1.3469736205340723,-0.5378552369024874,-0.5378552369024874,-4.547473508864641e-13,14,False,,4214
cand_5790dff41d851ef2ff81,mcv,PRESENT,-0.5417885336300969,4208,6.635596981802042,31,14,0,17,0.45161290322580644,0.39881561201104887,-0.310865557305533,0.39881561201104887,0.39881561201104887,0.9406041456411458,10,False,,4215
cand_20ef501c069ba7cbb0c1,mcv,PRESENT,-0.5437060059384748,4209,6.613404349755881,32,0,0,32,0.0,-0.5437060059384748,-268.86783199688693,-268.8678319968867,-151.33084569551704,0.0,4,False,,4216
cand_1c69c6f56063c6b93b87,mcv,PRESENT,-0.5446018080529029,4210,6.5912117177097205,29,0,0,29,0.0,-0.5446018080531303,-0.8447980927810477,-0.5446018080531303,-0.5446018080531303,-2.2737367544323206e-13,8,False,,4217
cand_56c2c6a42509ad880067,fd,PRESENT,-0.5467186705100175,4211,6.56901908566356,29,0,0,29,0.0,-0.5467186705102449,-0.5467186705104723,-0.5467186705102449,-0.5467186705102449,-2.2737367544323206e-13,10,False,,4123
cand_ae8b15e4ba514533388e,mcv,PRESENT,-0.5515561758447802,4212,6.546826453617399,29,0,0,29,0.0,-0.5356607112812526,-1.6152156240470958,-0.5356607112812526,-0.5356607112812526,0.01589546456352764,8,False,,4218
cand_57a7cf210ba69ddcc792,mcv,PRESENT,-0.556332319334615,4213,6.524633821571238,36,0,0,36,0.0,-0.556332319334615,-0.5563323193350698,-0.5563323193350698,-0.5563323193350698,0.0,1,False,,4219
cand_97ce9f94d690bacc7499,mcv,PRESENT,-0.5597391716573838,4214,6.5024411895250775,8,0,0,8,0.0,-0.5597391716576112,-0.5597391716578386,-0.5597391716576112,-0.5597391716576112,-2.2737367544323206e-13,32,False,,4220
cand_03449b1a9bb78e3b82fd,mcv,PRESENT,-0.5605947209633086,4215,6.480248557478917,34,0,0,34,0.0,-0.5139743567910955,-0.5605947209637634,-0.5139743567913229,-0.5139743567913229,0.04662036417221316,26,False,,4221
cand_9efd79c2fe00d4c42322,mcv,PRESENT,-0.5650494167712168,4216,6.458055925432756,28,15,0,13,0.5357142857142857,0.09503830252651824,0.09503830252651824,0.09503830252651824,0.09503830252651824,0.660087719297735,21,False,,4222
cand_45e4b113563e7d561512,mcv,PRESENT,-0.5661836692979705,4217,6.435863293386595,29,16,0,13,0.5517241379310345,0.2949323435559563,0.2703435696030283,0.2949323435557744,0.2949323435559563,0.8611160128539268,28,False,,4223
cand_535bdc97f9d233c9c241,mcv,PRESENT,-0.566642822306676,4218,6.413670661340435,29,0,0,29,0.0,-0.38579175847712577,-0.3875838301121348,-0.3857917584773077,-0.38579175847712577,0.18085106382955018,28,False,,4224
cand_b7191a8a5abb39a2db0e,mcv,PRESENT,-0.5739935808942391,4219,6.391478029294274,24,0,0,24,0.0,-0.5739935808942391,-0.5739935808942391,-0.5739935808942391,-0.5739935808942391,0.0,13,False,,4227
cand_c8a3a68c90f62d4a75a0,mcv,PRESENT,-0.5879522071027168,4220,6.369285397248114,1,0,0,1,0.0,-0.5879522071024894,-0.5879522071024894,-0.5879522071024894,-0.5879522071024894,2.2737367544323206e-13,19,False,,4229
cand_67fd3a4bc691e2104c8a,mcv,PRESENT,-0.5909453947469956,4221,6.347092765201953,36,17,0,19,0.4722222222222222,0.1290922405537458,-0.48135561057392806,0.1290922405537458,0.1290922405537458,0.7200376353007414,8,False,,4230
cand_593215810527e6dd8cc5,mcv,PRESENT,-0.5957834864138931,4222,6.324900133155793,31,0,0,31,0.0,-0.3383633950898002,-0.3383633950898002,-0.3383633950898002,-0.3383633950898002,0.25742009132409294,14,False,,4231
cand_c490c4b55d5e3239c759,mcv,PRESENT,-0.5999725951933215,4224,6.280514869063471,31,0,0,31,0.0,-0.14951658612108076,-0.14951658612130814,-0.14951658612130814,-0.14951658612119445,0.4504560090722407,19,False,,4234
cand_09d15c6c6fa3480a6438,mcv,PRESENT,-0.6030418913887843,4225,6.25832223701731,29,0,0,29,0.0,-0.3448863440767127,-0.3448863440769401,-0.3448863440767127,-0.3448863440767127,0.2581555473120716,23,False,,4235
cand_9a78a407cde7fc93f309,mcv,PRESENT,-0.6128319398867461,4227,6.213936972924989,36,0,0,36,0.0,-0.3473548438578291,-0.3473548438580565,-0.3473548438578291,-0.3473548438578291,0.265477096028917,19,False,,4238
cand_938e92d0aa6cce0fa48d,mcv,PRESENT,-0.6152394300070227,4228,6.191744340878828,20,0,0,20,0.0,-0.6152394300072501,-55.589172509371565,-50.08853417343645,-0.6152394300072501,-2.2737367544323206e-13,4,False,,4239
cand_0444e4e38ef9d144df75,mcv,PRESENT,-0.6169612962448809,4229,6.1695517088326675,31,0,0,31,0.0,-0.3265898720169389,-0.6155680928111451,-0.32930311603945484,-0.32658987201716627,0.29037142422794204,26,False,,4240
cand_78887450160dce3d8a64,mcv,PRESENT,-0.619541431475227,4230,6.147359076786507,3,2,0,1,0.6666666666666666,0.0026807907468082703,0.0026807907465808967,0.0026807907467627954,0.002680790746785533,0.6222222222220353,32,False,,4241
cand_faf9d85ff93f80b21a87,mcv,PRESENT,-0.6215504853207676,4231,6.125166444740346,23,0,0,23,0.0,-0.12987692694287034,-0.6215504853214497,-0.6215504853212224,-0.17904428278070622,0.4916735583778973,35,False,,4242
cand_01c7cf72dea714349c0c,fd,PRESENT,-0.6243030917385113,4232,6.102973812694185,2,0,0,2,0.0,-0.3673340091231694,-0.3673340091231694,-0.3673340091231694,-0.3673340091231694,0.2569690826153419,35,False,,4145
cand_6c98e91f9d363f577b21,mcv,PRESENT,-0.6287265771507009,4233,6.0807811806480245,35,0,0,35,0.0,-0.6287265771507009,-902.2494162323235,-902.2494162323233,-902.2494162323233,0.0,1,False,,4244
cand_b7b72f73e028aea40568,mcv,PRESENT,-0.642247647269869,4234,6.058588548601864,24,0,0,24,0.0,-0.6430755574970135,-0.6430755574972409,-0.6430755574970135,-0.6430755574970135,-0.0008279102271444572,13,False,,4245
cand_4938e74df4b7d8b85742,mcv,PRESENT,-0.651148891774028,4235,6.036395916555703,29,0,0,29,0.0,-0.5294649651636973,-0.7531583966954258,-0.6511488917744828,-0.5781385358080118,0.12168392661033067,35,False,,4246
cand_026f65c9697b1ca547d2,mcv,PRESENT,-0.6692151927336454,4237,5.9920106524633825,28,0,0,28,0.0,-0.29835320707502433,-0.29835320707502433,-0.29835320707502433,-0.29835320707502433,0.37086198565862105,19,False,,4248
cand_6c321817b4677203324c,mcv,PRESENT,-0.6753707865864271,4238,5.969818020417222,29,0,0,29,0.0,-0.6753707865861998,-0.6753707865864271,-0.6753707865861998,-0.6753707865861998,2.2737367544323206e-13,10,False,,4250
cand_e09fafcf8dbe96dd3e2e,mcv,PRESENT,-0.6835584086675226,4239,5.947625388371061,19,0,0,19,0.0,-0.6834999643012907,-0.6835234776247034,-0.6834999643012907,-0.6834999643012907,5.8444366231924505e-05,23,False,,4251
cand_ce53e2be49a44bf9cb69,mcv,PRESENT,-0.6851787612285989,4240,5.9254327563249,29,0,0,29,0.0,-0.0999711245585786,-0.20419381616966348,-0.0999711245585786,-0.0999711245585786,0.5852076366700203,25,False,,4252
cand_28ae175717316b458c83,mcv,PRESENT,-0.6891704126155673,4241,5.90324012427874,13,0,0,13,0.0,-0.6891704126157947,-0.8141704126160221,-0.6891704126158402,-0.6891704126157947,-2.2737367544323206e-13,19,False,,4253
cand_75b74aa442004b7ffc11,mcv,PRESENT,-0.6966819638264496,4242,5.881047492232579,28,0,0,28,0.0,-0.6966819638269044,-2.3739554397313896,-0.6966819638269044,-0.6966819638269044,-4.547473508864641e-13,9,False,,4254
cand_24de485a125486ebd096,mcv,PRESENT,-0.6980768393041217,4243,5.858854860186418,12,0,0,12,0.0,-0.6980768393045764,-2.3753503152090616,-0.8658041868950244,-0.6980768393045764,-4.547473508864641e-13,19,False,,4255
cand_7c92723199c5aae06a39,mcv,PRESENT,-0.7158952761101318,4244,5.836662228140257,20,0,0,20,0.0,-0.7158952761105866,-0.7158952761108139,-0.7158952761107912,-0.7158952761105866,-4.547473508864641e-13,19,False,,4256
cand_ac5edc5b7e70ab7bc081,mcv,PRESENT,-0.7161988838561228,4245,5.814469596094097,36,17,0,19,0.4722222222222222,0.1922124135485319,-0.7161988838560092,0.19221241354830454,0.19221241354830454,0.9084112974046548,26,False,,4257
cand_cf024dd83f8a15ea8c38,mcv,PRESENT,-0.7265399312627778,4247,5.770084332001775,6,0,0,6,0.0,-1.1676116626522344,-1.1676116626522344,-1.1676116626522344,-1.1676116626522344,-0.44107173138945655,31,False,,4259
cand_8740706fbbe06dbc3154,mcv,PRESENT,-0.7274004967393921,4248,5.747891699955614,9,0,0,9,0.0,-0.7274004967391647,-0.7274004967393921,-0.7274004967391647,-0.7274004967391647,2.2737367544323206e-13,19,False,,4260
cand_6bd512bb14f8602fac51,mcv,PRESENT,-0.7332976678817431,4249,5.725699067909454,24,0,0,24,0.0,-0.7332976678819705,-4.854353443368382,-4.854353443368223,-4.854353443368154,-2.2737367544323206e-13,8,False,,4261
cand_d5d7829b697f3bfd3b1f,mcv,PRESENT,-0.7337985062149528,4250,5.703506435863293,28,0,0,28,0.0,-0.7137522125906344,-0.7137522125906344,-0.7137522125906344,-0.7137522125906344,0.020046293624318423,9,False,,4262
cand_808c7639a5382473fbee,mcv,PRESENT,-0.738834197707547,4251,5.681313803817133,23,0,0,23,0.0,-0.7388341977082291,-0.7407941003637006,-0.7388341977082291,-0.7388341977082291,-6.821210263296962e-13,14,False,,4263
cand_9b807e0af61bbb475388,mcv,PRESENT,-0.7704337773720908,4252,5.659121171770972,3,0,0,3,0.0,-0.47975967701722766,-0.47975967701722766,-0.47975967701722766,-0.47975967701722766,0.2906741003548632,35,False,,4265
cand_2e427763f1a98a879032,mcv,PRESENT,-0.7896131216111826,4253,5.636928539724812,23,0,0,23,0.0,-0.6445307284268438,-0.6445307284268438,-0.6445307284268438,-0.6445307284268438,0.1450823931843388,20,False,,4266
cand_d2ffc31a2d3ad2cb6208,mcv,PRESENT,-0.7919431449363401,4254,5.614735907678651,16,0,0,16,0.0,-0.7919431449365675,-0.7919431449365675,-0.7919431449365675,-0.7919431449365675,-2.2737367544323206e-13,19,False,,4267
cand_f74aad597177f3de8d0a,mcv,PRESENT,-0.8146606173049804,4256,5.5703506435863295,29,0,0,29,0.0,-0.8146606173052078,-1.5415181265721003,-0.8146606173052078,-0.8146606173052078,-2.2737367544323206e-13,8,False,,4269
cand_865ef2c07e5d1b6484ff,mcv,PRESENT,-0.8413681996335072,4257,5.548158011540169,31,0,0,31,0.0,-0.2817746827429346,-0.2817746827429346,-0.2817746827429346,-0.2817746827429346,0.5595935168905726,16,False,,4270
cand_b1afdfe7ba1bfb913c31,mcv,PRESENT,-0.8441151567021734,4258,5.525965379494008,1,0,0,1,0.0,-0.8441151567021734,-0.8441151567021734,-0.8441151567021734,-0.8441151567021734,0.0,2,False,,4271
cand_30e0f53ec098dcc4b389,mcv,PRESENT,-0.846385301166265,4259,5.503772747447847,28,0,0,28,0.0,-0.3463223858411766,-0.34632238584140396,-0.3463223858411766,-0.3463223858411766,0.5000629153250884,10,False,,4272
cand_a1be68868bb641aaa03e,mcv,PRESENT,-0.8471225232688084,4260,5.4815801154016865,36,24,0,12,0.6666666666666666,0.17145783056935215,0.16700277524387275,0.17145783056935215,0.17145783056935215,1.0185803538381606,13,False,,4273
cand_b019bba643fe28ef74a3,fd,PRESENT,-0.8545372324388154,4261,5.459387483355526,28,0,12,16,0.0,0.0,-0.8545372324388154,0.0,0.0,0.8545372324388154,25,False,,4189
cand_5f70ce390afdee687a56,mcv,PRESENT,-0.8568974726158558,4262,5.437194851309365,24,0,0,24,0.0,-0.6608172038256726,-1.485164792418118,-0.6608172038256726,-0.6608172038256726,0.19608026879018325,13,False,,4274
cand_f118ebf9ae853803a473,mcv,PRESENT,-0.8806443484591,4263,5.415002219263204,29,0,0,29,0.0,-0.5105540240999744,-1.4872626915305318,-1.2919209580442845,-0.5105540241002018,0.3700903243591256,35,False,,4275
cand_5941f2acf286935de2d1,mcv,PRESENT,-0.8879411780917508,4264,5.392809587217044,32,14,0,18,0.4375,3.1512769639819,-0.764123148913427,3.1512769639819,3.1512769639819,4.039218142073651,14,False,,4277
cand_1192e41ccf7aa3dfd9c7,mcv,PRESENT,-0.8966997523903046,4265,5.370616955170883,20,0,0,20,0.0,-0.8958877143322752,-0.8958877143325026,-0.8958877143322752,-0.8958877143322752,0.0008120380580294295,19,False,,4278
cand_4ccccf38d4c0b8e45136,fd,PRESENT,-0.9180720158301483,4266,5.348424323124722,24,21,0,3,0.875,0.3582737993849605,0.35827379938473314,0.3582737993849605,0.3582737993849605,1.2763458152151088,19,False,,4198
cand_5ba98a03b517fac30a0f,fd,PRESENT,-0.9275215693860446,4267,5.326231691078562,30,0,0,30,0.0,-0.06545260386883456,-0.06545260386906193,-0.06545260386883456,-0.06545260386883456,0.86206896551721,10,False,,4200
cand_8dab1b2f19a742b7de36,mcv,PRESENT,-0.9314433811032359,4268,5.304039059032402,29,0,0,29,0.0,-0.10338078524523553,-0.1033807852454629,-0.1033807852454629,-0.1033807852454629,0.8280625958580003,26,False,,4280
cand_7aceb8ed8793220d1138,mcv,PRESENT,-0.9367799157616901,4269,5.281846426986241,26,23,0,3,0.8846153846153846,0.4597989275641794,0.459798927563952,0.459798927563952,0.45979892756412255,1.3965788433258695,19,False,,4281
cand_c9daf52e267ff5368007,mcv,PRESENT,-0.9391642830987621,4270,5.25965379494008,23,23,0,0,1.0,0.5244809728519613,0.5244809728517339,0.5244809728519613,0.5244809728519613,1.4636452559507234,19,False,,4282
cand_9c81804adf23ee1cecd1,mcv,PRESENT,-0.9621912215452539,4271,5.237461162893919,29,1,0,28,0.034482758620689655,0.36718609451736484,-0.6672332082516732,-0.6672332082514458,-0.6672332082514458,1.3293773160626188,20,False,,4283
cand_dbf33a3bcd6e8a63a394,mcv,PRESENT,-0.9665454758687702,4272,5.215268530847759,29,0,0,29,0.0,-0.9665454758692249,-0.9770624490638511,-0.9665454758692249,-0.9665454758692249,-4.547473508864641e-13,8,False,,4284
cand_9276be8fd411eda912bb,mcv,PRESENT,-0.9684108525543706,4273,5.193075898801598,27,0,0,27,0.0,-0.3748510725072265,-0.6265509380107233,-0.6265509380107233,-0.45036103215843487,0.5935597800471442,35,False,,4285
cand_62c3ae7f0cfc50da61be,mcv,PRESENT,-0.9721137487322267,4274,5.170883266755437,29,0,0,29,0.0,-0.972113748732454,-12.60053840626665,-0.972113748732454,-0.972113748732454,-2.2737367544323206e-13,8,False,,4286
cand_15dcd30da9833bd3d7b7,mcv,PRESENT,-0.999803014434292,4276,5.126498002663116,2,2,0,0,1.0,0.16577677980853878,0.16577677980853878,0.16577677980853878,0.16577677980853878,1.1655797942428308,35,False,,4287
cand_267cc75517dd8d0ed3d0,fd,PRESENT,-1.002223928067906,4277,5.104305370616955,28,0,0,28,0.0,-1.002223928067906,-1.002223928067906,-1.002223928067906,-1.002223928067906,0.0,9,False,,4211
cand_3ba3cc85350cd4368c18,mcv,PRESENT,-1.0145301220309193,4278,5.082112738570794,3,0,0,3,0.0,-0.9132175382906098,-0.9132175382906098,-0.9132175382906098,-0.9132175382906098,0.10131258374030949,28,False,,4288
cand_3f15377201cc3fd7d569,mcv,PRESENT,-1.0170931434468002,4279,5.0599201065246335,29,0,0,29,0.0,-1.0155091697681655,-1.017093143447255,-1.0155091697681655,-1.0155091697681655,0.0015839736786347203,19,False,,4289
cand_7ddb306c36106a742905,mcv,PRESENT,-1.0352233889871059,4280,5.037727474478473,23,0,0,23,0.0,-0.9344124998726784,-0.9344124998729058,-0.9344124998726784,-0.9344124998726784,0.10081088911442748,25,False,,4290
cand_5a7a2f6391c6116d529f,mcv,PRESENT,-1.0390776825979628,4281,5.015534842432312,2,0,2,0,0.0,0.0,0.0,0.0,0.0,1.0390776825979628,35,False,,4291
cand_4e464d23fff5c3b1a6fa,mcv,PRESENT,-1.0592927872266955,4282,4.993342210386152,9,0,0,9,0.0,-0.03617021276591004,-0.03617021276591004,-0.03617021276591004,-0.03617021276591004,1.0231225744607855,28,False,,4292
cand_76477eac0b8a2b520775,mcv,PRESENT,-1.0637810863991035,4283,4.9711495783399915,33,0,0,33,0.0,-1.0637810863995583,-26.983113736150017,-5.983084231551157,-1.0637810863996946,-4.547473508864641e-13,6,False,,4293
cand_0da41b37be39a763dd86,mcv,PRESENT,-1.084212610798204,4284,4.948956946293831,29,0,0,29,0.0,-1.1049478676341096,-1.6401421705120356,-1.1049478676342914,-1.1049478676341096,-0.020735256835905602,8,False,,4294
cand_bf3909d636438e2e46ca,mcv,PRESENT,-1.089339174577617,4285,4.92676431424767,26,0,0,26,0.0,-0.9404030043651801,-118.01070782974489,-59.55002350216148,-1.0893391745780718,0.148936170212437,6,False,,4295
cand_e310ade2f1967cb03d24,mcv,PRESENT,-1.0911548120348016,4286,4.904571682201509,29,0,0,29,0.0,-0.9344215829896712,-5.8769524457545685,-1.0911548120348016,-0.9971148746077236,0.15673322904513043,20,False,,4296
cand_2312172a7432a3b23b71,fd,PRESENT,-1.0919572095963304,4287,4.882379050155349,30,0,0,30,0.0,-0.007845060063573328,-0.007845060063800702,-0.007845060063573328,-0.007845060063573328,1.084112149532757,10,False,,4225
cand_9cc26f9c8dfdfe39b727,fd,PRESENT,-1.0931506849310608,4288,4.860186418109188,30,0,28,2,0.0,0.0,0.0,0.0,0.0,1.0931506849310608,9,False,,4226
cand_b42bced10ae4217cb40d,mcv,PRESENT,-1.0947785170483257,4289,4.837993786063027,29,0,0,29,0.0,-0.49831780136560155,-1.0947785170487805,-0.49831780136560155,-0.49831780136560155,0.5964607156827242,29,False,,4297
cand_f3485fecc681190f8fc1,fd,PRESENT,-1.0977431131759658,4290,4.815801154016866,29,0,17,12,0.0,0.0,0.0,0.0,0.0,1.0977431131759658,20,False,,4228
cand_16167dde7fd254769f3d,mcv,PRESENT,-1.1112206028356013,4291,4.793608521970706,10,0,0,10,0.0,-1.111220602835374,-2.3304599764372824,-1.111220602835374,-1.111220602835374,2.2737367544323206e-13,8,False,,4298
cand_c9265e6a4ba85e0b0d4a,mcv,PRESENT,-1.1305300382373389,4292,4.771415889924545,36,0,0,36,0.0,-0.09604727961641402,-0.09604727961664139,-0.09604727961641402,-0.09604727961641402,1.0344827586209249,3,False,,4299
cand_ac61d2632b71350b50d9,mcv,PRESENT,-1.1324045702695003,4293,4.749223257878384,33,0,0,33,0.0,-0.09563458400975833,-0.0956345840099857,-0.09563458400975833,-0.09563458400975833,1.036769986259742,11,False,,4300
cand_50f268f45deee621953b,mcv,PRESENT,-1.1403236292117072,4294,4.727030625832223,33,0,0,33,0.0,-0.0963710498861019,-0.10575927035733912,-0.09637104988614738,-0.0963710498861019,1.0439525793256053,20,False,,4301
cand_880cbe65511615fbc56f,fd,PRESENT,-1.1459566074945542,4295,4.704837993786063,29,0,0,29,0.0,-1.145956607495009,-1.145956607495009,-1.145956607495009,-1.145956607495009,-4.547473508864641e-13,8,False,,4233
cand_e877c4e1ffd6e5472efb,mcv,PRESENT,-1.1637024354940877,4296,4.682645361739902,22,0,0,22,0.0,-1.1636197256341347,-2.873013349715393,-1.1636197256341347,-1.1636197256341347,8.270985995295632e-05,15,False,,4302
cand_d56e2a2dfbf62307dd39,fd,PRESENT,-1.1650033906153112,4297,4.660452729693741,30,0,0,30,0.0,-0.09548541866138294,-0.09548541866138294,-0.09548541866138294,-0.09548541866138294,1.0695179719539283,7,False,,4237
cand_e7772a1f8b98cb825676,mcv,PRESENT,-1.1687485786678735,4298,4.638260097647581,36,0,0,36,0.0,-0.10636484871110952,-0.10636484871133689,-0.10636484871110952,-0.10636484871110952,1.062383729956764,13,False,,4303
cand_8fdbf029e8cb5aad2d94,mcv,PRESENT,-1.1877936299442808,4299,4.616067465601421,33,0,0,33,0.0,-0.052717847057465406,-0.3167949804030741,-0.052717847057465406,-0.052717847057465406,1.1350757828868154,7,False,,4304
cand_59e0e8e646eeff819732,fd,PRESENT,-1.1984627136444033,4300,4.59387483355526,29,0,29,0,0.0,0.0,0.0,0.0,0.0,1.1984627136444033,8,False,,4243
cand_0f22a211f38b1f9a8b97,mcv,PRESENT,-1.2073303615652549,4301,4.571682201509099,24,0,0,24,0.0,-1.083209509658218,-1.083209509658218,-1.083209509658218,-1.083209509658218,0.12412085190703692,14,False,,4306
cand_3aca5e633b9eba5d20d6,mcv,PRESENT,-1.2242749218939935,4302,4.5494895694629385,28,0,0,28,0.0,-1.224274921893766,-1.2242749218939935,-1.224274921893766,-1.224274921893766,2.2737367544323206e-13,10,False,,4308
cand_45721a2c85d05fe0d72b,mcv,PRESENT,-1.2609180035651661,4303,4.527296937416778,29,0,0,29,0.0,-0.5540220392394986,-3.2413128866510306,-0.5540220392394986,-0.5540220392394986,0.7068959643256676,8,False,,4309
cand_4a55b83df298c9d620bf,mcv,PRESENT,-1.2789148862239017,4305,4.482911673324456,29,27,0,2,0.9310344827586207,0.6259527735637676,0.6259527735637676,0.6259527735637676,0.6259527735637676,1.9048676597876693,10,False,,4312
cand_e06d2f4c210730d34374,fd,PRESENT,-1.2803738317752504,4306,4.4607190412782955,31,0,30,1,0.0,0.0,0.0,0.0,0.0,1.2803738317752504,7,False,,4249
cand_2f55ca8073a1274a292a,mcv,PRESENT,-1.297034499109941,4307,4.438526409232135,12,0,0,12,0.0,-1.2967507138951078,-1.296808776207854,-1.2967507138953351,-1.2967507138952328,0.00028378521483318764,35,False,,4313
cand_011d0a6c74ae95e83102,mcv,PRESENT,-1.3001661368543864,4308,4.416333777185974,2,0,0,2,0.0,-1.1394431641340361,-1.1394431641341498,-1.1394431641340588,-1.1394431641340474,0.1607229727203503,35,False,,4314
cand_483db1c2bcea44d19226,mcv,PRESENT,-1.308252761784388,4309,4.394141145139813,24,0,0,24,0.0,-0.1829755999219742,-0.1829755999219742,-0.1829755999219742,-0.1829755999219742,1.1252771618624138,14,False,,4315
cand_e86829052b7e1b02402d,mcv,PRESENT,-1.3131234327902348,4310,4.371948513093653,30,0,0,30,0.0,-1.3131234327902348,-57.332301283925176,-51.39559616674641,-1.921891528239587,0.0,3,False,,4316
cand_756cfd3cea0cec35a959,mcv,PRESENT,-1.3235776488836564,4311,4.349755881047492,34,0,0,34,0.0,-1.3235776488841111,-4.96018912762122,-1.615760285419583,-1.615760285419583,-4.547473508864641e-13,3,False,,4317
cand_5d9a57fd851d0b80263f,mcv,PRESENT,-1.3364830088676172,4312,4.327563249001331,31,0,0,31,0.0,-1.336483008868072,-1.3364830088682993,-1.336483008868072,-1.336483008868072,-4.547473508864641e-13,10,False,,4318
cand_20361a25517876ad8526,mcv,PRESENT,-1.3993456715552384,4313,4.305370616955171,36,0,0,36,0.0,-1.3993456715552384,-2.3508067909215242,-1.3993456715554657,-1.3993456715554657,0.0,1,False,,4319
cand_e62eafe704c1172479cd,mcv,PRESENT,-1.4049632006126558,4314,4.283177984909011,29,28,0,1,0.9655172413793104,1.0063450033783283,0.05071367222672052,1.0063450033783283,1.0063450033783283,2.411308203990984,9,False,,4320
cand_321def121483eb806f79,mcv,PRESENT,-1.4061964704924321,4316,4.238792720816689,23,0,0,23,0.0,-0.08217987453463138,-0.08217987453485875,-0.08217987453485875,-0.08217987453465411,1.3240165959578007,26,False,,4322
cand_84d0b4633834322cfea9,fd,PRESENT,-1.4248590340766896,4317,4.216600088770528,23,0,0,23,0.0,-1.424859034076917,-1.424859034076917,-1.424859034076917,-1.424859034076917,-2.2737367544323206e-13,9,False,,4264
cand_ded964da910405daecb0,mcv,PRESENT,-1.4433579876886142,4318,4.194407456724368,2,0,0,2,0.0,-1.4433579876886142,-1.443357987688728,-1.4433579876886369,-1.4433579876886256,0.0,30,False,,4323
cand_eda6e61e0046e1b2f978,mcv,PRESENT,-1.4476099344283284,4319,4.172214824678207,23,0,0,23,0.0,-1.4476099344283284,-1.4476099344285558,-1.4476099344283284,-1.4476099344283284,0.0,19,False,,4324
cand_c9bd965ecb3d793ba06e,mcv,PRESENT,-1.5088812021813283,4320,4.150022192632046,31,0,0,31,0.0,-1.0493530724129414,-1.508881202181783,-1.5088812021815556,-1.0493530724131688,0.45952812976838686,23,False,,4326
cand_ba1e01204697e1c4d405,mcv,PRESENT,-1.509080458783501,4321,4.1278295605858855,36,0,0,36,0.0,-1.509080458783501,-1.509080458784183,-1.5090804587839557,-1.5090804587839557,0.0,1,False,,4327
cand_7b9a5364767db61e0968,mcv,PRESENT,-1.5233841880490218,4322,4.105636928539725,31,0,20,11,0.0,0.0,0.0,0.0,0.0,1.5233841880490218,17,False,,4329
cand_431c01e53b5ad9447f90,mcv,PRESENT,-1.52531546316186,4323,4.083444296493564,29,4,24,1,0.13793103448275862,0.06559362774737565,0.0,0.06559362774714828,0.06559362774714828,1.5909090909092356,10,False,,4331
cand_4b245b61273153890220,mcv,PRESENT,-1.561381048181829,4325,4.0390590324012425,30,0,0,30,0.0,-1.5609736096328106,-2.1496481635308555,-1.560973609633038,-1.560973609632913,0.00040743854901847953,10,False,,4333
cand_a96e5b50d5235bca9ce8,mcv,PRESENT,-1.5709288210664454,4327,3.9946737683089215,33,0,0,33,0.0,-1.3226389217279575,-1.5582282863074397,-1.3226389217279575,-1.3226389217279575,0.24828989933848788,26,False,,4335
cand_4f68089cc8070fcb8e17,mcv,PRESENT,-1.6609535933239385,4328,3.972481136262761,20,0,0,20,0.0,-1.080997990318565,-1.6609535933240522,-1.080997990318565,-1.080997990318565,0.5799556030053736,32,False,,4336
cand_1ed42151c3f80d7882f0,mcv,PRESENT,-1.661803834352213,4329,3.9502885042166,9,0,0,9,0.0,-1.7815485055357385,-1.7815485055357385,-1.7815485055357385,-1.7815485055357385,-0.1197446711835255,28,False,,4337
cand_cb39e8c658dd6f756c37,fd,PRESENT,-1.6853163596260856,4330,3.9280958721704393,30,29,0,1,0.9666666666666667,0.015618219812949974,0.015618219812949974,0.015618219812949974,0.015618219812949974,1.7009345794390356,8,False,,4276
cand_b3fca24f7227bc684a23,mcv,PRESENT,-1.6903392209260346,4331,3.9059032401242786,25,0,0,25,0.0,-1.6903392209260346,-1735.6134161440036,-1735.6134161440034,-1735.6134161440034,0.0,1,False,,4338
cand_0e33bef8562bf4e22846,mcv,PRESENT,-1.7301382769610427,4332,3.883710608078118,35,0,0,35,0.0,-1.7301382769614975,-2.6815993963277833,-1.7301382769617248,-1.7301382769617248,-4.547473508864641e-13,3,False,,4339
cand_02bfe922b60b4e20a612,mcv,PRESENT,-1.7530273826669145,4334,3.839325343985797,35,26,0,9,0.7428571428571429,0.016203386563574895,0.004990701851056656,0.016203386563574895,0.016203386563574895,1.7692307692304894,3,False,,4341
cand_d1bee0c4bb369500c5a6,mcv,PRESENT,-1.7698896764313758,4336,3.7949400798934754,31,0,0,31,0.0,-1.7698896764311485,-14.570260868443711,-1.7698896764313758,-1.7698896764312622,2.2737367544323206e-13,8,False,,4342
cand_6349e74d156549689309,mcv,PRESENT,-1.8040000000000873,4337,3.7727474478473146,29,0,0,29,0.0,-1.80399999999986,-9.409023982933377,-1.8040000000000873,-1.803999999999951,2.2737367544323206e-13,8,False,,4343
cand_e0a4fc2635abd2e828e3,mcv,PRESENT,-1.8211936216230242,4338,3.750554815801154,1,0,0,1,0.0,-1.8211936216230242,-1.8211936216230242,-1.8211936216230242,-1.8211936216230242,0.0,2,False,,4344
cand_dce4535ba35656dfab39,mcv,PRESENT,-1.8345652442349092,4339,3.728362183754993,12,0,0,12,0.0,-1.8787333999366638,-1.8837541510426945,-1.8787333999366638,-1.8787333999366638,-0.044168155701754586,25,False,,4345
cand_db2f908669ba7481a01c,mcv,PRESENT,-1.8447784881327607,4340,3.706169551708833,12,0,0,12,0.0,-0.11010808536752847,-0.11010808536752847,-0.11010808536752847,-0.11010808536752847,1.7346704027652322,30,False,,4346
cand_41d0ae3e77503c25bc61,mcv,PRESENT,-1.8686657396574446,4341,3.683976919662672,29,0,0,29,0.0,-0.6783893138792791,-0.6783988565466643,-0.6783969480130054,-0.6783893138792791,1.1902764257781655,10,False,,4347
cand_fe487f8dc85635597641,mcv,PRESENT,-1.8901405008855363,4342,3.6617842876165114,31,0,0,31,0.0,-1.8881353447695801,-1.9415613757523715,-1.8881353447698075,-1.8881353447695801,0.002005156115956197,8,False,,4348
cand_69497fb148ed95328624,mcv,PRESENT,-1.897015855385689,4343,3.6395916555703507,28,0,0,28,0.0,-1.7761944328806294,-3.260384766834477,-1.7761944328807886,-1.7761944328806294,0.12082142250505967,10,False,,4349
cand_1e6f59359507374d4542,mcv,PRESENT,-1.9072646396234632,4344,3.61739902352419,5,0,0,5,0.0,-1.9072646396234632,-1.9072646396234632,-1.9072646396234632,-1.9072646396234632,0.0,1,False,,4350
cand_95716bace7a8721f057f,mcv,PRESENT,-1.9235099891056961,4345,3.5952063914780292,17,0,0,17,0.0,-0.00043306602901793667,-0.00043306602901793667,-0.00043306602901793667,-0.00043306602901793667,1.9230769230766782,20,False,,4351
cand_9d33f9ec0b5af8e94b75,mcv,PRESENT,-1.9362932142857971,4346,3.5730137594318685,21,0,0,21,0.0,-2.617431467659344,-2.6465304591870336,-2.6174314676595714,-2.617431467659344,-0.6811382533735468,19,False,,4352
cand_2be5f3992352e17e32a4,mcv,PRESENT,-1.97559659460876,4347,3.5508211273857078,29,0,0,29,0.0,-1.97559659460876,-6.918127457373657,-1.97559659460876,-1.97559659460876,0.0,8,False,,4353
cand_64c6c41ea0468fbc9a3a,mcv,PRESENT,-2.011300651194688,4348,3.5286284953395475,35,0,0,35,0.0,-2.011300651194688,-426.73127197167037,-415.04633176219454,-291.1358224288958,0.0,2,False,,4355
cand_aff445d8362371a50134,mcv,PRESENT,-2.0185493540511743,4349,3.5064358632933867,3,2,0,1,0.6666666666666666,0.001536471068220635,0.001536471068220635,0.001536471068220635,0.001536471068220635,2.020085825119395,35,False,,4356
cand_042c022c4e4814450dc8,mcv,PRESENT,-2.0377698525890082,4350,3.484243231247226,20,0,0,20,0.0,-1.9480158924222906,-1.9480158924222906,-1.9480158924222906,-1.9480158924222906,0.08975396016671766,19,False,,4357
cand_30e0486ba946d7b57831,mcv,PRESENT,-2.080370937817861,4351,3.4620505992010653,34,0,0,34,0.0,-2.0803709378183157,-2.421824865036342,-2.080370937818543,-2.0803709378183157,-4.547473508864641e-13,3,False,,4358
cand_ae4990cba20a758b4d3f,mcv,PRESENT,-2.080540054609628,4352,3.4398579671549046,31,0,0,31,0.0,-2.0805400546098554,-2.0875062181901285,-2.0805400546098554,-2.0805400546098554,-2.2737367544323206e-13,6,False,,4359
cand_18e6ece00ed4d7522e20,mcv,PRESENT,-2.0967147242845385,4353,3.417665335108744,28,0,0,28,0.0,-2.0967147242845385,-2.096714724284766,-2.0967147242845385,-2.0967147242845385,0.0,10,False,,4360
cand_71c5149c34acfb7a9ae6,mcv,PRESENT,-2.0986765903562627,4354,3.395472703062583,24,19,0,5,0.7916666666666666,0.35553466464330086,0.3029030856960162,0.33974519095911543,0.35553466464330086,2.4542112549995636,18,False,,4361
cand_3c6239327ab85339bd54,mcv,PRESENT,-2.1316297985113124,4355,3.3732800710164224,6,0,0,6,0.0,-5.119814677318573,-5.119814677318573,-5.119814677318573,-5.119814677318573,-2.9881848788072602,31,False,,4362
cand_c75b6750722be8dc05b2,mcv,PRESENT,-2.1369115227289512,4356,3.351087438970262,29,0,0,29,0.0,-2.0402054443995894,-2.098011868880576,-2.0402054443995894,-2.0402054443995894,0.09670607832936184,26,False,,4364
cand_2d5297f79e57f64378b3,mcv,PRESENT,-2.168777936396509,4357,3.3288948069241013,20,0,0,20,0.0,-2.0133955363744462,-2.0133955363746736,-2.0133955363744462,-2.0133955363744462,0.15538240002206294,26,False,,4365
cand_bb59020b307b3995b0ca,mcv,PRESENT,-2.185526856519573,4358,3.3067021748779406,10,0,0,10,0.0,-2.2045064421324696,-2.2045064421324696,-2.2045064421324696,-2.2045064421324696,-0.0189795856128967,27,False,,4366
cand_e5f745cdb13a30b30d82,mcv,PRESENT,-2.2117718019162567,4359,3.28450954283178,28,0,0,28,0.0,-1.4237724571828494,-1.4939283116553952,-1.4237724571830086,-1.4237724571828494,0.7879993447334073,10,False,,4367
cand_87a64df9bb5bc0648283,mcv,PRESENT,-2.231362046380127,4360,3.262316910785619,21,0,0,21,0.0,-2.0787273600435583,-2.0787273600435583,-2.0787273600435583,-2.0787273600435583,0.15263468633656885,23,False,,4368
cand_3e14c4999111fed1c825,mcv,PRESENT,-2.236963470319097,4361,3.2401242787394584,34,0,0,34,0.0,-2.2252656093569385,-14.783790839112726,-2.225265609357166,-2.2252656093570864,0.011697860962158302,8,False,,4369
cand_d3e7412c87b901624b8f,mcv,PRESENT,-2.238003115679021,4362,3.2179316466932977,10,0,0,10,0.0,-2.238003115679703,-2.238003115679703,-2.238003115679703,-2.238003115679703,-6.821210263296962e-13,9,False,,4370
cand_6be67d3501156985c7f8,fd,PRESENT,-2.302814913844486,4364,3.1735463826009767,25,0,16,9,0.0,0.0,0.0,0.0,0.0,2.302814913844486,21,False,,4305
cand_1d3f52eee36e04dc422c,mcv,PRESENT,-2.316845519412709,4365,3.151353750554816,10,0,0,10,0.0,-2.320081118507005,-2.320081118507005,-2.320081118507005,-2.320081118507005,-0.003235599094296049,27,False,,4375
cand_8b2162b633c94e53d57d,fd,PRESENT,-2.3339999999998327,4366,3.129161118508655,30,0,24,6,0.0,0.0,0.0,0.0,0.0,2.3339999999998327,13,False,,4307
cand_7a670711b7f576a4c4a5,fd,PRESENT,-2.445244956771603,4367,3.1069684864624945,29,0,0,29,0.0,-2.445244956772285,-2.445244956772285,-2.445244956772285,-2.445244956772285,-6.821210263296962e-13,8,False,,4311
cand_ddc6686ba469554af096,mcv,PRESENT,-2.4517488281771875,4368,3.0847758544163337,29,0,0,29,0.0,-2.451748828177415,-2.4708077313059675,-2.451748828177415,-2.451748828177415,-2.2737367544323206e-13,8,False,,4376
cand_bf79de4559ea8e0e2b32,mcv,PRESENT,-2.4855050109536023,4369,3.062583222370173,28,0,0,28,0.0,-2.485062710435159,-2.485062710435386,-2.485062710435159,-2.485062710435159,0.0004423005184435169,19,False,,4377
cand_3e2152477860ba2d5427,mcv,PRESENT,-2.5156452304699997,4370,3.0403905903240123,23,0,0,23,0.0,-2.0065688823656274,-2.0065688823658547,-2.0065688823656274,-2.0065688823656274,0.5090763481043723,23,False,,4378
cand_b237b9816df519dc3592,mcv,PRESENT,-2.519008947794646,4371,3.0181979582778515,23,0,0,23,0.0,-0.6503507048250867,-1.096931206366662,-0.6503507048250867,-0.6503507048250867,1.868658242969559,21,False,,4379
cand_a7b9462dfc534f6b3c23,mcv,PRESENT,-2.5590497939010675,4372,2.9960053262316912,36,0,0,36,0.0,-0.2594849884624182,-0.9757889212612554,-0.975788921261028,-0.2594849884624182,2.2995648054386493,34,False,,4381
cand_596926edd4dde9a8b9f8,mcv,PRESENT,-2.5742689593998875,4373,2.9738126941855305,28,0,0,28,0.0,-2.5742689594005697,-7.3449624717047755,-2.5742689594005697,-2.5742689594005697,-6.821210263296962e-13,8,False,,4382
cand_ebfd2ef8bfe05c8d20e3,mcv,PRESENT,-2.6381498552736957,4374,2.95162006213937,31,0,0,31,0.0,-2.610718000095403,-2.614467101848959,-2.610718000095403,-2.610718000095403,0.027431855178292608,6,False,,4383
cand_8cfaad4ebf4dc77aaea3,mcv,PRESENT,-2.6518142493359846,4375,2.929427430093209,29,0,0,29,0.0,-2.6518142493359846,-3.063724415268325,-2.6518142493359846,-2.6518142493359846,0.0,8,False,,4384
cand_9b13e50a32548099d2f4,mcv,PRESENT,-2.6831718291086872,4376,2.9072347980470483,24,0,0,24,0.0,-0.42600640367982123,-1.0175365729699024,-0.4260064036800486,-0.4260064036800486,2.257165425428866,13,False,,4385
cand_86ff2667bbef37ecabb1,mcv,PRESENT,-2.739009576949684,4378,2.862849533954727,29,0,0,29,0.0,-0.35266917705689593,-0.5263391031278388,-0.35266917705689593,-0.35266917705689593,2.386340399892788,9,False,,4387
cand_47190721afd6f38764f1,mcv,PRESENT,-2.759807887086936,4379,2.8406569019085666,20,0,0,20,0.0,-0.5101819119106494,-0.5101819119106494,-0.5101819119106494,-0.5101819119106494,2.2496259751762864,18,False,,4388
cand_2fca97ade1dd9bd33999,mcv,PRESENT,-2.7621705826486505,4380,2.818464269862406,28,0,0,28,0.0,-2.762170582648423,-2.7719075733593854,-2.762170582648423,-2.762170582648423,2.2737367544323206e-13,9,False,,4389
cand_5c8e51b4355cdab555af,fd,PRESENT,-2.832148577631415,4381,2.796271637816245,29,0,0,29,0.0,-0.7504930966470056,-1.2426631190182889,-0.7504930966470056,-0.7504930966470056,2.0816554809844092,29,False,,4325
cand_685887935574a0dc9e7b,mcv,PRESENT,-2.852484886056118,4382,2.7740790057700844,29,0,0,29,0.0,-2.9141920815866342,-4.392895472634336,-2.9141920815866342,-2.9141920815866342,-0.0617071955305164,8,False,,4390
cand_e839b976d819db7f42c0,fd,PRESENT,-2.89655172413768,4383,2.7518863737239236,30,0,0,30,0.0,-0.2413793103446551,-0.24137931034488247,-0.2413793103446551,-0.2413793103446551,2.655172413793025,10,False,,4328
cand_cb554eb0c1a32b5ccd20,mcv,PRESENT,-2.9056238491320983,4384,2.729693741677763,28,0,0,28,0.0,-2.8913809918512925,-3.233379641429792,-2.89138099185152,-2.891380991851372,0.014242857280805765,10,False,,4391
cand_dbd248a50111252590c2,fd,PRESENT,-2.9160000000001673,4385,2.707501109631602,30,0,24,6,0.0,0.0,0.0,0.0,0.0,2.9160000000001673,13,False,,4330
cand_00133a1efdcd65d46744,mcv,PRESENT,-2.9358960817544357,4386,2.6853084775854414,29,0,0,29,0.0,-0.029989326772692948,-0.02998932677292032,-0.02998932677292032,-0.02998932677292032,2.905906754981743,26,False,,4392
cand_08b51ae0bf7645b15b27,mcv,PRESENT,-3.1159087598907718,4388,2.6409232134931204,34,0,0,34,0.0,-1.9032719318931868,-2.034163974468129,-1.9032719318934141,-1.9032719318933347,1.212636827997585,19,False,,4394
cand_3e7ee6999bed9b001303,mcv,PRESENT,-3.2307292921395856,4389,2.6187305814469597,30,0,0,30,0.0,-2.521048122823686,-4.937752842062537,-2.521048122823686,-2.521048122823686,0.7096811693158998,7,False,,4395
cand_80bc49a475199a551ed6,mcv,PRESENT,-3.248464617328864,4390,2.596537949400799,29,0,0,29,0.0,-3.180379510946068,-3.1931454683929132,-3.180379510946068,-3.180379510946068,0.06808510638279586,28,False,,4396
cand_c6c23dd3f9795c538a88,mcv,PRESENT,-3.3255660241175065,4392,2.5521526853084775,27,0,0,27,0.0,-0.03593795922006393,-0.035937959220291305,-0.03593795922006393,-0.03593795922006393,3.2896280648974425,23,False,,4398
cand_1826d9a5ac3b97419a4a,mcv,PRESENT,-3.3257377812806226,4393,2.5299600532623168,27,14,0,13,0.5185185185185185,0.1152415580268098,0.11524155802658242,0.1152415580268098,0.1152415580268098,3.4409793393074324,19,False,,4399
cand_ac5ae427d82056af2558,mcv,PRESENT,-3.3324215991260644,4394,2.507767421216156,2,0,0,2,0.0,-3.3324215991260644,-3.3324215991260644,-3.3324215991260644,-3.3324215991260644,0.0,35,False,,4400
cand_981a7ad444dc947917a7,mcv,PRESENT,-3.362990588030698,4395,2.4855747891699957,28,20,0,8,0.7142857142857143,0.0005886804806323198,0.0005886804804049461,0.0005886804806323198,0.0005886804806323198,3.36357926851133,19,False,,4401
cand_29f95b5f25785faa89a1,mcv,PRESENT,-3.432259145963144,4396,2.463382157123835,22,21,0,1,0.9545454545454546,0.7225967551137273,0.4798248427669023,0.7225967551137273,0.7225967551137273,4.154855901076871,19,False,,4403
cand_5de1244671424dab7f89,mcv,PRESENT,-3.5402647705950585,4397,2.4411895250776743,29,0,0,29,0.0,-3.4843449635129673,-3.4851151569516787,-3.4843449635129673,-3.4843449635129673,0.05591980708209121,12,False,,4404
cand_3a71f2cd100a15110ffa,mcv,PRESENT,-3.5777777777775555,4398,2.4189968930315136,1,0,0,1,0.0,-3.57777777777801,-3.57777777777801,-3.57777777777801,-3.57777777777801,-4.547473508864641e-13,2,False,,4405
cand_b683a0608a94a1927e5b,mcv,PRESENT,-3.6266821581211843,4399,2.396804260985353,30,30,0,0,1.0,0.41137684173850175,0.4113768417382744,0.41137684173850175,0.41137684173850175,4.038058999859686,20,False,,4406
cand_c4030eb07a7b430386c0,mcv,PRESENT,-3.641928343089603,4401,2.3524189968930314,30,0,24,6,0.0,0.0,0.0,0.0,0.0,3.641928343089603,13,False,,4409
cand_e0011e73ce816202672c,mcv,PRESENT,-3.646703990139031,4402,2.3302263648468706,14,0,0,14,0.0,-3.653382145106434,-3.653382145106434,-3.653382145106434,-3.653382145106434,-0.006678154967403316,23,False,,4410
cand_7438981b9a15c48a5635,mcv,PRESENT,-3.810563580469534,4403,2.3080337328007103,29,0,0,29,0.0,-1.613825741017763,-1.6138257410179904,-1.613825741017763,-1.613825741017763,2.196737839451771,9,False,,4412
cand_75b91f056e400210283d,fd,PRESENT,-3.8273897076151115,4404,2.2858411007545496,31,30,0,1,0.967741935483871,0.050669872918660985,0.05066987291843361,0.050669872918660985,0.050669872918660985,3.8780595805337725,8,False,,4354
cand_a7410e6f590ccbe63fe0,fd,PRESENT,-4.07870391853703,4405,2.263648468708389,23,0,0,23,0.0,-0.0017808416139359906,-0.0050890585241631925,-0.0017808416139359906,-0.0017808416139359906,4.076923076923094,14,False,,4363
cand_ddc460604453c258ce3e,fd,PRESENT,-4.294927756274774,4406,2.241455836662228,16,16,0,0,1.0,0.012764551416921677,0.012764551416921677,0.012764551416921677,0.012764551416921677,4.3076923076916955,21,False,,4371
cand_2c3a3860b3c2dbcb1eaf,fd,PRESENT,-4.329874932052007,4407,2.2192632046160674,30,30,0,0,1.0,0.014952654154512857,0.014952654154285483,0.014952654154512857,0.014952654154512857,4.34482758620652,8,False,,4372
cand_146c8ccc5d4e58e58d29,fd,PRESENT,-4.408791660134739,4408,2.1970705725699067,30,0,0,30,0.0,-0.33982614289357116,-0.33982614289357116,-0.33982614289357116,-0.33982614289357116,4.068965517241168,7,False,,4374
cand_a52c990a2151ed9dcbba,mcv,PRESENT,-4.4862074887414565,4409,2.174877940523746,30,23,0,7,0.7666666666666667,0.682171506692157,0.6821715066919296,0.682171506692157,0.682171506692157,5.1683789954336135,19,False,,4413
cand_8b0b8843c69c13f4fa49,mcv,PRESENT,-4.632731485739896,4410,2.1526853084775857,36,0,0,36,0.0,-4.520851693674331,-5.584192605106409,-4.522188081608647,-4.520851693674501,0.1118797920655652,34,False,,4414
cand_4f7c63eb1d7d4534d1f6,mcv,PRESENT,-4.654514697295781,4411,2.130492676431425,36,0,0,36,0.0,-4.654514697295781,-9.613511215124845,-4.654514697296236,-4.654514697296236,0.0,1,False,,4415
cand_ff33e055440bb4edd914,mcv,PRESENT,-4.682384679490497,4412,2.108300044385264,35,0,0,35,0.0,-0.06598637936167506,-0.06700006410574133,-0.06598637936167506,-0.06598637936167506,4.616398300128822,19,False,,4416
cand_6c4d22b5ece8b03a6c6c,mcv,PRESENT,-4.719875270147895,4413,2.0861074123391035,36,0,0,36,0.0,-3.998889064331024,-4.668887549913279,-4.593199869981959,-3.998889064331024,0.720986205816871,34,False,,4417
cand_53a2bacc9de1b71d6376,mcv,PRESENT,-4.7706548446067245,4414,2.0639147802929427,6,0,0,6,0.0,-4.770654844606952,-4.770654844607179,-4.770654844606952,-4.770654844606952,-2.2737367544323206e-13,19,False,,4418
cand_b0f563e94ae861ef38f9,fd,PRESENT,-4.82151406891353,4415,2.041722148246782,17,16,0,1,0.9411764705882353,0.0007081533085511182,0.0007081533083237446,0.0007081533083237446,0.0007081533083692193,4.822222222222081,26,False,,4380
cand_942254d51c706c7d245a,mcv,PRESENT,-5.040533897515161,4416,2.0195295162006213,36,0,0,36,0.0,-5.040533897515161,-60.01086139021436,-5.040533897515161,-5.040533897515161,0.0,1,False,,4419
cand_0f160cb70929f7e1eed4,mcv,PRESENT,-5.083043496259052,4417,1.9973368841544608,26,0,0,26,0.0,-2.6563809120120823,-3.2490784089827685,-2.6563809120123096,-2.6563809120123096,2.4266625842469693,13,False,,4420
cand_28de5731e55c1e99771f,mcv,PRESENT,-5.187905559784667,4418,1.9751442521083,28,0,0,28,0.0,-5.571372582957565,-5.571372582957565,-5.571372582957565,-5.571372582957565,-0.3834670231728978,9,False,,4421
cand_0595f2d0503975b2d34c,mcv,PRESENT,-5.294267375937125,4419,1.9529516200621393,9,9,0,0,1.0,0.013424931754798308,0.013424931754798308,0.013424931754798308,0.013424931754798308,5.307692307691923,28,False,,4422
cand_9b4108f35727d9aeeb71,mcv,PRESENT,-5.297523137451208,4420,1.9307589880159788,27,0,0,27,0.0,-0.322780429362183,-0.32278042936241036,-0.322780429362183,-0.322780429362183,4.974742708089025,19,False,,4423
cand_6069adf4680e82f63ba5,mcv,PRESENT,-5.310817723593573,4421,1.908566355969818,30,0,0,30,0.0,-5.341038711085048,-157.35998383821823,-156.12817840066373,-156.12817840066373,-0.03022098749147517,4,False,,4424
cand_f548933fbf1571282a43,mcv,PRESENT,-5.750994121143776,4422,1.8863737239236573,14,0,0,14,0.0,-0.7907976494432205,-0.7907976494432205,-0.7907976494432205,-0.7907976494432205,4.960196471700556,27,False,,4425
cand_babb2b83abcfaddcb18c,mcv,PRESENT,-5.918465857577758,4423,1.8641810918774966,9,9,0,0,1.0,0.004611065499148026,0.004611065499148026,0.004611065499148026,0.004611065499148026,5.923076923076906,28,False,,4426
cand_a336e96077ec42c2c0c6,mcv,PRESENT,-5.9994408068650955,4424,1.841988459831336,31,0,0,31,0.0,-5.9994408068650955,-30.699382086959076,-30.69938208695885,-18.349411446911972,0.0,6,False,,4427
cand_72788155dcbc6963a0dd,mcv,PRESENT,-6.198044760558332,4425,1.8197958277851753,2,0,0,2,0.0,-6.198044760558332,-6.19804476055856,-6.1980447605583775,-6.198044760558355,0.0,1,False,,4428
cand_ebb62dfc75440a9687ff,mcv,PRESENT,-6.351429595481932,4426,1.7976031957390146,32,17,0,15,0.53125,0.5074903159350015,0.5074903159350015,0.5074903159350015,0.5074903159350015,6.858919911416933,6,False,,4429
cand_503f2ba8e81aeda46690,mcv,PRESENT,-6.417695682419435,4427,1.7754105636928539,29,0,0,29,0.0,-3.6306573923818632,-3.6306573923818632,-3.6306573923818632,-3.6306573923818632,2.7870382900375716,10,False,,4430
cand_3df81e43ad2e073fec87,fd,PRESENT,-6.472758541975054,4428,1.7532179316466934,30,13,16,1,0.43333333333333335,0.06057479135756694,0.0,0.06057479135756694,0.06057479135756694,6.533333333332621,8,False,,4402
cand_9593117e8c9cd508f464,mcv,PRESENT,-6.547917970669005,4429,1.7310252996005326,36,0,0,36,0.0,-1.0745451796810812,-6.5479179706694595,-1.0936941158512354,-1.0745451796812517,5.4733727909879235,27,False,,4431
cand_50d7e46059de7b51fd09,mcv,PRESENT,-6.5520140248772805,4430,1.708832667554372,30,0,0,30,0.0,-0.09635992288167472,-0.0963599228819021,-0.09635992288167472,-0.09635992288167472,6.455654101995606,8,False,,4432
cand_7d7173154f1dad13957f,mcv,PRESENT,-6.66158713126606,4431,1.6866400355082112,31,0,0,31,0.0,-6.661587131266515,-11.677099201036754,-6.661587131266742,-6.661587131266515,-4.547473508864641e-13,8,False,,4433
cand_1957dd09e46630702ffe,fd,PRESENT,-6.9416365798706465,4432,1.6644474034620507,10,9,0,1,0.9,0.01391897568441891,0.013918975684305224,0.01391897568441891,0.01391897568441891,6.955555555555065,28,False,,4407
cand_02499f120ee4f4bab942,mcv,PRESENT,-6.9668740012484704,4433,1.64225477141589,31,0,0,31,0.0,-0.3036086796444124,-0.3036086796446398,-0.3036086796444124,-0.3036086796444124,6.663265321604058,8,False,,4434
cand_8ab482402ca277694515,fd,PRESENT,-7.025249559600525,4434,1.6200621393697292,1,0,0,1,0.0,-7.025249559600752,-7.025249559600752,-7.025249559600752,-7.025249559600752,-2.2737367544323206e-13,7,False,,4411
cand_2b587bcb2b476d605b65,mcv,PRESENT,-7.112041330519787,4435,1.5978695073235685,16,0,0,16,0.0,-5.184807651843585,-5.184807651843585,-5.184807651843585,-5.184807651843585,1.9272336786762025,25,False,,4435
cand_1a20d9b26617042b9158,mcv,PRESENT,-7.206127346928952,4436,1.575676875277408,31,0,0,31,0.0,-7.2061273469294065,-420.2528563188923,-420.2528563188921,-213.72949183291098,-4.547473508864641e-13,3,False,,4436
cand_49676b67a784e0d7090a,mcv,PRESENT,-7.512491458781369,4437,1.5534842432312472,8,0,0,8,0.0,-9.245184173778398e-07,-9.245186447515152e-07,-9.245185765394126e-07,-9.245184969586262e-07,7.512490534262952,26,False,,4437
cand_9101edf59d4bf0647157,mcv,PRESENT,-7.709232906735451,4438,1.5312916111850865,5,0,0,5,0.0,-0.3981217956247747,-0.3981217956247747,-0.3981217956247747,-0.3981217956247747,7.311111111110677,3,False,,4438
cand_eaa31c3c8ea1877dd231,mcv,PRESENT,-8.26629765861162,4439,1.5090989791389258,30,0,16,14,0.0,0.0,0.0,0.0,0.0,8.26629765861162,21,False,,4439
cand_851a7e394afd86407153,mcv,PRESENT,-8.39001313575227,4440,1.4869063470927653,30,30,0,0,1.0,0.05826272631657048,0.04140947002656503,0.05826272631657048,0.05826272631657048,8.44827586206884,7,False,,4440
cand_6d1d3557676b890b0778,mcv,PRESENT,-8.454060519034101,4441,1.4647137150466045,30,0,0,30,0.0,-0.04398138933265727,-0.04398138933265727,-0.04398138933265727,-0.04398138933265727,8.410079129701444,7,False,,4441
cand_7826a3db4c5494faf7d9,mcv,PRESENT,-8.864278138429654,4442,1.4425210830004438,5,0,0,5,0.0,-8.864278138430109,-8.864278138430109,-8.864278138430109,-8.864278138430109,-4.547473508864641e-13,3,False,,4442
cand_451b5d2a710763e13699,mcv,PRESENT,-8.97130537902558,4443,1.4203284509542833,30,0,0,30,0.0,-0.15172058900520824,-0.6238849686635604,-0.15172058900520824,-0.15172058900520824,8.819584790020372,30,False,,4443
cand_4c403bdab2481b69c2db,mcv,PRESENT,-9.871680522051975,4444,1.3981358189081226,31,0,0,31,0.0,-9.871680522051975,-14.298412765398552,-9.871680522052202,-9.871680522052202,0.0,10,False,,4444
cand_04b49190094965376c47,mcv,PRESENT,-10.335803013964323,4446,1.353750554815801,18,0,0,18,0.0,-10.335803013964778,-873.1135462522118,-873.1135462522118,-743.6968847664759,-4.547473508864641e-13,2,False,,4446
cand_0e6bfcf0b6fef39cf1ae,mcv,PRESENT,-10.36471680554132,4447,1.3315579227696406,35,0,0,35,0.0,-0.056784834705013054,-1.8092526926216124,-0.05702528436654575,-0.057025048411401255,10.307931970836307,9,False,,4447
cand_827645902c17b764eb9c,mcv,PRESENT,-10.466368060427158,4448,1.3093652907234798,30,0,0,30,0.0,-8.06393486842262,-11.510333645543597,-10.466163592921248,-10.466163592921248,2.402433192004537,17,False,,4448
cand_3e2a5a53ca171276c86d,mcv,PRESENT,-10.588148079254097,4449,1.2871726586773191,29,13,0,16,0.4482758620689655,0.3814306136498544,-0.04410130124369971,0.3814306136498544,0.3814306136498544,10.969578692903951,10,False,,4449
cand_a6cc4a91531a9ec45d75,mcv,PRESENT,-11.673615392208376,4450,1.2649800266311584,36,0,0,36,0.0,-0.9494774611739558,-0.9572660016267491,-0.9494774611739558,-0.9494774611739558,10.72413793103442,3,False,,4450
cand_1fe411c0db0f8c799a1b,mcv,PRESENT,-11.889980829825618,4451,1.2427873945849979,28,0,0,28,0.0,-0.04382698367226112,-0.04382698367226112,-0.04382698367226112,-0.04382698367226112,11.846153846153356,9,False,,4451
cand_18b0bbc05ef29c78f141,mcv,PRESENT,-11.957834896768873,4452,1.2205947625388371,33,0,0,33,0.0,-1.361585498124441,-6.942054137476816,-1.3615854981246684,-1.3615854981246684,10.596249398644431,10,False,,4452
cand_9b4b289550a1a2507445,mcv,PRESENT,-12.001135599307418,4453,1.1984021304926764,29,29,0,0,1.0,0.6839707836709294,0.6686199064777156,0.6839707836709294,0.6839707836709294,12.685106382978347,8,False,,4453
cand_c21a8889d2c663accd95,mcv,PRESENT,-12.265957446807988,4454,1.1762094984465157,25,0,0,25,0.0,-1.526870970349819,-1.9662536680796165,-1.526870970349819,-1.526870970349819,10.73908647645817,14,False,,4454
cand_378fcf6ce8ad1f519d25,mcv,PRESENT,-13.013074200644041,4455,1.1540168664003552,36,0,0,36,0.0,-13.013074200644041,-63.93070038277369,-13.013074200644041,-13.013074200644041,0.0,1,False,,4455
cand_878fb78dac2208ced7f7,mcv,PRESENT,-13.463845630395554,4456,1.1318242343541944,3,0,0,3,0.0,-0.0023071688569871185,-0.002307168857214492,-0.0023071688570325934,-0.002307168857009856,13.461538461538566,35,False,,4457
cand_c43a43245ad8e2e6ef4d,mcv,PRESENT,-16.60488868305856,4458,1.087438970261873,35,0,0,35,0.0,-16.601711500662077,-429.7474994405793,-429.7474994405793,-305.80376305860534,0.003177182396484568,2,False,,4463
cand_6f1734c3415c1b2869c8,mcv,PRESENT,-18.331626728675474,4459,1.0652463382157125,25,0,0,25,0.0,-18.331626728675474,-1752.2547036517524,-1752.2547036517524,-1752.2547036517522,0.0,1,False,,4464
cand_48b1cdf0cf7781854af0,mcv,PRESENT,-18.36378293766029,4460,1.0430537061695517,35,0,0,35,0.0,-18.36378293766029,-919.9824674367171,-919.9824674367169,-919.9824674367169,0.0,1,False,,4465
cand_419e90e1f5fdde6bb4cf,mcv,PRESENT,-18.88269974601826,4461,1.020861074123391,32,31,0,1,0.96875,0.007458875846850788,0.007458875846850788,0.007458875846850788,0.007458875846850788,18.890158621865112,6,False,,4466
cand_91c551abc36ac10de3b2,mcv,PRESENT,-20.664890282189845,4462,0.9986684420772304,19,0,0,19,0.0,-0.019705564226114802,-0.019705564226114802,-0.019705564226114802,-0.019705564226114802,20.64518471796373,22,False,,4467
cand_1f894e20174fb776be79,mcv,PRESENT,-21.667128440730266,4463,0.9764758100310696,2,0,0,2,0.0,-21.667128440730266,-21.667128440730494,-21.667128440730313,-21.667128440730288,0.0,1,False,,4468
cand_a302c183a02ad3e5bc90,mcv,PRESENT,-23.647788611569922,4464,0.954283177984909,30,0,0,30,0.0,-22.964207869261145,-23.647788611569922,-22.964207869261145,-22.964207869261145,0.6835807423087772,25,False,,4469
cand_4c91444faa2d5560d8a4,fd,PRESENT,-25.04876673996114,4465,0.9320905459387483,25,8,16,1,0.32,0.04012214892736665,0.0,0.040122148927275704,0.04012214892736665,25.088888888888505,13,False,,4456
cand_c0815f5d159239c36fdc,mcv,PRESENT,-25.33144525004718,4466,0.9098979138925877,29,0,0,29,0.0,-9.100676019278126,-871.878453797056,-871.8784537970557,-871.8784537970557,16.230769230769056,2,False,,4470
cand_7e7004b029cb5d68f0e0,fd,PRESENT,-26.48652588258392,4467,0.8877052818464269,30,0,0,30,0.0,-2.072732779136004,-2.0727327791362313,-2.0727327791362087,-2.072732779136004,24.413793103447915,10,False,,4458
cand_ce07f8531e1a42c0a36b,fd,PRESENT,-26.733333333332666,4468,0.8655126498002663,27,0,26,1,0.0,0.0,0.0,0.0,0.0,26.733333333332666,8,False,,4459
cand_fa7bccbe39af4a4318ac,mcv,PRESENT,-27.21175868831142,4469,0.8433200177541056,30,0,0,30,0.0,-2.142793171070025,-2.142793171070025,-2.142793171070025,-2.142793171070025,25.068965517241395,7,False,,4471
cand_468aabc5e654cccb4d9a,mcv,PRESENT,-27.249059199274598,4470,0.821127385707945,34,0,0,34,0.0,-27.249059199275052,-80.25509961886087,-76.74358766384398,-27.249123111997278,-4.547473508864641e-13,3,False,,4472
cand_d589a6cc84f3818b42ea,fd,PRESENT,-28.603678449897416,4471,0.7989347536617842,30,0,0,30,0.0,-1.138212546548175,-1.138212546548175,-1.138212546548175,-1.138212546548175,27.46546590334924,8,False,,4461
cand_6b2592ad2789051ca528,mcv,PRESENT,-29.301620976221784,4472,0.7767421216156236,10,0,0,10,0.0,-0.06403232373963874,-0.06403232373963874,-0.06403232373963874,-0.06403232373963874,29.237588652482145,28,False,,4473
cand_007e10e68a334aa68fe2,fd,PRESENT,-29.396598952505883,4473,0.7545494895694629,14,13,0,1,0.9285714285714286,0.0922899363824854,0.08042364169159555,0.08873004797521845,0.0922899363824854,29.48888888888837,19,False,,4462
cand_077f9c7055d873503cac,mcv,PRESENT,-29.39675213640021,4474,0.7323568575233023,14,13,0,1,0.9285714285714286,0.09213675248815889,0.08027045779726905,0.08857686408096016,0.09213675248815889,29.48888888888837,19,False,,4474
cand_689747614dd4b0d1ae39,mcv,PRESENT,-34.55413552828577,4475,0.7101642254771416,22,21,0,1,0.9545454545454546,0.24041268863766163,0.24041268863766163,0.24041268863766163,0.24041268863766163,34.79454821692343,16,False,,4476
cand_493edf31b8ce94c03f66,mcv,PRESENT,-36.95371997433449,4476,0.6879715934309809,35,0,0,35,0.0,-36.95371997433449,-450.0569644982388,-450.0004489462973,-326.0864302547097,0.0,3,False,,4477
cand_e70723cb12a2456ae410,mcv,PRESENT,-37.65824690019963,4477,0.6657789613848203,31,0,0,31,0.0,-2.329137845511923,-37.658246900199856,-2.329137845511923,-2.329137845511923,35.329109054687706,23,False,,4478
cand_f076dce27c0ceb830a37,mcv,PRESENT,-38.66524882585691,4478,0.6435863293386596,30,0,0,30,0.0,-38.665248825857134,-58.19372462011802,-58.19372462011779,-47.45306293327448,-2.2737367544323206e-13,4,False,,4479
cand_f02f47b5817cdd14ce11,mcv,PRESENT,-53.51402930877339,4479,0.6213936972924989,32,4,0,28,0.125,0.1907540900267577,-7.527235264439014,0.05379840128617008,0.1907540900267577,53.704783398800146,33,False,,4481
cand_5e19841691430faf150a,mcv,PRESENT,-53.88999337280711,4480,0.5992010652463382,36,0,0,36,0.0,-53.88999337280711,-955.5106830279797,-955.5106830279796,-955.5106830279794,0.0,1,False,,4482
cand_c29d348f7e3ce8baf188,fd,PRESENT,-64.50467289719563,4481,0.5770084332001776,31,0,30,1,0.0,0.0,0.0,0.0,0.0,64.50467289719563,7,False,,4475
cand_f21290fd547d4ae65882,mcv,PRESENT,-77.2397059110026,4482,0.5548158011540169,30,0,0,30,0.0,-77.2397059110026,-1811.16278283408,-1811.1450551959872,-1811.1450551959872,0.0,1,False,,4483
cand_6c87be361ddc946ac9ec,fd,PRESENT,-85.57411905255685,4483,0.5326231691078562,30,0,0,30,0.0,-6.263774224970348,-6.263774224970575,-6.263774224970348,-6.263774224970348,79.3103448275865,8,False,,4480
cand_8e769df9f4c8b4c7147d,mcv,PRESENT,-93.82000851686735,4484,0.5104305370616955,36,0,0,36,0.0,-6.888974034108742,-6.888974034108969,-6.888974034108969,-6.888974034108969,86.9310344827586,3,False,,4488
cand_0a304b0eec0e235c4597,mcv,PRESENT,-105.82949903831468,4485,0.4882379050155348,26,24,0,2,0.9230769230769231,0.7260565172407496,0.7194803409597625,0.7194803409597625,0.7244124731705028,106.55555555555543,13,False,,4489
cand_bc0e502b319089163af1,mcv,PRESENT,-115.4340658842275,4486,0.46604527296937415,27,0,0,27,0.0,-1.98962143978315,-1.98962143978315,-1.98962143978315,-1.98962143978315,113.44444444444434,8,False,,4490
cand_688123439e63a4d77b44,mcv,PRESENT,-116.6384452788052,4487,0.44385264092321347,23,23,0,0,1.0,0.20770856734839072,0.20770856734816334,0.20770856734839072,0.20770856734839072,116.84615384615358,19,False,,4491
cand_93a816be2b064c255532,mcv,PRESENT,-122.1362678659716,4488,0.4216600088770528,10,0,0,10,0.0,-1.3314539319587766,-1.7282733470931362,-1.3314539319589813,-1.331453931958879,120.80481393401283,28,False,,4492
cand_fa64740dcc58bf5b9127,mcv,PRESENT,-129.78194437460206,4489,0.3994673768308921,29,0,0,29,0.0,-3.4647648597938314,-3.464764859794059,-3.4647648597938314,-3.4647648597938314,126.31717951480823,19,False,,4493
cand_62fa4e0f95b5808136c8,fd,PRESENT,-149.1648451329056,4490,0.37727474478473144,29,0,29,0,0.0,0.0,0.0,0.0,0.0,149.1648451329056,8,False,,4484
cand_a1e62e802869601e8f6e,mcv,PRESENT,-149.471540495485,4491,0.3550821127385708,35,0,0,35,0.0,-149.471540495485,-2785.0152529788666,-2785.0133019176187,-2785.0133019176187,0.0,1,False,,4495
cand_a7a4ced2f7da7381f9b1,fd,PRESENT,-152.1333333333332,4492,0.33288948069241014,25,0,0,25,0.0,-0.33333333333325754,-0.33333333333325754,-0.33333333333325754,-0.33333333333325754,151.79999999999995,13,False,,4485
cand_681e792be3f80d9a7d67,fd,PRESENT,-158.1577497461667,4493,0.31069684864624947,28,28,0,0,1.0,0.22686563844808916,0.22686563844808916,0.22686563844808916,0.22686563844808916,158.3846153846148,9,False,,4486
cand_18e4f9a3941fd7cdde23,mcv,PRESENT,-202.4707355260707,4495,0.2663115845539281,25,0,0,25,0.0,-202.4707355260707,-1066.914412927981,-1065.2485133038488,-375.0262910816291,0.0,1,False,,4496
cand_bfb424d0d5dbfcebfc77,mcv,PRESENT,-243.01090084607404,4496,0.2441189525077674,31,31,0,0,1.0,1.644271567718988,1.5346224449119745,1.644271567718988,1.644271567718988,244.65517241379303,5,False,,4497
cand_7e48514b1f02d9f47f3e,fd,PRESENT,-253.2466382942339,4497,0.22192632046160674,29,0,28,1,0.0,0.0,0.0,0.0,0.0,253.2466382942339,9,False,,4494
cand_b8e1fbd6ea16b33172b0,mcv,PRESENT,-277.89684940830557,4498,0.19973368841544606,30,0,0,30,0.0,-0.5231570174937588,-0.56852095454974,-0.5316685229954601,-0.5316685229954601,277.3736923908118,24,False,,4499
cand_44b112101167a3af1e53,mcv,PRESENT,-279.31008128438134,4499,0.1775410563692854,24,24,0,0,1.0,0.6711633028403412,0.6711633028403412,0.6711633028403412,0.6711633028403412,279.9812445872217,13,False,,4500
cand_d98c13d67c2418aba67c,mcv,PRESENT,-296.77992067097966,4500,0.15534842432312473,30,0,0,30,0.0,-22.124748257186866,-23.067636991488143,-22.127005568694653,-22.124748257186866,274.6551724137928,7,False,,4501
cand_7c8ba6af9bf9e5c187ac,mcv,PRESENT,-356.5957314331645,4501,0.13315579227696406,32,0,0,32,0.0,-356.5957314331647,-509.9822559732004,-507.38287112274315,-507.38287112274315,-2.2737367544323206e-13,4,False,,4502
cand_c6b67dcf0bfbbc776290,mcv,PRESENT,-472.0021326844562,4502,0.11096316023080337,18,18,0,0,1.0,0.08584720057774575,0.08584720057751838,0.08584720057774575,0.08584720057774575,472.087979885034,19,False,,4503
cand_c0ec5664189bb94858ac,fd,PRESENT,-510.578922031792,4503,0.0887705281846427,31,0,30,1,0.0,0.0,0.0,0.0,0.0,510.578922031792,7,False,,4498
cand_dc77679407d3d0269bf3,mcv,PRESENT,-672.4118965081125,4504,0.06657789613848203,30,0,0,30,0.0,-672.4118965081125,-2406.8137048237786,-2406.813704823778,-2406.813704823778,0.0,1,False,,4504
cand_d1cd31c2a2ed4f53300d,mcv,PRESENT,-787.9355782076045,4506,0.022192632046160676,35,0,0,35,0.0,-787.9355782076045,-2524.82885964905,-2521.858655130682,-2521.858655130682,0.0,1,False,,4506
