query_id,sample_a_empty_qerror,sample_a_design_qerror,improved_count,unchanged_count,worsened_count,min_design_qerror,median_design_qerror,max_design_qerror,top20_sample_a_hardest
dmv.1,1.8127705627705628,1.7819148936170213,10,0,0,1.6152362584378013,1.7846221751212101,2.0108043217286915,False
dmv.10,2.3816051317321096,2.381514411943778,5,5,0,2.3798237286556168,2.39725896295309,2.4076366183780435,False
dmv.100,2.3793097079021934,2.44915715062534,0,0,10,2.361879296733186,2.4253356321306656,2.475289131192678,False
dmv.1000,2.599755366401316,2.4596678548730275,10,0,0,2.3884390569557348,2.4393473032229154,2.4746708331479916,False
dmv.1001,2.4649677916719672,2.410912906610703,10,0,0,2.3654617174423973,2.4182963414395324,2.437395052223832,False
dmv.1002,2.3779806365827665,2.3772233634738362,10,0,0,2.371147430655949,2.3978685765075225,2.4059515131164595,False
dmv.1003,2.397870288991597,2.3747719534672456,10,0,0,2.358627898837273,2.3878189166894357,2.402263670906204,False
dmv.1004,2.339116304715641,2.278045622440513,10,0,0,2.2129321622126708,2.3050704679608787,2.3575500721066036,False
dmv.1005,2.4025725422260718,2.3558900719962175,10,0,0,2.272172723474785,2.3727479230547894,2.552384662337702,False
dmv.1006,2.3651817399460437,2.194020412343084,10,0,0,2.062136691729112,2.124313700094076,2.18527811073803,False
dmv.1007,1.1119141323792487,1.0570748299319728,9,0,1,1.0003218745976568,1.0331624765334908,1.0826308088901275,False
dmv.1008,2.4477611202487846,2.385889593394439,10,0,0,2.379931749860179,2.4017712129477156,2.4117883820918258,False
dmv.1009,2.4589058085437197,2.4087987071996966,10,0,0,2.3988278391160986,2.4289651578773466,2.462376861466878,False
dmv.101,2.436415902310695,2.3754074307684916,10,0,0,2.357712381570047,2.3908165769114857,2.4108321849289838,False
dmv.1010,2.385842227625357,2.3310106968569095,10,0,0,2.2822304764952954,2.320930141775534,2.3357032429117535,False
dmv.1011,2.4081388043796066,2.398183376162616,10,0,0,2.3866512302115552,2.411748224760143,2.421451567821613,False
dmv.1012,2.4023758359430962,2.391256009482975,10,0,0,2.375259097435956,2.4092339890617547,2.4188615562502256,False
dmv.1013,2.44218797300049,2.4351898991956014,10,0,0,2.4077956312653304,2.4408765077901338,2.461856129752566,False
dmv.1014,2.4119384102125547,2.3466226638545806,10,0,0,2.3485847826032282,2.3627946628119867,2.3761710699598853,False
dmv.1015,2.3824637591641444,2.372391390744591,10,0,0,2.3531818704949155,2.381935801810034,2.3990827464748623,False
dmv.1016,1.5529187739306702,1.4335425093562166,10,0,0,1.2277097902097902,1.3789807095558113,1.5710616261004662,False
dmv.1017,1.6868330570684347,1.9058603197705528,0,0,10,1.8768208347121549,1.9193969494072833,1.9998629980078564,False
dmv.1018,2.7180859847539316,2.5446753433522686,10,0,0,2.544336879037447,2.6033064011690623,2.6951088094739446,False
dmv.1019,1.9601418439716312,1.8849231608620534,9,0,1,1.743942453306411,2.0104802067442735,2.320441061233628,False
dmv.102,2.4351579024414964,2.388103770722131,10,0,0,2.363600013935432,2.3962207040215775,2.410941207511971,False
dmv.1020,2.3813468743104775,2.3673763250943822,10,0,0,2.3510585203585994,2.3798608059980704,2.393550412859614,False
dmv.1021,2.458061995311279,2.2312466749423656,10,0,0,2.1372314022289958,2.3793032540597947,2.498259857589613,False
dmv.1022,2.4248117077255,2.3890405711517038,10,0,0,2.391210690139202,2.408623495287757,2.419553394210293,False
dmv.1023,2.5109845353912785,2.470426889300201,10,0,0,2.398918926153708,2.4484059331601165,2.496691160009353,False
dmv.1024,2.402187084684569,2.376695872462463,10,0,0,2.3706724838340887,2.389676964746806,2.397696257120502,False
dmv.1025,2.822608661062346,2.6498969919149546,10,0,0,2.5354545941793365,2.610816741394248,2.650754910811568,False
dmv.1026,2.441086347632115,2.418174770488189,10,0,0,2.3908670664074334,2.4273554875905057,2.435201373731022,False
dmv.1027,2.3756804176142117,2.365723410135877,10,0,0,2.351046420596582,2.376370718760419,2.384773805522155,False
dmv.1028,2.3489821215944837,2.2183412984462785,10,0,0,2.1744384991548182,2.236715867691552,2.2622999572100984,False
dmv.1029,2.4967750622033913,2.4483303435971737,10,0,0,2.420670297953018,2.458812149486591,2.483768531680054,False
dmv.103,2.4257688568694094,2.3899877717556635,10,0,0,2.389677271144082,2.4078850274097863,2.418811805548598,False
dmv.1030,12.932204621421304,9.628489504436269,10,0,0,9.22044347735986,10.443620357431108,11.291986549076835,False
dmv.1031,2.4491546068849512,2.4072305881872267,10,0,0,2.3804471914060774,2.4184826205189736,2.450553495005753,False
dmv.1032,2.491130828338382,2.438868182148813,10,0,0,2.408806313470656,2.4454511628343996,2.474142702003959,False
dmv.1033,2.3273934687880016,2.3079302472373047,10,0,0,2.249471633490402,2.2957279442524268,2.3554174585522034,False
dmv.1034,3.7557251908396947,4.84251968503937,0,0,10,4.1344537815126055,4.699037620297463,8.03921568627451,False
dmv.1035,2.1467370031669217,2.111646832341617,10,0,0,2.0199467639870092,2.15229977014279,2.2448279069767443,False
dmv.1036,2.3831378483470256,2.3831146104013983,10,0,0,2.379718838352459,2.396774315786052,2.407644988928751,False
dmv.1037,24405.166666666668,4922.5,10,0,0,4745.333333333333,5513.5,6583.0,True
dmv.1038,2.128556011187375,2.1155982861147598,10,0,0,2.0709444720593853,2.1104448230023776,2.1659584633376956,False
dmv.1039,2.3996600166686632,2.3740281162233603,10,0,0,2.369615833862961,2.3956480495132952,2.4030589581722026,False
dmv.104,2.4009293353413237,2.3951330054579434,10,0,0,2.360784977757262,2.393425406089487,2.4059222604846418,False
dmv.1040,2.4244436819919617,2.251291465329561,10,0,0,2.1169006248395106,2.20781369603809,2.27774452016946,False
dmv.1041,2.389084111669807,2.35088129136808,10,0,0,2.334076510313931,2.3713034800221724,2.440657931248457,False
dmv.1042,2.4258679780197046,2.3995727822013597,10,0,0,2.383958178665666,2.4053605956284194,2.4408890954059492,False
dmv.1043,2.5117859988858355,2.4871976490760623,10,0,0,2.459033443594253,2.488223780296818,2.513674282309344,False
dmv.1044,2.599273455690781,2.4294549624892263,10,0,0,2.399821002741453,2.4395185468577676,2.4601161014422,False
dmv.1045,2.429524869933394,2.3907889370943414,10,0,0,2.381958718728813,2.4166371068635786,2.466544840730753,False
dmv.1046,2.3183171244897367,2.262518156827677,10,0,0,2.174806823815133,2.271851843400654,2.310330999763261,False
dmv.1047,2.382219120655952,2.3805325618871693,10,0,0,2.376042115895612,2.3948198354988346,2.4029447935804837,False
dmv.1048,2.354264112629772,2.3376140399481313,10,0,0,2.2722029708062093,2.3176790167495147,2.3776025767466615,False
dmv.1049,2.526752973270478,2.461291306103154,10,0,0,2.4383900002216916,2.4675924025230223,2.5011981250692865,False
dmv.105,2.399440519030233,2.3601491287902276,10,0,0,2.3526180376886168,2.3832740266731847,2.428096019052834,False
dmv.1050,2.4876270582213067,2.3649175429665124,10,0,0,2.32065225501531,2.3655483130936257,2.414217617775386,False
dmv.1051,2.363462843744215,2.284368141480327,10,0,0,2.241413479393911,2.3253472215129722,2.4224457786622593,False
dmv.1052,1.0099889932255375,1.0591991336712145,7,0,3,1.002210837256531,1.0291709391815864,1.0816927368735678,False
dmv.1053,1.2047448714421107,1.1917737789203084,10,0,0,1.0899304652796602,1.1727995938253932,1.2034497712571997,False
dmv.1054,2.296649635016105,2.273794871653036,10,0,0,2.2108256668558073,2.27027103916749,2.328372285348529,False
dmv.1055,2.2705413647822024,2.2399005269290297,10,0,0,2.1342336371168185,2.360239402694898,2.559943554477879,False
dmv.1056,4.029989833954592,2.1958394297400203,10,0,0,2.1142563920224973,2.18924491966027,2.3388877466186315,False
dmv.1057,1.1400233372228705,1.136046511627907,8,1,1,1.0122824974411464,1.1566811818375422,1.4691729323308271,False
dmv.1058,2.502797670604739,2.3792488862712977,10,0,0,2.3619427104190716,2.3908334831206703,2.404980940876902,False
dmv.1059,2.3311614101683964,2.355969349753594,0,0,10,2.3141624139603687,2.355609478110604,2.3683765701740676,False
dmv.106,2.412319806942825,2.3580565557789983,10,0,0,2.3324835887912347,2.373775872654088,2.4036772205657098,False
dmv.1060,2.3991711415821686,2.382733912052491,10,0,0,2.3667159881787145,2.3935892607828047,2.4074582262943482,False
dmv.1061,2.314737349636383,2.173078574572311,10,0,0,2.097347508961935,2.16055636050095,2.2360679247922914,False
dmv.1062,2.6371082545415914,2.503590519415028,10,0,0,2.3818438273618763,2.678323715662011,2.791778665017151,False
dmv.1063,2.3650421132232915,2.4053093590049595,0,0,10,2.4036095087499225,2.451024178973622,2.5186614829214107,False
dmv.1064,14.925271739130435,3.749146757679181,10,0,0,3.5174511687479986,3.9736001474920077,4.27099533437014,False
dmv.1065,2.3188963640342948,2.279302620318105,10,0,0,2.1815638582152017,2.230639058828078,2.301757319014088,False
dmv.1066,2.3326413894511324,2.3917417587277168,0,0,10,2.332409317767616,2.384222101834095,2.4012632234541766,False
dmv.1067,2.381920069807051,2.363850456518616,10,0,0,2.3515928264378236,2.382401282945933,2.4178276983279683,False
dmv.1068,2.1425297891842345,2.1744186046511627,5,0,5,2.1475915474471714,2.3003769085137864,2.5011464383980435,False
dmv.1069,2.4303724529194675,2.35015105241973,10,0,0,2.336035415187667,2.3616903989847096,2.3786201835103933,False
dmv.107,2.2495490060731917,2.310600379077033,0,0,10,2.2557150397773458,2.297851419593768,2.319848779182014,False
dmv.1070,1.4169133897668988,1.815020565140751,0,0,10,1.337650578694591,1.6279123677813891,1.9625158831003813,False
dmv.1071,1.2809482001755925,1.187868919193975,10,0,0,1.0890672069526273,1.1603043414729932,1.2173550271172298,False
dmv.1072,2.379406896418079,2.379406896418079,0,10,0,2.3784585963766225,2.397384003664593,2.407215281087287,False
dmv.1073,2.419317186516008,2.3884926147098366,10,0,0,2.364546264918747,2.3921176970273628,2.4321337350186654,False
dmv.1074,1.768205343517614,1.736875917040092,10,0,0,1.7297284488886782,1.8152268209947269,1.8661928622558543,False
dmv.1075,2.3769491256166124,2.3716255275769687,10,0,0,2.359753566124542,2.3863017809755744,2.427576992132278,False
dmv.1076,1.748515489328329,1.8899350600202842,0,0,10,1.7920742947717658,1.8533251067039775,1.8918251382680507,False
dmv.1077,2.383161214917312,2.383161214917312,0,10,0,2.3673888956838933,2.393619661952709,2.408522715835665,False
dmv.1078,2.269361669525352,2.3702403595309374,0,0,10,2.3040484488342594,2.352504106931238,2.3915225214671842,False
dmv.1079,2.381607247767538,2.3816092303267538,0,0,10,2.379460092896142,2.396460739214646,2.4073378095075015,False
dmv.108,2.609965617182655,2.443186008337745,10,0,0,2.429651923884873,2.465196849828015,2.5185147806703845,False
dmv.1080,1.3421836785868975,2.2154771567873826,0,0,10,2.0637280429426963,2.1861894828432726,2.311371704493834,False
dmv.1081,2.4022532919563657,2.33842874438209,10,0,0,2.3114129234092577,2.3559749049635528,2.3903160341236185,False
dmv.1082,2.5617969834033123,2.534385629630686,10,0,0,2.4614630767898884,2.5059834034211077,2.6944383372629885,False
dmv.1083,2.2835701640258446,2.3488432657667433,0,0,10,2.303661036720173,2.3482405318343167,2.3621903817000676,False
dmv.1084,2.381170353934173,2.3811294330472252,4,0,6,2.3795216827515144,2.3988887858727344,2.4063826948007767,False
dmv.1085,2.492636811383831,2.4417343126663487,10,0,0,2.3806697618585275,2.4261978651773806,2.5430697108403746,False
dmv.1086,2.0228739703776615,2.332770455697326,0,0,10,2.2734928144714392,2.326787375022957,2.402204042267393,False
dmv.1087,2.687569871676166,2.7663562783047007,0,0,10,2.745871355519779,2.796812564992698,2.861691794802511,False
dmv.1088,2.3043699238746713,2.2092797297033377,10,0,0,2.1555427145565003,2.190582304043528,2.244439087397249,False
dmv.1089,8.754401565000888,4.392041399000714,10,0,0,4.282383645063071,4.569975019530018,5.1101422194539605,False
dmv.109,2.38058303780581,2.3804574203107185,10,0,0,2.376186476737114,2.3966079889446954,2.405498269618712,False
dmv.1090,2.4378932533654063,2.3797969599768902,10,0,0,2.287608374997079,2.362417130902279,2.439547954684055,False
dmv.1091,1.0256874872348114,1.109520357000623,2,0,8,1.0559600518753764,1.1048076628508992,1.145113196564788,False
dmv.1092,6.2786377708978325,4.958435207823961,10,0,0,3.0680786686838126,5.1913409736507,8.112,False
dmv.1093,2.1810312399864396,2.0842675187502775,10,0,0,1.930832607015409,2.007799334844572,2.1009855191757962,False
dmv.1094,2.4152750103290006,2.3734224765895364,10,0,0,2.351207916114706,2.387156279884521,2.416120434824597,False
dmv.1095,1.2499190096430222,1.2165206424172492,10,0,0,1.1584734014348594,1.2160718053364392,1.2542503008756518,False
dmv.1096,1.7067925618764137,1.9099582008525497,0,0,10,1.8427545653784323,1.8936827937693295,1.9282496715229274,False
dmv.1097,2.393096915359163,2.3945984914224683,5,0,5,2.3434159470087925,2.3801642606683107,2.450267201433817,False
dmv.1098,2.4233100599036583,2.353436280859051,10,0,0,2.343913954307537,2.3660433853951677,2.381049170889456,False
dmv.1099,2.392516185668825,2.3909024813053366,10,0,0,2.357520988736884,2.389370421334437,2.4612500019329766,False
dmv.11,2.32717211808674,2.18785237641291,10,0,0,1.8193286827323791,2.06181970346082,2.277810860626684,False
dmv.110,2.4186097218376386,2.4075545341796163,10,0,0,2.3911786370381036,2.425235288008679,2.429785914201856,False
dmv.1100,2569.0,1068.0,10,0,0,973.0,1057.5,1125.0,True
dmv.1101,2.3971057826675244,2.3713893868809506,10,0,0,2.3698589492894175,2.3916678850905573,2.398578991022368,False
dmv.1102,2.405528147170224,2.3663880637239445,10,0,0,2.356989066912731,2.382203774858054,2.391421766909655,False
dmv.1103,2.4024494768277016,2.366593133027829,10,0,0,2.3605346994232437,2.3919808014217887,2.400525445590823,False
dmv.1104,2.4967841581459793,2.4470122507735574,10,0,0,2.402406219892656,2.471206393795854,2.532821305479018,False
dmv.1105,2.47424461605294,2.450412540345234,10,0,0,2.4217960116855073,2.4568407481444936,2.4785107993048583,False
dmv.1106,2.2982389334673305,1.611015561578998,10,0,0,1.5345408317060065,1.6308296919000136,1.7193190094683175,False
dmv.1107,2.758642277218038,2.52566720401218,10,0,0,2.2176996996052405,2.4146786339710475,2.926813068205405,False
dmv.1108,1.8905397367264076,1.8647390439263303,10,0,0,1.8492663799645839,2.0449261445608466,2.1549561500479033,False
dmv.1109,2.0339700947940615,1.9629128162887075,10,0,0,1.8980312118873983,2.0070183692516808,2.1268337851556836,False
dmv.111,11.601398601398602,6.16728624535316,10,0,0,5.173596673596673,6.226428955917054,7.0,False
dmv.1110,58.77173913043478,65.0,0,0,10,56.68478260869565,63.34239130434783,66.56521739130434,True
dmv.1111,2.3663602281029807,2.3867922208452463,0,0,10,2.3435899774758804,2.381198525066093,2.4006725916922442,False
dmv.1112,2.352616750915921,2.295565616388146,10,0,0,2.2370551089434625,2.2852161751342295,2.316533383564224,False
dmv.1113,2.1376814949791503,2.1158202545366627,9,0,1,2.04125456139323,2.0854241765868187,2.1673311963529702,False
dmv.1114,5.635726795096322,5.635726795096322,0,10,0,4.311733800350263,4.980735551663749,5.183887915936952,False
dmv.1115,2.37973077691823,2.3711684906273702,10,0,0,2.364384048286194,2.3879488200469394,2.3977949526412927,False
dmv.1116,2.602940444385444,2.5224690643317174,10,0,0,2.412281241349614,2.4892435447770627,2.536186151794015,False
dmv.1117,2.368864549144459,2.3687364863013913,10,0,0,2.379358568692187,2.3920547781692862,2.4130853977481803,False
dmv.1118,1.6898182355548987,1.4558888724693364,10,0,0,1.3985517954780553,1.443401802866854,1.5516477020836412,False
dmv.1119,1.0617818788447504,1.041736782073643,10,0,0,1.0445952322337109,1.0705373922750039,1.1235780879351245,False
dmv.112,2.316841311491072,2.462594976879137,0,0,10,2.325936456281579,2.465527908941887,2.541030784315193,False
dmv.1120,2.2350886022517877,2.1825996245846335,10,0,0,2.106436139693226,2.118094976805308,2.2192894219299095,False
dmv.1121,2.402719489160802,2.3769443752267647,10,0,0,2.3714060200448914,2.3937824117660838,2.4040607609441182,False
dmv.1122,2.458512357629038,2.4420742527191788,10,0,0,2.439857897750848,2.4563955413074234,2.4701126219901837,False
dmv.1123,1.8122736518331102,1.8109709243239223,10,0,0,1.7449456047958538,1.881630410236665,1.9942677767162549,False
dmv.1124,2.410636861915,2.4083605438556397,10,0,0,2.3894043345057203,2.42028422045239,2.4297534234677056,False
dmv.1125,1.586082978486742,1.6649920360235206,0,0,10,1.6233776848840806,1.6466108551732015,1.6780444530274043,False
dmv.1126,2.382419002657233,2.382380142132388,10,0,0,2.36388749951224,2.395314091236664,2.4113405500881457,False
dmv.1127,2.290237824367517,1.365311329285622,10,0,0,1.5245402091597549,1.6421842418261205,1.884606811697575,False
dmv.1128,2.3811410855480055,2.3811435334019224,0,0,10,2.3789297937783904,2.397285042487128,2.407314623426683,False
dmv.1129,2.387336351737674,2.3564645742681796,10,0,0,2.3545509046917075,2.3738147293715004,2.381775893588453,False
dmv.113,2.4007008819663835,2.3752235292308153,10,0,0,2.3677909808342728,2.388694631713638,2.3961558471192244,False
dmv.1130,2.33557181237215,2.2203624993993105,10,0,0,2.1854086703445557,2.2215365863285443,2.2613187772107266,False
dmv.1131,2.3790284527399495,2.374431729314342,10,0,0,2.3693388053131494,2.3937304881350983,2.4030884026170174,False
dmv.1132,2.342331929452814,2.4083817708798327,0,0,10,2.361669105565874,2.4051117412563414,2.426389164491325,False
dmv.1133,3.837344511738207,5.357343737499923,0,0,10,5.134035513985622,5.237264395408239,5.466918275329373,False
dmv.1134,2.574217628481194,2.5741252467252824,5,5,0,2.445008777461524,2.522693192424283,2.6139465388750205,False
dmv.1135,2.3766261350319495,2.3743830715357257,10,0,0,2.316303873184316,2.3640909393156493,2.397062256000665,False
dmv.1136,4.340925789860397,4.2708433734939755,10,0,0,4.135806790339517,4.334185986786228,4.607625649913345,False
dmv.1137,2.40430640940632,2.3797048425589913,10,0,0,2.3626189859049185,2.3921945313113726,2.453739132372025,False
dmv.1138,2.2915062688507963,2.2580626010337443,10,0,0,2.23076970072421,2.2777288254766592,2.3052355386301535,False
dmv.1139,7.047572237116473,7.75059787059787,0,0,10,7.628147670482025,7.940902024459708,8.248910428506678,False
dmv.114,2.3798332123330357,2.3798347413279672,0,0,10,2.371739833830771,2.3981164278138527,2.4064997743449723,False
dmv.1140,2.3812697361719466,2.3812697361719466,0,10,0,2.3708588394481804,2.4012883155181526,2.471257806285199,False
dmv.1141,2.0122947568810976,2.494493608652901,0,0,10,2.027087495005993,2.3839801472201367,2.747346761966645,False
dmv.1142,2.2273465820925775,2.2227109951810426,10,0,0,2.1997689773309004,2.2444976705890376,2.2760526780419124,False
dmv.1143,2.594258304415734,2.5404768413171053,10,0,0,2.5354375970007217,2.572049389217522,2.637116022088961,False
dmv.1144,1.8195011789711402,1.8178711261530294,10,0,0,1.6938844917140736,1.77794179855832,1.9205314263680022,False
dmv.1145,2.379069281590294,2.3755549180854385,10,0,0,2.3740855539851706,2.394867358992001,2.4036433893043214,False
dmv.1146,2.4323378129796485,2.208611984092703,10,0,0,2.160472062358855,2.1992435066664537,2.2379160836446976,False
dmv.1147,2.2307997648641607,2.4179672617874646,0,0,10,2.26281996114977,2.310122042264287,2.4409355096465313,False
dmv.1148,1.5708763178411183,1.443896666151266,10,0,0,1.3677625426726907,1.4151374819482267,1.4664178315712546,False
dmv.1149,2.384402595558669,2.3831695399632817,10,0,0,2.3673314009723248,2.3919130213419506,2.4069056035848617,False
dmv.115,2.3942806564589665,2.34073459239829,10,0,0,2.328642020735317,2.3530090836941233,2.3797434877243897,False
dmv.1150,2.4754527205945163,2.534777252150255,0,0,10,2.4452692834410903,2.5086501965738597,2.565990243947904,False
dmv.1151,2.382403876950379,2.3803043459474824,10,0,0,2.3768558504377824,2.3946905759123185,2.4049512201878063,False
dmv.1152,2.3830169487188235,2.3635713546957597,10,0,0,2.3593457094484966,2.3772214375194296,2.38796403634829,False
dmv.1153,2.4429132693566094,2.369105141007305,10,0,0,2.3417225079656387,2.3572027204747643,2.4158467807433204,False
dmv.1154,2.393586478192018,2.391108632838242,10,0,0,2.3570179086098744,2.390812621242109,2.4085005782619464,False
dmv.1155,2.503729764306451,2.392267946722834,10,0,0,2.398057360187195,2.4560613188855056,2.508549863315577,False
dmv.1156,1.02268021943317,1.891525863747485,0,0,10,1.827334144952374,1.9496007497760766,1.9862219369934744,False
dmv.1157,2.3075802876935394,2.260296081607138,10,0,0,2.2176565157189456,2.2511874037355017,2.289330391404451,False
dmv.1158,2.436709456702552,2.394916247647839,10,0,0,2.118828634589667,2.345545803109948,2.4932078743697614,False
dmv.1159,29.35695107398568,2.2002862030028956,10,0,0,2.1068469394309206,2.3643371209532242,2.505844155844156,True
dmv.116,2.265615009199692,2.383164064326369,0,0,10,2.3098623404084595,2.362526313963295,2.394838818690532,False
dmv.1160,2.380140018414834,2.3707578316228863,10,0,0,2.3677889840592146,2.3849334723428592,2.3967890749353633,False
dmv.1161,2.063933643547847,2.1669759090228937,0,0,10,2.0887305559361637,2.1491321335818854,2.2387132179599156,False
dmv.1162,2.4773541650556616,2.3962973242237093,10,0,0,2.3658428041844335,2.400967275537238,2.425628679656021,False
dmv.1163,2.426387170133009,2.388492219596383,10,0,0,2.3898862730499535,2.406267294764407,2.419778112815982,False
dmv.1164,2.3813969067720926,2.3813030966328554,10,0,0,2.3789367150367617,2.3970319678691285,2.407747861672258,False
dmv.1165,1.6321324944165012,1.6197118675806517,7,0,3,1.573837875244595,1.620010722766661,1.6827330626720203,False
dmv.1166,2.5070528476185046,2.383331850032617,10,0,0,2.3652571224005468,2.3931854384677944,2.407594069872176,False
dmv.1167,2.42671272295245,2.390871017093598,10,0,0,2.3807275019153398,2.403699985163522,2.4206257076213227,False
dmv.1168,2.3931214943524486,2.2869524486228725,10,0,0,2.2946957684373346,2.3103188492507063,2.3220267495319393,False
dmv.1169,2.2551488325520004,2.213675786463831,10,0,0,2.1113345282451044,2.162943159203027,2.2604150925104856,False
dmv.117,2.337917803348564,2.1986034181127736,10,0,0,2.1671427310269062,2.1971776948127317,2.22350517497494,False
dmv.1170,2.271055300289209,2.326732228773872,0,0,10,2.2742500075224923,2.324295269247962,2.3778818032973845,False
dmv.1171,2.3890475882808118,2.3363468948160655,10,0,0,2.3357571362417975,2.358585870961363,2.377640994379414,False
dmv.1172,1.9668815292287174,2.7317889837451466,0,0,10,2.6706830106328643,2.73887991390134,2.8215744226830672,False
dmv.1173,2.3803289545753685,2.368048104458152,10,0,0,2.3571701841175625,2.3836711432799795,2.390168156928273,False
dmv.1174,2.389067334175103,2.381152789138247,10,0,0,2.360876368022032,2.4143666596417086,2.433844279048575,False
dmv.1175,1.8692359100022278,1.8393248575186323,10,0,0,1.6954940391998383,2.1948143102161426,2.3683319220999155,False
dmv.1176,2.3860987963014324,2.1093332428053855,10,0,0,1.9794220402037443,2.0360676829613054,2.094053084487317,False
dmv.1177,2.377213671022713,2.3771731977877075,4,0,6,2.3769496080036125,2.397293668664923,2.403537326552328,False
dmv.1178,2.404029978067423,2.382733854208836,10,0,0,2.3533030771133783,2.388410420398701,2.4326550504406885,False
dmv.1179,2.4752090323647384,2.464547311173274,10,0,0,2.450349262552968,2.4764305141600307,2.4878961682740637,False
dmv.118,2.3940712499667645,2.3558670727032185,10,0,0,2.3361468717833023,2.361146672199324,2.403773442555402,False
dmv.1180,2.381078407633256,2.378410042219678,10,0,0,2.36174168427159,2.3907185451954263,2.407278936194234,False
dmv.1181,2.2991303194512867,2.3866196594434856,0,0,10,2.2978894643651824,2.3458867808016595,2.3835724072227977,False
dmv.1182,2.2224092496783485,2.318795059395202,0,0,10,2.23487672530559,2.300372138178407,2.336260746516422,False
dmv.1183,2.1515969410706255,2.147064917127072,10,0,0,1.8929887052089993,2.095447692061996,2.228398380102498,False
dmv.1184,2.4539819967277827,2.4014182925644705,10,0,0,2.3723813428100677,2.4161959328987637,2.464607939410051,False
dmv.1185,2.4261839242420153,2.3903615217606733,10,0,0,2.3775504055178653,2.4046355840015163,2.42381084509728,False
dmv.1186,3.7968397291196387,4.14081733136386,3,0,7,3.1580923770184004,3.672951944329617,4.610745614035087,False
dmv.1187,2.335441899444888,2.362384614067236,0,0,10,2.27391135022862,2.324990771071909,2.4040031282608743,False
dmv.1188,2.301995263724435,2.239113063318876,10,0,0,2.164471851741493,2.2197295836893653,2.2658355526699,False
dmv.1189,2.4187213944685038,2.2960134951172027,10,0,0,2.2799806153973683,2.311429504008039,2.3500155765492092,False
dmv.119,4.990918264379415,4.990918264379415,0,10,0,4.753483901970206,5.301947334433523,6.845674740484429,False
dmv.1190,2.0816696914700543,2.0258584904892523,10,0,0,1.8744370641483288,1.9723861710616704,2.146661836873744,False
dmv.1191,1.817997124832183,1.7208033916984358,10,0,0,1.6644875102793817,1.723407872412524,1.7643877758099034,False
dmv.1192,2.3921402470049493,2.3921402470049493,0,10,0,2.359298428736575,2.4030123578071283,2.4306239075496165,False
dmv.1193,2.4268998971042186,2.424001879276087,10,0,0,2.398924783261491,2.439445713529454,2.5458274224387836,False
dmv.1194,2.3982783268113024,2.3653779947164186,10,0,0,2.361076399125258,2.3825295192563867,2.396728295405236,False
dmv.1195,3.358474282711006,2.04012371433236,10,0,0,1.8920243396515264,1.9389210588168186,2.030579874733913,False
dmv.1196,2.410022952081479,2.373568873103582,10,0,0,2.352483795738589,2.3851188919658384,2.3964186895899,False
dmv.1197,2.418387897148846,2.3732871982513357,10,0,0,2.3555041166130777,2.3844213739062283,2.398218637456762,False
dmv.1198,2.402923127929711,2.3816370898564365,10,0,0,2.3632511308994126,2.394381687145202,2.4084562673859806,False
dmv.1199,1.556165858912224,1.545512889079046,10,0,0,1.4452902283616575,1.5194921376500745,1.5664570685169124,False
dmv.12,2.921945084252637,2.9113570479526514,9,0,1,2.636382280557834,2.808162305897893,3.0695819669521476,False
dmv.120,2.3792305925813264,2.3551657965114035,10,0,0,2.347293087680423,2.370259837100468,2.379989406272883,False
dmv.1200,2.4315759192516326,2.371668667812164,10,0,0,2.352599582960071,2.3829897343412054,2.3954391414000242,False
dmv.1201,4.326923076923077,4.326923076923077,0,2,8,3.730769230769231,4.221153846153847,4.596153846153846,False
dmv.1202,2.3908089356692814,2.298663212408523,10,0,0,2.2801709749898227,2.3113300006645074,2.328618154979152,False
dmv.1203,2.402751849782659,2.381469509765744,10,0,0,2.367504517457245,2.3957796099757163,2.412836707401177,False
dmv.1204,2.453213084609615,2.347682128788953,10,0,0,2.257860689870176,2.3686893042409793,2.5323667787445405,False
dmv.1205,2.3915931475201644,2.3465901784944956,10,0,0,2.3474314011857045,2.3663006189268305,2.381413335055305,False
dmv.1206,2.478962522994324,2.402843185122962,10,0,0,2.3778156147566563,2.4167471509623493,2.4360156909455273,False
dmv.1207,2.380345899491888,2.377827249208155,10,0,0,2.371525576331163,2.396194478486534,2.401377495743693,False
dmv.1208,2.5446139254381572,2.379392927640734,10,0,0,2.3759733259648548,2.3947473927139793,2.417927044872138,False
dmv.1209,2.451159096912785,2.380381533661403,10,0,0,2.35104804354166,2.3883898599689077,2.4170379187887567,False
dmv.121,2.3960206841759626,2.391619684833994,10,0,0,2.378352148312897,2.402631970806685,2.4144647818754987,False
dmv.1210,2.528257350957648,2.8917772292502315,0,0,10,2.716397362509963,2.947608818002326,3.1098299460804646,False
dmv.1211,2.2682472234958926,2.19251849821869,10,0,0,2.128323655758595,2.1851253501616474,2.257335883127469,False
dmv.1212,2.396088898872216,2.357471425162315,10,0,0,2.3285081312801745,2.3600353146518342,2.3973177035391777,False
dmv.1213,2.449593299508738,2.3521869586735957,10,0,0,2.3410590589563345,2.4657317570550155,2.5337876112092235,False
dmv.1214,2.381441983620493,2.3733036034972748,10,0,0,2.3683551058304566,2.3888275271345103,2.3964512958793147,False
dmv.1215,2.3716355273954086,2.368913565340117,10,0,0,2.359359903285838,2.3909250541987737,2.4461354615750284,False
dmv.1216,1.8124932254947406,1.8110230595695946,6,0,4,1.7344872790833172,1.7823576955274643,1.8215503354926934,False
dmv.1217,1.702220620253966,1.6842178821431584,10,0,0,1.5981808037755867,1.6904898281138043,1.7610915138077001,False
dmv.1218,2.377331152351314,2.375458692623585,10,0,0,2.237047454080845,2.320733195914351,2.40995464245134,False
dmv.1219,2.5872615645331183,2.3781250661894306,10,0,0,2.3634432490831903,2.3932722618539124,2.411747686233549,False
dmv.122,2.701548952492575,2.5687120246993,10,0,0,2.480123834769595,2.5441351985165612,2.6105451194588443,False
dmv.1220,2.4042538246743645,2.3847026208275044,10,0,0,2.3667612015935595,2.3974099714918724,2.406742050587619,False
dmv.1221,2.3865557753884628,2.340527900776428,10,0,0,2.294588189387549,2.3655904113792703,2.4566778686359196,False
dmv.1222,3.202055840146555,1.4233559030657639,10,0,0,1.3322464995483287,1.424209744863786,1.5293764988009593,False
dmv.1223,1.4930784189144959,1.563550949635066,1,0,9,1.3962980968328562,1.4763356526654496,1.6059350990908903,False
dmv.1224,2.4017833729698927,2.380507569155724,10,0,0,2.365456316887354,2.394667158101032,2.4118358164689226,False
dmv.1225,2.3740242013806863,2.3349580734437607,10,0,0,2.326166128268966,2.409023822113016,2.4784255265508794,False
dmv.1226,2.3822916270581618,2.3821678839654195,10,0,0,2.3785518565664847,2.39715890225619,2.407025418435845,False
dmv.1227,1.412952211505447,1.3500473460136149,10,0,0,1.2093142853326386,1.2349280446117477,1.3588007954673371,False
dmv.1228,2.382311045153489,2.3810410518939413,10,0,0,2.378842969690929,2.395972213643654,2.405796837592055,False
dmv.1229,2.4432451635743724,2.407202643626893,10,0,0,2.3056385279621536,2.402064809687637,2.4763240740046157,False
dmv.123,2.4669284487801,2.362290592775435,10,0,0,2.3515615727039965,2.3761957762939643,2.3956165359309267,False
dmv.1230,2.3484392157870064,2.253007965795748,10,0,0,2.1846758584434514,2.2440855260764776,2.3497217903082794,False
dmv.1231,2.4028964157519894,2.363686414359038,10,0,0,2.334543446611713,2.363761773332894,2.386991641160924,False
dmv.1232,2.4255284432977025,2.4054959435978542,10,0,0,2.376758606541193,2.4094396024957114,2.4445320595245406,False
dmv.1233,2.411350768804751,2.4113101641798025,4,0,6,2.3151479768266943,2.338949079951073,2.442138753297153,False
dmv.1234,2.4589522633699086,2.394335619145952,10,0,0,2.3793486479044783,2.4208358539412784,2.4583415960398316,False
dmv.1235,2.2954506496623126,2.179516750060453,10,0,0,2.120807069779228,2.2973748949581445,2.4183689791285055,False
dmv.1236,1.292694743703808,1.3889356869054943,0,0,10,1.3811056524930827,1.4909773292824542,1.599119518786505,False
dmv.1237,3.4936360509115927,3.490434184900905,10,0,0,3.526388888888889,3.8206910444071656,4.086921529175051,False
dmv.1238,3.7269221392634075,2.3035264883155335,10,0,0,2.2290252990782506,2.2999341847397843,2.3459497199183716,False
dmv.1239,1.9190398656467287,1.9798507399612904,0,0,10,1.900654782672195,1.9186328630170881,1.981324378959477,False
dmv.124,2.4395773410594574,2.4179658476328827,10,0,0,2.390816706960319,2.4220853161029074,2.4682188561697336,False
dmv.1240,2.4559418720727186,2.3914880526730795,10,0,0,2.389752841236315,2.4170617553516096,2.464858594434582,False
dmv.1241,8.862337662337662,11.086921202274574,0,0,10,10.35789017184366,10.933710421204466,11.369949419815532,False
dmv.1242,2.429953875824946,2.3497466564238696,10,0,0,2.3362632601587445,2.364066918698186,2.3798125016165463,False
dmv.1243,2.381861078327162,2.374240339345676,10,0,0,2.3590613846480757,2.385601741219839,2.402707203650566,False
dmv.1244,3.839344262295082,3.5147573786893447,10,0,0,3.1634398919405675,3.3974505554911545,3.670846394984326,False
dmv.1245,2.379334196214406,2.374382514438238,10,0,0,2.3585102206925694,2.3822022321577316,2.409113411469644,False
dmv.1246,1.548319945019099,1.5198377004301917,10,0,0,1.448388314053976,1.5047988092731388,1.5590736766092312,False
dmv.1247,1.3321982198623339,1.1477354030105098,10,0,0,1.1212214431124181,1.1410432338327396,1.1622729990503768,False
dmv.1248,2.1811342256125212,2.1411236929820556,10,0,0,2.028189269263208,2.167105035678184,2.3924567288682543,False
dmv.1249,2.3707550030321407,2.357974893504731,10,0,0,2.191968040370059,2.317778237947639,2.4547943055051364,False
dmv.125,1.7701682917056232,2.0162336736213895,0,0,10,1.9845703179837217,2.0531092085769553,2.071460900994774,False
dmv.1250,1.2482205991986883,1.9954797247068417,0,0,10,1.8584190367715208,1.9286929641610397,1.9820666361782808,False
dmv.1251,2.594438404458565,2.603713924037224,2,0,8,2.5583340272284443,2.648626223406425,2.761441194479241,False
dmv.1252,2.3795196146924162,2.377513932338296,10,0,0,2.3759683415079498,2.395439590561036,2.4053178718979327,False
dmv.1253,2.4711915874711803,2.27903165581048,10,0,0,2.098243871694726,2.2818245790889415,2.4203163553048994,False
dmv.1254,2.3172544686249834,2.2593473793419925,10,0,0,2.1956466416707667,2.2936141988039633,2.356764153446724,False
dmv.1255,2.371971581200516,2.334662883427914,10,0,0,2.3264275358347493,2.360637614454361,2.4072920788314733,False
dmv.1256,2.3817135579222706,2.3814760353311124,10,0,0,2.3783429908508826,2.3956913958208554,2.406872689632283,False
dmv.1257,1.0407472195563523,1.9023931522672748,0,0,10,1.7794846931707993,1.8752942254742822,1.9200795169197655,False
dmv.1258,1.7299647909074063,1.7011516594586715,10,0,0,1.7120710102578522,1.7566797330327106,1.8534028641766154,False
dmv.1259,2.3783963399772645,2.375964159832516,10,0,0,2.3375370740823365,2.3742045653624864,2.3902711378635666,False
dmv.126,2.3821859829663663,2.380286405565385,10,0,0,2.373117355166612,2.3965764831764944,2.4055808555213485,False
dmv.1260,2.2550215605211963,2.368452170950985,0,0,10,2.2914884451234583,2.347129020015145,2.385400911793622,False
dmv.1261,1.414701310903539,1.453333733151416,0,0,10,1.3426141105796863,1.420653602610812,1.453333733151416,False
dmv.1262,2.415409199118569,2.408754715578599,10,0,0,2.3513378684807256,2.391719947546852,2.4877365325775593,False
dmv.1263,1.7910471677879483,1.6835091345574535,10,0,0,1.6019929130090604,1.6608926764530358,1.7211671949699838,False
dmv.1264,2.429801484439149,2.389347493611726,10,0,0,2.3955599154269605,2.4399528189312587,2.5018425960462514,False
dmv.1265,2.210538817115903,2.3303939942936913,0,0,10,2.2751087707075466,2.3224387818465524,2.3569007270575693,False
dmv.1266,2.3794762332004193,2.3420793327764047,10,0,0,2.3354709294729217,2.362852449144073,2.428476068115637,False
dmv.1267,2.3706639208921114,2.180188392983264,10,0,0,2.179327575522243,2.221179494063584,2.306514348336855,False
dmv.1268,2.400899873070353,2.39625800895752,10,0,0,2.3877570346466257,2.416754363314646,2.425765608454477,False
dmv.1269,2.402320930197875,2.376918780833856,10,0,0,2.3698147863322165,2.394147605877354,2.3987359436797298,False
dmv.127,2.396591754712863,2.3488775473962518,10,0,0,2.3101654366218924,2.3426460546006744,2.3651368043553838,False
dmv.1270,2.4027113241260625,2.3813861238200764,10,0,0,2.3674200496269924,2.395824003537385,2.4127617362224623,False
dmv.1271,2.3917650592461315,2.3469289164491003,10,0,0,2.3484036127926884,2.3711970998388816,2.383429621373073,False
dmv.1272,2.1483539306360586,2.0887742776900904,10,0,0,2.0636343004399933,2.1091130063847974,2.19362018381466,False
dmv.1273,2.4160811188612428,2.394554180505601,10,0,0,2.3859880779975295,2.4127880475847996,2.432514153910673,False
dmv.1274,2.407794406145004,2.4008957870849477,10,0,0,2.384025982834463,2.409610069501885,2.4262478112131585,False
dmv.1275,2.2293094664082482,2.1901343949389687,10,0,0,2.1165446997369504,2.1479425087838235,2.2398919201327776,False
dmv.1276,2.269797082091415,2.3918162355760817,0,0,10,2.313890025035756,2.3672972260852028,2.4005735284975915,False
dmv.1277,1.621575751780848,1.5939144736842106,10,0,0,1.5250781232436321,1.6185337931077903,1.689673209126233,False
dmv.1278,2.3528526493699493,2.3417596717494713,10,0,0,2.300839907127935,2.33769590350355,2.3535857068529205,False
dmv.1279,2.420127255066738,2.413454457065531,10,0,0,2.3479167769601355,2.411835937857135,2.4861843764890548,False
dmv.128,2.38106651991657,2.378436901092895,10,0,0,2.3618377130123416,2.3907808831862605,2.407380126184771,False
dmv.1280,2.3815415748451585,2.3722865628500074,10,0,0,2.3671229106619287,2.387055448625798,2.3982292775087406,False
dmv.1281,1.6599069367479031,1.5922065527672447,10,0,0,1.5499174664266695,1.5936941873408348,1.6262885610937234,False
dmv.1282,2.0881004622645207,1.9954628918266701,10,0,0,1.9357338839921112,1.9964759581174294,2.03750675416154,False
dmv.1283,2.557625679763008,2.4310777868845532,10,0,0,2.3907021527199306,2.4294116837764212,2.4846338019654914,False
dmv.1284,2.537359849414846,2.5007259235360544,10,0,0,2.2202807218562017,2.3209953819039923,2.580441115272576,False
dmv.1285,3.4846796657381613,3.499071494893222,0,0,10,3.4020427112349116,3.602367688022284,3.989786443825441,False
dmv.1286,2.6752184830105,2.633764420092888,10,0,0,2.561860646672305,2.637073612837547,2.723223745176415,False
dmv.1287,2.2131007457969916,2.1343996488960952,10,0,0,2.078669107712327,2.1601825027435497,2.202593115386841,False
dmv.1288,2.5153103612599423,2.5151763097835627,10,0,0,2.336637959907618,2.3931918498184412,2.5303352855651537,False
dmv.1289,2.46897337392328,2.4448043117224953,10,0,0,2.42416551964132,2.4698007700036984,2.5068208909666327,False
dmv.129,2.4051943292236926,2.3526970544651653,10,0,0,2.334553152971864,2.3764727063817563,2.4051961968063424,False
dmv.1290,1.1163893361960995,1.0221148333196821,10,0,0,1.000080141048245,1.0264099269704423,1.0967536391101347,False
dmv.1291,1.2642252987214013,2.0570943927215253,0,0,10,1.9384545523348218,2.0330849216705094,2.0597942521858292,False
dmv.1292,2.399858640194515,2.399858640194515,0,10,0,2.3875969241155266,2.4035107811047487,2.4406032824334463,False
dmv.1293,1.2067511610637736,1.4019183530237456,0,0,10,1.298940580377706,1.4203016073207273,1.4877802777562263,False
dmv.1294,2.2841725028829503,2.7050801324755414,0,0,10,2.6015870981914038,2.6781989558395263,2.7767205587847408,False
dmv.1295,2.278712501218812,2.2447864415462444,10,0,0,2.2325393792722794,2.3689149075253177,2.4475423571029604,False
dmv.1296,2.135530899238808,2.217793260534602,0,0,10,2.191658391261172,2.2635898388361273,2.4345491984115313,False
dmv.1297,2.007058166400081,2.0060395361230237,10,0,0,1.908316234158117,1.9617103950518755,2.0754548557326262,False
dmv.1298,2.3757634224438635,2.3208115044716093,10,0,0,2.320229308674818,2.3410963771373527,2.3536342419655667,False
dmv.1299,2.384809309972546,2.3585146777699215,10,0,0,2.3503148704992025,2.3802994485708084,2.3906589866532824,False
dmv.13,2.121510318782144,2.111861767141111,10,0,0,2.017129149304346,2.046315275431926,2.1346789202890175,False
dmv.130,2.4008606554841263,2.3586498121125694,10,0,0,2.3353704079305078,2.3643849652844353,2.3974503694449645,False
dmv.1300,2.379535192534266,2.3769070150411173,10,0,0,2.3702742955872065,2.3948206195051407,2.4035372403493844,False
dmv.1301,2.406324112866387,2.383803664710297,10,0,0,2.3712998691483396,2.39214701780645,2.412764404528297,False
dmv.1302,2.3975063818757043,2.3594968380126344,10,0,0,2.3575114086796427,2.38192828860942,2.4252965125534964,False
dmv.1303,2.249628722177662,2.2395420540196596,10,0,0,2.152545396222003,2.1717251262307498,2.2663547050700337,False
dmv.1304,2.3817249185151104,2.3816842529039306,4,0,6,2.3677719156950006,2.3960407053821897,2.412529145724755,False
dmv.1305,14.463276836158192,14.30167597765363,10,0,0,11.851851851851851,13.6542072025943,17.655172413793103,False
dmv.1306,2.4303358068167524,2.4303358068167524,0,10,0,2.338763611717229,2.3886265279909624,2.5207639152894874,False
dmv.1307,2.134766618412301,2.0770482598475404,10,0,0,2.0479112712532372,2.147593897289052,2.2398399014778323,False
dmv.1308,2.5703855636162727,2.4075325258780316,10,0,0,2.394357346178053,2.4202555383145903,2.434145196464199,False
dmv.1309,2.2348489177870454,2.3453279287097697,0,0,10,2.256543990811021,2.314800924293598,2.34622350652614,False
dmv.131,2.3744092599372504,2.3740321600786087,10,0,0,2.3625787690947595,2.386159975074496,2.421011638823819,False
dmv.1310,2.2249147159157747,2.8975427415895583,0,0,10,2.6281124944419743,2.75566836577375,2.872111033498345,False
dmv.1311,3.264070255822833,3.3492399310452905,0,0,10,3.036587098607559,3.2454742417882936,3.655122284932444,False
dmv.1312,2.379535192534266,2.3769070150411173,10,0,0,2.3702742955872065,2.3948206195051407,2.4035372403493844,False
dmv.1313,2.2600972144520877,2.304141064814882,0,0,10,2.255590314203575,2.299789627292512,2.328084690061019,False
dmv.1314,2.424832107957232,2.3841174574043302,10,0,0,2.3586311316201067,2.380775021655083,2.4264858075030302,False
dmv.1315,2.37819803411662,2.372113032052367,10,0,0,2.3297753131401127,2.3661049587488634,2.382687957103089,False
dmv.1316,2.2382999696334185,2.289689738396891,0,0,10,2.242947990276779,2.2852488523170127,2.307473652094534,False
dmv.1317,2.308238118211878,2.1139177757422276,10,0,0,2.0760084453828203,2.1506920456063727,2.243699064939521,False
dmv.1318,2.4094887888525482,2.3349512273745896,10,0,0,2.325362545067757,2.3512039279907038,2.365787241314759,False
dmv.1319,2.4177191667779088,2.367204249570951,10,0,0,2.3412048295419075,2.3850136730170357,2.434553982148135,False
dmv.132,2.3027576153482645,2.2820689825601064,10,0,0,2.233751088006059,2.272027770423684,2.296476262110492,False
dmv.1320,1.6289232594072387,1.5976732171217543,10,0,0,1.499676700912422,1.55647206088969,1.5911576941400667,False
dmv.1321,2.38490618579271,2.383676877468546,10,0,0,2.3694664825251355,2.393912483252649,2.40824011436484,False
dmv.1322,2.0166816029017958,1.947791535997822,10,0,0,1.9481367879693994,2.0105897499220005,2.1208923667239055,False
dmv.1323,2.3828343666758256,2.3807345340249957,10,0,0,2.368933379294832,2.391383920162968,2.4068142141467495,False
dmv.1324,2.3858459782464836,2.3710355421021783,10,0,0,2.355475413076987,2.3836569793922866,2.4098290507803846,False
dmv.1325,2.530656143060584,2.598521135367621,0,0,10,2.5070814808991635,2.5731581524538916,2.617475711080203,False
dmv.1326,2.0348217438600398,1.9952291539823668,10,0,0,1.941599880599175,2.0016988502427893,2.0337083708370836,False
dmv.1327,2.299041755247507,2.3536643834918927,0,0,10,2.300398246806322,2.3489448416945513,2.3581657061442014,False
dmv.1328,2.430442086737398,2.4245747917601874,10,0,0,2.3728314670363466,2.388557789772526,2.4404292438029493,False
dmv.1329,1.0552026274833428,1.0378319487947705,10,0,0,1.0006875918538736,1.0630469925429114,1.0932900271428818,False
dmv.133,2.4977151154720847,2.0858704520224873,10,0,0,1.9006698922241316,2.0482547924455137,2.1880427818490475,False
dmv.1330,2.6549300580006823,2.6549300580006823,0,10,0,2.217232733074994,2.794033660330934,3.2436848686952895,False
dmv.1331,2.460506068630584,2.4472312647531593,10,0,0,2.414634852768086,2.4444028027136078,2.460091711146013,False
dmv.1332,2.3762550638776334,2.3522335781720414,10,0,0,2.3463673300297954,2.3708249635686496,2.380707746070532,False
dmv.1333,1.118530311150342,2.3195588504484714,0,0,10,2.1388209054192537,2.3286169465205964,2.4672410436137073,False
dmv.1334,2.404127066642631,2.366369284646312,10,0,0,2.3526781669673538,2.3859360852615876,2.398841417948819,False
dmv.1335,2.3187410899305054,2.3752793395207266,0,0,10,2.3201046576424997,2.368431510670384,2.381671241292365,False
dmv.1336,2.410341699425461,2.385336658354115,10,0,0,2.0534993559467583,2.3036790427834433,2.571843407184341,False
dmv.1337,4.0468720314832405,2.0445969046813723,10,0,0,1.9753108771681915,2.0886914696746746,2.2257987470829126,False
dmv.1338,2.4343667498243997,2.3948879611891076,10,0,0,2.38432633114688,2.4146804597587055,2.4557038004704164,False
dmv.1339,1.5847623702516325,2.237840021457824,0,0,10,2.0978274868146696,2.18455135341652,2.2585180098838955,False
dmv.134,2.453999697311114,2.3412051594686516,10,0,0,2.192751532636134,2.6233288649114064,3.099791834827308,False
dmv.1340,2.381074105044654,2.3809863031307836,10,0,0,2.3796881794462967,2.3978392986156774,2.4077148380538125,False
dmv.1341,2.266268110431314,2.133432944050954,10,0,0,2.1132239912160307,2.178718637106721,2.210511581163859,False
dmv.1342,2.5234627868859985,2.445488036020965,10,0,0,2.4322316280428176,2.46890026968563,2.573090463082598,False
dmv.1343,2.280609668109668,2.225690043655823,10,0,0,2.1479877002531302,2.2516784366701383,2.4014168771723234,False
dmv.1344,4.233457019171305,2.722626575985364,10,0,0,2.6336949830717145,2.7423698259441425,2.8049580004097523,False
dmv.1345,4.0986738700723,2.1820956487207126,10,0,0,2.117782439448748,2.1935425710408163,2.3552629967546386,False
dmv.1346,3.9577705104507324,3.450477253006074,10,0,0,3.3132960361861685,3.4343251184367625,3.703925482368596,False
dmv.1347,2.2743141324144145,2.390799077272112,0,0,10,2.309084804731816,2.365123306051201,2.3976337227222158,False
dmv.1348,7.495674609197147,3.657089966679008,10,0,0,3.38419898588461,3.536316017987142,3.6959515078949337,False
dmv.1349,2.3867311881115634,2.3481206877924676,10,0,0,2.3416096715152683,2.366300758598518,2.400181628498265,False
dmv.135,2.3640194454369268,2.3426627898243617,10,0,0,2.2727179993213382,2.3365943212545064,2.357915380220972,False
dmv.1350,2.3123211278711575,2.297310944991883,10,0,0,2.277011951259443,2.3172892978956376,2.3507672248312828,False
dmv.1351,2.4171039401379635,2.381404314463708,10,0,0,2.385796532258325,2.4057212085299566,2.4209988242513387,False
dmv.1352,2.3803348470265737,2.3464866113668723,10,0,0,2.337830250916018,2.3596076071328937,2.372131669154188,False
dmv.1353,44.966052726616105,11.296588640900017,10,0,0,10.635602630904588,11.116290492076015,11.636542056074767,True
dmv.1354,2.3183562764021146,2.2798458029383046,10,0,0,2.2373904425937376,2.2683569605241334,2.2950761726673723,False
dmv.1355,2.256731796890508,2.376207709969831,0,0,10,2.297004962554123,2.3499038745687812,2.3831948586770766,False
dmv.1356,2.383963782329233,2.346037119322718,10,0,0,2.3632068473253414,2.381967388580467,2.4195642489050693,False
dmv.1357,2.3990235843409553,2.375827904078367,10,0,0,2.360109606646122,2.3879097166448497,2.4017321101973015,False
dmv.1358,2.474572982370808,2.344436051554044,10,0,0,2.324622281416598,2.3604300070653603,2.393560062746053,False
dmv.1359,2.486229260935143,2.462127888392657,10,0,0,2.3981523241434495,2.5823075125053374,2.7103993159751054,False
dmv.136,1.2487831260140616,1.2168642951251647,10,0,0,1.0693527845316662,1.1310946916864029,1.3262492820218266,False
dmv.1360,1.888,2.3035627135187897,0,0,10,1.9304703476482619,2.083921735887346,2.464751958224543,False
dmv.1361,2.3427427328455606,2.3005326157815165,10,0,0,2.068214550691747,2.148570793748008,2.332726224297488,False
dmv.1362,2.0872739406658734,2.002357004464662,10,0,0,1.9496182780353213,2.009067368958732,2.0449088866291922,False
dmv.1363,2.2549408729091325,2.234964087595854,10,0,0,2.1797441828663,2.2269117470714663,2.2687736180023053,False
dmv.1364,2.3812408285763498,2.3803694665928,10,0,0,2.3668987355352207,2.3920239121125624,2.4072386236958088,False
dmv.1365,2.4290010703292078,2.2239719227112453,10,0,0,2.2288118637444323,2.2478380939241402,2.261868181091938,False
dmv.1366,1.4833778456060027,1.3830319558901998,10,0,0,1.3599720165568705,1.4486847081196035,1.515192455085153,False
dmv.1367,2.494088949221655,2.4843848760219256,10,0,0,2.2832308842364886,2.445740458555417,2.498585355432704,False
dmv.1368,2.4412160243238277,2.401747622043245,10,0,0,2.3852429682026095,2.40606186895213,2.423813554015652,False
dmv.1369,2.047927982995985,2.029712649217255,10,0,0,1.875020668778062,1.9247967657314906,2.019249735179165,False
dmv.137,2.4224590701648534,2.4224688798360776,0,8,2,2.2518049250551453,2.345778066116187,2.4495989124159028,False
dmv.1370,2.2451130850705865,2.376986547824878,0,0,10,2.304203481471713,2.3563925647782282,2.3851450358819783,False
dmv.1371,2.077802506021158,1.6581069738586738,10,0,0,1.7487940059529918,1.8816568310193902,2.077105936852371,False
dmv.1372,2.2421384320160787,2.2095586008180597,10,0,0,2.07042305660992,2.1372365978542343,2.2333699827756495,False
dmv.1373,2.3507048114434332,2.3498369912802035,10,0,0,2.339327587545617,2.4865077813555923,2.5718212393510167,False
dmv.1374,2.426599411016703,2.3881614060008873,10,0,0,2.3745949863478035,2.4007568937246777,2.4198157090482137,False
dmv.1375,2.547531992687386,2.6793783047588526,0,0,10,2.39484425349087,2.5786371212358095,2.820374430764041,False
dmv.1376,2.154216059498977,2.144058789549656,10,0,0,2.0557949400696263,2.1343198486476034,2.2004533718846155,False
dmv.1377,2.199238824146236,2.310698827101887,0,0,10,2.2425359432575775,2.2903882880882263,2.3217460106740737,False
dmv.1378,2.376394382158674,2.2873915113986802,10,0,0,2.2869447085809473,2.3108182296380386,2.3520698502073825,False
dmv.1379,1.3215815592518954,1.2592528510434742,10,0,0,1.1621666048289758,1.2159255579888515,1.248061976405792,False
dmv.138,2.353270670528444,2.3531581499873635,10,0,0,2.230567515944187,2.31897257429061,2.481791788835179,False
dmv.1380,2.005647151651941,1.8815679051131644,10,0,0,1.8149411974710554,1.8785720598480884,1.922299532838692,False
dmv.1381,2.381827999791112,2.3670137534034654,10,0,0,2.358673211998497,2.38135029545915,2.387380898961574,False
dmv.1382,2.261763019799797,2.259421598643202,10,0,0,2.3315755977816166,2.480104811353871,2.7383510631198194,False
dmv.1383,2.382571332720432,2.382571332720432,0,10,0,2.378429883097099,2.3965457485002393,2.4070210298677917,False
dmv.1384,2184.1666666666665,2184.1666666666665,0,10,0,1290.8333333333333,1821.3333333333335,2139.8333333333335,True
dmv.1385,2.401565586770421,2.3628505935086364,10,0,0,2.3488499511968564,2.3669959583421623,2.4122172961602493,False
dmv.1386,2.327715426710707,2.4689205636443354,0,0,10,2.370352965084526,2.4366407374271892,2.4675343686384434,False
dmv.1387,2.3872776065347643,2.3748998057084325,10,0,0,2.3332055471962123,2.379142177096041,2.430402872502741,False
dmv.1388,2.4342282442497383,2.416827292358082,10,0,0,2.314468071079992,2.3670438106103244,2.42049744997469,False
dmv.1389,2.385712828671094,2.385712828671094,0,10,0,2.3746003794162434,2.392091012668031,2.415545473583766,False
dmv.139,1.4756297312851387,2.314791666666667,0,0,10,2.238090442139188,2.289448563831348,2.3355884963330893,False
dmv.1390,2.462303837894389,2.4621750417769017,10,0,0,2.3269363861064134,2.3847945719847203,2.501203956696712,False
dmv.1391,2.376919587881575,2.3710555084556693,10,0,0,2.3715936171319045,2.3874947948846184,2.4000502704237148,False
dmv.1392,2.3583550767387136,2.3215540357952067,10,0,0,2.3002967206256235,2.358876616983186,2.387763255827005,False
dmv.1393,2.425823866415454,2.3854133834362816,10,0,0,2.3719096115870615,2.3972367171195796,2.417084761322544,False
dmv.1394,2.3677129459250907,2.3627845758890755,10,0,0,2.359208480381459,2.3919316552499126,2.424573195452686,False
dmv.1395,2.4093845220913623,2.404590467290421,10,0,0,2.3926140286764928,2.4154092277001573,2.4268890389805726,False
dmv.1396,2.4467551855427896,2.4206183465166955,10,0,0,2.38817342756619,2.4272656803200126,2.4447879047493277,False
dmv.1397,2.420922061350254,2.3946808178305727,10,0,0,2.3787782051070434,2.4065291402875184,2.438495442251828,False
dmv.1398,2.4334285826088142,2.3001110267534424,10,0,0,2.304539876870126,2.3252873192932455,2.334705701366111,False
dmv.1399,2.4175747271632937,2.3780395721810645,10,0,0,2.367126269837497,2.3921777720583677,2.42015578582173,False
dmv.14,2.235068537859008,2.3659753745165593,0,0,10,2.2853951332560833,2.368601931450078,2.4704096356567398,False
dmv.140,2.3826206481213803,2.3826206481213803,0,10,0,2.3783999975158134,2.396755647335277,2.4069905641462697,False
dmv.1400,2.0802117940199336,1.747753877287556,10,0,0,1.6847105909259072,1.7252109707168897,1.8120534664568524,False
dmv.1401,2.417910132809306,2.3179564207018104,10,0,0,2.3149125088703304,2.372342699787864,2.5097909297002485,False
dmv.1402,2.6713130568135313,2.7211695718899604,0,0,10,2.675873952608343,2.7587924324298934,2.809667966671318,False
dmv.1403,2.381059935873923,2.38090941512818,10,0,0,2.372159131214249,2.3988371450692068,2.407251000448279,False
dmv.1404,2.422002397465788,2.3819183359847624,10,0,0,2.3788873268766424,2.39405214394422,2.4438591621234496,False
dmv.1405,2.383527833705815,2.3116566723350935,10,0,0,2.295420980796572,2.3243059572546496,2.342062823127972,False
dmv.1406,1.900673496245452,2.325700645389444,0,0,10,2.1600107917255618,2.407442270907806,2.494878603945372,False
dmv.1407,2.3867200757926885,2.3813700222338583,10,0,0,2.3648914188843704,2.3919563738911314,2.4237282670691966,False
dmv.1408,2.4136025532469225,2.4136025532469225,0,10,0,2.368730439585166,2.4123177753014864,2.4772862193080507,False
dmv.1409,2.43747582769353,2.30389117225165,10,0,0,2.3151477495188306,2.325057401395642,2.3432689474815156,False
dmv.141,1.9848409150670523,2.229150670367964,0,0,10,2.1672911552320655,2.328911469184642,2.488166265616244,False
dmv.1410,2.3500955342728527,2.3439922261156356,10,0,0,2.3545204488110754,2.387300831422353,2.4273763731968065,False
dmv.1411,2.3117654161970695,2.2794915809213854,10,0,0,2.3177282831306054,2.368589274402658,2.4416582821998953,False
dmv.1412,2.5086310919059946,2.4584901401473385,10,0,0,2.3898544350559763,2.4370571118714506,2.4660244266274485,False
dmv.1413,2.3822564522240413,2.382170798698815,5,0,5,2.378957487164552,2.397032831955549,2.4074895727881858,False
dmv.1414,2.3391217176290593,2.336769731718831,10,0,0,2.2913000405135087,2.329500768717201,2.3922880107598394,False
dmv.1415,2.165111728785995,2.056896649375176,10,0,0,1.9885524653984286,2.031197112533942,2.0792251587816306,False
dmv.1416,2.379904170480263,2.379904170480263,0,10,0,2.3764877597792253,2.3973361117721756,2.4086245256269185,False
dmv.1417,2.3831115735257367,2.3830667972088126,10,0,0,2.36722572068227,2.393742999689981,2.408354802039125,False
dmv.1418,2.260096804937954,2.238695858435954,10,0,0,2.2046240772208723,2.227111988228189,2.2521830615465546,False
dmv.1419,2.1021861889940086,2.082890438344142,10,0,0,2.0970006381620934,2.1428063611596637,2.206954747215561,False
dmv.142,2.1926033166622796,2.015412533268812,10,0,0,1.847431689141235,1.9750292739913533,2.114942236892218,False
dmv.1420,2.2877825344030045,2.344681854022758,0,0,10,2.3018561183567687,2.343377807853237,2.3545965055430487,False
dmv.1421,2.44207564742291,2.420057584865857,10,0,0,2.402542341316505,2.4266857266527224,2.4713964346117425,False
dmv.1422,3.6793922729836437,3.62294342242277,10,0,0,3.431309379006542,3.5640603052071755,3.7750732395385005,False
dmv.1423,2.406426101569278,2.355730335109818,10,0,0,2.358997079986086,2.375615782470689,2.4097778925892146,False
dmv.1424,2.827090092086969,2.827090092086969,0,10,0,2.6223318754439084,2.692306145691732,2.8248132562868706,False
dmv.1425,2.3987635231696824,2.3918904200846076,10,0,0,2.3694978095485526,2.4030267543022217,2.41632359322792,False
dmv.1426,2.3782300660561027,2.377470888955053,10,0,0,2.3713666056079066,2.3971897465626335,2.405692037186417,False
dmv.1427,2.06726913196947,2.06726913196947,0,10,0,1.9750693009869873,2.048342927176899,2.1218536011684592,False
dmv.1428,2.382571332720432,2.382571332720432,0,10,0,2.378429883097099,2.3965457485002393,2.4070210298677917,False
dmv.1429,1.142860757892073,1.1941966639252652,0,0,10,1.1067881318403239,1.1733788827734548,1.2296788342717362,False
dmv.143,2.4001573815990467,2.3741301436641744,10,0,0,2.3710285304338616,2.3992218919776382,2.4141543673492225,False
dmv.1430,1.8571902229693487,2.0653242492349677,0,0,10,2.0326950725093265,2.076805365812965,2.10087841889377,False
dmv.1431,2.366096177144253,2.365973595824222,10,0,0,2.369754461108924,2.3911431404615033,2.409577003471291,False
dmv.1432,2.306763787721124,2.2709915355162567,10,0,0,2.2704972602038205,2.327328414165325,2.401408259986459,False
dmv.1433,1.2771063291770988,2.406831649022333,0,0,10,2.32097776299678,2.478169732006663,2.527949287890014,False
dmv.1434,2.390026001961132,2.3886974254141937,10,0,0,2.373072784566905,2.399238618009218,2.4106570496260424,False
dmv.1435,1.3585244738708915,1.3580106840637263,10,0,0,1.2066705872469126,1.3752907121592417,1.4325753042090565,False
dmv.1436,2.260577664343934,2.2401972964453263,10,0,0,2.1628420739807153,2.2140955055915983,2.261601764179518,False
dmv.1437,3.2386835961965494,2.232534629476797,10,0,0,2.141294505230643,2.214401318379715,2.2846130882919655,False
dmv.1438,2.37823855127411,2.3749870281346968,10,0,0,2.369556436030513,2.387312606303857,2.40562425939316,False
dmv.1439,20.004329004329005,4.658266129032258,10,0,0,3.5849495733126453,4.405632202712037,6.471988795518207,True
dmv.144,2.4137734299703935,2.367362803880356,10,0,0,2.3490615284932352,2.3874547480058794,2.429838393317283,False
dmv.1440,2.2092240774808105,2.2092969925730532,6,0,4,2.156699393444379,2.198352798268523,2.2194400534980185,False
dmv.1441,2.3356165695105906,2.1496062397405815,10,0,0,2.1360647863222204,2.2026843430115197,2.2457586995975696,False
dmv.1442,2.3823849024990125,2.3797556580572774,10,0,0,2.365197831496022,2.392442244078379,2.4095715700103137,False
dmv.1443,2.4726402575068227,2.459497498680959,10,0,0,2.4460381185279583,2.4727478318978653,2.484810446372661,False
dmv.1444,2.3245982640152643,2.294979447766476,10,0,0,2.2709362525118117,2.3215798376885326,2.3862802668920957,False
dmv.1445,1.0090553108174254,3.7459618208516887,0,0,10,2.6950562897699464,3.1399902104747923,3.730053842388644,False
dmv.1446,2.4161412075257123,2.395793965885137,10,0,0,2.3653445934524,2.415848176646175,2.434057972918643,False
dmv.1447,2.42822488915713,2.3889897571169194,10,0,0,2.329614164022048,2.383648590717919,2.427661352085219,False
dmv.1448,2.4530272515591327,2.4380963425545645,10,0,0,2.403944001381164,2.445788111473611,2.470368282111826,False
dmv.1449,2.3932749471923156,2.361322109654455,10,0,0,2.3411385096168615,2.3679519955613086,2.4040945131416027,False
dmv.145,2.390686629848863,2.2935392309546443,10,0,0,2.293025504616821,2.3154330691774785,2.359013310720284,False
dmv.1450,2.3787900287928667,2.37874962563674,4,0,6,2.3734386124708498,2.399104487619428,2.4071322960550763,False
dmv.1451,1.5677180141570761,1.590370862479972,3,0,7,1.493129827007393,1.5551087409501267,1.5815634533548375,False
dmv.1452,2.403147072010594,2.3972646331997525,10,0,0,2.3891544011065924,2.416414115855492,2.4251201230867534,False
dmv.1453,2.4210969037212706,2.3821027094643825,10,0,0,2.3662563750695558,2.3966551994560765,2.450899978820204,False
dmv.1454,2.4160952389150476,2.5651143598962185,0,0,10,2.5415712491522218,2.5658694464808027,2.623924928203901,False
dmv.1455,2.1650454434780526,2.100593297136528,10,0,0,2.1139210413500136,2.1723173899418855,2.201530974636637,False
dmv.1456,2.400974568006532,2.377850211618756,10,0,0,2.360084256459952,2.3897463363997966,2.4037649297184434,False
dmv.1457,2.3822726635745317,2.378989817547815,10,0,0,2.3728947623415855,2.3933174844985308,2.4021221477293104,False
dmv.1458,2.4948183661531775,2.4202616346771033,10,0,0,2.38543544518669,2.4172501564720172,2.4677760698354083,False
dmv.1459,2.04909604541548,1.7963955928114579,10,0,0,1.7147570485902819,1.760851038866162,1.8038861105644937,False
dmv.146,2.3802542431843716,2.3802542431843716,0,10,0,2.376440121229235,2.39643272330712,2.406407061973529,False
dmv.1460,2.246964900719402,2.348566707768693,0,0,10,2.2427553467430137,2.3167373307151746,2.3777123099177926,False
dmv.1461,2.3806102635228847,2.380612220156959,0,0,10,2.3776501397859016,2.396747771671728,2.4067100930375167,False
dmv.1462,2.3843241538651987,2.3824243866082395,10,0,0,2.3651665037232004,2.3932838415644366,2.410030281179774,False
dmv.1463,2.3974738385815924,2.3584112204608405,10,0,0,2.334586578012002,2.3715616175189123,2.4089989201006943,False
dmv.1464,2.091111271571955,1.921404970740834,10,0,0,1.892327395810191,1.9620195554357398,2.056803977272727,False
dmv.1465,2.3814788795930073,2.3814788795930073,0,10,0,2.375556946866109,2.397572763971805,2.4033592289821657,False
dmv.1466,2.019832519454614,1.9981511274378634,10,0,0,1.9461854694868663,1.9933168959478083,2.044105868503613,False
dmv.1467,2.3036723337346143,2.296900644244666,10,0,0,2.3112742756961113,2.3575649294693983,2.416238798662604,False
dmv.1468,2.4523231148156155,2.4404040063910997,10,0,0,2.4087750727046116,2.4466308681671474,2.476206908804653,False
dmv.1469,2.450906570708278,2.3455142092519434,10,0,0,2.2563497458987163,2.3662709025143047,2.530982882609769,False
dmv.147,2.382466666130501,2.382466666130501,0,10,0,2.3640438020700443,2.395474023893348,2.4115028929313524,False
dmv.1470,2.378516482432767,2.3320657712572745,10,0,0,2.32949798414922,2.356085755451141,2.3670131329580157,False
dmv.1471,2.3962054560602213,2.3960789812740693,10,0,0,2.354793693313565,2.3963048706933074,2.413216304671229,False
dmv.1472,2.423567017416257,2.377396281259759,10,0,0,2.3557057304118665,2.3920964495887365,2.4138781583191813,False
dmv.1473,2.3832460863651397,2.3832460863651397,0,10,0,2.3700653370369373,2.3932572942582464,2.458585880257893,False
dmv.1474,2.3795604924763905,2.366991683469255,10,0,0,2.360628465171657,2.3854980532829426,2.3944292617752443,False
dmv.1475,2.1691068959357445,2.340242979713621,0,0,10,2.2286316361906056,2.3292192067768327,2.398259024907648,False
dmv.1476,2.3426300305213807,2.333516167073472,10,0,0,2.3313879298871902,2.3656366182187147,2.4511868898875666,False
dmv.1477,2.068385650224215,2.2036621823617337,0,0,10,2.1136023916292976,2.213191330343797,2.286808669656203,False
dmv.1478,2.357929872913796,1.5885219386197278,10,0,0,1.5298121664633493,1.5644190091651042,1.6430839486150826,False
dmv.1479,2.3794526658970088,2.3701966573511557,10,0,0,2.359718093309184,2.387574815066874,2.4094497561241623,False
dmv.148,2.378272124681731,2.3364168951643984,10,0,0,2.3309301814783927,2.355766661281628,2.361662766254836,False
dmv.1480,2.2031282502600207,1.9253880576143196,10,0,0,1.842795957973633,1.9603937253264085,2.079229526268896,False
dmv.1481,1.688245817488785,2.1986334888883166,0,0,10,2.131011631205674,2.1768544845226674,2.226140124610001,False
dmv.1482,1.4201047806155862,1.4201047806155862,0,10,0,1.3639794527728273,1.4955077227476479,1.6070303718982746,False
dmv.1483,2.73141542442782,2.4618849551832165,10,0,0,2.4857233336764017,2.504800865466778,2.516547526046537,False
dmv.1484,2.4785639056818294,2.4220315559319783,10,0,0,2.383168395325993,2.4255779949330334,2.4532617621855426,False
dmv.1485,2.326355255386354,2.3140543578216,10,0,0,2.225397714431703,2.426591181631265,2.610003169206834,False
dmv.1486,2.3812726055583973,2.3812726055583973,0,10,0,2.3793520405836426,2.39725487878615,2.40754506917914,False
dmv.1487,1.814416016759313,1.7050021074584538,10,0,0,1.6275553632976572,1.6884585396057612,1.7362200328977564,False
dmv.1488,2.3199689366777063,2.3747016678599304,0,0,10,2.330535867019273,2.370551861961017,2.3871005069149103,False
dmv.1489,2.376610484178217,2.3542046915540733,10,0,0,2.339232496939944,2.382010880077419,2.403988119772505,False
dmv.149,2.403870900019759,2.366596191675765,10,0,0,2.367535993918662,2.393661412514554,2.435542334496953,False
dmv.1490,2.431397570891742,2.4294813058661453,10,0,0,2.250590609604084,2.45982073605186,2.597802032161038,False
dmv.1491,2.3792839987815206,2.352605259453408,10,0,0,2.3345257868630114,2.365468748613896,2.3823564350655655,False
dmv.1492,12.886074177746677,2.0718279908639836,10,0,0,1.9186054992341914,2.0959978512557464,2.212248085298093,False
dmv.1493,1.3300430138454902,1.3157990040742418,10,0,0,1.3015903478806023,1.3442161322605861,1.3976342254217728,False
dmv.1494,7.613093101715599,1.0835014736756075,10,0,0,1.0418629324190911,1.1362082875465136,1.2221057119481926,False
dmv.1495,2.3910697307515325,2.3683567092131184,10,0,0,2.353187018769223,2.379947831840041,2.3969366047095626,False
dmv.1496,1.6611937884179877,1.7730103526366872,0,0,10,1.6399627952119056,1.690755418958266,1.8127224199288257,False
dmv.1497,2.3803167531406464,2.3803167531406464,0,10,0,2.376820525735511,2.396775360794038,2.406363231102689,False
dmv.1498,2.357872829226374,2.3364711653389896,10,0,0,2.2653630957464803,2.306524314243923,2.4167043333005798,False
dmv.1499,2.4483326437732726,2.4088881981026815,10,0,0,2.366650402732341,2.4017582707584726,2.4190910043636964,False
dmv.15,2.4585918562256137,2.4199843685547426,10,0,0,2.3166526379233305,2.4031812146974287,2.4459943999719123,False
dmv.150,9.17956934430607,2.177532716200458,10,0,0,2.1156065806736772,2.191792507515258,2.3553513867044553,False
dmv.1500,2.2141972061488104,2.1282057043982405,10,0,0,2.1149931608184684,2.1687414169235106,2.225339729782651,False
dmv.1501,2.350283796660728,3.013674178433685,0,0,10,2.8533030208532426,2.9350891995848256,3.032847183610624,False
dmv.1502,2.3847270542887893,1.3655477842114314,10,0,0,1.148552209658365,1.2992757603796052,1.412096869812663,False
dmv.1503,2.4454128245273137,2.3835537912397777,10,0,0,2.3820977588699126,2.4047894055243635,2.4153589563171796,False
dmv.1504,2.4250332250990643,2.4246682461663833,10,0,0,2.4124067140695624,2.4407350059716495,2.4481982314325412,False
dmv.1505,2.441978065745864,2.403549177458873,10,0,0,2.190327642961035,2.3261088087733697,2.407509728990639,False
dmv.1506,2.3471736677171373,2.3228734564528466,10,0,0,2.278403384493028,2.3350505150113463,2.3493514768401162,False
dmv.1507,2.5748625511914374,2.5491801886351766,10,0,0,2.58480925312224,2.592683397941984,2.617065453503086,False
dmv.1508,2.443790539005678,2.384509660469124,10,0,0,2.3715799026939095,2.397959758421297,2.414799843423239,False
dmv.1509,2.413345851086878,2.228954477238619,10,0,0,2.2124267602370153,2.2775488653751266,2.4570138740818623,False
dmv.151,2.3966135739822656,2.35014476767627,10,0,0,2.346202444178987,2.3678091278403377,2.376882017326256,False
dmv.1510,2.373438864954723,2.373438864954723,0,10,0,2.3749039002018586,2.3984906903345955,2.406555418988316,False
dmv.1511,2.139856710042714,2.135058290075201,10,0,0,2.170089656735588,2.229444592072273,2.3201731356947644,False
dmv.1512,1.870481429398627,1.7994250529687361,10,0,0,1.851603922291142,1.8912325771441576,1.9705879149010337,False
dmv.1513,2.381337639206495,2.3796608549935825,10,0,0,2.3769591294054884,2.394967537323284,2.4037980747243983,False
dmv.1514,2.631061432531521,2.394447301775379,10,0,0,2.351978743337309,2.387422162115451,2.4371285062056445,False
dmv.1515,2.2439276363931375,2.218480073681328,10,0,0,2.184064369568769,2.2167938224697377,2.231052392538137,False
dmv.1516,2.5261265635476637,2.5860987502366974,0,0,10,2.5747479924824876,2.649672745768296,2.669178902108323,False
dmv.1517,2.5458339161207624,2.370540453264967,10,0,0,2.279576754978533,2.3523713129177306,2.4196050223529304,False
dmv.1518,2.193902607733278,2.157452597568234,10,0,0,2.154228855721393,2.3008732444219007,2.454800510816145,False
dmv.1519,1.5497472389000073,2.173396536310526,0,0,10,2.079989653594381,2.1609032809830993,2.219240256955678,False
dmv.152,2.457494702508404,2.4514352621409077,10,0,0,2.3149318618844577,2.350475500889428,2.463480059609867,False
dmv.1520,2.3306289584331257,2.274453090255122,10,0,0,2.238833679501518,2.367731215242232,2.471037800396414,False
dmv.1521,2.3817532260883887,2.3796519991804526,10,0,0,2.3754289519136376,2.393584739082986,2.403372391669276,False
dmv.1522,2.475413073213334,2.374830644088959,10,0,0,2.369948563747881,2.3964284012114954,2.4188678959160135,False
dmv.1523,7.846559517830236,8.299907026165494,7,0,3,6.973552058921995,7.78411113898023,8.580255389262666,False
dmv.1524,2.3816543383429467,2.381563598548056,10,0,0,2.379793820695612,2.397465630378515,2.4076064891431934,False
dmv.1525,2.375460096855105,2.371466145881248,10,0,0,2.3612153103703366,2.3935759645172467,2.456085587506692,False
dmv.1526,6.177716486261449,1.2126855379963428,10,0,0,1.1648725824019468,1.2511871412408793,1.3301399486817485,False
dmv.1527,2.586279048474424,2.377180669684888,10,0,0,2.375967562753205,2.398458231483966,2.412477652066636,False
dmv.1528,2.4368610506073964,2.3780614944004355,10,0,0,2.3559629111938625,2.3879447170610284,2.412287103453279,False
dmv.1529,3.958756345177665,3.8783671777869873,10,0,0,3.2304107697618227,3.675914425390167,3.9933859611691913,False
dmv.153,3.0654058313632784,2.8174794785127957,10,0,0,2.43125,2.652000161122154,2.9521882114849483,False
dmv.1530,1.7991919355448935,2.336154048280038,0,0,10,2.247450973064998,2.313906773957776,2.3616044773102876,False
dmv.1531,2.3810761431505125,2.3810781012067235,0,0,10,2.378757618751474,2.3972192183473986,2.407239123056321,False
dmv.1532,2.0536605060111253,2.0238278383420423,10,0,0,1.9083352786207357,2.007498320464446,2.091451492060011,False
dmv.1533,2.396505003067332,2.3429092733566295,10,0,0,2.3315894988836803,2.3589817146056142,2.3837176372850637,False
dmv.1534,1.7691865567887906,2.1913608158160565,0,0,10,1.93648513083842,2.0321900369293147,2.1192873092668405,False
dmv.1535,1.6855354396568005,1.6700936187845765,10,0,0,1.592036124140897,1.6415449386693302,1.6969071394860058,False
dmv.1536,3.824561403508772,1.8956521739130434,10,0,0,1.4155844155844155,2.4633554647599594,3.963636363636364,False
dmv.1537,2.4275745482013775,2.3654197633388603,10,0,0,2.3524212175460995,2.3826867782544277,2.4013030333708305,False
dmv.1538,2.086528780828108,2.0898671208457893,8,0,2,1.9040594943988889,1.9717282155317435,2.107428818499183,False
dmv.1539,2.208018980821462,2.0253135559246322,10,0,0,1.8932828895709901,1.938425233300034,1.984122086010043,False
dmv.154,2.2948572714684983,2.3501527419199504,0,0,10,2.29541996449951,2.3388550057343185,2.3539678279312968,False
dmv.1540,2.2591238758340584,2.2438324156393907,9,0,1,2.140110329389191,2.1910749822226085,2.279734498671961,False
dmv.1541,2.353283967927091,2.289386189258312,10,0,0,2.1698852617970266,2.304163415338185,2.487679481241315,False
dmv.1542,2.322805343152911,2.384998018866869,0,0,10,2.34353955032292,2.385203704246852,2.403685356559608,False
dmv.1543,2.4081965822438804,2.345687082584467,10,0,0,2.298336227549435,2.3337453393032885,2.34560008108385,False
dmv.1544,2.4437401004437707,2.409498950084201,10,0,0,2.391948664048801,2.424331164693905,2.4436333619322466,False
dmv.1545,2.404530199528323,2.3788518581011395,10,0,0,2.371941470549187,2.3963903115568552,2.4047376536535725,False
dmv.1546,2.275958157455602,2.395215064152731,0,0,10,2.3121850994056796,2.3693550505297587,2.3981045071608325,False
dmv.1547,2.2844220321800837,2.79529262086514,0,0,10,2.600272205455944,2.881250520330211,2.9887434109845263,False
dmv.1548,6.455436685469753,8.006481600617601,0,0,10,7.223236309817464,7.506515964701933,7.897625053543382,False
dmv.1549,2.441383743519888,2.3687148315893394,10,0,0,2.3606704931453564,2.389895600594578,2.402273509077079,False
dmv.155,2.3863795437052593,2.3863926869803045,1,1,8,2.3716406789695905,2.396029935320931,2.412684963333891,False
dmv.1550,2.424840531730393,2.3890305784467,10,0,0,2.3913062487632084,2.408505729622285,2.4195619079607105,False
dmv.1551,1.258794171025942,1.6166728942030533,0,0,10,1.5942537632112737,1.6497010782534431,1.6845041101740152,False
dmv.1552,2.4286344154969544,2.3879654311764607,10,0,0,2.3745933838344047,2.4156961026862716,2.4800680894285048,False
dmv.1553,2.4257531175446663,2.4257531175446663,0,10,0,2.4185415895461997,2.440201435922776,2.44861142067019,False
dmv.1554,2.3817731423027477,2.3741385531169277,10,0,0,2.3725075227617767,2.3899317420865964,2.400117993206235,False
dmv.1555,2.5078870924097596,2.4436406316966,10,0,0,2.440532608506155,2.4703786909112075,2.4870142783806948,False
dmv.1556,2.3826206481213803,2.3826206481213803,0,10,0,2.3783999975158134,2.396755647335277,2.4069905641462697,False
dmv.1557,2.387539829625306,2.3823249768241306,10,0,0,2.3777501628250493,2.3955486227771194,2.405904321315341,False
dmv.1558,2.0431536430557253,2.9025286899498237,0,0,10,2.531138308242175,2.5926569424278827,2.9604763111223713,False
dmv.1559,2.3601303685549686,2.2988793475017406,10,0,0,2.063233226456782,2.203573204147177,2.4435555633871067,False
dmv.156,1.6519878606253755,1.518454250294334,10,0,0,1.4509613984268632,1.490258290398942,1.5425510154800697,False
dmv.1560,2.096133604659322,1.830392156862745,10,0,0,1.7613207547169811,1.8730227663564387,1.9619072638907133,False
dmv.1561,1.6645637733328384,1.2365399621001003,10,0,0,1.249307026344146,1.2932857726749156,1.3624196484970088,False
dmv.1562,2.268337549353069,2.3687599422595955,0,0,10,2.233488794784573,2.3266197125236987,2.3825968896568748,False
dmv.1563,1.6506236237414063,1.4434456983893076,10,0,0,1.3891250530485217,1.4484880876865318,1.4750422471741336,False
dmv.1564,2.7004369185096175,2.59387383908524,10,0,0,2.552934991602675,2.5939013871766274,2.635020637777371,False
dmv.1565,2.3995846726607684,2.3739521048853,10,0,0,2.369298959979657,2.3946107500505565,2.4030326549409873,False
dmv.1566,2.391617049136613,2.3466130862476065,10,0,0,2.3473761299646716,2.3663240254439,2.381357135184507,False
dmv.1567,2.509849795335459,2.3859190674186417,10,0,0,2.367106473461844,2.395912097641404,2.409652005336718,False
dmv.1568,2.4434525501243294,2.3908680069155483,10,0,0,2.376372399173123,2.4022092456436046,2.418210846931766,False
dmv.1569,2.7441843180973615,2.6796574497423618,7,3,0,2.01018074912892,2.7781994349212935,3.892778070637849,False
dmv.157,2.4044595288184722,2.3696553122008894,10,0,0,2.3612743238906555,2.3875014460312203,2.3920602201442667,False
dmv.1570,2.3813243494936613,2.3800903249700753,10,0,0,2.3782419364239953,2.3955831048135314,2.4083624510057913,False
dmv.1571,2.394073100513206,2.351612209141487,10,0,0,2.2965371084134816,2.3714032768347613,2.539837992165195,False
dmv.1572,2.31323355538253,2.397369994022714,0,0,10,2.362838375209874,2.4952908536329295,2.6126437155978244,False
dmv.1573,2.3809840641697484,2.3809840641697484,0,10,0,2.3674453244697085,2.3946069132784458,2.409420299095491,False
dmv.1574,2.445853419048392,2.4060357247399464,10,0,0,2.390570544222661,2.4216226610278215,2.431806931409016,False
dmv.1575,2.389175562573814,2.379880124113834,10,0,0,2.3602443309891394,2.400896261279404,2.456724101625751,False
dmv.1576,2.1128388962525606,2.0907448698534585,10,0,0,1.921867892784138,2.0047091715066094,2.121440713339423,False
dmv.1577,1.8714342291371995,1.8169627933474688,10,0,0,1.738622967166806,1.7545453735990475,1.8174419900691205,False
dmv.1578,2.426978818283166,2.391194575174865,10,0,0,2.3638301294940884,2.423404159180267,2.5342364057466447,False
dmv.1579,2.382571332720432,2.382571332720432,0,10,0,2.378429883097099,2.3965457485002393,2.4070210298677917,False
dmv.158,2.192423853158631,2.186141657573889,10,0,0,2.1643696127572913,2.2121550688497713,2.2638419455754506,False
dmv.1580,1.184094091290955,1.759173630344598,0,0,10,1.7283244149735018,1.791782383648069,1.8585813426031743,False
dmv.1581,4.30605738575983,5.015940488841657,0,0,10,4.921360255047821,5.165781083953242,5.371944739638682,False
dmv.1582,2.3810537600049475,2.380954118469703,10,0,0,2.379017429277817,2.396885928439148,2.407327424494308,False
dmv.1583,2.2183948415082364,2.3960196720438693,0,0,10,2.3006198281095243,2.3308174964934483,2.448479881940501,False
dmv.1584,8.951866113744076,4.197430555555556,10,0,0,3.6732300212701308,4.069567122833092,4.3971337116252,False
dmv.1585,1.8778135048231512,1.9035369774919615,0,0,10,1.097534833869239,1.8081457663451233,2.020364415862808,False
dmv.1586,2.3255982555642927,2.3203832713837387,10,0,0,2.3153073121981014,2.3952816834611,2.486346291438111,False
dmv.1587,4.6045454545454545,4.220833333333333,10,0,0,3.751851851851852,4.186236338797814,4.689814814814815,False
dmv.1588,55.902950981602665,2.338408619033354,10,0,0,2.2459125362117542,2.4493022182374102,2.6345809184647253,True
dmv.1589,2.3804528283727535,2.3747091069526296,10,0,0,2.2958405298873856,2.38373807399669,2.4374755825862926,False
dmv.159,2.3801440853600884,2.374430891091685,10,0,0,2.3710407631719064,2.391438783172203,2.40052910377677,False
dmv.1590,1.9044853943236357,2.449754201440494,0,0,10,2.1978938730853392,2.298692755219358,2.3592190252495597,False
dmv.1591,2.155009295600083,2.1063810885243783,10,0,0,1.999126182336619,2.044601522992262,2.0856457417033187,False
dmv.1592,2.209980517398703,2.1854974910525384,10,0,0,2.192582715022357,2.23306070748046,2.3564873251288523,False
dmv.1593,2.2158748536767052,2.18675657374066,10,0,0,2.1476385911583518,2.17657782584003,2.221486133325595,False
dmv.1594,2.4011407486205902,2.3706148419512525,10,0,0,2.355957876189506,2.382966866362686,2.401277021652247,False
dmv.1595,2.3816871054915665,2.3760769111850424,10,0,0,2.3577034570862923,2.3890493833271274,2.405035263077323,False
dmv.1596,3.383466135458167,3.415214477211796,4,0,6,3.0362888809438684,3.322907826868117,3.540262627666227,False
dmv.1597,2.42995216881649,2.369870024422076,10,0,0,2.3556778023384775,2.3804308526130074,2.3922849377461928,False
dmv.1598,1.2562538133007932,1.279438682123246,0,0,10,1.1891397193410616,1.24222086638194,1.4392922513727884,False
dmv.1599,1.5121398692370667,1.959808490042238,0,0,10,1.8540274454802959,1.9343888317246667,1.9746064289375411,False
dmv.16,2.384166009521306,2.367601992427754,10,0,0,2.3327606555503166,2.3769497203935845,2.4071740347148216,False
dmv.160,2.3960361546475966,2.3959118207384558,10,0,0,2.3602521640746628,2.3945649295144893,2.411739201107513,False
dmv.1600,1.5968450623064179,1.292125662994696,10,0,0,1.2293572894138525,1.3120169453972799,1.3877308294209703,False
dmv.1601,1.7826099498641312,1.6384625990306398,10,0,0,1.5023801535551569,1.6172820392589236,1.654500669344043,False
dmv.1602,2.5229173832794096,2.4254575532019813,10,0,0,2.3918568471089006,2.4307385305354616,2.4658672674939837,False
dmv.1603,2.4340015987581904,2.3487630446234085,10,0,0,2.3300904264698583,2.3544428295213446,2.385901397519271,False
dmv.1604,1.5828011096058319,1.543470055359839,10,0,0,1.5101515031610788,1.5295607221972038,1.5737724446643666,False
dmv.1605,2.3731278330333443,2.3681887101273174,10,0,0,2.359167588095827,2.3819809082635555,2.3962120754130356,False
dmv.1606,1.9719597913989872,1.244960838712756,10,0,0,1.181053938527797,1.2128217239421835,1.2797323336720037,False
dmv.1607,2.383270834778311,2.359714263529777,10,0,0,2.339439964856676,2.3758515497272565,2.394919336027386,False
dmv.1608,2.396013621398181,2.3439662829926857,10,0,0,2.303943286299949,2.3399948620923343,2.3539599697651177,False
dmv.1609,2.380384914505566,2.374777339047631,10,0,0,2.365636361326875,2.3905676590317197,2.39973106937161,False
dmv.161,1.2341113809892061,1.2075948287806282,10,0,0,1.157496322327558,1.177240281141727,1.2149237087314098,False
dmv.1610,1.466844478046595,1.3890617645693981,10,0,0,1.356967078285242,1.4009108732616986,1.4562666451681057,False
dmv.1611,2.3975616121974785,2.195072489195498,10,0,0,2.199366370047949,2.2179238689508645,2.230301571491939,False
dmv.1612,3.4956317046891834,3.4346125079109373,10,0,0,3.2408794788273614,3.3948332462750015,3.518086347724621,False
dmv.1613,2.4049028721869377,2.402409556204962,10,0,0,2.353647130581366,2.3937336926616446,2.4134888846512244,False
dmv.1614,2.377850182847007,2.3776590738399737,10,0,0,2.377741548695954,2.3974060377969035,2.4033095749138456,False
dmv.1615,2.379565912138561,2.3768995616337865,10,0,0,2.3701964771932373,2.3948138019709653,2.4034556258258317,False
dmv.1616,1.814458541838492,1.7852394707299537,10,0,0,1.704034578662846,1.7655975560534034,1.824500792801619,False
dmv.1617,2.1996672212978368,2.7518734388009993,0,0,10,2.2421981004070557,2.77345830817465,3.7599544937428897,False
dmv.1618,2.4325537428701876,2.428431114506365,10,0,0,2.247770257824152,2.4585360065109194,2.598015178050204,False
dmv.1619,2.3876765673213205,2.374036587043329,10,0,0,2.3643661053272598,2.389990194670839,2.4052095493322265,False
dmv.162,1.6553747768661902,2.331226055122559,0,0,10,2.192469063910322,2.2816740281441925,2.3603904500237447,False
dmv.1620,2.4220610921837555,2.382744906728968,10,0,0,2.3711350606754324,2.3984732600080405,2.412038087301404,False
dmv.1621,2.484873988809733,2.3585824228612173,10,0,0,2.3447562705973666,2.3751227770454713,2.394041606888857,False
dmv.1622,2.2964427665598786,2.4065542940725777,0,0,10,2.2631470352236067,2.399391982713597,2.45234901234305,False
dmv.1623,2.4703265460946677,2.4053946476661086,10,0,0,2.370090063351742,2.469253528092411,2.5311492977729477,False
dmv.1624,2.07035914970647,2.75686307331771,0,0,10,2.5472106655118547,2.678938468530318,2.7796155339150395,False
dmv.1625,2.3585877477349104,2.3532992307669525,10,0,0,2.362136014699149,2.425880389749741,2.4738831647221105,False
dmv.1626,2.3696520202535085,2.2010242570585357,10,0,0,2.1530783956525767,2.1662046245674,2.207364555800003,False
dmv.1627,2.4102888495618573,2.4048900956561265,10,0,0,2.3732791637724784,2.4064742559345067,2.4674950005328586,False
dmv.1628,2.6008083086611213,2.555083611113676,10,0,0,2.4050915664954413,2.521646925240052,2.5916979647650535,False
dmv.1629,2.4225820878132094,2.3736449610541306,10,0,0,2.3622651410491673,2.3911579163482575,2.401684046174433,False
dmv.163,2.426154634418898,2.411199354842088,10,0,0,2.372807686567718,2.415686225081645,2.4318917210531787,False
dmv.1630,2.3819142005023646,2.251080958275733,10,0,0,2.1980432872335505,2.224891592595936,2.265547386281005,False
dmv.1631,1.2620332526487044,1.5200372786579683,0,0,10,1.4174391657010428,1.5902125422419513,1.6679952799265767,False
dmv.1632,2.3785028345090824,2.373890079385507,10,0,0,2.369665521695681,2.3934364291990438,2.4023695285791633,False
dmv.1633,2.338726541298578,2.2780548692954885,10,0,0,2.2680150938107957,2.310337379922653,2.3344303571920997,False
dmv.1634,2.463525128173928,2.302738113031464,10,0,0,2.2246354557736114,2.2774075911654066,2.3122208881795685,False
dmv.1635,2.4300803546466105,2.3630116307699525,10,0,0,2.3436400975142493,2.375875063666995,2.3917461085056972,False
dmv.1636,2.4009068670098976,2.367811296134474,10,0,0,2.326314815120911,2.3781310159692435,2.4125656625774905,False
dmv.1637,2.402586390282144,2.37717948117013,10,0,0,2.3672235927262477,2.3895350427834052,2.396372498485342,False
dmv.1638,1.3379840100329206,1.2032990272099253,10,0,0,1.0148632580261594,1.1358617769037558,1.5026408450704225,False
dmv.1639,1.3123312331233123,1.9314431443144315,0,0,10,1.897989798979898,2.1416141614161415,2.3105310531053105,False
dmv.164,1.4743250299474768,1.4320373287507757,10,0,0,1.4289082454646669,1.4588970365127962,1.5194362844408429,False
dmv.1640,2.3815643393209243,2.3815237241837566,4,0,6,2.3821556720775106,2.3967877429664224,2.4065676793684694,False
dmv.1641,2.3895206051701,2.3845481386527694,10,0,0,2.3569244286308484,2.3836943866385214,2.4092358893922627,False
dmv.1642,2.378461665581071,2.2818192775273216,10,0,0,2.2883671683319755,2.307077451309997,2.322337386181001,False
dmv.1643,1.7947461865737082,1.7502652596905568,10,0,0,1.765174060488615,1.8151982073075836,1.8958813405227375,False
dmv.1644,2.4113391445603143,2.0390280636085567,10,0,0,1.9312527878968107,1.9375073842267143,2.0172073643928163,False
dmv.1645,2.502715566175116,2.3749990599224247,10,0,0,2.35852363682702,2.3876944003617275,2.402394467349761,False
dmv.1646,2.378874787065243,2.3780041210331513,10,0,0,2.3768825167861434,2.39695454461042,2.408239718557266,False
dmv.1647,2.1918834473893436,2.109314360794058,10,0,0,2.0616146120891488,2.1000971914104225,2.1490096016551563,False
dmv.1648,2.384416112595808,2.384374750033971,4,0,6,2.3384150807865525,2.3738228912185093,2.45827160641026,False
dmv.1649,2.2981645920550138,2.2800383114169733,10,0,0,2.2452148005928185,2.285669139700773,2.3094220356878807,False
dmv.165,2.467899332149791,2.4460380177026604,10,0,0,2.416462254381168,2.4506826096511496,2.4714836268140106,False
dmv.1650,2.3818442443065333,2.3817185334159277,10,0,0,2.324890012676505,2.3905472164583146,2.417624310404868,False
dmv.1651,2.3507048114434332,2.3498369912802035,10,0,0,2.339327587545617,2.4865077813555923,2.5718212393510167,False
dmv.1652,2.0492797136175986,1.7609337401701768,8,0,2,1.8023816778387163,2.035716913163663,2.2568594410708043,False
dmv.1653,2.384400205653253,2.3308474246526485,10,0,0,2.287791306746302,2.319868829676863,2.3768676610993316,False
dmv.1654,2.3798089095007007,2.3740199221802682,10,0,0,2.3682881743886153,2.3917895656707966,2.3999805718908953,False
dmv.1655,6.555316567394661,1.9116246904049663,10,0,0,2.094725340570643,2.314475300619958,2.858953698135899,False
dmv.1656,2.5021702297135837,2.462696532915215,10,0,0,2.352679081457786,2.366502581892988,2.493585646917949,False
dmv.1657,2.3625920362481225,2.3429754084348824,10,0,0,2.177393731702335,2.3695492847815918,2.43963993744676,False
dmv.1658,1.5822210499076304,1.504095526833679,10,0,0,1.4617989144481778,1.494622123802047,1.5265635844836893,False
dmv.1659,2.3802969857537293,2.3520243527843427,10,0,0,2.336924793132464,2.368197691551754,2.4138394746639147,False
dmv.166,13.632075471698114,8.33910433979686,10,0,0,8.189288750354208,8.537784469990985,8.965132150390867,False
dmv.1660,1.5172287390029326,1.5502199413489737,0,0,10,1.4494134897360704,1.658724340175953,1.9149560117302054,False
dmv.1661,2.094066924316871,1.3198006325705276,10,0,0,1.2360218258517126,1.2573710359096184,1.3132647220023141,False
dmv.1662,2.4248460479277667,2.424461264209942,10,0,0,2.412647266839137,2.4489826105285566,2.4689770231143773,False
dmv.1663,2.379761619337849,2.3747782516059854,10,0,0,2.368593215799207,2.39191410989524,2.39894861932581,False
dmv.1664,2.4623041638962206,2.439196460659414,10,0,0,2.426674189862092,2.4545600605675935,2.4739795342396333,False
dmv.1665,2.478179414897024,2.3155967413350815,10,0,0,2.306151423248849,2.3303258377944767,2.3444272561980335,False
dmv.1666,1.573400427684057,1.6577666488478744,3,0,7,1.4900025034833821,1.625311812332032,1.6773132017034456,False
dmv.1667,2.372992042240512,2.3726150239860444,10,0,0,2.3549613945656933,2.3827654095643114,2.4207453757066797,False
dmv.1668,24.732606438213914,14.693090684762492,10,0,0,13.250347705146035,14.148968294576378,15.556825604180274,True
dmv.1669,2.3825831101090293,2.3825831101090293,0,10,0,2.3772435553098616,2.3958736345601377,2.4045278176162164,False
dmv.167,2.4054049295592312,2.3416710104320946,10,0,0,2.2723510419724096,2.3288943082106286,2.3607096246965984,False
dmv.1670,1.9738173035942606,1.7391255366821465,10,0,0,1.6009333410151523,1.6484187906843704,1.7181564107637515,False
dmv.1671,2.3398034642634316,2.3187078505721592,10,0,0,2.271635060547551,2.313829125911281,2.3429603080388395,False
dmv.1672,2.395305676434609,2.3656552213375126,10,0,0,2.3523227661220987,2.379397028339236,2.3998447811328916,False
dmv.1673,1.689108910891089,2.492330168005844,0,0,10,1.9677047289504037,2.162560907095874,2.61957773512476,False
dmv.1674,2.194895100831057,2.1944461875643504,9,0,1,2.0957899479930835,2.15793480881463,2.1924028941355673,False
dmv.1675,2.0195926100844233,1.998026917235583,10,0,0,1.9443640296596034,1.9985550522721995,2.046896847328684,False
dmv.1676,2.380324738093308,2.380324738093308,0,10,0,2.366277960047406,2.397725149300869,2.411725018895472,False
dmv.1677,2.406479771835537,2.401076577650939,10,0,0,2.3019929428926256,2.3850787326041636,2.4753540980409614,False
dmv.1678,1.5081946222791294,1.499681704367016,10,0,0,1.3498223767141602,1.3819002025613272,1.4714553404122424,False
dmv.1679,2.4248478035373338,2.367336341980501,10,0,0,2.352273097190518,2.3803382043026087,2.399105395710038,False
dmv.168,2.468949859916916,2.441956462330227,10,0,0,2.447213141126924,2.4748414808285366,2.5665795610439015,False
dmv.1680,1.1540983606557378,1.1559934318555007,7,0,3,1.0014204545454546,1.0639721858187334,1.2264808362369337,False
dmv.1681,2.3802204660395847,2.3680441585476997,10,0,0,2.3659659248055815,2.383804726193419,2.3973275709814086,False
dmv.1682,2.4387333057834604,2.4386957664627693,10,0,0,2.340084601042345,2.4038502694820236,2.4768541401342823,False
dmv.1683,2.2600856415290287,2.236777382122795,10,0,0,2.1986591485138334,2.231472050081132,2.248343377391327,False
dmv.1684,7.037733096368604,1.7981944552697304,10,0,0,1.6995147730002402,1.7447120202137825,1.7849235582017255,False
dmv.1685,2.050481284019955,1.9595119329597406,10,0,0,1.900433983805647,1.9560070172147932,2.0042930524813607,False
dmv.1686,2.3371157875743203,2.3678306775678073,0,0,10,2.3225239020866812,2.364183031795563,2.387222256112994,False
dmv.1687,2.383003208411535,2.3491793267269925,10,0,0,2.3102196385190252,2.3498696520250038,2.3732298401202576,False
dmv.1688,2.417947009446919,2.417947009446919,0,10,0,2.2959997196151347,2.4349441600635897,2.5207002209454683,False
dmv.1689,2.286670485652976,2.262491463295656,10,0,0,2.193555288802607,2.2252124130631756,2.288056398643125,False
dmv.169,2.3832371303474362,2.3820069618183,10,0,0,2.3754860737608356,2.3953534462782775,2.4031353616596456,False
dmv.1690,2.6105201818748873,2.669814329841526,0,0,10,2.4769569822135002,2.5756321079101374,2.687023223201237,False
dmv.1691,1.0778189188577123,1.0550721585492917,10,0,0,1.0536181752774165,1.1156503527666497,1.154573462877382,False
dmv.1692,2.5027376463461373,2.379280500116943,10,0,0,2.362631250198404,2.3919551980856673,2.4066410039373825,False
dmv.1693,2.4808011986027814,2.547332346134407,0,0,10,2.4752277333930714,2.5274592824230058,2.6162609881540813,False
dmv.1694,2.4548979952979244,2.401741173560873,10,0,0,2.362466548810354,2.4132195594773513,2.4426324487347286,False
dmv.1695,2.3865302922697276,2.3556688770127616,10,0,0,2.3521316377366586,2.3728820520014144,2.3801725105923044,False
dmv.1696,4.162875162043748,2.251713058297238,10,0,0,2.161957707429039,2.239883006419211,2.39386828803382,False
dmv.1697,2.3907065907700993,2.3519590691991556,10,0,0,2.3279999725143528,2.3674633485395695,2.4405315750233214,False
dmv.1698,2.406444360807929,2.3683744719184583,10,0,0,2.373463021191908,2.392814005110763,2.4321579240465754,False
dmv.1699,2.185110405287644,1.933720888581729,10,0,0,1.8582400071272807,1.8757788508565976,1.9419782005624433,False
dmv.17,2.376636816079765,2.3421299889074496,10,0,0,2.3415714965761563,2.358858996240455,2.3746838802370083,False
dmv.170,2.2883956170842303,2.269600796855522,10,0,0,2.0564815115059933,2.1507745695907037,2.3079101870496617,False
dmv.1700,2.344522812378585,2.3079991552666774,10,0,0,2.2956153187278425,2.308586906596318,2.355420388419263,False
dmv.1701,2.450647226764975,2.406055142619019,10,0,0,2.2944489139179405,2.3553857423002587,2.4818448496077026,False
dmv.1702,2.380946792623282,2.3790762289693754,10,0,0,2.3701073824839165,2.395914400349647,2.4041895938639857,False
dmv.1703,2.42277585287246,2.4102506205347454,10,0,0,2.385389168310779,2.422266923107991,2.4314784691705715,False
dmv.1704,2.226595946514448,2.078463682634039,10,0,0,1.9794812375791087,2.0778015703028,2.121600113182188,False
dmv.1705,2.5160473158768677,2.4700889994690267,10,0,0,2.451749495421372,2.4859383597266476,2.5174957999074783,False
dmv.1706,1.3871797643498,1.349595254836209,10,0,0,1.3107839932760552,1.3613375971015405,1.380638696172065,False
dmv.1707,2.3761778821783577,2.322952951352184,10,0,0,2.3151839901998423,2.3379760145294712,2.3473968692980938,False
dmv.1708,2.3233124743537137,2.3225381361363926,10,0,0,2.2319002685456653,2.4368045219536576,2.6204975412207117,False
dmv.1709,2.7318537253248896,2.760265718426952,0,0,10,2.681496853490028,2.756186345141966,2.843657205054508,False
dmv.171,3.7086453296820845,1.0337775180322688,10,0,0,1.0017828144774938,1.0137830930960807,1.0564358366496232,False
dmv.1710,2.331870307365195,2.2832481817006562,10,0,0,2.246194889860587,2.2879773878345797,2.316173404953691,False
dmv.1711,2.4285277785249852,2.4262546616550336,10,0,0,2.4033030721601683,2.4348256913418838,2.4505240359151994,False
dmv.1712,2.3356836990146594,2.3663827236008323,0,0,10,2.319856833511626,2.3591157568311263,2.383598535804843,False
dmv.1713,1.087175898819979,1.1337528400351868,9,0,1,1.0025037961548164,1.084334010865069,1.0994975663369446,False
dmv.1714,2.4477066239470866,2.390196171837237,10,0,0,2.378293778858263,2.404850164160071,2.4242674739184995,False
dmv.1715,2.3964232132190375,2.3707922700739306,10,0,0,2.3685183967160177,2.3894537091081505,2.3995452848462056,False
dmv.1716,2.5002895641094938,2.5001516680730433,10,0,0,2.2841076854086575,2.387654102285457,2.515398017956031,False
dmv.1717,2.4035809360555653,2.382248227946938,10,0,0,2.368413116901994,2.3942821884839125,2.4120078006456644,False
dmv.1718,2.4554966795816915,2.362087154037816,10,0,0,2.3214727164037834,2.369782007133993,2.422053522195071,False
dmv.1719,2.352603176130651,2.3517396235203583,10,0,0,2.366778084062387,2.4161283300079073,2.5551472711720358,False
dmv.172,2.6201279067636656,2.5727472290197206,10,0,0,2.544709755880521,2.6242626123578825,2.702109029518854,False
dmv.1720,1.504613552070455,1.8796189244942094,0,0,10,1.7893981476701324,1.8490557763597668,1.8863498822289853,False
dmv.1721,10.154666823848398,9.024331473769676,10,0,0,8.668780033713237,8.990893760493702,9.366552492796172,False
dmv.1722,2.38106651991657,2.378436901092895,10,0,0,2.3618377130123416,2.3907808831862605,2.407380126184771,False
dmv.1723,2.237561345409568,2.1463153261763974,10,0,0,1.9782351799918867,2.063281850007576,2.1862695411484934,False
dmv.1724,2.384004619142469,2.3827296073567017,10,0,0,2.3662954197758,2.3913310906595386,2.40634512952959,False
dmv.1725,2.4484376864360233,2.38679664994354,10,0,0,2.3799874223572,2.3988404268182753,2.4087279719648897,False
dmv.1726,2.8316928812007456,2.8312299744981364,10,0,0,2.3168878424657535,2.373907904546854,2.5067592994644667,False
dmv.1727,1.4391297487715502,1.3980136852394918,10,0,0,1.3712902805157747,1.4024757045669531,1.4384488624111285,False
dmv.1728,2.715870311285737,2.5119760345374105,10,0,0,2.487147751132722,2.623860423387897,2.7411685610028207,False
dmv.1729,1.357638080571125,1.3436346182247823,10,0,0,1.3175559230820475,1.3477214594778708,1.3653806902430679,False
dmv.1730,2.2594417077175697,2.724752475247525,5,0,5,1.483291412145167,2.1188348704858813,2.620952380952381,False
dmv.1731,2.253007766571858,2.3760971795513597,0,0,10,2.297218315107428,2.3499141620944783,2.379848400879085,False
dmv.1732,2.1608952767066496,2.127097601776351,10,0,0,2.128199162401117,2.1804541156298343,2.262140104827322,False
dmv.1733,2.245232801999142,2.339952871549025,0,0,10,2.274648834622449,2.319732027178181,2.3509449247308667,False
dmv.1734,2.5510928812413978,2.3961548603284166,10,0,0,2.3701175860152413,2.4243531207607685,2.4429292008912875,False
dmv.1735,2.107624937805289,2.0981228646220296,10,0,0,2.1039890832959474,2.149159286193899,2.272618450124897,False
dmv.1736,2.428163062511155,2.347925174272301,10,0,0,2.336148622386409,2.358287710063048,2.3779513275423225,False
dmv.1737,56.53882846784965,14.403344188985564,10,0,0,14.128641586802079,14.680265724915868,15.514136125654451,True
dmv.1738,2.3800490794227396,2.380041651843021,10,0,0,2.378754410118627,2.397449208253731,2.40967561191389,False
dmv.1739,2.427073854380172,2.3885616460474113,10,0,0,2.3750400519539134,2.4004005841369027,2.4202748237389127,False
dmv.174,2.4106879935552183,2.2763880988190306,10,0,0,2.215834044422342,2.256596521426104,2.2921119022003005,False
dmv.1740,2.5185935108512223,2.4447204924580164,10,0,0,2.449844561563403,2.4886309051747855,2.551363553351331,False
dmv.1741,2.3781473116062863,2.377390429428446,10,0,0,2.371420278782945,2.3980376289242793,2.4059075828064596,False
dmv.1742,2.4104249451138227,2.3451496326181696,10,0,0,2.347293704025383,2.365586828803834,2.377414244512612,False
dmv.1743,2.7511237674808275,2.582410810156829,10,0,0,2.5372379745989058,2.597842010951171,2.6725214614945183,False
dmv.1744,2.485488635346448,2.26343280306498,10,0,0,2.1344394708988452,2.261324138646083,2.412223840900282,False
dmv.1745,1.7932494617821266,1.6482673634079652,10,0,0,1.6004803610176421,1.6499258950091393,1.6808144541586751,False
dmv.1746,2.3991445558166795,2.3827071796577735,10,0,0,2.3667957977782974,2.3935687426177417,2.4074408645877328,False
dmv.1747,2.182369523612476,2.14394420589954,10,0,0,1.992903027726607,2.1693960733612716,2.230656374738957,False
dmv.1748,2.5726713346064076,2.5260416666666665,10,0,0,2.11384239888424,2.6648434029695833,3.5609397944199705,False
dmv.1749,3.3153098420413123,3.1182857142857143,10,0,0,2.785604900459418,2.9315535407988236,3.585413929040736,False
dmv.175,2.458057947885425,2.452558030995621,10,0,0,2.348630124381183,2.399966960717056,2.4496459890643254,False
dmv.1750,2.406604616506975,2.368785328912559,10,0,0,2.3366926626765814,2.3800655043684387,2.420722561061535,False
dmv.1751,1.4684125890190673,1.2839421088904204,10,0,0,1.1739030553641168,1.2583275901677005,1.3119687571789571,False
dmv.1752,2.3825513733846515,2.3825513733846515,0,10,0,2.355480469003203,2.3903378186514983,2.4246481914181115,False
dmv.1753,2.2909636658728383,2.4082733854204657,0,0,10,2.326278747926675,2.384554485210516,2.4162499257806154,False
dmv.1754,2.3408247157547173,2.292442061219101,10,0,0,2.2307303093191027,2.29513999210047,2.336637558020612,False
dmv.1755,2.367643396159283,2.271470863261726,10,0,0,2.20377681524776,2.2666090907972083,2.2902142171790913,False
dmv.1756,2.383646680787129,2.3611870801632318,10,0,0,2.353549969931849,2.371031899424438,2.3836300748971793,False
dmv.1757,2.3801507262885715,2.3777964189674496,10,0,0,2.3768982221745034,2.3957919020255987,2.40558127176127,False
dmv.1758,2.4983540022547914,2.418717870161503,10,0,0,2.415563279882702,2.4452520953732932,2.464326002659587,False
dmv.1759,1.9064814368840295,2.1155851923492954,0,0,10,2.0212035442988725,2.0714344003541245,2.149348516935457,False
dmv.176,2.372352233404531,2.278298802389846,10,0,0,2.1801669752451485,2.2318044739641296,2.2756896042660175,False
dmv.1760,2.4095811067996022,2.3636299528148363,10,0,0,2.3346855013978494,2.377596723654184,2.414307402741099,False
dmv.1761,2.487432788591738,2.22289887819513,10,0,0,2.1624640282474026,2.200019895876448,2.2378417000445867,False
dmv.1762,2.316028976205632,2.2886737818350062,10,0,0,2.209254594176862,2.2378280153714574,2.3274343066947565,False
dmv.1763,2.390324886117129,2.3404800771278635,10,0,0,2.2884903020199383,2.3693105661526985,2.4034009329221386,False
dmv.1764,2.3796911796498397,2.3796936341527966,0,0,10,2.3792003808103273,2.3975077015191357,2.4074732238279495,False
dmv.1765,2.389498444426339,2.328926084092139,10,0,0,2.265662285194362,2.3641331456412065,2.419021856179041,False
dmv.1766,2.379406896418079,2.379406896418079,0,10,0,2.3784585963766225,2.397384003664593,2.407215281087287,False
dmv.1767,2.3899557140698087,2.376452212511494,10,0,0,2.3520937150674492,2.386204011639279,2.3979825612415873,False
dmv.1768,2.4269637918428333,2.3282303070964594,10,0,0,2.152078928823115,2.4285797879494773,2.867740966118248,False
dmv.1769,2.4573273699940383,2.412128196006249,10,0,0,2.3417734507958756,2.415883768675989,2.4829345830104765,False
dmv.177,2.424931417874837,2.3798528404078447,10,0,0,2.378438528630768,2.3970401711475704,2.410170473710158,False
dmv.1770,1.7894282688763272,2.2954069327672855,0,0,10,2.195916674085959,2.2701936753552183,2.3071018305861934,False
dmv.1771,2.485055995434767,2.4285249558509157,7,0,3,2.214232749306159,2.565578852473613,2.989017903105874,False
dmv.1772,2.3812053879830937,2.3761552414920657,10,0,0,2.3742078690073476,2.391316157363396,2.403461154825608,False
dmv.1773,2.477556522076281,2.3133727306607037,10,0,0,2.273641204673901,2.3150002490062143,2.343491392328602,False
dmv.1774,2.4776244260167517,2.367704331514817,10,0,0,2.3724375528871815,2.3962732163070934,2.4131350914914513,False
dmv.1775,2.393725648939938,2.393725648939938,0,10,0,2.1672018947532377,2.4002320797310768,2.5174786472607296,False
dmv.1776,2.460824725986291,2.4508640667764228,10,0,0,2.348030178974176,2.4001890791251297,2.4671173988425577,False
dmv.1777,2.5481891945378985,2.427830677854247,10,0,0,1.9038888067425699,2.457126917452686,4.3175454774079975,False
dmv.1778,2.327823145567674,2.284212660485085,10,0,0,2.239034793346408,2.2680866191446674,2.3109146980714286,False
dmv.1779,2.427893472557661,2.3884245123984065,10,0,0,2.351285089402764,2.3894116141277024,2.4061266505885097,False
dmv.178,2.28550214881621,2.2557615409051337,10,0,0,2.208703910800229,2.253689958649556,2.2859200020445254,False
dmv.1780,2.3784293997942245,2.3783890256101117,4,0,6,2.3789002048636374,2.3968936645647236,2.407090687122315,False
dmv.1781,2.4009293353413237,2.3951330054579434,10,0,0,2.360784977757262,2.393425406089487,2.4059222604846418,False
dmv.1782,2.3810735279668718,2.3810735279668718,0,10,0,2.3784984948482353,2.398071223183159,2.4065782795572486,False
dmv.1783,2.312664924688876,2.303670511556108,10,0,0,2.2935701874597094,2.3388128806624726,2.4843651733195222,False
dmv.1784,2.3147439872254263,2.2920843779511473,10,0,0,2.2236232293542386,2.2789553246941807,2.31361407588605,False
dmv.1785,2.3975748891934234,2.362147048745176,8,0,2,2.384720159348571,2.4047217452009138,2.4252533519232493,False
dmv.1786,2.402161201518706,2.3672581347842927,10,0,0,2.3600551623201462,2.383694695982074,2.3904514497917426,False
dmv.1787,1.9998427762849464,1.831038814876855,10,0,0,1.6988052742769724,1.7649829844323872,1.8473655024294064,False
dmv.1788,4.74562306900103,3.0733659404179634,10,0,0,2.788221056877773,2.9811551753097136,3.1065168539325843,False
dmv.1789,2.506020822999519,2.4592920007631833,10,0,0,2.406458276237196,2.4534881728338416,2.5223422270725924,False
dmv.179,8018.333333333333,8723.666666666666,0,0,10,8433.333333333334,8785.375,9405.666666666666,True
dmv.1790,2.4009005360678657,2.3751629093470554,10,0,0,2.369690618868417,2.3925032143443863,2.4024719672179033,False
dmv.1791,12.582035306334372,12.572243839169909,3,0,7,11.479393652297489,11.984669377736918,12.842077371489136,False
dmv.1792,2.3209087681931133,2.2854381608911782,10,0,0,2.284087873245515,2.319354662971802,2.395465370647758,False
dmv.1793,8.070781982768022,6.188926988375011,10,0,0,5.7108350054020685,6.346901267071252,6.871030640668524,False
dmv.1794,2.362585792932845,2.3538759194888486,10,0,0,2.2503902369802753,2.2968773908352214,2.4125364844067856,False
dmv.1795,1.6623087621696802,2.145010768126346,0,0,10,1.8945366162950439,2.224273000970908,3.739674593241552,False
dmv.1796,2.401733769619372,2.3804563266741656,10,0,0,2.36532630877561,2.394615375927499,2.4117034068866783,False
dmv.1797,2.370863870725588,2.370863870725588,0,10,0,2.339454928668023,2.440479429570992,2.56151237771025,False
dmv.1798,2.5016956482155863,2.36146739714255,10,0,0,2.2557437944445016,2.288491604210428,2.359768992131563,False
dmv.1799,2.355143375805824,2.3502416983734378,10,0,0,2.271027536400656,2.307606068193324,2.3674783650927926,False
dmv.18,2.576948249598603,2.3686041367151898,10,0,0,2.3722965517318793,2.390335203768429,2.398685776013852,False
dmv.180,2.3819311398843777,2.380701504709514,10,0,0,2.376685969967869,2.396365950311477,2.407762219751498,False
dmv.1800,2.368568014220439,2.3685693282847198,1,0,9,2.36413282886385,2.3911636587241007,2.403386582584753,False
dmv.1801,2.2141620533981574,2.081903371644382,10,0,0,2.0812187980030723,2.1365644594877415,2.181985863074643,False
dmv.1802,2.3537535026392913,2.344596285728588,10,0,0,2.2401094276094278,2.2955868692864434,2.3950999603185967,False
dmv.1803,2.0686075824230143,2.0503649992651023,10,0,0,2.043639974281552,2.0831605252062344,2.2060180101032287,False
dmv.1804,2.4716892713306757,2.4319986100344817,10,0,0,2.3363886298672223,2.401489850644645,2.4413999674644584,False
dmv.1805,1.486069581509952,2.154944105488429,0,0,10,2.016390465719076,2.10045037196109,2.178439550871007,False
dmv.1806,2.385176377450198,2.356603575091566,10,0,0,2.3553282373078877,2.3760467114358192,2.3887841971629977,False
dmv.1807,2.3102553106589276,2.2742732912524044,10,0,0,2.2961223136201085,2.3390355001985883,2.4013229405034324,False
dmv.1808,2.4374895133524386,2.4374813338299792,5,5,0,2.4072005875108866,2.446870641331248,2.473690304695934,False
dmv.1809,1.2826850963168055,2.0423000886222646,0,0,10,1.871139332743455,2.019255460437407,2.1668364364026496,False
dmv.181,2.441113116401904,2.4341186565952126,10,0,0,2.4052101270885156,2.437120345761743,2.468161172354727,False
dmv.1810,2.045043760360778,2.09585137282841,0,0,10,2.0147335147949774,2.077365778917046,2.1061820184496765,False
dmv.1811,2.3816196135222643,2.3792374740381974,10,0,0,2.370079328394407,2.3950574502589004,2.404238070653147,False
dmv.1812,2.425065804316763,2.386655837434386,10,0,0,2.3831079486099354,2.4045557394349792,2.415983781312149,False
dmv.1813,2.3168474238759735,2.1968728946523606,10,0,0,2.1627423958350027,2.210589496758175,2.247893988800018,False
dmv.1814,2.379565912138561,2.3768995616337865,10,0,0,2.3701964771932373,2.3948138019709653,2.4034556258258317,False
dmv.1815,2.3825583668914123,2.3812876311497924,10,0,0,2.3792955850437862,2.395997758091054,2.4064477991613678,False
dmv.1816,2.42401525672313,2.4052159613207156,10,0,0,2.3948241660143803,2.4203320352180757,2.4297712278509853,False
dmv.1817,2.293401902380371,2.255247830418121,10,0,0,2.261036019317673,2.3024482794760495,2.3611063479945975,False
dmv.1818,2.4526181582552984,2.4044661764435507,10,0,0,2.378512121208831,2.4120656514570262,2.437355372728418,False
dmv.1819,2.3424456471883315,2.2469421875458306,10,0,0,2.131113336671674,2.238110171515559,2.3905445467311592,False
dmv.182,2.382053637386734,2.3820129390442335,4,0,6,2.3677867640617767,2.39586261675049,2.4128911668185196,False
dmv.1820,3.443543640295169,2.051501203325016,10,0,0,1.9047577432206657,1.9585921786596316,2.0488127208350306,False
dmv.1821,2.410599109893872,2.410599109893872,3,7,0,2.2735284114636025,2.3205218105739434,2.4475228252305694,False
dmv.1822,2.3982869680913357,2.367627112175695,10,0,0,2.353803990010467,2.379237467763541,2.3864582814783972,False
dmv.1823,2.4090689032207457,2.406794552015566,10,0,0,2.3923496835443037,2.4206043277796967,2.4603199140820777,False
dmv.1824,2.3802515654239316,2.370994837967167,10,0,0,2.3673716942785252,2.3864359157321093,2.4020433927796736,False
dmv.1825,2.3782207733899057,2.375629583718055,10,0,0,2.3703630574558727,2.3934838418923103,2.400910431162687,False
dmv.1826,2.377809529138222,2.366358130327401,10,0,0,2.354747967528375,2.383691260181679,2.3907917375035486,False
dmv.1827,2.236829567111353,2.1840566225825744,10,0,0,1.923529411764706,2.1310899223012028,2.2820290257620996,False
dmv.1828,2.2554101730699783,2.41112326030319,0,0,10,2.2906932602829677,2.3201183921808353,2.4293567999129526,False
dmv.1829,2.211156529486885,2.305887815997974,0,0,10,2.242744630081914,2.2924395828520807,2.3239753772568794,False
dmv.183,2.4638110881204804,2.454821752437089,10,0,0,2.325679575810457,2.4397454040842366,2.563650488310151,False
dmv.1830,2.4221174677359834,2.3807690364720933,10,0,0,2.371583916611773,2.3973938011895832,2.4347253412145258,False
dmv.1831,2.3911957812758233,2.3622559602834823,10,0,0,2.3590020621447687,2.3789394471627245,2.3913243506775097,False
dmv.1832,2.321529496171135,2.4527748772092663,0,0,10,2.363894562640705,2.5022071439007685,2.6361875467619917,False
dmv.1833,2.4154915654198157,2.414721540374255,10,0,0,2.2399737403966147,2.4481137495862857,2.595422305979099,False
dmv.1834,2.44917620858393,2.3890503772095717,10,0,0,2.3699966885509185,2.402345941966029,2.420890782965437,False
dmv.1835,1.414137033824805,1.1472968218599742,10,0,0,1.1193363844393593,1.163682613172167,1.2307208453893572,False
dmv.1836,2.6511420462793294,2.6123847648030716,10,0,0,2.507097510947177,2.571648210911979,2.615676164856697,False
dmv.1837,1.9486495428084722,1.929566175035548,10,0,0,1.827291449392071,1.8858513029787989,2.00785499804169,False
dmv.1838,2.256072134521134,1.9242559546721274,10,0,0,1.7519818323275227,1.8867153273660555,1.9983930156141319,False
dmv.1839,1.953229410802856,2.1055541519533247,0,0,10,2.0553293262061527,2.0727424517838378,2.1356953425310645,False
dmv.184,1.6151944141951189,1.6151944141951189,0,10,0,1.48012397567447,1.5491669191156756,1.6053429088038302,False
dmv.1840,2.135263852289914,2.134925439296839,10,0,0,2.0656822458354087,2.1264214619627,2.177429293352828,False
dmv.1841,7.325648414985591,7.041551246537396,10,0,0,6.619791666666667,6.837956547694423,7.211347517730497,False
dmv.1842,2.3875084593976723,2.3362347553784804,10,0,0,2.3080703160652427,2.354630602382746,2.3765497537964078,False
dmv.1843,2.3688215345881836,2.3686991384262455,10,0,0,2.3736226662552617,2.3908665106629283,2.4089707466349,False
dmv.1844,2.366835791641339,2.3647471189432117,10,0,0,2.374541689172539,2.427914803671042,2.569235907062426,False
dmv.1845,1.9955102040816326,2.139030054185037,0,0,10,1.9878645711158027,2.073490351171385,2.1274309623430963,False
dmv.1846,2.4022576284690125,2.3951750647008163,10,0,0,2.3860779646342625,2.4138521896873897,2.422989658048595,False
dmv.1847,2.3757979509647966,2.3377426544366404,10,0,0,2.3200906906703667,2.3526533704962906,2.3835222653444865,False
dmv.1848,2.3933508539760053,2.391734434544095,10,0,0,2.358569301175083,2.4006615587347064,2.4254891795970708,False
dmv.1849,2.3759736867376433,2.342511739620074,10,0,0,2.3263410347141353,2.35646114343914,2.371010823960309,False
dmv.185,2.866161035777216,4.07094668117519,0,0,10,3.8805103205061715,4.143310904378994,4.330092592592592,False
dmv.1850,3.467175572519084,3.576603250598463,1,0,9,3.4367433414043584,3.5491030816243594,3.751238850346878,False
dmv.1851,4.037290455011974,3.9854778790949004,10,0,0,3.4166184134337,3.763675852318319,4.033610573088755,False
dmv.1852,1.9669185032857972,1.917987765006757,10,0,0,1.7830521296283788,1.8270266066313599,1.9396335101614965,False
dmv.1853,2.4348888615901654,2.3698897551115747,10,0,0,2.3673756561587322,2.3868563876723465,2.400312704590199,False
dmv.1854,2.4102551116653674,2.344982982549485,10,0,0,2.3467827398516454,2.3650276269472537,2.376972282426903,False
dmv.1855,2.379093756126496,2.3774863047589863,10,0,0,2.3273965175762448,2.3981687279785646,2.4499768345364705,False
dmv.1856,2.387943690344405,2.3825894042246576,10,0,0,2.3045553543180723,2.399952723134085,2.5017894385792006,False
dmv.1857,2.3851661341683754,2.3817512470661932,10,0,0,2.3693730755667373,2.391501551046813,2.4003716804495143,False
dmv.1858,2.378628754953399,2.3522603342944293,10,0,0,2.3232594455582296,2.375217485465975,2.4274089953696696,False
dmv.1859,2.271036237089727,2.2582044721326064,10,0,0,2.1721164676728995,2.2920279368148657,2.335257443987188,False
dmv.186,2.300782256889576,2.088585831353738,10,0,0,2.000540827612417,2.2226519091542247,2.333975670759436,False
dmv.1860,2.242468172625038,2.2777418026279226,0,0,10,2.1931040990322757,2.253146433304484,2.30820530677974,False
dmv.1861,2.10090790652227,2.057044337920931,10,0,0,2.0640449588010985,2.116157835692056,2.1496488590958167,False
dmv.1862,2.403231038563119,2.3775609109618943,10,0,0,2.3706960956629515,2.3953065571332885,2.403405695422516,False
dmv.1863,1.0152941421870996,1.680063680874711,0,0,10,1.6143100412734148,1.6953702481285817,1.7513235934943652,False
dmv.1864,2.512521389845932,2.4418558080915234,10,0,0,2.3738017597107577,2.4231104030701154,2.4853854430283837,False
dmv.1865,2.8237274227688522,2.894606039171454,0,0,10,2.829822823608567,2.991399872953558,3.073273456132339,False
dmv.1866,2.359409695324806,2.3250092233649715,10,0,0,2.26650833354934,2.326235746304142,2.355048783170199,False
dmv.1867,2.383911104034679,2.3806268820386514,10,0,0,2.36709520194673,2.396009537486698,2.415215955798828,False
dmv.1868,1.8411335213491091,1.8472316747717983,1,0,9,1.7957420190424254,1.8568384780692828,1.891695759703135,False
dmv.1869,2.4054073602660235,2.4004973072290006,10,0,0,2.3704156088800845,2.4137560001455842,2.4422906073064086,False
dmv.187,2.477629002756524,2.477629002756524,0,10,0,2.338573438986508,2.3778508748144276,2.593168183350185,False
dmv.1870,1.0954834798423765,1.1579966795794134,9,0,1,1.005042120150034,1.0871610403984504,1.1370903277378097,False
dmv.1871,2.403775147611639,2.3637955690664674,10,0,0,2.354947179735762,2.380009915271343,2.390122970024199,False
dmv.1872,2.3816851296032238,2.3816851296032238,0,10,0,2.378185569698322,2.3956549068998165,2.4045889716893427,False
dmv.1873,2.426948335100625,2.383271228155475,10,0,0,2.3672167884162754,2.3932319920089085,2.413198449556918,False
dmv.1874,2.3828548089622523,2.3795687488622317,10,0,0,2.371568132721382,2.392042619127259,2.399082152213454,False
dmv.1875,2.2998308616818006,2.223142740225438,10,0,0,2.192370764134227,2.259674178267034,2.3174673962360735,False
dmv.1876,2.3796805034278257,2.377326516089924,10,0,0,2.3666791731057337,2.393087882764527,2.4290861597705637,False
dmv.1877,2.459200999962901,2.127927104811527,10,0,0,1.9675416004529929,2.117720166233208,2.177558214461698,False
dmv.1878,1.7896265422910258,1.745119669698729,10,0,0,1.681059179577049,1.745869990540701,1.7698503048860277,False
dmv.1879,2.3431268201074578,2.401643239775712,0,0,10,2.3545447015232734,2.3977028831095923,2.420297213334274,False
dmv.188,1.93549111250138,1.4444249143805048,10,0,0,1.3263501670764768,1.3784190596025168,1.4441988313086267,False
dmv.1880,1.984235040206078,1.9937181623456297,3,0,7,1.9449368488001681,2.003230048836644,2.051799356683551,False
dmv.1881,1.6438513757629922,1.6023521343441272,10,0,0,1.5239257855537438,1.5861251291043525,1.6519873877317026,False
dmv.1882,2.3831115735257367,2.3830667972088126,10,0,0,2.36722572068227,2.393742999689981,2.408354802039125,False
dmv.1883,2.4698953802750676,2.242268371288925,10,0,0,2.0028024020589075,2.1474212031600635,2.2108885054084766,False
dmv.1884,2.3848444900151358,2.346351539607052,9,0,1,2.110347807301793,2.44347806493003,2.568168673431831,False
dmv.1885,9.827193175968821,3.260369216015344,10,0,0,1.5456922027733575,2.1133356996428807,2.8641533277169335,False
dmv.1886,2.4238679278987707,2.394206457612834,10,0,0,2.4090591031757302,2.4193752030096167,2.468102066539269,False
dmv.1887,2.405368348768872,2.3840627265582084,10,0,0,2.3679782823314985,2.394214231512559,2.4118208890079806,False
dmv.1888,2.4908850045800395,2.447377816083221,10,0,0,2.395777532918834,2.445161903179912,2.472043448526806,False
dmv.1889,2.3617528467328426,2.335391360412637,10,0,0,2.2432211493205045,2.4458479606962644,2.6297771995446415,False
dmv.189,2.3844540892187416,2.3794827989850864,10,0,0,2.360763156936575,2.3926609664280334,2.448382927885257,False
dmv.1890,2.2503849179628834,2.2482582155067354,10,0,0,2.181604356704529,2.255921425220616,2.2984083144175096,False
dmv.1891,2.505299033498665,2.381716686876176,10,0,0,2.361881239186192,2.3914200489300725,2.4057120587668503,False
dmv.1892,2.4987900380628685,2.435372288260976,10,0,0,2.3471358092686545,2.4183199168980085,2.462021086748445,False
dmv.1893,2.1921842369866194,2.2366437815656566,0,0,10,2.0919474480569806,2.163176528262351,2.2688720781300034,False
dmv.1894,2.4918353586859516,2.4552373518548287,10,0,0,2.446461759364512,2.486496767015466,2.5674297883803097,False
dmv.1895,2.236457112084682,2.2311254497937805,10,0,0,2.077547191933404,2.11744701076429,2.241587437239611,False
dmv.1896,2.808118923360163,2.5815557203004573,10,0,0,2.5539528854980142,2.6978780215391343,2.8283161610330967,False
dmv.1897,2.3787919253943244,2.3662199321174704,10,0,0,2.357767652271701,2.3840084966767567,2.3927137547755954,False
dmv.1898,2.396581073368787,2.34024551802336,10,0,0,2.3273962488493405,2.356629821414315,2.421096258524776,False
dmv.1899,10.767765151515151,10.532382363838458,10,0,0,9.73107402652974,10.635142720377864,11.420324207058634,False
dmv.19,2.63900826446281,2.63900826446281,5,5,0,1.795142792894086,2.196480985370427,2.660113295568144,False
dmv.190,2.35507139488348,2.250938307961647,10,0,0,2.263477170025136,2.2798879941956587,2.2986015572350906,False
dmv.1900,2.8833332582611084,2.4555605180884323,10,0,0,2.46980450993545,2.49066838111205,2.5010660957007875,False
dmv.1901,2.401317327411856,2.375882955196615,10,0,0,2.3691337385743867,2.389292810644924,2.396826719554674,False
dmv.1902,2.4994293235170124,2.456961206460873,10,0,0,2.4500413250510444,2.489668287637928,2.520723830405025,False
dmv.1903,2.4776152593860665,2.454540730964678,10,0,0,2.454341790250715,2.499118846802446,2.5747972956768765,False
dmv.1904,2.3565105328886697,2.3176660081926257,10,0,0,2.2684283876633584,2.314505571554129,2.3378750939967947,False
dmv.1905,2.4958960328317374,2.461157586531423,10,0,0,2.2351636767680603,2.3433716337902455,2.5128707480087975,False
dmv.1906,2.373479972613684,2.373479972613684,0,10,0,2.3721843510880256,2.397595047923491,2.4086455052051,False
dmv.1907,2.1470266702419503,2.119916091321969,10,0,0,2.130852218059735,2.235874207891186,2.3396794713299918,False
dmv.1908,2.387596691165596,2.2215786337928605,10,0,0,2.180436704114979,2.2098127527742095,2.2484661817183924,False
dmv.1909,2.3952356818137135,2.3505464562877845,10,0,0,2.346690811991788,2.3728059705831797,2.3840434784499442,False
dmv.191,1.526915769474351,1.5191371844543053,8,0,2,1.4116232789468603,1.4829910124793484,1.5388229702432483,False
dmv.1910,1.167539159743067,1.3501759291070858,0,0,10,1.2866577854046244,1.3239474396258273,1.3443626583622337,False
dmv.1911,2.397825555860367,2.3924541559881143,10,0,0,2.3596432202581696,2.398247312256865,2.422856244488008,False
dmv.1912,3.50880350022935,1.6605660849962427,10,0,0,1.548594565132757,1.6586730916943533,1.7636115347781365,False
dmv.1913,2.444175136634708,2.439317185045631,10,0,0,2.402919212084035,2.421186402672676,2.504430303727911,False
dmv.1914,7.591500595752634,8.824828223024904,0,0,10,8.317693134695132,8.488479768643625,8.878357332167546,False
dmv.1915,1.0679347826086956,1.340153452685422,0,0,10,1.1196581196581197,1.3402713169279434,1.832167832167832,False
dmv.1916,4.688274958901056,1.7251871219112067,10,0,0,1.603406789755807,1.677095392144912,1.8157610748394755,False
dmv.1917,3.48983441376264,3.434400516947659,10,0,0,3.41937559218145,3.4650811092393705,3.641832882753809,False
dmv.1918,1.3834626666256267,1.7740978650496166,0,0,10,1.6708857796661976,1.7618328074380556,1.7826273445843022,False
dmv.1919,1.6628935285066473,2.3140603425690554,0,0,10,2.2299784376876466,2.2954631040498255,2.3483543947239456,False
dmv.192,1.5395932391205491,1.471054953470176,10,0,0,1.4278710590653414,1.477048104618746,1.5041277860428064,False
dmv.1920,2.3575405499239612,2.3541664530374655,10,0,0,2.383295162268632,2.39210661444901,2.413348216967343,False
dmv.1921,1.9539985328920946,1.9224566972333255,10,0,0,1.8960483894344582,1.9494519815077718,2.00045195513071,False
dmv.1922,2.396446454355378,2.3674208239318912,10,0,0,2.345245792164763,2.3783776975493844,2.3979806754223536,False
dmv.1923,2.598021976457355,2.664799176332709,0,0,10,2.583332301011027,2.6725964006458556,2.7294435511013053,False
dmv.1924,2.4539217823902333,2.4021807718579153,10,0,0,2.383599752485568,2.4123142352736964,2.424616706656941,False
dmv.1925,2.347319351103539,2.372475552862794,0,0,10,2.31727581672531,2.361627058426299,2.379841136731535,False
dmv.1926,1.9952105812051146,1.9689685026887949,10,0,0,1.8772868902013673,1.9109488456411072,2.010689194001898,False
dmv.1927,2.3817532260883887,2.3796519991804526,10,0,0,2.3754289519136376,2.393584739082986,2.403372391669276,False
dmv.1928,2.0578103831800445,2.3900870486511723,0,0,10,2.3451344877901055,2.394405724760884,2.4547030576041275,False
dmv.1929,1.6255082968310814,1.5080081537565522,10,0,0,1.5051591338468246,1.7460376756605795,1.9809946096331073,False
dmv.193,3.724102251978089,1.8472104818258663,10,0,0,1.7952878352209378,2.111127214832009,2.321206373292868,False
dmv.1930,5.210513347022587,4.013031376518219,10,0,0,4.134923738756355,4.417688107977284,4.543618392780404,False
dmv.1931,2.371041092350425,2.3698127433086618,10,0,0,2.3789192320287276,2.402537393056156,2.4288791058799046,False
dmv.1932,2.376861838263962,2.367492904326805,10,0,0,2.3655039222889584,2.3863024462853453,2.3979247086201765,False
dmv.1933,2.40456361833521,2.3789372420111574,10,0,0,2.3721336519252616,2.3965121582259084,2.404835228547545,False
dmv.1934,2.411495990388247,2.385695383746763,10,0,0,2.3918028139065104,2.413675834430135,2.4306933280843532,False
dmv.1935,3.0689127105666154,3.2771822358346094,0,0,10,2.4241960183767226,3.2327718223583464,3.8621745788667687,False
dmv.1936,2.4278498981628163,2.4180249772049707,10,0,0,2.319172247087782,2.3842130828686257,2.4751173216579714,False
dmv.1937,1.610008439346107,1.6085503716195115,10,0,0,1.6104111302172894,1.7003823167887857,1.7283739346352593,False
dmv.1938,2.4572994268651995,2.379856817644322,10,0,0,2.3647111756728094,2.394854046243359,2.4171899211360115,False
dmv.1939,1.5649593426589332,1.4583468567227253,10,0,0,1.4000445122726695,1.4199763061327855,1.4960927944334212,False
dmv.194,2.144301245636408,2.1123564494638667,10,0,0,2.1235054932789055,2.1757476566641287,2.212384705350735,False
dmv.1940,2.2152794406801957,2.037626336263859,10,0,0,2.0036697303678577,2.112859700772222,2.21436084496976,False
dmv.1941,2.3579638752052543,1.6787635700798726,10,0,0,1.5258601103821432,1.5557371380575389,1.6182440948384513,False
dmv.1942,6.552413144788687,1.986098564993604,10,0,0,1.7994320491272011,1.8569654009882468,1.936450796803329,False
dmv.1943,1.0648572435671484,1.0413149604405647,10,0,0,1.05754060324826,1.073479375112306,1.116081861296309,False
dmv.1944,2.4081217434104447,2.3867894617931475,10,0,0,2.37064281711255,2.398617372517803,2.4158753597270746,False
dmv.1945,2.4848274027977237,2.3704523174888887,10,0,0,2.359059644510029,2.389280916544778,2.4017318990637215,False
dmv.1946,2.393515423835244,2.393515423835244,0,10,0,2.3684021260340127,2.3987373273015544,2.480624414966003,False
dmv.1947,2.208454511360661,2.208105558568969,10,0,0,2.1575690959116236,2.273276523526376,2.3570268780255716,False
dmv.1948,2.3195942680704915,2.239440543144504,10,0,0,2.1839069210074644,2.2381733820724574,2.2829565865760606,False
dmv.1949,2.3905485844817465,2.3514838023606446,10,0,0,2.3415862790495523,2.3628640471831464,2.3733759051565584,False
dmv.195,2.380570443958189,2.3338004850903844,10,0,0,2.2983222890623995,2.353702595509981,2.4471213379939494,False
dmv.1950,2.395530590768324,2.350666034087944,10,0,0,2.3484638498268158,2.370876786842685,2.383070065225326,False
dmv.1951,2.5173416871783396,1.979476784696269,10,0,0,1.8468499033618688,1.864086618710247,1.9389954682085175,False
dmv.1952,2.3778237963628275,2.374504652653875,10,0,0,2.3781064555242097,2.3916088963093554,2.4055948022400444,False
dmv.1953,3.2139486103828,3.055333998005982,10,0,0,2.5817186183656275,3.2420015120364143,4.765940902021773,False
dmv.1954,1.632371353880022,1.8044014707056573,0,0,10,1.6865555476579714,1.724108675067951,1.7821151217460531,False
dmv.1955,2.080705475246972,2.1085972850678734,3,0,7,1.9506069485140225,2.1790506491532753,2.3453916325888646,False
dmv.1956,2.4483547849333887,2.4315778425788297,10,0,0,2.3945321884096025,2.4372884144704727,2.473698234300511,False
dmv.1957,2.3816543383429467,2.381563598548056,10,0,0,2.379793820695612,2.397465630378515,2.4076064891431934,False
dmv.1958,1.4672040330175613,1.2612717726477207,10,0,0,1.1127590517105554,1.2297571607383708,1.3869861220214716,False
dmv.1959,2.03164358584616,1.8673921730806762,10,0,0,1.7492049213626604,1.7858880839569389,1.8921928067851514,False
dmv.196,2.350696991929567,2.2203742203742203,10,0,0,2.036548546003496,2.40497570514246,2.537821782178218,False
dmv.1960,2.407830342577488,2.148471615720524,10,0,0,1.7956204379562044,2.190393151553583,2.4,False
dmv.1961,2.4468529627798308,2.42071525614339,10,0,0,2.4097489978340003,2.4369877933716153,2.444886694833122,False
dmv.1962,1.8088666162724327,1.7932955767371055,10,0,0,1.7447448031783568,1.7877568331022524,1.8248065430585352,False
dmv.1963,2.463691342295521,2.4307082988579896,10,0,0,2.410330107690368,2.4404772976470643,2.4482402816340385,False
dmv.1964,2.400190640377492,2.35219410940006,10,0,0,2.3515363548181676,2.372783951678985,2.396269768286081,False
dmv.1965,2.4257302246198917,2.3429143758871893,10,0,0,2.3430875663341695,2.364025912787224,2.3741845279300877,False
dmv.197,2.3975573592989177,2.3811268713211775,10,0,0,2.363416882827304,2.391409371467748,2.405679909575278,False
dmv.198,2.439355662221277,2.3679428132589604,10,0,0,2.368503269478626,2.4050803543559374,2.4863493139081823,False
dmv.199,2.4107115861303194,2.3966499139691324,10,0,0,2.3783848332981354,2.4101522135265054,2.428951338844885,False
dmv.2,2.502632110164211,2.524165464250622,0,0,10,2.4143468461221924,2.489865949300855,2.5117896190748,False
dmv.20,1.2813638411354775,2.4148049157560987,0,0,10,2.3299656659739183,2.4874736079470883,2.538416619381566,False
dmv.200,2.515030113763105,1.9496323758274137,10,0,0,1.7871444693828382,1.8796349037692286,1.9767728904847397,False
dmv.201,2.38540354179906,2.3823479088986814,10,0,0,2.3734593286785497,2.3972910511327563,2.405065848865366,False
dmv.202,2.2448388953444174,2.208550579084576,10,0,0,2.2025145840547666,2.278135615606593,2.3452233057073,False
dmv.203,1.2107399441960256,1.1094921558342472,10,0,0,1.0663676012004173,1.106241970220513,1.1206521864777075,False
dmv.204,2.64574548619619,2.6006822993993035,10,0,0,2.498247479997099,2.598079257182542,2.677837741799365,False
dmv.205,2.1406986508071797,2.1022299047550552,10,0,0,1.9882662832440647,2.0503328095314832,2.1119115540330116,False
dmv.206,2.381333114825372,2.3800632057939977,10,0,0,2.3791841378422083,2.3969491859708185,2.408806309891134,False
dmv.207,1.8808861103473338,1.7973464041240599,10,0,0,1.7091616817213477,1.775563033403904,1.8285415937171727,False
dmv.208,2.3923084611404777,2.2865705106868957,10,0,0,2.2837146260372743,2.304692629410896,2.311670294944818,False
dmv.209,4.757364384170742,2.387107119948685,10,0,0,2.2811513092144713,2.445212477420831,2.571370634622606,False
dmv.21,1.3159085627621971,1.5807297597096828,0,0,10,1.4356052519214346,1.459174324334966,1.5845360824742267,False
dmv.210,2.4610466160462168,2.4047600709182175,10,0,0,2.3814330492678875,2.4139020323927327,2.4241604257577545,False
dmv.211,2.3628573541139626,2.462248211337369,0,0,10,2.357310901345445,2.426745437322394,2.458030868886212,False
dmv.212,1.8607366210238538,1.8594421146021833,10,0,0,1.8531841712663064,1.9064386045492125,2.0156804094446823,False
dmv.213,2.2627621746185973,2.2035093107701758,10,0,0,2.055238280058773,2.2033794649109675,2.3278818074294265,False
dmv.214,2.722304017273312,2.54939713898255,10,0,0,2.5058798023486015,2.557179189482194,2.586092571667758,False
dmv.215,2.3354626431557897,2.294953644986692,10,0,0,2.2133482642777156,2.26429882051065,2.3852400579258104,False
dmv.216,2.3828548089622523,2.3795687488622317,10,0,0,2.371568132721382,2.392042619127259,2.399082152213454,False
dmv.217,2.30240273676397,2.303778215519747,8,0,2,2.2320110628951872,2.282810323001334,2.349962448613893,False
dmv.218,2.455914606918652,2.42955641503903,10,0,0,2.3968949025451223,2.426177549973055,2.467237468056315,False
dmv.219,2.3823446547641773,2.382347148069391,0,0,10,2.379206236059693,2.396317069537769,2.4055696001342532,False
dmv.22,2.4436843477892793,2.404062150181346,10,0,0,2.3740435163841966,2.396187951872106,2.4343649965994105,False
dmv.220,2.42035342705167,2.339752703606786,10,0,0,2.3440093094975114,2.3589475707019045,2.3786043397855194,False
dmv.221,2.393714277407712,2.287516884896931,10,0,0,2.293840842079195,2.315687703036434,2.3221287599991136,False
dmv.222,2.236262216775086,2.6000635765073845,0,0,10,2.4529507066528784,2.5620853301089372,2.6349346821494164,False
dmv.223,1.9941864587025877,1.7955952760932015,10,0,0,1.6795091878013464,1.727368529576912,1.8695290950782626,False
dmv.224,1.9051250463898397,2.0270291021468076,0,0,10,1.9450418757383838,2.0514822674325615,2.2013537739501254,False
dmv.225,2.670071730020729,2.9702924306457033,0,0,10,2.76482033385321,2.8726287552482086,2.9954369220345223,False
dmv.226,2.404064390318226,2.397758532621852,10,0,0,2.379970016647199,2.4050813277169896,2.4160230391759825,False
dmv.227,2.24073762575016,2.1906703234910294,10,0,0,2.095524319387004,2.1706657145843136,2.201097471923587,False
dmv.228,2.3770199120620608,2.372071867711838,10,0,0,2.360867339984924,2.3788549002293786,2.4121650905525516,False
dmv.229,2.401046606971373,2.3703539150568105,10,0,0,2.3572566981991523,2.3841074919283898,2.3901679960030893,False
dmv.23,2.402890113127459,2.513448069383088,0,0,10,2.5077451450834336,2.5438077999448505,2.5739987360609953,False
dmv.230,2.410581378522585,2.3394535545250275,10,0,0,2.306506416507047,2.3421071157555495,2.384025090205989,False
dmv.231,2.3806151619925195,2.380617141802151,0,0,10,2.378189895725482,2.397890334720393,2.4093629725269397,False
dmv.232,2.333501349043866,2.305699110302056,10,0,0,2.269925913627835,2.308040931048745,2.327307451232433,False
dmv.233,2.3834452054064994,2.3801581549482824,10,0,0,2.3706334274067107,2.3918931387876063,2.4001504179719015,False
dmv.234,2.201780753490084,2.159780964170277,10,0,0,2.1274651763410812,2.199525821346289,2.322238654219429,False
dmv.235,2.385478329627701,2.3367338456771933,10,0,0,2.302140759297655,2.3487062314936322,2.3983794291881133,False
dmv.236,4.198359433258762,1.996807944671041,10,0,0,1.8364184946587294,1.9185702842486316,2.1105904404873477,False
dmv.237,1.983432916892993,1.866342959366215,10,0,0,1.4418558736426457,1.5443036067182077,1.7563732563732564,False
dmv.238,2.4083761651195017,2.3794744682216598,10,0,0,2.3646198735887363,2.390354254609702,2.4080247462794575,False
dmv.239,2.6010639093107484,2.517763771788467,10,0,0,2.498688571090039,2.5304577493905116,2.5440810181433555,False
dmv.24,2.380084083579976,2.3800826001405686,9,1,0,2.3770908088136884,2.397189474355795,2.4088396872313176,False
dmv.240,2.4398965109350215,2.4140969251450985,10,0,0,2.4136643761879215,2.4347773197916007,2.4459778580144027,False
dmv.241,5.164516129032258,2.5906925174552757,10,0,0,2.4655705913388184,2.6526428522112164,2.7949696107590842,False
dmv.242,2.4019159724729184,2.377375949615297,10,0,0,2.362348928084316,2.3915667222901167,2.408603941261314,False
dmv.243,5.369515850667636,7.55650150841131,0,0,10,7.04027916726216,7.3450937271939924,7.828706891984956,False
dmv.244,1.9270348511747677,1.8895242157825238,10,0,0,1.8162851207650816,1.8444761548059279,1.9017103460467584,False
dmv.245,2.744091288616755,2.4845176273263876,10,0,0,2.3981211046877036,2.461487686299665,2.5545127431309798,False
dmv.246,6.998648648648649,6.92379679144385,10,0,0,6.008120649651972,6.988383413767752,8.421138211382114,False
dmv.247,2.0841749072179954,2.0652551878855863,10,0,0,2.095859335298303,2.139329771892325,2.2126088001510755,False
dmv.248,2.3821000806687445,2.362885543491606,10,0,0,2.3570835931523355,2.3773334568547977,2.3845749965916836,False
dmv.249,1.4866706096251998,1.4688241701955749,10,0,0,1.4119556171983356,1.5367443834854717,1.6601084430673896,False
dmv.25,2.289517763521549,2.2665865185308016,10,0,0,2.206257868741324,2.3631159126303682,2.534375985018449,False
dmv.250,2.31806245287434,2.200705963665087,10,0,0,2.106667233769057,2.344145581357785,2.462341952197617,False
dmv.251,2.373754110018696,2.327701405624762,10,0,0,2.2988218861740166,2.331657943453621,2.34078388998855,False
dmv.252,2.3826259878795915,2.38258400984113,10,0,0,2.3776986947888044,2.399162368656443,2.4105049952042643,False
dmv.253,2.3823232469584856,2.3749032110182964,10,0,0,2.37045669276861,2.390140890185712,2.4026706418723167,False
dmv.254,6.815795952533359,6.3062414578587696,10,0,0,5.8180060524546064,6.254241579854794,6.729968883702839,False
dmv.255,8.404761904761905,9.166666666666666,0,0,10,7.904761904761905,8.36904761904762,8.785714285714286,False
dmv.256,2.757697194800117,2.7563501367721766,8,2,0,2.4474323386537127,2.8186826885170637,3.0005317451877063,False
dmv.257,2.3408193719317385,2.3966484124058764,0,0,10,2.3390868837504835,2.391184155565267,2.401695512851263,False
dmv.258,2.2500327690337674,2.207039787955811,10,0,0,2.1286605490585115,2.2637193083288754,2.334304408541975,False
dmv.259,2.3816623348880266,2.2848430033357783,10,0,0,2.28929688627274,2.3036674438336866,2.319964615664013,False
dmv.26,2.505299033498665,2.381716686876176,10,0,0,2.361881239186192,2.3914200489300725,2.4057120587668503,False
dmv.260,2.403951467844823,2.3536429162014825,10,0,0,2.3612581344495753,2.3974637904905816,2.427666016528416,False
dmv.261,2.494680224654738,2.4702599514404118,10,0,0,2.4320345896973614,2.478148904894131,2.503914124923662,False
dmv.262,2.2852054686075296,2.2289970919209456,10,0,0,2.182140502042742,2.2052519809313993,2.2491104168362352,False
dmv.263,2.4314387230793084,2.4030078496049767,10,0,0,2.39314506426898,2.4160536187240655,2.4560732917607853,False
dmv.264,3.9531699459210676,3.9531699459210676,0,10,0,3.8280779944289693,4.010639511965287,4.168527056539675,False
dmv.265,2.7043539325842696,2.637991573033708,10,0,0,2.351825842696629,2.4415379213483144,2.673806179775281,False
dmv.266,2.381510076307959,2.3796408968994,10,0,0,2.3726543246830234,2.3961043425499184,2.4060482692978242,False
dmv.267,2.3321427192912134,2.2997378836132976,10,0,0,2.266159849397373,2.2942056462177978,2.328461300167342,False
dmv.268,1.3436350174043048,1.2348295829324825,10,0,0,1.204935444889652,1.2479001090205166,1.2863913521734998,False
dmv.269,2.3922142829681947,2.3563329322865725,10,0,0,2.326040442116251,2.355303569903708,2.371793354557896,False
dmv.27,2.3867233248412876,2.319338091223237,10,0,0,2.3209112540449692,2.3417136210360447,2.3591595365405977,False
dmv.270,1.6608855838482912,1.6599447054549485,10,0,0,1.6502203721841333,1.693585601455933,1.8030297963415043,False
dmv.271,2.3570383233464525,2.212990364596462,10,0,0,2.1905838333366954,2.242461851374131,2.2822163865081437,False
dmv.272,2.428630477605193,2.3915472911330222,10,0,0,2.37498431932817,2.3956068412342257,2.413796286253738,False
dmv.273,2.4360098609394685,2.395383434240642,10,0,0,2.348362914003345,2.3873619329237616,2.411938210540181,False
dmv.274,2.3801510175499545,2.3775243665943466,10,0,0,2.371450836062662,2.395449532910264,2.404139558264641,False
dmv.275,2.4667816718116335,2.416938980055392,10,0,0,2.3773024684756505,2.4525625965716076,2.5672376720785492,False
dmv.276,2.367132864163541,2.3099290462765456,10,0,0,2.3012652271010405,2.3219893508309175,2.3361917187469445,False
dmv.277,2.378364897556474,2.3683658060643813,10,0,0,2.304365476762118,2.353724461900624,2.3774977143310303,False
dmv.278,2.3124255498213198,2.2963072711398658,10,0,0,2.2519014983721477,2.316730803083879,2.3506223138446023,False
dmv.279,2.3827096992181227,2.2339010136222055,10,0,0,2.20946038091335,2.250623565976211,2.265251270468662,False
dmv.28,3.06262918561389,2.976496584973885,10,0,0,2.7347729789590254,3.0037833184018674,3.142523860021209,False
dmv.280,2.4268945859756372,2.4266165185080824,10,0,0,2.41940701652545,2.4391900263263295,2.446824110593715,False
dmv.281,2.3900404964786657,2.333874048363228,10,0,0,2.324971491213559,2.3493596922713302,2.3673001880912943,False
dmv.282,2.3971057871043335,2.3472041009538556,10,0,0,2.313078039365563,2.3453332725357017,2.3596990008852914,False
dmv.283,2.382390191833346,2.3797609514824156,10,0,0,2.364456684984715,2.3921533646038142,2.4087659841606888,False
dmv.284,2.3405480124318947,2.396068316180614,0,0,10,2.3486531315277777,2.393129169304112,2.412877638362987,False
dmv.285,4.162559241706161,3.8616292946422965,10,0,0,3.5158117458683593,3.86442081621217,4.157773720159599,False
dmv.286,2.2438246067561463,2.187595929117103,10,0,0,2.106367033336132,2.2024022118072883,2.236961319808271,False
dmv.287,2.4027305741861604,2.377067217809664,10,0,0,2.371662940642541,2.3964083647296035,2.4046727745862464,False
dmv.288,12.723417547542294,2.5899758884152484,10,0,0,2.347192513368984,2.4919773197582655,2.742424242424242,False
dmv.289,2.3795777848875193,2.377110619277722,10,0,0,2.375339703754141,2.3955183639544098,2.4034965084695705,False
dmv.29,2.6730247209278697,2.1958263772954925,10,0,0,2.0216834003963395,2.185962011806585,2.3340875241626264,False
dmv.290,2.4565472495707055,2.4166096094129554,10,0,0,2.4011726462929226,2.4323270854920462,2.4484124502913738,False
dmv.291,2.36604645204368,2.423734569594994,0,0,10,2.3604678092606033,2.414678196667715,2.4278145927506283,False
dmv.292,2.3818071988076897,2.3810489827049164,10,0,0,2.367012070138389,2.395150365759577,2.4124699257276436,False
dmv.293,2.383161214917312,2.383161214917312,0,10,0,2.3673888956838933,2.393619661952709,2.408522715835665,False
dmv.294,3.665296374184958,3.6043896659946375,10,0,0,3.5447131206181144,3.6352753527990513,3.8295645261019344,False
dmv.295,2.3845769026544787,2.352318574570137,10,0,0,2.31704197065508,2.3938773547836796,2.513599652144952,False
dmv.296,2.465941662861085,2.4295290609458986,10,0,0,2.3610942489597795,2.4116759139750013,2.454832555091539,False
dmv.297,2.61482693855648,2.4447545828100097,10,0,0,2.403422094491503,2.4404178667252596,2.5065569497837785,False
dmv.298,2.600541630426188,2.4196201623671616,10,0,0,2.208193177164112,2.324280473040109,2.4043109246154746,False
dmv.299,2.2596464285874656,2.229541970528032,10,0,0,2.222223367110818,2.245972510394246,2.283465531636839,False
dmv.3,2.3371616078753075,2.2675222603591503,10,0,0,2.1564444023937366,2.2658120614568364,2.3112102621305075,False
dmv.30,1.2730654761904763,1.2102725965024905,10,0,0,1.1108874157732493,1.1930198663897555,1.221570933176544,False
dmv.300,2.380189899059556,2.3801919507899827,0,0,10,2.3734378898224393,2.396062553988167,2.4044213736735607,False
dmv.301,2.3133394361899398,2.416212950904555,0,0,10,2.3490961164613493,2.4107245490983606,2.487908217565245,False
dmv.302,2.5264140875133405,2.489221871713985,10,0,0,2.463639911538962,2.59133230573293,2.7735793790275336,False
dmv.303,2.105824181114221,1.9801474392136575,10,0,0,1.9213899817404891,1.9494264988554288,2.046913019064681,False
dmv.304,2.383173753853225,2.3831753552910007,0,0,10,2.3664870075592948,2.396123796564771,2.4131075952209335,False
dmv.305,2.2283742938216635,2.369666663530563,0,0,10,2.3054493212375995,2.358569655184768,2.3899464139992994,False
dmv.306,2.4107774327602356,2.366816149273759,10,0,0,2.342948342115683,2.3759148491549524,2.38851386482607,False
dmv.307,1.2286002412354418,1.1646485473289596,10,0,0,1.2139814778633113,1.2801536079512246,1.3440771826598599,False
dmv.308,2.3960762630126053,2.3282994934111128,10,0,0,2.3014818163231405,2.354045574296841,2.3749762025441643,False
dmv.309,2.4267362914530284,2.4186840141762427,10,0,0,2.401068893759628,2.427663671458233,2.439921469501369,False
dmv.31,2.3968665832741696,2.3942561245022302,10,0,0,2.355155425425601,2.3932815180725395,2.4694273647749756,False
dmv.310,2.429644598690858,2.426259165639558,10,0,0,2.3135561314637787,2.382147825882747,2.436239456798307,False
dmv.311,2.3986999444841692,2.3872296538021756,10,0,0,2.3908061147184414,2.413112421678129,2.428314852236837,False
dmv.312,2.7179191813543273,1.9308231041494088,10,0,0,1.853087427042411,1.9144851525194548,2.0354150752669584,False
dmv.313,2.405712853243827,2.384403907256041,10,0,0,2.368309627855733,2.394681648292681,2.412449774834084,False
dmv.314,2.24971098506271,2.229784313806307,10,0,0,2.1440645051343328,2.2302365166294127,2.2495332465663997,False
dmv.315,2.674231893985704,2.583003067154741,10,0,0,2.5405025940964108,2.593978587406607,2.6340514853132784,False
dmv.316,2.460061186869695,2.2331231057684984,10,0,0,2.2168248314205683,2.2483601527571624,2.2681275852849123,False
dmv.317,2.376069552164123,2.370746197866936,10,0,0,2.3664191563052848,2.3892370797750724,2.444411556527894,False
dmv.318,2.1608587976606066,2.266074538074324,0,0,10,2.1805317275139537,2.2565585622814575,2.321411611426345,False
dmv.319,1.0838323353293413,27.833333333333332,0,0,10,15.181818181818182,19.647058823529413,23.857142857142858,False
dmv.32,2.4125379605812163,2.2786485630012434,10,0,0,2.2477126601538653,2.2972138193471583,2.349557132862934,False
dmv.320,2.268029193741024,2.3502427032417432,0,0,10,2.288206418177143,2.333181055462368,2.3944226818527583,False
dmv.321,2.5087480230456394,2.0966978626981225,10,0,0,1.92200423002234,2.073867566450846,2.2235370684422304,False
dmv.322,1.1406916153481763,1.1402564945741533,10,0,0,1.0999479768052682,1.1656813965632922,1.2303499957421442,False
dmv.323,2.4017833729698927,2.380507569155724,10,0,0,2.365456316887354,2.394667158101032,2.4118358164689226,False
dmv.324,2.434507570018705,2.402796194715119,10,0,0,2.3924252875648366,2.412554834698221,2.423930173327174,False
dmv.325,2.4705498057284325,2.386204377137923,10,0,0,2.3260701979438765,2.375197545726642,2.4173408569286785,False
dmv.326,2.3759754263314012,2.333442347325011,10,0,0,2.3272466839371146,2.3517915459042085,2.363316981841047,False
dmv.327,1.9912097476066144,4.055122297057781,0,0,10,3.7463566399214017,4.149633026828797,4.381271543469935,False
dmv.328,2.3828157201540003,2.367368897338719,10,0,0,2.3633333588882532,2.381295868561099,2.389589994253303,False
dmv.329,2.4305226226623606,2.4210672566182523,10,0,0,2.254049751243781,2.344798511103273,2.4399732879515734,False
dmv.33,2.448650959650394,2.4091533065501305,10,0,0,2.393803695683322,2.4354044628408813,2.4768925094634375,False
dmv.330,2.3809783003434455,2.3790687974820384,10,0,0,2.3700294893850047,2.3958703618274177,2.4041080357616416,False
dmv.331,2.3766130459325874,2.3673684243580713,10,0,0,2.366151867094375,2.3853711764118453,2.400710289603613,False
dmv.332,1.8758660556453843,1.8434034495533693,10,0,0,1.7610661926634368,1.8209838421045523,1.903631973610379,False
dmv.333,2.3773927011233256,2.354426423532739,10,0,0,2.349828438198028,2.3733485502449208,2.385255328066722,False
dmv.334,4.207739504569872,2.2111776479150613,10,0,0,2.1376662010450618,2.216293177554913,2.3827316763739117,False
dmv.335,2.377822124526556,2.3397561493598786,10,0,0,2.341668892074098,2.3782427850592573,2.4075633877791165,False
dmv.336,2.425424995224773,2.3765684810399206,10,0,0,2.355538732766587,2.3853760374525246,2.40014843510759,False
dmv.337,3.9338781575037145,3.2399702823179792,10,0,0,3.150074294205052,3.24777117384844,3.4769687964338782,False
dmv.338,28.082696018869274,2.05070591612516,10,0,0,1.983066673396255,2.173739680515724,2.3195015112874278,True
dmv.339,2.5250632606338113,2.532998912123776,1,0,9,2.447357664233577,2.5202838678534043,2.5959120470733974,False
dmv.34,2.311834124879212,2.424768389359253,0,0,10,2.3472891017669073,2.4111855400355644,2.4483684572946522,False
dmv.340,2.3812061109402607,2.3614419863991554,10,0,0,2.3424717521203813,2.371113342265631,2.388533651240923,False
dmv.341,2.0439592715880166,1.9866274090535072,10,0,0,1.8010931124779246,1.8314255846630723,1.9992845795919287,False
dmv.342,1.6270339908255795,2.0029999825073905,0,0,10,1.9744483593036022,2.020715082116006,2.066967119652694,False
dmv.343,2.387407478221585,2.34828199412006,10,0,0,2.3185275257058584,2.3462320430550068,2.366543390023817,False
dmv.344,2.383537896233577,2.3808854251451517,10,0,0,2.364627992874608,2.3943045756526886,2.411122030161919,False
dmv.345,2.3581264918459666,2.2805168222277468,10,0,0,2.230180279733527,2.309960798252791,2.4013605210911364,False
dmv.346,2.3817096785359935,2.3816689534946764,4,0,6,2.3821691733549577,2.397348379415641,2.408676011902628,False
dmv.347,2.3253247634150562,2.176242610771391,10,0,0,2.153257368850808,2.1895434149224817,2.227047393757742,False
dmv.348,1.6075225409677742,1.8311235984721808,0,0,10,1.75750619797188,1.8122373140455432,1.8713458576455642,False
dmv.349,2.379792771258499,2.375791804363557,10,0,0,2.374905614494976,2.3937856795630212,2.4035619752024524,False
dmv.35,2.380685571488624,2.380559925380407,10,0,0,2.373002590718649,2.39509396398385,2.401820432211143,False
dmv.350,2.3550450995033723,2.4537942566537034,0,0,10,2.343935098839315,2.416191467479834,2.4827413856872957,False
dmv.351,2.4320534055554313,2.375225976535602,10,0,0,2.3694610660921294,2.4048697030424977,2.472094846012875,False
dmv.352,2.263173504695996,2.2620381420025693,10,0,0,2.2775785096558585,2.3224739129413576,2.4574266037621593,False
dmv.353,2.4229888273040405,2.3853551059752363,10,0,0,2.300393419763948,2.397166903304968,2.5853863303513958,False
dmv.354,2.424650181484675,2.388860843889894,4,0,6,2.377880194779632,2.399977293920549,2.41937137147213,False
dmv.355,2.4025958248889263,2.367444617768264,10,0,0,2.353175100460176,2.3850218568406256,2.393827217250691,False
dmv.356,2.442148510176325,2.4071800864913033,10,0,0,2.394177546070688,2.4181960206819473,2.4285239059280994,False
dmv.357,2.454782077785752,2.353304803883565,10,0,0,2.3466841423517426,2.4065717258789103,2.543376208285705,False
dmv.358,2.3808071847508865,2.3807185863346207,5,0,5,2.3803836642718132,2.39710019811207,2.4077188608322384,False
dmv.359,2.3993325014041402,2.393573599450256,10,0,0,2.3849345949281657,2.411954187585038,2.4320425921950437,False
dmv.36,1.5589638157894736,1.4915027537372147,10,0,0,1.3414870028777657,1.4163314789516384,1.5550421087170514,False
dmv.360,2.4044605274888173,2.34976414016011,10,0,0,2.3045705765274183,2.340169543872581,2.3563308312587004,False
dmv.361,2.2296635283548434,2.2009659794305305,10,0,0,2.1532466322540826,2.1875384934133053,2.2306688885035024,False
dmv.362,2.6336551589623562,2.4207273650818943,10,0,0,2.3524131790040146,2.406622209336203,2.451161010833561,False
dmv.363,1.5847272783424762,1.566673790750395,10,0,0,1.5216739650468547,1.5717167183827123,1.607122443173662,False
dmv.364,2.4213469494110793,2.220316686443909,10,0,0,2.1473995793628124,2.230130207138862,2.39450354096576,False
dmv.365,2.3837496647779934,2.383809708062168,1,0,9,2.380514832164106,2.397884083277538,2.4066548762735294,False
dmv.366,2.380652224084532,2.379892131133206,10,0,0,2.3638109588327243,2.393772578835738,2.410441192500545,False
dmv.367,2.3997057073302677,2.3488978461030117,9,0,1,2.3678558998678314,2.41241711190687,2.4682203531294444,False
dmv.368,2.3963928526228044,2.3951545316708356,10,0,0,2.383399859135448,2.4022491479823005,2.4205300883892074,False
dmv.369,1.5955821445006904,1.5892922625595893,10,0,0,1.3210393964794636,1.4600016432208855,1.796476683937824,False
dmv.37,2.3800705154346415,2.380072480218596,0,0,10,2.380115215072194,2.397891821441782,2.407905121504506,False
dmv.370,2.4425199930733656,2.404855826983046,10,0,0,2.381428736038016,2.4091244084534855,2.427804011460598,False
dmv.371,2.3807765649408585,2.3731845108807237,10,0,0,2.364049664263944,2.388964239864965,2.398121504054707,False
dmv.372,2.4074623836938387,2.2477036860312536,10,0,0,2.1960579312708886,2.302750435522988,2.4364313313861508,False
dmv.373,1.228381374722838,1.3148558758314857,1,0,9,1.0824,1.4168514412416853,2.5535846267553586,False
dmv.374,2.6362641532040656,2.605123570317865,10,0,0,2.492113052539378,2.5648594958436512,2.620502518946687,False
dmv.375,2.393811250980675,2.305129807041725,10,0,0,2.292422824065058,2.322689355472038,2.3361433260528646,False
dmv.376,2.1116922046654016,2.0484586948788146,10,0,0,1.9439731094410522,2.183506593101558,2.3851279557692653,False
dmv.377,28.44047619047619,12.573684210526316,10,0,0,7.261398176291793,10.16669383024574,13.88953488372093,True
dmv.378,2.373192151468192,2.3682483580940183,10,0,0,2.3709150977192213,2.3935636316339926,2.442711851968565,False
dmv.379,2.1135315545873783,2.1552678691248817,3,0,7,1.9681044395136793,2.052041268868301,2.1161564339781327,False
dmv.38,1.8114401139033904,1.7257413513602928,10,0,0,1.7401822599567425,1.7972107471087355,1.8858353116978586,False
dmv.380,2.282436744281838,2.3640347487363393,0,0,10,2.2415471044921373,2.323657517041771,2.346162814600726,False
dmv.381,2.3974175616601006,2.3760565724791083,10,0,0,2.3598162127704008,2.3858726284855662,2.4038752746560674,False
dmv.382,2.43329381925,2.343555535592239,10,0,0,2.3361893452215408,2.3580156434963384,2.367556469922298,False
dmv.383,4.757668518050997,4.747929329512172,10,0,0,4.505977643612888,4.940117073482144,5.2638176041339335,False
dmv.384,2.2691284981172126,2.105018110363234,10,0,0,2.081495322069289,2.118475792142709,2.1592723435985706,False
dmv.385,2.3868173965159825,2.38316603084423,10,0,0,2.3692725568150257,2.39496161570881,2.4078881030966035,False
dmv.386,2.3483961454315367,2.3089921282021924,10,0,0,2.287641845822726,2.323443318457282,2.4026195569547517,False
dmv.387,2.5041639662204638,2.4920300544778633,10,0,0,2.492208922129959,2.52077976976408,2.561696116033463,False
dmv.388,2.505703442845269,2.3727120273684683,10,0,0,2.3536201985968734,2.3837859941509194,2.3993879254514336,False
dmv.389,2.278282857421823,2.332352333159926,0,0,10,2.2702099408176735,2.310930893114042,2.3400564447339045,False
dmv.39,2.483240370312721,2.3469817423666726,10,0,0,2.367758045278542,2.3830874490683827,2.4088637390855676,False
dmv.390,3.1853429300933263,3.126622412107529,10,0,0,2.9788243527662135,3.0987016180970555,3.213351540989431,False
dmv.391,1.5091850022343845,1.3651024767848954,10,0,0,1.3138755140202554,1.3574677921203928,1.391939833496203,False
dmv.392,2.3837864016795205,2.3837910402776488,0,0,10,2.3738156297791155,2.401382720980148,2.40973052459121,False
dmv.393,2.514114033294954,2.5098428378078097,10,0,0,2.434703585583202,2.483163279622991,2.515608058789764,False
dmv.394,2.37944099404285,2.3638488549315055,10,0,0,2.346623126000527,2.3748370945610233,2.393447872189191,False
dmv.395,2.6587705594270568,2.5915580915880336,10,0,0,2.4213298590851324,2.6029038163208273,2.81182705873617,False
dmv.396,2.4334545747181675,2.4315425773035626,10,0,0,2.403144988831859,2.440456655529223,2.461319625862867,False
dmv.397,2.400464149125386,2.3839753786388003,10,0,0,2.367691453809001,2.3942641357852597,2.4082443537352214,False
dmv.398,2.286761656212712,2.2594981400920497,10,0,0,2.239462847358916,2.279515231440172,2.3746604116142542,False
dmv.399,2.57071500217834,3.2727565880273968,0,0,10,3.079024331047873,3.211552397009436,3.351367415811963,False
dmv.4,2.0019065867806805,1.4719263752939487,10,0,0,1.3571481657408933,1.3836299706649569,1.4703289701696838,False
dmv.40,2.267460090623494,2.231558505755243,10,0,0,2.1633130396684863,2.222937318266103,2.2802437466852834,False
dmv.400,2.378582198363366,2.35245404770124,10,0,0,2.3342057317127787,2.365241277558738,2.3810647143338204,False
dmv.401,2.4263904953843562,2.4150026789828813,10,0,0,2.3955817025969,2.422142703044271,2.4332824640108397,False
dmv.402,2.1088067837674136,1.961513845821014,10,0,0,1.9215875875345503,1.9798163295648128,2.0277744126883546,False
dmv.403,1.9789555407861381,2.0367809968885067,1,0,9,1.8630136986301369,1.9563690676982426,2.0137415910559957,False
dmv.404,2.384559847351864,1.4950492496519003,10,0,0,1.4809705533494921,1.5377494714042597,1.5743128255376206,False
dmv.405,2.2459686662407834,2.3810710424027124,0,0,10,2.2989831777134295,2.35620508119871,2.3831046969462633,False
dmv.406,2.6253728475950697,2.7971603089618324,0,0,10,2.740940135752816,2.9443048337917337,3.0144772740465546,False
dmv.407,2.3330194174228773,2.163169716088328,10,0,0,2.0559835743137573,2.1626239435393604,2.2311080107448515,False
dmv.408,2.4069738383202175,2.3259580379229465,10,0,0,2.3146795263742748,2.3416969420010867,2.350882524788778,False
dmv.409,2.380072837902357,2.3405133468544332,10,0,0,2.3393000864865456,2.3688152693965425,2.438781537423002,False
dmv.41,2.379406896418079,2.379406896418079,0,10,0,2.3784585963766225,2.397384003664593,2.407215281087287,False
dmv.410,2.4800607146694986,2.3613689579515786,10,0,0,2.345091705590747,2.3772630872392178,2.3951852788301533,False
dmv.411,2.381380360392732,2.3812714224997276,10,0,0,2.379439788667867,2.3963882599291693,2.4070977428310973,False
dmv.412,2.3803167531406464,2.3803167531406464,0,10,0,2.376820525735511,2.396775360794038,2.406363231102689,False
dmv.413,2.1802199195681315,2.1802199195681315,2,8,0,2.163640449438202,2.4968852717540644,2.7659293306521113,False
dmv.414,1.686884451113933,2.0363274571198056,0,0,10,1.9874173806609547,2.0400054924791586,2.089646060217809,False
dmv.415,2.312632535595274,2.3035227378712153,10,0,0,2.074036385909969,2.118219347493596,2.3135882741899936,False
dmv.416,2.385588895476876,2.385540905813558,10,0,0,2.3782844237501966,2.400288792304279,2.4103410317496827,False
dmv.417,2.380559545177972,2.3779325203557446,10,0,0,2.3732475681045586,2.3956873798201066,2.404677787022416,False
dmv.418,2.383161214917312,2.383161214917312,0,10,0,2.3673888956838933,2.393619661952709,2.408522715835665,False
dmv.419,1.85387728589987,1.7630972463113879,10,0,0,1.7969972151592202,1.9734957284150223,2.1671022851719353,False
dmv.42,1.5796386033241248,1.3828922588958272,10,0,0,1.3423387019184514,1.461896376662283,1.529254444614946,False
dmv.420,2.520362271624822,2.307501454629508,10,0,0,2.3120578827889,2.3352880498247206,2.3517180664603177,False
dmv.421,10.724148167268973,2.231197838906134,10,0,0,2.158015027283376,2.2358488281609192,2.4064590682398737,False
dmv.422,2.379295456680101,2.379254688473405,4,0,6,2.3806934934768824,2.3958304220244497,2.406823811675928,False
dmv.423,16.573203013642843,3.7380761016832387,10,0,0,3.5552012579989953,3.8157783931155747,4.0349503011674885,True
dmv.424,2.172114654954354,2.137547309644096,10,0,0,2.147949177112646,2.1997523413720117,2.2832944560606245,False
dmv.425,2.3979370986264614,2.3789535564986064,10,0,0,2.361311584143204,2.3892276360646982,2.4058937606544015,False
dmv.426,1.9536691986497905,1.8500722794703113,10,0,0,1.7949576617590808,1.8229825244202447,1.9640909482599436,False
dmv.427,2.3889821810824285,2.3525896721134743,10,0,0,2.2957277095849444,2.3542995099882944,2.4244097924850214,False
dmv.428,2.4005024530758807,2.4001236207735506,10,0,0,2.2391632415189253,2.3401439375663386,2.608378115710039,False
dmv.429,2.3841007499866245,2.3828721783445954,10,0,0,2.366746577425672,2.391513840769548,2.4080375465163057,False
dmv.43,2.381375197048738,2.3756278452446318,10,0,0,2.3715820261923093,2.3893627028181212,2.4006654154357507,False
dmv.430,2.2668139138080834,1.9769486388285344,10,0,0,1.8687199047306744,1.9765179909662773,2.1123835536262985,False
dmv.431,2.397939164984042,2.3748425162034437,10,0,0,2.358777011085061,2.3880083496032274,2.4024150202327412,False
dmv.432,2.498838983613083,2.379890556073436,10,0,0,2.3426385220222374,2.392717862772074,2.460384920906939,False
dmv.433,2.4047159517345604,2.397988504771034,10,0,0,2.3896214295272737,2.4166299403474243,2.421882547425276,False
dmv.434,2.38106651991657,2.378436901092895,10,0,0,2.3618377130123416,2.3907808831862605,2.407380126184771,False
dmv.435,2.56233474307796,2.5776046323594,0,0,10,2.540174830956421,2.576462776660927,2.6381017691465454,False
dmv.436,1.9083314253462331,2.3191577476090024,0,0,10,2.1386680988184747,2.331233854554584,2.4694452674443443,False
dmv.437,2.401292523610745,2.375553194908843,10,0,0,2.372379491116449,2.3929271125445126,2.4042330211353518,False
dmv.438,2.779065608407649,2.506190884064007,10,0,0,2.4939061149607102,2.5269440188347456,2.552515209247924,False
dmv.439,2.4594610357388946,2.409377367892751,10,0,0,2.399955297129516,2.4212902060372326,2.4320340711002135,False
dmv.44,1.1554293109952003,2.3959392574410985,0,0,10,2.2108128624405783,2.4041725823834534,2.55253591954023,False
dmv.440,2.3808890261813236,2.3759340083625,10,0,0,2.3542185820716552,2.376898729925691,2.4028462036683553,False
dmv.441,2.3822214094097,2.380323516061079,10,0,0,2.3730480481451632,2.3966481548748524,2.405608229523775,False
dmv.442,2.4129577474933734,2.4129577474933734,0,10,0,2.356117631544244,2.4055730404919333,2.4259672309224225,False
dmv.443,2.3768169340473686,2.3527659055343353,10,0,0,2.347946864010203,2.3725153474280405,2.3806234338706607,False
dmv.444,2.467929656933405,2.427420988244444,10,0,0,2.3510039782490995,2.441451587018332,2.5705130404941663,False
dmv.445,1.5018308277118144,1.818172738587299,0,0,10,1.5333683214762404,1.6644907636860138,1.7828478013575308,False
dmv.446,2.6112207590513474,2.466383472892855,10,0,0,2.0562831227068896,2.315665518880942,2.6086886252707115,False
dmv.447,2.3650782637262426,2.3380134018872387,10,0,0,2.2873500410846344,2.32361918967145,2.3807543845645083,False
dmv.448,1.8622226769167811,1.8371092698681226,10,0,0,1.7721090012238994,1.7929757456833113,1.8584381867330468,False
dmv.449,3.874539934986433,1.7185243440337457,10,0,0,1.5871069978320917,1.6285256519452767,1.8319720546205145,False
dmv.45,2.3789172774468197,2.3680058816204235,10,0,0,2.3513072229765157,2.3785705562548065,2.3860397969873177,False
dmv.450,3.40566511458048,3.2301913751298925,10,0,0,3.056434102175427,3.366291859576669,3.601646229603167,False
dmv.451,2.382677481812578,2.3473369767026258,10,0,0,2.343297254335569,2.3802247714184332,2.4070612583281075,False
dmv.452,2.6600544306633416,2.435522271617559,10,0,0,2.356899256087005,2.408269289375915,2.586526339848507,False
dmv.453,2.5216131526361356,2.3177431483068607,10,0,0,2.325690456455915,2.344776948790501,2.3638818102353714,False
dmv.454,3.1746958924585265,1.7111343145932825,10,0,0,1.608015221549251,1.6601271458680396,1.7023639402871742,False
dmv.455,2.5438501612383493,2.45373236134203,10,0,0,2.4146371136749263,2.453685706367932,2.469876773228098,False
dmv.456,2.273207233498853,2.249285267898831,10,0,0,2.1902163079021455,2.2717492706998774,2.3528067008421134,False
dmv.457,2.3955254999523032,2.350976884717026,10,0,0,2.3470452818547485,2.3713476950286205,2.3819022494171738,False
dmv.458,2.369617944675997,2.369617944675997,0,10,0,2.317882588300719,2.3912002621313255,2.501027686157311,False
dmv.459,2.706352410823366,2.5628429355281206,10,0,0,2.5455044632370214,2.5841904338558273,2.6699741594639295,False
dmv.46,2.409913684026973,2.3450840043124765,10,0,0,2.2696579369267695,2.3321008872050584,2.3881171489923947,False
dmv.460,2.3986969307067363,2.398692496304198,5,5,0,2.3751443062196285,2.407830704741111,2.4355837510410105,False
dmv.461,2.3792706794924077,2.3792301487172574,4,0,6,2.378069676369088,2.3982914397176556,2.4086069989385734,False
dmv.462,2.388558739631034,2.3582336366512826,10,0,0,2.31856601612967,2.36938142524611,2.406133219226929,False
dmv.463,2.4015186983333154,2.376122510227966,10,0,0,2.3669674870785626,2.392471090464787,2.3970804533223244,False
dmv.464,2.4406606137560503,2.386247053399523,10,0,0,2.3632254854519887,2.4066667866477722,2.462635913056743,False
dmv.465,2.335535335114489,2.231917749161755,10,0,0,2.1325217203981794,2.161743315406108,2.2669284674288597,False
dmv.466,2.3816543383429467,2.381563598548056,10,0,0,2.379793820695612,2.397465630378515,2.4076064891431934,False
dmv.467,2.4039900976224082,2.366841759338142,10,0,0,2.342041591465901,2.3777209274916236,2.3923709408246348,False
dmv.468,2.4405389810497766,2.3787152090309736,10,0,0,2.3523298848623084,2.3852827808421977,2.3958704245260085,False
dmv.469,3.8483916083916085,3.5697976128697455,10,0,0,3.2965137175032946,3.524079039405395,3.773450356555129,False
dmv.47,2.3315556433739886,2.323466263766848,10,0,0,2.2839043772798333,2.3236565476755953,2.3965580373489566,False
dmv.470,3.7680559290131757,1.8271357045999792,10,0,0,1.6089232818204782,1.7338971259764846,1.8380157918207811,False
dmv.471,2.182198629986124,2.176523733025772,10,0,0,2.160958399904029,2.205455000289996,2.2402451123101668,False
dmv.472,2.475839067942332,2.3572597426107897,10,0,0,2.3426334423896575,2.37084770143139,2.3909201964792692,False
dmv.473,1.9063585701960968,1.7334770394190504,10,0,0,1.6361580564144127,1.673287317969244,1.7268864520444265,False
dmv.474,2.395444054925558,2.392962956933671,10,0,0,2.3622582337717017,2.3954073420847757,2.415301006607337,False
dmv.475,2.3826206481213803,2.3826206481213803,0,10,0,2.3783999975158134,2.396755647335277,2.4069905641462697,False
dmv.476,2.233200505874789,2.288779869659667,0,0,10,2.1974145242696848,2.2455178964992113,2.308260518715152,False
dmv.477,2.496917675356067,2.445538610171831,10,0,0,2.415306649696006,2.4643584279268467,2.4765034482457406,False
dmv.478,2.3792780160844202,2.421275842984177,0,0,10,2.3932206157256104,2.425084394603513,2.489527225602478,False
dmv.479,1.9200231553736926,2.130563200221678,0,0,10,2.1306034537049867,2.2092386140164972,2.2944671269481707,False
dmv.48,2.385849111205292,2.327241078882305,10,0,0,2.283169507708404,2.3183677297680116,2.333825584546794,False
dmv.480,2.361167406688877,2.2911341815743818,10,0,0,2.2151756340484847,2.34500679235592,2.3795967452551134,False
dmv.481,2.3309051279109787,2.3078714220808725,9,0,1,2.0990185950413225,2.230412552464802,2.266677822400714,False
dmv.482,2.3782300660561027,2.377470888955053,10,0,0,2.3713666056079066,2.3971897465626335,2.405692037186417,False
dmv.483,2.428034203287188,2.3706257873783323,10,0,0,2.3557157802265096,2.377225030839184,2.3913579418913637,False
dmv.484,2.3869261471670264,2.346939694231583,10,0,0,2.349574029025834,2.3605632599839135,2.409455129512155,False
dmv.485,2.382065242525783,2.3807274965002994,10,0,0,2.376528857813864,2.3951167789395287,2.4076273862140853,False
dmv.486,2.3783131909001862,2.3618916605000946,10,0,0,2.3561729466697767,2.3823615267416063,2.3879391789321125,False
dmv.487,2.3381605472504705,2.390183121165222,0,0,10,2.3264557443448193,2.382222451701744,2.4243450137279536,False
dmv.488,2.3981041082202115,2.3820317913055304,10,0,0,2.3591426334168997,2.3972348084843853,2.4051681402635308,False
dmv.489,1.5421819089623034,1.5419252849654714,10,0,0,1.4413128013687977,1.4994822806103298,1.579483857771111,False
dmv.49,16.378172588832488,4.859186746987952,10,0,0,4.68968023255814,5.010956715534604,5.690476190476191,True
dmv.490,2.3738225326866793,2.368504671373747,10,0,0,2.3465351388701436,2.3916243253228773,2.44892872148444,False
dmv.491,1.7889764692245276,1.7889764692245276,0,10,0,1.722440780112162,1.7708106305771174,1.8369387330020532,False
dmv.492,2.7548596414614757,2.7104726808013706,10,0,0,2.6045622244218483,2.6690108535717902,2.7344675624909693,False
dmv.493,2.4906626185778924,2.4278420024113507,10,0,0,2.3950463713983217,2.4403590461580444,2.4677283617972345,False
dmv.494,2.379000332975693,2.378243221972498,10,0,0,2.3730180049897998,2.3982324524342187,2.406480558758894,False
dmv.495,2.2178945417477527,2.338675161476299,0,0,10,2.3457580272082175,2.3777346421884986,2.469641935816737,False
dmv.496,1.758349109656507,2.31966675268183,0,0,10,2.1850759951246443,2.2962857292735124,2.378082171072895,False
dmv.497,15.09003011570772,2.072874934680369,10,0,0,1.715060349486579,2.000252460430467,2.4393512350107613,True
dmv.498,1.364813020557508,1.3493357092709164,10,0,0,1.3236288452811908,1.353834721077355,1.3727229806822205,False
dmv.499,1.9802992292768573,2.356716884043961,0,0,10,2.3114443245135505,2.383625202301845,2.4152473270691877,False
dmv.5,2.363597021163929,2.3267344678813027,10,0,0,2.3062211498111624,2.36524409831021,2.3910277588567435,False
dmv.50,2.7416706016818533,2.5114737756428567,10,0,0,2.4119672436776347,2.4866132565400614,2.544229775498212,False
dmv.500,2.3881348994059945,2.3611669100352675,10,0,0,2.3513198969488776,2.37723539514312,2.3808179536266105,False
dmv.501,2.426540385635086,2.4264732839331957,10,0,0,2.42007555338256,2.4415980161167052,2.448705228661859,False
dmv.502,2.099556930954556,2.0645076532950415,10,0,0,2.086178259393041,2.13813563813168,2.2349544233796816,False
dmv.503,2.4252085844882485,2.2854832569446732,10,0,0,2.2873139253721493,2.3361067416311068,2.4267022080763874,False
dmv.504,2.2353703422531006,2.1992325027364625,10,0,0,2.15222202058696,2.1763511076526836,2.2257796290310807,False
dmv.505,2.4323845150984837,2.3920137864202142,10,0,0,2.3710726495432928,2.3990974503437603,2.4449320900240306,False
dmv.506,2.3799133709479348,2.366834348792529,10,0,0,2.342626358827142,2.375248140838913,2.3876512214559202,False
dmv.507,2.3938234027656797,2.3876077384835797,10,0,0,2.3137400360275637,2.3816007041851206,2.430598479437699,False
dmv.508,2.3976595070476305,2.3811394724345187,10,0,0,2.36277250333428,2.3905877026137405,2.4040653197742925,False
dmv.509,2.3484585552822588,2.4523530014260615,0,0,10,2.3732044283143736,2.428047122803515,2.5589674024746167,False
dmv.51,1.935285459897518,1.7522607994647568,10,0,0,1.6786555813861854,1.7054311540957339,1.7987569912206876,False
dmv.510,2.273104921149614,2.1466660107730524,10,0,0,2.0431683307387076,2.139510631904702,2.273993303891299,False
dmv.511,2.6752740853780974,2.672805328197721,10,0,0,2.529695450748082,2.6170908972616553,2.7847587994314855,False
dmv.512,2.470410146429081,2.408522553345764,10,0,0,2.3601639363492604,2.4031548345430753,2.452026214948417,False
dmv.513,2.3816469335447525,2.3445504098921206,10,0,0,2.3338601629236377,2.3712116455105527,2.436351781688937,False
dmv.514,1.5506614349775785,1.533963247607324,10,0,0,1.4144710267567249,1.4541109767862181,1.530416021243638,False
dmv.515,2.252831444973268,2.2083755582274134,10,0,0,2.1387388886000935,2.2536619985509283,2.3076351839470886,False
dmv.516,4.9010325655281965,2.9300536587682227,10,0,0,2.590428211586902,2.7882745628777608,2.94276993513926,False
dmv.517,2.4159381700164144,2.31602403926242,10,0,0,2.3116991750335742,2.367333096489147,2.504929747289817,False
dmv.518,2.3800221854667645,2.355670639148569,10,0,0,2.336916424526596,2.3654803109877545,2.382725559539258,False
dmv.519,2.403587191603897,2.3822946968490473,10,0,0,2.3646974152463422,2.3950039638374765,2.411870021502528,False
dmv.52,2.7771256499035717,2.6186988999395946,10,0,0,2.513560027928513,2.5869033325089825,2.640767265731071,False
dmv.520,2.3818808100250735,2.3575126620805906,10,0,0,2.3403165987069423,2.3696648886003464,2.38738518195995,False
dmv.521,2.4023453282331397,2.376682660903435,10,0,0,2.368766844400103,2.393057927973704,2.4023285211815715,False
dmv.522,2.379585646138043,2.379585646138043,0,10,0,2.371144022880884,2.397407912328235,2.4062897105699403,False
dmv.523,2.3815274044769126,2.3407123572646826,10,0,0,2.306058601290898,2.347718379053031,2.3986491199607496,False
dmv.524,2.3883974510924886,2.355085973870983,10,0,0,2.3421917688338043,2.3771482589910122,2.4169684352918543,False
dmv.525,2.396607613079564,2.3585913361886037,10,0,0,2.335063709296838,2.38278551790619,2.4647162355129013,False
dmv.526,6.800383877159309,8.374617412648869,0,0,10,7.951946594538601,8.39931767027915,8.625011703754565,False
dmv.527,1.91337882709755,1.7620495163338892,10,0,0,1.715226588227022,1.7682751343612841,1.7911715394123333,False
dmv.528,2.3814200226427302,2.335206871613992,10,0,0,2.2709959220437903,2.355672829960044,2.449252797849548,False
dmv.529,2.440074575363617,2.3725405949139704,10,0,0,2.363280989394845,2.384629769558161,2.412127772335266,False
dmv.53,3.1824484554014565,3.2583036892258694,0,0,10,3.126025856422815,3.230034442805095,3.29929597042625,False
dmv.530,2.725286253135662,2.5625859519766534,10,0,0,2.487180826175596,2.5444854712986715,2.5670997257627763,False
dmv.531,2.381832795969956,2.3792037158508053,10,0,0,2.363371168518391,2.3915880174030235,2.408153649238159,False
dmv.532,2.4362366832900233,2.3969547331270187,10,0,0,2.3583577059668777,2.390308216571763,2.4358860524778767,False
dmv.533,2.4241891462462095,2.384830689221959,10,0,0,2.27137792668199,2.335062176264179,2.387481353651759,False
dmv.534,2.3208917074445274,2.128845159433202,10,0,0,2.122291013631606,2.1560819027352043,2.1854226976433226,False
dmv.535,2.381667387693914,2.3751039963770664,10,0,0,2.3649234579499114,2.398954077923712,2.4658793609181235,False
dmv.536,2.01131648434553,2.3164843455299886,0,0,10,2.2304790645039607,2.332327423613731,2.4835910976989815,False
dmv.537,2.4041175427689128,2.3876465726333205,10,0,0,2.367664313034491,2.3964443582578365,2.409272086761879,False
dmv.538,2.6138364295782006,2.5212345718535025,10,0,0,2.485644735362109,2.5278191295446963,2.5401977728847536,False
dmv.539,2.4019360273939316,2.396010734319797,10,0,0,2.3607550742310015,2.3937445983559664,2.413480017928657,False
dmv.54,1.8196340545224667,1.729875549493217,10,0,0,1.6452420861992563,1.6706330601134645,1.7501235388822975,False
dmv.540,2.379535192534266,2.3769070150411173,10,0,0,2.3702742955872065,2.3948206195051407,2.4035372403493844,False
dmv.541,2.4042138168951332,2.4042138168951332,0,10,0,2.391787200124422,2.419219545781784,2.443778098536062,False
dmv.542,2.4569563053647854,2.3911333026807253,10,0,0,2.385256430352751,2.4079468171449543,2.4384546523793236,False
dmv.543,2.247804962532048,2.4738577997733127,0,0,10,2.3859706715602114,2.489971786115081,2.576296900200273,False
dmv.544,2.379400509428216,2.379398546936907,9,1,0,2.3783711367828766,2.397534569293283,2.4071265715316787,False
dmv.545,2.4047886682921873,2.3997839604956335,10,0,0,2.3799357468689637,2.4170879498997078,2.4434235732912897,False
dmv.546,1.0783061579521755,2.0709520103761347,0,0,10,1.8926366696695274,2.0443806593055394,2.159786172641785,False
dmv.547,40.86486486486486,46.83783783783784,0,0,10,42.729729729729726,49.7027027027027,56.86486486486486,True
dmv.548,2.429748396063133,2.4040133517882643,10,0,0,2.403930870245304,2.426291826587293,2.4354134180429567,False
dmv.549,2.1425659183695807,2.2262168770612987,0,0,10,2.0730651515472434,2.1523957964113682,2.2200815442368977,False
dmv.55,2.151842440177923,2.4158541715001407,0,0,10,2.370839449634688,2.424751624384718,2.468358772741289,False
dmv.550,2.389146340560188,2.364992018886154,10,0,0,2.3429580051051744,2.376147939731994,2.389887553563011,False
dmv.551,2.3913251834555447,2.3647285609600135,10,0,0,2.3509066050371588,2.3745058486791466,2.3970501139966514,False
dmv.552,2.0996696035242293,2.1505922165820643,0,0,10,1.8951292246520874,2.0206702002504713,2.1261587788387817,False
dmv.553,11.755015695373277,8.603006542476152,10,0,0,8.153838871532708,9.295609185972314,10.031330072210576,False
dmv.554,2.4469022965718996,2.420763705698161,10,0,0,2.4097910181820157,2.4370343157755205,2.444936001985925,False
dmv.555,2.125127886286182,1.9120007514167336,10,0,0,1.817195342101609,1.8562883258155365,1.9147504112607048,False
dmv.556,11.305755395683454,15.331707317073171,0,0,10,12.325490196078432,13.234212112616127,16.542105263157893,False
dmv.557,3.5366491043203374,3.53545695866515,10,0,0,3.4366987507679707,3.6440131041481427,3.694065334155147,False
dmv.558,2.4271176649332133,2.3886130406840853,10,0,0,2.375091155646698,2.400452233511788,2.4203269007474435,False
dmv.559,2.66117814292725,2.6587934940655327,10,0,0,2.586782909075955,2.6896087837314298,2.7968733326219186,False
dmv.56,2.3973224149731354,2.3948379959246626,10,0,0,2.342622836431809,2.40335894384641,2.447462965764824,False
dmv.560,2.3989777580103344,2.3963643206841523,10,0,0,2.362493314217872,2.397643852399158,2.410930016207691,False
dmv.561,1.3301073800186012,1.515244467166048,0,0,10,1.3632276234439316,1.412339826979548,1.475510726795886,False
dmv.562,5.38785046728972,5.481308411214953,0,0,10,4.042056074766355,5.775700934579439,10.121495327102803,False
dmv.563,2.401561087336508,2.401561087336508,0,10,0,2.3118381887913477,2.3927812617831137,2.527630285152409,False
dmv.564,1.6390782441568368,1.9138775603946363,0,0,10,1.7959237080709964,1.8561709987009294,1.8966772990495886,False
dmv.565,2.1484361268921814,1.9667759706488215,10,0,0,1.9792359845746512,2.0144574915593196,2.0591362898710273,False
dmv.566,2.2652455656635655,2.400053374181216,0,0,10,2.330550043801415,2.3790977413631182,2.414008518817736,False
dmv.567,4.748167292469238,1.3365422450791093,10,0,0,1.1781940209412258,1.2508962383110056,1.3101719165579013,False
dmv.568,2.4122386434785503,2.3775797914116334,10,0,0,2.361913057337235,2.398760915656636,2.410038160288339,False
dmv.569,2.0210705121254833,1.9726612106674193,10,0,0,1.7403522967757998,1.9253243177979105,2.040912408759124,False
dmv.57,2.24079384616986,2.2892697273316385,0,0,10,2.231893129711635,2.2901597831998046,2.3320915834545293,False
dmv.570,2.4261187059681095,2.376439625055496,10,0,0,2.362528961515507,2.3891216846060397,2.3992634654916527,False
dmv.571,2.779112774148895,2.524435363156686,10,0,0,2.4566138021356125,2.501823034405186,2.540585964339913,False
dmv.572,6.851046073685968,2.1438821147673326,10,0,0,2.0538435014157033,2.143364236781679,2.1930330715392423,False
dmv.573,2.4346943047165857,2.350002708986249,10,0,0,2.356068691813171,2.3702619306878536,2.3961515523600965,False
dmv.574,2.382111490805275,2.37636010066058,10,0,0,2.3701575411328997,2.3901486828843312,2.397664635561684,False
dmv.575,2.4766337247893198,2.3759594260080705,10,0,0,2.373891590730644,2.396695038597009,2.411168203811999,False
dmv.576,2.3493122850890904,2.2197297496861847,10,0,0,2.094665403160623,2.1769108919440945,2.272176200266054,False
dmv.577,2.345449153151871,2.289600382899231,10,0,0,2.253661887685268,2.2872778363325894,2.296842222447734,False
dmv.578,2.3831135359600473,2.322500087123709,10,0,0,2.27814105209949,2.3151140860883306,2.3278845814405025,False
dmv.579,2.382611488385262,2.3826135020968664,0,0,10,2.3751079462783493,2.3962644526465753,2.4072810351390257,False
dmv.58,2.1157089572835592,1.937123837578698,10,0,0,1.8661268357011798,1.879331649436263,1.9733846233055554,False
dmv.580,1.730524648461461,1.7148264984227128,10,0,0,1.5437084854235785,1.6614174017333383,1.787971408630358,False
dmv.581,2.382993175158879,2.324474627402194,10,0,0,2.31964650969116,2.346651223322194,2.359827139021043,False
dmv.582,2.3813048899213336,2.376654503194655,10,0,0,2.374999531886439,2.3924634517143115,2.4026823417587373,False
dmv.583,2.381314129281094,2.381314129281094,0,10,0,2.3795014015466633,2.397297356009399,2.407596907153486,False
dmv.584,2.55046908734053,2.605326682331807,0,0,10,2.5986161660600726,2.6315524918669464,2.70284706391334,False
dmv.585,2.3925720319360133,2.2868239613468555,10,0,0,2.286539554291865,2.3075307444512245,2.3176305382188502,False
dmv.586,2.135030038405389,2.101965153278803,10,0,0,2.1050183012349057,2.153118529479206,2.211285748246104,False
dmv.587,2.830845524423506,2.786964481874771,10,0,0,2.754886347184016,2.8318665331067465,3.0325922384253725,False
dmv.588,2.415582763479083,2.380359609453348,10,0,0,2.3532752807149637,2.4350376689450774,2.513761536636235,False
dmv.589,2.41733156614925,2.3701950872676885,10,0,0,2.3436488244455793,2.382088791478157,2.4097944930446764,False
dmv.59,2.0601965530876583,2.2652767762460235,0,0,10,2.1188030034021366,2.213499207661009,2.256738026216817,False
dmv.590,5.196832626895257,5.24561515538527,0,0,10,4.940439437071489,5.205488201413109,5.559819514946419,False
dmv.591,2.3671757471254256,2.3278958706428923,10,0,0,2.2808877232362343,2.325212826675484,2.3473141598941996,False
dmv.592,2.3537365027577097,2.3528226432675883,6,0,4,2.3205541823111226,2.3620228803645986,2.4298863433597377,False
dmv.593,2.403129116134122,2.3880765072988925,10,0,0,2.3620465866622777,2.402590342659063,2.4235167571057827,False
dmv.594,2.3835987497220232,2.3678628057967837,10,0,0,2.3627829163828253,2.377940116826151,2.3885040664821022,False
dmv.595,1.7142311608961303,1.6890756302521008,10,0,0,1.152799178222907,1.3543135575735943,1.880078179533715,False
dmv.596,2.3808947638177793,2.3787508957127392,10,0,0,2.376960623346307,2.395290951298204,2.4072538630650993,False
dmv.597,3.5877826259420864,3.51418136607351,10,0,0,3.428398150253961,3.601346832878646,3.6544646464646466,False
dmv.598,2.4005131075692865,2.369304323186079,10,0,0,2.3568690279047244,2.392483533487019,2.424265422511966,False
dmv.599,2.423990193138912,2.323782657689167,10,0,0,2.3483152710372623,2.397013327849541,2.511100727037836,False
dmv.6,2.427620018403235,2.408374069953662,10,0,0,2.3837123722257956,2.420662976214785,2.438330554321958,False
dmv.60,2.2921846937272194,2.2875051907386,10,0,0,2.220698070962013,2.303036193371805,2.351585845649741,False
dmv.600,2.270945166426712,2.223872792971121,10,0,0,2.1885015436636284,2.262800425991627,2.350933991363356,False
dmv.601,2.3776081410732326,2.275936085478699,10,0,0,2.227744242570692,2.28270488185572,2.3106156240625078,False
dmv.602,2.5014155556398903,2.3339926945465144,10,0,0,2.3037366317456955,2.349509251418409,2.3898349047789313,False
dmv.603,2.379559295081076,2.379520579353468,10,0,0,2.371008853204639,2.3974172764383423,2.4061497037953936,False
dmv.604,2.3822043530614523,2.3803349078156906,10,0,0,2.3726695114819703,2.3967132732785332,2.405507448123191,False
dmv.605,2.380774427276159,2.3754410948403466,10,0,0,2.321881232085907,2.413417251421334,2.4884661113601316,False
dmv.606,2.2636658509006162,2.380796067251173,0,0,10,2.3004493981948544,2.353813683117264,2.3859207306706494,False
dmv.607,2.6011893923167566,2.578014534747676,10,0,0,2.559216137817491,2.5959980408652688,2.6243229189370965,False
dmv.608,2.28132,2.2476649632831074,10,0,0,2.2743453409544063,2.565972751172576,3.021882726951607,False
dmv.609,2.448280587633387,2.386400145610487,10,0,0,2.381641068016051,2.4030525906199713,2.4148184502367314,False
dmv.61,2.47654229992289,2.4207707299719363,10,0,0,2.4116065503967627,2.4357494639956547,2.4856147059016758,False
dmv.610,2.372354481083952,2.3398417707517103,10,0,0,2.294352852264457,2.3476508684042736,2.404266302952974,False
dmv.611,2.0477764445471283,2.0255773235776555,10,0,0,1.899394437954085,1.9398137894959384,2.0702179359189286,False
dmv.612,2.3797299376077135,2.3788610897114424,10,0,0,2.3752642781781965,2.3963888903029127,2.412654804311226,False
dmv.613,2.093000124331717,2.0515507891048688,10,0,0,1.9991983729940768,2.0790878328038995,2.194820645708046,False
dmv.614,2.4156274936886692,2.370665564037377,10,0,0,2.3708814597047185,2.39966276863395,2.4493580330715936,False
dmv.615,2.41780769521363,2.328742382336982,10,0,0,2.315559423758378,2.340284825437199,2.3596613335354966,False
dmv.616,2.424663653370937,2.383051486328523,10,0,0,2.379555513783807,2.4000349342609066,2.4123885880653306,False
dmv.617,1.1594511235601435,1.8875476493011436,0,0,10,1.616090542200386,1.728255370318747,1.954397877984085,False
dmv.618,2.3895049740398715,2.3895049740398715,0,10,0,2.3604186217867027,2.4051891836120474,2.4515361950637145,False
dmv.619,2.3099298873490848,2.285558003694909,10,0,0,2.286894308228286,2.3335913009751357,2.3815752126500453,False
dmv.62,2.4015631666240504,2.3851093221391912,10,0,0,2.3670421106753876,2.394502953403432,2.406888888303993,False
dmv.620,2.10011336601255,2.094094795331879,10,0,0,2.092129541261055,2.1261871542791875,2.2525196304256614,False
dmv.621,2.6905346536461248,2.650516580489619,10,0,0,2.6393246891151936,2.6790064726988927,2.7065078141655325,False
dmv.622,2.396521069519881,2.365885893522469,10,0,0,2.3515246931901768,2.3783855631717503,2.3849663891582384,False
dmv.623,1.3119210457969006,1.63895519250034,0,0,10,1.5675080698022434,1.6545382589015176,1.7153864229442102,False
dmv.624,2.396618363508174,2.396620173598458,0,0,10,2.35612745143536,2.395587431894345,2.4178405866450476,False
dmv.625,2.397870288991597,2.3747719534672456,10,0,0,2.358627898837273,2.3878189166894357,2.402263670906204,False
dmv.626,2.3829557197070543,2.381044854148439,10,0,0,2.3620352653128407,2.3917684783033297,2.4084018962049223,False
dmv.627,2.4234715382122474,2.41614147603702,10,0,0,2.41594520097706,2.4391334300986856,2.5015710957063164,False
dmv.628,2.1974979135507646,2.1126334269848877,10,0,0,2.018675768816198,2.075241383544019,2.114189785432064,False
dmv.629,2.1107750608896296,2.110766605376693,3,7,0,2.136562876339617,2.1799277320250594,2.240293367346939,False
dmv.63,1.7551860861570288,1.7199515733953994,10,0,0,1.669393332118783,1.7561355738707447,1.8594547428443877,False
dmv.630,2.401379000966466,2.3756384920883544,10,0,0,2.372407684680606,2.3931312179242648,2.403896818038132,False
dmv.631,1.6400901184774388,1.6458830709296333,4,0,6,1.5261394023268906,1.5923647218360824,1.6329175477013622,False
dmv.632,2.340655786962179,2.228336492822062,10,0,0,2.132879789129789,2.2320433700045212,2.283152430391694,False
dmv.633,2.3796646994185093,2.3787957008454157,10,0,0,2.3787718743987685,2.397588834489965,2.4090681721114993,False
dmv.634,2.1306275019418055,2.0996724810480605,10,0,0,1.9297358541617344,1.9840876550355058,2.1230957572690534,False
dmv.635,2.381958276038528,2.380088839497578,10,0,0,2.372210355828052,2.3965361605356357,2.405239038706249,False
dmv.636,2.375041150740713,2.3442780428157257,10,0,0,2.3350843364206937,2.36686755977889,2.3961632305830944,False
dmv.637,2.403334191568303,2.3467776750540636,10,0,0,2.3260050095355904,2.3535038593518864,2.4130222306904026,False
dmv.638,2.378823306350101,2.378700031029987,10,0,0,2.377163669985973,2.3955911388172018,2.404841100476635,False
dmv.639,2.3827820912112854,2.341485937900011,10,0,0,2.315344496393533,2.355118510339259,2.3820063844352726,False
dmv.64,2.621631703528869,2.394963703764965,10,0,0,2.3848949705788858,2.4111395459720852,2.4256289759475975,False
dmv.640,2.3826206481213803,2.3826206481213803,0,10,0,2.3783999975158134,2.396755647335277,2.4069905641462697,False
dmv.641,2.391329789827864,2.3627673465061263,10,0,0,2.318650767383143,2.376284305929213,2.4572699895273264,False
dmv.642,1.0050423483288746,1.0506700528891793,3,0,7,1.0268452652472477,1.0813864608632402,1.1328085510337431,False
dmv.643,2.3782101971729075,2.3774529780614877,10,0,0,2.3736200248462156,2.3975578878523156,2.4065489376891223,False
dmv.644,2.5721406192881693,2.5025130234192394,10,0,0,2.467875153948424,2.5046517122119516,2.5315400329361992,False
dmv.645,2.3962239047129064,2.3593167303872358,10,0,0,2.3268305270401215,2.360363714603072,2.373561615038028,False
dmv.646,2.1163084181527245,2.228691546977403,0,0,10,2.1053940172237655,2.154877972455882,2.221869100607908,False
dmv.647,2.364438493448449,2.3619905003426824,10,0,0,2.2697811941074257,2.3732123038437036,2.4405909740305103,False
dmv.648,2.309843707156567,2.2443053150392966,10,0,0,2.0059530896535303,2.2215315014768224,2.4577680525164114,False
dmv.649,2.41118479327595,2.350510846909031,10,0,0,2.3456650177915743,2.3719270812629834,2.3849963371695413,False
dmv.65,2.5589143614491814,2.421747247519602,10,0,0,2.4385682113066056,2.472548855751607,2.513746581893784,False
dmv.650,3.3808738211113862,3.325732987125392,10,0,0,3.3480095844905517,3.5328652809367007,3.6592762335575264,False
dmv.651,2.5461417782233964,2.409440914889125,10,0,0,2.389017498851306,2.4233574456617655,2.4560251879876014,False
dmv.652,2.320190875740075,2.3596566931853498,0,0,10,2.3116108121801004,2.365431762447094,2.390470813158088,False
dmv.653,2.135871910480187,2.135522361412801,10,0,0,1.9753930844658525,2.064001527672403,2.1632982170577684,False
dmv.654,2.402865465083613,2.390671310327442,10,0,0,2.378831358673124,2.4071895162429566,2.4213363962763843,False
dmv.655,2.3180460743296623,2.3067791127989588,10,0,0,2.2516936867959103,2.2954737160926815,2.330603856647267,False
dmv.656,2.4114003976711738,2.3007047587517997,10,0,0,2.2603012182970255,2.3013701333819894,2.364656122626792,False
dmv.657,2.424555059795319,2.3462709174515184,10,0,0,2.3455115879417066,2.3640076485117594,2.377913606641251,False
dmv.658,2.4129372799717634,2.3820733428103904,10,0,0,2.3570984579933887,2.3965619827951934,2.423730276981853,False
dmv.659,2.3206339921963606,2.295731943970739,10,0,0,2.19415175229364,2.2774396825431213,2.327296485910976,False
dmv.66,2.445175753564091,2.43048660257531,10,0,0,2.3875660811082726,2.4334486793600094,2.4624724212203315,False
dmv.660,2.4401157614143374,2.4130834349420245,10,0,0,2.3868329165328257,2.4237077750919687,2.4471135562849673,False
dmv.661,2.368356219347947,2.3662215299765093,10,0,0,2.3785320305020625,2.429624493966197,2.566550623007663,False
dmv.662,1.9790392729633235,2.1284969245914,0,0,10,2.064892139930238,2.108470913871662,2.1540630100400615,False
dmv.663,2.3957461789541976,2.369629756387782,10,0,0,2.354632218316125,2.3766342358592523,2.39521212405637,False
dmv.664,2.4110038937243203,2.3301634021971847,10,0,0,2.2860173511161417,2.323248053732419,2.3336997161767408,False
dmv.665,2.422764592714623,2.3828768276558803,10,0,0,2.35175965641852,2.376878494887121,2.4245473656420575,False
dmv.666,2.5577896865245773,2.4104170035174852,10,0,0,2.3477480293622643,2.3904477170671825,2.428170245093339,False
dmv.667,2.3828509916397933,2.382472254958016,10,0,0,2.369679768991773,2.3922001799790396,2.415670885392508,False
dmv.668,2.4286473051869546,2.3928280695788096,10,0,0,2.380099708129414,2.405059645229253,2.4208860213629304,False
dmv.669,1.7592739159250752,1.6658969047038752,10,0,0,1.5718104677367428,1.5991846523418216,1.7090768158476248,False
dmv.67,2.3814499273403755,2.381071757769315,10,0,0,2.3701492393602916,2.39675811965088,2.436703261259158,False
dmv.670,2.3917991990143874,2.3609501159996342,10,0,0,2.345070480700402,2.382207345966708,2.4337097239643306,False
dmv.671,2.379535192534266,2.3769070150411173,10,0,0,2.3702742955872065,2.3948206195051407,2.4035372403493844,False
dmv.672,2.358316270161082,2.096240158928703,10,0,0,2.0220093920408173,2.073982593740843,2.1446920627950377,False
dmv.673,2.3953442710565294,2.395303290140983,4,0,6,2.3654503091847916,2.3978016901716304,2.4181430204015837,False
dmv.674,2.424874503973883,2.38911449123519,10,0,0,2.3912846773690473,2.408698021292886,2.419628258400989,False
dmv.675,2.0572739144874013,1.929069561888528,10,0,0,1.8787975531472159,1.945622158646814,2.0273630463535417,False
dmv.676,2.4636918096047875,2.352044957852014,10,0,0,2.238811292719168,2.6080449299980333,3.0138016561987437,False
dmv.677,2.223399422433768,2.2069497632050035,10,0,0,2.1344347944238806,2.2307174993228864,2.2692194780987887,False
dmv.678,9.424339829922285,8.061464569121537,10,0,0,7.795308450846431,8.056273035739611,8.468811700182815,False
dmv.679,2.381825315617555,2.378561420383452,10,0,0,2.376897714212957,2.394378434147966,2.404600862603858,False
dmv.68,2.389711718166393,2.3507650280687855,10,0,0,2.3302686706845233,2.3571257952766933,2.398423594794741,False
dmv.680,2.385594048036551,2.335892699438405,10,0,0,2.3348286619508967,2.3496399638754983,2.3675062218671314,False
dmv.681,2.32411386783397,2.401358920436073,0,0,10,2.2846118306682746,2.3259783556629827,2.3767780040733197,False
dmv.682,2.3827081237243646,2.375551302513364,10,0,0,2.371024393832121,2.3907930558296213,2.403245904757507,False
dmv.683,2.3875374871161688,2.3863654614220633,10,0,0,2.370297921058387,2.3937519012627044,2.4085354752091113,False
dmv.684,2.3961738168032825,2.312816920286563,10,0,0,2.2999916131296456,2.333492563196283,2.3493475556570886,False
dmv.685,2.385226552676247,2.362966448352015,7,0,3,2.3628614173740528,2.3971681027158227,2.4567407080104875,False
dmv.686,2.400271825612616,2.3771522337062017,10,0,0,2.358621503440979,2.3892509661754673,2.403062242771017,False
dmv.687,2.177297921041182,2.0012953818333563,10,0,0,1.8110347106397708,1.8974180884245742,2.036709017553794,False
dmv.688,2.379585646138043,2.379585646138043,0,10,0,2.371144022880884,2.397407912328235,2.4062897105699403,False
dmv.689,2.381376740313453,2.381376740313453,0,10,0,2.357576143946821,2.3946299884528193,2.42850900468382,False
dmv.69,2.3817532260883887,2.3796519991804526,10,0,0,2.3754289519136376,2.393584739082986,2.403372391669276,False
dmv.690,2.3818404216049376,2.366675561857632,10,0,0,2.3476632845589,2.3763683519880043,2.3938272689418354,False
dmv.691,2.379247067925146,2.3768562505777417,10,0,0,2.3447028944927326,2.377736026559317,2.39612191908727,False
dmv.692,2.399864815806239,2.3834203445344277,10,0,0,2.3632389731733934,2.3920304855102716,2.40630498776017,False
dmv.693,2.3798929216712925,2.379848924053854,10,0,0,2.3763624725638732,2.3974257988416516,2.4084959138089608,False
dmv.694,2.3408469368482634,2.384497109817548,0,0,10,2.335478400215707,2.3847321083408968,2.396799405066993,False
dmv.695,2.411715785558962,2.4007455634313453,10,0,0,2.386981020590125,2.420626999448351,2.425377954021706,False
dmv.696,2.385133721585169,2.337747291096447,10,0,0,2.3312083321136168,2.366611998152828,2.3853501803666166,False
dmv.697,2.50295397683073,2.5654477621991463,0,0,10,2.4221671180966187,2.546127777876971,2.6029314901513847,False
dmv.698,2.4589161107529285,2.432913797455446,10,0,0,2.4046307048780777,2.4310472138040184,2.453123193936037,False
dmv.699,2.382571332720432,2.382571332720432,0,10,0,2.378429883097099,2.3965457485002393,2.4070210298677917,False
dmv.7,2.439488257705328,2.41806115380231,10,0,0,2.398013804378428,2.430849607817283,2.446540396908367,False
dmv.70,112.42327150084317,30.003150315031505,10,0,0,30.76465159206276,34.454150168597465,38.60277938621888,True
dmv.700,2.3622112495309437,2.3622112495309437,0,10,0,2.3860755277766152,2.3955360010601536,2.4347296766513744,False
dmv.701,1.7787164717519055,1.634938141021832,10,0,0,1.5682873721770654,1.6116037148250388,1.6607384729790742,False
dmv.702,2.380909426354015,2.378281911990904,10,0,0,2.3731676041908085,2.395893447508705,2.4049919682646577,False
dmv.703,2.3690572082484294,2.3629024824611813,10,0,0,2.352835330443897,2.384965636340237,2.4336052984261656,False
dmv.704,1.8067560618646414,1.7412151292666378,10,0,0,1.7361587289520697,1.7993470441546031,1.8998036834312144,False
dmv.705,2.411278281505296,2.3712340621935035,10,0,0,2.3144770963028036,2.356021852926859,2.4375266878588033,False
dmv.706,3.7197706848466066,2.4676630211331303,10,0,0,2.2798617310212532,2.38925423862301,2.4694398156719948,False
dmv.707,2.4052958122984944,2.2416123736726004,10,0,0,2.2076853363479336,2.250802159691699,2.2604087689887793,False
dmv.708,2.378823306350101,2.378700031029987,10,0,0,2.377163669985973,2.3955911388172018,2.404841100476635,False
dmv.709,2.4932134456081663,2.358776885524358,10,0,0,2.34521911691748,2.3747311631439914,2.3933491487877343,False
dmv.71,2.4558527175338054,2.4410293412442403,8,0,2,2.442691808453089,2.4607070077258584,2.515988779265433,False
dmv.710,2.401031912263926,2.375294934405718,10,0,0,2.372171510900912,2.3927829864422296,2.4035591134116534,False
dmv.711,2.3879698160335736,2.3798086896064374,10,0,0,2.3824392651197153,2.3993937327135506,2.4084411311285274,False
dmv.712,2.3834572992369734,2.3822255413183417,10,0,0,2.3761287660393275,2.395894551215595,2.4039106248685784,False
dmv.713,2.383161214917312,2.383161214917312,0,10,0,2.3673888956838933,2.393619661952709,2.408522715835665,False
dmv.714,2.3846156931540627,2.3812014599383358,10,0,0,2.3712640454509386,2.3918585211046626,2.402350701829009,False
dmv.715,2.2970309341461705,2.2970309341461705,0,10,0,2.2356568314693215,2.3217776605984053,2.4122382012690227,False
dmv.716,2.4021621206760186,2.376501108913779,10,0,0,2.3711964302911626,2.3964788530982943,2.404087510594043,False
dmv.717,2.3795936646042204,2.3702144184661766,10,0,0,2.3656548031424522,2.3859526073694006,2.400429622766319,False
dmv.718,1.323374177015777,1.2333666579732823,10,0,0,1.2042227618890435,1.2412506984480758,1.2561504388866618,False
dmv.719,2.306696882120894,2.2766286272424923,10,0,0,2.201301395000759,2.262411175957892,2.3580636155711905,False
dmv.72,2.2721613978545587,2.172350380068046,10,0,0,2.056127810143322,2.0990612004664615,2.167366160569642,False
dmv.720,2.3794374747728075,2.3716740376824905,10,0,0,2.3720451880775455,2.3894874578911036,2.4017713836810617,False
dmv.721,2.2764623402735524,2.2402888186899017,10,0,0,2.128496042216359,2.189951051068475,2.2865241191163705,False
dmv.722,7.57441348973607,1.7279645425656465,10,0,0,1.5836750335313279,1.6596740625867326,1.9164347987386385,False
dmv.723,2.373342495463672,2.367179091770678,10,0,0,2.3565692577907407,2.3884312933665512,2.4475726829484343,False
dmv.724,2.590221012374439,2.5458960038327505,10,0,0,2.5134856626876365,2.5535544800479415,2.5744617478911644,False
dmv.725,2.4256340869691275,2.3832814030089913,10,0,0,2.36703160324708,2.4003461409493445,2.415981215942821,False
dmv.726,2.2818012244117085,2.228851607357263,10,0,0,2.2220312616439375,2.288177076501178,2.3508956069677485,False
dmv.727,2.2390044788749095,2.2248983293521998,10,0,0,2.1515045317220545,2.1905315414388227,2.254060897638792,False
dmv.728,2.380386862053446,2.3803720748502455,10,0,0,2.3728818264359677,2.3987407159891374,2.4071735757249644,False
dmv.729,1.1819933920704846,1.0200110879379076,10,0,0,1.0000388243972513,1.0675712400031059,1.1203250769987319,False
dmv.73,5.998831092928112,6.118628912071535,4,0,6,5.062392108508015,5.50500901813119,6.804110043089161,False
dmv.730,2.454554821691688,2.4429840154239537,10,0,0,2.440870772413639,2.4620978843200323,2.4729572049065283,False
dmv.731,2.9439330138126683,2.798024258905046,10,0,0,2.7436275986742995,2.8780824840512267,3.035543740051503,False
dmv.732,2.401474520701824,2.3760790753562846,10,0,0,2.366845042949698,2.3923470554246538,2.397098616246506,False
dmv.733,2.4447698478854107,2.3072844912333355,10,0,0,2.3057055696312676,2.332909363899215,2.3443307367122195,False
dmv.734,2.386147946348414,2.3857693387308965,10,0,0,2.37370969030885,2.389764636064327,2.4117844645888282,False
dmv.735,2.422759474211934,2.3487235924193346,10,0,0,2.3387738352693095,2.36610377103609,2.3738877958313247,False
dmv.736,5.640536208655107,1.2825295060469182,10,0,0,1.2752440623633978,1.4377094565059012,1.5367914906017777,False
dmv.737,2.4025701153780643,2.3771630484056008,10,0,0,2.367286757316529,2.389638339597198,2.3964358826606387,False
dmv.738,2.4222247580510854,2.418681498042911,10,0,0,2.28455615639026,2.4058175029626145,2.5088469143611025,False
dmv.739,2.4946868494663517,2.2224344391967574,10,0,0,2.14613427180417,2.226956943270273,2.335227782887345,False
dmv.74,2.4001573815990467,2.3741301436641744,10,0,0,2.3710285304338616,2.3992218919776382,2.4141543673492225,False
dmv.740,2.3820189505200484,2.3807793788087572,10,0,0,2.3784723213341237,2.3963297638410253,2.408027994561052,False
dmv.741,1.6225936803866319,1.5197720210221821,10,0,0,1.4491698425984971,1.4904759771186524,1.5346346669134563,False
dmv.742,2.0807689021785563,2.062024823475625,10,0,0,2.142829491465775,2.3021967766252507,2.648419999565038,False
dmv.743,2.4252830252728415,2.3510630129413133,10,0,0,2.3140595444769776,2.3542836304884096,2.4115709174373863,False
dmv.744,2.447036213175068,2.4400240562625806,10,0,0,2.412417488800499,2.448208691107891,2.46170707927305,False
dmv.745,4.962923140954495,1.2085286441837484,10,0,0,1.1792469157168641,1.2446945854845621,1.3101651772634046,False
dmv.746,2.5758542712955586,2.3676395983143266,10,0,0,2.370344583246442,2.389277555441859,2.3973338677995537,False
dmv.747,2.3905057344780243,2.342621591799427,10,0,0,2.3450582676788545,2.365339794689605,2.3850201173933847,False
dmv.748,2.4591459613215747,2.4185934857329916,10,0,0,2.4007198470325055,2.4206698884231432,2.452478628404901,False
dmv.749,2.426599411016703,2.3881614060008873,10,0,0,2.3745949863478035,2.4007568937246777,2.4198157090482137,False
dmv.75,2.4783477503248657,2.4359513190275495,10,0,0,2.2789755901485593,2.362746523515325,2.4436720273261696,False
dmv.750,2.379535192534266,2.3769070150411173,10,0,0,2.3702742955872065,2.3948206195051407,2.4035372403493844,False
dmv.751,2.4768745400742143,2.476709733730474,10,0,0,2.277095253517579,2.366942785106289,2.56896369733434,False
dmv.752,2.379574498760706,2.379574498760706,0,10,0,2.3694513870911824,2.390774586435282,2.436129971358943,False
dmv.753,2.322458061483215,2.267811009047176,10,0,0,2.226301718619614,2.2530085856268856,2.3039433939258336,False
dmv.754,2.365368309357572,2.3352297188268345,10,0,0,2.277801452633871,2.3295761608650603,2.383515093912797,False
dmv.755,2.4376778636944043,2.426793304050719,10,0,0,2.3952507880481595,2.434678188382943,2.442357278851079,False
dmv.756,2.4451703400384326,2.4122008857880055,10,0,0,2.4045735851021957,2.433778836814115,2.4485400830799766,False
dmv.757,2.2302276764580076,2.1742191302696092,10,0,0,2.1387543464742103,2.1752624368214795,2.211036712075733,False
dmv.758,2.630639097744361,2.628169014084507,10,0,0,2.6751213056903396,2.8623064826802507,3.116659528907923,False
dmv.759,1.6161502587711298,1.6055938419594946,10,0,0,1.6167356609837138,1.6545198134921377,1.7482830317594948,False
dmv.76,1.2340561151898013,1.2550558546043873,0,0,10,1.245439507420852,1.315773964002389,1.3745895300039304,False
dmv.760,2.4208902709501703,2.387554814286794,10,0,0,2.3686228052325986,2.3992659043271125,2.4181669478270966,False
dmv.761,3.0845988231728345,2.8240255670537127,10,0,0,2.7013143322624638,2.840513301145873,3.004907425790457,False
dmv.762,3.0810303420432144,2.4285637283297232,10,0,0,2.3928741126276845,2.4184136661457387,2.4537622727797532,False
dmv.763,2.3319126265316994,2.266035621836727,10,0,0,2.2421441350520666,2.3022555772614726,2.3732984801644466,False
dmv.764,2.3114614265538633,2.360577316739916,0,0,10,2.3143611017345056,2.3642525787458766,2.39737920607718,False
dmv.765,2.3816967856866795,2.3816561133555934,4,0,6,2.3679578389089766,2.3960145613680512,2.413264179338954,False
dmv.766,2.394246846295598,2.3570007704699867,10,0,0,2.2858414082851892,2.3853432967050585,2.443774713962549,False
dmv.767,2.379454845886064,2.379413890884994,4,0,6,2.3749572118397255,2.3994908117767295,2.407881971387689,False
dmv.768,2.379626817569056,2.3656336836242438,10,0,0,2.3474740338211504,2.3815198031928464,2.3911620484694915,False
dmv.769,2.349280412854039,2.1167931945983214,10,0,0,2.073322452005146,2.1014854912681837,2.1534744354250646,False
dmv.77,1.7249267037635374,1.6808463498393709,10,0,0,1.6650706372951056,1.771926143530693,1.8358487442050029,False
dmv.770,2.3518213588797083,2.3509142589012186,10,0,0,2.3634616809503814,2.4166603745224506,2.5581691274163063,False
dmv.771,2.255644811115936,2.255644811115936,0,10,0,1.8333333333333333,2.185310636287428,2.8546503640609973,False
dmv.772,2.271984679895665,2.213915718082197,10,0,0,2.1680182990226657,2.2478285976466292,2.394063167563129,False
dmv.773,2.415487465318922,2.3220258006655348,10,0,0,2.3087664605695344,2.3395791694678656,2.3785041016645865,False
dmv.774,2.354197283675422,2.3533384603249723,10,0,0,2.269257097221958,2.4336891286631666,2.5950791510828912,False
dmv.775,2.3784850488588027,2.3544104648431543,10,0,0,2.3491654755989155,2.372444281698699,2.420311791483469,False
dmv.776,1.7995470427866176,1.6662884269416804,10,0,0,1.6196614310645725,1.6718807887616307,1.7361371450806087,False
dmv.777,2.368174972981592,2.368177969908922,0,0,10,2.37289673124113,2.392921475022865,2.4126927357360857,False
dmv.778,2.4022057618002384,2.399715948675201,10,0,0,2.3462873963542705,2.393224419122304,2.4340042180095023,False
dmv.779,2.5211850274968954,2.4597459240541384,10,0,0,2.2702457476581768,2.4896303999137093,2.6088597463818664,False
dmv.78,2.3830039550062376,2.361305752157721,10,0,0,2.348172340768814,2.3714948377266984,2.3833653507731123,False
dmv.780,2.767683540060342,2.206306787814003,10,0,0,2.2594417077175697,2.410551225364392,2.537964955425761,False
dmv.781,2.645565335138795,2.5377496346809547,10,0,0,2.2603036876355747,2.3371853802604594,2.9324577861163226,False
dmv.782,2.274963586340832,2.2607178413703317,10,0,0,2.22868683309845,2.343766801321002,2.4414673213335574,False
dmv.783,2.7571322864424896,3.3219415552253593,0,0,10,3.1598040139451617,3.415997179211804,3.7190861705667073,False
dmv.784,3.5825769617848175,3.582037899092491,10,0,0,3.3279686858361073,3.491379922848946,3.6268555812646994,False
dmv.785,12.425843780135004,12.522448979591836,1,0,9,11.043537881384985,11.816145695943547,12.850902563079686,False
dmv.786,2.7436355967946016,2.937105498415221,0,0,10,2.8681225171840623,2.936349598523261,3.09939252447769,False
dmv.787,2.332213305314321,2.3929190267544818,0,0,10,2.335589265257901,2.38207107866365,2.3997002014010143,False
dmv.788,2.383692098271538,2.382453784159475,10,0,0,2.3780610017029824,2.3961400990583885,2.405240609189516,False
dmv.789,2.414441970404622,2.409031210126164,10,0,0,2.3755933441135046,2.404101931620791,2.427681202475731,False
dmv.79,1.2232713361279557,1.334174433274999,0,0,10,1.2806967563387734,1.3339709413536283,1.3807740832688942,False
dmv.790,2.413876365684127,2.363830336374377,10,0,0,2.343062759006432,2.3764473324745934,2.3875837323285722,False
dmv.791,2.383782758225281,2.368086520357367,10,0,0,2.3591059822085234,2.378043851319414,2.3862966326810926,False
dmv.792,2.3763755537292788,2.3737862847323425,10,0,0,2.361647431420063,2.3939333154121427,2.4103149082477318,False
dmv.793,2.126324897252866,2.084912533082506,10,0,0,1.9609016556951926,2.0104448349934883,2.103006287904156,False
dmv.794,2.386031669783321,2.436518503465239,0,0,10,2.3034017886717457,2.3508307335433,2.470976384555798,False
dmv.795,2.4554893136285774,2.451974041182187,10,0,0,2.318544155926976,2.436849385184834,2.5425508919602784,False
dmv.796,2.3281842310591596,2.386408324092298,0,0,10,2.317447795780061,2.3727914091196824,2.4104773168216673,False
dmv.797,2.302583744481953,2.2649598847500747,10,0,0,2.2806888942044306,2.328077663469849,2.460193269686956,False
dmv.798,2.658189130685384,2.7778450006692545,0,0,10,2.7348618025886813,2.8250706851808625,2.9192556019749336,False
dmv.799,1.0823724530090033,1.0820306331912206,10,0,0,1.0862328604264089,1.2080610709525395,1.3706370637063707,False
dmv.8,3.3893891912694487,3.3863359223087657,10,0,0,3.158311048268937,3.3159412102526034,3.447655690765927,False
dmv.80,2.4029689433855914,2.39041639958101,10,0,0,2.37559284866715,2.4056037342014953,2.4232448495874426,False
dmv.800,2.460799479833795,2.4289959071928133,10,0,0,2.4159672130112138,2.43852926101028,2.452739870801146,False
dmv.801,2.4441509965583603,2.374327022424712,10,0,0,2.3595955750358453,2.3905146080153568,2.411669006928985,False
dmv.802,2.8478226444972288,3.239193083573487,0,0,10,2.6930218628331835,2.9242926652159813,3.2316262353998204,False
dmv.803,2.690375749023758,3.0225298618373975,0,0,10,2.778973845094943,2.8702903614959805,3.0180775868702523,False
dmv.804,2.404093390569849,2.3827969596406247,10,0,0,2.364479858733852,2.3928949806644018,2.4106741815990174,False
dmv.805,3.010305513855642,3.1787412707253333,0,0,10,2.9429614057355917,3.155892571861415,3.2706634339872163,False
dmv.806,1.6825763909890357,1.6548739662432492,10,0,0,1.6119526778486315,1.6592183030936802,1.7012902916346893,False
dmv.807,1.497127843515669,1.481086905074547,10,0,0,1.4403606648118745,1.4788436853881677,1.5121806746549191,False
dmv.808,2.402489977928513,2.381209380526234,10,0,0,2.3668198557779836,2.3955140465707823,2.412534404331167,False
dmv.809,2.4003016939077675,2.3748782125058696,10,0,0,2.3688494574135595,2.392141333004782,2.397858971849361,False
dmv.81,2.425103703018943,2.4016205865130487,10,0,0,2.3822823116559735,2.411552186379923,2.4246029717144384,False
dmv.810,2.424498464326236,2.686628134570659,0,0,10,2.5406934457573156,2.727386295578234,2.855665207898885,False
dmv.811,3.3892010131245685,2.2499694283093854,10,0,0,1.9680839684449793,2.0634806254876765,2.2057003281734673,False
dmv.812,2.349019068693561,2.36603534865073,0,0,10,2.312735052871856,2.3627501267676037,2.3807760498410175,False
dmv.813,2.1955401211358883,2.0745946644273627,10,0,0,2.0771439658517656,2.1881116258915747,2.263787075673847,False
dmv.814,2.063663512311832,1.9618319349482456,10,0,0,1.8735549664973123,1.9376686457923928,2.003191259043072,False
dmv.815,2.4738512678354994,2.540190192194542,0,0,10,2.436124389191872,2.558056112913231,2.649681078388843,False
dmv.816,2.1873033989366144,2.155531170701598,10,0,0,2.149585081159949,2.1995722797631556,2.286025311545362,False
dmv.817,2.403070013706998,2.3610499018084354,10,0,0,2.344515205887029,2.377098805639814,2.406025163506855,False
dmv.818,2.3861464472422056,2.3861464472422056,0,10,0,2.3673303604977307,2.3923309777904915,2.409995106232579,False
dmv.819,2.399539524893683,2.3877496684104424,10,0,0,2.3714768934807258,2.4030091526181327,2.414445245886192,False
dmv.82,2.154379829401772,2.17264622197012,4,0,6,2.0677797490122662,2.120475176944334,2.1537643551111563,False
dmv.820,2.322908010854534,2.380523144891666,0,0,10,2.3221065792428535,2.367949558855707,2.380518404073499,False
dmv.821,2.382466666130501,2.382466666130501,0,10,0,2.3640438020700443,2.395474023893348,2.4115028929313524,False
dmv.822,2.387595138127332,2.387595138127332,0,10,0,2.3602181443131283,2.394550179515634,2.4450368597415033,False
dmv.823,2.3795700534932145,2.3769774825147336,10,0,0,2.375147971564651,2.395515101684176,2.403302476857643,False
dmv.824,2.3768762676559545,2.331558753319507,10,0,0,2.3149102963702726,2.344207956938183,2.3600287961440887,False
dmv.825,2.3483152714845517,2.427528919539734,0,0,10,2.3901634698829324,2.430363882396621,2.500061132620737,False
dmv.826,1.8780505380476558,1.5473994616846105,10,0,0,1.4926880488736158,1.5034516184324165,1.5728626030979682,False
dmv.827,2.388509642049464,2.388129060122041,10,0,0,2.365182444315707,2.398356667771025,2.4336439832411427,False
dmv.828,6.782385971825436,8.975569055875681,0,0,10,8.22065671641791,8.871439265313537,9.642036860680074,False
dmv.829,2.4532490701616565,2.4126507340825483,10,0,0,2.3531277852346792,2.404534492249832,2.4299780699897546,False
dmv.83,2.5332032277515406,2.5107634703819057,10,0,0,2.4373683431779862,2.4867372289671974,2.5200982720860576,False
dmv.830,2.36211194616367,2.199723249869916,10,0,0,2.1209137444834343,2.209173889269569,2.3818923110738246,False
dmv.831,2.4219827039257056,2.362504088284712,10,0,0,2.3597965943147496,2.384223133564947,2.3951384194982177,False
dmv.832,2.3782300660561027,2.377470888955053,10,0,0,2.3713666056079066,2.3971897465626335,2.405692037186417,False
dmv.833,2.379585646138043,2.379585646138043,0,10,0,2.371144022880884,2.397407912328235,2.4062897105699403,False
dmv.834,2.2666149520023273,2.2461851866087557,10,0,0,2.244546013212475,2.307569146594802,2.5380673181324647,False
dmv.835,2.2637457952484104,2.3473098780853037,0,0,10,2.2586244009154846,2.3266568080263554,2.3459817924972532,False
dmv.836,12.587174348697395,12.587174348697395,0,10,0,9.291420118343195,10.901034109040552,13.988864142538976,False
dmv.837,11.162822252374491,12.315868263473053,0,0,10,12.134218289085545,13.121245497649621,14.561061946902655,False
dmv.838,2.5788692328421807,2.370412682262538,10,0,0,2.36725075944263,2.3938187322884845,2.4053725429971102,False
dmv.839,2.425454527632499,2.3614171603350664,10,0,0,2.354709338979623,2.3826986221744635,2.4112320462480974,False
dmv.84,2.473761374610066,2.4126410560405946,10,0,0,2.385325919407338,2.4235055906415073,2.4443970385453877,False
dmv.840,2.4249152475299764,2.332633320686579,10,0,0,2.3096882813383424,2.3497729422028706,2.4052692592524747,False
dmv.841,2.14236562057803,1.7583817695848625,10,0,0,1.6572077610508007,1.7258012001091554,1.78903166453987,False
dmv.842,2.3324641022249377,2.3124557663966163,10,0,0,2.240064606022233,2.3607063016569154,2.408582684164768,False
dmv.843,2.4635793522434373,2.395775385019543,10,0,0,2.3793609568242844,2.4076539598660496,2.4353004700470806,False
dmv.844,1.7211671854909656,1.5928222230050533,10,0,0,1.5715692559608865,1.620204398652226,1.6891042669765897,False
dmv.845,2.446629862750825,2.4071531725865127,10,0,0,2.3685194138783006,2.4009960166955153,2.4225307492710986,False
dmv.846,2.341489702617849,2.3987340484560744,0,0,10,2.3403587894223516,2.3933054472301087,2.402798955346497,False
dmv.847,2.049511065362841,2.490621894523242,0,0,10,2.3073773394194186,2.508779541293833,2.668398951694562,False
dmv.848,2.1873216374269004,2.1672460946553564,10,0,0,1.993745646828048,2.231375153209286,2.313714493088318,False
dmv.849,2.3818235498346736,2.3818214876319277,10,0,0,2.3764302363424994,2.3981435674855844,2.403805572570378,False
dmv.85,1.8816300129366106,1.8090796019900497,10,0,0,1.6883343006384213,1.9632956767201968,2.2206106870229005,False
dmv.850,2.405565586143617,2.3576290343762905,10,0,0,2.285721152321958,2.33930620342249,2.385856833666479,False
dmv.851,1.437972697020118,2.317348027017419,0,0,10,2.1865922323118574,2.2524817598155487,2.30129006879022,False
dmv.852,2.2984871230038926,2.293009114198912,10,0,0,2.210447070920594,2.292179455766599,2.3476243988172576,False
dmv.853,2.379402112347571,2.3751441793330033,10,0,0,2.373864196584441,2.392774026862141,2.402422088946591,False
dmv.854,2.274127546094073,2.2573909471594344,10,0,0,2.2268496111117364,2.3681934712053145,2.462902101384324,False
dmv.855,1.9602002513580432,2.3176867860069708,0,0,10,2.2140131954367748,2.332024442235027,2.3911843204368113,False
dmv.856,2.3800501887340606,2.383025163675608,10,0,0,2.284607892072563,2.3661907803012387,2.4052824962129593,False
dmv.857,2.4204474097946838,2.412739697683715,10,0,0,2.4074998894895456,2.4357831753747607,2.4612156871501725,False
dmv.858,2.3810903857246926,2.381049767877947,4,0,6,2.382003399162703,2.3966032833534925,2.4062977408736583,False
dmv.859,4.048164484917473,4.131493919041568,0,0,10,4.1442825928623455,4.285849249141686,4.548804860500439,False
dmv.86,2.0542309817645976,2.1576587034414443,1,0,9,2.038677103403395,2.1129530528273097,2.200165716427627,False
dmv.860,25.878105590062113,1.9956690949007085,10,0,0,1.9183309352517985,2.1311706376821764,2.229846352830988,True
dmv.861,2.3824297974607154,2.3824297974607154,0,10,0,2.368018563792738,2.392700933828989,2.4119950345695993,False
dmv.862,2.304052551448073,2.3529212114194102,0,0,10,2.306452575658091,2.354624237347668,2.388657464529241,False
dmv.863,2.3803665696614305,2.3803645911580755,9,1,0,2.3775850778888294,2.397474545128887,2.4091428929549954,False
dmv.864,2.798758486042702,2.7268382882926825,10,0,0,2.645292791561345,2.717464836467942,2.7725948742815896,False
dmv.865,2.351626539940645,2.305060331119633,10,0,0,2.3149776425055424,2.3560478086109358,2.414871360186578,False
dmv.866,2.337251862472362,2.298711450961931,10,0,0,2.256402592832827,2.3068124981256255,2.389352026432509,False
dmv.867,2.338134328358209,2.217535167654605,10,0,0,2.06484990279105,2.325145509270235,2.554192312395549,False
dmv.868,1.443940196044947,2.2977686992873334,0,0,10,2.123611590744985,2.218419086345942,2.2735850747740196,False
dmv.869,2.3820378234713995,2.3674142878830535,10,0,0,2.358190056751327,2.381455369213219,2.391475367853972,False
dmv.87,2.302660577062491,2.2877587988922383,10,0,0,2.257627504149149,2.3955057736670176,2.496867409264922,False
dmv.870,2.3745945785394067,2.3660657018237568,10,0,0,2.368634145986075,2.3902016882462416,2.433194496139734,False
dmv.871,1.9813036806119089,1.7831160066523657,10,0,0,1.6862815267314772,1.7263485067798694,1.7787130605385209,False
dmv.872,2.3815420215189684,2.381454581982543,10,0,0,2.379519784403597,2.397228451342536,2.406213619184853,False
dmv.873,2.4009451253509035,2.3752976188563597,10,0,0,2.368103474971089,2.3945396653319384,2.4026254521738473,False
dmv.874,2.1459593866556155,2.1459593866556155,2,5,3,2.1219522189894686,2.44303255038136,2.5751939526556593,False
dmv.875,2.3791971002023513,2.3699439133858906,10,0,0,2.3681240904141307,2.386098561940184,2.4009966089072816,False
dmv.876,2.397482467519355,2.2592690425385626,10,0,0,2.243874687335962,2.270307315139725,2.2867739487146563,False
dmv.877,2.397565287608048,2.39718498921883,10,0,0,2.3697911900847033,2.4107376667922082,2.458213727645671,False
dmv.878,2.3910167354301577,2.369339389356982,10,0,0,2.342708153442671,2.376370826835325,2.3880665389702194,False
dmv.879,2.1253561253561255,2.1253561253561255,0,10,0,2.064766122336009,2.270335823656419,2.3723091976516635,False
dmv.88,2.458372790231854,2.39233010162265,10,0,0,2.3418831310550963,2.3938608925731124,2.4738646044669284,False
dmv.880,1.7435113881758546,1.746927944478465,3,0,7,1.6549737004950495,1.78351757267524,1.8719746267840542,False
dmv.881,2.292144892893997,2.3229951233991684,0,0,10,2.278681156076722,2.3229315509442867,2.333152501948825,False
dmv.882,2.0542920137912666,1.9177317700688965,10,0,0,1.8253980776563712,1.9156794249611426,1.951002540166604,False
dmv.883,2.071176782251173,2.0312521213452692,9,0,1,1.962762779237414,2.0279665607441117,2.1096988808983577,False
dmv.884,2.510654603241252,2.2705471183330515,10,0,0,2.2796652891173235,2.3009427262566167,2.3347836881633666,False
dmv.885,2.4169525470814355,2.416954498945714,0,2,8,2.3469117456782476,2.416055826334219,2.464209700353963,False
dmv.886,2.7221350018233115,2.5247865621372982,10,0,0,2.457231462231462,2.5104059107852263,2.5760642529432918,False
dmv.887,2.3816051317321096,2.381514411943778,5,5,0,2.3798237286556168,2.39725896295309,2.4076366183780435,False
dmv.888,2.3510245301184645,2.3497704143002083,10,0,0,2.33625727953411,2.4842813810324116,2.568243135103002,False
dmv.889,2.3711368938252235,2.3711368938252235,0,10,0,2.3553241927479585,2.3962208993677225,2.4515320007257126,False
dmv.89,3.2135522793559472,3.210633987645574,10,0,0,3.018511047520758,3.1662119333145284,3.3019417874296972,False
dmv.890,2.4256269874743386,2.387438287297153,10,0,0,2.3820786557704845,2.40248574464695,2.4168188051177713,False
dmv.891,2.485740053693277,2.4227579674691486,10,0,0,2.3939907888987975,2.4228349314961966,2.4452297386827078,False
dmv.892,2.4942029011921534,2.4377196357573427,10,0,0,2.407156368610115,2.442153392500595,2.46490727532097,False
dmv.893,2.3497321680293206,2.3497321680293206,0,8,2,1.5320772058823529,2.18657301109289,4.205095862764884,False
dmv.894,2.3631018763818448,2.323145992806419,10,0,0,2.278432155742438,2.325800247347299,2.3563764863301406,False
dmv.895,2.3800705154346415,2.380072480218596,0,0,10,2.380115215072194,2.397891821441782,2.407905121504506,False
dmv.896,2.403241835448727,2.391706271128655,10,0,0,2.376658001173742,2.4079760059229116,2.423274050825931,False
dmv.897,2.3431121317415773,2.315861400855043,10,0,0,2.2901667811340447,2.320751750404218,2.337592389920653,False
dmv.898,2.3819237256188592,2.3818831084824894,4,0,6,2.3693480383886256,2.393953475409304,2.408930282055138,False
dmv.899,2.478749779907585,2.3078664678763925,10,0,0,2.2189647313422025,2.2715851190763736,2.3537263726779365,False
dmv.9,2.3870463451697725,2.349247453303348,10,0,0,2.341785244486208,2.366513176447455,2.407960082244223,False
dmv.90,2.048268901663083,1.6527866298420792,9,0,1,1.696209891347796,1.8458352657854842,2.2272163374367784,False
dmv.900,2.4200880876456288,2.381110832684438,10,0,0,2.3673966387618735,2.399400037182165,2.4536682152742357,False
dmv.901,1.2391038460902766,1.1202770451505892,10,0,0,1.0878743356732148,1.1389229907779987,1.1808544989171097,False
dmv.902,2.4898704519212136,2.399221373438747,10,0,0,2.375510304513036,2.4066205196392456,2.4186172188767596,False
dmv.903,2.4105776503993037,2.4101928741092635,10,0,0,2.3401981586376133,2.383627713226533,2.4482955642203605,False
dmv.904,2.3991565236153445,2.3966691505189104,10,0,0,2.36234599309792,2.396931522083322,2.4101416869394034,False
dmv.905,2.5064623534335744,2.4635036608389997,10,0,0,2.3338112590774385,2.443354605780076,2.5448623827026204,False
dmv.906,2.379559295081076,2.379520579353468,10,0,0,2.371008853204639,2.3974172764383423,2.4061497037953936,False
dmv.907,2.387073998775474,2.387073998775474,0,10,0,2.3888817655695602,2.401454491920657,2.4422114617109063,False
dmv.908,2.5303236048875517,2.362586231381009,10,0,0,2.367263211660377,2.39695846861298,2.432610297651469,False
dmv.909,2.3728896431761703,2.3728896431761703,0,10,0,2.359640000793824,2.38395982156193,2.4266949733696026,False
dmv.91,3.6648275862068966,5.422448979591837,0,0,10,5.314,5.535422672984671,5.833150384193194,False
dmv.910,1.049715947215388,1.0602549765153209,2,0,8,1.0022068142846492,1.0365466338626705,1.0573294564974278,False
dmv.911,2.4034029983979273,2.433345151080405,0,0,10,2.3771455848283263,2.426019461137993,2.4809563764674154,False
dmv.912,2.421462738611471,2.357464773407323,10,0,0,2.2918598033760755,2.3639956312609227,2.4497561130043666,False
dmv.913,2.4732249519555394,1.1673122180819768,10,0,0,1.0914821436757898,1.1721224247449518,1.2497572242198367,False
dmv.914,1.3757323038650175,1.3633518554001405,10,0,0,1.3178210822974512,1.35909383369374,1.3825442934263406,False
dmv.915,2.2387676129791863,2.1985916852582803,10,0,0,2.176068239965179,2.2203958611111556,2.2543383941975113,False
dmv.916,2.400422450211225,2.358638581753042,10,0,0,2.3564784643640024,2.4187762802137436,2.480801465715511,False
dmv.917,3.1806175771971494,3.1305486284289277,10,0,0,2.984043975635121,3.074597849845497,3.1726795981550513,False
dmv.918,1.7375688551436654,2.122938053499767,0,0,10,1.9781570110486117,2.0376009360812803,2.104468360849721,False
dmv.919,1.6990473687668353,1.5373348155105486,10,0,0,1.4135279167008281,1.4655969772377322,1.536521894123938,False
dmv.92,2.4530562749809506,2.4285514463831377,10,0,0,2.364613279588867,2.4022628533622825,2.4496280960272916,False
dmv.920,2.3689493884425223,2.3640153090939346,10,0,0,2.3386935693629725,2.3988619199559196,2.49713781829687,False
dmv.921,2.268551583146259,2.3694345894237827,0,0,10,2.3001979825836774,2.349014600733768,2.3866313451958097,False
dmv.922,173.01694915254237,196.30769230769232,0,0,10,162.03174603174602,183.94285714285712,204.16,True
dmv.923,2.3918989471847425,2.3870158975399245,10,0,0,2.388610552468636,2.4142167529180263,2.4255355045291287,False
dmv.924,1.799565788343734,1.7765933113906298,10,0,0,1.7304298908176932,1.7701728992316244,1.8028864637861177,False
dmv.925,2.44463206452379,2.385201532210446,10,0,0,2.371409108838056,2.401675719985662,2.414212695007541,False
dmv.926,4.970752955818295,4.648239743962758,10,0,0,4.56378906473176,5.035721311227888,5.436972502041928,False
dmv.927,2.3809814091938044,2.3529073986655487,10,0,0,2.3383123844674456,2.3715206165955536,2.401153059846786,False
dmv.928,1.3811475409836065,1.4500285684301357,0,0,10,1.4004872774778698,1.4417015763865955,1.5012192962688728,False
dmv.929,2.3985446136958304,2.368557549634609,10,0,0,2.346253448879283,2.386024580457482,2.433382829077139,False
dmv.93,2.146299532815856,2.3630898203364534,0,0,10,2.304564149514121,2.35736809755437,2.4045794197655983,False
dmv.930,2.447490441984678,2.3527757102111733,10,0,0,2.3447495009333434,2.364897653780824,2.385611519381345,False
dmv.931,2.1431388492797687,2.1299797477002658,10,0,0,2.087505332774707,2.12889218455079,2.192428904822326,False
dmv.932,2.3847125272637872,2.3548016292112686,10,0,0,2.3360194802254304,2.3662731955149265,2.381839741437206,False
dmv.933,2.7532686630113874,2.635978195033313,10,0,0,2.424962852897474,2.585175997336595,2.9744835965978127,False
dmv.934,2.405639761653686,2.405639761653686,2,8,0,2.2306382828330427,2.4386515098226527,2.57460550558513,False
dmv.935,2.4035896790434235,1.9104008771438403,10,0,0,1.833305812734485,1.9502083022644172,2.0130163642726733,False
dmv.936,2.456705903304019,2.4254916344786364,10,0,0,2.4170184345025634,2.4371959205353253,2.455385544828227,False
dmv.937,2.639638360150337,2.4605469216685987,10,0,0,2.3114330433516543,2.4181159841441584,2.4791265420852637,False
dmv.938,2.3662475294615426,2.386694860054235,0,0,10,2.344203873892516,2.3831355435409494,2.402270787145513,False
dmv.939,2.4460340383541825,2.3984499261361334,10,0,0,2.393222855068731,2.4190296845056145,2.4283917179225867,False
dmv.94,2.3224437086898093,2.38015494383471,0,0,10,2.3364947573837083,2.37699182475782,2.393275724661094,False
dmv.940,2.439412782693705,2.3992764508321063,10,0,0,2.4038249406410763,2.4506660474531006,2.5156777785542896,False
dmv.941,1.4046370084135282,1.3949396544537025,10,0,0,1.3690322487489035,1.4051553595229054,1.466123306294175,False
dmv.942,2.469472799683431,2.3690253020209893,10,0,0,2.375430566313027,2.3953637090442683,2.4145984443972166,False
dmv.944,2.3861233082441853,2.280144410071857,10,0,0,2.285050043289232,2.3046119245104704,2.318939182272464,False
dmv.945,1.7356829668306724,1.6401245104930213,10,0,0,1.538541352880142,1.5939016634869632,1.627740402316163,False
dmv.946,1.963979295005592,1.8491454496612243,10,0,0,1.7648349795120262,1.8168536478984496,1.8709809132640733,False
dmv.947,2.3829433848540087,2.38107155221846,10,0,0,2.362131763921948,2.3918305707366434,2.4085028893800406,False
dmv.948,2.146533502658258,2.0847524239168154,10,0,0,2.106168187981263,2.1540690296807004,2.2171044148314145,False
dmv.949,2.3788098775884867,2.3787779718396522,4,0,6,2.3788038951953863,2.3979471583513874,2.4095109293259847,False
dmv.95,2.2462790566286466,2.2086265771903215,10,0,0,2.1352322616928947,2.235955757253242,2.287673772603624,False
dmv.950,2.380603356416831,2.3798052352146395,10,0,0,2.36365485041965,2.3936118847827537,2.41027894230232,False
dmv.951,2.378765384166703,2.3738153921711294,10,0,0,2.3632652543826964,2.383210273174138,2.423647499844463,False
dmv.952,2.3344105510778603,2.3291828913548707,10,0,0,2.285269889688394,2.372694636238629,2.4562223574761615,False
dmv.953,2.398169370658291,2.3516703476168814,10,0,0,2.3452901445831333,2.368591717705965,2.3768330917976614,False
dmv.954,2.2431160518142566,2.2366881783375745,10,0,0,2.122156278694766,2.22655214075423,2.2809453428528785,False
dmv.955,2.383622076722943,2.362065695408408,10,0,0,2.297296667254524,2.3629795445955395,2.4347729408921235,False
dmv.956,2.4975292799818507,1.8729112726151425,10,0,0,1.7834058106746722,1.8038562011862824,1.8991581915269269,False
dmv.957,2.3905915534118556,2.3892748916496065,10,0,0,2.37888954449478,2.398759317574612,2.409190271295347,False
dmv.958,2.3973364834964337,2.3229609586393507,10,0,0,2.2735252412535063,2.3317053200323197,2.366732203534717,False
dmv.959,2.263964023605962,2.2442109375,10,0,0,2.1731127986092513,2.2248770287673456,2.2758055188040216,False
dmv.96,2.405121941718206,2.3623141760727426,10,0,0,2.328908888385943,2.384184059445663,2.457378189114458,False
dmv.960,2.4032301631963984,2.3691615227288696,10,0,0,2.360478922763612,2.398253670415869,2.430750192892288,False
dmv.961,2.449180125930383,2.442162125482782,10,0,0,2.4148179227338917,2.4510582743552844,2.456672591176829,False
dmv.962,2.385002391032678,2.3528717691053163,10,0,0,2.3450257855945464,2.367755858297345,2.376472854061096,False
dmv.963,2.404115849826127,2.3809617766052003,10,0,0,2.363272570768035,2.3928993830789613,2.407235451890391,False
dmv.964,2.2810385402922844,2.3728484403878887,0,0,10,2.2922804622832906,2.348335434248562,2.375943452020698,False
dmv.965,2.426094261109504,2.383669238028954,10,0,0,2.2639790407400806,2.380456943906321,2.451125129037153,False
dmv.966,2.4095879276950525,2.3776794742768077,10,0,0,2.3628803698398104,2.4018123635680926,2.464910845941291,False
dmv.967,2.3227159596185576,2.264888743455497,10,0,0,2.194582549839044,2.3030430888485802,2.3607032635959477,False
dmv.968,2.4667769161548416,2.3875007221815663,10,0,0,2.372475145255621,2.4038166011424185,2.4159554063014443,False
dmv.969,2.44423502174746,2.3928852671201595,10,0,0,2.3695092838901424,2.409987641044802,2.4333779236213866,False
dmv.97,2.3823509991195286,2.376633126216192,10,0,0,2.3717617797549,2.3907911624929126,2.401288413854835,False
dmv.970,2.39117102493116,2.344547438216533,10,0,0,2.323072715543343,2.362022635207963,2.400069872276779,False
dmv.971,2.3793864062994197,2.365378045266976,10,0,0,2.3465738127206364,2.3758353484594408,2.3891608752139573,False
dmv.972,2.264028567470292,2.2398435839198005,10,0,0,2.2734517620939005,2.310616226400618,2.3795093366297797,False
dmv.973,2.4241586837878764,2.387507104540102,10,0,0,2.3866762177050806,2.4009580107373063,2.420456474826862,False
dmv.974,2.3824142361162477,2.3823741132447678,4,0,6,2.3710110946093876,2.3944706546042758,2.4095333762080378,False
dmv.975,2.403587191603897,2.3822946968490473,10,0,0,2.3646974152463422,2.3950039638374765,2.411870021502528,False
dmv.976,3.6533957845433256,3.6627634660421546,0,0,10,2.6744730679156907,3.9051522248243558,6.836065573770492,False
dmv.977,2.4356427591326724,2.396770496563343,10,0,0,2.3606119033760185,2.4070268826651926,2.4441289285736705,False
dmv.978,2.4518736152353706,2.386016450404959,10,0,0,2.3739153055204265,2.3926206924477036,2.4273757582716193,False
dmv.979,2.4517176193963066,2.4400224381459643,10,0,0,2.4234823262168366,2.4585990907883044,2.4688035737165515,False
dmv.98,2.3839452557861476,2.378138021063519,10,0,0,2.369301278204487,2.39083146744655,2.400551685586515,False
dmv.980,1.0688932970429488,1.7000807102502018,0,0,10,1.6097039085187088,1.6834974493184585,1.7179548015896553,False
dmv.981,2.379585646138043,2.379585646138043,0,10,0,2.371144022880884,2.397407912328235,2.4062897105699403,False
dmv.982,2.4089340677088114,2.2239651709959576,10,0,0,2.166370562505499,2.201341266936489,2.2384175281676897,False
dmv.983,2.426378029647785,2.388479120918124,10,0,0,2.389873166726596,2.4062540986062446,2.419764842563436,False
dmv.984,2.4013672191361977,2.375717025433915,10,0,0,2.371157370275019,2.3959040024843623,2.403609133952788,False
dmv.985,1.5460147904683648,1.5627076411960132,3,0,7,1.3713556851311954,1.531234031659992,1.6784121320249776,False
dmv.986,2.300472918526682,2.274386217856821,10,0,0,2.226813037330294,2.2630983025701825,2.2841696891314265,False
dmv.987,2.4118613774495175,2.301367515936576,10,0,0,2.2545600670517993,2.3150411408360165,2.365981209419088,False
dmv.988,2.438117217652381,2.431126438709407,10,0,0,2.4146113432935272,2.44218418914757,2.4555150823288487,False
dmv.989,4.977923627684964,5.071732522796353,4,0,6,5.290424857324033,5.612518328445748,6.152654867256637,False
dmv.99,2.463138429608714,2.4382367721222535,10,0,0,2.400599177380613,2.4374514321184026,2.4700200603799285,False
dmv.990,2.3777455649376233,2.267187533461349,10,0,0,2.1979956313934124,2.2549464499268606,2.3086263606462047,False
dmv.991,2.2517372647802727,2.2455486946604886,10,0,0,2.257138062350739,2.304553033129811,2.435551271479195,False
dmv.992,5.279256171849952,4.594564428818573,10,0,0,4.500136649357748,4.8167724593302905,5.2296258654640155,False
dmv.993,2.3740755626806953,2.361826707879154,10,0,0,2.3584214415429896,2.375146525968164,2.416214496145516,False
dmv.994,2.3078811915293747,2.326210986618621,0,0,10,2.2389284718372746,2.300184075971803,2.3538376445956306,False
dmv.995,2.404975333604435,2.3835474498547273,10,0,0,2.3654071690205822,2.393292252705119,2.410043558898899,False
dmv.996,2.341697986176804,2.3368247469674794,10,0,0,2.3547017336384126,2.3783361204613698,2.4281018172820743,False
dmv.997,2.3792213908780493,2.3123513215477125,10,0,0,2.2216069804399754,2.2698145428780787,2.3178893581521454,False
dmv.998,2.394456577697041,2.38786059187389,10,0,0,2.3671207477540697,2.395828916276675,2.451402852140963,False
dmv.999,2.6272942373181194,3.0023753869480068,0,0,10,2.9021415878405197,3.0125065061673726,3.07815768849624,False
