candidate_id,mechanism,columns,statistics_oid,catalog_row_present,native_payload_present,serialized_payload_valid,diagnostic_reason
cand_9d13a2ab8575f27a140e,mcv,"dage,dancstry1",25186,True,True,True,valid
cand_a1be68868bb641aaa03e,mcv,"dage,dancstry2",25187,True,True,True,valid
cand_dbe5536e3f9bae3cfc6d,mcv,"dage,iavail",25188,True,True,True,valid
cand_85310df78fd815a0e367,mcv,"dage,icitizen",25189,True,True,True,valid
cand_b968725e2259713b88f7,mcv,"dage,iclass",25190,True,True,True,valid
cand_519c5370cb5c2c566ebf,mcv,"dage,ddepart",25191,True,True,True,valid
cand_58e63ce8ad3e712827dd,mcv,"dage,idisabl1",25192,True,True,True,valid
cand_a7b9462dfc534f6b3c23,mcv,"dage,idisabl2",25193,True,True,True,valid
cand_2358b324d6f86eeaca6e,mcv,"dage,ienglish",25194,True,True,True,valid
cand_48aec586960a441ee256,mcv,"dage,ifeb55",25195,True,True,True,valid
cand_ba1e01204697e1c4d405,mcv,"dage,ifertil",25196,True,True,True,valid
cand_3ab7ecc42cc270182ad3,mcv,"dage,dhispanic",25197,True,True,True,valid
cand_67fd3a4bc691e2104c8a,mcv,"dage,dhour89",25198,True,True,True,valid
cand_4f7c63eb1d7d4534d1f6,mcv,"dage,dhours",25199,True,True,True,valid
cand_02f42f60698c387ee514,mcv,"dage,iimmigr",25200,True,True,True,valid
cand_6f3e725b868a0da5af21,mcv,"dage,dincome1",25201,True,True,True,valid
cand_9a78a407cde7fc93f309,mcv,"dage,dincome2",25202,True,True,True,valid
cand_3e206a5e96e3d8458db9,mcv,"dage,dincome3",25203,True,True,True,valid
cand_d5e8c038c8539093c799,mcv,"dage,dincome4",25204,True,True,True,valid
cand_ac5edc5b7e70ab7bc081,mcv,"dage,dincome5",25205,True,True,True,valid
cand_71d45945087f48ff41c4,mcv,"dage,dincome6",25206,True,True,True,valid
cand_ac5f9af51bc42e698c3c,mcv,"dage,dincome7",25207,True,True,True,valid
cand_d8a8c70abd0ab4b04e88,mcv,"dage,dincome8",25208,True,True,True,valid
cand_c276368069d9480ece32,mcv,"dage,dindustry",25209,True,True,True,valid
cand_23c80d04c221f27a9a4f,mcv,"dage,ikorean",25210,True,True,True,valid
cand_1be0e82a94327a699db3,mcv,"dage,ilang1",25211,True,True,True,valid
cand_6539b9580fdd8c1f93e9,mcv,"dage,ilooking",25212,True,True,True,valid
cand_153f7e1b78d02287ed9e,mcv,"dage,imarital",25213,True,True,True,valid
cand_a6e1fe09e7927c28862e,mcv,"dage,imay75880",25214,True,True,True,valid
cand_a7bac09710f6eaf91941,mcv,"dage,imeans",25215,True,True,True,valid
cand_036477fae086759165c9,mcv,"dage,imilitary",25216,True,True,True,valid
cand_db7ceb5b504c5a9dc986,mcv,"dage,imobility",25217,True,True,True,valid
cand_d9d4ba7fcb4cf1aadd30,mcv,"dage,imobillim",25218,True,True,True,valid
cand_80bc49a475199a551ed6,mcv,"dage,doccup",25219,True,True,True,valid
cand_6d56f1861b627abc1ca2,mcv,"dage,iothrserv",25220,True,True,True,valid
cand_d797991f2456ea59801a,mcv,"dage,iperscare",25221,True,True,True,valid
cand_17f790e4bf0e97462bc1,mcv,"dage,dpob",25222,True,True,True,valid
cand_d44a4d771b1b28f43aba,mcv,"dage,dpoverty",25223,True,True,True,valid
cand_19955e21da8f965cb7f7,mcv,"dage,dpwgt1",25224,True,True,True,valid
cand_a673d64fa7c9efcabcfc,mcv,"dage,iragechld",25225,True,True,True,valid
cand_78ef6200fce522fb324c,mcv,"dage,drearning",25226,True,True,True,valid
cand_6c4d22b5ece8b03a6c6c,mcv,"dage,irelat1",25227,True,True,True,valid
cand_ec015799ad1ba3047285,mcv,"dage,irelat2",25228,True,True,True,valid
cand_a4c01affab8005b60130,mcv,"dage,iremplpar",25229,True,True,True,valid
cand_535bdc97f9d233c9c241,mcv,"dage,iriders",25230,True,True,True,valid
cand_8c66ffbd5d9f670ff6f3,mcv,"dage,irlabor",25231,True,True,True,valid
cand_1086aac25bfb3ba422df,mcv,"dage,irownchld",25232,True,True,True,valid
cand_008880ecbead9e54879d,mcv,"dage,drpincome",25233,True,True,True,valid
cand_e657dede1fc96d85adcf,mcv,"dage,irpob",25234,True,True,True,valid
cand_8b0b8843c69c13f4fa49,mcv,"dage,irrelchld",25235,True,True,True,valid
cand_20361a25517876ad8526,mcv,"dage,irspouse",25236,True,True,True,valid
cand_37222009d5120dc1e3d8,mcv,"dage,irvetserv",25237,True,True,True,valid
cand_5b59edd448334517428a,mcv,"dage,ischool",25238,True,True,True,valid
cand_e88a1ee4c833209241cf,mcv,"dage,isept80",25239,True,True,True,valid
cand_614d3c5bd88e0ae73e3a,mcv,"dage,isex",25240,True,True,True,valid
cand_b749f6d2617fe132b59c,mcv,"dage,isubfam1",25241,True,True,True,valid
cand_e12fe5dac674c714ed49,mcv,"dage,isubfam2",25242,True,True,True,valid
cand_3150111ef1729b245116,mcv,"dage,itmpabsnt",25243,True,True,True,valid
cand_32c0ec8a872a788ae5f3,mcv,"dage,dtravtime",25244,True,True,True,valid
cand_c01e6e349c63abb8b5c0,mcv,"dage,ivietnam",25245,True,True,True,valid
cand_9593117e8c9cd508f464,mcv,"dage,dweek89",25246,True,True,True,valid
cand_3fa2eba87f1d709a0ce0,mcv,"dage,iwork89",25247,True,True,True,valid
cand_2242194c555ecc84a161,mcv,"dage,iworklwk",25248,True,True,True,valid
cand_7b3d2a63a455036fea32,mcv,"dage,iwwii",25249,True,True,True,valid
cand_ba869453927061440b1a,mcv,"dage,iyearsch",25250,True,True,True,valid
cand_35f1dca2a9409187d079,mcv,"dage,iyearwrk",25251,True,True,True,valid
cand_e442270c6e6abb822d87,mcv,"dancstry1,dancstry2",25252,True,True,True,valid
cand_933475f296cb061832e9,mcv,"dancstry1,iavail",25253,True,True,True,valid
cand_46481d208f17e5b086c2,mcv,"dancstry1,icitizen",25254,True,True,True,valid
cand_8fa8ac6afff0e5364f9c,mcv,"dancstry1,iclass",25255,True,True,True,valid
cand_662ce4da9812f7b74e80,mcv,"dancstry1,ddepart",25256,True,True,True,valid
cand_959d2befe424ea56786b,mcv,"dancstry1,idisabl1",25257,True,True,True,valid
cand_7588d202f789cfe14d36,mcv,"dancstry1,idisabl2",25258,True,True,True,valid
cand_392ce363c59c0e2a8afd,mcv,"dancstry1,ienglish",25259,True,True,True,valid
cand_31770db4f6d9e19d3ed8,mcv,"dancstry1,ifeb55",25260,True,True,True,valid
cand_5c97ae1a49db3f58e50c,mcv,"dancstry1,ifertil",25261,True,True,True,valid
cand_e15e64ab128700a0f981,mcv,"dancstry1,dhispanic",25262,True,True,True,valid
cand_9b87dd52a77606fceb22,mcv,"dancstry1,dhour89",25263,True,True,True,valid
cand_e7b24fc6f0363e176179,mcv,"dancstry1,dhours",25264,True,True,True,valid
cand_5531c69f911358667884,mcv,"dancstry1,iimmigr",25265,True,True,True,valid
cand_d4273dee6f77b4ee0aeb,mcv,"dancstry1,dincome1",25266,True,True,True,valid
cand_63d188c8cc78ff14edde,mcv,"dancstry1,dincome2",25267,True,True,True,valid
cand_3de87eb19829a79d1d4e,mcv,"dancstry1,dincome3",25268,True,True,True,valid
cand_ce7e96762de910c708a1,mcv,"dancstry1,dincome4",25269,True,True,True,valid
cand_34d703c38dea98656bd0,mcv,"dancstry1,dincome5",25270,True,True,True,valid
cand_8bcd6caa6f66e5494005,mcv,"dancstry1,dincome6",25271,True,True,True,valid
cand_332d3ab4f632b40ed44e,mcv,"dancstry1,dincome7",25272,True,True,True,valid
cand_cf80943f7bbd89ebe0c6,mcv,"dancstry1,dincome8",25273,True,True,True,valid
cand_b0206322d08e5c39b722,mcv,"dancstry1,dindustry",25274,True,True,True,valid
cand_793d605154ad4369719e,mcv,"dancstry1,ikorean",25275,True,True,True,valid
cand_dc8d6b9e583770c5bfad,mcv,"dancstry1,ilang1",25276,True,True,True,valid
cand_ad8bed644cb6ac0305cc,mcv,"dancstry1,ilooking",25277,True,True,True,valid
cand_bca22825025252222755,mcv,"dancstry1,imarital",25278,True,True,True,valid
cand_a92384bc140fdaabf40d,mcv,"dancstry1,imay75880",25279,True,True,True,valid
cand_1981d6626a5d159dc573,mcv,"dancstry1,imeans",25280,True,True,True,valid
cand_36f72e29759c27eb4bb8,mcv,"dancstry1,imilitary",25281,True,True,True,valid
cand_cd3c52ea3da0bee853e6,mcv,"dancstry1,imobility",25282,True,True,True,valid
cand_5fcdca43a6d87a219798,mcv,"dancstry1,imobillim",25283,True,True,True,valid
cand_a935767d33d25d270a15,mcv,"dancstry1,doccup",25284,True,True,True,valid
cand_9a7d6be82c300f6de13b,mcv,"dancstry1,iothrserv",25285,True,True,True,valid
cand_93cb8eca1b6a33f42aec,mcv,"dancstry1,iperscare",25286,True,True,True,valid
cand_52360ab886126d3f0c6a,mcv,"dancstry1,dpob",25287,True,True,True,valid
cand_e912e3798049556e8576,mcv,"dancstry1,dpoverty",25288,True,True,True,valid
cand_fa390c84183f4ce0cbe8,mcv,"dancstry1,dpwgt1",25289,True,True,True,valid
cand_439ca71c13e3d5a9b111,mcv,"dancstry1,iragechld",25290,True,True,True,valid
cand_942254d51c706c7d245a,mcv,"dancstry1,drearning",25291,True,True,True,valid
cand_40d9e9a9543b7b1641e4,mcv,"dancstry1,irelat1",25292,True,True,True,valid
cand_8ef205e6fecb5a67be24,mcv,"dancstry1,irelat2",25293,True,True,True,valid
cand_2eec8e2e554fee87b8aa,mcv,"dancstry1,iremplpar",25294,True,True,True,valid
cand_d74b963a6fcb77c049ce,mcv,"dancstry1,iriders",25295,True,True,True,valid
cand_0f86cd0f65c99113cbac,mcv,"dancstry1,irlabor",25296,True,True,True,valid
cand_c38131fae460b194c30e,mcv,"dancstry1,irownchld",25297,True,True,True,valid
cand_c32cd3408b401eeffb9e,mcv,"dancstry1,drpincome",25298,True,True,True,valid
cand_cd8bba8693199d93561f,mcv,"dancstry1,irpob",25299,True,True,True,valid
cand_6f5501f646ce68ec1300,mcv,"dancstry1,irrelchld",25300,True,True,True,valid
cand_3a8ded23595c5b3537de,mcv,"dancstry1,irspouse",25301,True,True,True,valid
cand_f1f5fba7fd213f50c072,mcv,"dancstry1,irvetserv",25302,True,True,True,valid
cand_62d42e09755d81d24c5f,mcv,"dancstry1,ischool",25303,True,True,True,valid
cand_74cba1ac4b74e9ed7ecb,mcv,"dancstry1,isept80",25304,True,True,True,valid
cand_11f583b10946e3f1f8b1,mcv,"dancstry1,isex",25305,True,True,True,valid
cand_eedde1a2f3699909691c,mcv,"dancstry1,isubfam1",25306,True,True,True,valid
cand_cbcf280a5f5469e1f906,mcv,"dancstry1,isubfam2",25307,True,True,True,valid
cand_06abc6b8b9a5b1f3dc6d,mcv,"dancstry1,itmpabsnt",25308,True,True,True,valid
cand_ca8a713bbebd07e810aa,mcv,"dancstry1,dtravtime",25309,True,True,True,valid
cand_e247d8f80caeef8df036,mcv,"dancstry1,ivietnam",25310,True,True,True,valid
cand_6d034fa86386ff82f722,mcv,"dancstry1,dweek89",25311,True,True,True,valid
cand_a2de0efb307bccb686b6,mcv,"dancstry1,iwork89",25312,True,True,True,valid
cand_c148ea69be535035f638,mcv,"dancstry1,iworklwk",25313,True,True,True,valid
cand_70ec2c7fedb3613deee2,mcv,"dancstry1,iyearsch",25314,True,True,True,valid
cand_108713b3f53655991a2a,mcv,"dancstry1,iyearwrk",25315,True,True,True,valid
cand_8f5608ba733daf19a23a,mcv,"dancstry2,iavail",25316,True,True,True,valid
cand_40133181f86375e9aea9,mcv,"dancstry2,icitizen",25317,True,True,True,valid
cand_331f19ed006cc387ab3d,mcv,"dancstry2,iclass",25318,True,True,True,valid
cand_8d7708a32390de8f3ee2,mcv,"dancstry2,ddepart",25319,True,True,True,valid
cand_1b6820afa940eea4b1bd,mcv,"dancstry2,idisabl1",25320,True,True,True,valid
cand_3bec628b4c5b1f3f4e2c,mcv,"dancstry2,idisabl2",25321,True,True,True,valid
cand_57a7cf210ba69ddcc792,mcv,"dancstry2,ienglish",25322,True,True,True,valid
cand_a03a685157e0959eea9c,mcv,"dancstry2,ifeb55",25323,True,True,True,valid
cand_ea0a6138c35ddda8436a,mcv,"dancstry2,ifertil",25324,True,True,True,valid
cand_8194bba44fe6871703c8,mcv,"dancstry2,dhispanic",25325,True,True,True,valid
cand_ecb4be8c49086bf984bc,mcv,"dancstry2,dhour89",25326,True,True,True,valid
cand_7bc1574b21422bbf38f0,mcv,"dancstry2,dhours",25327,True,True,True,valid
cand_c760c7f3e172d3972dc4,mcv,"dancstry2,iimmigr",25328,True,True,True,valid
cand_ee11a9b2683e69e7f94b,mcv,"dancstry2,dincome1",25329,True,True,True,valid
cand_59bb9f01d38f4b43263b,mcv,"dancstry2,dincome2",25330,True,True,True,valid
cand_86abef5556cf199b5c7f,mcv,"dancstry2,dincome3",25331,True,True,True,valid
cand_84085d17affc01ecca43,mcv,"dancstry2,dincome4",25332,True,True,True,valid
cand_524324e38ac926c91c0b,mcv,"dancstry2,dincome5",25333,True,True,True,valid
cand_33b4b0fa772e4adcc286,mcv,"dancstry2,dincome6",25334,True,True,True,valid
cand_e8b66311866f4f5bd818,mcv,"dancstry2,dincome7",25335,True,True,True,valid
cand_7dd47ee096a67b4918b8,mcv,"dancstry2,dincome8",25336,True,True,True,valid
cand_7ad23ee87c13f88952bc,mcv,"dancstry2,dindustry",25337,True,True,True,valid
cand_401f96d93f7a1ec88e25,mcv,"dancstry2,ikorean",25338,True,True,True,valid
cand_a5b1494e7c1bec97160b,mcv,"dancstry2,ilang1",25339,True,True,True,valid
cand_091073ba323326fa88da,mcv,"dancstry2,ilooking",25340,True,True,True,valid
cand_a1232e93bc4a6d83304e,mcv,"dancstry2,imarital",25341,True,True,True,valid
cand_f88113b973d116f133a3,mcv,"dancstry2,imay75880",25342,True,True,True,valid
cand_803ed13053702737eb9f,mcv,"dancstry2,imeans",25343,True,True,True,valid
cand_62fb00997308180bb2ab,mcv,"dancstry2,imilitary",25344,True,True,True,valid
cand_2ea579d1ba0bcbdba910,mcv,"dancstry2,imobility",25345,True,True,True,valid
cand_05d839b22a9b165d5fcf,mcv,"dancstry2,imobillim",25346,True,True,True,valid
cand_e9c085588da11b62ebd5,mcv,"dancstry2,doccup",25347,True,True,True,valid
cand_c25e1d88ee9b3a14cba6,mcv,"dancstry2,iothrserv",25348,True,True,True,valid
cand_bd4de110b6dba88c006c,mcv,"dancstry2,iperscare",25349,True,True,True,valid
cand_f1d5091958a35f45d6c8,mcv,"dancstry2,dpob",25350,True,True,True,valid
cand_73fb1411c21b7478912c,mcv,"dancstry2,dpoverty",25351,True,True,True,valid
cand_f4d27e739ae4cd9fa1ca,mcv,"dancstry2,dpwgt1",25352,True,True,True,valid
cand_5c663a03359ce0d4c73e,mcv,"dancstry2,iragechld",25353,True,True,True,valid
cand_0055d21b7bc562b25de9,mcv,"dancstry2,drearning",25354,True,True,True,valid
cand_261dbc64d3c9e225a020,mcv,"dancstry2,irelat1",25355,True,True,True,valid
cand_29f9385932f302599c11,mcv,"dancstry2,irelat2",25356,True,True,True,valid
cand_783d00d01b08708adef6,mcv,"dancstry2,iremplpar",25357,True,True,True,valid
cand_268affa59943dc3f0bfa,mcv,"dancstry2,iriders",25358,True,True,True,valid
cand_68ac7b6f38ac25efec98,mcv,"dancstry2,irlabor",25359,True,True,True,valid
cand_696a08513da55d152a36,mcv,"dancstry2,irownchld",25360,True,True,True,valid
cand_cb85062605b456758a7a,mcv,"dancstry2,drpincome",25361,True,True,True,valid
cand_2da95cd218a034b719e5,mcv,"dancstry2,irpob",25362,True,True,True,valid
cand_b0baf82ec8e33647230d,mcv,"dancstry2,irrelchld",25363,True,True,True,valid
cand_0ec20e8be4ce27b13f9c,mcv,"dancstry2,irspouse",25364,True,True,True,valid
cand_bb4b750395484b295570,mcv,"dancstry2,irvetserv",25365,True,True,True,valid
cand_fddac8b4d8445fbbeef8,mcv,"dancstry2,ischool",25366,True,True,True,valid
cand_d13bcf28936b2358cbca,mcv,"dancstry2,isept80",25367,True,True,True,valid
cand_65799baec787c6139890,mcv,"dancstry2,isex",25368,True,True,True,valid
cand_d0c685a4165dad151ae1,mcv,"dancstry2,isubfam1",25369,True,True,True,valid
cand_11e7f2354472924d8d98,mcv,"dancstry2,isubfam2",25370,True,True,True,valid
cand_fd57729612b7b36673ab,mcv,"dancstry2,itmpabsnt",25371,True,True,True,valid
cand_a08ff8afa511b3a7b801,mcv,"dancstry2,dtravtime",25372,True,True,True,valid
cand_f94e40576f688c036066,mcv,"dancstry2,ivietnam",25373,True,True,True,valid
cand_7aab7bac234bde3a73ba,mcv,"dancstry2,dweek89",25374,True,True,True,valid
cand_98fec01084e8597d7c61,mcv,"dancstry2,iwork89",25375,True,True,True,valid
cand_ca572b57cc76563b04f2,mcv,"dancstry2,iworklwk",25376,True,True,True,valid
cand_49511fa8b76698908b58,mcv,"dancstry2,iwwii",25377,True,True,True,valid
cand_4d4f6788b41ccb6edd25,mcv,"dancstry2,iyearsch",25378,True,True,True,valid
cand_c1fac742d0c14a99be03,mcv,"dancstry2,iyearwrk",25379,True,True,True,valid
cand_bcd83bc18a4d7a51bfda,mcv,"dancstry2,dyrsserv",25380,True,True,True,valid
cand_34af1e64564c4b3059b0,mcv,"iavail,icitizen",25381,True,True,True,valid
cand_cfb3299dcf7cf12b5ad6,mcv,"iavail,iclass",25382,True,True,True,valid
cand_06750eb76d1b0d425bb1,mcv,"iavail,ddepart",25383,True,True,True,valid
cand_92f17d38250a710ae0d0,mcv,"iavail,idisabl1",25384,True,True,True,valid
cand_427aa80294e7e1a0e019,mcv,"iavail,idisabl2",25385,True,True,True,valid
cand_6ec8f2e4e64ff185968d,mcv,"iavail,ienglish",25386,True,True,True,valid
cand_722a9e8c191cf3058be2,mcv,"iavail,ifeb55",25387,True,True,True,valid
cand_dcaae4aba903ef76206b,mcv,"iavail,ifertil",25388,True,True,True,valid
cand_87b6daf84d1ccbe14f54,mcv,"iavail,dhispanic",25389,True,True,True,valid
cand_8fa1b802ce5819d33484,mcv,"iavail,dhour89",25390,True,True,True,valid
cand_119acdc9d1c9d3f10820,mcv,"iavail,dhours",25391,True,True,True,valid
cand_c4ae90c790db20412e39,mcv,"iavail,dincome1",25392,True,True,True,valid
cand_c6d7a7ffd5d71c866482,mcv,"iavail,dincome2",25393,True,True,True,valid
cand_3dc0978714f40a196c59,mcv,"iavail,dincome3",25394,True,True,True,valid
cand_d4a33b3a4d3a07a15ee7,mcv,"iavail,dincome4",25395,True,True,True,valid
cand_2c3b8143392125ef4985,mcv,"iavail,dincome5",25396,True,True,True,valid
cand_4b45f6a8a67a91e76b29,mcv,"iavail,dincome6",25397,True,True,True,valid
cand_517194ddfde2a62daa31,mcv,"iavail,dincome7",25398,True,True,True,valid
cand_0e573167cd514049048d,mcv,"iavail,dincome8",25399,True,True,True,valid
cand_c7db19a560bbaa51a10a,mcv,"iavail,dindustry",25400,True,True,True,valid
cand_2a4fbc418659681c5b7a,mcv,"iavail,ikorean",25401,True,True,True,valid
cand_d35fe0b9d4b3957ad773,mcv,"iavail,ilang1",25402,True,True,True,valid
cand_72e0d9ec0f5434f46ae8,mcv,"iavail,ilooking",25403,True,True,True,valid
cand_20028beb813fd124cfe7,mcv,"iavail,imarital",25404,True,True,True,valid
cand_a7ec9e190e75a3b5662b,mcv,"iavail,imay75880",25405,True,True,True,valid
cand_bf43cd0430e7265bd037,mcv,"iavail,imeans",25406,True,True,True,valid
cand_4b6af7ddc2465c49324e,mcv,"iavail,imilitary",25407,True,True,True,valid
cand_56b31e52024140b2ba82,mcv,"iavail,imobility",25408,True,True,True,valid
cand_8e9781f8b76df45f3518,mcv,"iavail,imobillim",25409,True,True,True,valid
cand_577053bf1dc8a0e9607a,mcv,"iavail,doccup",25410,True,True,True,valid
cand_7a7e3982df55b903f72e,mcv,"iavail,iothrserv",25411,True,True,True,valid
cand_6fac3b154c9da6262878,mcv,"iavail,iperscare",25412,True,True,True,valid
cand_f873e7af50d75e7f89e7,mcv,"iavail,dpob",25413,True,True,True,valid
cand_0b7f794896974a6e8787,mcv,"iavail,dpoverty",25414,True,True,True,valid
cand_0ba028fecd8bd288aa01,mcv,"iavail,dpwgt1",25415,True,True,True,valid
cand_513a6bafacfcdc2fa1ae,mcv,"iavail,iragechld",25416,True,True,True,valid
cand_6cd80c8165f7e83d7fdf,mcv,"iavail,drearning",25417,True,True,True,valid
cand_1a85472e65329735bb22,mcv,"iavail,irelat1",25418,True,True,True,valid
cand_2ccd399d366ca96d37d6,mcv,"iavail,irelat2",25419,True,True,True,valid
cand_395acd8f5949acffc7d3,mcv,"iavail,iremplpar",25420,True,True,True,valid
cand_151c2dbc8a3b5520f1ca,mcv,"iavail,iriders",25421,True,True,True,valid
cand_6e46b4c4e6af3c4b673d,mcv,"iavail,irlabor",25422,True,True,True,valid
cand_3fad430dff45411b8c69,mcv,"iavail,irownchld",25423,True,True,True,valid
cand_ea1331e1b038918bb11b,mcv,"iavail,drpincome",25424,True,True,True,valid
cand_8b85efa2bce88ce383b9,mcv,"iavail,irpob",25425,True,True,True,valid
cand_a213662454c85c2fc884,mcv,"iavail,irrelchld",25426,True,True,True,valid
cand_24b9dd5a383c5b9f44b3,mcv,"iavail,irspouse",25427,True,True,True,valid
cand_5af63ca28923b1fd8c1f,mcv,"iavail,irvetserv",25428,True,True,True,valid
cand_d3cdfd7c60a4515ea2ff,mcv,"iavail,ischool",25429,True,True,True,valid
cand_fb3f4579f65b1bffe2bd,mcv,"iavail,isept80",25430,True,True,True,valid
cand_d1bc63da1360a4b35cc3,mcv,"iavail,isex",25431,True,True,True,valid
cand_f0842fdaac3d3fcf3f67,mcv,"iavail,isubfam1",25432,True,True,True,valid
cand_a3bd977e7c67fd6d4746,mcv,"iavail,isubfam2",25433,True,True,True,valid
cand_3ef7f88574f28b169280,mcv,"iavail,itmpabsnt",25434,True,True,True,valid
cand_ee21f1ceef9ac7c60dc7,mcv,"iavail,dtravtime",25435,True,True,True,valid
cand_c129e4cfcb840f3d276d,mcv,"iavail,ivietnam",25436,True,True,True,valid
cand_584fea8dab2444c46da5,mcv,"iavail,dweek89",25437,True,True,True,valid
cand_b086d538fd7e790167ad,mcv,"iavail,iwork89",25438,True,True,True,valid
cand_18402f7df73092e1a495,mcv,"iavail,iworklwk",25439,True,True,True,valid
cand_0df33a248f792ab8b114,mcv,"iavail,iwwii",25440,True,True,True,valid
cand_3f2a3cea07cf4ad5b4d4,mcv,"iavail,iyearsch",25441,True,True,True,valid
cand_0cf7ac29934493d3fca5,mcv,"iavail,iyearwrk",25442,True,True,True,valid
cand_ad47f7b379dc2b6299bb,mcv,"iavail,dyrsserv",25443,True,True,True,valid
cand_bb124943836feffdcb21,mcv,"icitizen,iclass",25444,True,True,True,valid
cand_df09899014a975dec609,mcv,"icitizen,ddepart",25445,True,True,True,valid
cand_5e19841691430faf150a,mcv,"icitizen,idisabl1",25446,True,True,True,valid
cand_01b6bdcc05abd6320c2d,mcv,"icitizen,idisabl2",25447,True,True,True,valid
cand_4bbc75fb487ca156ace3,mcv,"icitizen,ienglish",25448,True,True,True,valid
cand_d36d7d030bd21a8e3d0d,mcv,"icitizen,ifeb55",25449,True,True,True,valid
cand_032468171aa05a869c6c,mcv,"icitizen,ifertil",25450,True,True,True,valid
cand_b849a2fcea31e49e33be,mcv,"icitizen,dhispanic",25451,True,True,True,valid
cand_e33c6a84742e331d654b,mcv,"icitizen,dhour89",25452,True,True,True,valid
cand_8e769df9f4c8b4c7147d,mcv,"icitizen,iimmigr",25453,True,True,True,valid
cand_8014727e45ce3e31c25a,mcv,"icitizen,dincome1",25454,True,True,True,valid
cand_c62fade13a0a3ac01319,mcv,"icitizen,dincome2",25455,True,True,True,valid
cand_53e60757b9ec463671d7,mcv,"icitizen,dincome3",25456,True,True,True,valid
cand_c6b8a05a0b8b29361e9c,mcv,"icitizen,dincome4",25457,True,True,True,valid
cand_a41f3422aa9ddc8f9ec6,mcv,"icitizen,dincome5",25458,True,True,True,valid
cand_8debb678db7a3a111783,mcv,"icitizen,dincome6",25459,True,True,True,valid
cand_96f3e2e2bd21f63bb966,mcv,"icitizen,dincome7",25460,True,True,True,valid
cand_40d878165710e8320a13,mcv,"icitizen,dincome8",25461,True,True,True,valid
cand_e160e3ff4026b891f193,mcv,"icitizen,dindustry",25462,True,True,True,valid
cand_17069b80d1d2df850260,mcv,"icitizen,ikorean",25463,True,True,True,valid
cand_566e641384a0e4cbf323,mcv,"icitizen,ilang1",25464,True,True,True,valid
cand_5d5771ccbe63c8b021ed,mcv,"icitizen,ilooking",25465,True,True,True,valid
cand_2a372a09620cd095bea3,mcv,"icitizen,imarital",25466,True,True,True,valid
cand_baba43563d0273471f75,mcv,"icitizen,imay75880",25467,True,True,True,valid
cand_22551502066435a6d6ba,mcv,"icitizen,imeans",25468,True,True,True,valid
cand_0087241ad990c53b6b17,mcv,"icitizen,imilitary",25469,True,True,True,valid
cand_c6360bab7b0990dc3ed3,mcv,"icitizen,imobility",25470,True,True,True,valid
cand_962ce64420329c27ba4a,mcv,"icitizen,imobillim",25471,True,True,True,valid
cand_dac2b7194844e48b90ac,mcv,"icitizen,doccup",25472,True,True,True,valid
cand_d3ffc9e3243c340b4dfa,mcv,"icitizen,iothrserv",25473,True,True,True,valid
cand_24b6170b279e5cea8f9a,mcv,"icitizen,iperscare",25474,True,True,True,valid
cand_0c912d3f4adf780820f3,mcv,"icitizen,dpob",25475,True,True,True,valid
cand_fbca6442418f6724075d,mcv,"icitizen,dpoverty",25476,True,True,True,valid
cand_019eb6979d61b87e955f,mcv,"icitizen,dpwgt1",25477,True,True,True,valid
cand_9c1bfbae0c9a88d048bc,mcv,"icitizen,iragechld",25478,True,True,True,valid
cand_1c16d173dfa7626fa0f8,mcv,"icitizen,drearning",25479,True,True,True,valid
cand_ccd8b6c821dce6815e7f,mcv,"icitizen,irelat1",25480,True,True,True,valid
cand_1f0c2256773a457cf49c,mcv,"icitizen,irelat2",25481,True,True,True,valid
cand_ee7167b26193d655ee62,mcv,"icitizen,iremplpar",25482,True,True,True,valid
cand_0c93fcb7a58639b2202f,mcv,"icitizen,irlabor",25483,True,True,True,valid
cand_4a2add1e80701bfed77f,mcv,"icitizen,irownchld",25484,True,True,True,valid
cand_1df4cdce0dab36dc8c89,mcv,"icitizen,irpob",25485,True,True,True,valid
cand_df4b7ee37a08461dd762,mcv,"icitizen,irrelchld",25486,True,True,True,valid
cand_331445ebfb468230772b,mcv,"icitizen,irspouse",25487,True,True,True,valid
cand_a7cf54578a080bd0a300,mcv,"icitizen,irvetserv",25488,True,True,True,valid
cand_a5d5011952da562e6c43,mcv,"icitizen,ischool",25489,True,True,True,valid
cand_557ad3255a1c4db4957e,mcv,"icitizen,isept80",25490,True,True,True,valid
cand_18750b011ac99ed49904,mcv,"icitizen,isex",25491,True,True,True,valid
cand_e7772a1f8b98cb825676,mcv,"icitizen,isubfam1",25492,True,True,True,valid
cand_c9265e6a4ba85e0b0d4a,mcv,"icitizen,isubfam2",25493,True,True,True,valid
cand_260e27f217a0643f702b,mcv,"icitizen,itmpabsnt",25494,True,True,True,valid
cand_d048de474403167cdf68,mcv,"icitizen,dtravtime",25495,True,True,True,valid
cand_f65c214bebe7d786a469,mcv,"icitizen,ivietnam",25496,True,True,True,valid
cand_8780246c794d47f9c1d3,mcv,"icitizen,dweek89",25497,True,True,True,valid
cand_e9ea8058aa7ec2f41484,mcv,"icitizen,iwork89",25498,True,True,True,valid
cand_cf66e63191fb61b24891,mcv,"icitizen,iworklwk",25499,True,True,True,valid
cand_91f2fba21eb5b466c9f9,mcv,"icitizen,iwwii",25500,True,True,True,valid
cand_a6cc4a91531a9ec45d75,mcv,"icitizen,iyearsch",25501,True,True,True,valid
cand_947e572613eb4cb4383f,mcv,"icitizen,iyearwrk",25502,True,True,True,valid
cand_741de707a2be1254aaaf,mcv,"icitizen,dyrsserv",25503,True,True,True,valid
cand_125fc4a37ec15a091af4,mcv,"iclass,ddepart",25504,True,True,True,valid
cand_12b0a14a302644a1b976,mcv,"iclass,idisabl1",25505,True,True,True,valid
cand_1d3f52eee36e04dc422c,mcv,"iclass,idisabl2",25506,True,True,True,valid
cand_ff6c9ae1fffa20fa870a,mcv,"iclass,ienglish",25507,True,True,True,valid
cand_6b08b26c259372bf7885,mcv,"iclass,ifeb55",25508,True,True,True,valid
cand_0171b1aaebaea1b9d566,mcv,"iclass,ifertil",25509,True,True,True,valid
cand_3afcb31116fcc6f9ad08,mcv,"iclass,dhispanic",25510,True,True,True,valid
cand_2e252016e12885ccd948,mcv,"iclass,dhour89",25511,True,True,True,valid
cand_35ae7c285c75a6383d9b,mcv,"iclass,dhours",25512,True,True,True,valid
cand_b33072c7eaebb0ced2b2,mcv,"iclass,iimmigr",25513,True,True,True,valid
cand_4a7c398d90443bae162b,mcv,"iclass,dincome1",25514,True,True,True,valid
cand_406fcd2c87352b49874f,mcv,"iclass,dincome2",25515,True,True,True,valid
cand_72788155dcbc6963a0dd,mcv,"iclass,dincome3",25516,True,True,True,valid
cand_f1de51d98de9719fb28a,mcv,"iclass,dincome4",25517,True,True,True,valid
cand_2ff21fbf67fda307c33e,mcv,"iclass,dincome5",25518,True,True,True,valid
cand_ca2a41a5d7b81ffcbe51,mcv,"iclass,dincome6",25519,True,True,True,valid
cand_140571e4a794e7c89466,mcv,"iclass,dincome7",25520,True,True,True,valid
cand_b7ad189e66dd531c2573,mcv,"iclass,dincome8",25521,True,True,True,valid
cand_55f6cd7f8dcf67f38b1d,mcv,"iclass,dindustry",25522,True,True,True,valid
cand_38a464771ab7b1f0881b,mcv,"iclass,ikorean",25523,True,True,True,valid
cand_39f5ecfe5f2728a3dc52,mcv,"iclass,ilang1",25524,True,True,True,valid
cand_b0ee5fa9735acb9f9e04,mcv,"iclass,ilooking",25525,True,True,True,valid
cand_a7dfadb66d3ab522dfa6,mcv,"iclass,imarital",25526,True,True,True,valid
cand_df3a2151a3f72217617e,mcv,"iclass,imay75880",25527,True,True,True,valid
cand_ebb62dfc75440a9687ff,mcv,"iclass,imeans",25528,True,True,True,valid
cand_8934a285eb305d405bd4,mcv,"iclass,imilitary",25529,True,True,True,valid
cand_400bd0b732679589a8d7,mcv,"iclass,imobility",25530,True,True,True,valid
cand_45dc89827dd83a2c5c94,mcv,"iclass,imobillim",25531,True,True,True,valid
cand_52ad5ac85b2698970333,mcv,"iclass,doccup",25532,True,True,True,valid
cand_f254991f47e74ff4ad2e,mcv,"iclass,iothrserv",25533,True,True,True,valid
cand_477b95f78964d9b306cc,mcv,"iclass,iperscare",25534,True,True,True,valid
cand_78dfb2c7df2d7c9cf5f9,mcv,"iclass,dpob",25535,True,True,True,valid
cand_277e000e1feec7b7dfdb,mcv,"iclass,dpoverty",25536,True,True,True,valid
cand_49f65046d7fb0db480ed,mcv,"iclass,dpwgt1",25537,True,True,True,valid
cand_69998c7e82e8464c070d,mcv,"iclass,iragechld",25538,True,True,True,valid
cand_378fcf6ce8ad1f519d25,mcv,"iclass,drearning",25539,True,True,True,valid
cand_6e4051ba56959c721332,mcv,"iclass,irelat1",25540,True,True,True,valid
cand_34ecb15290223fef7eb7,mcv,"iclass,irelat2",25541,True,True,True,valid
cand_6a9922354428ef2c167f,mcv,"iclass,iremplpar",25542,True,True,True,valid
cand_1e6f59359507374d4542,mcv,"iclass,iriders",25543,True,True,True,valid
cand_5983077c4de2780600c0,mcv,"iclass,irlabor",25544,True,True,True,valid
cand_6e0c1544756597e43582,mcv,"iclass,irownchld",25545,True,True,True,valid
cand_849eb60b03de5db44f2a,mcv,"iclass,drpincome",25546,True,True,True,valid
cand_c6420b637a18528a5dcc,mcv,"iclass,irpob",25547,True,True,True,valid
cand_0e33bef8562bf4e22846,mcv,"iclass,irrelchld",25548,True,True,True,valid
cand_93921b200ef93d0a52ba,mcv,"iclass,irspouse",25549,True,True,True,valid
cand_1f894e20174fb776be79,mcv,"iclass,irvetserv",25550,True,True,True,valid
cand_37c06a0bdf2e7223ee5e,mcv,"iclass,ischool",25551,True,True,True,valid
cand_07ac93740623c3c8e43c,mcv,"iclass,isept80",25552,True,True,True,valid
cand_5ab696109aae4211ff41,mcv,"iclass,isex",25553,True,True,True,valid
cand_2e96951ac250002c4422,mcv,"iclass,isubfam1",25554,True,True,True,valid
cand_5f9c2bb23509704fbd94,mcv,"iclass,isubfam2",25555,True,True,True,valid
cand_d0d45593388e3c0e0597,mcv,"iclass,itmpabsnt",25556,True,True,True,valid
cand_0a304b0eec0e235c4597,mcv,"iclass,dtravtime",25557,True,True,True,valid
cand_9101edf59d4bf0647157,mcv,"iclass,ivietnam",25558,True,True,True,valid
cand_80a8b5256f575ec2772a,mcv,"iclass,dweek89",25559,True,True,True,valid
cand_18e4f9a3941fd7cdde23,mcv,"iclass,iwork89",25560,True,True,True,valid
cand_fa7bacf839d8fa453209,mcv,"iclass,iworklwk",25561,True,True,True,valid
cand_c99a9bd7ddc11c3ae17a,mcv,"iclass,iwwii",25562,True,True,True,valid
cand_7e04c9680989630c4b23,mcv,"iclass,iyearsch",25563,True,True,True,valid
cand_91580156139377aa6dd0,mcv,"iclass,iyearwrk",25564,True,True,True,valid
cand_e5e429aa66dc4b111fc5,mcv,"iclass,dyrsserv",25565,True,True,True,valid
cand_d1cd31c2a2ed4f53300d,mcv,"ddepart,idisabl1",25566,True,True,True,valid
cand_756cfd3cea0cec35a959,mcv,"ddepart,idisabl2",25567,True,True,True,valid
cand_02bfe922b60b4e20a612,mcv,"ddepart,ienglish",25568,True,True,True,valid
cand_1ed7ebc78b44633ab587,mcv,"ddepart,ifeb55",25569,True,True,True,valid
cand_db2f908669ba7481a01c,mcv,"ddepart,ifertil",25570,True,True,True,valid
cand_6a7748ed1e1db065a8ac,mcv,"ddepart,dhispanic",25571,True,True,True,valid
cand_a302c183a02ad3e5bc90,mcv,"ddepart,dhour89",25572,True,True,True,valid
cand_30e0486ba946d7b57831,mcv,"ddepart,dhours",25573,True,True,True,valid
cand_0e6bfcf0b6fef39cf1ae,mcv,"ddepart,iimmigr",25574,True,True,True,valid
cand_7826a3db4c5494faf7d9,mcv,"ddepart,dincome1",25575,True,True,True,valid
cand_35816ebce98c58901631,mcv,"ddepart,dincome2",25576,True,True,True,valid
cand_873ba3ad6468937a887a,mcv,"ddepart,dincome3",25577,True,True,True,valid
cand_2dd3cdbd9b2de01bd08c,mcv,"ddepart,dincome4",25578,True,True,True,valid
cand_8932884a730559b5f561,mcv,"ddepart,dincome5",25579,True,True,True,valid
cand_5e1e1f05a295c98b5493,mcv,"ddepart,dincome6",25580,True,True,True,valid
cand_d010a36d49f337fc6f7c,mcv,"ddepart,dincome7",25581,True,True,True,valid
cand_47c4eeda311c4223bdb8,mcv,"ddepart,dincome8",25582,True,True,True,valid
cand_435edbfb2d7d244527ca,mcv,"ddepart,dindustry",25583,True,True,True,valid
cand_5f1b969dbadc2122b55a,mcv,"ddepart,ikorean",25584,True,True,True,valid
cand_9f730ed1f7654696ad65,mcv,"ddepart,ilang1",25585,True,True,True,valid
cand_cdb31d486c041d136be2,mcv,"ddepart,ilooking",25586,True,True,True,valid
cand_a01d17e0ed045c479fb0,mcv,"ddepart,imarital",25587,True,True,True,valid
cand_ff33e055440bb4edd914,mcv,"ddepart,imay75880",25588,True,True,True,valid
cand_947c8adaee036818a571,mcv,"ddepart,imeans",25589,True,True,True,valid
cand_08b51ae0bf7645b15b27,mcv,"ddepart,imilitary",25590,True,True,True,valid
cand_5b3cf1339a76dc8d4f8e,mcv,"ddepart,imobility",25591,True,True,True,valid
cand_4686d1e53c61770597d2,mcv,"ddepart,imobillim",25592,True,True,True,valid
cand_1c7eb793f1ff56a1c5c8,mcv,"ddepart,doccup",25593,True,True,True,valid
cand_f1dd0ae7298135871ead,mcv,"ddepart,iothrserv",25594,True,True,True,valid
cand_03449b1a9bb78e3b82fd,mcv,"ddepart,iperscare",25595,True,True,True,valid
cand_b28086c2706b22261db3,mcv,"ddepart,dpob",25596,True,True,True,valid
cand_75dc9e510fcf1bc7e966,mcv,"ddepart,dpoverty",25597,True,True,True,valid
cand_21b7e7a03e03711a527d,mcv,"ddepart,dpwgt1",25598,True,True,True,valid
cand_6977a8ac43555464ea3d,mcv,"ddepart,iragechld",25599,True,True,True,valid
cand_26466f5d627f56ea26d7,mcv,"ddepart,drearning",25600,True,True,True,valid
cand_4c403bdab2481b69c2db,mcv,"ddepart,irelat1",25601,True,True,True,valid
cand_16571c00db147822ebc9,mcv,"ddepart,irelat2",25602,True,True,True,valid
cand_42da0273b9939dabcfb6,mcv,"ddepart,iremplpar",25603,True,True,True,valid
cand_61bd8d15a2050d1f9514,mcv,"ddepart,iriders",25604,True,True,True,valid
cand_de53ce40240ea8944e3d,mcv,"ddepart,irlabor",25605,True,True,True,valid
cand_5de1244671424dab7f89,mcv,"ddepart,irownchld",25606,True,True,True,valid
cand_3ee79cb7bfe8ffec912b,mcv,"ddepart,drpincome",25607,True,True,True,valid
cand_63fcdb2f7ce74d94d44e,mcv,"ddepart,irpob",25608,True,True,True,valid
cand_f07894ff650f6d2bb1f6,mcv,"ddepart,irrelchld",25609,True,True,True,valid
cand_f3d2ef6357d92684c00f,mcv,"ddepart,irspouse",25610,True,True,True,valid
cand_4684c1f1afffd08c4027,mcv,"ddepart,irvetserv",25611,True,True,True,valid
cand_f548933fbf1571282a43,mcv,"ddepart,ischool",25612,True,True,True,valid
cand_9007bddac28b5c7d3209,mcv,"ddepart,isept80",25613,True,True,True,valid
cand_bb0d7d694cbfb26ac34f,mcv,"ddepart,isex",25614,True,True,True,valid
cand_8a95c23d6d8b7c896b07,mcv,"ddepart,isubfam1",25615,True,True,True,valid
cand_d0cc46a36a45983cf509,mcv,"ddepart,isubfam2",25616,True,True,True,valid
cand_83de2fe54a1402fbb4d7,mcv,"ddepart,itmpabsnt",25617,True,True,True,valid
cand_93a816be2b064c255532,mcv,"ddepart,dtravtime",25618,True,True,True,valid
cand_811da3be6181b88dd83e,mcv,"ddepart,ivietnam",25619,True,True,True,valid
cand_468aabc5e654cccb4d9a,mcv,"ddepart,dweek89",25620,True,True,True,valid
cand_0f160cb70929f7e1eed4,mcv,"ddepart,iwork89",25621,True,True,True,valid
cand_ade37bd28fc84c1141ca,mcv,"ddepart,iworklwk",25622,True,True,True,valid
cand_1c85409bd99583bb7995,mcv,"ddepart,iwwii",25623,True,True,True,valid
cand_5aead1f38d51ec8d5cd7,mcv,"ddepart,iyearsch",25624,True,True,True,valid
cand_3e595fe493142dbe2014,mcv,"ddepart,iyearwrk",25625,True,True,True,valid
cand_4cdae43a5993544cafd6,mcv,"ddepart,dyrsserv",25626,True,True,True,valid
cand_0c65c575ba0117fe078d,mcv,"idisabl1,idisabl2",25627,True,True,True,valid
cand_f21290fd547d4ae65882,mcv,"idisabl1,ienglish",25628,True,True,True,valid
cand_48b1cdf0cf7781854af0,mcv,"idisabl1,ifeb55",25629,True,True,True,valid
cand_83b758b0441160527406,mcv,"idisabl1,ifertil",25630,True,True,True,valid
cand_889a2723119698f61aee,mcv,"idisabl1,dhispanic",25631,True,True,True,valid
cand_8b4198c146052c961693,mcv,"idisabl1,dhours",25632,True,True,True,valid
cand_a1e62e802869601e8f6e,mcv,"idisabl1,iimmigr",25633,True,True,True,valid
cand_098567e48d13e9c5caa2,mcv,"idisabl1,dincome1",25634,True,True,True,valid
cand_cb95e8c20b21ecbbd618,mcv,"idisabl1,dincome2",25635,True,True,True,valid
cand_1041d3deaccc98265be7,mcv,"idisabl1,dincome3",25636,True,True,True,valid
cand_57f3eda693270cac18ec,mcv,"idisabl1,dincome4",25637,True,True,True,valid
cand_31336cd854a8ae0844ae,mcv,"idisabl1,dincome5",25638,True,True,True,valid
cand_1978a9c41d30bdfd3d33,mcv,"idisabl1,dincome6",25639,True,True,True,valid
cand_1e3f4265d9065e4edf3d,mcv,"idisabl1,dincome7",25640,True,True,True,valid
cand_baebd69336954f87c75d,mcv,"idisabl1,dincome8",25641,True,True,True,valid
cand_04b210a04ba4f6be985b,mcv,"idisabl1,dindustry",25642,True,True,True,valid
cand_2d30aa2a9cbb5a933f12,mcv,"idisabl1,ikorean",25643,True,True,True,valid
cand_dc77679407d3d0269bf3,mcv,"idisabl1,ilooking",25644,True,True,True,valid
cand_dcb145dedabff8062141,mcv,"idisabl1,imarital",25645,True,True,True,valid
cand_6f1734c3415c1b2869c8,mcv,"idisabl1,imay75880",25646,True,True,True,valid
cand_0c448feb1b70900c7725,mcv,"idisabl1,imeans",25647,True,True,True,valid
cand_9f1e836aeaecec3f35bb,mcv,"idisabl1,imilitary",25648,True,True,True,valid
cand_544da04f703dec1689a2,mcv,"idisabl1,imobility",25649,True,True,True,valid
cand_6c98e91f9d363f577b21,mcv,"idisabl1,imobillim",25650,True,True,True,valid
cand_fe487f8dc85635597641,mcv,"idisabl1,doccup",25651,True,True,True,valid
cand_682a0822f65187b7581c,mcv,"idisabl1,iothrserv",25652,True,True,True,valid
cand_0718248c326fdea95dc0,mcv,"idisabl1,iperscare",25653,True,True,True,valid
cand_c83046b2aa3cbcd001af,mcv,"idisabl1,dpob",25654,True,True,True,valid
cand_80a66b7522ecaea754ea,mcv,"idisabl1,dpoverty",25655,True,True,True,valid
cand_c7e1c831b0f1cc932c02,mcv,"idisabl1,dpwgt1",25656,True,True,True,valid
cand_b7b72f73e028aea40568,mcv,"idisabl1,iragechld",25657,True,True,True,valid
cand_76a8e13ceb90e2a4cec7,mcv,"idisabl1,drearning",25658,True,True,True,valid
cand_cfe4160d223a30e906b6,mcv,"idisabl1,irelat1",25659,True,True,True,valid
cand_b3fca24f7227bc684a23,mcv,"idisabl1,irelat2",25660,True,True,True,valid
cand_f8181287a18e48891aeb,mcv,"idisabl1,iremplpar",25661,True,True,True,valid
cand_4a55b83df298c9d620bf,mcv,"idisabl1,iriders",25662,True,True,True,valid
cand_64e3e7060d93dc116f4a,mcv,"idisabl1,irlabor",25663,True,True,True,valid
cand_8649a31bf43cee5914d5,mcv,"idisabl1,irownchld",25664,True,True,True,valid
cand_1e148617518e825ea544,mcv,"idisabl1,drpincome",25665,True,True,True,valid
cand_c9b14056ed066256e1dd,mcv,"idisabl1,irpob",25666,True,True,True,valid
cand_b42bced10ae4217cb40d,mcv,"idisabl1,irrelchld",25667,True,True,True,valid
cand_449fa599b32af3a5039b,mcv,"idisabl1,irspouse",25668,True,True,True,valid
cand_10a815e06bfa6a2f516e,mcv,"idisabl1,irvetserv",25669,True,True,True,valid
cand_f805b2c92da29f8a2274,mcv,"idisabl1,ischool",25670,True,True,True,valid
cand_fb007ee91c73fb117264,mcv,"idisabl1,isept80",25671,True,True,True,valid
cand_8487c64988f7db623a25,mcv,"idisabl1,isex",25672,True,True,True,valid
cand_299bd85fc9bad8ec3929,mcv,"idisabl1,isubfam1",25673,True,True,True,valid
cand_42c6bd094ef3a74be216,mcv,"idisabl1,isubfam2",25674,True,True,True,valid
cand_95ac7ee6e7b4aafb062b,mcv,"idisabl1,itmpabsnt",25675,True,True,True,valid
cand_44b112101167a3af1e53,mcv,"idisabl1,dtravtime",25676,True,True,True,valid
cand_722d7fbb536cf10c2b49,mcv,"idisabl1,ivietnam",25677,True,True,True,valid
cand_9b13e50a32548099d2f4,mcv,"idisabl1,dweek89",25678,True,True,True,valid
cand_81803c78c11537bbb8ee,mcv,"idisabl1,iwork89",25679,True,True,True,valid
cand_adbcff33e0d0139ad1e0,mcv,"idisabl1,iworklwk",25680,True,True,True,valid
cand_cc0b6368626036e6d5e0,mcv,"idisabl1,iwwii",25681,True,True,True,valid
cand_50fe0fbcd88548914158,mcv,"idisabl1,iyearsch",25682,True,True,True,valid
cand_cd4a340ed53b35d8bceb,mcv,"idisabl1,iyearwrk",25683,True,True,True,valid
cand_395d593171ebf1e87b88,mcv,"idisabl1,dyrsserv",25684,True,True,True,valid
cand_d1e7101a7e5e2421eff7,mcv,"idisabl2,ienglish",25685,True,True,True,valid
cand_94696084e527af0badcf,mcv,"idisabl2,ifeb55",25686,True,True,True,valid
cand_4b01aa1c4bb1d6e44635,mcv,"idisabl2,ifertil",25687,True,True,True,valid
cand_3a7c51b7279705eafe9c,mcv,"idisabl2,dhispanic",25688,True,True,True,valid
cand_76f52c07426885c7fe51,mcv,"idisabl2,dhour89",25689,True,True,True,valid
cand_493edf31b8ce94c03f66,mcv,"idisabl2,dhours",25690,True,True,True,valid
cand_d312560ffbeb0707958a,mcv,"idisabl2,iimmigr",25691,True,True,True,valid
cand_124cd5901772b276a5ae,mcv,"idisabl2,dincome1",25692,True,True,True,valid
cand_62c3ae7f0cfc50da61be,mcv,"idisabl2,dincome2",25693,True,True,True,valid
cand_4e2ffa626452a33ec2ee,mcv,"idisabl2,dincome3",25694,True,True,True,valid
cand_3e14c4999111fed1c825,mcv,"idisabl2,dincome4",25695,True,True,True,valid
cand_c8fdebf01c4bdd08169d,mcv,"idisabl2,dincome5",25696,True,True,True,valid
cand_54eaee888cb228139ac9,mcv,"idisabl2,dincome6",25697,True,True,True,valid
cand_5b0f7f70ae80b20d822c,mcv,"idisabl2,dincome7",25698,True,True,True,valid
cand_fdc66f3a0be227307493,mcv,"idisabl2,dincome8",25699,True,True,True,valid
cand_d2802a2b68937c9e8b92,mcv,"idisabl2,dindustry",25700,True,True,True,valid
cand_fce67f0776e363e1f745,mcv,"idisabl2,ikorean",25701,True,True,True,valid
cand_031e09acf0690b93075b,mcv,"idisabl2,ilang1",25702,True,True,True,valid
cand_64c6c41ea0468fbc9a3a,mcv,"idisabl2,ilooking",25703,True,True,True,valid
cand_1826d9a5ac3b97419a4a,mcv,"idisabl2,imarital",25704,True,True,True,valid
cand_cbdf1071c4e3233c2d8c,mcv,"idisabl2,imay75880",25705,True,True,True,valid
cand_5941f2acf286935de2d1,mcv,"idisabl2,imeans",25706,True,True,True,valid
cand_8d548383ec2b7f8ae6b6,mcv,"idisabl2,imilitary",25707,True,True,True,valid
cand_ea654d977d77db152ccf,mcv,"idisabl2,imobility",25708,True,True,True,valid
cand_f8a6286739c0e9d24de9,mcv,"idisabl2,imobillim",25709,True,True,True,valid
cand_236b238b3a5a00b4047c,mcv,"idisabl2,doccup",25710,True,True,True,valid
cand_5900fc095d92d8d65df9,mcv,"idisabl2,iothrserv",25711,True,True,True,valid
cand_bf9a7a8f3c02f710a33a,mcv,"idisabl2,iperscare",25712,True,True,True,valid
cand_4b1805dbcdb4d5520616,mcv,"idisabl2,dpob",25713,True,True,True,valid
cand_7dee1e452635184892e1,mcv,"idisabl2,dpoverty",25714,True,True,True,valid
cand_22bfa61145dcf8987051,mcv,"idisabl2,dpwgt1",25715,True,True,True,valid
cand_d6bbf7f0c3befce4a5db,mcv,"idisabl2,iragechld",25716,True,True,True,valid
cand_6288425492c345b89ad2,mcv,"idisabl2,drearning",25717,True,True,True,valid
cand_f118ebf9ae853803a473,mcv,"idisabl2,irelat1",25718,True,True,True,valid
cand_c4e9536aa19800221293,mcv,"idisabl2,irelat2",25719,True,True,True,valid
cand_8c12972f2ee0bfa2c3a6,mcv,"idisabl2,iremplpar",25720,True,True,True,valid
cand_41d0ae3e77503c25bc61,mcv,"idisabl2,iriders",25721,True,True,True,valid
cand_0fd5113ae36c12c5203a,mcv,"idisabl2,irlabor",25722,True,True,True,valid
cand_e48dd1fe0e32cef86b0e,mcv,"idisabl2,irownchld",25723,True,True,True,valid
cand_0a13a0a89a8179a53161,mcv,"idisabl2,drpincome",25724,True,True,True,valid
cand_d1bee0c4bb369500c5a6,mcv,"idisabl2,irpob",25725,True,True,True,valid
cand_0f6d24f9d2bd31d7fb7b,mcv,"idisabl2,irrelchld",25726,True,True,True,valid
cand_740a23d69a8057017497,mcv,"idisabl2,irspouse",25727,True,True,True,valid
cand_288d5049a962364cbd9b,mcv,"idisabl2,irvetserv",25728,True,True,True,valid
cand_277196dc7274c0579b51,mcv,"idisabl2,ischool",25729,True,True,True,valid
cand_1a20d9b26617042b9158,mcv,"idisabl2,isept80",25730,True,True,True,valid
cand_e4a581fd48f82d3a9118,mcv,"idisabl2,isex",25731,True,True,True,valid
cand_7b5ae3acb14dc970c451,mcv,"idisabl2,isubfam1",25732,True,True,True,valid
cand_3522a619e31ba07a84d5,mcv,"idisabl2,isubfam2",25733,True,True,True,valid
cand_28f083007e947379d730,mcv,"idisabl2,itmpabsnt",25734,True,True,True,valid
cand_8a0b01520d03183637dc,mcv,"idisabl2,dtravtime",25735,True,True,True,valid
cand_31cb03c710a0e55b63a7,mcv,"idisabl2,ivietnam",25736,True,True,True,valid
cand_e86829052b7e1b02402d,mcv,"idisabl2,dweek89",25737,True,True,True,valid
cand_dd07662fce8c75986f5b,mcv,"idisabl2,iwork89",25738,True,True,True,valid
cand_b3081963cd26fcbf26bf,mcv,"idisabl2,iworklwk",25739,True,True,True,valid
cand_c43a43245ad8e2e6ef4d,mcv,"idisabl2,iwwii",25740,True,True,True,valid
cand_8800308d8e997ed3f8ad,mcv,"idisabl2,iyearsch",25741,True,True,True,valid
cand_2bb3986b1f541ae6cb5b,mcv,"idisabl2,iyearwrk",25742,True,True,True,valid
cand_f9dae59d5878cf009f5a,mcv,"idisabl2,dyrsserv",25743,True,True,True,valid
cand_711856d5bcd1bf43cc02,mcv,"ienglish,ifeb55",25744,True,True,True,valid
cand_eb1a01ababda39cb5ac8,mcv,"ienglish,ifertil",25745,True,True,True,valid
cand_b71d6c0e673b2703e5b8,mcv,"ienglish,dhispanic",25746,True,True,True,valid
cand_96626d960fa62f165366,mcv,"ienglish,dhour89",25747,True,True,True,valid
cand_9c6f4773284d04b2c83a,mcv,"ienglish,dhours",25748,True,True,True,valid
cand_688123439e63a4d77b44,mcv,"ienglish,iimmigr",25749,True,True,True,valid
cand_39100276ef40be123c1f,mcv,"ienglish,dincome1",25750,True,True,True,valid
cand_8b55c8c877d26c152fa9,mcv,"ienglish,dincome2",25751,True,True,True,valid
cand_3a1c0cb7dec260052321,mcv,"ienglish,dincome3",25752,True,True,True,valid
cand_32be2331d3ac71e4157b,mcv,"ienglish,dincome4",25753,True,True,True,valid
cand_104e57779460acc657a4,mcv,"ienglish,dincome5",25754,True,True,True,valid
cand_7091bb6cbc457baf4a65,mcv,"ienglish,dincome6",25755,True,True,True,valid
cand_6f247132392252b3d247,mcv,"ienglish,dincome7",25756,True,True,True,valid
cand_6a24f6541046949614f7,mcv,"ienglish,dincome8",25757,True,True,True,valid
cand_ec192858d958562fc61d,mcv,"ienglish,dindustry",25758,True,True,True,valid
cand_0bbe220c592efd25dc0d,mcv,"ienglish,ikorean",25759,True,True,True,valid
cand_b099a5ed02afc26ec9ea,mcv,"ienglish,ilang1",25760,True,True,True,valid
cand_419e90e1f5fdde6bb4cf,mcv,"ienglish,ilooking",25761,True,True,True,valid
cand_b8812cb47a740d31c341,mcv,"ienglish,imarital",25762,True,True,True,valid
cand_feb1d17d55b45297f0b2,mcv,"ienglish,imay75880",25763,True,True,True,valid
cand_20ef501c069ba7cbb0c1,mcv,"ienglish,imeans",25764,True,True,True,valid
cand_149fe43ed92732299374,mcv,"ienglish,imilitary",25765,True,True,True,valid
cand_9956044eec5df1b05db0,mcv,"ienglish,imobility",25766,True,True,True,valid
cand_67dcea39bff680d91ded,mcv,"ienglish,imobillim",25767,True,True,True,valid
cand_f60bfa3a9ed79bd91730,mcv,"ienglish,doccup",25768,True,True,True,valid
cand_498d9296d18982651b65,mcv,"ienglish,iothrserv",25769,True,True,True,valid
cand_b20291571291c871a1d7,mcv,"ienglish,iperscare",25770,True,True,True,valid
cand_fd6ae62984cc37d0ac5b,mcv,"ienglish,dpob",25771,True,True,True,valid
cand_0984a298aaa79e45530e,mcv,"ienglish,dpoverty",25772,True,True,True,valid
cand_ac94b02b624db07543c6,mcv,"ienglish,dpwgt1",25773,True,True,True,valid
cand_2977951d8e39db71b793,mcv,"ienglish,iragechld",25774,True,True,True,valid
cand_2b438be124d64b10a420,mcv,"ienglish,drearning",25775,True,True,True,valid
cand_8fdbf029e8cb5aad2d94,mcv,"ienglish,irelat1",25776,True,True,True,valid
cand_babb2b83abcfaddcb18c,mcv,"ienglish,irelat2",25777,True,True,True,valid
cand_f618255cd820485316ed,mcv,"ienglish,iremplpar",25778,True,True,True,valid
cand_b8b341398f847e7065a2,mcv,"ienglish,irlabor",25779,True,True,True,valid
cand_34de5a53d9810c8d2d0f,mcv,"ienglish,irownchld",25780,True,True,True,valid
cand_0b1c6e137e6ff8df9242,mcv,"ienglish,drpincome",25781,True,True,True,valid
cand_e09fafcf8dbe96dd3e2e,mcv,"ienglish,irpob",25782,True,True,True,valid
cand_8f3f8b32a92114cb512c,mcv,"ienglish,irrelchld",25783,True,True,True,valid
cand_9720b13132f0b16cd34d,mcv,"ienglish,irspouse",25784,True,True,True,valid
cand_19cc2e15b1f1eb43a932,mcv,"ienglish,irvetserv",25785,True,True,True,valid
cand_c9c147b45550fe88212c,mcv,"ienglish,ischool",25786,True,True,True,valid
cand_6b3bd008a47081da653e,mcv,"ienglish,isept80",25787,True,True,True,valid
cand_679dfd9928f55e8e1f00,mcv,"ienglish,isex",25788,True,True,True,valid
cand_67f8124a409a40ed168c,mcv,"ienglish,isubfam1",25789,True,True,True,valid
cand_11a7aca4b09e7dee76e8,mcv,"ienglish,isubfam2",25790,True,True,True,valid
cand_85193169fefcbe3dd37c,mcv,"ienglish,itmpabsnt",25791,True,True,True,valid
cand_b7720ba55d42866d1e13,mcv,"ienglish,dtravtime",25792,True,True,True,valid
cand_a6c75e7439a65a435bfa,mcv,"ienglish,ivietnam",25793,True,True,True,valid
cand_54d76b8c45ba21fc4a90,mcv,"ienglish,dweek89",25794,True,True,True,valid
cand_e975a70e027f9fba69a7,mcv,"ienglish,iwork89",25795,True,True,True,valid
cand_ef9f3f27c1e78379c1bb,mcv,"ienglish,iworklwk",25796,True,True,True,valid
cand_463657c6f3a4e6040438,mcv,"ienglish,iwwii",25797,True,True,True,valid
cand_feb4edf69d9752cd0c47,mcv,"ienglish,iyearsch",25798,True,True,True,valid
cand_4fe65fe30a38d7f2cb4c,mcv,"ienglish,iyearwrk",25799,True,True,True,valid
cand_9ce1dec9e5f25776d7e2,mcv,"ienglish,dyrsserv",25800,True,True,True,valid
cand_3a4f45a22bffa07344a9,mcv,"ifeb55,ifertil",25801,True,True,True,valid
cand_b07bd4f9dda38d0f07f6,mcv,"ifeb55,dhispanic",25802,True,True,True,valid
cand_ab8ba6d75fb115dd8197,mcv,"ifeb55,dhour89",25803,True,True,True,valid
cand_435c6938d76d988c1b57,mcv,"ifeb55,dhours",25804,True,True,True,valid
cand_af21d11873126087cd80,mcv,"ifeb55,iimmigr",25805,True,True,True,valid
cand_27a1a505e7484d1a1bcc,mcv,"ifeb55,dincome1",25806,True,True,True,valid
cand_83a60ac6ef55150f33b5,mcv,"ifeb55,dincome2",25807,True,True,True,valid
cand_5f50e7a30a37cd01b8d4,mcv,"ifeb55,dincome3",25808,True,True,True,valid
cand_3c177750e4aefc722be0,mcv,"ifeb55,dincome4",25809,True,True,True,valid
cand_c1f464cfb544f7581711,mcv,"ifeb55,dincome5",25810,True,True,True,valid
cand_d82e6b4e8c7d85d5145d,mcv,"ifeb55,dincome6",25811,True,True,True,valid
cand_7d63c497a5355d422a86,mcv,"ifeb55,dincome7",25812,True,True,True,valid
cand_5a65c8ba2ef1c039238e,mcv,"ifeb55,dincome8",25813,True,True,True,valid
cand_bd84ac5431df6463bd49,mcv,"ifeb55,dindustry",25814,True,True,True,valid
cand_d8bc0ba751c233c0cf8a,mcv,"ifeb55,ikorean",25815,True,True,True,valid
cand_6fa18db4bdccc0e79907,mcv,"ifeb55,ilang1",25816,True,True,True,valid
cand_4cf72c5b6ed2790648f1,mcv,"ifeb55,ilooking",25817,True,True,True,valid
cand_3dfb29a7ee898b2921fd,mcv,"ifeb55,imarital",25818,True,True,True,valid
cand_55af0ed3555ba9152067,mcv,"ifeb55,imay75880",25819,True,True,True,valid
cand_fb11b9638331418ebb85,mcv,"ifeb55,imeans",25820,True,True,True,valid
cand_d0ba05fafd51bef65fe6,mcv,"ifeb55,imilitary",25821,True,True,True,valid
cand_0547506a012c9c793a7b,mcv,"ifeb55,imobility",25822,True,True,True,valid
cand_949e03b79eb3469a5b73,mcv,"ifeb55,imobillim",25823,True,True,True,valid
cand_50356b50c477e48d4968,mcv,"ifeb55,doccup",25824,True,True,True,valid
cand_c2668eda956859ec5348,mcv,"ifeb55,iothrserv",25825,True,True,True,valid
cand_93df7a749a5a23ad55fc,mcv,"ifeb55,iperscare",25826,True,True,True,valid
cand_75c8ddeacf4e012ac608,mcv,"ifeb55,dpob",25827,True,True,True,valid
cand_236213061d6df3e8f553,mcv,"ifeb55,dpoverty",25828,True,True,True,valid
cand_ebe696be4809bd9992fe,mcv,"ifeb55,dpwgt1",25829,True,True,True,valid
cand_fd867fa2095136794f25,mcv,"ifeb55,iragechld",25830,True,True,True,valid
cand_6c45b5161ae19440684f,mcv,"ifeb55,drearning",25831,True,True,True,valid
cand_c7d9a27d7547be7c55a8,mcv,"ifeb55,irelat1",25832,True,True,True,valid
cand_ce89c97afb49830cfc55,mcv,"ifeb55,irelat2",25833,True,True,True,valid
cand_ba2f4f03c4d4d93154b5,mcv,"ifeb55,iremplpar",25834,True,True,True,valid
cand_7baede4895ad91a137bf,mcv,"ifeb55,iriders",25835,True,True,True,valid
cand_8c6c9b78d819863de40f,mcv,"ifeb55,irlabor",25836,True,True,True,valid
cand_2025650f2b995711542c,mcv,"ifeb55,irownchld",25837,True,True,True,valid
cand_56f557afb0311fca3c37,mcv,"ifeb55,drpincome",25838,True,True,True,valid
cand_8c158828f8631213fc06,mcv,"ifeb55,irpob",25839,True,True,True,valid
cand_2a195118ecf853ca1e22,mcv,"ifeb55,irrelchld",25840,True,True,True,valid
cand_0c1419bf2f662c574cae,mcv,"ifeb55,irspouse",25841,True,True,True,valid
cand_15bd027e9f52a487b4e2,mcv,"ifeb55,irvetserv",25842,True,True,True,valid
cand_24b9bd4697939b39a57a,mcv,"ifeb55,ischool",25843,True,True,True,valid
cand_895a115e72d6e9ae5f65,mcv,"ifeb55,isept80",25844,True,True,True,valid
cand_c6f87d30dea4bf9f8f01,mcv,"ifeb55,isex",25845,True,True,True,valid
cand_5b2ce0e53faec5f26fed,mcv,"ifeb55,isubfam1",25846,True,True,True,valid
cand_daaf7a00b367231ec518,mcv,"ifeb55,isubfam2",25847,True,True,True,valid
cand_fad7d175b7322109055f,mcv,"ifeb55,itmpabsnt",25848,True,True,True,valid
cand_8956569107ac79956f8b,mcv,"ifeb55,dtravtime",25849,True,True,True,valid
cand_1740064afb771c743025,mcv,"ifeb55,ivietnam",25850,True,True,True,valid
cand_049af23f2c8959472e09,mcv,"ifeb55,dweek89",25851,True,True,True,valid
cand_53c530f5b135e0b6ec2a,mcv,"ifeb55,iwork89",25852,True,True,True,valid
cand_ff069dfd64484e10ba81,mcv,"ifeb55,iworklwk",25853,True,True,True,valid
cand_043b5a63082e74694689,mcv,"ifeb55,iwwii",25854,True,True,True,valid
cand_269030cbb7e507aa718c,mcv,"ifeb55,iyearsch",25855,True,True,True,valid
cand_32e49564c5d62c6b455e,mcv,"ifeb55,iyearwrk",25856,True,True,True,valid
cand_f00a74473a7d623890f2,mcv,"ifeb55,dyrsserv",25857,True,True,True,valid
cand_ea6a9138ce662228260c,mcv,"ifertil,dhispanic",25858,True,True,True,valid
cand_5703cdffb00302aa3412,mcv,"ifertil,dhour89",25859,True,True,True,valid
cand_30465db482b255531423,mcv,"ifertil,dhours",25860,True,True,True,valid
cand_1270cbd57cdfb4f5d814,mcv,"ifertil,iimmigr",25861,True,True,True,valid
cand_d57cad80f295ae1f333e,mcv,"ifertil,dincome1",25862,True,True,True,valid
cand_1c890cff69c57ed3f1df,mcv,"ifertil,dincome2",25863,True,True,True,valid
cand_c03e4d3061334ede7850,mcv,"ifertil,dincome3",25864,True,True,True,valid
cand_d2ac5ea8bf5cd76db41d,mcv,"ifertil,dincome4",25865,True,True,True,valid
cand_9cce99ef2644411c0413,mcv,"ifertil,dincome5",25866,True,True,True,valid
cand_608e4c0941aaed8395da,mcv,"ifertil,dincome6",25867,True,True,True,valid
cand_0d20727ddfa0336b338a,mcv,"ifertil,dincome7",25868,True,True,True,valid
cand_f262c254004e6a94ed3f,mcv,"ifertil,dincome8",25869,True,True,True,valid
cand_dfa0fc77a4d38b1f917e,mcv,"ifertil,dindustry",25870,True,True,True,valid
cand_bf508a19f5b2ddb393c8,mcv,"ifertil,ikorean",25871,True,True,True,valid
cand_17320f15cf6aebf3b3ee,mcv,"ifertil,ilang1",25872,True,True,True,valid
cand_a1998a17b2f7e5b9b0a0,mcv,"ifertil,ilooking",25873,True,True,True,valid
cand_5e5b9025885474ff7021,mcv,"ifertil,imarital",25874,True,True,True,valid
cand_3539ed471a5b7509904f,mcv,"ifertil,imay75880",25875,True,True,True,valid
cand_84077d59267d14e91654,mcv,"ifertil,imeans",25876,True,True,True,valid
cand_8cfaad4ebf4dc77aaea3,mcv,"ifertil,imilitary",25877,True,True,True,valid
cand_774b46d6b5781a3419ff,mcv,"ifertil,imobility",25878,True,True,True,valid
cand_ed88c00743dee3aca0c1,mcv,"ifertil,imobillim",25879,True,True,True,valid
cand_7ddb306c36106a742905,mcv,"ifertil,doccup",25880,True,True,True,valid
cand_d459059037e16dfd418c,mcv,"ifertil,iothrserv",25881,True,True,True,valid
cand_d4985c54b3362781240b,mcv,"ifertil,iperscare",25882,True,True,True,valid
cand_564e45e120eca4bdd4c3,mcv,"ifertil,dpob",25883,True,True,True,valid
cand_ee7f744855cc7ef044ef,mcv,"ifertil,dpoverty",25884,True,True,True,valid
cand_495aa0fd684887ff2d94,mcv,"ifertil,dpwgt1",25885,True,True,True,valid
cand_f7ef6c2b688d660b13a1,mcv,"ifertil,iragechld",25886,True,True,True,valid
cand_76477eac0b8a2b520775,mcv,"ifertil,drearning",25887,True,True,True,valid
cand_90c746cbf462f768b1da,mcv,"ifertil,irelat1",25888,True,True,True,valid
cand_f55450b4f018817066bc,mcv,"ifertil,irelat2",25889,True,True,True,valid
cand_ae8b15e4ba514533388e,mcv,"ifertil,iremplpar",25890,True,True,True,valid
cand_c8b6e1783fbcf4f7a5fd,mcv,"ifertil,iriders",25891,True,True,True,valid
cand_5d313cecc0529840e133,mcv,"ifertil,irlabor",25892,True,True,True,valid
cand_96ac9ae87e657cbff8a2,mcv,"ifertil,irownchld",25893,True,True,True,valid
cand_b15cc94c1dd55a2a0f54,mcv,"ifertil,drpincome",25894,True,True,True,valid
cand_5883fc51eb47e6aa82d8,mcv,"ifertil,irpob",25895,True,True,True,valid
cand_4938e74df4b7d8b85742,mcv,"ifertil,irrelchld",25896,True,True,True,valid
cand_bbf9bffb26d873620bbe,mcv,"ifertil,irspouse",25897,True,True,True,valid
cand_21a2e1043df7218f0fd8,mcv,"ifertil,irvetserv",25898,True,True,True,valid
cand_c75b6750722be8dc05b2,mcv,"ifertil,ischool",25899,True,True,True,valid
cand_029c9ec7b337da8b2113,mcv,"ifertil,isept80",25900,True,True,True,valid
cand_77931c3e5705f7bb7bbb,mcv,"ifertil,isex",25901,True,True,True,valid
cand_f2a50fff38fe916533ca,mcv,"ifertil,isubfam1",25902,True,True,True,valid
cand_b577b74fec921ce095aa,mcv,"ifertil,isubfam2",25903,True,True,True,valid
cand_b46aa02d81d7560c31d1,mcv,"ifertil,itmpabsnt",25904,True,True,True,valid
cand_55b96f6a17a70ec10a9d,mcv,"ifertil,dtravtime",25905,True,True,True,valid
cand_a2d256856babe98a2167,mcv,"ifertil,ivietnam",25906,True,True,True,valid
cand_a6a393b18583dad5afef,mcv,"ifertil,dweek89",25907,True,True,True,valid
cand_dd817306b4de47b867e6,mcv,"ifertil,iwork89",25908,True,True,True,valid
cand_7beddf5935c3c66e8d8e,mcv,"ifertil,iworklwk",25909,True,True,True,valid
cand_9d50322dc1f43c1d56c8,mcv,"ifertil,iwwii",25910,True,True,True,valid
cand_ebfd2ef8bfe05c8d20e3,mcv,"ifertil,iyearsch",25911,True,True,True,valid
cand_8f29745db59404b8a99a,mcv,"ifertil,iyearwrk",25912,True,True,True,valid
cand_8b4fe8e7fb0fe6d47191,mcv,"ifertil,dyrsserv",25913,True,True,True,valid
cand_6d403bda4d8cccd8d804,mcv,"dhispanic,dhour89",25914,True,True,True,valid
cand_8c657290916bec2ab06c,mcv,"dhispanic,dhours",25915,True,True,True,valid
cand_23ecc1a88ecaed2ccb99,mcv,"dhispanic,iimmigr",25916,True,True,True,valid
cand_be10a37bfabc57d0f625,mcv,"dhispanic,dincome1",25917,True,True,True,valid
cand_67ef4427e68bcc91ea94,mcv,"dhispanic,dincome2",25918,True,True,True,valid
cand_ef06e4972209c811c960,mcv,"dhispanic,dincome3",25919,True,True,True,valid
cand_b575f2fe912f01edd24c,mcv,"dhispanic,dincome4",25920,True,True,True,valid
cand_4f3f79b4e147e874a205,mcv,"dhispanic,dincome5",25921,True,True,True,valid
cand_fe8bb339ec9a6a6e1404,mcv,"dhispanic,dincome6",25922,True,True,True,valid
cand_4adc418fe49a1124df0e,mcv,"dhispanic,dincome7",25923,True,True,True,valid
cand_38d668464ab83aa4dd6c,mcv,"dhispanic,dincome8",25924,True,True,True,valid
cand_826bdb2c96b01006b6fe,mcv,"dhispanic,dindustry",25925,True,True,True,valid
cand_5e3a118f1e35cbf82db0,mcv,"dhispanic,ikorean",25926,True,True,True,valid
cand_27a9393b81380a52483b,mcv,"dhispanic,ilang1",25927,True,True,True,valid
cand_ede70f3061176d0793c8,mcv,"dhispanic,ilooking",25928,True,True,True,valid
cand_42877c546df8df3aef5f,mcv,"dhispanic,imarital",25929,True,True,True,valid
cand_96f1f854fb57e0c6cbb5,mcv,"dhispanic,imay75880",25930,True,True,True,valid
cand_c7c2ae38ff9d566a3b66,mcv,"dhispanic,imeans",25931,True,True,True,valid
cand_8d30cccf968abb667787,mcv,"dhispanic,imilitary",25932,True,True,True,valid
cand_0cd2dd3f93630e5a98bc,mcv,"dhispanic,imobility",25933,True,True,True,valid
cand_18809846abcb651bd736,mcv,"dhispanic,imobillim",25934,True,True,True,valid
cand_c0f1a803a011cc29b18c,mcv,"dhispanic,doccup",25935,True,True,True,valid
cand_e77d11814591562ca64b,mcv,"dhispanic,iothrserv",25936,True,True,True,valid
cand_3e7b2b6c1fc94a09c2bb,mcv,"dhispanic,iperscare",25937,True,True,True,valid
cand_d787fb36bc63dca82edf,mcv,"dhispanic,dpob",25938,True,True,True,valid
cand_fcabca4a76221218914d,mcv,"dhispanic,dpoverty",25939,True,True,True,valid
cand_8510b9bebb014f0e2393,mcv,"dhispanic,dpwgt1",25940,True,True,True,valid
cand_5d3943e6170929a56d79,mcv,"dhispanic,iragechld",25941,True,True,True,valid
cand_fc76671897dfc0e8d618,mcv,"dhispanic,drearning",25942,True,True,True,valid
cand_4d67a33c05769ba87017,mcv,"dhispanic,irelat1",25943,True,True,True,valid
cand_a32fd9b5aa3d96e13a0e,mcv,"dhispanic,irelat2",25944,True,True,True,valid
cand_2917e80dc64a65e62e62,mcv,"dhispanic,iremplpar",25945,True,True,True,valid
cand_b747d15103ed068aeed3,mcv,"dhispanic,iriders",25946,True,True,True,valid
cand_05d016bfdaa03aaedb97,mcv,"dhispanic,irlabor",25947,True,True,True,valid
cand_1f0d8438da8634d7c48e,mcv,"dhispanic,irownchld",25948,True,True,True,valid
cand_c8515a1b5995cf3a96c6,mcv,"dhispanic,drpincome",25949,True,True,True,valid
cand_53b2797a189043a187d3,mcv,"dhispanic,irpob",25950,True,True,True,valid
cand_1820a1135080b33cb266,mcv,"dhispanic,irrelchld",25951,True,True,True,valid
cand_7d334a3d7993f303fe75,mcv,"dhispanic,irspouse",25952,True,True,True,valid
cand_76b5ca6ffdea911843b2,mcv,"dhispanic,irvetserv",25953,True,True,True,valid
cand_755cdb4c894925666b52,mcv,"dhispanic,ischool",25954,True,True,True,valid
cand_3ab7d9facfaa350d6a3f,mcv,"dhispanic,isept80",25955,True,True,True,valid
cand_26dab416543c845bfba4,mcv,"dhispanic,isex",25956,True,True,True,valid
cand_57868240a7e39116f3da,mcv,"dhispanic,isubfam1",25957,True,True,True,valid
cand_4a832db275f54dc57c4d,mcv,"dhispanic,isubfam2",25958,True,True,True,valid
cand_30ddaa39d028ad1d31b5,mcv,"dhispanic,itmpabsnt",25959,True,True,True,valid
cand_b200f0f72adc775526aa,mcv,"dhispanic,dtravtime",25960,True,True,True,valid
cand_3d74e10e4855797798c7,mcv,"dhispanic,ivietnam",25961,True,True,True,valid
cand_f49a949e049d630a79d2,mcv,"dhispanic,dweek89",25962,True,True,True,valid
cand_1feb6d1e1ad147fbbaaf,mcv,"dhispanic,iwork89",25963,True,True,True,valid
cand_faa1a8e958e16b1ed4d7,mcv,"dhispanic,iworklwk",25964,True,True,True,valid
cand_a657e7bb7d5adf939969,mcv,"dhispanic,iwwii",25965,True,True,True,valid
cand_897513e9ffc5c03ad1c9,mcv,"dhispanic,iyearsch",25966,True,True,True,valid
cand_af51123096ce9d4ef01b,mcv,"dhispanic,iyearwrk",25967,True,True,True,valid
cand_25a38770e8f8aebf3052,mcv,"dhispanic,dyrsserv",25968,True,True,True,valid
cand_43f3356ccbc711510a7f,mcv,"dhour89,dhours",25969,True,True,True,valid
cand_a692c9dd27e978aaf000,mcv,"dhour89,iimmigr",25970,True,True,True,valid
cand_3f15377201cc3fd7d569,mcv,"dhour89,dincome1",25971,True,True,True,valid
cand_dbe8c37d7092093a04d0,mcv,"dhour89,dincome2",25972,True,True,True,valid
cand_806322795f4f55158d2f,mcv,"dhour89,dincome3",25973,True,True,True,valid
cand_9c47903f003952959e56,mcv,"dhour89,dincome4",25974,True,True,True,valid
cand_5ab1b6725a308e4e5eff,mcv,"dhour89,dincome5",25975,True,True,True,valid
cand_fb58386d3a5fd5278d9f,mcv,"dhour89,dincome6",25976,True,True,True,valid
cand_f0cb3d7c6a88d2933c07,mcv,"dhour89,dincome7",25977,True,True,True,valid
cand_c25a0042aa6c1d7bfbd7,mcv,"dhour89,dincome8",25978,True,True,True,valid
cand_5b7d924a788bf2305714,mcv,"dhour89,dindustry",25979,True,True,True,valid
cand_d6a7d4c6d1dbe4c78e05,mcv,"dhour89,ikorean",25980,True,True,True,valid
cand_d8c5e3c784402fd71156,mcv,"dhour89,ilang1",25981,True,True,True,valid
cand_eda6e61e0046e1b2f978,mcv,"dhour89,ilooking",25982,True,True,True,valid
cand_d871f0735ecb5972da5a,mcv,"dhour89,imarital",25983,True,True,True,valid
cand_05fbdbad0ff682908c84,mcv,"dhour89,imay75880",25984,True,True,True,valid
cand_457af24d276ace9acfe3,mcv,"dhour89,imeans",25985,True,True,True,valid
cand_d058042cb251383c3570,mcv,"dhour89,imilitary",25986,True,True,True,valid
cand_df230e724f5c1b7cf58b,mcv,"dhour89,imobility",25987,True,True,True,valid
cand_489c8e7c82099ffaa727,mcv,"dhour89,imobillim",25988,True,True,True,valid
cand_65011d7be7b583b4a90a,mcv,"dhour89,doccup",25989,True,True,True,valid
cand_dafbf75a2e2907732baa,mcv,"dhour89,iothrserv",25990,True,True,True,valid
cand_808c7639a5382473fbee,mcv,"dhour89,iperscare",25991,True,True,True,valid
cand_8ac7bbb3c76afe04cf5a,mcv,"dhour89,dpob",25992,True,True,True,valid
cand_1490493747abe2c756b0,mcv,"dhour89,dpoverty",25993,True,True,True,valid
cand_f251bb6e0ff1bc70eca9,mcv,"dhour89,dpwgt1",25994,True,True,True,valid
cand_a73b97b5daaf88c66c35,mcv,"dhour89,iragechld",25995,True,True,True,valid
cand_f2735ea5a5c0c05242bd,mcv,"dhour89,drearning",25996,True,True,True,valid
cand_ddc6686ba469554af096,mcv,"dhour89,irelat1",25997,True,True,True,valid
cand_c1c4a826eee0dd68c648,mcv,"dhour89,irelat2",25998,True,True,True,valid
cand_7dea3eaa5f65ad18acf6,mcv,"dhour89,iremplpar",25999,True,True,True,valid
cand_36b07fc8215f33705047,mcv,"dhour89,iriders",26000,True,True,True,valid
cand_1d6807766beb1b21cdbb,mcv,"dhour89,irlabor",26001,True,True,True,valid
cand_c21a8889d2c663accd95,mcv,"dhour89,irownchld",26002,True,True,True,valid
cand_d547cf1e87b7a28a9954,mcv,"dhour89,drpincome",26003,True,True,True,valid
cand_78ff9c4f72e1d4eecaee,mcv,"dhour89,irpob",26004,True,True,True,valid
cand_e361ba6f33c871028db4,mcv,"dhour89,irrelchld",26005,True,True,True,valid
cand_8c422126ceb8850d5afc,mcv,"dhour89,irspouse",26006,True,True,True,valid
cand_cdc81d6b5d7e450d9e68,mcv,"dhour89,irvetserv",26007,True,True,True,valid
cand_6bd512bb14f8602fac51,mcv,"dhour89,ischool",26008,True,True,True,valid
cand_76199f7246edd490e3bd,mcv,"dhour89,isept80",26009,True,True,True,valid
cand_5e3f5953c6a0d0c2c27b,mcv,"dhour89,isex",26010,True,True,True,valid
cand_3825c7cc259d70742f57,mcv,"dhour89,isubfam1",26011,True,True,True,valid
cand_735f2ec9b3eb003db018,mcv,"dhour89,isubfam2",26012,True,True,True,valid
cand_c7e1e3ff798d58060711,mcv,"dhour89,itmpabsnt",26013,True,True,True,valid
cand_458cc2dbef86fb671bf8,mcv,"dhour89,dtravtime",26014,True,True,True,valid
cand_09487170dbbee08c74ac,mcv,"dhour89,ivietnam",26015,True,True,True,valid
cand_e70723cb12a2456ae410,mcv,"dhour89,dweek89",26016,True,True,True,valid
cand_d3414740e47f3690ccad,mcv,"dhour89,iwork89",26017,True,True,True,valid
cand_ac315c0c446e902a35f7,mcv,"dhour89,iworklwk",26018,True,True,True,valid
cand_6d22b965e8f2427da10d,mcv,"dhour89,iwwii",26019,True,True,True,valid
cand_3c6239327ab85339bd54,mcv,"dhour89,iyearsch",26020,True,True,True,valid
cand_4fa98ecd2ad6069efe03,mcv,"dhour89,iyearwrk",26021,True,True,True,valid
cand_d3c1dd583a96fe2f596f,mcv,"dhour89,dyrsserv",26022,True,True,True,valid
cand_1a76ccec979dc08e2628,mcv,"dhours,iimmigr",26023,True,True,True,valid
cand_7d7173154f1dad13957f,mcv,"dhours,dincome1",26024,True,True,True,valid
cand_f3758481b90751af9aff,mcv,"dhours,dincome2",26025,True,True,True,valid
cand_17ac6cf0fdbc09fd38d3,mcv,"dhours,dincome3",26026,True,True,True,valid
cand_eb660e8ebf5411a665c5,mcv,"dhours,dincome4",26027,True,True,True,valid
cand_07d05a2b7dfaafe49574,mcv,"dhours,dincome5",26028,True,True,True,valid
cand_a9e575d707fc5a358da2,mcv,"dhours,dincome6",26029,True,True,True,valid
cand_8f7d5394199acbe9e62e,mcv,"dhours,dincome7",26030,True,True,True,valid
cand_e37aa07a86f53a63fad3,mcv,"dhours,dincome8",26031,True,True,True,valid
cand_18e6ece00ed4d7522e20,mcv,"dhours,dindustry",26032,True,True,True,valid
cand_a78329596a997ec90134,mcv,"dhours,ikorean",26033,True,True,True,valid
cand_f1a8c1225aba90befe41,mcv,"dhours,ilang1",26034,True,True,True,valid
cand_8b1bffbe8ae4affeb912,mcv,"dhours,ilooking",26035,True,True,True,valid
cand_0a1ecd436ec61cfb84d5,mcv,"dhours,imarital",26036,True,True,True,valid
cand_86c9b5e94d8f5c3b8f88,mcv,"dhours,imay75880",26037,True,True,True,valid
cand_dcf06c289765c22a9545,mcv,"dhours,imeans",26038,True,True,True,valid
cand_981a7ad444dc947917a7,mcv,"dhours,imilitary",26039,True,True,True,valid
cand_cf024dd83f8a15ea8c38,mcv,"dhours,imobility",26040,True,True,True,valid
cand_d3a1506deecc80cf6201,mcv,"dhours,imobillim",26041,True,True,True,valid
cand_637f82d6ec5e46606048,mcv,"dhours,doccup",26042,True,True,True,valid
cand_f00cfe1a6daea1a77871,mcv,"dhours,iothrserv",26043,True,True,True,valid
cand_0f1cdf0d41000027ad8f,mcv,"dhours,iperscare",26044,True,True,True,valid
cand_a90225258a5d7f0ec1ae,mcv,"dhours,dpob",26045,True,True,True,valid
cand_1f61eb208e540efa4744,mcv,"dhours,dpoverty",26046,True,True,True,valid
cand_71655a7fa64e0cbeda69,mcv,"dhours,dpwgt1",26047,True,True,True,valid
cand_92c9adf77b63f8a21054,mcv,"dhours,iragechld",26048,True,True,True,valid
cand_1420db7ca1404e5cf7be,mcv,"dhours,drearning",26049,True,True,True,valid
cand_dbf33a3bcd6e8a63a394,mcv,"dhours,irelat1",26050,True,True,True,valid
cand_11f717f6694a5549fc07,mcv,"dhours,irelat2",26051,True,True,True,valid
cand_75b74aa442004b7ffc11,mcv,"dhours,iremplpar",26052,True,True,True,valid
cand_1e8c6ccceef339be8961,mcv,"dhours,iriders",26053,True,True,True,valid
cand_b70f3ff9b6e51d66add7,mcv,"dhours,irownchld",26054,True,True,True,valid
cand_aed2894aab2f2d1563af,mcv,"dhours,drpincome",26055,True,True,True,valid
cand_134dbb19392270614bb5,mcv,"dhours,irpob",26056,True,True,True,valid
cand_f48bc5921448eaaac4dd,mcv,"dhours,irrelchld",26057,True,True,True,valid
cand_51e3b546d3d2da59a676,mcv,"dhours,irspouse",26058,True,True,True,valid
cand_6ee816f052a51d238702,mcv,"dhours,irvetserv",26059,True,True,True,valid
cand_9276be8fd411eda912bb,mcv,"dhours,ischool",26060,True,True,True,valid
cand_7b9a5364767db61e0968,mcv,"dhours,isept80",26061,True,True,True,valid
cand_026f65c9697b1ca547d2,mcv,"dhours,isex",26062,True,True,True,valid
cand_7f54896f8146f25e3727,mcv,"dhours,isubfam1",26063,True,True,True,valid
cand_767ce2b5353b77fb8229,mcv,"dhours,isubfam2",26064,True,True,True,valid
cand_35cd5c9053d625e98cca,mcv,"dhours,itmpabsnt",26065,True,True,True,valid
cand_db014a11f6fba39780d1,mcv,"dhours,dtravtime",26066,True,True,True,valid
cand_929cdceabc14b6d5c4ff,mcv,"dhours,ivietnam",26067,True,True,True,valid
cand_01d509c1fc87f2fa32a0,mcv,"dhours,dweek89",26068,True,True,True,valid
cand_6b84324deddb20018155,mcv,"dhours,iwork89",26069,True,True,True,valid
cand_dce4535ba35656dfab39,mcv,"dhours,iworklwk",26070,True,True,True,valid
cand_393ca24696cccfec9ca9,mcv,"dhours,iwwii",26071,True,True,True,valid
cand_47c58373f46ab880e1df,mcv,"dhours,iyearsch",26072,True,True,True,valid
cand_6f14b3786d2f81d26e39,mcv,"dhours,iyearwrk",26073,True,True,True,valid
cand_398e880d015cea082cde,mcv,"dhours,dyrsserv",26074,True,True,True,valid
cand_e7060ba86063f5f1c49f,mcv,"iimmigr,dincome1",26075,True,True,True,valid
cand_a129e95687ad689c0278,mcv,"iimmigr,dincome2",26076,True,True,True,valid
cand_1f5e2d57cfa5d005cd73,mcv,"iimmigr,dincome3",26077,True,True,True,valid
cand_60a3be8706640742cf5e,mcv,"iimmigr,dincome4",26078,True,True,True,valid
cand_6b9b5574caed72cebcae,mcv,"iimmigr,dincome5",26079,True,True,True,valid
cand_4768004e6d6284cc32ec,mcv,"iimmigr,dincome6",26080,True,True,True,valid
cand_558dc18b88221fdefc7a,mcv,"iimmigr,dincome7",26081,True,True,True,valid
cand_b441021918aa333ad8e2,mcv,"iimmigr,dincome8",26082,True,True,True,valid
cand_32500df10d5abd79dd74,mcv,"iimmigr,dindustry",26083,True,True,True,valid
cand_42160d0f5d90d99050b3,mcv,"iimmigr,ikorean",26084,True,True,True,valid
cand_2d63f3d2d839b92d4240,mcv,"iimmigr,ilang1",26085,True,True,True,valid
cand_1fe411c0db0f8c799a1b,mcv,"iimmigr,ilooking",26086,True,True,True,valid
cand_f614ecb8fdfbb9a69a92,mcv,"iimmigr,imarital",26087,True,True,True,valid
cand_358a7becd9283518daa8,mcv,"iimmigr,imay75880",26088,True,True,True,valid
cand_67b430a5a91cb32fd1bc,mcv,"iimmigr,imeans",26089,True,True,True,valid
cand_c7a4f307d59d0ec7bb7a,mcv,"iimmigr,imilitary",26090,True,True,True,valid
cand_d6fa08f364ce206f64fd,mcv,"iimmigr,imobility",26091,True,True,True,valid
cand_c691ddff3eb33785c678,mcv,"iimmigr,imobillim",26092,True,True,True,valid
cand_2199b30fa9ab2becefd5,mcv,"iimmigr,doccup",26093,True,True,True,valid
cand_6ca1b85dd31b15276ba4,mcv,"iimmigr,iothrserv",26094,True,True,True,valid
cand_7ef7e1106cc06d2f5008,mcv,"iimmigr,iperscare",26095,True,True,True,valid
cand_7aceb8ed8793220d1138,mcv,"iimmigr,dpob",26096,True,True,True,valid
cand_0f11f24702d1d7e83d4d,mcv,"iimmigr,dpoverty",26097,True,True,True,valid
cand_61757e24ec27a10515a3,mcv,"iimmigr,dpwgt1",26098,True,True,True,valid
cand_495df5afe1e2a088d6f7,mcv,"iimmigr,iragechld",26099,True,True,True,valid
cand_60f653d0b1bf176bb964,mcv,"iimmigr,drearning",26100,True,True,True,valid
cand_81d4f0d97bc3b6a6dca9,mcv,"iimmigr,irelat1",26101,True,True,True,valid
cand_0595f2d0503975b2d34c,mcv,"iimmigr,irelat2",26102,True,True,True,valid
cand_5f062e559fc6700f981a,mcv,"iimmigr,iremplpar",26103,True,True,True,valid
cand_9ffcb71a26e091bb950a,mcv,"iimmigr,iriders",26104,True,True,True,valid
cand_39390017e3519f36bd9b,mcv,"iimmigr,irlabor",26105,True,True,True,valid
cand_5812ed9d378fdd43c70d,mcv,"iimmigr,irownchld",26106,True,True,True,valid
cand_5156234abdd021959e64,mcv,"iimmigr,drpincome",26107,True,True,True,valid
cand_adc92cec3f5d748e6638,mcv,"iimmigr,irpob",26108,True,True,True,valid
cand_58e39f0138bb656208e6,mcv,"iimmigr,irrelchld",26109,True,True,True,valid
cand_950809bdd120493c03d9,mcv,"iimmigr,irspouse",26110,True,True,True,valid
cand_d1361b84cccb647c4968,mcv,"iimmigr,irvetserv",26111,True,True,True,valid
cand_a23124f8148effd44ef0,mcv,"iimmigr,ischool",26112,True,True,True,valid
cand_a0b2700a23604cb04447,mcv,"iimmigr,isept80",26113,True,True,True,valid
cand_d8336a4839dab43fa974,mcv,"iimmigr,isex",26114,True,True,True,valid
cand_50f268f45deee621953b,mcv,"iimmigr,isubfam1",26115,True,True,True,valid
cand_ac61d2632b71350b50d9,mcv,"iimmigr,isubfam2",26116,True,True,True,valid
cand_81c0e614a54a7d732505,mcv,"iimmigr,itmpabsnt",26117,True,True,True,valid
cand_878fb78dac2208ced7f7,mcv,"iimmigr,dtravtime",26118,True,True,True,valid
cand_c400473945287b6a07e8,mcv,"iimmigr,ivietnam",26119,True,True,True,valid
cand_086da01fc1ed1a5d1490,mcv,"iimmigr,dweek89",26120,True,True,True,valid
cand_1a420a67204941622d1d,mcv,"iimmigr,iwork89",26121,True,True,True,valid
cand_00a430d8b0ee7d20afe9,mcv,"iimmigr,iworklwk",26122,True,True,True,valid
cand_819340a41abc548a9aff,mcv,"iimmigr,iwwii",26123,True,True,True,valid
cand_18b0bbc05ef29c78f141,mcv,"iimmigr,iyearsch",26124,True,True,True,valid
cand_968062d8f6a4216f77f9,mcv,"iimmigr,iyearwrk",26125,True,True,True,valid
cand_1e3030c9c00021c70d7d,mcv,"iimmigr,dyrsserv",26126,True,True,True,valid
cand_1216994feaa53488c5e1,mcv,"dincome1,dincome2",26127,True,True,True,valid
cand_6a225164ca4b36ea2296,mcv,"dincome1,dincome3",26128,True,True,True,valid
cand_aff7cc79f7fd6cf659fd,mcv,"dincome1,dincome4",26129,True,True,True,valid
cand_e78fc14811a387e1ace1,mcv,"dincome1,dincome5",26130,True,True,True,valid
cand_9cbd09bf5f53983d9d44,mcv,"dincome1,dincome6",26131,True,True,True,valid
cand_a1420f018d783a38501a,mcv,"dincome1,dincome7",26132,True,True,True,valid
cand_a6ed667b49d3573fa7eb,mcv,"dincome1,dincome8",26133,True,True,True,valid
cand_c9648be92a01719f5009,mcv,"dincome1,dindustry",26134,True,True,True,valid
cand_030e4a5dac5824320c31,mcv,"dincome1,ikorean",26135,True,True,True,valid
cand_198bdd4d66d95a59b96b,mcv,"dincome1,ilang1",26136,True,True,True,valid
cand_342970209a3db472b4e8,mcv,"dincome1,ilooking",26137,True,True,True,valid
cand_042c022c4e4814450dc8,mcv,"dincome1,imarital",26138,True,True,True,valid
cand_c06acadba512e6660ff2,mcv,"dincome1,imay75880",26139,True,True,True,valid
cand_53a2bacc9de1b71d6376,mcv,"dincome1,imeans",26140,True,True,True,valid
cand_30cdf2945a7d5cee1f78,mcv,"dincome1,imilitary",26141,True,True,True,valid
cand_f10c6277c7e6df1ec6f3,mcv,"dincome1,imobility",26142,True,True,True,valid
cand_4a86723e6d61d5d4475a,mcv,"dincome1,imobillim",26143,True,True,True,valid
cand_18d8265c1c81be8e49f0,mcv,"dincome1,doccup",26144,True,True,True,valid
cand_a64e8d59bbdeabf5f41b,mcv,"dincome1,iothrserv",26145,True,True,True,valid
cand_2e427763f1a98a879032,mcv,"dincome1,iperscare",26146,True,True,True,valid
cand_f802259c62d2a1177c9c,mcv,"dincome1,dpob",26147,True,True,True,valid
cand_d0d1924552b351e20789,mcv,"dincome1,dpoverty",26148,True,True,True,valid
cand_b09f0e0b1a74bcb34d94,mcv,"dincome1,dpwgt1",26149,True,True,True,valid
cand_bf5a455fe000d90151a6,mcv,"dincome1,iragechld",26150,True,True,True,valid
cand_a336e96077ec42c2c0c6,mcv,"dincome1,drearning",26151,True,True,True,valid
cand_d0de124d431b024784b5,mcv,"dincome1,irelat1",26152,True,True,True,valid
cand_487806a7fff0a34c8cf7,mcv,"dincome1,irelat2",26153,True,True,True,valid
cand_15dcd30da9833bd3d7b7,mcv,"dincome1,iremplpar",26154,True,True,True,valid
cand_a3ef642642353707d815,mcv,"dincome1,irlabor",26155,True,True,True,valid
cand_ac026f8e0d4a43618cb8,mcv,"dincome1,irownchld",26156,True,True,True,valid
cand_ac5ae427d82056af2558,mcv,"dincome1,drpincome",26157,True,True,True,valid
cand_b5e799b704e6103f74b7,mcv,"dincome1,irpob",26158,True,True,True,valid
cand_7665530df030a21892df,mcv,"dincome1,irrelchld",26159,True,True,True,valid
cand_9c81804adf23ee1cecd1,mcv,"dincome1,irspouse",26160,True,True,True,valid
cand_8232ffdf75dbc9d2a3b7,mcv,"dincome1,irvetserv",26161,True,True,True,valid
cand_57bc13e0e69c4a38be1d,mcv,"dincome1,ischool",26162,True,True,True,valid
cand_bb9b570f28ab229f10e7,mcv,"dincome1,isept80",26163,True,True,True,valid
cand_0980709c45982f5b797d,mcv,"dincome1,isex",26164,True,True,True,valid
cand_d83329ffda8be26464f1,mcv,"dincome1,isubfam1",26165,True,True,True,valid
cand_c72380fa42c6bf210701,mcv,"dincome1,isubfam2",26166,True,True,True,valid
cand_1a04d78818abac16205f,mcv,"dincome1,itmpabsnt",26167,True,True,True,valid
cand_98964cb8bf0e876e6773,mcv,"dincome1,dtravtime",26168,True,True,True,valid
cand_3a40358c39ff968a8a21,mcv,"dincome1,ivietnam",26169,True,True,True,valid
cand_85a538df4da3783492db,mcv,"dincome1,dweek89",26170,True,True,True,valid
cand_28e06e079b7fe2ddeb13,mcv,"dincome1,iwork89",26171,True,True,True,valid
cand_e16d18a8cfff07d5e105,mcv,"dincome1,iworklwk",26172,True,True,True,valid
cand_36c8679a16ed9a48cead,mcv,"dincome1,iwwii",26173,True,True,True,valid
cand_e5f745cdb13a30b30d82,mcv,"dincome1,iyearsch",26174,True,True,True,valid
cand_d09ff9676c44a4e2067b,mcv,"dincome1,iyearwrk",26175,True,True,True,valid
cand_61e6dba830d523c21cf2,mcv,"dincome1,dyrsserv",26176,True,True,True,valid
cand_84c7c4288604b8e3e26f,mcv,"dincome2,dincome3",26177,True,True,True,valid
cand_f5c475a11d042468f2d8,mcv,"dincome2,dincome4",26178,True,True,True,valid
cand_62712525a58b87c734a1,mcv,"dincome2,dincome5",26179,True,True,True,valid
cand_a6072ff834ad2fd7d2db,mcv,"dincome2,dincome6",26180,True,True,True,valid
cand_bc7b0bcc3717ecbf174d,mcv,"dincome2,dincome7",26181,True,True,True,valid
cand_b9aff15baaaafa7260fe,mcv,"dincome2,dincome8",26182,True,True,True,valid
cand_786e7de418bf48a7a165,mcv,"dincome2,dindustry",26183,True,True,True,valid
cand_986326eae5710fcb1d7d,mcv,"dincome2,ikorean",26184,True,True,True,valid
cand_25161f43c012b2a32f6b,mcv,"dincome2,ilang1",26185,True,True,True,valid
cand_7a8e3b25b0750eb5144c,mcv,"dincome2,ilooking",26186,True,True,True,valid
cand_11af4ad20e5a013b5e98,mcv,"dincome2,imarital",26187,True,True,True,valid
cand_ffc67b22e95bdc617a89,mcv,"dincome2,imay75880",26188,True,True,True,valid
cand_dceacb6f393d622cf1da,mcv,"dincome2,imeans",26189,True,True,True,valid
cand_a83bf6ff7649ad4195c1,mcv,"dincome2,imilitary",26190,True,True,True,valid
cand_756b2575af2f422eb49d,mcv,"dincome2,imobility",26191,True,True,True,valid
cand_e14fc4678d55d2095645,mcv,"dincome2,imobillim",26192,True,True,True,valid
cand_7f6c39547243888b5a66,mcv,"dincome2,doccup",26193,True,True,True,valid
cand_192bcdd1533c3c679c27,mcv,"dincome2,iothrserv",26194,True,True,True,valid
cand_e9fb36c5dcdc88c2c940,mcv,"dincome2,iperscare",26195,True,True,True,valid
cand_c59882d4dda41c3729e4,mcv,"dincome2,dpob",26196,True,True,True,valid
cand_8eb9020e0c661b640543,mcv,"dincome2,dpoverty",26197,True,True,True,valid
cand_b3ac6ecac11108c9dcbb,mcv,"dincome2,dpwgt1",26198,True,True,True,valid
cand_2715f4ab43af4bd298dd,mcv,"dincome2,iragechld",26199,True,True,True,valid
cand_2e09a17b831d10a1b19b,mcv,"dincome2,drearning",26200,True,True,True,valid
cand_f5eafce25f186b0460bd,mcv,"dincome2,irelat1",26201,True,True,True,valid
cand_5fdf35fbb3db406deb1a,mcv,"dincome2,irelat2",26202,True,True,True,valid
cand_f7cd5e3ca3bbd01cb68e,mcv,"dincome2,iremplpar",26203,True,True,True,valid
cand_4967fa9568779a8d4dd6,mcv,"dincome2,iriders",26204,True,True,True,valid
cand_6717f66cb2cb782d14df,mcv,"dincome2,irlabor",26205,True,True,True,valid
cand_1427ece6c0b359190987,mcv,"dincome2,irownchld",26206,True,True,True,valid
cand_190c6598981dc5174076,mcv,"dincome2,drpincome",26207,True,True,True,valid
cand_34f99d0efd6da1801d53,mcv,"dincome2,irpob",26208,True,True,True,valid
cand_e4a56031282cee2d4071,mcv,"dincome2,irrelchld",26209,True,True,True,valid
cand_fb8f1ec29dee895e59aa,mcv,"dincome2,irspouse",26210,True,True,True,valid
cand_e09f053c6498f53072fd,mcv,"dincome2,irvetserv",26211,True,True,True,valid
cand_0a9566d0a35a41ce0872,mcv,"dincome2,ischool",26212,True,True,True,valid
cand_c5313127b47eb58bbd45,mcv,"dincome2,isept80",26213,True,True,True,valid
cand_48c3981c51a912a8dc32,mcv,"dincome2,isex",26214,True,True,True,valid
cand_dda99fae7f9bfb347447,mcv,"dincome2,isubfam1",26215,True,True,True,valid
cand_b9888c671e77e5f5d52a,mcv,"dincome2,isubfam2",26216,True,True,True,valid
cand_ec399ca0b9095a72666d,mcv,"dincome2,itmpabsnt",26217,True,True,True,valid
cand_82c020e83c06d586b47e,mcv,"dincome2,dtravtime",26218,True,True,True,valid
cand_e184df101712bd5dc9e3,mcv,"dincome2,ivietnam",26219,True,True,True,valid
cand_5938121f0f15131fe846,mcv,"dincome2,dweek89",26220,True,True,True,valid
cand_4826262e90c2879ffae1,mcv,"dincome2,iwork89",26221,True,True,True,valid
cand_d919c1f7788cd4dd9c4f,mcv,"dincome2,iworklwk",26222,True,True,True,valid
cand_123cf60c8407a98e6528,mcv,"dincome2,iwwii",26223,True,True,True,valid
cand_fe77575a5ab31c5bcd4d,mcv,"dincome2,iyearsch",26224,True,True,True,valid
cand_be408243966aa73a3df3,mcv,"dincome2,iyearwrk",26225,True,True,True,valid
cand_153827a18ce6c92711be,mcv,"dincome2,dyrsserv",26226,True,True,True,valid
cand_998c7f43630265659dfd,mcv,"dincome3,dincome4",26227,True,True,True,valid
cand_09be372effa60d264ecf,mcv,"dincome3,dincome5",26228,True,True,True,valid
cand_040070ec9029bc752d5e,mcv,"dincome3,dincome6",26229,True,True,True,valid
cand_62b571198c05fac34f88,mcv,"dincome3,dincome7",26230,True,True,True,valid
cand_c36d655693113dbb71dc,mcv,"dincome3,dincome8",26231,True,True,True,valid
cand_35a9324211d3f8362b95,mcv,"dincome3,dindustry",26232,True,True,True,valid
cand_966abacdfe8669ae6bc0,mcv,"dincome3,ikorean",26233,True,True,True,valid
cand_2cb1ce9d42e0a4a5ffd9,mcv,"dincome3,ilang1",26234,True,True,True,valid
cand_485fdb20d5587f3d3cd2,mcv,"dincome3,ilooking",26235,True,True,True,valid
cand_770e7fc734860af1c665,mcv,"dincome3,imarital",26236,True,True,True,valid
cand_e681a0dd6fc16f7f480d,mcv,"dincome3,imay75880",26237,True,True,True,valid
cand_bf3909d636438e2e46ca,mcv,"dincome3,imeans",26238,True,True,True,valid
cand_0ead5594d16644a4b683,mcv,"dincome3,imilitary",26239,True,True,True,valid
cand_f4757825da40ed86d66e,mcv,"dincome3,imobility",26240,True,True,True,valid
cand_fef742efa7e2f49f5460,mcv,"dincome3,imobillim",26241,True,True,True,valid
cand_4ac3cabdf5d97f02b854,mcv,"dincome3,doccup",26242,True,True,True,valid
cand_cda53187d74e74a69888,mcv,"dincome3,iothrserv",26243,True,True,True,valid
cand_972ead56925a76e8a80c,mcv,"dincome3,iperscare",26244,True,True,True,valid
cand_0d00ebd88c056cca4072,mcv,"dincome3,dpob",26245,True,True,True,valid
cand_ed18757064d05284c3f3,mcv,"dincome3,dpoverty",26246,True,True,True,valid
cand_c6152d052dcb46f93e20,mcv,"dincome3,dpwgt1",26247,True,True,True,valid
cand_a572b819eb47d1b0a6f6,mcv,"dincome3,iragechld",26248,True,True,True,valid
cand_938e92d0aa6cce0fa48d,mcv,"dincome3,drearning",26249,True,True,True,valid
cand_d2f3ebf812b68b535b3b,mcv,"dincome3,irelat1",26250,True,True,True,valid
cand_dfae24be60c11e427392,mcv,"dincome3,irelat2",26251,True,True,True,valid
cand_c84619f187cd6432ec1f,mcv,"dincome3,iremplpar",26252,True,True,True,valid
cand_31b2b81cfd5d818ec2bc,mcv,"dincome3,iriders",26253,True,True,True,valid
cand_10b56b51a452d402fcd0,mcv,"dincome3,irlabor",26254,True,True,True,valid
cand_585099c54503bf7c9a98,mcv,"dincome3,irownchld",26255,True,True,True,valid
cand_21ee616d17fe817b15a4,mcv,"dincome3,drpincome",26256,True,True,True,valid
cand_e26a79f75e8c24367b99,mcv,"dincome3,irpob",26257,True,True,True,valid
cand_4dab7672e32d20cacbb7,mcv,"dincome3,irrelchld",26258,True,True,True,valid
cand_6cc2cad4192c0de4f3ff,mcv,"dincome3,irspouse",26259,True,True,True,valid
cand_e0a4fc2635abd2e828e3,mcv,"dincome3,irvetserv",26260,True,True,True,valid
cand_cebeaa2c1616f411b4b0,mcv,"dincome3,ischool",26261,True,True,True,valid
cand_ac0b5da6019f61936895,mcv,"dincome3,isept80",26262,True,True,True,valid
cand_18c9210f08cac90465c7,mcv,"dincome3,isex",26263,True,True,True,valid
cand_1f26ed570d44125328c9,mcv,"dincome3,isubfam1",26264,True,True,True,valid
cand_d5de84902bf7d1176225,mcv,"dincome3,isubfam2",26265,True,True,True,valid
cand_cc806dc8ccb205a6f40d,mcv,"dincome3,itmpabsnt",26266,True,True,True,valid
cand_3a71f2cd100a15110ffa,mcv,"dincome3,dtravtime",26267,True,True,True,valid
cand_78887450160dce3d8a64,mcv,"dincome3,ivietnam",26268,True,True,True,valid
cand_06456d638a74ad1df51f,mcv,"dincome3,dweek89",26269,True,True,True,valid
cand_04b49190094965376c47,mcv,"dincome3,iwork89",26270,True,True,True,valid
cand_63af4a84f54ab59ea836,mcv,"dincome3,iworklwk",26271,True,True,True,valid
cand_ec5f9894ea69837ac82a,mcv,"dincome3,iwwii",26272,True,True,True,valid
cand_718d53c9451b7425714d,mcv,"dincome3,iyearsch",26273,True,True,True,valid
cand_c16ff06dc0024caf209c,mcv,"dincome3,iyearwrk",26274,True,True,True,valid
cand_4a61d154ddd8dc7aa470,mcv,"dincome3,dyrsserv",26275,True,True,True,valid
cand_db6e6ff6b35a404bc7c0,mcv,"dincome4,dincome5",26276,True,True,True,valid
cand_385465f352f6e2852ff4,mcv,"dincome4,dincome6",26277,True,True,True,valid
cand_af6654ae97f2a917d347,mcv,"dincome4,dincome7",26278,True,True,True,valid
cand_4302e4e62866dafa06ae,mcv,"dincome4,dincome8",26279,True,True,True,valid
cand_7452ddd20b56746082c9,mcv,"dincome4,dindustry",26280,True,True,True,valid
cand_589a2f3b0cb554d2169f,mcv,"dincome4,ikorean",26281,True,True,True,valid
cand_749b3793376725ac3fb2,mcv,"dincome4,ilang1",26282,True,True,True,valid
cand_593215810527e6dd8cc5,mcv,"dincome4,ilooking",26283,True,True,True,valid
cand_4dd843adbf712fb3cc6d,mcv,"dincome4,imarital",26284,True,True,True,valid
cand_35f643d24c98cf96a4c7,mcv,"dincome4,imay75880",26285,True,True,True,valid
cand_31f6c995a540f25f4330,mcv,"dincome4,imeans",26286,True,True,True,valid
cand_809f3ecce33453627966,mcv,"dincome4,imilitary",26287,True,True,True,valid
cand_feb138081f7112aa8c31,mcv,"dincome4,imobility",26288,True,True,True,valid
cand_6349e74d156549689309,mcv,"dincome4,imobillim",26289,True,True,True,valid
cand_b95b9e660d93a3c218fb,mcv,"dincome4,doccup",26290,True,True,True,valid
cand_7905bad7a017d8539a10,mcv,"dincome4,iothrserv",26291,True,True,True,valid
cand_9edaf52ef2904746640b,mcv,"dincome4,iperscare",26292,True,True,True,valid
cand_1df9accc3403f57b65aa,mcv,"dincome4,dpob",26293,True,True,True,valid
cand_90cc581526cddd0424b3,mcv,"dincome4,dpoverty",26294,True,True,True,valid
cand_f7abbf012360f5f73fd9,mcv,"dincome4,dpwgt1",26295,True,True,True,valid
cand_11300f06f21556e8f7e5,mcv,"dincome4,iragechld",26296,True,True,True,valid
cand_49bbd4481f99c83c6cb4,mcv,"dincome4,drearning",26297,True,True,True,valid
cand_7b3c085ef8e220399dbe,mcv,"dincome4,irelat1",26298,True,True,True,valid
cand_11bfefde4addc204382c,mcv,"dincome4,irelat2",26299,True,True,True,valid
cand_3bb52786d9b948d87a87,mcv,"dincome4,iremplpar",26300,True,True,True,valid
cand_ec47472c68466d658f8e,mcv,"dincome4,iriders",26301,True,True,True,valid
cand_32bbea0f6bd2eb192725,mcv,"dincome4,irlabor",26302,True,True,True,valid
cand_03e566eef72503a7ec0a,mcv,"dincome4,irownchld",26303,True,True,True,valid
cand_b24258bbbb439d880bf4,mcv,"dincome4,drpincome",26304,True,True,True,valid
cand_8d02f02647ba458708c1,mcv,"dincome4,irpob",26305,True,True,True,valid
cand_604b4e3343296abedf6d,mcv,"dincome4,irrelchld",26306,True,True,True,valid
cand_45721a2c85d05fe0d72b,mcv,"dincome4,irspouse",26307,True,True,True,valid
cand_be99f830ced366852e8f,mcv,"dincome4,irvetserv",26308,True,True,True,valid
cand_3451be0ad9b55a60f40e,mcv,"dincome4,ischool",26309,True,True,True,valid
cand_d818ae3a4f9552529fa1,mcv,"dincome4,isept80",26310,True,True,True,valid
cand_1036d65367630289ee40,mcv,"dincome4,isex",26311,True,True,True,valid
cand_962aad29d43c3d2cf7b3,mcv,"dincome4,isubfam1",26312,True,True,True,valid
cand_22b7791e58d76f438e89,mcv,"dincome4,isubfam2",26313,True,True,True,valid
cand_d3bc2bce1b759ed5ea10,mcv,"dincome4,itmpabsnt",26314,True,True,True,valid
cand_7e343b9a5ff5eec15331,mcv,"dincome4,dtravtime",26315,True,True,True,valid
cand_d67e06f75c3f7960afe4,mcv,"dincome4,ivietnam",26316,True,True,True,valid
cand_b1f884dc45fcacf2bfc0,mcv,"dincome4,dweek89",26317,True,True,True,valid
cand_5790dff41d851ef2ff81,mcv,"dincome4,iwork89",26318,True,True,True,valid
cand_9c1c7ae7b703a46e5b88,mcv,"dincome4,iworklwk",26319,True,True,True,valid
cand_7153a6d2ec0a6430c337,mcv,"dincome4,iwwii",26320,True,True,True,valid
cand_b4df0f6a2ee097e877d1,mcv,"dincome4,iyearsch",26321,True,True,True,valid
cand_9512a6c2c2f64206cda5,mcv,"dincome4,iyearwrk",26322,True,True,True,valid
cand_e3e2134f8680184e333a,mcv,"dincome4,dyrsserv",26323,True,True,True,valid
cand_b6841919428dc09b8c93,mcv,"dincome5,dincome6",26324,True,True,True,valid
cand_615c0b638b8742bab206,mcv,"dincome5,dincome7",26325,True,True,True,valid
cand_6959ada87d002f533672,mcv,"dincome5,dincome8",26326,True,True,True,valid
cand_6e73602292fb45c6dbbc,mcv,"dincome5,dindustry",26327,True,True,True,valid
cand_30acf5da65a9d68275ea,mcv,"dincome5,ikorean",26328,True,True,True,valid
cand_4582b94b8ca7b2e7f705,mcv,"dincome5,ilang1",26329,True,True,True,valid
cand_b5d70093cbf60b97bd82,mcv,"dincome5,ilooking",26330,True,True,True,valid
cand_1e442d3c550bce592f79,mcv,"dincome5,imarital",26331,True,True,True,valid
cand_cb1f8d2a23718133c374,mcv,"dincome5,imay75880",26332,True,True,True,valid
cand_0a2ffb9965a1191e2c6e,mcv,"dincome5,imeans",26333,True,True,True,valid
cand_2be5f3992352e17e32a4,mcv,"dincome5,imilitary",26334,True,True,True,valid
cand_0c6310ef067467b6a075,mcv,"dincome5,imobility",26335,True,True,True,valid
cand_54cdad864d5b41b79974,mcv,"dincome5,imobillim",26336,True,True,True,valid
cand_7884a1cf68a76668ca69,mcv,"dincome5,doccup",26337,True,True,True,valid
cand_e593b3c7154f260b82c8,mcv,"dincome5,iothrserv",26338,True,True,True,valid
cand_5112103c5e00d267be37,mcv,"dincome5,iperscare",26339,True,True,True,valid
cand_27b2557176e5d6fa31ca,mcv,"dincome5,dpob",26340,True,True,True,valid
cand_2ab5d04865ec521548a3,mcv,"dincome5,dpoverty",26341,True,True,True,valid
cand_969e6e33d123ab04745d,mcv,"dincome5,dpwgt1",26342,True,True,True,valid
cand_e310ade2f1967cb03d24,mcv,"dincome5,iragechld",26343,True,True,True,valid
cand_48587aef2f547fc99f92,mcv,"dincome5,drearning",26344,True,True,True,valid
cand_eb4495a6e5b7f405b732,mcv,"dincome5,irelat1",26345,True,True,True,valid
cand_c9ce1fe9b7be5dd4740a,mcv,"dincome5,irelat2",26346,True,True,True,valid
cand_3afe3ade2155c40e131f,mcv,"dincome5,iremplpar",26347,True,True,True,valid
cand_08f4e2faf7be3b2ee5bd,mcv,"dincome5,iriders",26348,True,True,True,valid
cand_58716cad8621359b0688,mcv,"dincome5,irlabor",26349,True,True,True,valid
cand_09d15c6c6fa3480a6438,mcv,"dincome5,irownchld",26350,True,True,True,valid
cand_08ab363ba4331969a8e3,mcv,"dincome5,drpincome",26351,True,True,True,valid
cand_16b74989fa21876b3881,mcv,"dincome5,irpob",26352,True,True,True,valid
cand_60ab83202b0bcf325675,mcv,"dincome5,irrelchld",26353,True,True,True,valid
cand_c3111b54826d9a7f60cf,mcv,"dincome5,irspouse",26354,True,True,True,valid
cand_e42cf7f488f62ffb1322,mcv,"dincome5,irvetserv",26355,True,True,True,valid
cand_d3e7412c87b901624b8f,mcv,"dincome5,ischool",26356,True,True,True,valid
cand_955db275072518260423,mcv,"dincome5,isept80",26357,True,True,True,valid
cand_b06c246124f228412a11,mcv,"dincome5,isex",26358,True,True,True,valid
cand_5c429b9bcb29a00faf8f,mcv,"dincome5,isubfam1",26359,True,True,True,valid
cand_06f842e14eb8312d201f,mcv,"dincome5,isubfam2",26360,True,True,True,valid
cand_5d9a57fd851d0b80263f,mcv,"dincome5,itmpabsnt",26361,True,True,True,valid
cand_ce59b1ae397bd364a9a5,mcv,"dincome5,dtravtime",26362,True,True,True,valid
cand_dbe409033095b55dedaf,mcv,"dincome5,ivietnam",26363,True,True,True,valid
cand_9bbd456391a7a0aaf3f3,mcv,"dincome5,dweek89",26364,True,True,True,valid
cand_91b1c548a50524d3f616,mcv,"dincome5,iwork89",26365,True,True,True,valid
cand_865ef2c07e5d1b6484ff,mcv,"dincome5,iworklwk",26366,True,True,True,valid
cand_114843a3dd79d27b29fb,mcv,"dincome5,iwwii",26367,True,True,True,valid
cand_7a2448a3ac57b7973e7d,mcv,"dincome5,iyearsch",26368,True,True,True,valid
cand_0f22a211f38b1f9a8b97,mcv,"dincome5,iyearwrk",26369,True,True,True,valid
cand_cbf7a5bb478277cbf3ed,mcv,"dincome5,dyrsserv",26370,True,True,True,valid
cand_328b4f7319ddb59316de,mcv,"dincome6,dincome7",26371,True,True,True,valid
cand_1749002be48f8b6f5208,mcv,"dincome6,dincome8",26372,True,True,True,valid
cand_2657d6f8edd11885ff70,mcv,"dincome6,dindustry",26373,True,True,True,valid
cand_00cdfcb7ed45fe245064,mcv,"dincome6,ikorean",26374,True,True,True,valid
cand_6f6662f703d8306f7862,mcv,"dincome6,ilang1",26375,True,True,True,valid
cand_a72db0ba1bfea319e5cd,mcv,"dincome6,ilooking",26376,True,True,True,valid
cand_f2b0091fe5fb6dd87c49,mcv,"dincome6,imarital",26377,True,True,True,valid
cand_b39b29abed136485331b,mcv,"dincome6,imay75880",26378,True,True,True,valid
cand_507d66b303a7db7f9cec,mcv,"dincome6,imeans",26379,True,True,True,valid
cand_c118359e0a4465d83cd9,mcv,"dincome6,imilitary",26380,True,True,True,valid
cand_d1aa93f20abc7635b7fe,mcv,"dincome6,imobility",26381,True,True,True,valid
cand_2a96d7a1a721869a31c0,mcv,"dincome6,imobillim",26382,True,True,True,valid
cand_440b00d26667385c8bb5,mcv,"dincome6,doccup",26383,True,True,True,valid
cand_03108b38fa76de49bbab,mcv,"dincome6,iothrserv",26384,True,True,True,valid
cand_d3979ff7ce9d0b26fe8f,mcv,"dincome6,iperscare",26385,True,True,True,valid
cand_388d9d42403856aae51f,mcv,"dincome6,dpob",26386,True,True,True,valid
cand_3875f108821fa9f146ee,mcv,"dincome6,dpoverty",26387,True,True,True,valid
cand_c9d347d56aa54355b1e6,mcv,"dincome6,dpwgt1",26388,True,True,True,valid
cand_97b85542ea4d04736517,mcv,"dincome6,iragechld",26389,True,True,True,valid
cand_ce4352edfe266c422254,mcv,"dincome6,drearning",26390,True,True,True,valid
cand_0eb80d6922626fb5e74a,mcv,"dincome6,irelat1",26391,True,True,True,valid
cand_67614ad4f0c80392a0d8,mcv,"dincome6,irelat2",26392,True,True,True,valid
cand_eda8901b879eefb99db1,mcv,"dincome6,iremplpar",26393,True,True,True,valid
cand_5207993363d7ffdb221b,mcv,"dincome6,iriders",26394,True,True,True,valid
cand_b5db670d25d528f1215e,mcv,"dincome6,irlabor",26395,True,True,True,valid
cand_1bece68607cb9370f113,mcv,"dincome6,irownchld",26396,True,True,True,valid
cand_f64394cf59cd3e1c28f6,mcv,"dincome6,drpincome",26397,True,True,True,valid
cand_b495b4b7371b9a909ac4,mcv,"dincome6,irpob",26398,True,True,True,valid
cand_408949f1555bdcaac9ca,mcv,"dincome6,irrelchld",26399,True,True,True,valid
cand_1b5da094a127147247e7,mcv,"dincome6,irspouse",26400,True,True,True,valid
cand_40437596868938f3267d,mcv,"dincome6,irvetserv",26401,True,True,True,valid
cand_2e6f3ce35fa743a78bdb,mcv,"dincome6,ischool",26402,True,True,True,valid
cand_325343ebf44c2c7e0592,mcv,"dincome6,isept80",26403,True,True,True,valid
cand_17d21891ffdb4e8d7815,mcv,"dincome6,isex",26404,True,True,True,valid
cand_f6f509b6fa48fc774e60,mcv,"dincome6,isubfam1",26405,True,True,True,valid
cand_3c374a9431749ceebe3b,mcv,"dincome6,isubfam2",26406,True,True,True,valid
cand_b20aa5438671286acd3a,mcv,"dincome6,itmpabsnt",26407,True,True,True,valid
cand_e4a8138d3d30c303877a,mcv,"dincome6,dtravtime",26408,True,True,True,valid
cand_767da9ba6aff25117573,mcv,"dincome6,ivietnam",26409,True,True,True,valid
cand_e2d6c9e394baab2882aa,mcv,"dincome6,dweek89",26410,True,True,True,valid
cand_f8f62f089db4049b5196,mcv,"dincome6,iwork89",26411,True,True,True,valid
cand_31ba2a0be84a07c38612,mcv,"dincome6,iworklwk",26412,True,True,True,valid
cand_6018af39331c3ae10bd7,mcv,"dincome6,iwwii",26413,True,True,True,valid
cand_06840262c267e6bcce7b,mcv,"dincome6,iyearsch",26414,True,True,True,valid
cand_9c9258a6392613194c61,mcv,"dincome6,iyearwrk",26415,True,True,True,valid
cand_84f84a89207c587428a3,mcv,"dincome6,dyrsserv",26416,True,True,True,valid
cand_3f8d0e6dbbac7770e259,mcv,"dincome7,dincome8",26417,True,True,True,valid
cand_34d449598d4834b0f6a0,mcv,"dincome7,dindustry",26418,True,True,True,valid
cand_dea6870b2e1cfbe1abf1,mcv,"dincome7,ikorean",26419,True,True,True,valid
cand_8a14a75422c2d1766cdb,mcv,"dincome7,ilang1",26420,True,True,True,valid
cand_50d7e46059de7b51fd09,mcv,"dincome7,ilooking",26421,True,True,True,valid
cand_fad627d8399b8bb94b0e,mcv,"dincome7,imarital",26422,True,True,True,valid
cand_3a46493b56eb6a492c66,mcv,"dincome7,imay75880",26423,True,True,True,valid
cand_b6aa1580763084667ca6,mcv,"dincome7,imeans",26424,True,True,True,valid
cand_ae4990cba20a758b4d3f,mcv,"dincome7,imilitary",26425,True,True,True,valid
cand_951b9748b4a79a181394,mcv,"dincome7,imobillim",26426,True,True,True,valid
cand_5d28732ba5dee20f8ab5,mcv,"dincome7,doccup",26427,True,True,True,valid
cand_62326d3f6bc7cf1ca0c9,mcv,"dincome7,iothrserv",26428,True,True,True,valid
cand_39196f5e6d2180e0bcf6,mcv,"dincome7,iperscare",26429,True,True,True,valid
cand_11b6c23bdd8f6d43949a,mcv,"dincome7,dpob",26430,True,True,True,valid
cand_4d64e4c7bcdf1444e8c8,mcv,"dincome7,dpoverty",26431,True,True,True,valid
cand_493fe66837c8b5d26df2,mcv,"dincome7,dpwgt1",26432,True,True,True,valid
cand_80fba1ed07c45c059018,mcv,"dincome7,iragechld",26433,True,True,True,valid
cand_5326b3099b157c1953ce,mcv,"dincome7,drearning",26434,True,True,True,valid
cand_d0aa1c4c2d010351ce4d,mcv,"dincome7,irelat1",26435,True,True,True,valid
cand_7a7fc4d83dda70efca27,mcv,"dincome7,irelat2",26436,True,True,True,valid
cand_53d123f75deac69e47b9,mcv,"dincome7,iremplpar",26437,True,True,True,valid
cand_1ee04c2cdf1ab28074db,mcv,"dincome7,iriders",26438,True,True,True,valid
cand_6069adf4680e82f63ba5,mcv,"dincome7,irlabor",26439,True,True,True,valid
cand_2159dd21e65c7a0e35b9,mcv,"dincome7,irownchld",26440,True,True,True,valid
cand_c213d5c0847621aa977d,mcv,"dincome7,drpincome",26441,True,True,True,valid
cand_a84119afdf51fd496ab3,mcv,"dincome7,irpob",26442,True,True,True,valid
cand_6347cf7841079e8b70ad,mcv,"dincome7,irrelchld",26443,True,True,True,valid
cand_58a9ea5c8553f2877b03,mcv,"dincome7,irspouse",26444,True,True,True,valid
cand_409cd397d8a5d5fdf7ee,mcv,"dincome7,irvetserv",26445,True,True,True,valid
cand_c90a46e41c6351d42e18,mcv,"dincome7,ischool",26446,True,True,True,valid
cand_44b7dec48283f52c0edb,mcv,"dincome7,isept80",26447,True,True,True,valid
cand_b29b0b982d432e5852b3,mcv,"dincome7,isex",26448,True,True,True,valid
cand_4ab18840305d224b6a04,mcv,"dincome7,isubfam1",26449,True,True,True,valid
cand_9c44298f6e442e17128a,mcv,"dincome7,isubfam2",26450,True,True,True,valid
cand_fe0ac39eb44051945b68,mcv,"dincome7,itmpabsnt",26451,True,True,True,valid
cand_bd7c597179b5438ce1a2,mcv,"dincome7,dtravtime",26452,True,True,True,valid
cand_c8843076563dd1fef9f9,mcv,"dincome7,ivietnam",26453,True,True,True,valid
cand_88c958719b9a6f787b04,mcv,"dincome7,dweek89",26454,True,True,True,valid
cand_bf79de4559ea8e0e2b32,mcv,"dincome7,iwork89",26455,True,True,True,valid
cand_7af342bd59cdd3d9779c,mcv,"dincome7,iworklwk",26456,True,True,True,valid
cand_e22abb39e8f7bccc9b82,mcv,"dincome7,iwwii",26457,True,True,True,valid
cand_1be486828484f0c9598f,mcv,"dincome7,iyearsch",26458,True,True,True,valid
cand_89b8389969c0f3134c51,mcv,"dincome7,iyearwrk",26459,True,True,True,valid
cand_e8e602728542d8289544,mcv,"dincome7,dyrsserv",26460,True,True,True,valid
cand_7582b00be12a9ba16747,mcv,"dincome8,dindustry",26461,True,True,True,valid
cand_0f9575c4a12f14fdb4eb,mcv,"dincome8,ikorean",26462,True,True,True,valid
cand_620c3a353f092da658a7,mcv,"dincome8,ilang1",26463,True,True,True,valid
cand_5afe794df0f82efece5c,mcv,"dincome8,ilooking",26464,True,True,True,valid
cand_77e746c4b65062e49196,mcv,"dincome8,imarital",26465,True,True,True,valid
cand_12230958417d6461c2d3,mcv,"dincome8,imay75880",26466,True,True,True,valid
cand_614fc9ae1091e0001bd9,mcv,"dincome8,imeans",26467,True,True,True,valid
cand_b06854fbaefadf4dc005,mcv,"dincome8,imilitary",26468,True,True,True,valid
cand_99cd23a40deb3865762d,mcv,"dincome8,imobility",26469,True,True,True,valid
cand_b2dab8753f648b0a3b8e,mcv,"dincome8,imobillim",26470,True,True,True,valid
cand_d682f8c0d05b180e472c,mcv,"dincome8,doccup",26471,True,True,True,valid
cand_a97f3beb513155ac4699,mcv,"dincome8,iothrserv",26472,True,True,True,valid
cand_2413aa10aead37a35003,mcv,"dincome8,iperscare",26473,True,True,True,valid
cand_a98124adbc197fb9f3d9,mcv,"dincome8,dpob",26474,True,True,True,valid
cand_885e68f263240261da14,mcv,"dincome8,dpoverty",26475,True,True,True,valid
cand_b3be2f8d22ba7788a78d,mcv,"dincome8,dpwgt1",26476,True,True,True,valid
cand_7e6dc2187bc3d0f693e9,mcv,"dincome8,iragechld",26477,True,True,True,valid
cand_7b35ef296a0e06adcb7b,mcv,"dincome8,drearning",26478,True,True,True,valid
cand_27766ad9f677c9ef1788,mcv,"dincome8,irelat1",26479,True,True,True,valid
cand_b98849a14b8093cbea14,mcv,"dincome8,iremplpar",26480,True,True,True,valid
cand_cb0abb5f1429ee6bda0c,mcv,"dincome8,iriders",26481,True,True,True,valid
cand_cc722df19101c8ad472f,mcv,"dincome8,irlabor",26482,True,True,True,valid
cand_228392cf661d5b3bfa8d,mcv,"dincome8,irownchld",26483,True,True,True,valid
cand_30dee4807408e11114fd,mcv,"dincome8,drpincome",26484,True,True,True,valid
cand_1d2c878dab8252951933,mcv,"dincome8,irpob",26485,True,True,True,valid
cand_707b7696860fb5fad149,mcv,"dincome8,irrelchld",26486,True,True,True,valid
cand_d91a6559fdcf12805920,mcv,"dincome8,irspouse",26487,True,True,True,valid
cand_b3db9f2f619ae04b799a,mcv,"dincome8,irvetserv",26488,True,True,True,valid
cand_9e90fc2ff5f066bdd178,mcv,"dincome8,ischool",26489,True,True,True,valid
cand_29c001c804cff5eeb231,mcv,"dincome8,isept80",26490,True,True,True,valid
cand_886d04a52bdb3408ec10,mcv,"dincome8,isex",26491,True,True,True,valid
cand_8c0c9a27b05de4c0258f,mcv,"dincome8,isubfam1",26492,True,True,True,valid
cand_94a325a3deb040f2ca8f,mcv,"dincome8,isubfam2",26493,True,True,True,valid
cand_d20cc14228683b33e9f3,mcv,"dincome8,itmpabsnt",26494,True,True,True,valid
cand_c8fa4cd8d352ce57dc75,mcv,"dincome8,dtravtime",26495,True,True,True,valid
cand_92d3472983ad5fa5d9f5,mcv,"dincome8,ivietnam",26496,True,True,True,valid
cand_ab58ef53e80958af207c,mcv,"dincome8,dweek89",26497,True,True,True,valid
cand_2190353bcb7dd7ee257b,mcv,"dincome8,iwork89",26498,True,True,True,valid
cand_1d3a66f536ef8ab216ce,mcv,"dincome8,iworklwk",26499,True,True,True,valid
cand_ff43b1d0c9c37a1588f8,mcv,"dincome8,iwwii",26500,True,True,True,valid
cand_95707402c406fcda9173,mcv,"dincome8,iyearsch",26501,True,True,True,valid
cand_b11204eb4d06b100fcad,mcv,"dincome8,iyearwrk",26502,True,True,True,valid
cand_75894965ee8fcf435cd8,mcv,"dincome8,dyrsserv",26503,True,True,True,valid
cand_d898a72de54ed2133458,mcv,"dindustry,ikorean",26504,True,True,True,valid
cand_4ab027a6cdbd5a038b14,mcv,"dindustry,ilang1",26505,True,True,True,valid
cand_6bcd6c524a31e7ed9897,mcv,"dindustry,ilooking",26506,True,True,True,valid
cand_71b6f022627101b2b25e,mcv,"dindustry,imarital",26507,True,True,True,valid
cand_9a3ead8c8dd4c860c1d9,mcv,"dindustry,imay75880",26508,True,True,True,valid
cand_59a9f2f1ed56e1dcae9d,mcv,"dindustry,imeans",26509,True,True,True,valid
cand_0161234eed79663d5c11,mcv,"dindustry,imilitary",26510,True,True,True,valid
cand_8bbd75b75964775415d5,mcv,"dindustry,imobility",26511,True,True,True,valid
cand_75d6ab6bcdb4d5b4544a,mcv,"dindustry,imobillim",26512,True,True,True,valid
cand_6fd128a095d0a4901761,mcv,"dindustry,doccup",26513,True,True,True,valid
cand_23b59c403636177d2a67,mcv,"dindustry,iothrserv",26514,True,True,True,valid
cand_2d5297f79e57f64378b3,mcv,"dindustry,iperscare",26515,True,True,True,valid
cand_430a4b26fd39a17dbfdf,mcv,"dindustry,dpob",26516,True,True,True,valid
cand_cf320db713b101140fc8,mcv,"dindustry,dpoverty",26517,True,True,True,valid
cand_07f5dbbee446867d7076,mcv,"dindustry,dpwgt1",26518,True,True,True,valid
cand_c9bd965ecb3d793ba06e,mcv,"dindustry,iragechld",26519,True,True,True,valid
cand_a3809685157feb3c8443,mcv,"dindustry,drearning",26520,True,True,True,valid
cand_2ed0f038c6f18978624b,mcv,"dindustry,irelat1",26521,True,True,True,valid
cand_fcb6e81bf492a7f706a5,mcv,"dindustry,irelat2",26522,True,True,True,valid
cand_cfc4b0a8287313eb935e,mcv,"dindustry,iremplpar",26523,True,True,True,valid
cand_b240da9bc9d6224862d6,mcv,"dindustry,iriders",26524,True,True,True,valid
cand_cf89fb28c74d531c4506,mcv,"dindustry,irlabor",26525,True,True,True,valid
cand_e31986de1bec2733eeae,mcv,"dindustry,irownchld",26526,True,True,True,valid
cand_f7c6fb9cdc5ac588654f,mcv,"dindustry,drpincome",26527,True,True,True,valid
cand_23c78ab83e686aab1fed,mcv,"dindustry,irpob",26528,True,True,True,valid
cand_d4f450497273c7b697ea,mcv,"dindustry,irrelchld",26529,True,True,True,valid
cand_a2c8ae0b4831720bf238,mcv,"dindustry,irspouse",26530,True,True,True,valid
cand_768602f475cd48d35c10,mcv,"dindustry,irvetserv",26531,True,True,True,valid
cand_06b6baac8d257168ad15,mcv,"dindustry,ischool",26532,True,True,True,valid
cand_5c2e11091c7fa55fe438,mcv,"dindustry,isept80",26533,True,True,True,valid
cand_6b3a30959394fea3a1fa,mcv,"dindustry,isex",26534,True,True,True,valid
cand_8595235f17f69063a89a,mcv,"dindustry,isubfam1",26535,True,True,True,valid
cand_0e94c88cdc40f4e5187f,mcv,"dindustry,isubfam2",26536,True,True,True,valid
cand_cb554eb0c1a32b5ccd20,mcv,"dindustry,itmpabsnt",26537,True,True,True,valid
cand_4f68089cc8070fcb8e17,mcv,"dindustry,dtravtime",26538,True,True,True,valid
cand_9253c7cd24f28ea6977f,mcv,"dindustry,ivietnam",26539,True,True,True,valid
cand_7430c6b94a9df5bcc05b,mcv,"dindustry,dweek89",26540,True,True,True,valid
cand_ee5e34320b4d278ebe56,mcv,"dindustry,iwork89",26541,True,True,True,valid
cand_9ccac2dc89e39971c55a,mcv,"dindustry,iworklwk",26542,True,True,True,valid
cand_daf7a15c71dced8643f3,mcv,"dindustry,iwwii",26543,True,True,True,valid
cand_8df9473e13b6541fbd7e,mcv,"dindustry,iyearsch",26544,True,True,True,valid
cand_c9daf52e267ff5368007,mcv,"dindustry,iyearwrk",26545,True,True,True,valid
cand_0444e4e38ef9d144df75,mcv,"dindustry,dyrsserv",26546,True,True,True,valid
cand_5e20f271572c5039906a,mcv,"ikorean,ilang1",26547,True,True,True,valid
cand_ac78913766774df8c520,mcv,"ikorean,ilooking",26548,True,True,True,valid
cand_5f3a57abcf54c0d62823,mcv,"ikorean,imarital",26549,True,True,True,valid
cand_5c1e60cc127f6062873e,mcv,"ikorean,imay75880",26550,True,True,True,valid
cand_dc12ad3c19bcb812fa9c,mcv,"ikorean,imeans",26551,True,True,True,valid
cand_193c1651250c933705a2,mcv,"ikorean,imilitary",26552,True,True,True,valid
cand_b3656d0395f744f81c5b,mcv,"ikorean,imobility",26553,True,True,True,valid
cand_96fd7900534ba6e0be0c,mcv,"ikorean,imobillim",26554,True,True,True,valid
cand_f81ed79aebbff59b017f,mcv,"ikorean,doccup",26555,True,True,True,valid
cand_80c11ec4f53f040e6945,mcv,"ikorean,iothrserv",26556,True,True,True,valid
cand_05f5bd81801d4b03d01f,mcv,"ikorean,iperscare",26557,True,True,True,valid
cand_7f8f9bf449459994c51c,mcv,"ikorean,dpob",26558,True,True,True,valid
cand_d6e720d09bd3133ee83b,mcv,"ikorean,dpoverty",26559,True,True,True,valid
cand_c69217609130ddea1042,mcv,"ikorean,dpwgt1",26560,True,True,True,valid
cand_cced980dea45ab252b03,mcv,"ikorean,iragechld",26561,True,True,True,valid
cand_0cdfaa7f03a39c56997a,mcv,"ikorean,drearning",26562,True,True,True,valid
cand_76764702df433864c19e,mcv,"ikorean,irelat1",26563,True,True,True,valid
cand_096db27705e9e7166ab8,mcv,"ikorean,irelat2",26564,True,True,True,valid
cand_b592781cffc945c2621a,mcv,"ikorean,iremplpar",26565,True,True,True,valid
cand_416513635ac84dce9dc6,mcv,"ikorean,iriders",26566,True,True,True,valid
cand_c7745fc53b64a74fce9a,mcv,"ikorean,irlabor",26567,True,True,True,valid
cand_644516034a409e3aff80,mcv,"ikorean,irownchld",26568,True,True,True,valid
cand_554308267fa197c9e029,mcv,"ikorean,drpincome",26569,True,True,True,valid
cand_c21398c9021c65679f3a,mcv,"ikorean,irpob",26570,True,True,True,valid
cand_ad1da01db71d655a9dec,mcv,"ikorean,irrelchld",26571,True,True,True,valid
cand_3359020ec0f510bacb90,mcv,"ikorean,irspouse",26572,True,True,True,valid
cand_302653948f00b010bacf,mcv,"ikorean,irvetserv",26573,True,True,True,valid
cand_2d1278705666ca34f8ca,mcv,"ikorean,ischool",26574,True,True,True,valid
cand_3f442c4baafda10810be,mcv,"ikorean,isept80",26575,True,True,True,valid
cand_18c2b57bb1a6e5528008,mcv,"ikorean,isex",26576,True,True,True,valid
cand_dd6e0d919e61fce41a02,mcv,"ikorean,isubfam1",26577,True,True,True,valid
cand_cad24f9bc1617d7fd54e,mcv,"ikorean,isubfam2",26578,True,True,True,valid
cand_b31fbc00659c923a5e15,mcv,"ikorean,itmpabsnt",26579,True,True,True,valid
cand_cd98980a471d4d91c6d5,mcv,"ikorean,dtravtime",26580,True,True,True,valid
cand_83b9e3e16c4deb1778f0,mcv,"ikorean,ivietnam",26581,True,True,True,valid
cand_eef5a4a6eeff2ed1d723,mcv,"ikorean,dweek89",26582,True,True,True,valid
cand_f416bb802b6ec33216f6,mcv,"ikorean,iwork89",26583,True,True,True,valid
cand_c0f8f2c3ebc4ef2a0a6a,mcv,"ikorean,iworklwk",26584,True,True,True,valid
cand_9492c44ad8472ae0043b,mcv,"ikorean,iwwii",26585,True,True,True,valid
cand_970949f3e3d3b8386eef,mcv,"ikorean,iyearsch",26586,True,True,True,valid
cand_d13dbd608698a229dfce,mcv,"ikorean,iyearwrk",26587,True,True,True,valid
cand_278c3f43c0be6450c7bd,mcv,"ikorean,dyrsserv",26588,True,True,True,valid
cand_77a5efd51ed566d6dadd,mcv,"ilang1,ilooking",26589,True,True,True,valid
cand_605be031eed1acde4dd0,mcv,"ilang1,imarital",26590,True,True,True,valid
cand_459e69b7b0229f771b50,mcv,"ilang1,imay75880",26591,True,True,True,valid
cand_7a2e11ba82abe2251d50,mcv,"ilang1,imeans",26592,True,True,True,valid
cand_1beb4986fbaf27a40d0a,mcv,"ilang1,imilitary",26593,True,True,True,valid
cand_143850ab3a7fa35dc630,mcv,"ilang1,imobility",26594,True,True,True,valid
cand_88dc3804dd0ba4c075c8,mcv,"ilang1,imobillim",26595,True,True,True,valid
cand_6ee68758ea653a01a785,mcv,"ilang1,doccup",26596,True,True,True,valid
cand_f03ced3522237d134644,mcv,"ilang1,iothrserv",26597,True,True,True,valid
cand_0491197f436afff2a54c,mcv,"ilang1,iperscare",26598,True,True,True,valid
cand_327d72896ff4bd4e6e6b,mcv,"ilang1,dpob",26599,True,True,True,valid
cand_06a08f3b2633b7322e3b,mcv,"ilang1,dpoverty",26600,True,True,True,valid
cand_4cf5e125e724a455a9dd,mcv,"ilang1,dpwgt1",26601,True,True,True,valid
cand_9bcbdd2ba5ef24362a88,mcv,"ilang1,iragechld",26602,True,True,True,valid
cand_faf9d85ff93f80b21a87,mcv,"ilang1,drearning",26603,True,True,True,valid
cand_57bb359e99a7460925be,mcv,"ilang1,irelat1",26604,True,True,True,valid
cand_edd15a41d185b1d070bb,mcv,"ilang1,irelat2",26605,True,True,True,valid
cand_9e008c7958c79d9e265f,mcv,"ilang1,iremplpar",26606,True,True,True,valid
cand_75b4ee2a8673f5038cab,mcv,"ilang1,iriders",26607,True,True,True,valid
cand_57ca9c6d4a870535c875,mcv,"ilang1,irlabor",26608,True,True,True,valid
cand_806042de53ff839a0854,mcv,"ilang1,irownchld",26609,True,True,True,valid
cand_546515e92ffd2a64372a,mcv,"ilang1,drpincome",26610,True,True,True,valid
cand_e8e141c872a8f630b42c,mcv,"ilang1,irpob",26611,True,True,True,valid
cand_59d04c5816c7d4fc20b1,mcv,"ilang1,irrelchld",26612,True,True,True,valid
cand_627e740d6a97efc6fdd2,mcv,"ilang1,irspouse",26613,True,True,True,valid
cand_012cc783469d6df33508,mcv,"ilang1,irvetserv",26614,True,True,True,valid
cand_4339f7a9a14a53749eb3,mcv,"ilang1,ischool",26615,True,True,True,valid
cand_778fc43f103ce779273d,mcv,"ilang1,isept80",26616,True,True,True,valid
cand_e2f922c1f81f920547f6,mcv,"ilang1,isex",26617,True,True,True,valid
cand_6a32233ef2c5a2fa1307,mcv,"ilang1,isubfam1",26618,True,True,True,valid
cand_ba3a3929899868e8e1bc,mcv,"ilang1,isubfam2",26619,True,True,True,valid
cand_53c1f0ba1163108329d9,mcv,"ilang1,itmpabsnt",26620,True,True,True,valid
cand_2c1ae78997baf96c179b,mcv,"ilang1,dtravtime",26621,True,True,True,valid
cand_8ae9112439ecdc5ff1c9,mcv,"ilang1,ivietnam",26622,True,True,True,valid
cand_45d2394491d89eef8558,mcv,"ilang1,dweek89",26623,True,True,True,valid
cand_d03f4d1c1ed49274cd05,mcv,"ilang1,iwork89",26624,True,True,True,valid
cand_230e7af181041e890860,mcv,"ilang1,iworklwk",26625,True,True,True,valid
cand_f098c019f29fbdcc0668,mcv,"ilang1,iwwii",26626,True,True,True,valid
cand_6cfd14f47dd81d738c13,mcv,"ilang1,iyearsch",26627,True,True,True,valid
cand_7d0eba531d65a0440632,mcv,"ilang1,iyearwrk",26628,True,True,True,valid
cand_d14662cee267df0513b6,mcv,"ilang1,dyrsserv",26629,True,True,True,valid
cand_d78536ccb90bd2d9fa76,mcv,"ilooking,imarital",26630,True,True,True,valid
cand_95b8d76b2122bb580189,mcv,"ilooking,imay75880",26631,True,True,True,valid
cand_7a9f29fadd03f9cca8fe,mcv,"ilooking,imeans",26632,True,True,True,valid
cand_47880968d98592dbb9f7,mcv,"ilooking,imilitary",26633,True,True,True,valid
cand_6a998b9368dec93a9c69,mcv,"ilooking,imobility",26634,True,True,True,valid
cand_8fd0e085102c0b159c16,mcv,"ilooking,imobillim",26635,True,True,True,valid
cand_6c321817b4677203324c,mcv,"ilooking,doccup",26636,True,True,True,valid
cand_4915b4df5b5b2727396b,mcv,"ilooking,iothrserv",26637,True,True,True,valid
cand_ef016799d02abb4df42c,mcv,"ilooking,iperscare",26638,True,True,True,valid
cand_e415f7ee71aec7f62e7a,mcv,"ilooking,dpob",26639,True,True,True,valid
cand_c490c4b55d5e3239c759,mcv,"ilooking,dpoverty",26640,True,True,True,valid
cand_0a9e58c74f8ddbe2ffd0,mcv,"ilooking,dpwgt1",26641,True,True,True,valid
cand_8a5dba7d2cd0519dc116,mcv,"ilooking,iragechld",26642,True,True,True,valid
cand_ff8a68988547548eb807,mcv,"ilooking,drearning",26643,True,True,True,valid
cand_483db1c2bcea44d19226,mcv,"ilooking,irelat1",26644,True,True,True,valid
cand_95716bace7a8721f057f,mcv,"ilooking,irelat2",26645,True,True,True,valid
cand_44adcc954ad25f431d32,mcv,"ilooking,iremplpar",26646,True,True,True,valid
cand_9b50041b73ee653f8aa9,mcv,"ilooking,iriders",26647,True,True,True,valid
cand_7c8ba6af9bf9e5c187ac,mcv,"ilooking,irlabor",26648,True,True,True,valid
cand_a288f703f34c89103a1c,mcv,"ilooking,irownchld",26649,True,True,True,valid
cand_ba1daa555fdaa08cc9dd,mcv,"ilooking,drpincome",26650,True,True,True,valid
cand_59a78d16a51b63474d2d,mcv,"ilooking,irpob",26651,True,True,True,valid
cand_acf9ac801ea9622c3c35,mcv,"ilooking,irrelchld",26652,True,True,True,valid
cand_ef16ac1c9727bc44fe78,mcv,"ilooking,irspouse",26653,True,True,True,valid
cand_e0011e73ce816202672c,mcv,"ilooking,irvetserv",26654,True,True,True,valid
cand_d5d7829b697f3bfd3b1f,mcv,"ilooking,ischool",26655,True,True,True,valid
cand_4214f0c2bb67ed25c5e7,mcv,"ilooking,isept80",26656,True,True,True,valid
cand_3f234b065e4da309f5e5,mcv,"ilooking,isex",26657,True,True,True,valid
cand_cc4c9204c320df0db9fe,mcv,"ilooking,isubfam1",26658,True,True,True,valid
cand_f19b3b8dc7368700b5fc,mcv,"ilooking,isubfam2",26659,True,True,True,valid
cand_8cc948438c501c41b28c,mcv,"ilooking,itmpabsnt",26660,True,True,True,valid
cand_df60c6e48fac007eae2e,mcv,"ilooking,dtravtime",26661,True,True,True,valid
cand_ca623498ea1434f3a7d9,mcv,"ilooking,ivietnam",26662,True,True,True,valid
cand_cc4048f2a87de8850502,mcv,"ilooking,dweek89",26663,True,True,True,valid
cand_bf17b336a06625d6b5e8,mcv,"ilooking,iwork89",26664,True,True,True,valid
cand_a881fb7339d8a29f7c03,mcv,"ilooking,iworklwk",26665,True,True,True,valid
cand_06ab93fe24419e606689,mcv,"ilooking,iwwii",26666,True,True,True,valid
cand_a96e5b50d5235bca9ce8,mcv,"ilooking,iyearsch",26667,True,True,True,valid
cand_0a0d1556f00494374822,mcv,"ilooking,iyearwrk",26668,True,True,True,valid
cand_1ccb73f5af4fa3495cf4,mcv,"ilooking,dyrsserv",26669,True,True,True,valid
cand_97c63dcbc3734a8b30b7,mcv,"imarital,imay75880",26670,True,True,True,valid
cand_b095373f53aed2bf2ba9,mcv,"imarital,imeans",26671,True,True,True,valid
cand_3ba3cc85350cd4368c18,mcv,"imarital,imilitary",26672,True,True,True,valid
cand_a8608b9f3b95e2ec808e,mcv,"imarital,imobility",26673,True,True,True,valid
cand_83c40a8424cbf43de006,mcv,"imarital,imobillim",26674,True,True,True,valid
cand_e4d69426248bc1fb22aa,mcv,"imarital,doccup",26675,True,True,True,valid
cand_2e1cd8841530c459a51f,mcv,"imarital,iothrserv",26676,True,True,True,valid
cand_b1af6ad500a7dd0fcebb,mcv,"imarital,iperscare",26677,True,True,True,valid
cand_fe2a350a4333db3d6e56,mcv,"imarital,dpob",26678,True,True,True,valid
cand_005bb6b55a3a27d8b552,mcv,"imarital,dpoverty",26679,True,True,True,valid
cand_b0cacf3a62297f60906a,mcv,"imarital,dpwgt1",26680,True,True,True,valid
cand_9790a180747282ca3469,mcv,"imarital,iragechld",26681,True,True,True,valid
cand_bb59020b307b3995b0ca,mcv,"imarital,drearning",26682,True,True,True,valid
cand_42438001f797a0f49f75,mcv,"imarital,irelat1",26683,True,True,True,valid
cand_a522b2c2f058486039ee,mcv,"imarital,irelat2",26684,True,True,True,valid
cand_9d33f9ec0b5af8e94b75,mcv,"imarital,iremplpar",26685,True,True,True,valid
cand_49cafcf00573d061f1a8,mcv,"imarital,iriders",26686,True,True,True,valid
cand_d50e35f704da3487ee93,mcv,"imarital,irlabor",26687,True,True,True,valid
cand_5fbf96b79402160f3d21,mcv,"imarital,irownchld",26688,True,True,True,valid
cand_d50ef83b5018166faa24,mcv,"imarital,drpincome",26689,True,True,True,valid
cand_b237b9816df519dc3592,mcv,"imarital,irrelchld",26690,True,True,True,valid
cand_6fadfb93d1f3f50db8b2,mcv,"imarital,irspouse",26691,True,True,True,valid
cand_488c26513fc8b235bbc5,mcv,"imarital,irvetserv",26692,True,True,True,valid
cand_a33bdf73d136d5f0aa3e,mcv,"imarital,ischool",26693,True,True,True,valid
cand_298a0f5ac2a0b6bbbce7,mcv,"imarital,isept80",26694,True,True,True,valid
cand_d13c0a764820a3986012,mcv,"imarital,isex",26695,True,True,True,valid
cand_82f99a315d0612e2003a,mcv,"imarital,isubfam1",26696,True,True,True,valid
cand_fea3135af760f36666fa,mcv,"imarital,isubfam2",26697,True,True,True,valid
cand_bb1900d01158d93332cd,mcv,"imarital,itmpabsnt",26698,True,True,True,valid
cand_a9962e3f2ad190ea196f,mcv,"imarital,dtravtime",26699,True,True,True,valid
cand_225ddb2742774c96a963,mcv,"imarital,ivietnam",26700,True,True,True,valid
cand_7a99148b484542f55bce,mcv,"imarital,dweek89",26701,True,True,True,valid
cand_ded964da910405daecb0,mcv,"imarital,iwork89",26702,True,True,True,valid
cand_0da41b37be39a763dd86,mcv,"imarital,iworklwk",26703,True,True,True,valid
cand_b1beac74a493084850a4,mcv,"imarital,iwwii",26704,True,True,True,valid
cand_b8818f726f6b13edf2d1,mcv,"imarital,iyearsch",26705,True,True,True,valid
cand_fc665c09689bfc91c73f,mcv,"imarital,iyearwrk",26706,True,True,True,valid
cand_d8af6bac852f7c5185e8,mcv,"imarital,dyrsserv",26707,True,True,True,valid
cand_1b417725f83228eae3b0,mcv,"imay75880,imeans",26708,True,True,True,valid
cand_8b0820cf789d65673b54,mcv,"imay75880,imilitary",26709,True,True,True,valid
cand_0a286799d7cc48c00ec7,mcv,"imay75880,imobility",26710,True,True,True,valid
cand_fce179c66b8a10d66889,mcv,"imay75880,imobillim",26711,True,True,True,valid
cand_e6cb9a49ccd6368d1763,mcv,"imay75880,doccup",26712,True,True,True,valid
cand_549b83c821665df6fa60,mcv,"imay75880,iothrserv",26713,True,True,True,valid
cand_3d22baa63fd8da2e0717,mcv,"imay75880,iperscare",26714,True,True,True,valid
cand_efd654ac791eef509e9b,mcv,"imay75880,dpob",26715,True,True,True,valid
cand_075fcdcd3fba72380c69,mcv,"imay75880,dpoverty",26716,True,True,True,valid
cand_1a50dcfbb851335ffcca,mcv,"imay75880,dpwgt1",26717,True,True,True,valid
cand_8af6310a981503fbcbd2,mcv,"imay75880,iragechld",26718,True,True,True,valid
cand_58536911a2e48f305e70,mcv,"imay75880,drearning",26719,True,True,True,valid
cand_b6ccb4d1c25dd15d3e1b,mcv,"imay75880,irelat1",26720,True,True,True,valid
cand_c816899b0e48d4443098,mcv,"imay75880,irelat2",26721,True,True,True,valid
cand_d962c2268f0b4be6633f,mcv,"imay75880,iremplpar",26722,True,True,True,valid
cand_3e2222533edebcc574b1,mcv,"imay75880,iriders",26723,True,True,True,valid
cand_6716a93d58d1bc1d3506,mcv,"imay75880,irlabor",26724,True,True,True,valid
cand_90a1ed4e1768f3b2d3dd,mcv,"imay75880,irownchld",26725,True,True,True,valid
cand_fc5f5c48167583b4e691,mcv,"imay75880,drpincome",26726,True,True,True,valid
cand_7f73dc5518ea4549a915,mcv,"imay75880,irpob",26727,True,True,True,valid
cand_a0cf3800959164dcba04,mcv,"imay75880,irrelchld",26728,True,True,True,valid
cand_ee3cde36e8831c8270ca,mcv,"imay75880,irspouse",26729,True,True,True,valid
cand_b4d9e71d05330ca21b48,mcv,"imay75880,irvetserv",26730,True,True,True,valid
cand_4dfe6377afebb483bb46,mcv,"imay75880,ischool",26731,True,True,True,valid
cand_69d9db4f8deab017b0e5,mcv,"imay75880,isept80",26732,True,True,True,valid
cand_b9717ec05bde8a127e23,mcv,"imay75880,isex",26733,True,True,True,valid
cand_eba4280cf1df79238bc2,mcv,"imay75880,isubfam1",26734,True,True,True,valid
cand_97e978f7995f54575765,mcv,"imay75880,isubfam2",26735,True,True,True,valid
cand_88859e9e2a4d5f27d124,mcv,"imay75880,itmpabsnt",26736,True,True,True,valid
cand_765063b4eccaed74a889,mcv,"imay75880,dtravtime",26737,True,True,True,valid
cand_e2b32a885d348cb2c414,mcv,"imay75880,ivietnam",26738,True,True,True,valid
cand_3f86dfc635f1733c5533,mcv,"imay75880,dweek89",26739,True,True,True,valid
cand_9067f6520406dd2890c6,mcv,"imay75880,iwork89",26740,True,True,True,valid
cand_3b952d0341f27c983d84,mcv,"imay75880,iworklwk",26741,True,True,True,valid
cand_5973d837bce6ff24e66d,mcv,"imay75880,iwwii",26742,True,True,True,valid
cand_da94de020ddb7aa20fdb,mcv,"imay75880,iyearsch",26743,True,True,True,valid
cand_aa049b068a49f21807f5,mcv,"imay75880,iyearwrk",26744,True,True,True,valid
cand_9e5992a300725b825bdf,mcv,"imay75880,dyrsserv",26745,True,True,True,valid
cand_281c59c628602df7f9d6,mcv,"imeans,imilitary",26746,True,True,True,valid
cand_47e775e892e6a251f274,mcv,"imeans,imobility",26747,True,True,True,valid
cand_276114abafbb3eb8a3bc,mcv,"imeans,imobillim",26748,True,True,True,valid
cand_86ff2667bbef37ecabb1,mcv,"imeans,doccup",26749,True,True,True,valid
cand_6124908b612a4ef63060,mcv,"imeans,iothrserv",26750,True,True,True,valid
cand_d7769492506ce4359c6f,mcv,"imeans,iperscare",26751,True,True,True,valid
cand_a0dae0f6a65c8fff8de7,mcv,"imeans,dpob",26752,True,True,True,valid
cand_e7c0b6f044c48adee6a6,mcv,"imeans,dpoverty",26753,True,True,True,valid
cand_a898ba16e27407066686,mcv,"imeans,dpwgt1",26754,True,True,True,valid
cand_6da476ce9bd8d988dc11,mcv,"imeans,iragechld",26755,True,True,True,valid
cand_f076dce27c0ceb830a37,mcv,"imeans,drearning",26756,True,True,True,valid
cand_202ce807a540d9d12f9c,mcv,"imeans,irelat1",26757,True,True,True,valid
cand_55d071579aa406a263be,mcv,"imeans,irelat2",26758,True,True,True,valid
cand_55d84822dca80d47905c,mcv,"imeans,iremplpar",26759,True,True,True,valid
cand_29f95b5f25785faa89a1,mcv,"imeans,iriders",26760,True,True,True,valid
cand_ec94d4fcaa39e54f2f3f,mcv,"imeans,irlabor",26761,True,True,True,valid
cand_81b649e48f4fdcbae5b0,mcv,"imeans,irownchld",26762,True,True,True,valid
cand_22db9e2c6b6a672d8014,mcv,"imeans,drpincome",26763,True,True,True,valid
cand_a52ca58769766e7d09ea,mcv,"imeans,irpob",26764,True,True,True,valid
cand_49676b67a784e0d7090a,mcv,"imeans,irrelchld",26765,True,True,True,valid
cand_62cfa73cc1312af98c62,mcv,"imeans,irspouse",26766,True,True,True,valid
cand_40b7729ceec745730e32,mcv,"imeans,irvetserv",26767,True,True,True,valid
cand_4888cdddaff6b7861754,mcv,"imeans,ischool",26768,True,True,True,valid
cand_60561f6c4dc790f87dfd,mcv,"imeans,isept80",26769,True,True,True,valid
cand_9cb777f08b4909b091bc,mcv,"imeans,isex",26770,True,True,True,valid
cand_7a23c746464c6fbf2788,mcv,"imeans,isubfam1",26771,True,True,True,valid
cand_80e3d1fab7076e370d2f,mcv,"imeans,isubfam2",26772,True,True,True,valid
cand_30382d2af8ceea8acba0,mcv,"imeans,itmpabsnt",26773,True,True,True,valid
cand_3053964e33734cda3a3f,mcv,"imeans,dtravtime",26774,True,True,True,valid
cand_4e464d23fff5c3b1a6fa,mcv,"imeans,ivietnam",26775,True,True,True,valid
cand_a96c2769bdde4d302376,mcv,"imeans,dweek89",26776,True,True,True,valid
cand_d921f4eb78d4fa0f9f71,mcv,"imeans,iwork89",26777,True,True,True,valid
cand_50e40f909d08e40748f4,mcv,"imeans,iworklwk",26778,True,True,True,valid
cand_67a1ae218940ee3790b9,mcv,"imeans,iwwii",26779,True,True,True,valid
cand_5268eb470bdaa430c408,mcv,"imeans,iyearsch",26780,True,True,True,valid
cand_1738ece7fa05a3936882,mcv,"imeans,iyearwrk",26781,True,True,True,valid
cand_a88b8dcbc89c24971193,mcv,"imeans,dyrsserv",26782,True,True,True,valid
cand_4805f0d30026df8f6484,mcv,"imilitary,imobility",26783,True,True,True,valid
cand_5fd5effd9a25236a1423,mcv,"imilitary,imobillim",26784,True,True,True,valid
cand_dd74eefaacbd612ed83c,mcv,"imilitary,doccup",26785,True,True,True,valid
cand_67fde3c479dee0d14023,mcv,"imilitary,iothrserv",26786,True,True,True,valid
cand_ca8b2ddd79d99e80f79c,mcv,"imilitary,iperscare",26787,True,True,True,valid
cand_a5be2e6e1aa98e047b25,mcv,"imilitary,dpob",26788,True,True,True,valid
cand_ce1c6208a5975019d930,mcv,"imilitary,dpoverty",26789,True,True,True,valid
cand_fa4297e08eb2c893c8c8,mcv,"imilitary,dpwgt1",26790,True,True,True,valid
cand_8610d476a0cb88d48a72,mcv,"imilitary,iragechld",26791,True,True,True,valid
cand_43a3c3f4269bb5996fd3,mcv,"imilitary,drearning",26792,True,True,True,valid
cand_2cb6a897e76ad672bd39,mcv,"imilitary,irelat1",26793,True,True,True,valid
cand_c0c966c5599a4bbdda1b,mcv,"imilitary,irelat2",26794,True,True,True,valid
cand_125ecbcefa64a1bbd4fc,mcv,"imilitary,iremplpar",26795,True,True,True,valid
cand_146e05d1bb1e1d36d7d6,mcv,"imilitary,iriders",26796,True,True,True,valid
cand_f5d2818423b6a57ac471,mcv,"imilitary,irlabor",26797,True,True,True,valid
cand_f166bb6178a7996a4790,mcv,"imilitary,irownchld",26798,True,True,True,valid
cand_1be447a8f47dffa4781c,mcv,"imilitary,irpob",26799,True,True,True,valid
cand_9ec96c3f4d6bde170506,mcv,"imilitary,irrelchld",26800,True,True,True,valid
cand_74628a20a6806e8b32fc,mcv,"imilitary,irspouse",26801,True,True,True,valid
cand_9b807e0af61bbb475388,mcv,"imilitary,irvetserv",26802,True,True,True,valid
cand_706ffa3e4737566648cc,mcv,"imilitary,ischool",26803,True,True,True,valid
cand_77b15e83a6c573b9843d,mcv,"imilitary,isept80",26804,True,True,True,valid
cand_3fb4bb2981443863adaf,mcv,"imilitary,isex",26805,True,True,True,valid
cand_4c6017eb040ad70d29ec,mcv,"imilitary,isubfam1",26806,True,True,True,valid
cand_27a179a6ffd706ffcd38,mcv,"imilitary,isubfam2",26807,True,True,True,valid
cand_fe55a3d30895a67845f9,mcv,"imilitary,itmpabsnt",26808,True,True,True,valid
cand_674efbc5b95e026fe26d,mcv,"imilitary,dtravtime",26809,True,True,True,valid
cand_73b5e4ece858a517a476,mcv,"imilitary,ivietnam",26810,True,True,True,valid
cand_827645902c17b764eb9c,mcv,"imilitary,dweek89",26811,True,True,True,valid
cand_07683d9eb5a1ba91f441,mcv,"imilitary,iwork89",26812,True,True,True,valid
cand_ff488ccbe84981d5850d,mcv,"imilitary,iworklwk",26813,True,True,True,valid
cand_28181eefdf15a3ec6fe2,mcv,"imilitary,iwwii",26814,True,True,True,valid
cand_fe0e00a87764baf80907,mcv,"imilitary,iyearsch",26815,True,True,True,valid
cand_a7ce81ad2618c11f1ffa,mcv,"imilitary,iyearwrk",26816,True,True,True,valid
cand_a6d97337c7b155493adb,mcv,"imilitary,dyrsserv",26817,True,True,True,valid
cand_d98e2b4cc3af03827012,mcv,"imobility,imobillim",26818,True,True,True,valid
cand_3aca5e633b9eba5d20d6,mcv,"imobility,doccup",26819,True,True,True,valid
cand_cc44d07ebe300122d51f,mcv,"imobility,iothrserv",26820,True,True,True,valid
cand_c50032cbabb68d97acce,mcv,"imobility,iperscare",26821,True,True,True,valid
cand_aac5e4489aaece433e4c,mcv,"imobility,dpob",26822,True,True,True,valid
cand_1192e41ccf7aa3dfd9c7,mcv,"imobility,dpoverty",26823,True,True,True,valid
cand_4249446c928d72fd88c6,mcv,"imobility,dpwgt1",26824,True,True,True,valid
cand_ba79197892642f99edba,mcv,"imobility,iragechld",26825,True,True,True,valid
cand_04a010ec9d266098a31f,mcv,"imobility,drearning",26826,True,True,True,valid
cand_2433419045b0bef2a814,mcv,"imobility,irelat1",26827,True,True,True,valid
cand_92481bfd8785cc2d812b,mcv,"imobility,irelat2",26828,True,True,True,valid
cand_5b3b9ecf6a08340fa18e,mcv,"imobility,iremplpar",26829,True,True,True,valid
cand_da32e4c8b964bf09ed60,mcv,"imobility,iriders",26830,True,True,True,valid
cand_7c92723199c5aae06a39,mcv,"imobility,irlabor",26831,True,True,True,valid
cand_843be42dadd0f4900a24,mcv,"imobility,irownchld",26832,True,True,True,valid
cand_094a186bb5bcfe7424b3,mcv,"imobility,drpincome",26833,True,True,True,valid
cand_039a80bdf65c1ea4a2b6,mcv,"imobility,irpob",26834,True,True,True,valid
cand_fe3c5a1cf5859411ed3f,mcv,"imobility,irrelchld",26835,True,True,True,valid
cand_a23f6f5a5a6f029df70a,mcv,"imobility,irspouse",26836,True,True,True,valid
cand_5f74f91d5d461d73fc00,mcv,"imobility,irvetserv",26837,True,True,True,valid
cand_16761b28b648526267d7,mcv,"imobility,ischool",26838,True,True,True,valid
cand_fbee3782b898d3b28daa,mcv,"imobility,isept80",26839,True,True,True,valid
cand_e84edf67c9d4452edb94,mcv,"imobility,isex",26840,True,True,True,valid
cand_bcedbf6e34437123c213,mcv,"imobility,isubfam1",26841,True,True,True,valid
cand_5914e9042357f6ea8072,mcv,"imobility,isubfam2",26842,True,True,True,valid
cand_ec3125a4e989195317be,mcv,"imobility,itmpabsnt",26843,True,True,True,valid
cand_ba35d01dc6043f48dfcf,mcv,"imobility,dtravtime",26844,True,True,True,valid
cand_d31b36a3631d404bb5cd,mcv,"imobility,ivietnam",26845,True,True,True,valid
cand_44fefb77c24a43d6d427,mcv,"imobility,dweek89",26846,True,True,True,valid
cand_a7e016eaf8ca6624c09f,mcv,"imobility,iwork89",26847,True,True,True,valid
cand_1ecc39289538d19acbe8,mcv,"imobility,iworklwk",26848,True,True,True,valid
cand_ebd5a74da213694f0898,mcv,"imobility,iwwii",26849,True,True,True,valid
cand_b5cbaeaae5fe647ee429,mcv,"imobility,iyearsch",26850,True,True,True,valid
cand_bd6709e22aa12e4057df,mcv,"imobility,iyearwrk",26851,True,True,True,valid
cand_199fccb3598d64caafa4,mcv,"imobility,dyrsserv",26852,True,True,True,valid
cand_4d83ec501db9445e1934,mcv,"imobillim,doccup",26853,True,True,True,valid
cand_147e9365e9cb9a51f662,mcv,"imobillim,iperscare",26854,True,True,True,valid
cand_ab367acd2a3419928b7e,mcv,"imobillim,dpob",26855,True,True,True,valid
cand_a852b617055fbad90e1a,mcv,"imobillim,dpoverty",26856,True,True,True,valid
cand_6619d2e8c7d1e16efa4d,mcv,"imobillim,dpwgt1",26857,True,True,True,valid
cand_ff5b54e32638903875c1,mcv,"imobillim,iragechld",26858,True,True,True,valid
cand_3e2152477860ba2d5427,mcv,"imobillim,drearning",26859,True,True,True,valid
cand_55700dcc60ac0b966b7e,mcv,"imobillim,irelat1",26860,True,True,True,valid
cand_b96f5545113b3dcaaefd,mcv,"imobillim,irelat2",26861,True,True,True,valid
cand_16167dde7fd254769f3d,mcv,"imobillim,iremplpar",26862,True,True,True,valid
cand_7eee1a8045066d84c5b0,mcv,"imobillim,iriders",26863,True,True,True,valid
cand_3b241c7ba815af7c635d,mcv,"imobillim,irlabor",26864,True,True,True,valid
cand_fe695df3b6b2c02062a1,mcv,"imobillim,irownchld",26865,True,True,True,valid
cand_52b270d00f98a7aec132,mcv,"imobillim,drpincome",26866,True,True,True,valid
cand_9d8eb7a75ce3914b0465,mcv,"imobillim,irpob",26867,True,True,True,valid
cand_5ebe9441b70ab68bf898,mcv,"imobillim,irrelchld",26868,True,True,True,valid
cand_3e7ee6999bed9b001303,mcv,"imobillim,irspouse",26869,True,True,True,valid
cand_cff7dd90f4036a2caac6,mcv,"imobillim,irvetserv",26870,True,True,True,valid
cand_c6cd30b55aa3b4fad7b9,mcv,"imobillim,ischool",26871,True,True,True,valid
cand_cc43e6c5797c136d6024,mcv,"imobillim,isept80",26872,True,True,True,valid
cand_d125aa483b7d7c279ac2,mcv,"imobillim,isex",26873,True,True,True,valid
cand_cbe19170524d201b561d,mcv,"imobillim,isubfam1",26874,True,True,True,valid
cand_fd01cee2aeef1bc34086,mcv,"imobillim,isubfam2",26875,True,True,True,valid
cand_0e609e0e2de3ae08f13c,mcv,"imobillim,itmpabsnt",26876,True,True,True,valid
cand_0feb230171e01b30b797,mcv,"imobillim,dtravtime",26877,True,True,True,valid
cand_405f8fc87ef96ae9d421,mcv,"imobillim,ivietnam",26878,True,True,True,valid
cand_87d189706a45647005d0,mcv,"imobillim,dweek89",26879,True,True,True,valid
cand_202f8cb98ab5eff2ff25,mcv,"imobillim,iwork89",26880,True,True,True,valid
cand_ff15b9c26663902d5114,mcv,"imobillim,iworklwk",26881,True,True,True,valid
cand_b66b78bc610bc411e9f4,mcv,"imobillim,iwwii",26882,True,True,True,valid
cand_451b5d2a710763e13699,mcv,"imobillim,iyearsch",26883,True,True,True,valid
cand_6ea54c579412d8ac3bcb,mcv,"imobillim,iyearwrk",26884,True,True,True,valid
cand_eed3c439b7f83d774eed,mcv,"imobillim,dyrsserv",26885,True,True,True,valid
cand_227e8a626c93bb203977,mcv,"doccup,iothrserv",26886,True,True,True,valid
cand_2f55ca8073a1274a292a,mcv,"doccup,iperscare",26887,True,True,True,valid
cand_9c65395417354a48bf3c,mcv,"doccup,dpob",26888,True,True,True,valid
cand_58e09d531a889cb10a85,mcv,"doccup,dpoverty",26889,True,True,True,valid
cand_432cdb23ea2e75fd9a87,mcv,"doccup,dpwgt1",26890,True,True,True,valid
cand_7adaf5095a7c23451601,mcv,"doccup,iragechld",26891,True,True,True,valid
cand_c6c23dd3f9795c538a88,mcv,"doccup,drearning",26892,True,True,True,valid
cand_a379f252158087239a26,mcv,"doccup,irelat1",26893,True,True,True,valid
cand_8ab445409b66c5393f84,mcv,"doccup,irelat2",26894,True,True,True,valid
cand_69497fb148ed95328624,mcv,"doccup,iremplpar",26895,True,True,True,valid
cand_462311f4153ed6ac455e,mcv,"doccup,iriders",26896,True,True,True,valid
cand_44039dad73bc808f29b8,mcv,"doccup,irlabor",26897,True,True,True,valid
cand_db2d55504f0491ddd17c,mcv,"doccup,irownchld",26898,True,True,True,valid
cand_7080730e5c4b213634ef,mcv,"doccup,drpincome",26899,True,True,True,valid
cand_a7358682ee9638e7be0c,mcv,"doccup,irpob",26900,True,True,True,valid
cand_2fca97ade1dd9bd33999,mcv,"doccup,irrelchld",26901,True,True,True,valid
cand_685887935574a0dc9e7b,mcv,"doccup,irspouse",26902,True,True,True,valid
cand_d20b1829735cab6af2a6,mcv,"doccup,irvetserv",26903,True,True,True,valid
cand_a2c88404aaf5f3accda0,mcv,"doccup,ischool",26904,True,True,True,valid
cand_7316e2bc6ee7b0bd22d6,mcv,"doccup,isept80",26905,True,True,True,valid
cand_c5cf1b46a2b886744cc3,mcv,"doccup,isex",26906,True,True,True,valid
cand_f8f4c4e5d066d30b962d,mcv,"doccup,isubfam1",26907,True,True,True,valid
cand_849d13504cd4a5fa54e8,mcv,"doccup,isubfam2",26908,True,True,True,valid
cand_8f9553ba7b2de26b703c,mcv,"doccup,itmpabsnt",26909,True,True,True,valid
cand_02f9ec546e2c8140d63e,mcv,"doccup,dtravtime",26910,True,True,True,valid
cand_81069b989baac5ac04cf,mcv,"doccup,ivietnam",26911,True,True,True,valid
cand_562cb9d73db9da560246,mcv,"doccup,dweek89",26912,True,True,True,valid
cand_78e3beef5978834cc970,mcv,"doccup,iwork89",26913,True,True,True,valid
cand_f6e29665bc589d5d7338,mcv,"doccup,iworklwk",26914,True,True,True,valid
cand_857122ecbd4bde441bb7,mcv,"doccup,iwwii",26915,True,True,True,valid
cand_28de5731e55c1e99771f,mcv,"doccup,iyearsch",26916,True,True,True,valid
cand_c0609d46dd5c82cc2486,mcv,"doccup,iyearwrk",26917,True,True,True,valid
cand_495b00594412bd060075,mcv,"doccup,dyrsserv",26918,True,True,True,valid
cand_6c17552e75822be88883,mcv,"iothrserv,iperscare",26919,True,True,True,valid
cand_3d0972a4bf511f59ddc7,mcv,"iothrserv,dpob",26920,True,True,True,valid
cand_f94c0f986d22eaa2da31,mcv,"iothrserv,dpoverty",26921,True,True,True,valid
cand_45fdc59736f8d9319a99,mcv,"iothrserv,dpwgt1",26922,True,True,True,valid
cand_568ebf568dbb87df943f,mcv,"iothrserv,iragechld",26923,True,True,True,valid
cand_b5bf3420eac28cfa52c5,mcv,"iothrserv,drearning",26924,True,True,True,valid
cand_94a978a0dbf83447ba36,mcv,"iothrserv,irelat1",26925,True,True,True,valid
cand_3ed675dc1dca16d40f65,mcv,"iothrserv,irelat2",26926,True,True,True,valid
cand_8eec70cef64e02dd2b45,mcv,"iothrserv,iremplpar",26927,True,True,True,valid
cand_f24c96d0bba2541b4eb4,mcv,"iothrserv,iriders",26928,True,True,True,valid
cand_b2b94900f991537ec1ca,mcv,"iothrserv,irlabor",26929,True,True,True,valid
cand_45309461fc54ebcfcdb2,mcv,"iothrserv,irownchld",26930,True,True,True,valid
cand_96edf72a6e2bf8e722e8,mcv,"iothrserv,drpincome",26931,True,True,True,valid
cand_e2493a9815783502ce52,mcv,"iothrserv,irpob",26932,True,True,True,valid
cand_17de07c0905db6b0662c,mcv,"iothrserv,irrelchld",26933,True,True,True,valid
cand_8b2560187d42c4bbbe8d,mcv,"iothrserv,irspouse",26934,True,True,True,valid
cand_8e32c43ca9138d409be3,mcv,"iothrserv,irvetserv",26935,True,True,True,valid
cand_9a8016490354056198eb,mcv,"iothrserv,ischool",26936,True,True,True,valid
cand_555125f1616aa5e2887a,mcv,"iothrserv,isept80",26937,True,True,True,valid
cand_ccf96349c78baecbc05b,mcv,"iothrserv,isex",26938,True,True,True,valid
cand_31c00fb2c580286cf656,mcv,"iothrserv,isubfam1",26939,True,True,True,valid
cand_60245020bd31dedaecc0,mcv,"iothrserv,isubfam2",26940,True,True,True,valid
cand_1bf4c6673e00135ed3a2,mcv,"iothrserv,itmpabsnt",26941,True,True,True,valid
cand_4ef9e4c9338f8bc6b92d,mcv,"iothrserv,dtravtime",26942,True,True,True,valid
cand_3faf980cff74da68f1e7,mcv,"iothrserv,ivietnam",26943,True,True,True,valid
cand_a676e70184d698207569,mcv,"iothrserv,dweek89",26944,True,True,True,valid
cand_1a71ddde4ac06aff5654,mcv,"iothrserv,iwork89",26945,True,True,True,valid
cand_4dca63870da1c6e16814,mcv,"iothrserv,iworklwk",26946,True,True,True,valid
cand_8b80662d6735b81905c2,mcv,"iothrserv,iwwii",26947,True,True,True,valid
cand_7f6d93084ebb28445c15,mcv,"iothrserv,iyearsch",26948,True,True,True,valid
cand_daa68009e4407bd1699d,mcv,"iothrserv,iyearwrk",26949,True,True,True,valid
cand_3276cb14e0cc9f255930,mcv,"iothrserv,dyrsserv",26950,True,True,True,valid
cand_85526979a2f77b29945f,mcv,"iperscare,dpob",26951,True,True,True,valid
cand_7452b14f0bdb5cc0bd90,mcv,"iperscare,dpoverty",26952,True,True,True,valid
cand_8dd64814ae5581e3b74b,mcv,"iperscare,dpwgt1",26953,True,True,True,valid
cand_5344bfc0e2cb3552e1b2,mcv,"iperscare,iragechld",26954,True,True,True,valid
cand_87a64df9bb5bc0648283,mcv,"iperscare,drearning",26955,True,True,True,valid
cand_ccf7cccf750ab88f4a07,mcv,"iperscare,irelat1",26956,True,True,True,valid
cand_1e3462e748c997c2074b,mcv,"iperscare,irelat2",26957,True,True,True,valid
cand_74a354f6deffa32929a3,mcv,"iperscare,iremplpar",26958,True,True,True,valid
cand_f953a7c297fba7741d87,mcv,"iperscare,iriders",26959,True,True,True,valid
cand_c1766c07a7ed1d3742ca,mcv,"iperscare,irlabor",26960,True,True,True,valid
cand_355d83c88bdd4c0fb51c,mcv,"iperscare,irownchld",26961,True,True,True,valid
cand_b7191a8a5abb39a2db0e,mcv,"iperscare,drpincome",26962,True,True,True,valid
cand_9cc4f62de54b9491751b,mcv,"iperscare,irpob",26963,True,True,True,valid
cand_0d6cd3fa245f8f0904bb,mcv,"iperscare,irrelchld",26964,True,True,True,valid
cand_018a7da6c028871b96ea,mcv,"iperscare,irspouse",26965,True,True,True,valid
cand_9021cd0372128c6669c2,mcv,"iperscare,irvetserv",26966,True,True,True,valid
cand_8740706fbbe06dbc3154,mcv,"iperscare,ischool",26967,True,True,True,valid
cand_62cef8428368f6db5e8f,mcv,"iperscare,isept80",26968,True,True,True,valid
cand_40b2cbd89546f0109bfd,mcv,"iperscare,isex",26969,True,True,True,valid
cand_661061a8db207319c01c,mcv,"iperscare,isubfam1",26970,True,True,True,valid
cand_0f5f5a5569c1de5e98a9,mcv,"iperscare,isubfam2",26971,True,True,True,valid
cand_42d2d4327dcb31ea29f8,mcv,"iperscare,itmpabsnt",26972,True,True,True,valid
cand_ce78c64eace7984d72c6,mcv,"iperscare,ivietnam",26973,True,True,True,valid
cand_7fad6cad52e78286586e,mcv,"iperscare,dweek89",26974,True,True,True,valid
cand_ab939abd6f5c1f68d203,mcv,"iperscare,iwork89",26975,True,True,True,valid
cand_19a5cdbe6081dc49e5de,mcv,"iperscare,iworklwk",26976,True,True,True,valid
cand_512ef712d4efc0c55e5f,mcv,"iperscare,iwwii",26977,True,True,True,valid
cand_fe8f05e3932b433e4bec,mcv,"iperscare,iyearsch",26978,True,True,True,valid
cand_bd617913d739b60ad84f,mcv,"iperscare,dyrsserv",26979,True,True,True,valid
cand_6964520277cc7260033b,mcv,"dpob,dpoverty",26980,True,True,True,valid
cand_d0db91435ef0adda4bc1,mcv,"dpob,dpwgt1",26981,True,True,True,valid
cand_2a349e72d7147a967435,mcv,"dpob,drearning",26982,True,True,True,valid
cand_048afffff1149868ac53,mcv,"dpob,irelat1",26983,True,True,True,valid
cand_c3ba6c9043a21f70e764,mcv,"dpob,iremplpar",26984,True,True,True,valid
cand_ba4d6e8f8f637c8d74d0,mcv,"dpob,iriders",26985,True,True,True,valid
cand_9a453f1708cfad5a9564,mcv,"dpob,irlabor",26986,True,True,True,valid
cand_6035122f4ef1b3135f2b,mcv,"dpob,irownchld",26987,True,True,True,valid
cand_dda3aa0a5246a16e12bc,mcv,"dpob,drpincome",26988,True,True,True,valid
cand_19a1d4c412054f644131,mcv,"dpob,irpob",26989,True,True,True,valid
cand_d73f33e6e71a2930fd01,mcv,"dpob,irrelchld",26990,True,True,True,valid
cand_12814f999f37e6dd5f79,mcv,"dpob,irspouse",26991,True,True,True,valid
cand_ccfaa6f7cbc725f0c539,mcv,"dpob,irvetserv",26992,True,True,True,valid
cand_ddbe9f334613a4277844,mcv,"dpob,ischool",26993,True,True,True,valid
cand_861da0133ca92eeb3879,mcv,"dpob,isept80",26994,True,True,True,valid
cand_fe431ea22884321c6180,mcv,"dpob,isex",26995,True,True,True,valid
cand_fc280446c52694471ce4,mcv,"dpob,isubfam1",26996,True,True,True,valid
cand_6af2c1c94d65ed9f8c6f,mcv,"dpob,isubfam2",26997,True,True,True,valid
cand_fbd4c69c2fa2345681b8,mcv,"dpob,itmpabsnt",26998,True,True,True,valid
cand_3d5fd6c244bf7aa6ef2e,mcv,"dpob,dtravtime",26999,True,True,True,valid
cand_bfd1329fc16d3b12bcf7,mcv,"dpob,ivietnam",27000,True,True,True,valid
cand_dec4a869c2c3fd1119c5,mcv,"dpob,dweek89",27001,True,True,True,valid
cand_c5863a93095390e2dd5c,mcv,"dpob,iwork89",27002,True,True,True,valid
cand_ae865a2732f581e7854b,mcv,"dpob,iworklwk",27003,True,True,True,valid
cand_f220626e05eb94c6b6f1,mcv,"dpob,iwwii",27004,True,True,True,valid
cand_262d3c00af5d63460968,mcv,"dpob,iyearsch",27005,True,True,True,valid
cand_6b4c6c5899bba1981328,mcv,"dpob,iyearwrk",27006,True,True,True,valid
cand_fc8946ba380b7f5360b0,mcv,"dpob,dyrsserv",27007,True,True,True,valid
cand_225675542db254bac8f2,mcv,"dpoverty,dpwgt1",27008,True,True,True,valid
cand_fb7e21e2384cf898cdb3,mcv,"dpoverty,iragechld",27009,True,True,True,valid
cand_99003c092b7902c65a4e,mcv,"dpoverty,drearning",27010,True,True,True,valid
cand_5eb2b520c58850b82b73,mcv,"dpoverty,irelat1",27011,True,True,True,valid
cand_8cf21df56e6d88340a2c,mcv,"dpoverty,irelat2",27012,True,True,True,valid
cand_60681c332ebb7d47d6f6,mcv,"dpoverty,iremplpar",27013,True,True,True,valid
cand_01751852c8be8edb85a0,mcv,"dpoverty,iriders",27014,True,True,True,valid
cand_27863dd84afd3e67f061,mcv,"dpoverty,irlabor",27015,True,True,True,valid
cand_ccd83dfa73594774dc17,mcv,"dpoverty,irownchld",27016,True,True,True,valid
cand_eddb961ae36a7ee5bb60,mcv,"dpoverty,drpincome",27017,True,True,True,valid
cand_a9ae4338094ab381e8b1,mcv,"dpoverty,irpob",27018,True,True,True,valid
cand_29122a5d366c1e62bf4e,mcv,"dpoverty,irrelchld",27019,True,True,True,valid
cand_5151221ce2ea651a4754,mcv,"dpoverty,irspouse",27020,True,True,True,valid
cand_73b056db841bd45770e0,mcv,"dpoverty,irvetserv",27021,True,True,True,valid
cand_331a82c7a2fcf0e6aca4,mcv,"dpoverty,ischool",27022,True,True,True,valid
cand_b2047d0322e07b9563ab,mcv,"dpoverty,isept80",27023,True,True,True,valid
cand_a8b22c4e10eed8c10af9,mcv,"dpoverty,isex",27024,True,True,True,valid
cand_05c936a1f5957e4bbbb6,mcv,"dpoverty,isubfam1",27025,True,True,True,valid
cand_4d492ec06bf28997e96a,mcv,"dpoverty,isubfam2",27026,True,True,True,valid
cand_df092489ff80eb1bfc99,mcv,"dpoverty,itmpabsnt",27027,True,True,True,valid
cand_042ade23c3e1136322e1,mcv,"dpoverty,dtravtime",27028,True,True,True,valid
cand_73b6a838953fbb191f5c,mcv,"dpoverty,ivietnam",27029,True,True,True,valid
cand_15ca9e2b171d2cddab08,mcv,"dpoverty,dweek89",27030,True,True,True,valid
cand_b1aa619b108f3ae42a9c,mcv,"dpoverty,iwork89",27031,True,True,True,valid
cand_69e40f0f2499c2b79765,mcv,"dpoverty,iworklwk",27032,True,True,True,valid
cand_f863abc3abd355a9001d,mcv,"dpoverty,iwwii",27033,True,True,True,valid
cand_3718cdee9e11f07b8d58,mcv,"dpoverty,iyearsch",27034,True,True,True,valid
cand_1694e0e2e8a2e144059f,mcv,"dpoverty,iyearwrk",27035,True,True,True,valid
cand_e29ab640b69dcf0c0914,mcv,"dpoverty,dyrsserv",27036,True,True,True,valid
cand_7e260aed1dad1a2655cd,mcv,"dpwgt1,iragechld",27037,True,True,True,valid
cand_560bb43e57aaa6527189,mcv,"dpwgt1,drearning",27038,True,True,True,valid
cand_c5a09ba862f45910ea17,mcv,"dpwgt1,irelat1",27039,True,True,True,valid
cand_20d7c77f0e29ea748b86,mcv,"dpwgt1,irelat2",27040,True,True,True,valid
cand_67604ea66cc8cf4e5d1d,mcv,"dpwgt1,iremplpar",27041,True,True,True,valid
cand_63801a01a6d1fb2927f9,mcv,"dpwgt1,iriders",27042,True,True,True,valid
cand_d0aaac9677fac14e8002,mcv,"dpwgt1,irlabor",27043,True,True,True,valid
cand_deda653e0fc8d07c3105,mcv,"dpwgt1,irownchld",27044,True,True,True,valid
cand_922d7db5ef3ade26f34c,mcv,"dpwgt1,drpincome",27045,True,True,True,valid
cand_a4b0286e0e49dba11f7f,mcv,"dpwgt1,irpob",27046,True,True,True,valid
cand_7ba2f9cdead8467d1a03,mcv,"dpwgt1,irrelchld",27047,True,True,True,valid
cand_2b4cbef5469ec0852700,mcv,"dpwgt1,irspouse",27048,True,True,True,valid
cand_d86f2ed603b2abe76fb3,mcv,"dpwgt1,irvetserv",27049,True,True,True,valid
cand_a48ba71990f32c23c31c,mcv,"dpwgt1,ischool",27050,True,True,True,valid
cand_4a1f0b42c7a241668526,mcv,"dpwgt1,isept80",27051,True,True,True,valid
cand_be1951654f4b127aa70d,mcv,"dpwgt1,isex",27052,True,True,True,valid
cand_7e2c3af4c5dc9f9cac1f,mcv,"dpwgt1,isubfam1",27053,True,True,True,valid
cand_ce0d1938a09a73be1f81,mcv,"dpwgt1,isubfam2",27054,True,True,True,valid
cand_c13bb542ed5f3c597380,mcv,"dpwgt1,itmpabsnt",27055,True,True,True,valid
cand_43f6f94a41e8c2fb5dfc,mcv,"dpwgt1,dtravtime",27056,True,True,True,valid
cand_ebf1458403f68e3f912b,mcv,"dpwgt1,ivietnam",27057,True,True,True,valid
cand_5676ff61f28a3f25961c,mcv,"dpwgt1,dweek89",27058,True,True,True,valid
cand_98eeda95518d070880a0,mcv,"dpwgt1,iwork89",27059,True,True,True,valid
cand_2ed88dfb4ef742f461f0,mcv,"dpwgt1,iworklwk",27060,True,True,True,valid
cand_034d136c7ee2398cb089,mcv,"dpwgt1,iwwii",27061,True,True,True,valid
cand_a6abd3f7959fa67c4b1d,mcv,"dpwgt1,iyearsch",27062,True,True,True,valid
cand_3e7beef9c272c77af524,mcv,"dpwgt1,iyearwrk",27063,True,True,True,valid
cand_3e2f3318cb1b0868a47d,mcv,"dpwgt1,dyrsserv",27064,True,True,True,valid
cand_f177687572ba7669624d,mcv,"iragechld,drearning",27065,True,True,True,valid
cand_fbc22fb943852d2af2f9,mcv,"iragechld,irelat1",27066,True,True,True,valid
cand_0bb38390dabc636f9fb6,mcv,"iragechld,irelat2",27067,True,True,True,valid
cand_db7257d467d99c2a4a64,mcv,"iragechld,iremplpar",27068,True,True,True,valid
cand_d8467e6f42a440036307,mcv,"iragechld,iriders",27069,True,True,True,valid
cand_863687401c3f78b5f6c9,mcv,"iragechld,irlabor",27070,True,True,True,valid
cand_2410364c433e6ca001ee,mcv,"iragechld,irownchld",27071,True,True,True,valid
cand_e560e079db030f37329c,mcv,"iragechld,drpincome",27072,True,True,True,valid
cand_b8e5fb2aacaaac77c8b5,mcv,"iragechld,irpob",27073,True,True,True,valid
cand_581562ea52e9a4ce7fb7,mcv,"iragechld,irrelchld",27074,True,True,True,valid
cand_4fd47584b395eee02144,mcv,"iragechld,irspouse",27075,True,True,True,valid
cand_f8e6458d75dad6f23eae,mcv,"iragechld,irvetserv",27076,True,True,True,valid
cand_bbc294c403ba997bba6d,mcv,"iragechld,ischool",27077,True,True,True,valid
cand_4948d0e2f82cb0200a2a,mcv,"iragechld,isept80",27078,True,True,True,valid
cand_f36e7d2f513cb273a2d6,mcv,"iragechld,isex",27079,True,True,True,valid
cand_34d456fd51dcc72ddaf8,mcv,"iragechld,isubfam1",27080,True,True,True,valid
cand_0b279dadb9af98737e81,mcv,"iragechld,isubfam2",27081,True,True,True,valid
cand_3700f59eab0555e3a1dd,mcv,"iragechld,itmpabsnt",27082,True,True,True,valid
cand_cc6608bca278b547b908,mcv,"iragechld,dtravtime",27083,True,True,True,valid
cand_bbae72285ef4cfdf3631,mcv,"iragechld,ivietnam",27084,True,True,True,valid
cand_11fec74fac3bad729351,mcv,"iragechld,dweek89",27085,True,True,True,valid
cand_c8a3a68c90f62d4a75a0,mcv,"iragechld,iwork89",27086,True,True,True,valid
cand_0a45df6a00081d552f82,mcv,"iragechld,iworklwk",27087,True,True,True,valid
cand_b42514444e473fd5987a,mcv,"iragechld,iwwii",27088,True,True,True,valid
cand_c8da5e6a577ebaceb834,mcv,"iragechld,iyearsch",27089,True,True,True,valid
cand_963cc4b70b2fa45dd322,mcv,"iragechld,iyearwrk",27090,True,True,True,valid
cand_f63ebec65b2ae98841c6,mcv,"iragechld,dyrsserv",27091,True,True,True,valid
cand_dc56bc584ed43611f3ff,mcv,"drearning,irelat1",27092,True,True,True,valid
cand_aaf8df2593d9c839ecb5,mcv,"drearning,irelat2",27093,True,True,True,valid
cand_6aa0c8223ddaf2bd7b5e,mcv,"drearning,iremplpar",27094,True,True,True,valid
cand_c77b15f7ca2fa5992744,mcv,"drearning,iriders",27095,True,True,True,valid
cand_6e828ab1e97b874ef25a,mcv,"drearning,irlabor",27096,True,True,True,valid
cand_1beb9aeb22f8a6c1c72d,mcv,"drearning,irownchld",27097,True,True,True,valid
cand_366d3ce4af601a0b41c5,mcv,"drearning,drpincome",27098,True,True,True,valid
cand_97aeb644ed591ac66d95,mcv,"drearning,irpob",27099,True,True,True,valid
cand_61133802bde7fb173baf,mcv,"drearning,irrelchld",27100,True,True,True,valid
cand_1ed42151c3f80d7882f0,mcv,"drearning,irspouse",27101,True,True,True,valid
cand_4cf55e6255661f2d5a3e,mcv,"drearning,irvetserv",27102,True,True,True,valid
cand_a703bc0ccbea6b8ef51a,mcv,"drearning,ischool",27103,True,True,True,valid
cand_f29bfad0bc6ec6669281,mcv,"drearning,isept80",27104,True,True,True,valid
cand_9d4dab82c77c8bd68649,mcv,"drearning,isex",27105,True,True,True,valid
cand_d3c8b59ff64f753b5233,mcv,"drearning,isubfam1",27106,True,True,True,valid
cand_7f52cfde7720912c08aa,mcv,"drearning,isubfam2",27107,True,True,True,valid
cand_a5ea581bb45b37510ac2,mcv,"drearning,itmpabsnt",27108,True,True,True,valid
cand_3bfb0c604b40145b73b5,mcv,"drearning,dtravtime",27109,True,True,True,valid
cand_aff445d8362371a50134,mcv,"drearning,ivietnam",27110,True,True,True,valid
cand_c9321427349837fbbce7,mcv,"drearning,dweek89",27111,True,True,True,valid
cand_a99f31710f26a6b55a3e,mcv,"drearning,iwork89",27112,True,True,True,valid
cand_7a944bbfa4a6afec5f05,mcv,"drearning,iworklwk",27113,True,True,True,valid
cand_864f4846d883e446caed,mcv,"drearning,iwwii",27114,True,True,True,valid
cand_30e0f53ec098dcc4b389,mcv,"drearning,iyearsch",27115,True,True,True,valid
cand_52cab8c6b8fb722f2b1e,mcv,"drearning,iyearwrk",27116,True,True,True,valid
cand_7bd7846e35b8570ec8e1,mcv,"drearning,dyrsserv",27117,True,True,True,valid
cand_d3c3743f6d3e337c7ab3,mcv,"irelat1,irelat2",27118,True,True,True,valid
cand_332af8f0d3d1e1be0cd4,mcv,"irelat1,iremplpar",27119,True,True,True,valid
cand_a07b62434dd13a9c985a,mcv,"irelat1,iriders",27120,True,True,True,valid
cand_e62eafe704c1172479cd,mcv,"irelat1,irlabor",27121,True,True,True,valid
cand_1776d9620d88d0b6cdc5,mcv,"irelat1,irownchld",27122,True,True,True,valid
cand_f929cfe3e6275f2d6603,mcv,"irelat1,drpincome",27123,True,True,True,valid
cand_c173b54282bc540ca28d,mcv,"irelat1,irpob",27124,True,True,True,valid
cand_f5dae0d965373da5275c,mcv,"irelat1,irrelchld",27125,True,True,True,valid
cand_864723d1cde663cf0ae2,mcv,"irelat1,irspouse",27126,True,True,True,valid
cand_61ad9e73021f16f484ea,mcv,"irelat1,irvetserv",27127,True,True,True,valid
cand_91df9e419a66054398ba,mcv,"irelat1,ischool",27128,True,True,True,valid
cand_af37855a0652ed44b529,mcv,"irelat1,isept80",27129,True,True,True,valid
cand_f09b6ba1f55289c39612,mcv,"irelat1,isex",27130,True,True,True,valid
cand_41979acab4ea523b6347,mcv,"irelat1,isubfam1",27131,True,True,True,valid
cand_a0ba5642953dc50f47a8,mcv,"irelat1,isubfam2",27132,True,True,True,valid
cand_596926edd4dde9a8b9f8,mcv,"irelat1,itmpabsnt",27133,True,True,True,valid
cand_bf148ca6fd0dd64c1378,mcv,"irelat1,dtravtime",27134,True,True,True,valid
cand_d794f2533726230d2fed,mcv,"irelat1,ivietnam",27135,True,True,True,valid
cand_fa64740dcc58bf5b9127,mcv,"irelat1,dweek89",27136,True,True,True,valid
cand_5a7a2f6391c6116d529f,mcv,"irelat1,iwork89",27137,True,True,True,valid
cand_f02f47b5817cdd14ce11,mcv,"irelat1,iworklwk",27138,True,True,True,valid
cand_ec87113d8a0f10e19716,mcv,"irelat1,iwwii",27139,True,True,True,valid
cand_b003decb3dc0d1078d24,mcv,"irelat1,iyearsch",27140,True,True,True,valid
cand_481f60b0e72e9fe06bc2,mcv,"irelat1,iyearwrk",27141,True,True,True,valid
cand_f2fb595297fe109bf47b,mcv,"irelat1,dyrsserv",27142,True,True,True,valid
cand_b8c2c9947a22ddada636,mcv,"irelat2,iremplpar",27143,True,True,True,valid
cand_2e461842fa89eb5f859d,mcv,"irelat2,iriders",27144,True,True,True,valid
cand_cc4a6be382cac27c8320,mcv,"irelat2,irlabor",27145,True,True,True,valid
cand_bb7478b4f2a9cca21720,mcv,"irelat2,irownchld",27146,True,True,True,valid
cand_df8b07fa1d6a13256703,mcv,"irelat2,drpincome",27147,True,True,True,valid
cand_91da97bcd997d7094ec2,mcv,"irelat2,irpob",27148,True,True,True,valid
cand_621877502f4fde3d84f6,mcv,"irelat2,irrelchld",27149,True,True,True,valid
cand_c0815f5d159239c36fdc,mcv,"irelat2,irspouse",27150,True,True,True,valid
cand_bd85c0f80e5b722eefde,mcv,"irelat2,irvetserv",27151,True,True,True,valid
cand_9a1df4b21fe004eec142,mcv,"irelat2,ischool",27152,True,True,True,valid
cand_b7e3f158cc9beecc7cb4,mcv,"irelat2,isept80",27153,True,True,True,valid
cand_a10dd950e571014c086e,mcv,"irelat2,isex",27154,True,True,True,valid
cand_ca2551f950eafa4ae387,mcv,"irelat2,isubfam1",27155,True,True,True,valid
cand_fec52702f0547ce40e77,mcv,"irelat2,isubfam2",27156,True,True,True,valid
cand_a5e385356c1a166c98d5,mcv,"irelat2,itmpabsnt",27157,True,True,True,valid
cand_c51497405c31cff6e563,mcv,"irelat2,dtravtime",27158,True,True,True,valid
cand_e54aa3f584d507a8b2b2,mcv,"irelat2,ivietnam",27159,True,True,True,valid
cand_b9ddcdd0428ab780bbc3,mcv,"irelat2,dweek89",27160,True,True,True,valid
cand_b1afdfe7ba1bfb913c31,mcv,"irelat2,iwork89",27161,True,True,True,valid
cand_200b9dab1f912cf9355e,mcv,"irelat2,iworklwk",27162,True,True,True,valid
cand_8ed9f0a6d3f796e4b5c8,mcv,"irelat2,iwwii",27163,True,True,True,valid
cand_82f7ef9654a7489e4da4,mcv,"irelat2,iyearsch",27164,True,True,True,valid
cand_97d879394d92109f0769,mcv,"irelat2,iyearwrk",27165,True,True,True,valid
cand_036020457a6dfcea8dfb,mcv,"irelat2,dyrsserv",27166,True,True,True,valid
cand_5f70ce390afdee687a56,mcv,"iremplpar,iriders",27167,True,True,True,valid
cand_381d6c6f8b25371f6b73,mcv,"iremplpar,irlabor",27168,True,True,True,valid
cand_28ae175717316b458c83,mcv,"iremplpar,irownchld",27169,True,True,True,valid
cand_449bd8ace6ce0031e58b,mcv,"iremplpar,drpincome",27170,True,True,True,valid
cand_24de485a125486ebd096,mcv,"iremplpar,irpob",27171,True,True,True,valid
cand_ddd91ddc81236383c442,mcv,"iremplpar,irrelchld",27172,True,True,True,valid
cand_e6705691ad8647703baa,mcv,"iremplpar,irspouse",27173,True,True,True,valid
cand_3c2844681f5dbe7f3a3a,mcv,"iremplpar,irvetserv",27174,True,True,True,valid
cand_85f41fcdb04cb24776dd,mcv,"iremplpar,ischool",27175,True,True,True,valid
cand_43f645ca00b443847c99,mcv,"iremplpar,isept80",27176,True,True,True,valid
cand_d46e4c86593fca5a13d1,mcv,"iremplpar,isex",27177,True,True,True,valid
cand_7adb807c1900b30fdc8e,mcv,"iremplpar,isubfam1",27178,True,True,True,valid
cand_b993efbfd7214f3da55a,mcv,"iremplpar,isubfam2",27179,True,True,True,valid
cand_11c1a931dfb5ccb6dff2,mcv,"iremplpar,itmpabsnt",27180,True,True,True,valid
cand_9efd79c2fe00d4c42322,mcv,"iremplpar,dtravtime",27181,True,True,True,valid
cand_ea9683c07e345aa13a17,mcv,"iremplpar,ivietnam",27182,True,True,True,valid
cand_c8a17e3e42e411d64034,mcv,"iremplpar,dweek89",27183,True,True,True,valid
cand_a44777530f795200f01a,mcv,"iremplpar,iwork89",27184,True,True,True,valid
cand_51fb6d11edf8ad93a36c,mcv,"iremplpar,iworklwk",27185,True,True,True,valid
cand_001e139f7c92c307081d,mcv,"iremplpar,iwwii",27186,True,True,True,valid
cand_431ccc40f62d4c62a1f0,mcv,"iremplpar,iyearsch",27187,True,True,True,valid
cand_b549dd6ab4fe0fd3acbb,mcv,"iremplpar,iyearwrk",27188,True,True,True,valid
cand_f6a798c20e0ee519bc3c,mcv,"iremplpar,dyrsserv",27189,True,True,True,valid
cand_fefc70ce51e0dc6031fb,mcv,"iriders,irlabor",27190,True,True,True,valid
cand_c23306355d18f6fd2d68,mcv,"iriders,irownchld",27191,True,True,True,valid
cand_0bd4b92b2f1595edc960,mcv,"iriders,drpincome",27192,True,True,True,valid
cand_0588b2d014120c886598,mcv,"iriders,irrelchld",27193,True,True,True,valid
cand_00133a1efdcd65d46744,mcv,"iriders,irspouse",27194,True,True,True,valid
cand_24f2b1938afd2dfbaf64,mcv,"iriders,irvetserv",27195,True,True,True,valid
cand_8dab1b2f19a742b7de36,mcv,"iriders,ischool",27196,True,True,True,valid
cand_778a17adabc499cf6fc9,mcv,"iriders,isept80",27197,True,True,True,valid
cand_665bf67e692265314e1c,mcv,"iriders,isex",27198,True,True,True,valid
cand_a96d7d8dad87da5d307c,mcv,"iriders,isubfam1",27199,True,True,True,valid
cand_ffb57b75a2a2fe4a7170,mcv,"iriders,isubfam2",27200,True,True,True,valid
cand_dc7a94c2a1db915e4371,mcv,"iriders,itmpabsnt",27201,True,True,True,valid
cand_3badee28173e38a13663,mcv,"iriders,dtravtime",27202,True,True,True,valid
cand_483c20afd51e26133cb0,mcv,"iriders,ivietnam",27203,True,True,True,valid
cand_2f85c9cfdd9bc7605443,mcv,"iriders,dweek89",27204,True,True,True,valid
cand_321def121483eb806f79,mcv,"iriders,iwork89",27205,True,True,True,valid
cand_1fc4ada2ec49c9e0e9fc,mcv,"iriders,iworklwk",27206,True,True,True,valid
cand_503f2ba8e81aeda46690,mcv,"iriders,iyearsch",27207,True,True,True,valid
cand_c2f7f66d5956bf86e75e,mcv,"iriders,iyearwrk",27208,True,True,True,valid
cand_c7b088d9be8069e939a7,mcv,"iriders,dyrsserv",27209,True,True,True,valid
cand_f4a8bf1827671f29f06d,mcv,"irlabor,irownchld",27210,True,True,True,valid
cand_e4bed9ca8874797ffed7,mcv,"irlabor,drpincome",27211,True,True,True,valid
cand_f23fc56679d27f2f2036,mcv,"irlabor,irpob",27212,True,True,True,valid
cand_a52c990a2151ed9dcbba,mcv,"irlabor,irrelchld",27213,True,True,True,valid
cand_21032d70462ea391e9c0,mcv,"irlabor,irspouse",27214,True,True,True,valid
cand_f1261162862238ef870d,mcv,"irlabor,irvetserv",27215,True,True,True,valid
cand_45edf905a6adefe2a786,mcv,"irlabor,ischool",27216,True,True,True,valid
cand_a63d1410a75856cce692,mcv,"irlabor,isept80",27217,True,True,True,valid
cand_da386fac8a77342b3824,mcv,"irlabor,isex",27218,True,True,True,valid
cand_2553cbab7373f3feea2e,mcv,"irlabor,isubfam1",27219,True,True,True,valid
cand_431c01e53b5ad9447f90,mcv,"irlabor,isubfam2",27220,True,True,True,valid
cand_c4030eb07a7b430386c0,mcv,"irlabor,itmpabsnt",27221,True,True,True,valid
cand_9b4108f35727d9aeeb71,mcv,"irlabor,dtravtime",27222,True,True,True,valid
cand_4bc536441ca075a4ca1a,mcv,"irlabor,ivietnam",27223,True,True,True,valid
cand_f637986864fa60dd488f,mcv,"irlabor,dweek89",27224,True,True,True,valid
cand_c86ac96cb1abfce2532c,mcv,"irlabor,iwork89",27225,True,True,True,valid
cand_4cbc727edd33adc9e4ae,mcv,"irlabor,iworklwk",27226,True,True,True,valid
cand_ad2147df0724ffd81379,mcv,"irlabor,iwwii",27227,True,True,True,valid
cand_1a1c02139d1bd2d8a826,mcv,"irlabor,iyearsch",27228,True,True,True,valid
cand_f74aad597177f3de8d0a,mcv,"irlabor,iyearwrk",27229,True,True,True,valid
cand_59d01f89951356bb3d3c,mcv,"irlabor,dyrsserv",27230,True,True,True,valid
cand_97ce9f94d690bacc7499,mcv,"irownchld,drpincome",27231,True,True,True,valid
cand_53a08b31a1bfd19c587a,mcv,"irownchld,irpob",27232,True,True,True,valid
cand_2b175a3a1ef302c209e0,mcv,"irownchld,irrelchld",27233,True,True,True,valid
cand_bfb424d0d5dbfcebfc77,mcv,"irownchld,irspouse",27234,True,True,True,valid
cand_b642f370d7ee4d197b72,mcv,"irownchld,irvetserv",27235,True,True,True,valid
cand_d1c554244b09e48a28cf,mcv,"irownchld,ischool",27236,True,True,True,valid
cand_199ef5c29e411cc9e95a,mcv,"irownchld,isept80",27237,True,True,True,valid
cand_866944bbc5823c3ce719,mcv,"irownchld,isex",27238,True,True,True,valid
cand_22d6479be4e2a6436516,mcv,"irownchld,isubfam1",27239,True,True,True,valid
cand_76c73a6a63b08f7544f2,mcv,"irownchld,isubfam2",27240,True,True,True,valid
cand_feefa13acb0649aba3e9,mcv,"irownchld,itmpabsnt",27241,True,True,True,valid
cand_e01766336c4f3eff062d,mcv,"irownchld,dtravtime",27242,True,True,True,valid
cand_fc486083caab8e1e1c0f,mcv,"irownchld,ivietnam",27243,True,True,True,valid
cand_9b4b289550a1a2507445,mcv,"irownchld,dweek89",27244,True,True,True,valid
cand_34d0cc3759e6064b8920,mcv,"irownchld,iwork89",27245,True,True,True,valid
cand_183c9814100e51ab2a39,mcv,"irownchld,iworklwk",27246,True,True,True,valid
cand_edf2916411da57196a7b,mcv,"irownchld,iwwii",27247,True,True,True,valid
cand_d98c13d67c2418aba67c,mcv,"irownchld,iyearsch",27248,True,True,True,valid
cand_b5e65782ae85de09be25,mcv,"irownchld,iyearwrk",27249,True,True,True,valid
cand_035b3feb4335b75fd3b9,mcv,"irownchld,dyrsserv",27250,True,True,True,valid
cand_6891f0d51ce59167bc7f,mcv,"drpincome,irpob",27251,True,True,True,valid
cand_011d0a6c74ae95e83102,mcv,"drpincome,irrelchld",27252,True,True,True,valid
cand_c6b67dcf0bfbbc776290,mcv,"drpincome,irspouse",27253,True,True,True,valid
cand_f22d1897b48302bc9e34,mcv,"drpincome,irvetserv",27254,True,True,True,valid
cand_d2ffc31a2d3ad2cb6208,mcv,"drpincome,ischool",27255,True,True,True,valid
cand_2fd52275f18ce441780a,mcv,"drpincome,isept80",27256,True,True,True,valid
cand_dfee57c7c1103b7e3986,mcv,"drpincome,isex",27257,True,True,True,valid
cand_5bf0e10ee0e668d385b0,mcv,"drpincome,isubfam1",27258,True,True,True,valid
cand_9fb98971ffca12c00d15,mcv,"drpincome,isubfam2",27259,True,True,True,valid
cand_def54fd00cecc3841220,mcv,"drpincome,itmpabsnt",27260,True,True,True,valid
cand_278eaf113e33a43cfe6f,mcv,"drpincome,dtravtime",27261,True,True,True,valid
cand_ed42e9fe838d7b81e8a6,mcv,"drpincome,ivietnam",27262,True,True,True,valid
cand_bcb5eaf7b1c63f9d716a,mcv,"drpincome,dweek89",27263,True,True,True,valid
cand_5ef1f9986b957889510f,mcv,"drpincome,iwork89",27264,True,True,True,valid
cand_2b587bcb2b476d605b65,mcv,"drpincome,iworklwk",27265,True,True,True,valid
cand_1cab22d0e42b184efd78,mcv,"drpincome,iwwii",27266,True,True,True,valid
cand_b07663b5adfe71cbb864,mcv,"drpincome,iyearsch",27267,True,True,True,valid
cand_6fdf9955d649ea5eb954,mcv,"drpincome,iyearwrk",27268,True,True,True,valid
cand_fdea4204d57fcf6f2821,mcv,"drpincome,dyrsserv",27269,True,True,True,valid
cand_56732c3d3b0dcf440ffe,mcv,"irpob,irrelchld",27270,True,True,True,valid
cand_be3dbee598b3b5c6deed,mcv,"irpob,irspouse",27271,True,True,True,valid
cand_cf6c0c35c627741d022d,mcv,"irpob,irvetserv",27272,True,True,True,valid
cand_cc9f808be694a3ae5a2d,mcv,"irpob,ischool",27273,True,True,True,valid
cand_5e4b78777668e88e205a,mcv,"irpob,isept80",27274,True,True,True,valid
cand_e40ea7a5ee07aeab3953,mcv,"irpob,isex",27275,True,True,True,valid
cand_32380f82d94311830bc2,mcv,"irpob,isubfam1",27276,True,True,True,valid
cand_10f4fa212b9a94bb4996,mcv,"irpob,isubfam2",27277,True,True,True,valid
cand_e8edbf3ffe3d7a5661f2,mcv,"irpob,itmpabsnt",27278,True,True,True,valid
cand_576f759731ad63d88d46,mcv,"irpob,dtravtime",27279,True,True,True,valid
cand_facb4600507005739399,mcv,"irpob,ivietnam",27280,True,True,True,valid
cand_54a0c92920ca158b2aac,mcv,"irpob,dweek89",27281,True,True,True,valid
cand_535bbe8330ba8ccbb947,mcv,"irpob,iwork89",27282,True,True,True,valid
cand_23053be4bc49c5d4b70f,mcv,"irpob,iworklwk",27283,True,True,True,valid
cand_6739e715b4cd762d2a77,mcv,"irpob,iwwii",27284,True,True,True,valid
cand_172b2baf185a0816b976,mcv,"irpob,iyearsch",27285,True,True,True,valid
cand_3697b349a80b8efc0600,mcv,"irpob,iyearwrk",27286,True,True,True,valid
cand_730ea70b7389becd4787,mcv,"irpob,dyrsserv",27287,True,True,True,valid
cand_cef18d243e8dc73a4663,mcv,"irrelchld,irspouse",27288,True,True,True,valid
cand_1bbda20d14185993eb4b,mcv,"irrelchld,irvetserv",27289,True,True,True,valid
cand_03dcc0674490dcbef5da,mcv,"irrelchld,ischool",27290,True,True,True,valid
cand_130d032aa6a74711c389,mcv,"irrelchld,isept80",27291,True,True,True,valid
cand_a1437c1abdafba150a8c,mcv,"irrelchld,isex",27292,True,True,True,valid
cand_b4ff6c9367a9ac137732,mcv,"irrelchld,isubfam1",27293,True,True,True,valid
cand_176a33fe403a58bb2882,mcv,"irrelchld,isubfam2",27294,True,True,True,valid
cand_4924ba7431f121c84c71,mcv,"irrelchld,itmpabsnt",27295,True,True,True,valid
cand_9e9013be9d95a31d929b,mcv,"irrelchld,dtravtime",27296,True,True,True,valid
cand_7c6fe745853475651390,mcv,"irrelchld,ivietnam",27297,True,True,True,valid
cand_c4ad087dc25009a10680,mcv,"irrelchld,dweek89",27298,True,True,True,valid
cand_fbe2b19cdcffab112843,mcv,"irrelchld,iwork89",27299,True,True,True,valid
cand_25ad575ae2a9b8b250c6,mcv,"irrelchld,iworklwk",27300,True,True,True,valid
cand_5690f6639391414ee67f,mcv,"irrelchld,iwwii",27301,True,True,True,valid
cand_213f2f0ed9eb396d73db,mcv,"irrelchld,iyearsch",27302,True,True,True,valid
cand_8f224ca3a12483b763af,mcv,"irrelchld,iyearwrk",27303,True,True,True,valid
cand_2b72be75f9316fd933ea,mcv,"irrelchld,dyrsserv",27304,True,True,True,valid
cand_dd4b4e7edc0ae9689c7f,mcv,"irspouse,irvetserv",27305,True,True,True,valid
cand_f0b4c4da57265b305446,mcv,"irspouse,ischool",27306,True,True,True,valid
cand_0c0afa6bf0694611ce88,mcv,"irspouse,isept80",27307,True,True,True,valid
cand_22b6d81644dc469f099b,mcv,"irspouse,isex",27308,True,True,True,valid
cand_6d1d3557676b890b0778,mcv,"irspouse,isubfam1",27309,True,True,True,valid
cand_851a7e394afd86407153,mcv,"irspouse,isubfam2",27310,True,True,True,valid
cand_51796f0d511b00e88e41,mcv,"irspouse,itmpabsnt",27311,True,True,True,valid
cand_5dc8c1af5f1108b72f83,mcv,"irspouse,dtravtime",27312,True,True,True,valid
cand_c1b280e08554f7820efc,mcv,"irspouse,ivietnam",27313,True,True,True,valid
cand_eaa31c3c8ea1877dd231,mcv,"irspouse,dweek89",27314,True,True,True,valid
cand_57ecad07b9ddfc92cbe9,mcv,"irspouse,iwork89",27315,True,True,True,valid
cand_1fc39e9d6b42e42830c5,mcv,"irspouse,iworklwk",27316,True,True,True,valid
cand_47139682e0091277944f,mcv,"irspouse,iwwii",27317,True,True,True,valid
cand_b8e1fbd6ea16b33172b0,mcv,"irspouse,iyearsch",27318,True,True,True,valid
cand_58f36035c2a5618f8b30,mcv,"irspouse,iyearwrk",27319,True,True,True,valid
cand_45e4b113563e7d561512,mcv,"irspouse,dyrsserv",27320,True,True,True,valid
cand_a634b6536434a6eb8161,mcv,"irvetserv,ischool",27321,True,True,True,valid
cand_e52d74a73df6a19c6f98,mcv,"irvetserv,isept80",27322,True,True,True,valid
cand_4e730d2a281dac0d468f,mcv,"irvetserv,isex",27323,True,True,True,valid
cand_73249a279e2f3f223a28,mcv,"irvetserv,isubfam1",27324,True,True,True,valid
cand_0b15d615b2d0d968b729,mcv,"irvetserv,isubfam2",27325,True,True,True,valid
cand_00b6abc6b30f185031fd,mcv,"irvetserv,itmpabsnt",27326,True,True,True,valid
cand_689747614dd4b0d1ae39,mcv,"irvetserv,dtravtime",27327,True,True,True,valid
cand_077f9c7055d873503cac,mcv,"irvetserv,ivietnam",27328,True,True,True,valid
cand_a68f30e7c17fc251a101,mcv,"irvetserv,dweek89",27329,True,True,True,valid
cand_bc0e502b319089163af1,mcv,"irvetserv,iwork89",27330,True,True,True,valid
cand_3b3d37ecab1b2608d564,mcv,"irvetserv,iworklwk",27331,True,True,True,valid
cand_0f4f524a43ad64f60604,mcv,"irvetserv,iwwii",27332,True,True,True,valid
cand_e55c5250afb91111d9a5,mcv,"irvetserv,iyearsch",27333,True,True,True,valid
cand_ba386387c1e2c2e2dfc3,mcv,"irvetserv,iyearwrk",27334,True,True,True,valid
cand_29ce41b16bbf6b90dbc4,mcv,"irvetserv,dyrsserv",27335,True,True,True,valid
cand_1d51392e7e3585df8541,mcv,"ischool,isept80",27336,True,True,True,valid
cand_bd894f78c6b9a6bc8cab,mcv,"ischool,isex",27337,True,True,True,valid
cand_7625735aa75e74155979,mcv,"ischool,isubfam1",27338,True,True,True,valid
cand_c2ae9c7d8a2236f2ffda,mcv,"ischool,isubfam2",27339,True,True,True,valid
cand_1c69c6f56063c6b93b87,mcv,"ischool,itmpabsnt",27340,True,True,True,valid
cand_acbc830e5c9e6c81d5f3,mcv,"ischool,dtravtime",27341,True,True,True,valid
cand_57e22f13ded0a7e3383f,mcv,"ischool,ivietnam",27342,True,True,True,valid
cand_47190721afd6f38764f1,mcv,"ischool,dweek89",27343,True,True,True,valid
cand_bb3a85264cf97e90e12c,mcv,"ischool,iwork89",27344,True,True,True,valid
cand_312ac9426fb59a0b7781,mcv,"ischool,iworklwk",27345,True,True,True,valid
cand_45e207a22b2276707817,mcv,"ischool,iwwii",27346,True,True,True,valid
cand_a5f0723f2f5f7bd0a920,mcv,"ischool,iyearsch",27347,True,True,True,valid
cand_bd70cc06ec61f0e41e35,mcv,"ischool,iyearwrk",27348,True,True,True,valid
cand_3ab25bd1080df1f091bf,mcv,"ischool,dyrsserv",27349,True,True,True,valid
cand_437a248ead7da585783a,mcv,"isept80,isex",27350,True,True,True,valid
cand_8e3356bbdab715313752,mcv,"isept80,isubfam1",27351,True,True,True,valid
cand_511b887dfe264e2932c1,mcv,"isept80,isubfam2",27352,True,True,True,valid
cand_7c6eb98d341d474c1f7c,mcv,"isept80,itmpabsnt",27353,True,True,True,valid
cand_d384e16f5aa410e5f691,mcv,"isept80,dtravtime",27354,True,True,True,valid
cand_8fd5445598f4b5b19d3f,mcv,"isept80,ivietnam",27355,True,True,True,valid
cand_b41fa9a85a5cc60f35a7,mcv,"isept80,dweek89",27356,True,True,True,valid
cand_1634002594aea2f99ff4,mcv,"isept80,iwork89",27357,True,True,True,valid
cand_d33b1b46c21aa61ec800,mcv,"isept80,iworklwk",27358,True,True,True,valid
cand_87b16163e0c924e19bbf,mcv,"isept80,iwwii",27359,True,True,True,valid
cand_a1d4affd6740f0843453,mcv,"isept80,iyearsch",27360,True,True,True,valid
cand_08d15b57a56fb5d2b00a,mcv,"isept80,iyearwrk",27361,True,True,True,valid
cand_935cba055da04a207c11,mcv,"isept80,dyrsserv",27362,True,True,True,valid
cand_7793a44d79cb76855977,mcv,"isex,isubfam1",27363,True,True,True,valid
cand_d9f35fc41775c43dda73,mcv,"isex,isubfam2",27364,True,True,True,valid
cand_87ac3ce4e09bd9c6e697,mcv,"isex,itmpabsnt",27365,True,True,True,valid
cand_1522cfe0b63e7de70903,mcv,"isex,dtravtime",27366,True,True,True,valid
cand_7149b81e43d2ec234787,mcv,"isex,ivietnam",27367,True,True,True,valid
cand_9c68ec7328646fe6c67a,mcv,"isex,dweek89",27368,True,True,True,valid
cand_dd58c6e60ad991e2e5b7,mcv,"isex,iwork89",27369,True,True,True,valid
cand_31d75b0a261260d93550,mcv,"isex,iworklwk",27370,True,True,True,valid
cand_ea86a31467ffaaffd923,mcv,"isex,iwwii",27371,True,True,True,valid
cand_02a0747bf73f2b8f2524,mcv,"isex,iyearsch",27372,True,True,True,valid
cand_d4dad19b1e866cdd6204,mcv,"isex,iyearwrk",27373,True,True,True,valid
cand_b94a054f9e6f8dfabca1,mcv,"isex,dyrsserv",27374,True,True,True,valid
cand_fa7bccbe39af4a4318ac,mcv,"isubfam1,isubfam2",27375,True,True,True,valid
cand_ae6f75bd7e72ba980377,mcv,"isubfam1,itmpabsnt",27376,True,True,True,valid
cand_99e992c685ded0ed1dc5,mcv,"isubfam1,dtravtime",27377,True,True,True,valid
cand_f0aa3bbb54ae4b4faa7a,mcv,"isubfam1,ivietnam",27378,True,True,True,valid
cand_6ea7d1dedeb575c6b849,mcv,"isubfam1,dweek89",27379,True,True,True,valid
cand_813bce5cf7630c705dcc,mcv,"isubfam1,iwork89",27380,True,True,True,valid
cand_167b36776d8649efe8fb,mcv,"isubfam1,iworklwk",27381,True,True,True,valid
cand_619a5f0cb19c32b7ad9d,mcv,"isubfam1,iwwii",27382,True,True,True,valid
cand_b683a0608a94a1927e5b,mcv,"isubfam1,iyearsch",27383,True,True,True,valid
cand_1783d4c0ef81262718c3,mcv,"isubfam1,iyearwrk",27384,True,True,True,valid
cand_e36e78acd4a89330166a,mcv,"isubfam1,dyrsserv",27385,True,True,True,valid
cand_0340362b1cc28bc3bf57,mcv,"isubfam2,itmpabsnt",27386,True,True,True,valid
cand_9943823aa9588a347fee,mcv,"isubfam2,dtravtime",27387,True,True,True,valid
cand_da60c470045ea61ddbaa,mcv,"isubfam2,ivietnam",27388,True,True,True,valid
cand_7a92f6ddcfb4f5c830bc,mcv,"isubfam2,dweek89",27389,True,True,True,valid
cand_04eb89bf214c3813baef,mcv,"isubfam2,iwork89",27390,True,True,True,valid
cand_53fffaf354251f220675,mcv,"isubfam2,iworklwk",27391,True,True,True,valid
cand_1854ee59d7345242c1d6,mcv,"isubfam2,iwwii",27392,True,True,True,valid
cand_02499f120ee4f4bab942,mcv,"isubfam2,iyearsch",27393,True,True,True,valid
cand_01e6cfacf48f7c546084,mcv,"isubfam2,iyearwrk",27394,True,True,True,valid
cand_112c95f7e92f39199f7b,mcv,"itmpabsnt,dtravtime",27395,True,True,True,valid
cand_e10f99909ddbfc3ce795,mcv,"itmpabsnt,ivietnam",27396,True,True,True,valid
cand_cbdfb60172a3873301ce,mcv,"itmpabsnt,dweek89",27397,True,True,True,valid
cand_1cc1750ad6f2d8cd124c,mcv,"itmpabsnt,iwork89",27398,True,True,True,valid
cand_4e0a0283c72566b0846b,mcv,"itmpabsnt,iworklwk",27399,True,True,True,valid
cand_5322240ef2085b16c712,mcv,"itmpabsnt,iwwii",27400,True,True,True,valid
cand_ae4a43966da5ff9d711c,mcv,"itmpabsnt,iyearsch",27401,True,True,True,valid
cand_bdcb4bc3ca10b36b2911,mcv,"itmpabsnt,dyrsserv",27402,True,True,True,valid
cand_91c551abc36ac10de3b2,mcv,"dtravtime,ivietnam",27403,True,True,True,valid
cand_71c5149c34acfb7a9ae6,mcv,"dtravtime,dweek89",27404,True,True,True,valid
cand_86baa9d5a38b1431093c,mcv,"dtravtime,iwork89",27405,True,True,True,valid
cand_309c0e5e39ca6c078ec6,mcv,"dtravtime,iworklwk",27406,True,True,True,valid
cand_b78c19fe0cc6bf2707a1,mcv,"dtravtime,iwwii",27407,True,True,True,valid
cand_fb3a79995e8b87356be6,mcv,"dtravtime,iyearsch",27408,True,True,True,valid
cand_035934dda583965db7c7,mcv,"dtravtime,iyearwrk",27409,True,True,True,valid
cand_0f502a205958c7cb2463,mcv,"dtravtime,dyrsserv",27410,True,True,True,valid
cand_c2e330cd4c1ccc73e0d9,mcv,"ivietnam,dweek89",27411,True,True,True,valid
cand_6b2592ad2789051ca528,mcv,"ivietnam,iwork89",27412,True,True,True,valid
cand_fb1ddb6f32b3e7058b85,mcv,"ivietnam,iworklwk",27413,True,True,True,valid
cand_fae0c80d957341fe034b,mcv,"ivietnam,iwwii",27414,True,True,True,valid
cand_ead79babd7a358eba73e,mcv,"ivietnam,iyearsch",27415,True,True,True,valid
cand_08d168ed84772d3b1c5b,mcv,"ivietnam,iyearwrk",27416,True,True,True,valid
cand_679b306352907e608a66,mcv,"ivietnam,dyrsserv",27417,True,True,True,valid
cand_3e2a5a53ca171276c86d,mcv,"dweek89,iwork89",27418,True,True,True,valid
cand_4b245b61273153890220,mcv,"dweek89,iworklwk",27419,True,True,True,valid
cand_99a45fe5cda2925d892b,mcv,"dweek89,iwwii",27420,True,True,True,valid
cand_e020e979d653bce642bb,mcv,"dweek89,iyearsch",27421,True,True,True,valid
cand_d8d57a00a67cc7f9fb4f,mcv,"dweek89,iyearwrk",27422,True,True,True,valid
cand_f8ba920484a89fa8962d,mcv,"dweek89,dyrsserv",27423,True,True,True,valid
cand_b6204a7dbc43e4bd6a32,mcv,"iwork89,iworklwk",27424,True,True,True,valid
cand_09b05808728f1f28d64e,mcv,"iwork89,iwwii",27425,True,True,True,valid
cand_b5f9dff6500d8a951ee1,mcv,"iwork89,iyearsch",27426,True,True,True,valid
cand_48446508ab75b01277e5,mcv,"iwork89,iyearwrk",27427,True,True,True,valid
cand_b5beff4e668476ecd101,mcv,"iwork89,dyrsserv",27428,True,True,True,valid
cand_c8745352038bc70e352e,mcv,"iworklwk,iwwii",27429,True,True,True,valid
cand_4be74506316ce42fb70a,mcv,"iworklwk,iyearsch",27430,True,True,True,valid
cand_e877c4e1ffd6e5472efb,mcv,"iworklwk,iyearwrk",27431,True,True,True,valid
cand_81c1c453856056f26506,mcv,"iworklwk,dyrsserv",27432,True,True,True,valid
cand_d381e290f5125de88a52,mcv,"iwwii,iyearsch",27433,True,True,True,valid
cand_0b19e811978b615e2713,mcv,"iwwii,iyearwrk",27434,True,True,True,valid
cand_83959f4e8e9dee1c4fde,mcv,"iwwii,dyrsserv",27435,True,True,True,valid
cand_7438981b9a15c48a5635,mcv,"iyearsch,iyearwrk",27436,True,True,True,valid
cand_ce53e2be49a44bf9cb69,mcv,"iyearsch,dyrsserv",27437,True,True,True,valid
cand_ce6c434d1fa4b5fbab10,mcv,"iyearwrk,dyrsserv",27438,True,True,True,valid
cand_8e074250df2d367b0af0,fd,"dage,dancstry1",27439,True,False,False,payload-null
cand_66b0e8841eaa62116f2c,fd,"dage,dancstry2",27440,True,True,True,valid
cand_36bfe1813088cbef3153,fd,"dage,iavail",27441,True,True,True,valid
cand_c501960a96da07a08e5a,fd,"dage,icitizen",27442,True,False,False,payload-null
cand_ab4e7123b6f1b52ba62e,fd,"dage,iclass",27443,True,True,True,valid
cand_8d80a029065ebaecc1ee,fd,"dage,ddepart",27444,True,True,True,valid
cand_28e124f58c0713d420d2,fd,"dage,idisabl1",27445,True,True,True,valid
cand_a21e4147d0b1aea0af52,fd,"dage,idisabl2",27446,True,True,True,valid
cand_c5f72da128044cb86eb3,fd,"dage,ienglish",27447,True,True,True,valid
cand_32fc8c14a6e755159f3b,fd,"dage,ifeb55",27448,True,True,True,valid
cand_153b751bbdd3497be973,fd,"dage,ifertil",27449,True,True,True,valid
cand_ad39e4beac9b8745fe14,fd,"dage,dhispanic",27450,True,False,False,payload-null
cand_b8153a604528e960b94f,fd,"dage,dhour89",27451,True,True,True,valid
cand_845b63e808f761e2f94a,fd,"dage,dhours",27452,True,True,True,valid
cand_22fe977c11748238853f,fd,"dage,iimmigr",27453,True,False,False,payload-null
cand_724de2046a2a5124b926,fd,"dage,dincome1",27454,True,True,True,valid
cand_06758478e5309d5680ff,fd,"dage,dincome2",27455,True,True,True,valid
cand_d47359eec7ab79cde1f7,fd,"dage,dincome3",27456,True,True,True,valid
cand_49d1b0386bc337d56ba3,fd,"dage,dincome4",27457,True,True,True,valid
cand_4c2092573f4dbb61f1a5,fd,"dage,dincome5",27458,True,True,True,valid
cand_96f103414fcaad39aa61,fd,"dage,dincome6",27459,True,True,True,valid
cand_d0ea9fe7c92f9592f947,fd,"dage,dincome7",27460,True,True,True,valid
cand_2d6b0e9a9dd75e735345,fd,"dage,dincome8",27461,True,True,True,valid
cand_daf2afde248cf404ef95,fd,"dage,dindustry",27462,True,True,True,valid
cand_dfc5b4930030412685c6,fd,"dage,ikorean",27463,True,True,True,valid
cand_566f6fa94a9d16d025dc,fd,"dage,ilang1",27464,True,True,True,valid
cand_db522909b2009ecfee63,fd,"dage,ilooking",27465,True,True,True,valid
cand_4e8bb4e4fe433d3f0fab,fd,"dage,imarital",27466,True,True,True,valid
cand_3c81f0b8dbc169342aca,fd,"dage,imay75880",27467,True,True,True,valid
cand_ed151812f17174832f66,fd,"dage,imeans",27468,True,True,True,valid
cand_17cb84cfdd50487eb7ac,fd,"dage,imilitary",27469,True,True,True,valid
cand_2f587d2b6918a7c0c184,fd,"dage,imobility",27470,True,True,True,valid
cand_bfc1a069856cb1a81509,fd,"dage,imobillim",27471,True,True,True,valid
cand_8572be6a4c7bb8bcd368,fd,"dage,doccup",27472,True,True,True,valid
cand_aca7b0fbcab73c37fde0,fd,"dage,iothrserv",27473,True,True,True,valid
cand_80eb8175a6d3f96ec21c,fd,"dage,iperscare",27474,True,True,True,valid
cand_22d4debf1e92a699b2c9,fd,"dage,dpob",27475,True,False,False,payload-null
cand_3f84782c517d5c826755,fd,"dage,dpoverty",27476,True,False,False,payload-null
cand_189d1273ec9c8f898a69,fd,"dage,dpwgt1",27477,True,False,False,payload-null
cand_1fb3c74056e18d9084c3,fd,"dage,iragechld",27478,True,False,False,payload-null
cand_375bea6f150f1a0c34d0,fd,"dage,drearning",27479,True,True,True,valid
cand_7a7d8a16073b660a5bf9,fd,"dage,irelat1",27480,True,False,False,payload-null
cand_3116088154150644ee7d,fd,"dage,irelat2",27481,True,True,True,valid
cand_7c3ebcb06fb916c142f2,fd,"dage,iremplpar",27482,True,True,True,valid
cand_21346057cbf97367f821,fd,"dage,iriders",27483,True,True,True,valid
cand_b688693b745290c06644,fd,"dage,irlabor",27484,True,True,True,valid
cand_eb849d93e88b717e322d,fd,"dage,irownchld",27485,True,True,True,valid
cand_374bee96c4c398787a49,fd,"dage,drpincome",27486,True,True,True,valid
cand_b443994542c22a5abf33,fd,"dage,irpob",27487,True,True,True,valid
cand_901f059d82be4d7cfe5d,fd,"dage,irrelchld",27488,True,True,True,valid
cand_5ebe89d34e81319512c7,fd,"dage,irspouse",27489,True,True,True,valid
cand_987edbd64e22b5de5192,fd,"dage,irvetserv",27490,True,True,True,valid
cand_6211435256d6ac70ddbf,fd,"dage,ischool",27491,True,True,True,valid
cand_13e51716c79b5c111fc1,fd,"dage,isept80",27492,True,True,True,valid
cand_c68f3e5d5bab7981bd28,fd,"dage,isex",27493,True,False,False,payload-null
cand_be52bb7015e494986a25,fd,"dage,isubfam1",27494,True,False,False,payload-null
cand_9e41f72e5cf1286b8ba1,fd,"dage,isubfam2",27495,True,True,True,valid
cand_f62754aa0a599e73e72b,fd,"dage,itmpabsnt",27496,True,True,True,valid
cand_888577a673f54106598d,fd,"dage,dtravtime",27497,True,True,True,valid
cand_8f508d4186f350f78522,fd,"dage,ivietnam",27498,True,True,True,valid
cand_7ede18831500e219bd05,fd,"dage,dweek89",27499,True,True,True,valid
cand_b79e5c81dd539478f2c7,fd,"dage,iwork89",27500,True,True,True,valid
cand_8b538ab1a76587f20e8d,fd,"dage,iworklwk",27501,True,False,False,payload-null
cand_aa2ecf6752b4e509ac6f,fd,"dage,iwwii",27502,True,True,True,valid
cand_527df6770f55403f6a67,fd,"dage,iyearsch",27503,True,True,True,valid
cand_5db7dd3a086dbe37b4af,fd,"dage,iyearwrk",27504,True,True,True,valid
cand_24b4e7ce0ba7ca04e7f5,fd,"dancstry1,dancstry2",27505,True,True,True,valid
cand_05ff24376f524f3e4695,fd,"dancstry1,iavail",27506,True,True,True,valid
cand_e0df4e8bab4938e790cf,fd,"dancstry1,icitizen",27507,True,False,False,payload-null
cand_75b657a7499d15385197,fd,"dancstry1,iclass",27508,True,False,False,payload-null
cand_ba05d2eb422c4bfa5455,fd,"dancstry1,ddepart",27509,True,False,False,payload-null
cand_45bd945e393f956f3fa1,fd,"dancstry1,idisabl1",27510,True,False,False,payload-null
cand_f4e9984caf08d88e4b3f,fd,"dancstry1,idisabl2",27511,True,False,False,payload-null
cand_78c2a48cd33580ccecc8,fd,"dancstry1,ienglish",27512,True,False,False,payload-null
cand_11709d78509e7792b81e,fd,"dancstry1,ifeb55",27513,True,True,True,valid
cand_71219af067588aa0ac6c,fd,"dancstry1,ifertil",27514,True,False,False,payload-null
cand_0eb9c8de86bce361d1c2,fd,"dancstry1,dhispanic",27515,True,False,False,payload-null
cand_2fb4e2297a852b3dd4f3,fd,"dancstry1,dhour89",27516,True,False,False,payload-null
cand_ae28210d884a71f8ece8,fd,"dancstry1,dhours",27517,True,False,False,payload-null
cand_79f918607dfc8bbd4b5d,fd,"dancstry1,iimmigr",27518,True,False,False,payload-null
cand_fa56218421fa82ed4f78,fd,"dancstry1,dincome1",27519,True,False,False,payload-null
cand_7815242dcdf13860f591,fd,"dancstry1,dincome2",27520,True,True,True,valid
cand_10999680b5d3b1640f10,fd,"dancstry1,dincome3",27521,True,True,True,valid
cand_f6bc91ed7ed1b37486e1,fd,"dancstry1,dincome4",27522,True,False,False,payload-null
cand_d416475f06318e8da898,fd,"dancstry1,dincome5",27523,True,True,True,valid
cand_66b65698f5948c98ac1f,fd,"dancstry1,dincome6",27524,True,True,True,valid
cand_7786de530073ac75016c,fd,"dancstry1,dincome7",27525,True,True,True,valid
cand_50db2e3b9f035e185790,fd,"dancstry1,dincome8",27526,True,True,True,valid
cand_521153e4b10112d2ce85,fd,"dancstry1,dindustry",27527,True,False,False,payload-null
cand_c6e96bcbc409aef16d14,fd,"dancstry1,ikorean",27528,True,True,True,valid
cand_678b344bd08bc62791aa,fd,"dancstry1,ilang1",27529,True,False,False,payload-null
cand_0cd87f56a9c081bfc4a5,fd,"dancstry1,ilooking",27530,True,True,True,valid
cand_5facca05087e7b00e7c9,fd,"dancstry1,imarital",27531,True,False,False,payload-null
cand_43cf83064f5441f2773e,fd,"dancstry1,imay75880",27532,True,True,True,valid
cand_beecf0aa2cd9cfa844ae,fd,"dancstry1,imeans",27533,True,False,False,payload-null
cand_1954cff58456baa94e6b,fd,"dancstry1,imilitary",27534,True,False,False,payload-null
cand_06b887990a91f742b87d,fd,"dancstry1,imobility",27535,True,False,False,payload-null
cand_42d461b53ea74616fa75,fd,"dancstry1,imobillim",27536,True,False,False,payload-null
cand_595456057d597ba85e9d,fd,"dancstry1,doccup",27537,True,False,False,payload-null
cand_cec7b5651301210b2caf,fd,"dancstry1,iothrserv",27538,True,True,True,valid
cand_f8a525015a31216431dc,fd,"dancstry1,iperscare",27539,True,False,False,payload-null
cand_4215a87dc4588e4953d8,fd,"dancstry1,dpob",27540,True,False,False,payload-null
cand_bee82a79072a142a6a6d,fd,"dancstry1,dpoverty",27541,True,False,False,payload-null
cand_6f2f4e4a7aa1bed3d11d,fd,"dancstry1,dpwgt1",27542,True,False,False,payload-null
cand_91bf768218b4cda2cb13,fd,"dancstry1,iragechld",27543,True,False,False,payload-null
cand_d8950e06a5273220457d,fd,"dancstry1,drearning",27544,True,False,False,payload-null
cand_81c89484c7918798e3d0,fd,"dancstry1,irelat1",27545,True,False,False,payload-null
cand_185186fc4bcab96f413a,fd,"dancstry1,irelat2",27546,True,True,True,valid
cand_2a7c707249a948c03a73,fd,"dancstry1,iremplpar",27547,True,False,False,payload-null
cand_2a88a299ee6d202bf3cb,fd,"dancstry1,iriders",27548,True,False,False,payload-null
cand_a98849b05f71ba91bc22,fd,"dancstry1,irlabor",27549,True,False,False,payload-null
cand_0409e28c68267e971b2a,fd,"dancstry1,irownchld",27550,True,False,False,payload-null
cand_b708e5e85b80a1ff5678,fd,"dancstry1,drpincome",27551,True,False,False,payload-null
cand_7de51f0cf2728c591747,fd,"dancstry1,irpob",27552,True,True,True,valid
cand_2b0379a1aaa633e1c359,fd,"dancstry1,irrelchld",27553,True,False,False,payload-null
cand_1643eb19adab7cb80fc3,fd,"dancstry1,irspouse",27554,True,False,False,payload-null
cand_276b2e74116b9028b44d,fd,"dancstry1,irvetserv",27555,True,True,True,valid
cand_3007e8518763b7489486,fd,"dancstry1,ischool",27556,True,False,False,payload-null
cand_1eb616de44d67386ff8f,fd,"dancstry1,isept80",27557,True,True,True,valid
cand_45c2b27b0ef853bf62e8,fd,"dancstry1,isex",27558,True,False,False,payload-null
cand_58d073d0d3241ddf4819,fd,"dancstry1,isubfam1",27559,True,True,True,valid
cand_d21f8285619bd2337c7c,fd,"dancstry1,isubfam2",27560,True,True,True,valid
cand_374feed6917294ee2294,fd,"dancstry1,itmpabsnt",27561,True,True,True,valid
cand_3e25bd932ff1296efc73,fd,"dancstry1,dtravtime",27562,True,False,False,payload-null
cand_222c4327fcd37ce326dc,fd,"dancstry1,ivietnam",27563,True,True,True,valid
cand_3e0b73cd55ec634d35a7,fd,"dancstry1,dweek89",27564,True,False,False,payload-null
cand_af817b7f445f45a84eed,fd,"dancstry1,iwork89",27565,True,False,False,payload-null
cand_c0284186db801811bdc3,fd,"dancstry1,iworklwk",27566,True,False,False,payload-null
cand_89610c342deb1a689d95,fd,"dancstry1,iyearsch",27567,True,False,False,payload-null
cand_5d6a4c237c6d87b5c4a8,fd,"dancstry1,iyearwrk",27568,True,False,False,payload-null
cand_26d4fd36a4aad9e229e2,fd,"dancstry2,iavail",27569,True,True,True,valid
cand_9d785e68f7913e7ee982,fd,"dancstry2,icitizen",27570,True,True,True,valid
cand_daff4fdf956f50b63631,fd,"dancstry2,iclass",27571,True,True,True,valid
cand_92479966b4247553affe,fd,"dancstry2,ddepart",27572,True,True,True,valid
cand_2b3b509601c8ecccab58,fd,"dancstry2,idisabl1",27573,True,True,True,valid
cand_6766afde91450c621b58,fd,"dancstry2,idisabl2",27574,True,True,True,valid
cand_3f8efcf51d2426e11a14,fd,"dancstry2,ienglish",27575,True,True,True,valid
cand_0acc37d65e354824c2fd,fd,"dancstry2,ifeb55",27576,True,True,True,valid
cand_6a83cf5166b09f48a1af,fd,"dancstry2,ifertil",27577,True,True,True,valid
cand_6638992cf188c77a0415,fd,"dancstry2,dhispanic",27578,True,True,True,valid
cand_d0f29ef2ad42686e6709,fd,"dancstry2,dhour89",27579,True,True,True,valid
cand_8ed97ffcd0af88042bf7,fd,"dancstry2,dhours",27580,True,True,True,valid
cand_aae22f6c6d045798160b,fd,"dancstry2,iimmigr",27581,True,True,True,valid
cand_f27a7d03033cd919227c,fd,"dancstry2,dincome1",27582,True,True,True,valid
cand_7111a9272e64bd001ef3,fd,"dancstry2,dincome2",27583,True,True,True,valid
cand_c58f0686fa4debe83f8e,fd,"dancstry2,dincome3",27584,True,True,True,valid
cand_0f0103820b1f097d7080,fd,"dancstry2,dincome4",27585,True,True,True,valid
cand_c50a1ea12c396690dafe,fd,"dancstry2,dincome5",27586,True,True,True,valid
cand_fd5e398d35e5a01b7a4a,fd,"dancstry2,dincome6",27587,True,True,True,valid
cand_d6ec1eaff98112020865,fd,"dancstry2,dincome7",27588,True,True,True,valid
cand_b93bb0a9231caa55027b,fd,"dancstry2,dincome8",27589,True,True,True,valid
cand_147775629b8ff063e6fc,fd,"dancstry2,dindustry",27590,True,True,True,valid
cand_0132efb844a61e153556,fd,"dancstry2,ikorean",27591,True,True,True,valid
cand_e2a22b22668e051096e5,fd,"dancstry2,ilang1",27592,True,False,False,payload-null
cand_e2a079245c928c209b53,fd,"dancstry2,ilooking",27593,True,True,True,valid
cand_25cf185334e54a02190c,fd,"dancstry2,imarital",27594,True,True,True,valid
cand_de44474bcca958a814cf,fd,"dancstry2,imay75880",27595,True,True,True,valid
cand_783db666b9e99afbea06,fd,"dancstry2,imeans",27596,True,True,True,valid
cand_4d4ef1e904d673fa12e5,fd,"dancstry2,imilitary",27597,True,True,True,valid
cand_0c9eae14dcf47a5db04b,fd,"dancstry2,imobility",27598,True,False,False,payload-null
cand_600e909319b50ac2fe36,fd,"dancstry2,imobillim",27599,True,True,True,valid
cand_8c8db6f5ebac7ed99e99,fd,"dancstry2,doccup",27600,True,True,True,valid
cand_5709c35ab664343a429f,fd,"dancstry2,iothrserv",27601,True,True,True,valid
cand_5b809281e92acbc7decb,fd,"dancstry2,iperscare",27602,True,True,True,valid
cand_f58648657c609901bd14,fd,"dancstry2,dpob",27603,True,True,True,valid
cand_118ef07577fa564818d6,fd,"dancstry2,dpoverty",27604,True,True,True,valid
cand_6a881a1d154e9fac8a2c,fd,"dancstry2,dpwgt1",27605,True,True,True,valid
cand_997c49596050612600e4,fd,"dancstry2,iragechld",27606,True,True,True,valid
cand_1c1e383390b1c64571a9,fd,"dancstry2,drearning",27607,True,True,True,valid
cand_c33d45c283ab0da984ba,fd,"dancstry2,irelat1",27608,True,True,True,valid
cand_37e00dafc45110368d71,fd,"dancstry2,irelat2",27609,True,True,True,valid
cand_62b56b3ff5d1424542ad,fd,"dancstry2,iremplpar",27610,True,False,False,payload-null
cand_b0979439621e85de7886,fd,"dancstry2,iriders",27611,True,True,True,valid
cand_b7c222fd68c281389d29,fd,"dancstry2,irlabor",27612,True,True,True,valid
cand_0964d69a42dfd3706563,fd,"dancstry2,irownchld",27613,True,True,True,valid
cand_a1a0da6dcf1a839d6122,fd,"dancstry2,drpincome",27614,True,True,True,valid
cand_ecb0f27d6723a07c0fbd,fd,"dancstry2,irpob",27615,True,True,True,valid
cand_04ba27a1f94553ad756a,fd,"dancstry2,irrelchld",27616,True,True,True,valid
cand_74164352aac922ed5fda,fd,"dancstry2,irspouse",27617,True,True,True,valid
cand_e44b986eb07f334568a7,fd,"dancstry2,irvetserv",27618,True,True,True,valid
cand_02258d5fa1b476f05bca,fd,"dancstry2,ischool",27619,True,False,False,payload-null
cand_6d83e544e30d8d8b3115,fd,"dancstry2,isept80",27620,True,True,True,valid
cand_fa35528fa4bddaadf14d,fd,"dancstry2,isex",27621,True,True,True,valid
cand_78081c6ae37a13992704,fd,"dancstry2,isubfam1",27622,True,True,True,valid
cand_830b53d084e86681cf3a,fd,"dancstry2,isubfam2",27623,True,True,True,valid
cand_026bbaaed0d0b8a688f1,fd,"dancstry2,itmpabsnt",27624,True,True,True,valid
cand_e174bf8fd2bfd138c707,fd,"dancstry2,dtravtime",27625,True,True,True,valid
cand_81258124d33ee22a8db5,fd,"dancstry2,ivietnam",27626,True,True,True,valid
cand_fd7a8c449b5b14db6cea,fd,"dancstry2,dweek89",27627,True,True,True,valid
cand_ddd951fda363b1b37019,fd,"dancstry2,iwork89",27628,True,True,True,valid
cand_d2fa699a28e91424dd31,fd,"dancstry2,iworklwk",27629,True,True,True,valid
cand_66138776f4d12a2477c0,fd,"dancstry2,iwwii",27630,True,True,True,valid
cand_291665c7ef0f9bf0e309,fd,"dancstry2,iyearsch",27631,True,False,False,payload-null
cand_5a5a594fa7bc8f7bec96,fd,"dancstry2,iyearwrk",27632,True,True,True,valid
cand_95237e3d34b597e81152,fd,"dancstry2,dyrsserv",27633,True,True,True,valid
cand_686c4a1ac3e36f855f77,fd,"iavail,icitizen",27634,True,False,False,payload-null
cand_6da5adff3d22a16a0537,fd,"iavail,iclass",27635,True,False,False,payload-null
cand_04f715743069a5a7f3b2,fd,"iavail,ddepart",27636,True,True,True,valid
cand_fa371ba230c5cafd9e7e,fd,"iavail,idisabl1",27637,True,True,True,valid
cand_ee07b2263baf2afb261c,fd,"iavail,idisabl2",27638,True,True,True,valid
cand_00bcf33e841b724f9879,fd,"iavail,ienglish",27639,True,False,False,payload-null
cand_7e4bdbd10e4a346986f5,fd,"iavail,ifeb55",27640,True,True,True,valid
cand_c513166ab0d83cbb5c02,fd,"iavail,ifertil",27641,True,True,True,valid
cand_2a38e8ecb5ad7e36c607,fd,"iavail,dhispanic",27642,True,True,True,valid
cand_ed326382376f128078d5,fd,"iavail,dhour89",27643,True,False,False,payload-null
cand_09fe4bba816a50a57cc9,fd,"iavail,dhours",27644,True,True,True,valid
cand_78f53da5bff2666adef8,fd,"iavail,dincome1",27645,True,False,False,payload-null
cand_894862de53a1b9fe88c8,fd,"iavail,dincome2",27646,True,False,False,payload-null
cand_75eaf5679557cd7aaab0,fd,"iavail,dincome3",27647,True,True,True,valid
cand_38d6d86cb2caa2bcb5a9,fd,"iavail,dincome4",27648,True,False,False,payload-null
cand_d8eda7b0bd50c6c03521,fd,"iavail,dincome5",27649,True,False,False,payload-null
cand_01cb993f75dfe09783b0,fd,"iavail,dincome6",27650,True,False,False,payload-null
cand_d1fedbf812f5d70088e7,fd,"iavail,dincome7",27651,True,False,False,payload-null
cand_4fe4e6518d224e08fb14,fd,"iavail,dincome8",27652,True,False,False,payload-null
cand_e094398bf37e2c93e294,fd,"iavail,dindustry",27653,True,False,False,payload-null
cand_76b4b6fe6291c5c03adf,fd,"iavail,ikorean",27654,True,True,True,valid
cand_ca35affbb914b393ee8b,fd,"iavail,ilang1",27655,True,True,True,valid
cand_4abd9138b2c7341d3403,fd,"iavail,ilooking",27656,True,True,True,valid
cand_cfebaf8303b0fa90842f,fd,"iavail,imarital",27657,True,False,False,payload-null
cand_ab89d7d9faac5e17fa2e,fd,"iavail,imay75880",27658,True,True,True,valid
cand_3c13d89653f1fc8e3269,fd,"iavail,imeans",27659,True,True,True,valid
cand_a92282f51a791affd457,fd,"iavail,imilitary",27660,True,True,True,valid
cand_df3ac4f0d495f2fe6ad6,fd,"iavail,imobility",27661,True,True,True,valid
cand_3ce0477b427890442081,fd,"iavail,imobillim",27662,True,True,True,valid
cand_fdab5499bab2c03e5e39,fd,"iavail,doccup",27663,True,False,False,payload-null
cand_460956b3e385af77eaa6,fd,"iavail,iothrserv",27664,True,True,True,valid
cand_f786eeae81d6053fb28d,fd,"iavail,iperscare",27665,True,True,True,valid
cand_41a7c327784b9fe808d7,fd,"iavail,dpob",27666,True,False,False,payload-null
cand_d75e73218cbceac9a071,fd,"iavail,dpoverty",27667,True,False,False,payload-null
cand_86dbbca257825312daf3,fd,"iavail,dpwgt1",27668,True,False,False,payload-null
cand_d3dd712a924377da6fb0,fd,"iavail,iragechld",27669,True,False,False,payload-null
cand_bed004fdba500e69de69,fd,"iavail,drearning",27670,True,False,False,payload-null
cand_536d10cf50a6ed9d9fa4,fd,"iavail,irelat1",27671,True,False,False,payload-null
cand_644e8eafd58608d7a8c5,fd,"iavail,irelat2",27672,True,True,True,valid
cand_1b85f6811ab297df579b,fd,"iavail,iremplpar",27673,True,True,True,valid
cand_028dac0e928120d75727,fd,"iavail,iriders",27674,True,True,True,valid
cand_ee32e8b0177d766aed23,fd,"iavail,irlabor",27675,True,True,True,valid
cand_4a6f96811124c3999ada,fd,"iavail,irownchld",27676,True,True,True,valid
cand_b4bede19d53ebf75d6c5,fd,"iavail,drpincome",27677,True,False,False,payload-null
cand_05dec4e0b53ce518f567,fd,"iavail,irpob",27678,True,True,True,valid
cand_96b5048a2769946f2638,fd,"iavail,irrelchld",27679,True,True,True,valid
cand_20c28d07897a7525359e,fd,"iavail,irspouse",27680,True,True,True,valid
cand_7bae6d46992265d2e159,fd,"iavail,irvetserv",27681,True,True,True,valid
cand_93850486cdc957d4604b,fd,"iavail,ischool",27682,True,True,True,valid
cand_20a9f1248195e37eb8ad,fd,"iavail,isept80",27683,True,True,True,valid
cand_bbfc019656549d41b659,fd,"iavail,isex",27684,True,False,False,payload-null
cand_b7c16a34ceb0457ef851,fd,"iavail,isubfam1",27685,True,True,True,valid
cand_831eb7462de2289f602d,fd,"iavail,isubfam2",27686,True,True,True,valid
cand_ec33771049b25751c03b,fd,"iavail,itmpabsnt",27687,True,False,False,payload-null
cand_37115bc37ecb6fc684cb,fd,"iavail,dtravtime",27688,True,True,True,valid
cand_5669923b5236d0b6ffe7,fd,"iavail,ivietnam",27689,True,True,True,valid
cand_d0b05afabce0e22b4c10,fd,"iavail,dweek89",27690,True,False,False,payload-null
cand_23df1061a4aa558e4f2e,fd,"iavail,iwork89",27691,True,True,True,valid
cand_8adaaf4c833e7bf36424,fd,"iavail,iworklwk",27692,True,True,True,valid
cand_051ee3d9ab989fe79dd0,fd,"iavail,iwwii",27693,True,True,True,valid
cand_4adf09764c5572b3e72d,fd,"iavail,iyearsch",27694,True,True,True,valid
cand_96616eddcf7cffccd44b,fd,"iavail,iyearwrk",27695,True,True,True,valid
cand_8e64554eb117ebda1736,fd,"iavail,dyrsserv",27696,True,False,False,payload-null
cand_6df5773d64a165ff558e,fd,"icitizen,iclass",27697,True,False,False,payload-null
cand_a0e852720c40a47d5988,fd,"icitizen,ddepart",27698,True,False,False,payload-null
cand_aa0e38c522706e417621,fd,"icitizen,idisabl1",27699,True,False,False,payload-null
cand_31eced1997e4cf59a457,fd,"icitizen,idisabl2",27700,True,False,False,payload-null
cand_8e9315543e8295beacce,fd,"icitizen,ienglish",27701,True,False,False,payload-null
cand_5ba98a03b517fac30a0f,fd,"icitizen,ifeb55",27702,True,True,True,valid
cand_e6e2fa60d4be805e07ed,fd,"icitizen,ifertil",27703,True,False,False,payload-null
cand_db1af4a274e1a6de3334,fd,"icitizen,dhispanic",27704,True,False,False,payload-null
cand_b2b8c93d8ff9c0ba01c1,fd,"icitizen,dhour89",27705,True,False,False,payload-null
cand_6c87be361ddc946ac9ec,fd,"icitizen,iimmigr",27706,True,True,True,valid
cand_8ff7be3a60c70492e66d,fd,"icitizen,dincome1",27707,True,False,False,payload-null
cand_307a840d9a8afc4e2a47,fd,"icitizen,dincome2",27708,True,False,False,payload-null
cand_f6e32e7031556b5b31f5,fd,"icitizen,dincome3",27709,True,True,True,valid
cand_9928f8bc92ae4373160f,fd,"icitizen,dincome4",27710,True,False,False,payload-null
cand_2d770d2bed66cf18f377,fd,"icitizen,dincome5",27711,True,False,False,payload-null
cand_cf120d706232262fb666,fd,"icitizen,dincome6",27712,True,False,False,payload-null
cand_428dc552c2c28af14a67,fd,"icitizen,dincome7",27713,True,False,False,payload-null
cand_722bee8364f6ee4d562f,fd,"icitizen,dincome8",27714,True,False,False,payload-null
cand_b583f1569557616b076f,fd,"icitizen,dindustry",27715,True,False,False,payload-null
cand_b583eb9a16b3004fd2eb,fd,"icitizen,ikorean",27716,True,True,True,valid
cand_26f353a3fafcfa902a50,fd,"icitizen,ilang1",27717,True,False,False,payload-null
cand_22562675d9776a776e8c,fd,"icitizen,ilooking",27718,True,False,False,payload-null
cand_0d2b80de22f1709c3f25,fd,"icitizen,imarital",27719,True,False,False,payload-null
cand_1b684f0118a8ecef2953,fd,"icitizen,imay75880",27720,True,True,True,valid
cand_052b27d777929976e600,fd,"icitizen,imeans",27721,True,True,True,valid
cand_cd20dcfccbf6e19f2f69,fd,"icitizen,imilitary",27722,True,False,False,payload-null
cand_6df0ad19d68b79f632be,fd,"icitizen,imobility",27723,True,False,False,payload-null
cand_6b9f4c7129302484aa7d,fd,"icitizen,imobillim",27724,True,False,False,payload-null
cand_963802815e8f8b816093,fd,"icitizen,doccup",27725,True,False,False,payload-null
cand_f12e7fe9394d8abf5cf8,fd,"icitizen,iothrserv",27726,True,True,True,valid
cand_163081f1888a5076e0e7,fd,"icitizen,iperscare",27727,True,False,False,payload-null
cand_c85c889075055749d0a8,fd,"icitizen,dpob",27728,True,True,True,valid
cand_4e1fb09c0cd379a717f4,fd,"icitizen,dpoverty",27729,True,False,False,payload-null
cand_3915fc29d79bbb3da7bf,fd,"icitizen,dpwgt1",27730,True,False,False,payload-null
cand_36b8e5d5acf60b37933c,fd,"icitizen,iragechld",27731,True,False,False,payload-null
cand_bd9071b1683687c8df87,fd,"icitizen,drearning",27732,True,False,False,payload-null
cand_0fd4b65166ab9f519811,fd,"icitizen,irelat1",27733,True,False,False,payload-null
cand_618d43e930237fcfe89e,fd,"icitizen,irelat2",27734,True,False,False,payload-null
cand_e41db97c72060d46fbde,fd,"icitizen,iremplpar",27735,True,False,False,payload-null
cand_bc0cbebfc51c52e3e2da,fd,"icitizen,irlabor",27736,True,True,True,valid
cand_b6a218fc51b55dd5f994,fd,"icitizen,irownchld",27737,True,False,False,payload-null
cand_1eb26042f73d051f2abb,fd,"icitizen,irpob",27738,True,True,True,valid
cand_30a07cf6d0f8c4c47b67,fd,"icitizen,irrelchld",27739,True,False,False,payload-null
cand_50c30f400389fffc0249,fd,"icitizen,irspouse",27740,True,False,False,payload-null
cand_363338e5788efc2e45d1,fd,"icitizen,irvetserv",27741,True,True,True,valid
cand_f8a9a1300dd028180001,fd,"icitizen,ischool",27742,True,False,False,payload-null
cand_e78181339a0aa427d093,fd,"icitizen,isept80",27743,True,False,False,payload-null
cand_860ec0d5f422be24222e,fd,"icitizen,isex",27744,True,False,False,payload-null
cand_2e69cef967def45c75df,fd,"icitizen,isubfam1",27745,True,False,False,payload-null
cand_a6a28313f868e8c030bf,fd,"icitizen,isubfam2",27746,True,True,True,valid
cand_7713f935d8a4701ef464,fd,"icitizen,itmpabsnt",27747,True,False,False,payload-null
cand_d9559a8111f413f4e9d8,fd,"icitizen,dtravtime",27748,True,False,False,payload-null
cand_cbe577cd9f66755b74d1,fd,"icitizen,ivietnam",27749,True,False,False,payload-null
cand_616eb0aef46f691bcfb6,fd,"icitizen,dweek89",27750,True,False,False,payload-null
cand_79f6584bc74e9d1e12b2,fd,"icitizen,iwork89",27751,True,False,False,payload-null
cand_79116cd57890226acf59,fd,"icitizen,iworklwk",27752,True,False,False,payload-null
cand_178bbfba5940a4391e79,fd,"icitizen,iwwii",27753,True,True,True,valid
cand_4dfa82cfe5f5cbde1fe6,fd,"icitizen,iyearsch",27754,True,False,False,payload-null
cand_08661a3bec1c4052dc13,fd,"icitizen,iyearwrk",27755,True,False,False,payload-null
cand_c095a848c4d777eccf95,fd,"icitizen,dyrsserv",27756,True,False,False,payload-null
cand_cd56aae031e4b0c9cc9f,fd,"iclass,ddepart",27757,True,True,True,valid
cand_8803aec5016f5ba5714d,fd,"iclass,idisabl1",27758,True,True,True,valid
cand_ee0b6b1f4fd9cf265258,fd,"iclass,idisabl2",27759,True,True,True,valid
cand_c735da48bad841e416c2,fd,"iclass,ienglish",27760,True,False,False,payload-null
cand_1879fbef30a4216834e3,fd,"iclass,ifeb55",27761,True,False,False,payload-null
cand_a72833df94836ac10b18,fd,"iclass,ifertil",27762,True,False,False,payload-null
cand_f18ed83cae3c98ef0bac,fd,"iclass,dhispanic",27763,True,False,False,payload-null
cand_e89473bab3775890906d,fd,"iclass,dhour89",27764,True,True,True,valid
cand_fa1da3fc0eb01849e385,fd,"iclass,dhours",27765,True,True,True,valid
cand_bca716d0d6d809595d9a,fd,"iclass,iimmigr",27766,True,False,False,payload-null
cand_3cf064de51c6d3424f10,fd,"iclass,dincome1",27767,True,True,True,valid
cand_ba5b7e84592134d35d94,fd,"iclass,dincome2",27768,True,True,True,valid
cand_eb83b57db6ddffbfad42,fd,"iclass,dincome3",27769,True,True,True,valid
cand_6276ad8b03354aac4898,fd,"iclass,dincome4",27770,True,False,False,payload-null
cand_065a2eb26289d6717c06,fd,"iclass,dincome5",27771,True,False,False,payload-null
cand_39e0e4639ffe28e7ca02,fd,"iclass,dincome6",27772,True,False,False,payload-null
cand_c988ece09b6759e4551d,fd,"iclass,dincome7",27773,True,False,False,payload-null
cand_960aad34983142892cce,fd,"iclass,dincome8",27774,True,False,False,payload-null
cand_86ba73a07ce35d3b4d16,fd,"iclass,dindustry",27775,True,True,True,valid
cand_4bf3baf510bcc3098de4,fd,"iclass,ikorean",27776,True,False,False,payload-null
cand_8226221a7db5923787d7,fd,"iclass,ilang1",27777,True,True,True,valid
cand_6fedae3209702d1c64b5,fd,"iclass,ilooking",27778,True,False,False,payload-null
cand_cdba33422799b6724a6f,fd,"iclass,imarital",27779,True,False,False,payload-null
cand_6d46c23a8b6be4604d7c,fd,"iclass,imay75880",27780,True,False,False,payload-null
cand_baee437723de81e76c01,fd,"iclass,imeans",27781,True,True,True,valid
cand_35295e98d41ced6d438c,fd,"iclass,imilitary",27782,True,True,True,valid
cand_604bab21dbc112d0fbfe,fd,"iclass,imobility",27783,True,True,True,valid
cand_630c87b259b8e5d7ca90,fd,"iclass,imobillim",27784,True,True,True,valid
cand_2678a1b81431d1d23fc9,fd,"iclass,doccup",27785,True,True,True,valid
cand_a5a46877cd76bcaf6db3,fd,"iclass,iothrserv",27786,True,True,True,valid
cand_a0274a40e6efe567bc65,fd,"iclass,iperscare",27787,True,True,True,valid
cand_783d0645442bbe54d6dd,fd,"iclass,dpob",27788,True,False,False,payload-null
cand_57ee98f7e8979ca9297c,fd,"iclass,dpoverty",27789,True,False,False,payload-null
cand_0b68589722ecde856711,fd,"iclass,dpwgt1",27790,True,False,False,payload-null
cand_75d07c639841c450a5d3,fd,"iclass,iragechld",27791,True,False,False,payload-null
cand_392b7baf813553deee0e,fd,"iclass,drearning",27792,True,True,True,valid
cand_ccae9b213121cf3c89bb,fd,"iclass,irelat1",27793,True,False,False,payload-null
cand_d3c1c1070944d6117da3,fd,"iclass,irelat2",27794,True,True,True,valid
cand_d75a77da7fbc7b0064c2,fd,"iclass,iremplpar",27795,True,True,True,valid
cand_223437fe6fef4adf144d,fd,"iclass,iriders",27796,True,True,True,valid
cand_39085a4c87f2fae996b3,fd,"iclass,irlabor",27797,True,True,True,valid
cand_9e5661d1d5a0818e497d,fd,"iclass,irownchld",27798,True,True,True,valid
cand_4a6dcdab3327d9ac7e91,fd,"iclass,drpincome",27799,True,False,False,payload-null
cand_19a30eb79196a1405926,fd,"iclass,irpob",27800,True,True,True,valid
cand_42d211647b3b95fa57e7,fd,"iclass,irrelchld",27801,True,True,True,valid
cand_7a73ca770097495c4486,fd,"iclass,irspouse",27802,True,True,True,valid
cand_77ee0fb27bfe9d898d0f,fd,"iclass,irvetserv",27803,True,False,False,payload-null
cand_ff3eff19c80a61de6c13,fd,"iclass,ischool",27804,True,True,True,valid
cand_f095a49f30e6e26325ce,fd,"iclass,isept80",27805,True,True,True,valid
cand_633d00ef0ff599c6a84c,fd,"iclass,isex",27806,True,False,False,payload-null
cand_d2cf14f6182eb93db6dd,fd,"iclass,isubfam1",27807,True,True,True,valid
cand_2d3f8c4bba2ed7eb2b81,fd,"iclass,isubfam2",27808,True,True,True,valid
cand_5f0cafe491528584900f,fd,"iclass,itmpabsnt",27809,True,False,False,payload-null
cand_ddf0ff825cca3d2fbab2,fd,"iclass,dtravtime",27810,True,True,True,valid
cand_f667944e2d541ccbf44a,fd,"iclass,ivietnam",27811,True,False,False,payload-null
cand_0070bcd23d96a48d41bd,fd,"iclass,dweek89",27812,True,True,True,valid
cand_3b414ca96823228e9c1f,fd,"iclass,iwork89",27813,True,True,True,valid
cand_d67f33063830087ad923,fd,"iclass,iworklwk",27814,True,False,False,payload-null
cand_18827c473bbda2381075,fd,"iclass,iwwii",27815,True,False,False,payload-null
cand_9e33aa914b0a3c47367e,fd,"iclass,iyearsch",27816,True,True,True,valid
cand_5f7ad4ebfc464fe6e48d,fd,"iclass,iyearwrk",27817,True,True,True,valid
cand_02dbadc7fea5b99bdef7,fd,"iclass,dyrsserv",27818,True,False,False,payload-null
cand_6fb178b53fdd50bdb507,fd,"ddepart,idisabl1",27819,True,True,True,valid
cand_6cf4d067eb08d93b8c32,fd,"ddepart,idisabl2",27820,True,True,True,valid
cand_4b4954a85d2f8f110718,fd,"ddepart,ienglish",27821,True,False,False,payload-null
cand_3d72768a792b05677a60,fd,"ddepart,ifeb55",27822,True,False,False,payload-null
cand_31f21dd624f765ee0887,fd,"ddepart,ifertil",27823,True,False,False,payload-null
cand_24872109d69884473b90,fd,"ddepart,dhispanic",27824,True,False,False,payload-null
cand_318322144d4de2f4bbed,fd,"ddepart,dhour89",27825,True,False,False,payload-null
cand_7a670711b7f576a4c4a5,fd,"ddepart,dhours",27826,True,True,True,valid
cand_4dda221820e90edaa35a,fd,"ddepart,iimmigr",27827,True,False,False,payload-null
cand_e3b166e3242f64cd5331,fd,"ddepart,dincome1",27828,True,False,False,payload-null
cand_942219981256cae39766,fd,"ddepart,dincome2",27829,True,False,False,payload-null
cand_88be53298b7eadd72250,fd,"ddepart,dincome3",27830,True,False,False,payload-null
cand_1c296260e05c519ed75d,fd,"ddepart,dincome4",27831,True,False,False,payload-null
cand_64cf5f8b15f1a327af29,fd,"ddepart,dincome5",27832,True,False,False,payload-null
cand_5a17f23e365919e07671,fd,"ddepart,dincome6",27833,True,False,False,payload-null
cand_23d802e58c4c24345b82,fd,"ddepart,dincome7",27834,True,False,False,payload-null
cand_43896e8ca9e539400f74,fd,"ddepart,dincome8",27835,True,False,False,payload-null
cand_b019bba643fe28ef74a3,fd,"ddepart,dindustry",27836,True,True,True,valid
cand_96b4102fff1878313a13,fd,"ddepart,ikorean",27837,True,False,False,payload-null
cand_ef934f1ecb2579d10863,fd,"ddepart,ilang1",27838,True,True,True,valid
cand_3f071e052c687dad9009,fd,"ddepart,ilooking",27839,True,True,True,valid
cand_0caf24e83e61a9c546b5,fd,"ddepart,imarital",27840,True,False,False,payload-null
cand_4c0d78cd8a0ff57c1164,fd,"ddepart,imay75880",27841,True,False,False,payload-null
cand_2d7b7b1518532275422d,fd,"ddepart,imeans",27842,True,True,True,valid
cand_81eb29d0177ea470e2b1,fd,"ddepart,imilitary",27843,True,True,True,valid
cand_9a13b683c38825cead0d,fd,"ddepart,imobility",27844,True,True,True,valid
cand_9bba9c27bdacc2e2b109,fd,"ddepart,imobillim",27845,True,True,True,valid
cand_de1bc5429481325c9c4e,fd,"ddepart,doccup",27846,True,True,True,valid
cand_025b7eaeed1b698a3fd9,fd,"ddepart,iothrserv",27847,True,True,True,valid
cand_04fddfea29d446576243,fd,"ddepart,iperscare",27848,True,True,True,valid
cand_d2c8d3485ad9a04aeb58,fd,"ddepart,dpob",27849,True,False,False,payload-null
cand_25b7d20b7b5724f9ee2b,fd,"ddepart,dpoverty",27850,True,False,False,payload-null
cand_2aeff12bd84fe52ea983,fd,"ddepart,dpwgt1",27851,True,False,False,payload-null
cand_af34a6fcb77c761d7df4,fd,"ddepart,iragechld",27852,True,False,False,payload-null
cand_b892a6ce35582519705e,fd,"ddepart,drearning",27853,True,False,False,payload-null
cand_d33f343422084761f4ec,fd,"ddepart,irelat1",27854,True,True,True,valid
cand_3f8ef519e83af11c54b8,fd,"ddepart,irelat2",27855,True,True,True,valid
cand_95cacca3b50822ab86d1,fd,"ddepart,iremplpar",27856,True,True,True,valid
cand_e71b72f05a4a06de7693,fd,"ddepart,iriders",27857,True,True,True,valid
cand_ac5cc7966f21a92958c8,fd,"ddepart,irlabor",27858,True,True,True,valid
cand_53a4064958d86da7951d,fd,"ddepart,irownchld",27859,True,False,False,payload-null
cand_4bd2416f23094dceb6cf,fd,"ddepart,drpincome",27860,True,False,False,payload-null
cand_eb79c79629c1ff5e978b,fd,"ddepart,irpob",27861,True,True,True,valid
cand_5ac62d578c5b02883be8,fd,"ddepart,irrelchld",27862,True,False,False,payload-null
cand_a10ba679ebb5ed4962ca,fd,"ddepart,irspouse",27863,True,True,True,valid
cand_f53c3b9522725a98f265,fd,"ddepart,irvetserv",27864,True,False,False,payload-null
cand_cbd57200e0f1dcfb4153,fd,"ddepart,ischool",27865,True,True,True,valid
cand_90b7737dd0515aa559d5,fd,"ddepart,isept80",27866,True,False,False,payload-null
cand_11510a406a9f2be34782,fd,"ddepart,isex",27867,True,False,False,payload-null
cand_f0b568940268eaffea0c,fd,"ddepart,isubfam1",27868,True,False,False,payload-null
cand_a616a72ce799f1c921d2,fd,"ddepart,isubfam2",27869,True,True,True,valid
cand_5c8e51b4355cdab555af,fd,"ddepart,itmpabsnt",27870,True,True,True,valid
cand_8ce02116d902874d8932,fd,"ddepart,dtravtime",27871,True,True,True,valid
cand_0199b4297987207aaa66,fd,"ddepart,ivietnam",27872,True,False,False,payload-null
cand_b1503808748b09eb78ac,fd,"ddepart,dweek89",27873,True,False,False,payload-null
cand_1d8418946f7692aa11da,fd,"ddepart,iwork89",27874,True,True,True,valid
cand_14c5e27fca7981addc58,fd,"ddepart,iworklwk",27875,True,False,False,payload-null
cand_f3809582089f74bf25e5,fd,"ddepart,iwwii",27876,True,False,False,payload-null
cand_7ba2ba8deaed84f7dce8,fd,"ddepart,iyearsch",27877,True,True,True,valid
cand_d79e29a02ee5a975af2d,fd,"ddepart,iyearwrk",27878,True,True,True,valid
cand_db4e8e2167a6ffd17202,fd,"ddepart,dyrsserv",27879,True,False,False,payload-null
cand_d5e8a1cee1dff6e86d50,fd,"idisabl1,idisabl2",27880,True,True,True,valid
cand_41f7b0d80315637c5ef9,fd,"idisabl1,ienglish",27881,True,False,False,payload-null
cand_2c3a3860b3c2dbcb1eaf,fd,"idisabl1,ifeb55",27882,True,True,True,valid
cand_1190627983cbaac27295,fd,"idisabl1,ifertil",27883,True,False,False,payload-null
cand_1d07ec86fbea49124ab4,fd,"idisabl1,dhispanic",27884,True,False,False,payload-null
cand_77279d1bb79bbfca5501,fd,"idisabl1,dhours",27885,True,True,True,valid
cand_13b337a35e04cb4307da,fd,"idisabl1,iimmigr",27886,True,False,False,payload-null
cand_20e994cc6a667d38ce43,fd,"idisabl1,dincome1",27887,True,True,True,valid
cand_f155039f4c26831490ee,fd,"idisabl1,dincome2",27888,True,True,True,valid
cand_80d7afcd990d885f0b99,fd,"idisabl1,dincome3",27889,True,True,True,valid
cand_aa526ce108fe8547f44c,fd,"idisabl1,dincome4",27890,True,False,False,payload-null
cand_c6d0b210b805c3538049,fd,"idisabl1,dincome5",27891,True,False,False,payload-null
cand_74370b20441df2dee8b9,fd,"idisabl1,dincome6",27892,True,False,False,payload-null
cand_8cebcc4999665aa40d72,fd,"idisabl1,dincome7",27893,True,False,False,payload-null
cand_ecbaa1566e9ca0173cd2,fd,"idisabl1,dincome8",27894,True,False,False,payload-null
cand_6108222bc39e7ee6b6bd,fd,"idisabl1,dindustry",27895,True,True,True,valid
cand_3a3c660b90a1591ca7ae,fd,"idisabl1,ikorean",27896,True,True,True,valid
cand_681e792be3f80d9a7d67,fd,"idisabl1,ilooking",27897,True,True,True,valid
cand_2e9adc4d69b929a305e4,fd,"idisabl1,imarital",27898,True,False,False,payload-null
cand_ddc460604453c258ce3e,fd,"idisabl1,imay75880",27899,True,True,True,valid
cand_2ab33200847260e52c80,fd,"idisabl1,imeans",27900,True,True,True,valid
cand_9f9c7df5f452ea0dad80,fd,"idisabl1,imilitary",27901,True,True,True,valid
cand_5680f98c269619e4163a,fd,"idisabl1,imobility",27902,True,True,True,valid
cand_307d9eecbcb8ce5012d0,fd,"idisabl1,imobillim",27903,True,True,True,valid
cand_c5a5ff187cf848901de8,fd,"idisabl1,doccup",27904,True,True,True,valid
cand_d0625a070d697d51321d,fd,"idisabl1,iothrserv",27905,True,True,True,valid
cand_7fb4487bf781e1d501ad,fd,"idisabl1,iperscare",27906,True,True,True,valid
cand_5df46d1e323d8fb245ab,fd,"idisabl1,dpob",27907,True,False,False,payload-null
cand_a776c789896dd389676b,fd,"idisabl1,dpoverty",27908,True,False,False,payload-null
cand_1d4761992a9310b4287e,fd,"idisabl1,dpwgt1",27909,True,False,False,payload-null
cand_489f450a5818362e1397,fd,"idisabl1,iragechld",27910,True,False,False,payload-null
cand_733a659c91bf6e1a2576,fd,"idisabl1,drearning",27911,True,True,True,valid
cand_611edb447cc7329519e8,fd,"idisabl1,irelat1",27912,True,False,False,payload-null
cand_c6a37992bc4ef7d11fa3,fd,"idisabl1,irelat2",27913,True,True,True,valid
cand_e31176bcb1a9caa21a1d,fd,"idisabl1,iremplpar",27914,True,False,False,payload-null
cand_af737e0f35bea4eef65d,fd,"idisabl1,iriders",27915,True,True,True,valid
cand_b6461a25263093bd9feb,fd,"idisabl1,irlabor",27916,True,True,True,valid
cand_33f720f4064a05c0e71a,fd,"idisabl1,irownchld",27917,True,False,False,payload-null
cand_07cae9ed1af59af1c882,fd,"idisabl1,drpincome",27918,True,False,False,payload-null
cand_2266b9cacdafdc16aa7d,fd,"idisabl1,irpob",27919,True,True,True,valid
cand_35662faa177aac0ecb51,fd,"idisabl1,irrelchld",27920,True,False,False,payload-null
cand_c0ec5664189bb94858ac,fd,"idisabl1,irspouse",27921,True,True,True,valid
cand_b654917100dc68487715,fd,"idisabl1,irvetserv",27922,True,True,True,valid
cand_8725a096c323977b9101,fd,"idisabl1,ischool",27923,True,True,True,valid
cand_a80bc0b9a8519bc511a0,fd,"idisabl1,isept80",27924,True,True,True,valid
cand_6df4495dd12e28e01f2a,fd,"idisabl1,isex",27925,True,False,False,payload-null
cand_ba131995092a92eb307e,fd,"idisabl1,isubfam1",27926,True,False,False,payload-null
cand_d396646073cb91b3b3b6,fd,"idisabl1,isubfam2",27927,True,True,True,valid
cand_7f17dc67e0e15887e8c6,fd,"idisabl1,itmpabsnt",27928,True,True,True,valid
cand_eee3cf6f38f067e0b8f4,fd,"idisabl1,dtravtime",27929,True,True,True,valid
cand_fdb0466476d356cf5cda,fd,"idisabl1,ivietnam",27930,True,True,True,valid
cand_dae3d2e555186989f499,fd,"idisabl1,dweek89",27931,True,True,True,valid
cand_4a0005d8f58bbadb4250,fd,"idisabl1,iwork89",27932,True,True,True,valid
cand_3bcd254016b156a54cc4,fd,"idisabl1,iworklwk",27933,True,False,False,payload-null
cand_cff30729b4a317abf0a6,fd,"idisabl1,iwwii",27934,True,True,True,valid
cand_b160bd3d238315f041cc,fd,"idisabl1,iyearsch",27935,True,True,True,valid
cand_695b74b87b91f5090638,fd,"idisabl1,iyearwrk",27936,True,True,True,valid
cand_165b10c7d8ac21d68f2e,fd,"idisabl1,dyrsserv",27937,True,True,True,valid
cand_0db9e1a97582281f3e22,fd,"idisabl2,ienglish",27938,True,False,False,payload-null
cand_3472f92afa4f814d217c,fd,"idisabl2,ifeb55",27939,True,True,True,valid
cand_59ec7ad87bf493ddc290,fd,"idisabl2,ifertil",27940,True,False,False,payload-null
cand_f9ad7aced2a8eca86f6a,fd,"idisabl2,dhispanic",27941,True,False,False,payload-null
cand_d3c6d6cf3c2dc86cfd1b,fd,"idisabl2,dhour89",27942,True,True,True,valid
cand_eabd062d4a2870f95c0f,fd,"idisabl2,dhours",27943,True,True,True,valid
cand_cc4cdc36c47d00dd87ba,fd,"idisabl2,iimmigr",27944,True,False,False,payload-null
cand_ff462947716df2287cd4,fd,"idisabl2,dincome1",27945,True,True,True,valid
cand_9f38d0f98a650d941729,fd,"idisabl2,dincome2",27946,True,True,True,valid
cand_a06b5d9f9ab921d13565,fd,"idisabl2,dincome3",27947,True,True,True,valid
cand_c09ad09bf22fe661dd18,fd,"idisabl2,dincome4",27948,True,False,False,payload-null
cand_91b04db20dbebc65d8bf,fd,"idisabl2,dincome5",27949,True,False,False,payload-null
cand_d8d3e7f2bc8e483240ec,fd,"idisabl2,dincome6",27950,True,False,False,payload-null
cand_0c463c824ecf6cfbe2bf,fd,"idisabl2,dincome7",27951,True,False,False,payload-null
cand_72300ad6f38422bd9aa0,fd,"idisabl2,dincome8",27952,True,False,False,payload-null
cand_5c4aa01758d5316ff91e,fd,"idisabl2,dindustry",27953,True,True,True,valid
cand_9604eaeaec2bad3636ba,fd,"idisabl2,ikorean",27954,True,True,True,valid
cand_95e50e9e1fd9e41f2aa7,fd,"idisabl2,ilang1",27955,True,True,True,valid
cand_72fef0456c90c2583ef4,fd,"idisabl2,ilooking",27956,True,True,True,valid
cand_b2ee305563a3fd3b710e,fd,"idisabl2,imarital",27957,True,False,False,payload-null
cand_87257e2f39b2c2e2d45f,fd,"idisabl2,imay75880",27958,True,True,True,valid
cand_89591c295cbbb9dfa88a,fd,"idisabl2,imeans",27959,True,True,True,valid
cand_ec5661f1922846ed617e,fd,"idisabl2,imilitary",27960,True,True,True,valid
cand_0b0d848caeff4ba15700,fd,"idisabl2,imobility",27961,True,True,True,valid
cand_6f700fab4ef2b5fec192,fd,"idisabl2,imobillim",27962,True,True,True,valid
cand_d52a2ebe45127519ab7e,fd,"idisabl2,doccup",27963,True,True,True,valid
cand_de4141315bbdb45e51f2,fd,"idisabl2,iothrserv",27964,True,True,True,valid
cand_e15ab358b19961024bc8,fd,"idisabl2,iperscare",27965,True,True,True,valid
cand_dd556926fc143a1441d4,fd,"idisabl2,dpob",27966,True,False,False,payload-null
cand_e5e937ae5c4aec006df3,fd,"idisabl2,dpoverty",27967,True,False,False,payload-null
cand_994746f60bcde7f0b4ed,fd,"idisabl2,dpwgt1",27968,True,False,False,payload-null
cand_32042e6aa3f120b1e762,fd,"idisabl2,iragechld",27969,True,False,False,payload-null
cand_870a91dcc8fe59fe59c3,fd,"idisabl2,drearning",27970,True,True,True,valid
cand_95c88a53658dfe5f68c1,fd,"idisabl2,irelat1",27971,True,False,False,payload-null
cand_a1bea309ee4debe0db3b,fd,"idisabl2,irelat2",27972,True,True,True,valid
cand_d70418a62d4407ba5ad6,fd,"idisabl2,iremplpar",27973,True,False,False,payload-null
cand_a6036f0c6b1c7420be07,fd,"idisabl2,iriders",27974,True,True,True,valid
cand_dbd248a50111252590c2,fd,"idisabl2,irlabor",27975,True,True,True,valid
cand_e31c747b84d752c19c14,fd,"idisabl2,irownchld",27976,True,False,False,payload-null
cand_56283e8c0776922e4728,fd,"idisabl2,drpincome",27977,True,True,True,valid
cand_08a41604fbb0062e5cb7,fd,"idisabl2,irpob",27978,True,True,True,valid
cand_f29ff9a8dcd666c6e90a,fd,"idisabl2,irrelchld",27979,True,False,False,payload-null
cand_d2f697628599e93e7eb6,fd,"idisabl2,irspouse",27980,True,True,True,valid
cand_dcfd0153bd7e8c29b47f,fd,"idisabl2,irvetserv",27981,True,True,True,valid
cand_14703f7e8ae0061858a0,fd,"idisabl2,ischool",27982,True,True,True,valid
cand_cb39e8c658dd6f756c37,fd,"idisabl2,isept80",27983,True,True,True,valid
cand_aa84441361e7e364bd2e,fd,"idisabl2,isex",27984,True,False,False,payload-null
cand_1cc69ba205a23a4decb8,fd,"idisabl2,isubfam1",27985,True,False,False,payload-null
cand_1ab2cf1e951aba5a8317,fd,"idisabl2,isubfam2",27986,True,True,True,valid
cand_844fee1aff1e498bddbc,fd,"idisabl2,itmpabsnt",27987,True,True,True,valid
cand_c0ddc20cd51ebecdf721,fd,"idisabl2,dtravtime",27988,True,True,True,valid
cand_ae8616a72d6bfbce5a5f,fd,"idisabl2,ivietnam",27989,True,True,True,valid
cand_8d362d8c95792d19909a,fd,"idisabl2,dweek89",27990,True,True,True,valid
cand_30af8cbbad52fc49cb82,fd,"idisabl2,iwork89",27991,True,True,True,valid
cand_f17aa03b8a0ef58372d1,fd,"idisabl2,iworklwk",27992,True,False,False,payload-null
cand_75b91f056e400210283d,fd,"idisabl2,iwwii",27993,True,True,True,valid
cand_c29d348f7e3ce8baf188,fd,"idisabl2,iyearsch",27994,True,True,True,valid
cand_73c5a3ecedb56028b54d,fd,"idisabl2,iyearwrk",27995,True,True,True,valid
cand_62418d158fb711b3b809,fd,"idisabl2,dyrsserv",27996,True,True,True,valid
cand_cbe9ed948b76685638e9,fd,"ienglish,ifeb55",27997,True,True,True,valid
cand_10066cd83c1b1f990413,fd,"ienglish,ifertil",27998,True,False,False,payload-null
cand_a5c58faf34ced89364ad,fd,"ienglish,dhispanic",27999,True,False,False,payload-null
cand_df4e5019d7da30f280b3,fd,"ienglish,dhour89",28000,True,False,False,payload-null
cand_ad4710001083905f2a9d,fd,"ienglish,dhours",28001,True,False,False,payload-null
cand_b55ea42b6e136a06bc9e,fd,"ienglish,iimmigr",28002,True,False,False,payload-null
cand_465d16da6f748663cf1e,fd,"ienglish,dincome1",28003,True,False,False,payload-null
cand_8191aee9b9955a0618f2,fd,"ienglish,dincome2",28004,True,False,False,payload-null
cand_e5f35780041707be7a5e,fd,"ienglish,dincome3",28005,True,True,True,valid
cand_f2c84c479d8889337a6f,fd,"ienglish,dincome4",28006,True,False,False,payload-null
cand_81e1d9b7d07267adf0b4,fd,"ienglish,dincome5",28007,True,False,False,payload-null
cand_952fbae493078a382a45,fd,"ienglish,dincome6",28008,True,False,False,payload-null
cand_cc1874e8f3c6564a1e6d,fd,"ienglish,dincome7",28009,True,False,False,payload-null
cand_b921f43b81eb7a3f2bb8,fd,"ienglish,dincome8",28010,True,False,False,payload-null
cand_6da44d7e02f1ebf08d7d,fd,"ienglish,dindustry",28011,True,False,False,payload-null
cand_39831f3233e8ed286440,fd,"ienglish,ikorean",28012,True,True,True,valid
cand_1d9ab26f2b296430af1b,fd,"ienglish,ilang1",28013,True,True,True,valid
cand_dbec417335c1830a1b21,fd,"ienglish,ilooking",28014,True,False,False,payload-null
cand_b1291810f3be43f28148,fd,"ienglish,imarital",28015,True,False,False,payload-null
cand_dd40abd29221b949d891,fd,"ienglish,imay75880",28016,True,True,True,valid
cand_24def0241d9537be9b2b,fd,"ienglish,imeans",28017,True,True,True,valid
cand_e91c0ba229b8f509b4c4,fd,"ienglish,imilitary",28018,True,False,False,payload-null
cand_fb9c74a8e3182a9d97b7,fd,"ienglish,imobility",28019,True,True,True,valid
cand_e079409a1ad5a3ecc022,fd,"ienglish,imobillim",28020,True,False,False,payload-null
cand_4ecd868d984a1bb5745e,fd,"ienglish,doccup",28021,True,False,False,payload-null
cand_ba53a81d34f4db16e7c1,fd,"ienglish,iothrserv",28022,True,True,True,valid
cand_317f89c29fb5fe1ccb4d,fd,"ienglish,iperscare",28023,True,False,False,payload-null
cand_bbc452e2d79ecdd3df91,fd,"ienglish,dpob",28024,True,False,False,payload-null
cand_0f790a0362d004c77394,fd,"ienglish,dpoverty",28025,True,False,False,payload-null
cand_2107f34dab5311ffa40e,fd,"ienglish,dpwgt1",28026,True,False,False,payload-null
cand_2896a205cfa7f730d30b,fd,"ienglish,iragechld",28027,True,False,False,payload-null
cand_1d7994566d03d4461118,fd,"ienglish,drearning",28028,True,False,False,payload-null
cand_0519a64b9b130571c19a,fd,"ienglish,irelat1",28029,True,False,False,payload-null
cand_ee0bbb8e7fa2ccf26805,fd,"ienglish,irelat2",28030,True,False,False,payload-null
cand_a6295a1afb83195f59c7,fd,"ienglish,iremplpar",28031,True,False,False,payload-null
cand_6c821c225011052914b3,fd,"ienglish,irlabor",28032,True,True,True,valid
cand_84df442527824107c3ba,fd,"ienglish,irownchld",28033,True,False,False,payload-null
cand_4a329bf8ac469d185fff,fd,"ienglish,drpincome",28034,True,False,False,payload-null
cand_7e2bedcc04ad2221bf72,fd,"ienglish,irpob",28035,True,True,True,valid
cand_db6fc5519be16b362373,fd,"ienglish,irrelchld",28036,True,False,False,payload-null
cand_85d8c0ea037e7853fab3,fd,"ienglish,irspouse",28037,True,False,False,payload-null
cand_60866139b205e9e104c7,fd,"ienglish,irvetserv",28038,True,True,True,valid
cand_26193db7289917f872ac,fd,"ienglish,ischool",28039,True,True,True,valid
cand_68195c184bba0ca48da0,fd,"ienglish,isept80",28040,True,True,True,valid
cand_62c351bb308d11a0fb6e,fd,"ienglish,isex",28041,True,False,False,payload-null
cand_4bfa520a1bfc9eafc0bd,fd,"ienglish,isubfam1",28042,True,False,False,payload-null
cand_cc446434a26b8b89c460,fd,"ienglish,isubfam2",28043,True,True,True,valid
cand_3bec755ec65727fc6404,fd,"ienglish,itmpabsnt",28044,True,False,False,payload-null
cand_1861d330d06c1b941799,fd,"ienglish,dtravtime",28045,True,False,False,payload-null
cand_fcd956e2f5db74d243ba,fd,"ienglish,ivietnam",28046,True,False,False,payload-null
cand_33d3bd32117557bd9e90,fd,"ienglish,dweek89",28047,True,False,False,payload-null
cand_a455bb26e4e3b3d2fd54,fd,"ienglish,iwork89",28048,True,False,False,payload-null
cand_11a2e466f250f44b6c5c,fd,"ienglish,iworklwk",28049,True,False,False,payload-null
cand_17aea8856a1b2e1f99ec,fd,"ienglish,iwwii",28050,True,True,True,valid
cand_6fbcff69da57af2fb700,fd,"ienglish,iyearsch",28051,True,True,True,valid
cand_1c4cde2ca48c00b65fd2,fd,"ienglish,iyearwrk",28052,True,False,False,payload-null
cand_7df6a201219bda9aaf8c,fd,"ienglish,dyrsserv",28053,True,False,False,payload-null
cand_152edc917c4c4bc9a205,fd,"ifeb55,ifertil",28054,True,True,True,valid
cand_3d51aad6cf8423442f4b,fd,"ifeb55,dhispanic",28055,True,True,True,valid
cand_ac0665ed67e5473f61d7,fd,"ifeb55,dhour89",28056,True,False,False,payload-null
cand_c47bda07a806ba3cd7c7,fd,"ifeb55,dhours",28057,True,False,False,payload-null
cand_d56e2a2dfbf62307dd39,fd,"ifeb55,iimmigr",28058,True,True,True,valid
cand_6a6ec5896a7ed5d3abd0,fd,"ifeb55,dincome1",28059,True,False,False,payload-null
cand_6c810ccbfd11aa97de24,fd,"ifeb55,dincome2",28060,True,False,False,payload-null
cand_fa3baef40846e380f4d5,fd,"ifeb55,dincome3",28061,True,False,False,payload-null
cand_663d5342c3580869d256,fd,"ifeb55,dincome4",28062,True,False,False,payload-null
cand_c37489a18fb39be2a078,fd,"ifeb55,dincome5",28063,True,False,False,payload-null
cand_9fafac4b89b207cc9cee,fd,"ifeb55,dincome6",28064,True,False,False,payload-null
cand_7dc9df3a22ec0db581fa,fd,"ifeb55,dincome7",28065,True,False,False,payload-null
cand_c7b92595ebd62bd87517,fd,"ifeb55,dincome8",28066,True,False,False,payload-null
cand_bc74cb50af9d9e00907e,fd,"ifeb55,dindustry",28067,True,False,False,payload-null
cand_81d95c542968650ab07e,fd,"ifeb55,ikorean",28068,True,False,False,payload-null
cand_ef9387207d8a14d249c3,fd,"ifeb55,ilang1",28069,True,True,True,valid
cand_00190f24737d404b36e7,fd,"ifeb55,ilooking",28070,True,False,False,payload-null
cand_e6f34e0e811227823ea2,fd,"ifeb55,imarital",28071,True,False,False,payload-null
cand_60b0e3b40275b55f152f,fd,"ifeb55,imay75880",28072,True,False,False,payload-null
cand_bf7a719040281a3b16e6,fd,"ifeb55,imeans",28073,True,True,True,valid
cand_3dca1704d64f9f9cabe6,fd,"ifeb55,imilitary",28074,True,True,True,valid
cand_4c399cb8f877e42f361b,fd,"ifeb55,imobility",28075,True,True,True,valid
cand_11ea93cbba14406f5565,fd,"ifeb55,imobillim",28076,True,True,True,valid
cand_1246864890ad66aed08e,fd,"ifeb55,doccup",28077,True,True,True,valid
cand_8cea5ec601388925db50,fd,"ifeb55,iothrserv",28078,True,False,False,payload-null
cand_773d2dbb727b6fa90dc6,fd,"ifeb55,iperscare",28079,True,True,True,valid
cand_96618210f4f7f3784311,fd,"ifeb55,dpob",28080,True,True,True,valid
cand_a7eee4662a00c1c85ae1,fd,"ifeb55,dpoverty",28081,True,False,False,payload-null
cand_5d2dea062665f9559eb1,fd,"ifeb55,dpwgt1",28082,True,False,False,payload-null
cand_10c670fb71ebafeb81e5,fd,"ifeb55,iragechld",28083,True,True,True,valid
cand_c76a11e590f180274bcc,fd,"ifeb55,drearning",28084,True,False,False,payload-null
cand_40fe804c3d94eab7bd41,fd,"ifeb55,irelat1",28085,True,True,True,valid
cand_045bfee9278652dcf3e1,fd,"ifeb55,irelat2",28086,True,True,True,valid
cand_0448f908ffe75e7232ea,fd,"ifeb55,iremplpar",28087,True,True,True,valid
cand_84cefd2acb04d795ef26,fd,"ifeb55,iriders",28088,True,True,True,valid
cand_3fff59a456df5230e03c,fd,"ifeb55,irlabor",28089,True,True,True,valid
cand_146c8ccc5d4e58e58d29,fd,"ifeb55,irownchld",28090,True,True,True,valid
cand_c1b6964a4ab880f1170d,fd,"ifeb55,drpincome",28091,True,False,False,payload-null
cand_9a96c1f3fd2939ed5277,fd,"ifeb55,irpob",28092,True,True,True,valid
cand_7032c951eb526d124278,fd,"ifeb55,irrelchld",28093,True,True,True,valid
cand_9347ac11a430aa779b08,fd,"ifeb55,irspouse",28094,True,True,True,valid
cand_f101ada4c33944976200,fd,"ifeb55,irvetserv",28095,True,True,True,valid
cand_775a5fb221323290832f,fd,"ifeb55,ischool",28096,True,True,True,valid
cand_097dcaad9a0d500b5604,fd,"ifeb55,isept80",28097,True,False,False,payload-null
cand_ee76731f8a0b2e237d4e,fd,"ifeb55,isex",28098,True,False,False,payload-null
cand_c37093b6f347db5bbacf,fd,"ifeb55,isubfam1",28099,True,True,True,valid
cand_32a7a300467328a172cd,fd,"ifeb55,isubfam2",28100,True,True,True,valid
cand_5f6e8cbf5904e66ec233,fd,"ifeb55,itmpabsnt",28101,True,False,False,payload-null
cand_6b37de7e8f2367966c43,fd,"ifeb55,dtravtime",28102,True,False,False,payload-null
cand_4f61fccf913cf0b9fc05,fd,"ifeb55,ivietnam",28103,True,False,False,payload-null
cand_cff2623951cc49eb542e,fd,"ifeb55,dweek89",28104,True,False,False,payload-null
cand_18f3f0fc89d83030e372,fd,"ifeb55,iwork89",28105,True,True,True,valid
cand_5a4f40a8ffc7085dcf02,fd,"ifeb55,iworklwk",28106,True,False,False,payload-null
cand_e69ee3727900a0987fd6,fd,"ifeb55,iwwii",28107,True,False,False,payload-null
cand_5b2f98d13344fe024ac1,fd,"ifeb55,iyearsch",28108,True,True,True,valid
cand_2e89bd567fd9c5c6f256,fd,"ifeb55,iyearwrk",28109,True,True,True,valid
cand_69e994a5ee339f30374b,fd,"ifeb55,dyrsserv",28110,True,True,True,valid
cand_d8db27ac92ddae70b0df,fd,"ifertil,dhispanic",28111,True,True,True,valid
cand_97bd95439099695f842a,fd,"ifertil,dhour89",28112,True,False,False,payload-null
cand_a249a919af7a2a718eae,fd,"ifertil,dhours",28113,True,False,False,payload-null
cand_b080552c675762bbf30b,fd,"ifertil,iimmigr",28114,True,False,False,payload-null
cand_3b08df8ec8c0db0baafc,fd,"ifertil,dincome1",28115,True,False,False,payload-null
cand_79a617b4c12d3c79826e,fd,"ifertil,dincome2",28116,True,True,True,valid
cand_6c06997e0524dcd2d863,fd,"ifertil,dincome3",28117,True,True,True,valid
cand_5b06ef3981b76f2c4303,fd,"ifertil,dincome4",28118,True,False,False,payload-null
cand_ea32c39451557664b124,fd,"ifertil,dincome5",28119,True,False,False,payload-null
cand_0a4b28c85c7b0577dff2,fd,"ifertil,dincome6",28120,True,False,False,payload-null
cand_02d4058a50618f109377,fd,"ifertil,dincome7",28121,True,False,False,payload-null
cand_3b4791bdd61a435fa5ac,fd,"ifertil,dincome8",28122,True,True,True,valid
cand_6bee74bda14dbf09b1e6,fd,"ifertil,dindustry",28123,True,False,False,payload-null
cand_fd1dd023a6253dff6294,fd,"ifertil,ikorean",28124,True,True,True,valid
cand_43f69ad37b50bcdc907d,fd,"ifertil,ilang1",28125,True,True,True,valid
cand_195a4a6f99cff13c3588,fd,"ifertil,ilooking",28126,True,False,False,payload-null
cand_1586c2ab44dedd6a62d6,fd,"ifertil,imarital",28127,True,False,False,payload-null
cand_7014f1f8cbc0eaed0ec1,fd,"ifertil,imay75880",28128,True,True,True,valid
cand_2001af3aebc36d6b2132,fd,"ifertil,imeans",28129,True,True,True,valid
cand_9d5eec221b672c09604e,fd,"ifertil,imilitary",28130,True,True,True,valid
cand_abfdf7d9ec0e28d79930,fd,"ifertil,imobility",28131,True,True,True,valid
cand_ec9ca8d948830ad9a62c,fd,"ifertil,imobillim",28132,True,True,True,valid
cand_a80012d0fe955c332371,fd,"ifertil,doccup",28133,True,False,False,payload-null
cand_b1d9ca9cab20937ddcd8,fd,"ifertil,iothrserv",28134,True,True,True,valid
cand_035f10c6499c92090ec8,fd,"ifertil,iperscare",28135,True,True,True,valid
cand_6291e2786588e4787d84,fd,"ifertil,dpob",28136,True,False,False,payload-null
cand_008e2a1def0726c31d85,fd,"ifertil,dpoverty",28137,True,False,False,payload-null
cand_a675a11597a485a70f18,fd,"ifertil,dpwgt1",28138,True,False,False,payload-null
cand_b176c33242dcbd0243fe,fd,"ifertil,iragechld",28139,True,True,True,valid
cand_5e09b55ed45b53431d66,fd,"ifertil,drearning",28140,True,False,False,payload-null
cand_c98b319492b0426cd8fe,fd,"ifertil,irelat1",28141,True,False,False,payload-null
cand_3e233bc7c27c7fe457cd,fd,"ifertil,irelat2",28142,True,True,True,valid
cand_0fc83197c5ccd78a879f,fd,"ifertil,iremplpar",28143,True,True,True,valid
cand_b082c8ee52d01f1a2522,fd,"ifertil,iriders",28144,True,False,False,payload-null
cand_5aa0e8f00f91fda049f4,fd,"ifertil,irlabor",28145,True,True,True,valid
cand_49e57113c6e83fd34c1f,fd,"ifertil,irownchld",28146,True,True,True,valid
cand_413b469051b1405f468f,fd,"ifertil,drpincome",28147,True,False,False,payload-null
cand_fcd5a3baf61a1cd18e9c,fd,"ifertil,irpob",28148,True,True,True,valid
cand_5016c4611a472c3a2c61,fd,"ifertil,irrelchld",28149,True,True,True,valid
cand_267cc75517dd8d0ed3d0,fd,"ifertil,irspouse",28150,True,True,True,valid
cand_c3c0f4722a6dab100725,fd,"ifertil,irvetserv",28151,True,True,True,valid
cand_f5e7ae7e13b479ee5a63,fd,"ifertil,ischool",28152,True,True,True,valid
cand_45112392f221ab96e700,fd,"ifertil,isept80",28153,True,True,True,valid
cand_79d963f269bf69570711,fd,"ifertil,isex",28154,True,True,True,valid
cand_cf45535ab51ea3b6af74,fd,"ifertil,isubfam1",28155,True,True,True,valid
cand_4dc2c0906680e800910a,fd,"ifertil,isubfam2",28156,True,True,True,valid
cand_f195b826c256a26ba8b7,fd,"ifertil,itmpabsnt",28157,True,False,False,payload-null
cand_3b12c6a47547c0bde305,fd,"ifertil,dtravtime",28158,True,False,False,payload-null
cand_0aa8b68894021f799204,fd,"ifertil,ivietnam",28159,True,True,True,valid
cand_e878c3fc666cded9f09e,fd,"ifertil,dweek89",28160,True,False,False,payload-null
cand_82be48aceb08ad8cbc28,fd,"ifertil,iwork89",28161,True,False,False,payload-null
cand_0bdf07669c3362a97ca4,fd,"ifertil,iworklwk",28162,True,False,False,payload-null
cand_0e4651e1c8724b1ebd6e,fd,"ifertil,iwwii",28163,True,True,True,valid
cand_d19a5c0071070cba6e85,fd,"ifertil,iyearsch",28164,True,True,True,valid
cand_ac8c36771c8cce8127d6,fd,"ifertil,iyearwrk",28165,True,False,False,payload-null
cand_2bde12305226d747e8ae,fd,"ifertil,dyrsserv",28166,True,True,True,valid
cand_e79d38968425dd12c400,fd,"dhispanic,dhour89",28167,True,False,False,payload-null
cand_7a385fca0f9dc11a7259,fd,"dhispanic,dhours",28168,True,False,False,payload-null
cand_e7cd3bb99d55d458e73d,fd,"dhispanic,iimmigr",28169,True,False,False,payload-null
cand_4681a1e50ae30cf248d5,fd,"dhispanic,dincome1",28170,True,False,False,payload-null
cand_06046da4d9e973f52d56,fd,"dhispanic,dincome2",28171,True,True,True,valid
cand_ffe82fe7fc1c0a38e763,fd,"dhispanic,dincome3",28172,True,True,True,valid
cand_9299095b6b055e788eb2,fd,"dhispanic,dincome4",28173,True,False,False,payload-null
cand_605ada830d4798073ffb,fd,"dhispanic,dincome5",28174,True,False,False,payload-null
cand_395f177b2254fb9f98f4,fd,"dhispanic,dincome6",28175,True,False,False,payload-null
cand_041907e5e72b9f741e0f,fd,"dhispanic,dincome7",28176,True,True,True,valid
cand_825aafccb6bef0e71d87,fd,"dhispanic,dincome8",28177,True,True,True,valid
cand_0be4c9ec82e40051949b,fd,"dhispanic,dindustry",28178,True,False,False,payload-null
cand_ca0c844d55d0834b8cba,fd,"dhispanic,ikorean",28179,True,True,True,valid
cand_04288a71d94423bd8df0,fd,"dhispanic,ilang1",28180,True,False,False,payload-null
cand_bcef6c4b44c05994f9e6,fd,"dhispanic,ilooking",28181,True,False,False,payload-null
cand_32da194d7aac92b5e4f0,fd,"dhispanic,imarital",28182,True,False,False,payload-null
cand_800e58eb6d8dd8f82321,fd,"dhispanic,imay75880",28183,True,True,True,valid
cand_73a13fdebb264319b0bc,fd,"dhispanic,imeans",28184,True,True,True,valid
cand_8d477d2030b254b1e7b9,fd,"dhispanic,imilitary",28185,True,False,False,payload-null
cand_7a345ca513b3855be32b,fd,"dhispanic,imobility",28186,True,False,False,payload-null
cand_30c9e82782e00bc0dc21,fd,"dhispanic,imobillim",28187,True,False,False,payload-null
cand_d50874b11db38b74134c,fd,"dhispanic,doccup",28188,True,False,False,payload-null
cand_7715c594924dc94e8acd,fd,"dhispanic,iothrserv",28189,True,True,True,valid
cand_52f63d32ccf0d3b7de19,fd,"dhispanic,iperscare",28190,True,False,False,payload-null
cand_7e455bd087434de5ee41,fd,"dhispanic,dpob",28191,True,False,False,payload-null
cand_201ea9e2d69b4f59e0c6,fd,"dhispanic,dpoverty",28192,True,False,False,payload-null
cand_711c4825992626a2d0d2,fd,"dhispanic,dpwgt1",28193,True,False,False,payload-null
cand_da1a5fdd65c0a33fcac4,fd,"dhispanic,iragechld",28194,True,False,False,payload-null
cand_7c033474ba198887b8c8,fd,"dhispanic,drearning",28195,True,False,False,payload-null
cand_9d8a0f3b94c51c762fb5,fd,"dhispanic,irelat1",28196,True,False,False,payload-null
cand_d2d5fc2d82f10f2112d1,fd,"dhispanic,irelat2",28197,True,True,True,valid
cand_b87c6dd9e824d3fc5d33,fd,"dhispanic,iremplpar",28198,True,False,False,payload-null
cand_810a82fea72c512cd85e,fd,"dhispanic,iriders",28199,True,True,True,valid
cand_7119dfdcf2ec46de868c,fd,"dhispanic,irlabor",28200,True,True,True,valid
cand_dc4d2b0600255223ddd2,fd,"dhispanic,irownchld",28201,True,False,False,payload-null
cand_5b794f4e902cdf338b10,fd,"dhispanic,drpincome",28202,True,False,False,payload-null
cand_9ac2c45fbee2c9218f54,fd,"dhispanic,irpob",28203,True,True,True,valid
cand_7688518c7ec3e6bcacc4,fd,"dhispanic,irrelchld",28204,True,False,False,payload-null
cand_1dc175d0c9ce74c54325,fd,"dhispanic,irspouse",28205,True,False,False,payload-null
cand_f934672c7192c521e496,fd,"dhispanic,irvetserv",28206,True,True,True,valid
cand_25eb73910c8c6aff4133,fd,"dhispanic,ischool",28207,True,False,False,payload-null
cand_f4e5ed944acbfdc2d029,fd,"dhispanic,isept80",28208,True,True,True,valid
cand_613c75ace6755bc7ad92,fd,"dhispanic,isex",28209,True,False,False,payload-null
cand_e0da76e78163fb40eda6,fd,"dhispanic,isubfam1",28210,True,True,True,valid
cand_3a781e7afe7d0c7c14ab,fd,"dhispanic,isubfam2",28211,True,True,True,valid
cand_77b58fe4a1742e96355b,fd,"dhispanic,itmpabsnt",28212,True,False,False,payload-null
cand_f403cb65151d1ee4afc8,fd,"dhispanic,dtravtime",28213,True,False,False,payload-null
cand_b2459231d3ed2e75382f,fd,"dhispanic,ivietnam",28214,True,True,True,valid
cand_989518e18b0dd9e9a83c,fd,"dhispanic,dweek89",28215,True,False,False,payload-null
cand_c42cf6cd6ea41efdae87,fd,"dhispanic,iwork89",28216,True,False,False,payload-null
cand_da86eb302228816a79dc,fd,"dhispanic,iworklwk",28217,True,False,False,payload-null
cand_928ec4e08a158d26710a,fd,"dhispanic,iwwii",28218,True,True,True,valid
cand_781c8dfc3aa6dc4af485,fd,"dhispanic,iyearsch",28219,True,False,False,payload-null
cand_0654fa2af3e143bf13cd,fd,"dhispanic,iyearwrk",28220,True,False,False,payload-null
cand_a01b60c701a1873f4b9b,fd,"dhispanic,dyrsserv",28221,True,True,True,valid
cand_f8677c727ef57ae48cec,fd,"dhour89,dhours",28222,True,False,False,payload-null
cand_f1f0f964604d256aadbe,fd,"dhour89,iimmigr",28223,True,False,False,payload-null
cand_ff33d50be4a2f4816b4f,fd,"dhour89,dincome1",28224,True,False,False,payload-null
cand_0d4df83de113fbddf68a,fd,"dhour89,dincome2",28225,True,False,False,payload-null
cand_d830de1add8d5ec02a2f,fd,"dhour89,dincome3",28226,True,True,True,valid
cand_2498aee47da75e08a8cc,fd,"dhour89,dincome4",28227,True,False,False,payload-null
cand_35d5630231812094f144,fd,"dhour89,dincome5",28228,True,False,False,payload-null
cand_c5b7deb4538e19462ee1,fd,"dhour89,dincome6",28229,True,False,False,payload-null
cand_2b1825ae203227522462,fd,"dhour89,dincome7",28230,True,False,False,payload-null
cand_ed03f2349f95e2011d07,fd,"dhour89,dincome8",28231,True,False,False,payload-null
cand_ff4c7937cf1ba308f650,fd,"dhour89,dindustry",28232,True,True,True,valid
cand_0cfa9982963026302061,fd,"dhour89,ikorean",28233,True,False,False,payload-null
cand_a7de7ae71d2ad4582379,fd,"dhour89,ilang1",28234,True,True,True,valid
cand_f8b5e453e24754091dcc,fd,"dhour89,ilooking",28235,True,False,False,payload-null
cand_789e10b489e70fd1c2aa,fd,"dhour89,imarital",28236,True,False,False,payload-null
cand_b4bffa198d028a0d27ff,fd,"dhour89,imay75880",28237,True,False,False,payload-null
cand_2b557abd19ece8ef20b2,fd,"dhour89,imeans",28238,True,False,False,payload-null
cand_cd52aff73e48af5fa288,fd,"dhour89,imilitary",28239,True,True,True,valid
cand_76d0ca9866c48b1737f3,fd,"dhour89,imobility",28240,True,True,True,valid
cand_c1c7ac24c182e20a5093,fd,"dhour89,imobillim",28241,True,True,True,valid
cand_32fab06d1ace6d0e3a38,fd,"dhour89,doccup",28242,True,True,True,valid
cand_2455746be327a1825f44,fd,"dhour89,iothrserv",28243,True,True,True,valid
cand_68e369b0954e0d6fe8cd,fd,"dhour89,iperscare",28244,True,True,True,valid
cand_37c11329a82a87eeb6c0,fd,"dhour89,dpob",28245,True,False,False,payload-null
cand_2fb793ea843c399c85cd,fd,"dhour89,dpoverty",28246,True,False,False,payload-null
cand_d9aab3e42900dda6aef1,fd,"dhour89,dpwgt1",28247,True,False,False,payload-null
cand_9a630e2c30cccfa602fd,fd,"dhour89,iragechld",28248,True,False,False,payload-null
cand_651254edb2babc35e4fd,fd,"dhour89,drearning",28249,True,False,False,payload-null
cand_1eb33d523ff44e048128,fd,"dhour89,irelat1",28250,True,False,False,payload-null
cand_5de7ca96230464ae7af2,fd,"dhour89,irelat2",28251,True,True,True,valid
cand_780047eaaf61a022a07b,fd,"dhour89,iremplpar",28252,True,False,False,payload-null
cand_6f105f894d61b855c8a7,fd,"dhour89,iriders",28253,True,False,False,payload-null
cand_717b73601adf6a58d03b,fd,"dhour89,irlabor",28254,True,True,True,valid
cand_c5be772ac462c30c6c82,fd,"dhour89,irownchld",28255,True,False,False,payload-null
cand_d652083321fae1fc50da,fd,"dhour89,drpincome",28256,True,False,False,payload-null
cand_acda6bf7daf48dce5680,fd,"dhour89,irpob",28257,True,True,True,valid
cand_f2975d8d7b4d49250a48,fd,"dhour89,irrelchld",28258,True,False,False,payload-null
cand_fbda750e459d914383f6,fd,"dhour89,irspouse",28259,True,True,True,valid
cand_3aabe9e07e25384914e8,fd,"dhour89,irvetserv",28260,True,False,False,payload-null
cand_040e2645c35a6a9b7b6c,fd,"dhour89,ischool",28261,True,True,True,valid
cand_98edb6a7775bccb05a21,fd,"dhour89,isept80",28262,True,False,False,payload-null
cand_1a112550f059bca1af27,fd,"dhour89,isex",28263,True,False,False,payload-null
cand_81b85e69604c131d692e,fd,"dhour89,isubfam1",28264,True,False,False,payload-null
cand_e4082cff8eb15a0d29e1,fd,"dhour89,isubfam2",28265,True,True,True,valid
cand_b1db0173945a6fa786b5,fd,"dhour89,itmpabsnt",28266,True,False,False,payload-null
cand_85509257ef9c56121b3c,fd,"dhour89,dtravtime",28267,True,False,False,payload-null
cand_269dbdf1926dc93f7542,fd,"dhour89,ivietnam",28268,True,False,False,payload-null
cand_70d3c61d1c1af3792df9,fd,"dhour89,dweek89",28269,True,True,True,valid
cand_bbbea91f99a336b96084,fd,"dhour89,iwork89",28270,True,True,True,valid
cand_5c852e364655254df843,fd,"dhour89,iworklwk",28271,True,False,False,payload-null
cand_b2aba283fae546713049,fd,"dhour89,iwwii",28272,True,False,False,payload-null
cand_aad9d71c3beced932eac,fd,"dhour89,iyearsch",28273,True,True,True,valid
cand_561be284fb629327bd16,fd,"dhour89,iyearwrk",28274,True,True,True,valid
cand_60699d3b4aae4536e527,fd,"dhour89,dyrsserv",28275,True,False,False,payload-null
cand_6a386cec3e75613465dc,fd,"dhours,iimmigr",28276,True,False,False,payload-null
cand_bb97a3e2ef448271da6c,fd,"dhours,dincome1",28277,True,False,False,payload-null
cand_0b9da54eb3124ab9f358,fd,"dhours,dincome2",28278,True,False,False,payload-null
cand_93fc4d2c66003fc44dde,fd,"dhours,dincome3",28279,True,False,False,payload-null
cand_fd2b8cb110108f9bd99e,fd,"dhours,dincome4",28280,True,False,False,payload-null
cand_612e6e9179de50459b0c,fd,"dhours,dincome5",28281,True,False,False,payload-null
cand_11758a8257a896c36cc5,fd,"dhours,dincome6",28282,True,False,False,payload-null
cand_f182ff9a4188cc64a019,fd,"dhours,dincome7",28283,True,False,False,payload-null
cand_28bdc06de261f3a5d39f,fd,"dhours,dincome8",28284,True,False,False,payload-null
cand_e94f0af0637091ae9703,fd,"dhours,dindustry",28285,True,True,True,valid
cand_a747fe270f9dcc55bf1b,fd,"dhours,ikorean",28286,True,False,False,payload-null
cand_ead1bca0791dd5a11dc3,fd,"dhours,ilang1",28287,True,True,True,valid
cand_1c55c938028c95e971ef,fd,"dhours,ilooking",28288,True,True,True,valid
cand_51d2176d4f3cb26474e3,fd,"dhours,imarital",28289,True,False,False,payload-null
cand_cc708875b37dd37947ff,fd,"dhours,imay75880",28290,True,False,False,payload-null
cand_217a6ead21542f822eda,fd,"dhours,imeans",28291,True,True,True,valid
cand_b81f5e2d9003109ff36d,fd,"dhours,imilitary",28292,True,True,True,valid
cand_8803ebf084c189eb94f7,fd,"dhours,imobility",28293,True,True,True,valid
cand_844263013f6697d0e2cc,fd,"dhours,imobillim",28294,True,True,True,valid
cand_34483b03b011a4a54cac,fd,"dhours,doccup",28295,True,True,True,valid
cand_029b335487b778a6d439,fd,"dhours,iothrserv",28296,True,False,False,payload-null
cand_3cc3e92322244b541f2a,fd,"dhours,iperscare",28297,True,True,True,valid
cand_5fb99e26af3b3fc4a61a,fd,"dhours,dpob",28298,True,False,False,payload-null
cand_207238526df0c33a6b56,fd,"dhours,dpoverty",28299,True,False,False,payload-null
cand_cec1d6af8f70ca88f831,fd,"dhours,dpwgt1",28300,True,False,False,payload-null
cand_9a52bdfc7813dd7c9823,fd,"dhours,iragechld",28301,True,False,False,payload-null
cand_7e285c34aa3376c54952,fd,"dhours,drearning",28302,True,False,False,payload-null
cand_164f61a04ed5ec24eab6,fd,"dhours,irelat1",28303,True,True,True,valid
cand_5e66e2645f3972188620,fd,"dhours,irelat2",28304,True,True,True,valid
cand_22c2f577cf61d42adcbe,fd,"dhours,iremplpar",28305,True,False,False,payload-null
cand_7e7a37692d95cbf49ec5,fd,"dhours,iriders",28306,True,True,True,valid
cand_494e7701b58186d62d83,fd,"dhours,irownchld",28307,True,False,False,payload-null
cand_ba2a90bbb00b464dbafd,fd,"dhours,drpincome",28308,True,False,False,payload-null
cand_aa7aef7e2bd8d9853860,fd,"dhours,irpob",28309,True,True,True,valid
cand_173b298086dc382aca77,fd,"dhours,irrelchld",28310,True,False,False,payload-null
cand_56c2c6a42509ad880067,fd,"dhours,irspouse",28311,True,True,True,valid
cand_3748ba91e5bc833e82d0,fd,"dhours,irvetserv",28312,True,False,False,payload-null
cand_800c0719ee4c2e22c702,fd,"dhours,ischool",28313,True,True,True,valid
cand_740c3ffa2fd40940f340,fd,"dhours,isept80",28314,True,False,False,payload-null
cand_51c93b7a104ce1283ab2,fd,"dhours,isex",28315,True,False,False,payload-null
cand_e2b01e64974ea8d0cb02,fd,"dhours,isubfam1",28316,True,False,False,payload-null
cand_05cd2263d727e823a276,fd,"dhours,isubfam2",28317,True,True,True,valid
cand_b3fd682eb9571df150e1,fd,"dhours,itmpabsnt",28318,True,True,True,valid
cand_13dff5b3e55b0f0c2262,fd,"dhours,dtravtime",28319,True,True,True,valid
cand_000879416226d72d7a24,fd,"dhours,ivietnam",28320,True,False,False,payload-null
cand_2683c301407efdaadbd1,fd,"dhours,dweek89",28321,True,False,False,payload-null
cand_863df2d525598952ce0b,fd,"dhours,iwork89",28322,True,True,True,valid
cand_dc1c995ab96a6914eb24,fd,"dhours,iworklwk",28323,True,False,False,payload-null
cand_cce81ea0b2e1de28dea9,fd,"dhours,iwwii",28324,True,False,False,payload-null
cand_f3bdf30990c9e4f2bb59,fd,"dhours,iyearsch",28325,True,True,True,valid
cand_3b1f1c4867818030ce4d,fd,"dhours,iyearwrk",28326,True,True,True,valid
cand_e860e66fc28803c165b7,fd,"dhours,dyrsserv",28327,True,False,False,payload-null
cand_e5c401c556a5a7431dfd,fd,"iimmigr,dincome1",28328,True,False,False,payload-null
cand_0b4d136baa531f585d09,fd,"iimmigr,dincome2",28329,True,False,False,payload-null
cand_c0eb3733ba99c7768615,fd,"iimmigr,dincome3",28330,True,True,True,valid
cand_074c53d0b91715dd7ff0,fd,"iimmigr,dincome4",28331,True,False,False,payload-null
cand_eb912c64264a14021dd6,fd,"iimmigr,dincome5",28332,True,False,False,payload-null
cand_7a51b3db6149129bff22,fd,"iimmigr,dincome6",28333,True,False,False,payload-null
cand_39ad3b96e4722ff5c9b6,fd,"iimmigr,dincome7",28334,True,False,False,payload-null
cand_1dee57a23d769237b809,fd,"iimmigr,dincome8",28335,True,False,False,payload-null
cand_2710f5157d47bc71518a,fd,"iimmigr,dindustry",28336,True,False,False,payload-null
cand_c033c3d18f636305aca2,fd,"iimmigr,ikorean",28337,True,True,True,valid
cand_c6e8b8099881d3206b24,fd,"iimmigr,ilang1",28338,True,False,False,payload-null
cand_4ee0379e2b7d7a83eb34,fd,"iimmigr,ilooking",28339,True,False,False,payload-null
cand_dc4581d508df9bf8c819,fd,"iimmigr,imarital",28340,True,False,False,payload-null
cand_a7471648fcdaecfe9599,fd,"iimmigr,imay75880",28341,True,True,True,valid
cand_8b9af45cc3a7ee9f21c2,fd,"iimmigr,imeans",28342,True,True,True,valid
cand_9507df97360bed620669,fd,"iimmigr,imilitary",28343,True,False,False,payload-null
cand_ae98c36bff7abce0cab0,fd,"iimmigr,imobility",28344,True,False,False,payload-null
cand_adbc92519ee97dfc8827,fd,"iimmigr,imobillim",28345,True,False,False,payload-null
cand_2da1bd13b22c4ec3833b,fd,"iimmigr,doccup",28346,True,False,False,payload-null
cand_763899d0af90f9d69ff2,fd,"iimmigr,iothrserv",28347,True,True,True,valid
cand_7ebd8d28f3abefb7210e,fd,"iimmigr,iperscare",28348,True,False,False,payload-null
cand_4ccccf38d4c0b8e45136,fd,"iimmigr,dpob",28349,True,True,True,valid
cand_99569826bbdef2e2eec3,fd,"iimmigr,dpoverty",28350,True,False,False,payload-null
cand_c862d6e6ceb7a8bf37f5,fd,"iimmigr,dpwgt1",28351,True,False,False,payload-null
cand_24948b45465b6e4ce216,fd,"iimmigr,iragechld",28352,True,False,False,payload-null
cand_1416e0840b3eda888419,fd,"iimmigr,drearning",28353,True,False,False,payload-null
cand_19d1be0fe9be984487f0,fd,"iimmigr,irelat1",28354,True,False,False,payload-null
cand_85e6ef06d7148d4763d3,fd,"iimmigr,irelat2",28355,True,False,False,payload-null
cand_7b867452d7a96b313cdd,fd,"iimmigr,iremplpar",28356,True,True,True,valid
cand_c365c4a1745ba677289c,fd,"iimmigr,iriders",28357,True,False,False,payload-null
cand_d6c352d6fff6641d85e2,fd,"iimmigr,irlabor",28358,True,True,True,valid
cand_e839b976d819db7f42c0,fd,"iimmigr,irownchld",28359,True,True,True,valid
cand_8d2fa5cac207d0fb35cd,fd,"iimmigr,drpincome",28360,True,False,False,payload-null
cand_28f5a99857a0d459fa6a,fd,"iimmigr,irpob",28361,True,True,True,valid
cand_4885629ece2dbca85f2c,fd,"iimmigr,irrelchld",28362,True,True,True,valid
cand_2414678d0c54cf3b5994,fd,"iimmigr,irspouse",28363,True,False,False,payload-null
cand_5a09ff97644449480b79,fd,"iimmigr,irvetserv",28364,True,True,True,valid
cand_d6a86791cb9d23b36d1c,fd,"iimmigr,ischool",28365,True,False,False,payload-null
cand_356d4a5f82d9a20a66b3,fd,"iimmigr,isept80",28366,True,False,False,payload-null
cand_5b937f6615c1e44044b1,fd,"iimmigr,isex",28367,True,False,False,payload-null
cand_325e584afa3c7828201c,fd,"iimmigr,isubfam1",28368,True,True,True,valid
cand_953da31c63579c23255a,fd,"iimmigr,isubfam2",28369,True,True,True,valid
cand_6d14c108fc97cf68f657,fd,"iimmigr,itmpabsnt",28370,True,False,False,payload-null
cand_1786dd825a30513ea943,fd,"iimmigr,dtravtime",28371,True,False,False,payload-null
cand_4b6efbbf0d2753f3046e,fd,"iimmigr,ivietnam",28372,True,True,True,valid
cand_7f15a1c63cb709a23286,fd,"iimmigr,dweek89",28373,True,False,False,payload-null
cand_c89636d00f45af79b2a5,fd,"iimmigr,iwork89",28374,True,False,False,payload-null
cand_2b18bdcd8c80eb858986,fd,"iimmigr,iworklwk",28375,True,False,False,payload-null
cand_e2de383522760907b41f,fd,"iimmigr,iwwii",28376,True,True,True,valid
cand_a97debfd7d8184cb15c1,fd,"iimmigr,iyearsch",28377,True,False,False,payload-null
cand_e5601ad444cc6e9adae6,fd,"iimmigr,iyearwrk",28378,True,False,False,payload-null
cand_e0f789a0ed9a959e72ef,fd,"iimmigr,dyrsserv",28379,True,False,False,payload-null
cand_aae5193846e78016f521,fd,"dincome1,dincome2",28380,True,False,False,payload-null
cand_8cdaed70ba23ebbba636,fd,"dincome1,dincome3",28381,True,False,False,payload-null
cand_7ba60f345cb0684e958e,fd,"dincome1,dincome4",28382,True,False,False,payload-null
cand_b6d51a806358787e1fd2,fd,"dincome1,dincome5",28383,True,False,False,payload-null
cand_77e1808d8ad4af3fbfbf,fd,"dincome1,dincome6",28384,True,True,True,valid
cand_3e0039fa438108ecc7e5,fd,"dincome1,dincome7",28385,True,False,False,payload-null
cand_9d1b5eadd6bc09b22b4a,fd,"dincome1,dincome8",28386,True,False,False,payload-null
cand_4db6419c9376d2254b0f,fd,"dincome1,dindustry",28387,True,True,True,valid
cand_bd1fe59174d3cf85b5f2,fd,"dincome1,ikorean",28388,True,False,False,payload-null
cand_3ac0b1b30746cb794a80,fd,"dincome1,ilang1",28389,True,True,True,valid
cand_a00e96dc1eeb535f3c33,fd,"dincome1,ilooking",28390,True,False,False,payload-null
cand_2585d54c5b7ced22c33f,fd,"dincome1,imarital",28391,True,False,False,payload-null
cand_fb736f072eeeb630973a,fd,"dincome1,imay75880",28392,True,False,False,payload-null
cand_a9e8756f62e9aa804416,fd,"dincome1,imeans",28393,True,False,False,payload-null
cand_4f41811c5ad7b899e7ff,fd,"dincome1,imilitary",28394,True,True,True,valid
cand_90c4303212937d96a9d1,fd,"dincome1,imobility",28395,True,True,True,valid
cand_29c50d37b6b1662a299e,fd,"dincome1,imobillim",28396,True,True,True,valid
cand_6d1285092a650cfab1c9,fd,"dincome1,doccup",28397,True,True,True,valid
cand_d1c631edaabe7dc0cbf6,fd,"dincome1,iothrserv",28398,True,False,False,payload-null
cand_36a4949b494697b89f2e,fd,"dincome1,iperscare",28399,True,True,True,valid
cand_26f3a08153b1af4d85d7,fd,"dincome1,dpob",28400,True,False,False,payload-null
cand_bb5d0045ff6cc4f212da,fd,"dincome1,dpoverty",28401,True,True,True,valid
cand_1a5f31b8cb9aabb78f29,fd,"dincome1,dpwgt1",28402,True,False,False,payload-null
cand_9e81efd4d6d27cf8ea73,fd,"dincome1,iragechld",28403,True,False,False,payload-null
cand_5cec1d909629ed049251,fd,"dincome1,drearning",28404,True,False,False,payload-null
cand_33a56025ee0e3b470c35,fd,"dincome1,irelat1",28405,True,False,False,payload-null
cand_a2a652fb6aa5fa738f9a,fd,"dincome1,irelat2",28406,True,True,True,valid
cand_5c5aff60e5343a86e328,fd,"dincome1,iremplpar",28407,True,True,True,valid
cand_c77c41317d218b1515c6,fd,"dincome1,irlabor",28408,True,True,True,valid
cand_e0b67c64deb2fc9af124,fd,"dincome1,irownchld",28409,True,True,True,valid
cand_b7a4e129d53edf26cd42,fd,"dincome1,drpincome",28410,True,True,True,valid
cand_4fb6284eea1667cf770c,fd,"dincome1,irpob",28411,True,True,True,valid
cand_05e7c217ee3a59c22290,fd,"dincome1,irrelchld",28412,True,True,True,valid
cand_03b8d072438224fd915b,fd,"dincome1,irspouse",28413,True,True,True,valid
cand_9650a6ef0a1ae6f30425,fd,"dincome1,irvetserv",28414,True,False,False,payload-null
cand_3a64976f5a050722a400,fd,"dincome1,ischool",28415,True,True,True,valid
cand_b4a1beb574dcbd630184,fd,"dincome1,isept80",28416,True,False,False,payload-null
cand_af14ebc91c507d0c4c22,fd,"dincome1,isex",28417,True,False,False,payload-null
cand_636cd838bf2ae57d0535,fd,"dincome1,isubfam1",28418,True,False,False,payload-null
cand_39029f25e93b97258bcf,fd,"dincome1,isubfam2",28419,True,True,True,valid
cand_00813623b27daf927257,fd,"dincome1,itmpabsnt",28420,True,False,False,payload-null
cand_296a29d218596be11ec2,fd,"dincome1,dtravtime",28421,True,False,False,payload-null
cand_cc5965bc0cebcb2750d5,fd,"dincome1,ivietnam",28422,True,False,False,payload-null
cand_50fb77a654c9ab8d7114,fd,"dincome1,dweek89",28423,True,False,False,payload-null
cand_f3485fecc681190f8fc1,fd,"dincome1,iwork89",28424,True,True,True,valid
cand_9e69955b7fc38670054d,fd,"dincome1,iworklwk",28425,True,False,False,payload-null
cand_f2722d973bcca0b06803,fd,"dincome1,iwwii",28426,True,False,False,payload-null
cand_a7baf24b68ecaf81bf46,fd,"dincome1,iyearsch",28427,True,True,True,valid
cand_c1a7e1a447d3b4a01802,fd,"dincome1,iyearwrk",28428,True,True,True,valid
cand_5b9ca654f9a58f724680,fd,"dincome1,dyrsserv",28429,True,False,False,payload-null
cand_5005d728624a58417401,fd,"dincome2,dincome3",28430,True,False,False,payload-null
cand_817f0d6853bab3c3b674,fd,"dincome2,dincome4",28431,True,False,False,payload-null
cand_f689524883cefe2bc018,fd,"dincome2,dincome5",28432,True,False,False,payload-null
cand_2c746594c9c8b6801bf0,fd,"dincome2,dincome6",28433,True,False,False,payload-null
cand_9434aa7d55bfcd3e02ae,fd,"dincome2,dincome7",28434,True,False,False,payload-null
cand_b397205237b63c80bd38,fd,"dincome2,dincome8",28435,True,False,False,payload-null
cand_3018b78e9977bf1b6900,fd,"dincome2,dindustry",28436,True,True,True,valid
cand_a94fc72dfe100e445fe5,fd,"dincome2,ikorean",28437,True,False,False,payload-null
cand_c8e52ee0941042559582,fd,"dincome2,ilang1",28438,True,True,True,valid
cand_b5d41570741dc4ce125f,fd,"dincome2,ilooking",28439,True,False,False,payload-null
cand_ed85e81a487f1dfdb903,fd,"dincome2,imarital",28440,True,False,False,payload-null
cand_6af41ac724533224eeef,fd,"dincome2,imay75880",28441,True,False,False,payload-null
cand_2464fac1f01de9739964,fd,"dincome2,imeans",28442,True,True,True,valid
cand_c03bd335cc1ef0e4aa84,fd,"dincome2,imilitary",28443,True,True,True,valid
cand_b2236a3cf1cf5f9491ff,fd,"dincome2,imobility",28444,True,True,True,valid
cand_ff275899507b2b1be533,fd,"dincome2,imobillim",28445,True,True,True,valid
cand_c7647f999440f0274f7c,fd,"dincome2,doccup",28446,True,True,True,valid
cand_69effcf3d69feaac35c3,fd,"dincome2,iothrserv",28447,True,False,False,payload-null
cand_0c4a58e8cef686208987,fd,"dincome2,iperscare",28448,True,True,True,valid
cand_625dce7d6eb5279fe454,fd,"dincome2,dpob",28449,True,True,True,valid
cand_f013d88e10a6e390303b,fd,"dincome2,dpoverty",28450,True,False,False,payload-null
cand_682809e6c1a78aa8d1e4,fd,"dincome2,dpwgt1",28451,True,False,False,payload-null
cand_e6e210e6bc796dafb0e7,fd,"dincome2,iragechld",28452,True,False,False,payload-null
cand_64a6f3edd581371ab252,fd,"dincome2,drearning",28453,True,False,False,payload-null
cand_25f05a51b4406cb8da20,fd,"dincome2,irelat1",28454,True,True,True,valid
cand_3b6b630749077b2d8b01,fd,"dincome2,irelat2",28455,True,True,True,valid
cand_142c05430a5fb2214a9f,fd,"dincome2,iremplpar",28456,True,True,True,valid
cand_927d3dd09714c3261475,fd,"dincome2,iriders",28457,True,True,True,valid
cand_de1171ea82134bd51812,fd,"dincome2,irlabor",28458,True,True,True,valid
cand_dfc0c5a9d8d592eb5989,fd,"dincome2,irownchld",28459,True,False,False,payload-null
cand_77fffa701072555d6451,fd,"dincome2,drpincome",28460,True,False,False,payload-null
cand_136968ed1c08b5bacb03,fd,"dincome2,irpob",28461,True,True,True,valid
cand_1ffc6d953418a0a88e70,fd,"dincome2,irrelchld",28462,True,False,False,payload-null
cand_687b7861c77703b98ef2,fd,"dincome2,irspouse",28463,True,True,True,valid
cand_5c9c4efa18d0138e2174,fd,"dincome2,irvetserv",28464,True,False,False,payload-null
cand_4e9898e50868d1d73bcf,fd,"dincome2,ischool",28465,True,True,True,valid
cand_f55e5e6fc2d407b8c273,fd,"dincome2,isept80",28466,True,False,False,payload-null
cand_5aabea3b9687c156d960,fd,"dincome2,isex",28467,True,False,False,payload-null
cand_8ffbaf11db00079e00ef,fd,"dincome2,isubfam1",28468,True,True,True,valid
cand_dfd2132bc5b4aec6161e,fd,"dincome2,isubfam2",28469,True,True,True,valid
cand_f957b7c3a723247ad5ef,fd,"dincome2,itmpabsnt",28470,True,False,False,payload-null
cand_2392edabab3db545979e,fd,"dincome2,dtravtime",28471,True,False,False,payload-null
cand_7d6d97261a326b659a6c,fd,"dincome2,ivietnam",28472,True,False,False,payload-null
cand_6e7c1f8e863b6dc4fc0c,fd,"dincome2,dweek89",28473,True,False,False,payload-null
cand_f7d7323713eb484a9405,fd,"dincome2,iwork89",28474,True,True,True,valid
cand_1db7e7f3f22ef84fae0a,fd,"dincome2,iworklwk",28475,True,False,False,payload-null
cand_666bdcde3bef009f8dc6,fd,"dincome2,iwwii",28476,True,False,False,payload-null
cand_e8b7a779794b5b017435,fd,"dincome2,iyearsch",28477,True,True,True,valid
cand_65c90665b1b629213a15,fd,"dincome2,iyearwrk",28478,True,True,True,valid
cand_a4b77fd32571bb01f290,fd,"dincome2,dyrsserv",28479,True,False,False,payload-null
cand_6adec713e4b5d9794c91,fd,"dincome3,dincome4",28480,True,False,False,payload-null
cand_c5258303fbb4d3f4bb65,fd,"dincome3,dincome5",28481,True,False,False,payload-null
cand_db0d1723f04f9f788b1c,fd,"dincome3,dincome6",28482,True,False,False,payload-null
cand_07886edd0e273791ae30,fd,"dincome3,dincome7",28483,True,False,False,payload-null
cand_0dfbeff3e6d11b99ee36,fd,"dincome3,dincome8",28484,True,False,False,payload-null
cand_0010be4c48376648e051,fd,"dincome3,dindustry",28485,True,True,True,valid
cand_ac10380567025d844b11,fd,"dincome3,ikorean",28486,True,False,False,payload-null
cand_0264609cf3689fabdd96,fd,"dincome3,ilang1",28487,True,True,True,valid
cand_6e931d1cc2e9affe9ddc,fd,"dincome3,ilooking",28488,True,False,False,payload-null
cand_8fb2a52d97f8509636d2,fd,"dincome3,imarital",28489,True,False,False,payload-null
cand_01af47f7aba5cb9af0a6,fd,"dincome3,imay75880",28490,True,False,False,payload-null
cand_0751e1eabfb2b4f58749,fd,"dincome3,imeans",28491,True,True,True,valid
cand_cf2b831b03cd17c4f05f,fd,"dincome3,imilitary",28492,True,True,True,valid
cand_a6c2de27d93c409c066a,fd,"dincome3,imobility",28493,True,True,True,valid
cand_66a59ae50390d63e63e3,fd,"dincome3,imobillim",28494,True,True,True,valid
cand_bd04fbdd5ab896baffd9,fd,"dincome3,doccup",28495,True,True,True,valid
cand_127ba14dfb78ba60ddb4,fd,"dincome3,iothrserv",28496,True,False,False,payload-null
cand_6046ce8fe6ea47efbedb,fd,"dincome3,iperscare",28497,True,True,True,valid
cand_dcdec38d449512e8c234,fd,"dincome3,dpob",28498,True,True,True,valid
cand_0aa0faf67bb75f80bb33,fd,"dincome3,dpoverty",28499,True,False,False,payload-null
cand_4832758053afb9e5135a,fd,"dincome3,dpwgt1",28500,True,True,True,valid
cand_be9c4a2443eb786e54bf,fd,"dincome3,iragechld",28501,True,False,False,payload-null
cand_fe3e2dbc9d7dbfe4084c,fd,"dincome3,drearning",28502,True,True,True,valid
cand_27a04dd6ff0a23601711,fd,"dincome3,irelat1",28503,True,True,True,valid
cand_d73e4332c20394f73e50,fd,"dincome3,irelat2",28504,True,True,True,valid
cand_3cac8d0a9261dc59482c,fd,"dincome3,iremplpar",28505,True,True,True,valid
cand_6622a6425eccac236565,fd,"dincome3,iriders",28506,True,True,True,valid
cand_f4d37aded40079c10d07,fd,"dincome3,irlabor",28507,True,True,True,valid
cand_b2427f468901c32cacec,fd,"dincome3,irownchld",28508,True,False,False,payload-null
cand_7a89fb52e2e8079e8ff1,fd,"dincome3,drpincome",28509,True,True,True,valid
cand_57a54a748ac9c06075b9,fd,"dincome3,irpob",28510,True,True,True,valid
cand_8ce9f7552dfc912c050f,fd,"dincome3,irrelchld",28511,True,False,False,payload-null
cand_6be67d3501156985c7f8,fd,"dincome3,irspouse",28512,True,True,True,valid
cand_196a316aa7d315ad74f9,fd,"dincome3,irvetserv",28513,True,True,True,valid
cand_e9aaf5ba404d2259ca8d,fd,"dincome3,ischool",28514,True,True,True,valid
cand_fc1834144bf9f99853c2,fd,"dincome3,isept80",28515,True,False,False,payload-null
cand_5884f04eca7a9016a1bc,fd,"dincome3,isex",28516,True,False,False,payload-null
cand_2bac3ffc5af9fb97b4fd,fd,"dincome3,isubfam1",28517,True,True,True,valid
cand_f62819b103562bfb7a5e,fd,"dincome3,isubfam2",28518,True,True,True,valid
cand_da2d44596bf05eeaac52,fd,"dincome3,itmpabsnt",28519,True,False,False,payload-null
cand_c5735df3386f6d0f1cc2,fd,"dincome3,dtravtime",28520,True,False,False,payload-null
cand_62a322c30f75d3848c41,fd,"dincome3,ivietnam",28521,True,False,False,payload-null
cand_90032ddd546cadf0cb90,fd,"dincome3,dweek89",28522,True,True,True,valid
cand_b0f563e94ae861ef38f9,fd,"dincome3,iwork89",28523,True,True,True,valid
cand_2487a1ee2effd0192284,fd,"dincome3,iworklwk",28524,True,False,False,payload-null
cand_ab6ae6c204e294c6988a,fd,"dincome3,iwwii",28525,True,False,False,payload-null
cand_9ab838cf6f5a7fc36eaf,fd,"dincome3,iyearsch",28526,True,True,True,valid
cand_8daf80e862b91b3edcf2,fd,"dincome3,iyearwrk",28527,True,True,True,valid
cand_cbae2a2e15de508cbc1a,fd,"dincome3,dyrsserv",28528,True,False,False,payload-null
cand_210401cd15b222b5c3bd,fd,"dincome4,dincome5",28529,True,False,False,payload-null
cand_1e6f11ff35290d7a5b66,fd,"dincome4,dincome6",28530,True,False,False,payload-null
cand_89663419011e332a214b,fd,"dincome4,dincome7",28531,True,False,False,payload-null
cand_fdeb093bdd4530f85e83,fd,"dincome4,dincome8",28532,True,False,False,payload-null
cand_14fcafa36954d989a4fc,fd,"dincome4,dindustry",28533,True,False,False,payload-null
cand_db25d39917fe1b474d2b,fd,"dincome4,ikorean",28534,True,False,False,payload-null
cand_863e962a1eaec0b15351,fd,"dincome4,ilang1",28535,True,True,True,valid
cand_09bfd8bc896918ae835b,fd,"dincome4,ilooking",28536,True,False,False,payload-null
cand_41a79d99b54d44d6a7c7,fd,"dincome4,imarital",28537,True,False,False,payload-null
cand_7a303bdc0aeb092942fb,fd,"dincome4,imay75880",28538,True,False,False,payload-null
cand_66678d98bcc500815c83,fd,"dincome4,imeans",28539,True,False,False,payload-null
cand_e18119e4a8d6132b9282,fd,"dincome4,imilitary",28540,True,False,False,payload-null
cand_cbef4f071b2791a8ce52,fd,"dincome4,imobility",28541,True,True,True,valid
cand_e9f90a0cf35a6af5d1a1,fd,"dincome4,imobillim",28542,True,True,True,valid
cand_d8df7f2707f63af59670,fd,"dincome4,doccup",28543,True,False,False,payload-null
cand_408d3cbed44fef96ec0d,fd,"dincome4,iothrserv",28544,True,False,False,payload-null
cand_7476a7d34982da3c72e5,fd,"dincome4,iperscare",28545,True,True,True,valid
cand_4034d7c6cef1797148ec,fd,"dincome4,dpob",28546,True,False,False,payload-null
cand_2e94310400a6660c3138,fd,"dincome4,dpoverty",28547,True,False,False,payload-null
cand_4eca0b50ff1fb6bf9c54,fd,"dincome4,dpwgt1",28548,True,False,False,payload-null
cand_0aed4181677f25bd2231,fd,"dincome4,iragechld",28549,True,False,False,payload-null
cand_949cdd33fb54582e7907,fd,"dincome4,drearning",28550,True,False,False,payload-null
cand_83d349379d4db8b6bfea,fd,"dincome4,irelat1",28551,True,False,False,payload-null
cand_d104b22102abd72d3473,fd,"dincome4,irelat2",28552,True,True,True,valid
cand_f4b44e839b4780c4e0b3,fd,"dincome4,iremplpar",28553,True,True,True,valid
cand_fc08ff1e4c70c074b1fc,fd,"dincome4,iriders",28554,True,True,True,valid
cand_b9aba667b1e67facbf80,fd,"dincome4,irlabor",28555,True,False,False,payload-null
cand_5f8acae1a62bf9b78e86,fd,"dincome4,irownchld",28556,True,False,False,payload-null
cand_a54bd8a35d4495121258,fd,"dincome4,drpincome",28557,True,True,True,valid
cand_c57af820468c9279f561,fd,"dincome4,irpob",28558,True,True,True,valid
cand_d87215c6f1fde239c7d0,fd,"dincome4,irrelchld",28559,True,False,False,payload-null
cand_b7698e5a124aad4c998e,fd,"dincome4,irspouse",28560,True,True,True,valid
cand_cb6c2c8597712e74b969,fd,"dincome4,irvetserv",28561,True,False,False,payload-null
cand_98bfd9ccaa606ceab94e,fd,"dincome4,ischool",28562,True,True,True,valid
cand_92e53ef85e148543ba4a,fd,"dincome4,isept80",28563,True,False,False,payload-null
cand_5d61f3ded16d9e69dd4b,fd,"dincome4,isex",28564,True,False,False,payload-null
cand_a1f9a9f473a498f7eaca,fd,"dincome4,isubfam1",28565,True,False,False,payload-null
cand_e9081326f6bc211a7e12,fd,"dincome4,isubfam2",28566,True,True,True,valid
cand_d5caf2ce4ba605e70a2a,fd,"dincome4,itmpabsnt",28567,True,False,False,payload-null
cand_706d34488ed99bd29457,fd,"dincome4,dtravtime",28568,True,False,False,payload-null
cand_3be44f49c43e524fb2fa,fd,"dincome4,ivietnam",28569,True,False,False,payload-null
cand_e4642af65080f22dfd3b,fd,"dincome4,dweek89",28570,True,False,False,payload-null
cand_7482e9293e096dbd050b,fd,"dincome4,iwork89",28571,True,False,False,payload-null
cand_29abd078e292a779cdaf,fd,"dincome4,iworklwk",28572,True,False,False,payload-null
cand_62d1fbcd5bce91ddade1,fd,"dincome4,iwwii",28573,True,False,False,payload-null
cand_0dd71bf64e816b19f1c9,fd,"dincome4,iyearsch",28574,True,True,True,valid
cand_2c749a815f05c44e2224,fd,"dincome4,iyearwrk",28575,True,False,False,payload-null
cand_f9e6a9cafa2995dadfdd,fd,"dincome4,dyrsserv",28576,True,False,False,payload-null
cand_771293152315cf26a535,fd,"dincome5,dincome6",28577,True,False,False,payload-null
cand_5f0ac90f46531c95b8d8,fd,"dincome5,dincome7",28578,True,False,False,payload-null
cand_6d6551c2a48cedb643d2,fd,"dincome5,dincome8",28579,True,False,False,payload-null
cand_b8ae2df6f7ae578ecfa5,fd,"dincome5,dindustry",28580,True,False,False,payload-null
cand_6661b97d29246a3c72af,fd,"dincome5,ikorean",28581,True,False,False,payload-null
cand_47dbce667236a5f69dbc,fd,"dincome5,ilang1",28582,True,True,True,valid
cand_200107574c2fb9a5215d,fd,"dincome5,ilooking",28583,True,False,False,payload-null
cand_cc47afd525d10136088b,fd,"dincome5,imarital",28584,True,False,False,payload-null
cand_ba07be66acd4024cf9e2,fd,"dincome5,imay75880",28585,True,False,False,payload-null
cand_a262e3fd3cefd6d10749,fd,"dincome5,imeans",28586,True,True,True,valid
cand_cfd676788b4907111562,fd,"dincome5,imilitary",28587,True,False,False,payload-null
cand_a38dd13d70cf49b00007,fd,"dincome5,imobility",28588,True,True,True,valid
cand_209e9795c9c33ae6e745,fd,"dincome5,imobillim",28589,True,True,True,valid
cand_704c32e2e20472939059,fd,"dincome5,doccup",28590,True,True,True,valid
cand_d52e3545865113f6b070,fd,"dincome5,iothrserv",28591,True,False,False,payload-null
cand_0d49034be740eb0c5837,fd,"dincome5,iperscare",28592,True,True,True,valid
cand_f1800d83240914226f5c,fd,"dincome5,dpob",28593,True,False,False,payload-null
cand_23bf26fd9d36c8e47c77,fd,"dincome5,dpoverty",28594,True,False,False,payload-null
cand_6abd13de0c481de2285e,fd,"dincome5,dpwgt1",28595,True,False,False,payload-null
cand_988283c2991cfda5c425,fd,"dincome5,iragechld",28596,True,False,False,payload-null
cand_1095dfa3b4d9afe5cb7f,fd,"dincome5,drearning",28597,True,False,False,payload-null
cand_ef9d914a7a95a89c404f,fd,"dincome5,irelat1",28598,True,False,False,payload-null
cand_eb01315a532a7d67cf63,fd,"dincome5,irelat2",28599,True,False,False,payload-null
cand_4cafbecb461c0bb6d159,fd,"dincome5,iremplpar",28600,True,True,True,valid
cand_433a47f3c7f911fc7ec4,fd,"dincome5,iriders",28601,True,True,True,valid
cand_9aaf52a94e4206871acd,fd,"dincome5,irlabor",28602,True,True,True,valid
cand_fb74167408a3b7b927b3,fd,"dincome5,irownchld",28603,True,False,False,payload-null
cand_530c50aea5e1e5d9f523,fd,"dincome5,drpincome",28604,True,True,True,valid
cand_d40aa93c57016aabccfc,fd,"dincome5,irpob",28605,True,True,True,valid
cand_402b201cf5330922fe6a,fd,"dincome5,irrelchld",28606,True,False,False,payload-null
cand_e74ad3d7c0500524e749,fd,"dincome5,irspouse",28607,True,True,True,valid
cand_ecc6ae63bc514e8ab414,fd,"dincome5,irvetserv",28608,True,False,False,payload-null
cand_bcd644addba3fb1dee49,fd,"dincome5,ischool",28609,True,True,True,valid
cand_288f270b75d02e6450fb,fd,"dincome5,isept80",28610,True,False,False,payload-null
cand_16fdc732f1f64cd2e5e8,fd,"dincome5,isex",28611,True,False,False,payload-null
cand_7007146db761cb3e273d,fd,"dincome5,isubfam1",28612,True,True,True,valid
cand_024482341e5abacf609a,fd,"dincome5,isubfam2",28613,True,True,True,valid
cand_ed62527008efe53aadeb,fd,"dincome5,itmpabsnt",28614,True,False,False,payload-null
cand_14540a70ad5731b405d1,fd,"dincome5,dtravtime",28615,True,False,False,payload-null
cand_bd2bf46c38dff86bcfca,fd,"dincome5,ivietnam",28616,True,False,False,payload-null
cand_2c7cc62bc04c38ab74a4,fd,"dincome5,dweek89",28617,True,False,False,payload-null
cand_71692fee56fde88442db,fd,"dincome5,iwork89",28618,True,False,False,payload-null
cand_9667ef321a16b37a931c,fd,"dincome5,iworklwk",28619,True,False,False,payload-null
cand_e19c5262e4f4ec99ac6d,fd,"dincome5,iwwii",28620,True,False,False,payload-null
cand_7d1cc5942839bf42ff70,fd,"dincome5,iyearsch",28621,True,True,True,valid
cand_e50343a7fd72f0e0acef,fd,"dincome5,iyearwrk",28622,True,False,False,payload-null
cand_85a03010f075c735a517,fd,"dincome5,dyrsserv",28623,True,False,False,payload-null
cand_7261d14fb90e77adde7f,fd,"dincome6,dincome7",28624,True,False,False,payload-null
cand_6e5086732d06f0bcf53d,fd,"dincome6,dincome8",28625,True,False,False,payload-null
cand_6ce1506fe25270ac96da,fd,"dincome6,dindustry",28626,True,False,False,payload-null
cand_3a7a2115fd57eef11165,fd,"dincome6,ikorean",28627,True,False,False,payload-null
cand_9ed4a90a2f6eac598a59,fd,"dincome6,ilang1",28628,True,True,True,valid
cand_c12be9509c7d5ebf6c69,fd,"dincome6,ilooking",28629,True,False,False,payload-null
cand_c08295031531cdc33f88,fd,"dincome6,imarital",28630,True,False,False,payload-null
cand_83c7527865f56b0c0d84,fd,"dincome6,imay75880",28631,True,False,False,payload-null
cand_01321f5791d639d110be,fd,"dincome6,imeans",28632,True,True,True,valid
cand_fb80e3825a7490fb78da,fd,"dincome6,imilitary",28633,True,True,True,valid
cand_afaf90a90b4938cf8109,fd,"dincome6,imobility",28634,True,True,True,valid
cand_762e8c7788c0d01c8c1f,fd,"dincome6,imobillim",28635,True,True,True,valid
cand_85d4ca72fa631ea87648,fd,"dincome6,doccup",28636,True,True,True,valid
cand_6acc9359d2fc2ae585ed,fd,"dincome6,iothrserv",28637,True,False,False,payload-null
cand_008fe4f4f11c6e1d2108,fd,"dincome6,iperscare",28638,True,True,True,valid
cand_dc53620e8df40524ece5,fd,"dincome6,dpob",28639,True,False,False,payload-null
cand_ec32831ffc82a10770df,fd,"dincome6,dpoverty",28640,True,False,False,payload-null
cand_1c8d340af684dbc8104c,fd,"dincome6,dpwgt1",28641,True,False,False,payload-null
cand_3d23957f5932bc79aa8c,fd,"dincome6,iragechld",28642,True,False,False,payload-null
cand_08cf77786c767eb2d6c8,fd,"dincome6,drearning",28643,True,False,False,payload-null
cand_1d68c814363b0227e6f0,fd,"dincome6,irelat1",28644,True,False,False,payload-null
cand_5b6ce3384070f04dd142,fd,"dincome6,irelat2",28645,True,True,True,valid
cand_f4d89c80c6bc76b35366,fd,"dincome6,iremplpar",28646,True,True,True,valid
cand_f6da14918e70c791036d,fd,"dincome6,iriders",28647,True,True,True,valid
cand_70b8e6b99b99b8e608bd,fd,"dincome6,irlabor",28648,True,True,True,valid
cand_506abc5dd6d1261435d0,fd,"dincome6,irownchld",28649,True,False,False,payload-null
cand_f9c96465276e0829fea6,fd,"dincome6,drpincome",28650,True,True,True,valid
cand_9e4695119b554d85793e,fd,"dincome6,irpob",28651,True,True,True,valid
cand_cdd44ea46f81162e2050,fd,"dincome6,irrelchld",28652,True,False,False,payload-null
cand_dec1634b3fd30290000c,fd,"dincome6,irspouse",28653,True,True,True,valid
cand_75f8c413edfcaecee7c5,fd,"dincome6,irvetserv",28654,True,True,True,valid
cand_8d709dbf3543e766c235,fd,"dincome6,ischool",28655,True,True,True,valid
cand_1ea95f6a8bfe5ab0b117,fd,"dincome6,isept80",28656,True,False,False,payload-null
cand_452dcdc4077f74b5df4c,fd,"dincome6,isex",28657,True,False,False,payload-null
cand_18639a3672e8e5e3d5ee,fd,"dincome6,isubfam1",28658,True,False,False,payload-null
cand_09919ff4aeeac93f0d0f,fd,"dincome6,isubfam2",28659,True,True,True,valid
cand_dddcb180e99be30de2fd,fd,"dincome6,itmpabsnt",28660,True,False,False,payload-null
cand_a63cc5eb68b9eaf7d1eb,fd,"dincome6,dtravtime",28661,True,False,False,payload-null
cand_8ab2e56d39ec48e90145,fd,"dincome6,ivietnam",28662,True,False,False,payload-null
cand_9cacc4d6674172771d06,fd,"dincome6,dweek89",28663,True,False,False,payload-null
cand_c5fab225ee519f97ae3d,fd,"dincome6,iwork89",28664,True,False,False,payload-null
cand_83259666d1cfd5b7782a,fd,"dincome6,iworklwk",28665,True,False,False,payload-null
cand_592bb45013b868051d35,fd,"dincome6,iwwii",28666,True,False,False,payload-null
cand_7f980afd5eceab01b965,fd,"dincome6,iyearsch",28667,True,True,True,valid
cand_31ac418fcba610880a2d,fd,"dincome6,iyearwrk",28668,True,False,False,payload-null
cand_daf502203152f9e428aa,fd,"dincome6,dyrsserv",28669,True,False,False,payload-null
cand_46f0827bf1d3e85386ef,fd,"dincome7,dincome8",28670,True,False,False,payload-null
cand_cea5451987bfe3976ee3,fd,"dincome7,dindustry",28671,True,False,False,payload-null
cand_2a8eab6152aa6584285a,fd,"dincome7,ikorean",28672,True,False,False,payload-null
cand_42712187396808c3f011,fd,"dincome7,ilang1",28673,True,True,True,valid
cand_bf01352d3d04472292ca,fd,"dincome7,ilooking",28674,True,False,False,payload-null
cand_6109d4550ea94fb13636,fd,"dincome7,imarital",28675,True,False,False,payload-null
cand_831f662a081c4591dadc,fd,"dincome7,imay75880",28676,True,False,False,payload-null
cand_3de934ab94792d7e5755,fd,"dincome7,imeans",28677,True,True,True,valid
cand_bdf088d5c50c5cc78bc5,fd,"dincome7,imilitary",28678,True,True,True,valid
cand_07f2679b975d0425c547,fd,"dincome7,imobillim",28679,True,True,True,valid
cand_c50d82f6018224a1c7fb,fd,"dincome7,doccup",28680,True,True,True,valid
cand_2e50e9ac3e3df4375cc7,fd,"dincome7,iothrserv",28681,True,False,False,payload-null
cand_d6022cc8c54a8746fc5e,fd,"dincome7,iperscare",28682,True,True,True,valid
cand_05e81013805ab5d80fb4,fd,"dincome7,dpob",28683,True,True,True,valid
cand_938c7e7708472ad50993,fd,"dincome7,dpoverty",28684,True,False,False,payload-null
cand_12452f5606f4d5ccc971,fd,"dincome7,dpwgt1",28685,True,False,False,payload-null
cand_50ac4e7d72f5bfa04dfd,fd,"dincome7,iragechld",28686,True,False,False,payload-null
cand_d2a440801bbb3236ad8a,fd,"dincome7,drearning",28687,True,False,False,payload-null
cand_5f73390b108507b2163e,fd,"dincome7,irelat1",28688,True,False,False,payload-null
cand_824410492be072aaf603,fd,"dincome7,irelat2",28689,True,True,True,valid
cand_1039477c9d014b3d88a3,fd,"dincome7,iremplpar",28690,True,True,True,valid
cand_1afce5b3fe04fd8cd7da,fd,"dincome7,iriders",28691,True,True,True,valid
cand_5eb4b5ee3e59cda44360,fd,"dincome7,irlabor",28692,True,True,True,valid
cand_afdbe029565ab44ee87d,fd,"dincome7,irownchld",28693,True,False,False,payload-null
cand_0ff312f0f604836d767a,fd,"dincome7,drpincome",28694,True,True,True,valid
cand_cae232dbe234348b96d1,fd,"dincome7,irpob",28695,True,True,True,valid
cand_844d6c376ced5b8e27ad,fd,"dincome7,irrelchld",28696,True,False,False,payload-null
cand_ad788bc88c8ab0130d96,fd,"dincome7,irspouse",28697,True,True,True,valid
cand_6d61448e70c9eb816640,fd,"dincome7,irvetserv",28698,True,True,True,valid
cand_b8c857bec89b4866d4fe,fd,"dincome7,ischool",28699,True,True,True,valid
cand_f7a58bb80913b1bc1cda,fd,"dincome7,isept80",28700,True,False,False,payload-null
cand_cbdf014cbd0623019da4,fd,"dincome7,isex",28701,True,False,False,payload-null
cand_d2cb97b780773ce421df,fd,"dincome7,isubfam1",28702,True,False,False,payload-null
cand_4f8935edfc88991a04b3,fd,"dincome7,isubfam2",28703,True,True,True,valid
cand_3e60c9bb288b349aa815,fd,"dincome7,itmpabsnt",28704,True,False,False,payload-null
cand_05cf624dcb157ff1e2ac,fd,"dincome7,dtravtime",28705,True,False,False,payload-null
cand_fed1c8d526842cd1e187,fd,"dincome7,ivietnam",28706,True,False,False,payload-null
cand_c7bf24fcb68577f5d3a6,fd,"dincome7,dweek89",28707,True,False,False,payload-null
cand_340e7de95fa2ff5c232a,fd,"dincome7,iwork89",28708,True,False,False,payload-null
cand_644a7a385dc1121f4aeb,fd,"dincome7,iworklwk",28709,True,False,False,payload-null
cand_07f3d71bf8c750154a92,fd,"dincome7,iwwii",28710,True,False,False,payload-null
cand_f2e5fba8e6b729aa5619,fd,"dincome7,iyearsch",28711,True,True,True,valid
cand_656a64ad51cb3fc68454,fd,"dincome7,iyearwrk",28712,True,False,False,payload-null
cand_cd85cc39d89b1f51e07d,fd,"dincome7,dyrsserv",28713,True,False,False,payload-null
cand_e74292291610f6d8b3d5,fd,"dincome8,dindustry",28714,True,False,False,payload-null
cand_042fdaa27c7a5e2f039d,fd,"dincome8,ikorean",28715,True,False,False,payload-null
cand_dde594f6ad418c3fc676,fd,"dincome8,ilang1",28716,True,True,True,valid
cand_34e6f1c0661d12e981b7,fd,"dincome8,ilooking",28717,True,False,False,payload-null
cand_4dad429cdac1c4f0098e,fd,"dincome8,imarital",28718,True,False,False,payload-null
cand_a6fdf5238aa0ad41e707,fd,"dincome8,imay75880",28719,True,False,False,payload-null
cand_aef16baf4a8d352f2df6,fd,"dincome8,imeans",28720,True,True,True,valid
cand_faf90bf34d7ec16a664b,fd,"dincome8,imilitary",28721,True,False,False,payload-null
cand_31df99785703134c78d0,fd,"dincome8,imobility",28722,True,True,True,valid
cand_060d53f7b5cad0bfc5cd,fd,"dincome8,imobillim",28723,True,True,True,valid
cand_e7c15c6ae94c54702791,fd,"dincome8,doccup",28724,True,False,False,payload-null
cand_a021ba3df652e37e2bb4,fd,"dincome8,iothrserv",28725,True,False,False,payload-null
cand_889c66bd643304fb9302,fd,"dincome8,iperscare",28726,True,True,True,valid
cand_87f21013e191ef308a42,fd,"dincome8,dpob",28727,True,False,False,payload-null
cand_7baed1fd0a86d481a6cf,fd,"dincome8,dpoverty",28728,True,False,False,payload-null
cand_ef24e2dd412e66e87334,fd,"dincome8,dpwgt1",28729,True,False,False,payload-null
cand_8a42bd016aa2662ad42a,fd,"dincome8,iragechld",28730,True,False,False,payload-null
cand_c9f995545e13704b559e,fd,"dincome8,drearning",28731,True,False,False,payload-null
cand_26db770aa617998709ce,fd,"dincome8,irelat1",28732,True,False,False,payload-null
cand_df6812af824f3c2066a7,fd,"dincome8,iremplpar",28733,True,True,True,valid
cand_1f8e10c4afb6a542e077,fd,"dincome8,iriders",28734,True,True,True,valid
cand_def04f3678ae29c9548e,fd,"dincome8,irlabor",28735,True,True,True,valid
cand_e266fa866c8b1a6e08ad,fd,"dincome8,irownchld",28736,True,False,False,payload-null
cand_7bce09dbcc9118ef2377,fd,"dincome8,drpincome",28737,True,True,True,valid
cand_4676eb2c593779ef5249,fd,"dincome8,irpob",28738,True,True,True,valid
cand_1ae488282b415c9a7003,fd,"dincome8,irrelchld",28739,True,False,False,payload-null
cand_a16a500e889fe50d780d,fd,"dincome8,irspouse",28740,True,True,True,valid
cand_ec7e9346b46361fccb44,fd,"dincome8,irvetserv",28741,True,False,False,payload-null
cand_c92012ebc1c48e8d2683,fd,"dincome8,ischool",28742,True,True,True,valid
cand_65911c2d3fc39b447235,fd,"dincome8,isept80",28743,True,False,False,payload-null
cand_20e4039a50db4ec677fc,fd,"dincome8,isex",28744,True,False,False,payload-null
cand_5d9826814c609266413d,fd,"dincome8,isubfam1",28745,True,False,False,payload-null
cand_e136227d093fbb95a0f3,fd,"dincome8,isubfam2",28746,True,True,True,valid
cand_ec64155c900f5e727e3e,fd,"dincome8,itmpabsnt",28747,True,False,False,payload-null
cand_2b36bc1a263be6cb2342,fd,"dincome8,dtravtime",28748,True,False,False,payload-null
cand_9fc2eb710a17cab68c49,fd,"dincome8,ivietnam",28749,True,False,False,payload-null
cand_efdc2e97b4da07bbb75e,fd,"dincome8,dweek89",28750,True,False,False,payload-null
cand_5b9e7b6788b59766c350,fd,"dincome8,iwork89",28751,True,False,False,payload-null
cand_cfb69a57c9f9e3b4b8e4,fd,"dincome8,iworklwk",28752,True,False,False,payload-null
cand_593b1054cc2af0fefb13,fd,"dincome8,iwwii",28753,True,False,False,payload-null
cand_a264eebc0aac31837fdc,fd,"dincome8,iyearsch",28754,True,True,True,valid
cand_9561e18f26fd5dfb25e2,fd,"dincome8,iyearwrk",28755,True,False,False,payload-null
cand_c845e3b8956ef9d47d62,fd,"dincome8,dyrsserv",28756,True,False,False,payload-null
cand_a2c60bb914abde42e3c9,fd,"dindustry,ikorean",28757,True,False,False,payload-null
cand_3ce6745be6bf1e1a6c30,fd,"dindustry,ilang1",28758,True,True,True,valid
cand_031aa42c9a95d8bb25ff,fd,"dindustry,ilooking",28759,True,False,False,payload-null
cand_45cd63b37b738926462f,fd,"dindustry,imarital",28760,True,False,False,payload-null
cand_5af97e9ab7c90845d0dc,fd,"dindustry,imay75880",28761,True,False,False,payload-null
cand_a0d69211816f7c7fd684,fd,"dindustry,imeans",28762,True,True,True,valid
cand_a2d0b679293f35f406e2,fd,"dindustry,imilitary",28763,True,True,True,valid
cand_6b51a6b0302e4501b673,fd,"dindustry,imobility",28764,True,True,True,valid
cand_af9fecc8e9b0c340c9d4,fd,"dindustry,imobillim",28765,True,True,True,valid
cand_5eb1fb2fca7d8eaafd49,fd,"dindustry,doccup",28766,True,True,True,valid
cand_feda1cbd345ae086adc7,fd,"dindustry,iothrserv",28767,True,True,True,valid
cand_18ff5ad18199dfe9de81,fd,"dindustry,iperscare",28768,True,True,True,valid
cand_6580ab232d56b271ee0f,fd,"dindustry,dpob",28769,True,False,False,payload-null
cand_fd7470e33075f1764714,fd,"dindustry,dpoverty",28770,True,False,False,payload-null
cand_1d694be03c6aa8d6ab71,fd,"dindustry,dpwgt1",28771,True,False,False,payload-null
cand_13053473ee1bec59302d,fd,"dindustry,iragechld",28772,True,False,False,payload-null
cand_bae66f915508632d1b08,fd,"dindustry,drearning",28773,True,True,True,valid
cand_012a3baf7cdcbd260430,fd,"dindustry,irelat1",28774,True,False,False,payload-null
cand_a07c149e7f98383047c9,fd,"dindustry,irelat2",28775,True,True,True,valid
cand_bed45d55b64f1edf7da8,fd,"dindustry,iremplpar",28776,True,True,True,valid
cand_59056c3a2dd3fac92c95,fd,"dindustry,iriders",28777,True,True,True,valid
cand_854bf29afb85086e0814,fd,"dindustry,irlabor",28778,True,True,True,valid
cand_61147c5a6cff1e2e6d27,fd,"dindustry,irownchld",28779,True,True,True,valid
cand_29e645c57c64e7838a2b,fd,"dindustry,drpincome",28780,True,False,False,payload-null
cand_a194f4355f5c7304bba6,fd,"dindustry,irpob",28781,True,True,True,valid
cand_c1b321da2b6ba389ad5b,fd,"dindustry,irrelchld",28782,True,True,True,valid
cand_00af15c3f53c0c256213,fd,"dindustry,irspouse",28783,True,True,True,valid
cand_1eeea8117e255ebbdc1c,fd,"dindustry,irvetserv",28784,True,False,False,payload-null
cand_aa59638295710604ff85,fd,"dindustry,ischool",28785,True,True,True,valid
cand_9ae43b046d22ed3165a3,fd,"dindustry,isept80",28786,True,False,False,payload-null
cand_c3c248568d8a038d8494,fd,"dindustry,isex",28787,True,False,False,payload-null
cand_f8150552a44b3679c82e,fd,"dindustry,isubfam1",28788,True,True,True,valid
cand_a4b73b84827a659bc36e,fd,"dindustry,isubfam2",28789,True,True,True,valid
cand_ad55fe300ebdf4317fae,fd,"dindustry,itmpabsnt",28790,True,False,False,payload-null
cand_505a4fa15bbc0e2445f6,fd,"dindustry,dtravtime",28791,True,True,True,valid
cand_97b34569198cd3da81ad,fd,"dindustry,ivietnam",28792,True,False,False,payload-null
cand_503380796ad8a0e7b17e,fd,"dindustry,dweek89",28793,True,True,True,valid
cand_7a7275a0cce5023cc990,fd,"dindustry,iwork89",28794,True,True,True,valid
cand_275498b2b848bd0e7178,fd,"dindustry,iworklwk",28795,True,False,False,payload-null
cand_7c602b0a7019e6d508e7,fd,"dindustry,iwwii",28796,True,False,False,payload-null
cand_fed088225915b98f820c,fd,"dindustry,iyearsch",28797,True,True,True,valid
cand_d9d26de2ab0feb270475,fd,"dindustry,iyearwrk",28798,True,True,True,valid
cand_119e8dbcebb8b1eed21c,fd,"dindustry,dyrsserv",28799,True,False,False,payload-null
cand_7747949e60200929e2cd,fd,"ikorean,ilang1",28800,True,True,True,valid
cand_4c2ec6776f07b333bd13,fd,"ikorean,ilooking",28801,True,False,False,payload-null
cand_2d9dfd3d53c5946da4d8,fd,"ikorean,imarital",28802,True,False,False,payload-null
cand_6490e988fd2fed18f777,fd,"ikorean,imay75880",28803,True,False,False,payload-null
cand_5c1c3cca6a0e47b173ca,fd,"ikorean,imeans",28804,True,True,True,valid
cand_b45aea827d491802c975,fd,"ikorean,imilitary",28805,True,True,True,valid
cand_04422f65a0883ca0878e,fd,"ikorean,imobility",28806,True,True,True,valid
cand_36f94e44ddf157b74528,fd,"ikorean,imobillim",28807,True,True,True,valid
cand_9761cd80a944f56505a0,fd,"ikorean,doccup",28808,True,False,False,payload-null
cand_b6c59969f3c1be57e59d,fd,"ikorean,iothrserv",28809,True,False,False,payload-null
cand_4b1b1f953f7a34e57194,fd,"ikorean,iperscare",28810,True,True,True,valid
cand_d3527a1f6cb409f1dab3,fd,"ikorean,dpob",28811,True,True,True,valid
cand_cbb81da1e9a9f323b46c,fd,"ikorean,dpoverty",28812,True,False,False,payload-null
cand_cc6989937bcc951a368c,fd,"ikorean,dpwgt1",28813,True,False,False,payload-null
cand_14b8c3ca58299bff9ee9,fd,"ikorean,iragechld",28814,True,True,True,valid
cand_509666ee8927b8d896f9,fd,"ikorean,drearning",28815,True,False,False,payload-null
cand_99711fa6dcd2673d155c,fd,"ikorean,irelat1",28816,True,True,True,valid
cand_109fcbf1f41302eb7a3f,fd,"ikorean,irelat2",28817,True,True,True,valid
cand_e8779b41039df685e305,fd,"ikorean,iremplpar",28818,True,True,True,valid
cand_10882dea3914f29593ac,fd,"ikorean,iriders",28819,True,True,True,valid
cand_c9c5c8d6944fe1bd1543,fd,"ikorean,irlabor",28820,True,True,True,valid
cand_e8c20961e932fd0c0f70,fd,"ikorean,irownchld",28821,True,True,True,valid
cand_b81a1e259f5dd53f0c42,fd,"ikorean,drpincome",28822,True,False,False,payload-null
cand_7a862aee74d40da19f88,fd,"ikorean,irpob",28823,True,True,True,valid
cand_7d56095bdd7c3ca9523d,fd,"ikorean,irrelchld",28824,True,True,True,valid
cand_7e35a3cb35b5d8c19d4b,fd,"ikorean,irspouse",28825,True,True,True,valid
cand_b7a1a0155bcdb9bc978b,fd,"ikorean,irvetserv",28826,True,True,True,valid
cand_278c55db4c1da53f79d7,fd,"ikorean,ischool",28827,True,True,True,valid
cand_8925945acf87b9cdd54c,fd,"ikorean,isept80",28828,True,False,False,payload-null
cand_95bd403a175f613a5f67,fd,"ikorean,isex",28829,True,False,False,payload-null
cand_5e6c51f5d74a8d0635cf,fd,"ikorean,isubfam1",28830,True,True,True,valid
cand_158126117df34f8b57eb,fd,"ikorean,isubfam2",28831,True,True,True,valid
cand_a489f58990f457ba8464,fd,"ikorean,itmpabsnt",28832,True,False,False,payload-null
cand_442b7f317ae337da9d3f,fd,"ikorean,dtravtime",28833,True,False,False,payload-null
cand_eab017acefe871da2419,fd,"ikorean,ivietnam",28834,True,False,False,payload-null
cand_45b42e71bb113cfc3fd7,fd,"ikorean,dweek89",28835,True,False,False,payload-null
cand_0426fe7d240c7249bbb4,fd,"ikorean,iwork89",28836,True,True,True,valid
cand_06059a19c5104d466097,fd,"ikorean,iworklwk",28837,True,False,False,payload-null
cand_91a545eeb5b0d515c03e,fd,"ikorean,iwwii",28838,True,False,False,payload-null
cand_2191d77639355e72756b,fd,"ikorean,iyearsch",28839,True,True,True,valid
cand_2aeafe7c314c3cebea08,fd,"ikorean,iyearwrk",28840,True,True,True,valid
cand_e1fbd45e089e7346e4d1,fd,"ikorean,dyrsserv",28841,True,True,True,valid
cand_f356918865c0928f5b84,fd,"ilang1,ilooking",28842,True,True,True,valid
cand_1d8e664c163df8f14204,fd,"ilang1,imarital",28843,True,True,True,valid
cand_52abf615b91b9342d6e6,fd,"ilang1,imay75880",28844,True,True,True,valid
cand_7d47c02298f519fa6273,fd,"ilang1,imeans",28845,True,True,True,valid
cand_86ee858a76c661e1b313,fd,"ilang1,imilitary",28846,True,True,True,valid
cand_d104cbf07802cc1ff3fa,fd,"ilang1,imobility",28847,True,True,True,valid
cand_9b6beefb3481484e47c4,fd,"ilang1,imobillim",28848,True,True,True,valid
cand_ae4dc5c228e454bc01c5,fd,"ilang1,doccup",28849,True,True,True,valid
cand_b76d6c7f6d6ad3b5e282,fd,"ilang1,iothrserv",28850,True,True,True,valid
cand_613942235ac6650dcd7c,fd,"ilang1,iperscare",28851,True,True,True,valid
cand_0361f1700d17fe7454a4,fd,"ilang1,dpob",28852,True,False,False,payload-null
cand_fa48744000815aabbad5,fd,"ilang1,dpoverty",28853,True,False,False,payload-null
cand_1a0c139fd9728b98128b,fd,"ilang1,dpwgt1",28854,True,False,False,payload-null
cand_e7b3ceb89684f99246b8,fd,"ilang1,iragechld",28855,True,False,False,payload-null
cand_f4610ef62b13429c6d19,fd,"ilang1,drearning",28856,True,True,True,valid
cand_039729bde8cff1590461,fd,"ilang1,irelat1",28857,True,False,False,payload-null
cand_408fccc79be5ee826004,fd,"ilang1,irelat2",28858,True,False,False,payload-null
cand_cd81fc48b3e81d186a94,fd,"ilang1,iremplpar",28859,True,False,False,payload-null
cand_4cc80837732cc0fc0ef4,fd,"ilang1,iriders",28860,True,True,True,valid
cand_2590bddc1660a3b574a4,fd,"ilang1,irlabor",28861,True,True,True,valid
cand_409d3a315fe12e727b9a,fd,"ilang1,irownchld",28862,True,False,False,payload-null
cand_581a572c357747c7a22f,fd,"ilang1,drpincome",28863,True,True,True,valid
cand_ba571a1a48ac96120f3d,fd,"ilang1,irpob",28864,True,True,True,valid
cand_534cdd9cc8060d0bae79,fd,"ilang1,irrelchld",28865,True,False,False,payload-null
cand_8ba3d3528a9d4bfe82ca,fd,"ilang1,irspouse",28866,True,True,True,valid
cand_6e5a4e2dfdef57cb7082,fd,"ilang1,irvetserv",28867,True,True,True,valid
cand_da09819384a22d080f9b,fd,"ilang1,ischool",28868,True,True,True,valid
cand_10e36e8cfe3c929122c8,fd,"ilang1,isept80",28869,True,True,True,valid
cand_702f48e2e0514081cfc1,fd,"ilang1,isex",28870,True,False,False,payload-null
cand_8f16f7e0a88e929a60ff,fd,"ilang1,isubfam1",28871,True,False,False,payload-null
cand_c298961a9be97e7d3c5f,fd,"ilang1,isubfam2",28872,True,True,True,valid
cand_bb7096c92629b986074c,fd,"ilang1,itmpabsnt",28873,True,True,True,valid
cand_1bc9818eaf206046feaa,fd,"ilang1,dtravtime",28874,True,True,True,valid
cand_a2dafd3aea8a7a5318a7,fd,"ilang1,ivietnam",28875,True,True,True,valid
cand_e54caf78fa97f877af1a,fd,"ilang1,dweek89",28876,True,True,True,valid
cand_22aa1eafa22916ea708f,fd,"ilang1,iwork89",28877,True,True,True,valid
cand_393569e16d31e851aaa3,fd,"ilang1,iworklwk",28878,True,False,False,payload-null
cand_442dc09421f2ff7e42a7,fd,"ilang1,iwwii",28879,True,True,True,valid
cand_4b7f83f17cd54fa67237,fd,"ilang1,iyearsch",28880,True,True,True,valid
cand_6a32cbe96006d1320919,fd,"ilang1,iyearwrk",28881,True,True,True,valid
cand_c2ae67b58c29a752b674,fd,"ilang1,dyrsserv",28882,True,True,True,valid
cand_e7acbb7ecd390aebf716,fd,"ilooking,imarital",28883,True,False,False,payload-null
cand_79ff05af793f81c7d39d,fd,"ilooking,imay75880",28884,True,False,False,payload-null
cand_d589a6cc84f3818b42ea,fd,"ilooking,imeans",28885,True,True,True,valid
cand_93831905cd6e158b35f0,fd,"ilooking,imilitary",28886,True,True,True,valid
cand_190728ea066a3013f8ca,fd,"ilooking,imobility",28887,True,True,True,valid
cand_a6f06516863e23699ce5,fd,"ilooking,imobillim",28888,True,True,True,valid
cand_8ddbb9f884423226922d,fd,"ilooking,doccup",28889,True,False,False,payload-null
cand_b681237bea4749b3dddc,fd,"ilooking,iothrserv",28890,True,True,True,valid
cand_99a2a13c38db1132de6b,fd,"ilooking,iperscare",28891,True,True,True,valid
cand_3b275fbe32c80819b32b,fd,"ilooking,dpob",28892,True,False,False,payload-null
cand_15657754e1f90d751621,fd,"ilooking,dpoverty",28893,True,False,False,payload-null
cand_b5638075971be7ea6ca8,fd,"ilooking,dpwgt1",28894,True,False,False,payload-null
cand_1bcc398cd93d67169c16,fd,"ilooking,iragechld",28895,True,False,False,payload-null
cand_b715d36cfa769cd66eda,fd,"ilooking,drearning",28896,True,False,False,payload-null
cand_39152a7e168de7bd4dc5,fd,"ilooking,irelat1",28897,True,False,False,payload-null
cand_b80b9028b34e46cc88fc,fd,"ilooking,irelat2",28898,True,True,True,valid
cand_600fca76f98a9f4a170f,fd,"ilooking,iremplpar",28899,True,True,True,valid
cand_5d952663b58926febedb,fd,"ilooking,iriders",28900,True,True,True,valid
cand_e03cb81840251def5fc1,fd,"ilooking,irlabor",28901,True,True,True,valid
cand_cb41869a0701a33bb681,fd,"ilooking,irownchld",28902,True,False,False,payload-null
cand_b037b5db072c8cb33b72,fd,"ilooking,drpincome",28903,True,False,False,payload-null
cand_209b80480934cc98b09a,fd,"ilooking,irpob",28904,True,True,True,valid
cand_9a6737b4afc9a5ff833e,fd,"ilooking,irrelchld",28905,True,False,False,payload-null
cand_62fa4e0f95b5808136c8,fd,"ilooking,irspouse",28906,True,True,True,valid
cand_cc1942e2f3e69ffbe025,fd,"ilooking,irvetserv",28907,True,False,False,payload-null
cand_ee31d6b1b3eb1243a039,fd,"ilooking,ischool",28908,True,True,True,valid
cand_b23810d90a7ed2676aa4,fd,"ilooking,isept80",28909,True,False,False,payload-null
cand_e728f32a8bd8936d8e68,fd,"ilooking,isex",28910,True,False,False,payload-null
cand_b1086e15b5037cf94e5e,fd,"ilooking,isubfam1",28911,True,False,False,payload-null
cand_27f6b6f85459772da63d,fd,"ilooking,isubfam2",28912,True,True,True,valid
cand_c4582dc7b9fe010d4a85,fd,"ilooking,itmpabsnt",28913,True,False,False,payload-null
cand_447b076711d7d27f3858,fd,"ilooking,dtravtime",28914,True,True,True,valid
cand_fd1d99d6754f0951540d,fd,"ilooking,ivietnam",28915,True,False,False,payload-null
cand_4bdfb5f221308cd7dd3b,fd,"ilooking,dweek89",28916,True,False,False,payload-null
cand_4c5a2974972779cdba34,fd,"ilooking,iwork89",28917,True,True,True,valid
cand_93a25f343bc5e126726d,fd,"ilooking,iworklwk",28918,True,False,False,payload-null
cand_4bc52b489c846879553f,fd,"ilooking,iwwii",28919,True,False,False,payload-null
cand_2ffda0f1856d82de49d6,fd,"ilooking,iyearsch",28920,True,True,True,valid
cand_b88bb15c8d5d1d6ba715,fd,"ilooking,iyearwrk",28921,True,True,True,valid
cand_fc777bb01b75ea8f73ae,fd,"ilooking,dyrsserv",28922,True,False,False,payload-null
cand_28dcb3d34e790cecb9ab,fd,"imarital,imay75880",28923,True,True,True,valid
cand_a29d0b1d3912242f0d2d,fd,"imarital,imeans",28924,True,False,False,payload-null
cand_027ad21c3ab4ce5aeec5,fd,"imarital,imilitary",28925,True,False,False,payload-null
cand_0b933ed446f01f49533a,fd,"imarital,imobility",28926,True,True,True,valid
cand_565d5aa53a0020cccf48,fd,"imarital,imobillim",28927,True,True,True,valid
cand_74f0107509b6c32852fc,fd,"imarital,doccup",28928,True,False,False,payload-null
cand_f895fc1997926c4ec526,fd,"imarital,iothrserv",28929,True,True,True,valid
cand_3ff494b36c5523a598ab,fd,"imarital,iperscare",28930,True,True,True,valid
cand_355829775aea03999348,fd,"imarital,dpob",28931,True,False,False,payload-null
cand_391c6d32d1fbbd7c27e8,fd,"imarital,dpoverty",28932,True,False,False,payload-null
cand_53b3e74844c1daffc1cd,fd,"imarital,dpwgt1",28933,True,False,False,payload-null
cand_1344ce41a64d280f21e6,fd,"imarital,iragechld",28934,True,False,False,payload-null
cand_17c27805561471cba6b1,fd,"imarital,drearning",28935,True,False,False,payload-null
cand_c23b9e6949ffee622ce6,fd,"imarital,irelat1",28936,True,True,True,valid
cand_79bdb042c47b0740dd66,fd,"imarital,irelat2",28937,True,True,True,valid
cand_a187913914d7dc5afb5b,fd,"imarital,iremplpar",28938,True,True,True,valid
cand_b5b59bcdcf0a3cc1e5a8,fd,"imarital,iriders",28939,True,False,False,payload-null
cand_3669042383f27f3f8872,fd,"imarital,irlabor",28940,True,False,False,payload-null
cand_f1a6a1a6d1761b263297,fd,"imarital,irownchld",28941,True,True,True,valid
cand_4e6045ca6237bd7e9249,fd,"imarital,drpincome",28942,True,False,False,payload-null
cand_242ad3b98302caf41d56,fd,"imarital,irrelchld",28943,True,True,True,valid
cand_0d26ca0af65977720709,fd,"imarital,irspouse",28944,True,True,True,valid
cand_605681a8f3576fe4508f,fd,"imarital,irvetserv",28945,True,False,False,payload-null
cand_8d7c3f750ede04a9544d,fd,"imarital,ischool",28946,True,True,True,valid
cand_8050cebd0419d13559a1,fd,"imarital,isept80",28947,True,True,True,valid
cand_6d5c214fd3b6550456ad,fd,"imarital,isex",28948,True,False,False,payload-null
cand_5c82742d66b500a7853c,fd,"imarital,isubfam1",28949,True,True,True,valid
cand_ba1863bf5fd0662f7181,fd,"imarital,isubfam2",28950,True,True,True,valid
cand_6af0f969a5a4a3f65e0c,fd,"imarital,itmpabsnt",28951,True,False,False,payload-null
cand_4f0a404373735f5c7f53,fd,"imarital,dtravtime",28952,True,False,False,payload-null
cand_a878989dd45d44d7e024,fd,"imarital,ivietnam",28953,True,False,False,payload-null
cand_c96a86f812e65962d8ed,fd,"imarital,dweek89",28954,True,False,False,payload-null
cand_cab6f50cd34cfaf7d178,fd,"imarital,iwork89",28955,True,False,False,payload-null
cand_7f28f35d2fc2d8127a23,fd,"imarital,iworklwk",28956,True,False,False,payload-null
cand_7adc4fa5d7f075eb0e2d,fd,"imarital,iwwii",28957,True,False,False,payload-null
cand_989d73e3f341ac1db0d9,fd,"imarital,iyearsch",28958,True,True,True,valid
cand_a3580f046db6ca19da5a,fd,"imarital,iyearwrk",28959,True,False,False,payload-null
cand_218b7ac5821f3d4586cd,fd,"imarital,dyrsserv",28960,True,False,False,payload-null
cand_330be8276955e7999cae,fd,"imay75880,imeans",28961,True,True,True,valid
cand_f8f430767f098323dcd3,fd,"imay75880,imilitary",28962,True,True,True,valid
cand_af6706983a487b736e1d,fd,"imay75880,imobility",28963,True,True,True,valid
cand_99192293279c09ca2b85,fd,"imay75880,imobillim",28964,True,True,True,valid
cand_5e59beef9631fb995366,fd,"imay75880,doccup",28965,True,False,False,payload-null
cand_7cdf4cc47d70cf096a23,fd,"imay75880,iothrserv",28966,True,True,True,valid
cand_3e2ab9a385be839b1095,fd,"imay75880,iperscare",28967,True,True,True,valid
cand_d7485c48cc678377f74d,fd,"imay75880,dpob",28968,True,True,True,valid
cand_330da80510439ebbcf90,fd,"imay75880,dpoverty",28969,True,False,False,payload-null
cand_afed4e3aced91944f733,fd,"imay75880,dpwgt1",28970,True,False,False,payload-null
cand_6458cf5cf3c435cd7833,fd,"imay75880,iragechld",28971,True,False,False,payload-null
cand_b519d8102755d5703e53,fd,"imay75880,drearning",28972,True,False,False,payload-null
cand_0a19ddb2832aa0cc0477,fd,"imay75880,irelat1",28973,True,True,True,valid
cand_c546bb8fcbf0798f9d52,fd,"imay75880,irelat2",28974,True,True,True,valid
cand_3272eb0548df86042403,fd,"imay75880,iremplpar",28975,True,True,True,valid
cand_38c97b35c440563868c0,fd,"imay75880,iriders",28976,True,True,True,valid
cand_b8cd173444ed43e2dd56,fd,"imay75880,irlabor",28977,True,True,True,valid
cand_6d58f55fbcfeeae268a9,fd,"imay75880,irownchld",28978,True,True,True,valid
cand_62683662edaba0fdb8bd,fd,"imay75880,drpincome",28979,True,True,True,valid
cand_d08224f1e2a2040a7ca4,fd,"imay75880,irpob",28980,True,True,True,valid
cand_9b54b642e104ef62246d,fd,"imay75880,irrelchld",28981,True,True,True,valid
cand_a7410e6f590ccbe63fe0,fd,"imay75880,irspouse",28982,True,True,True,valid
cand_df4659de27c5530a1255,fd,"imay75880,irvetserv",28983,True,True,True,valid
cand_81882c8a11590ef8172e,fd,"imay75880,ischool",28984,True,True,True,valid
cand_3b7456038850c8159619,fd,"imay75880,isept80",28985,True,False,False,payload-null
cand_af28eaaff2c62718ac86,fd,"imay75880,isex",28986,True,False,False,payload-null
cand_6463b07b744c36031b89,fd,"imay75880,isubfam1",28987,True,True,True,valid
cand_da4c9ff501d4c81669e9,fd,"imay75880,isubfam2",28988,True,True,True,valid
cand_2a0e58dd66f40cf95403,fd,"imay75880,itmpabsnt",28989,True,False,False,payload-null
cand_7c06abcf00a2c10aa9f3,fd,"imay75880,dtravtime",28990,True,False,False,payload-null
cand_195423e738e0cde0d185,fd,"imay75880,ivietnam",28991,True,False,False,payload-null
cand_129ec39f0e4410051d68,fd,"imay75880,dweek89",28992,True,False,False,payload-null
cand_d5534f5b32336b208f7d,fd,"imay75880,iwork89",28993,True,True,True,valid
cand_1991321b9fe85d11222a,fd,"imay75880,iworklwk",28994,True,False,False,payload-null
cand_2c6242d68e159216af13,fd,"imay75880,iwwii",28995,True,False,False,payload-null
cand_0c97d6f0e10ce9ab2704,fd,"imay75880,iyearsch",28996,True,True,True,valid
cand_49f52c88de46923b1f16,fd,"imay75880,iyearwrk",28997,True,True,True,valid
cand_34b6551306175632de27,fd,"imay75880,dyrsserv",28998,True,True,True,valid
cand_ffc73c0fdcffcb1e0877,fd,"imeans,imilitary",28999,True,True,True,valid
cand_81bad1fadc06b868d8ea,fd,"imeans,imobility",29000,True,True,True,valid
cand_731dc519e5ec1310f179,fd,"imeans,imobillim",29001,True,True,True,valid
cand_fc8d31599bd1930870c0,fd,"imeans,doccup",29002,True,True,True,valid
cand_77e78c6d8475909f8db5,fd,"imeans,iothrserv",29003,True,True,True,valid
cand_56003645d000b0feaef3,fd,"imeans,iperscare",29004,True,True,True,valid
cand_6d2ca48d96e53d2a6470,fd,"imeans,dpob",29005,True,True,True,valid
cand_8f905d98ab40ac5b7a63,fd,"imeans,dpoverty",29006,True,True,True,valid
cand_8d94bea8676d67ee6285,fd,"imeans,dpwgt1",29007,True,False,False,payload-null
cand_8646aa921e2fd97b302d,fd,"imeans,iragechld",29008,True,True,True,valid
cand_7971243e4a6f55ac48d3,fd,"imeans,drearning",29009,True,False,False,payload-null
cand_9cc26f9c8dfdfe39b727,fd,"imeans,irelat1",29010,True,True,True,valid
cand_e924bf169234742dad83,fd,"imeans,irelat2",29011,True,True,True,valid
cand_c343abd256ae4b8c5782,fd,"imeans,iremplpar",29012,True,True,True,valid
cand_90e61b8cafe80be40eaf,fd,"imeans,iriders",29013,True,True,True,valid
cand_d5ddf0af570703849dfb,fd,"imeans,irlabor",29014,True,True,True,valid
cand_f3d796bef095c71d47f7,fd,"imeans,irownchld",29015,True,True,True,valid
cand_33775a6b62962a02830c,fd,"imeans,drpincome",29016,True,False,False,payload-null
cand_6a7c39901a6ff425807d,fd,"imeans,irpob",29017,True,True,True,valid
cand_3f574d33f0946083618f,fd,"imeans,irrelchld",29018,True,True,True,valid
cand_59e0e8e646eeff819732,fd,"imeans,irspouse",29019,True,True,True,valid
cand_0d128a461c8dba8da9d7,fd,"imeans,irvetserv",29020,True,False,False,payload-null
cand_4ab7d7d895faa315be79,fd,"imeans,ischool",29021,True,True,True,valid
cand_5288db672eeff810fc63,fd,"imeans,isept80",29022,True,True,True,valid
cand_917ae0c681a792c0c5e6,fd,"imeans,isex",29023,True,True,True,valid
cand_d128df88809215ea6b30,fd,"imeans,isubfam1",29024,True,True,True,valid
cand_8cc4a082fbef26b12a5b,fd,"imeans,isubfam2",29025,True,True,True,valid
cand_a5398ac9c5a15f4b9d17,fd,"imeans,itmpabsnt",29026,True,True,True,valid
cand_993522adfee4dd5eb831,fd,"imeans,dtravtime",29027,True,True,True,valid
cand_01317fe354ff1dc0becc,fd,"imeans,ivietnam",29028,True,True,True,valid
cand_4e1050e27b7a8835538e,fd,"imeans,dweek89",29029,True,False,False,payload-null
cand_625d6b2d970d2c9385df,fd,"imeans,iwork89",29030,True,True,True,valid
cand_977eaee5e3256b099502,fd,"imeans,iworklwk",29031,True,True,True,valid
cand_cb03ba0a374ff7476ca8,fd,"imeans,iwwii",29032,True,True,True,valid
cand_1322d5eb2d1ec6c4bbe8,fd,"imeans,iyearsch",29033,True,True,True,valid
cand_db53b11efdd9a5f966b9,fd,"imeans,iyearwrk",29034,True,True,True,valid
cand_963addcf7d8f5656e2f7,fd,"imeans,dyrsserv",29035,True,False,False,payload-null
cand_80f5503e73fadd457faa,fd,"imilitary,imobility",29036,True,True,True,valid
cand_992ac59d4ad95580c269,fd,"imilitary,imobillim",29037,True,True,True,valid
cand_4cc094282674da205756,fd,"imilitary,doccup",29038,True,True,True,valid
cand_b5a5bdc2291c9a267e39,fd,"imilitary,iothrserv",29039,True,True,True,valid
cand_5424c8c3e17d5c250955,fd,"imilitary,iperscare",29040,True,True,True,valid
cand_dc998dbe220506fba7ea,fd,"imilitary,dpob",29041,True,False,False,payload-null
cand_98d063247c53a3ae7886,fd,"imilitary,dpoverty",29042,True,False,False,payload-null
cand_1c7ea1f406aea1818319,fd,"imilitary,dpwgt1",29043,True,False,False,payload-null
cand_cbdf8a45fb51a27d3073,fd,"imilitary,iragechld",29044,True,False,False,payload-null
cand_bf0516fbe227ecb3dafb,fd,"imilitary,drearning",29045,True,True,True,valid
cand_da60dba82b2c87d4d889,fd,"imilitary,irelat1",29046,True,False,False,payload-null
cand_91e40b3a716f07b4f97d,fd,"imilitary,irelat2",29047,True,True,True,valid
cand_a92d4bb016267c7f12c5,fd,"imilitary,iremplpar",29048,True,True,True,valid
cand_2f79c68ed1514dd0e08b,fd,"imilitary,iriders",29049,True,True,True,valid
cand_eee2864d2d24f76e601d,fd,"imilitary,irlabor",29050,True,True,True,valid
cand_b00486fbae79eb961fb2,fd,"imilitary,irownchld",29051,True,True,True,valid
cand_846b9e63f2c9be22a727,fd,"imilitary,irpob",29052,True,True,True,valid
cand_3dfabec090a799bea581,fd,"imilitary,irrelchld",29053,True,True,True,valid
cand_2284fbb76f0507f32e55,fd,"imilitary,irspouse",29054,True,True,True,valid
cand_01c7cf72dea714349c0c,fd,"imilitary,irvetserv",29055,True,True,True,valid
cand_ef697ed83b81c144c8b2,fd,"imilitary,ischool",29056,True,True,True,valid
cand_0d8797705f848bfbbce4,fd,"imilitary,isept80",29057,True,True,True,valid
cand_8eabae108e33c693db89,fd,"imilitary,isex",29058,True,False,False,payload-null
cand_f2a8da38619d5713628b,fd,"imilitary,isubfam1",29059,True,False,False,payload-null
cand_c01ed8aa3ac8f0cae125,fd,"imilitary,isubfam2",29060,True,True,True,valid
cand_71bcf9b0c842f98b6e7a,fd,"imilitary,itmpabsnt",29061,True,True,True,valid
cand_cd3640c0119fe510f4bb,fd,"imilitary,dtravtime",29062,True,True,True,valid
cand_1e469614b1ccde6b24be,fd,"imilitary,ivietnam",29063,True,True,True,valid
cand_344e14190081068b800e,fd,"imilitary,dweek89",29064,True,True,True,valid
cand_595ee38f4926565367a1,fd,"imilitary,iwork89",29065,True,True,True,valid
cand_527232e3db972a2e0d60,fd,"imilitary,iworklwk",29066,True,False,False,payload-null
cand_4ba32ef94451612396b7,fd,"imilitary,iwwii",29067,True,True,True,valid
cand_a7db0dfa42f361991e86,fd,"imilitary,iyearsch",29068,True,True,True,valid
cand_d3b9b4a74dd9445adcec,fd,"imilitary,iyearwrk",29069,True,True,True,valid
cand_6141d328f62912329364,fd,"imilitary,dyrsserv",29070,True,True,True,valid
cand_ab2d52a35ba1bb0afc4a,fd,"imobility,imobillim",29071,True,True,True,valid
cand_065914d045d6a083611f,fd,"imobility,doccup",29072,True,True,True,valid
cand_b7674a229a7829ced16f,fd,"imobility,iothrserv",29073,True,True,True,valid
cand_489681265573efc9d511,fd,"imobility,iperscare",29074,True,True,True,valid
cand_aa388894c97b8448d42f,fd,"imobility,dpob",29075,True,False,False,payload-null
cand_9239ae7c11fa4c119ffc,fd,"imobility,dpoverty",29076,True,False,False,payload-null
cand_571b00786a392042dfdc,fd,"imobility,dpwgt1",29077,True,False,False,payload-null
cand_c6a8473f2371f91da861,fd,"imobility,iragechld",29078,True,False,False,payload-null
cand_2384bc379ae507b92d30,fd,"imobility,drearning",29079,True,True,True,valid
cand_3794c1708be4aa839342,fd,"imobility,irelat1",29080,True,False,False,payload-null
cand_ff2861ae739241ba18f9,fd,"imobility,irelat2",29081,True,False,False,payload-null
cand_4104ad90a74b041a1327,fd,"imobility,iremplpar",29082,True,False,False,payload-null
cand_e19e951fb262fc6a5f4f,fd,"imobility,iriders",29083,True,True,True,valid
cand_393c21088d90d89a68c8,fd,"imobility,irlabor",29084,True,True,True,valid
cand_e3f3380debf3a8121166,fd,"imobility,irownchld",29085,True,False,False,payload-null
cand_01b80361e5581fb71af7,fd,"imobility,drpincome",29086,True,True,True,valid
cand_41feb9be6ebf04e860e2,fd,"imobility,irpob",29087,True,True,True,valid
cand_33750799431d968a5886,fd,"imobility,irrelchld",29088,True,False,False,payload-null
cand_aa121c560e3c04ba427c,fd,"imobility,irspouse",29089,True,True,True,valid
cand_93922a0aae645b6094cc,fd,"imobility,irvetserv",29090,True,True,True,valid
cand_0e1d82c6fc6a4182b99f,fd,"imobility,ischool",29091,True,True,True,valid
cand_a49d459a4ea2287538da,fd,"imobility,isept80",29092,True,True,True,valid
cand_060be2fa29fdf8d11b38,fd,"imobility,isex",29093,True,False,False,payload-null
cand_2331d2bd40480d231964,fd,"imobility,isubfam1",29094,True,False,False,payload-null
cand_ef2504e5772638e795c2,fd,"imobility,isubfam2",29095,True,True,True,valid
cand_92edae8fa3850786a427,fd,"imobility,itmpabsnt",29096,True,True,True,valid
cand_84b79a3b7b383f8fb3fd,fd,"imobility,dtravtime",29097,True,True,True,valid
cand_d022c083a94367308b44,fd,"imobility,ivietnam",29098,True,True,True,valid
cand_91c2b1a07937237a17ad,fd,"imobility,dweek89",29099,True,True,True,valid
cand_83dfe01234f123fc8dea,fd,"imobility,iwork89",29100,True,True,True,valid
cand_bd0659b41ad9f146c8fe,fd,"imobility,iworklwk",29101,True,False,False,payload-null
cand_a536a2875c3f2fde9f92,fd,"imobility,iwwii",29102,True,True,True,valid
cand_cb3d3dda2223f08eb82f,fd,"imobility,iyearsch",29103,True,True,True,valid
cand_ec80b7f25fec2e173fd5,fd,"imobility,iyearwrk",29104,True,True,True,valid
cand_ee25b5feff0c42fac487,fd,"imobility,dyrsserv",29105,True,True,True,valid
cand_a9f8e43a2d92657ba045,fd,"imobillim,doccup",29106,True,True,True,valid
cand_3022d07db304984276d3,fd,"imobillim,iperscare",29107,True,True,True,valid
cand_3401d3dc307ebcc1966f,fd,"imobillim,dpob",29108,True,False,False,payload-null
cand_a2e1ae573c59634d4d6a,fd,"imobillim,dpoverty",29109,True,False,False,payload-null
cand_01b1fd2eb791959bc1c6,fd,"imobillim,dpwgt1",29110,True,False,False,payload-null
cand_ed3cd3a223726431952c,fd,"imobillim,iragechld",29111,True,False,False,payload-null
cand_349c7498507c6077a9b3,fd,"imobillim,drearning",29112,True,True,True,valid
cand_cab0db9973be94609150,fd,"imobillim,irelat1",29113,True,False,False,payload-null
cand_cecd117ed6663693647f,fd,"imobillim,irelat2",29114,True,True,True,valid
cand_54adc9affc31457ca255,fd,"imobillim,iremplpar",29115,True,False,False,payload-null
cand_cd556defc97c40fcb476,fd,"imobillim,iriders",29116,True,True,True,valid
cand_e6b615d77f17142790cd,fd,"imobillim,irlabor",29117,True,True,True,valid
cand_0175e87d3c99e2db3a81,fd,"imobillim,irownchld",29118,True,False,False,payload-null
cand_5b138b5c85b39ec24891,fd,"imobillim,drpincome",29119,True,True,True,valid
cand_30c58580041baf82e074,fd,"imobillim,irpob",29120,True,True,True,valid
cand_02053f8322504767cb99,fd,"imobillim,irrelchld",29121,True,False,False,payload-null
cand_3fad493d166ea2306a81,fd,"imobillim,irspouse",29122,True,True,True,valid
cand_14e866dc6a3d45c012de,fd,"imobillim,irvetserv",29123,True,True,True,valid
cand_c485499ce745bd85f0b4,fd,"imobillim,ischool",29124,True,True,True,valid
cand_8d0209cf85e62e9149bc,fd,"imobillim,isept80",29125,True,True,True,valid
cand_d77e9300edadc828ca23,fd,"imobillim,isex",29126,True,False,False,payload-null
cand_19951b5a04a1860cfcce,fd,"imobillim,isubfam1",29127,True,False,False,payload-null
cand_3731c7372872e0d91268,fd,"imobillim,isubfam2",29128,True,True,True,valid
cand_472907e1c14bf147c28c,fd,"imobillim,itmpabsnt",29129,True,True,True,valid
cand_a092ae40e8403558c2e4,fd,"imobillim,dtravtime",29130,True,True,True,valid
cand_8a81ebcaa42e60e3f5a3,fd,"imobillim,ivietnam",29131,True,True,True,valid
cand_659b5d011f25a7bab802,fd,"imobillim,dweek89",29132,True,True,True,valid
cand_dcf76d32b37d94307925,fd,"imobillim,iwork89",29133,True,True,True,valid
cand_00a1613c318dd838031f,fd,"imobillim,iworklwk",29134,True,False,False,payload-null
cand_1604aa8650353db6562c,fd,"imobillim,iwwii",29135,True,True,True,valid
cand_121019058c402d109558,fd,"imobillim,iyearsch",29136,True,True,True,valid
cand_c3ce38de63d77614818a,fd,"imobillim,iyearwrk",29137,True,True,True,valid
cand_657febdb261d9feac9b6,fd,"imobillim,dyrsserv",29138,True,True,True,valid
cand_daa96d46a78d595d9cc1,fd,"doccup,iothrserv",29139,True,True,True,valid
cand_e8283d432ae3574d6092,fd,"doccup,iperscare",29140,True,True,True,valid
cand_a17c48e3e8d9e44102f9,fd,"doccup,dpob",29141,True,False,False,payload-null
cand_75e09e7dea85bbf3d671,fd,"doccup,dpoverty",29142,True,False,False,payload-null
cand_b83802a4f402e8adb665,fd,"doccup,dpwgt1",29143,True,False,False,payload-null
cand_9a7f8410e5f70fa75faf,fd,"doccup,iragechld",29144,True,False,False,payload-null
cand_f375a1ad5e07a24778dd,fd,"doccup,drearning",29145,True,True,True,valid
cand_3f49c6841896188be0c9,fd,"doccup,irelat1",29146,True,False,False,payload-null
cand_2811b9870e4e64884c15,fd,"doccup,irelat2",29147,True,True,True,valid
cand_5777f7420aa93ffe2069,fd,"doccup,iremplpar",29148,True,True,True,valid
cand_baf0ed803864a9e46b6c,fd,"doccup,iriders",29149,True,True,True,valid
cand_ec6d19a7990c8b437561,fd,"doccup,irlabor",29150,True,True,True,valid
cand_4190d01a949503550229,fd,"doccup,irownchld",29151,True,True,True,valid
cand_56d67986f4d20086be67,fd,"doccup,drpincome",29152,True,False,False,payload-null
cand_03fc10faf47ce8db060b,fd,"doccup,irpob",29153,True,True,True,valid
cand_de201d4229e5d0445f0f,fd,"doccup,irrelchld",29154,True,True,True,valid
cand_04b663c203f6cbcdbdb8,fd,"doccup,irspouse",29155,True,True,True,valid
cand_4df693c81b5b80a12212,fd,"doccup,irvetserv",29156,True,False,False,payload-null
cand_4b91a9fedd34ca2b406a,fd,"doccup,ischool",29157,True,True,True,valid
cand_3c314c92dd22864eed97,fd,"doccup,isept80",29158,True,False,False,payload-null
cand_7fb086f98fc57d2a4527,fd,"doccup,isex",29159,True,False,False,payload-null
cand_d4cffadbf895232c8325,fd,"doccup,isubfam1",29160,True,True,True,valid
cand_9b483f191bf545a49e92,fd,"doccup,isubfam2",29161,True,True,True,valid
cand_7628a11265102521af0d,fd,"doccup,itmpabsnt",29162,True,False,False,payload-null
cand_eeab8cc06b0a1702b5b2,fd,"doccup,dtravtime",29163,True,True,True,valid
cand_fa8d98193a463276de20,fd,"doccup,ivietnam",29164,True,False,False,payload-null
cand_7d54f4d2c389a29c01be,fd,"doccup,dweek89",29165,True,True,True,valid
cand_092bfbc727b48657e137,fd,"doccup,iwork89",29166,True,True,True,valid
cand_79c74fb0d810be54e86f,fd,"doccup,iworklwk",29167,True,False,False,payload-null
cand_f7aab7962be7c679bbcd,fd,"doccup,iwwii",29168,True,True,True,valid
cand_324238ed37d1730df5f6,fd,"doccup,iyearsch",29169,True,True,True,valid
cand_c0645d52765cbe0e73a6,fd,"doccup,iyearwrk",29170,True,True,True,valid
cand_2933f66b953049968881,fd,"doccup,dyrsserv",29171,True,False,False,payload-null
cand_caa9fa8eaf1b7630c98e,fd,"iothrserv,iperscare",29172,True,True,True,valid
cand_70d386e8bbe13cfddf6d,fd,"iothrserv,dpob",29173,True,True,True,valid
cand_7ff616d5a0514670497e,fd,"iothrserv,dpoverty",29174,True,False,False,payload-null
cand_31b3594b360d89d23f2b,fd,"iothrserv,dpwgt1",29175,True,True,True,valid
cand_de8401fbea01118ab12b,fd,"iothrserv,iragechld",29176,True,True,True,valid
cand_611657f579218e4d2881,fd,"iothrserv,drearning",29177,True,False,False,payload-null
cand_a4623867b1106e32cabc,fd,"iothrserv,irelat1",29178,True,True,True,valid
cand_c7500e531c3595c86650,fd,"iothrserv,irelat2",29179,True,True,True,valid
cand_168f1e42580bb0a40c12,fd,"iothrserv,iremplpar",29180,True,True,True,valid
cand_8272ea15498ce1a1bdab,fd,"iothrserv,iriders",29181,True,True,True,valid
cand_ac5b639e75d3c86d88c6,fd,"iothrserv,irlabor",29182,True,True,True,valid
cand_4824fdbbb4480aede3c3,fd,"iothrserv,irownchld",29183,True,True,True,valid
cand_7b038176eae6c1082bb2,fd,"iothrserv,drpincome",29184,True,True,True,valid
cand_3e23067593734dcce04a,fd,"iothrserv,irpob",29185,True,True,True,valid
cand_fd0b05bfddec40f65025,fd,"iothrserv,irrelchld",29186,True,True,True,valid
cand_b9bdaef89eb35bdae9d3,fd,"iothrserv,irspouse",29187,True,True,True,valid
cand_0bffa0395d0525f8ad85,fd,"iothrserv,irvetserv",29188,True,True,True,valid
cand_c6e0d648bad8d8634cf8,fd,"iothrserv,ischool",29189,True,True,True,valid
cand_b26a565228a2f1d774f3,fd,"iothrserv,isept80",29190,True,True,True,valid
cand_3fc54aa235b6da5923c5,fd,"iothrserv,isex",29191,True,False,False,payload-null
cand_871a19e42a3bdfb065a8,fd,"iothrserv,isubfam1",29192,True,True,True,valid
cand_7010456f0ff526d7f5bb,fd,"iothrserv,isubfam2",29193,True,True,True,valid
cand_6f6f3c7cbe29c62f8494,fd,"iothrserv,itmpabsnt",29194,True,False,False,payload-null
cand_d4d9ed51098f9cb325cc,fd,"iothrserv,dtravtime",29195,True,True,True,valid
cand_a7250d44b90f0146c363,fd,"iothrserv,ivietnam",29196,True,False,False,payload-null
cand_d475515a084983d87a56,fd,"iothrserv,dweek89",29197,True,False,False,payload-null
cand_81ffdf5036a137be2369,fd,"iothrserv,iwork89",29198,True,True,True,valid
cand_47338adef74b8af2a067,fd,"iothrserv,iworklwk",29199,True,False,False,payload-null
cand_cd3938b22c1301ee953f,fd,"iothrserv,iwwii",29200,True,False,False,payload-null
cand_917c4f94ed6ce48b387f,fd,"iothrserv,iyearsch",29201,True,True,True,valid
cand_dd21f7c30ac1a7be9596,fd,"iothrserv,iyearwrk",29202,True,True,True,valid
cand_07a91fa1924b035f3fe3,fd,"iothrserv,dyrsserv",29203,True,True,True,valid
cand_a84c2cf2984293d51067,fd,"iperscare,dpob",29204,True,False,False,payload-null
cand_115c9cd2c32c57d0e17d,fd,"iperscare,dpoverty",29205,True,False,False,payload-null
cand_fc28e11d6a8b7065f2d8,fd,"iperscare,dpwgt1",29206,True,False,False,payload-null
cand_5eaeb03d9ed09e8573e0,fd,"iperscare,iragechld",29207,True,False,False,payload-null
cand_2c5f18df5ea90c9eff25,fd,"iperscare,drearning",29208,True,True,True,valid
cand_269d6500fdab25f2c2c5,fd,"iperscare,irelat1",29209,True,False,False,payload-null
cand_1cec05bff48abf30aa22,fd,"iperscare,irelat2",29210,True,True,True,valid
cand_9e0bbbddf50bba7fd5b3,fd,"iperscare,iremplpar",29211,True,False,False,payload-null
cand_9b1eb13b5702c2a6871d,fd,"iperscare,iriders",29212,True,True,True,valid
cand_79286f46fe4a7b610900,fd,"iperscare,irlabor",29213,True,True,True,valid
cand_1aa1feef077309ba7165,fd,"iperscare,irownchld",29214,True,False,False,payload-null
cand_830383fbe8d603e41e02,fd,"iperscare,drpincome",29215,True,True,True,valid
cand_b9427ce836b4c6fc7837,fd,"iperscare,irpob",29216,True,True,True,valid
cand_81cc32e7850bc1cd1c1c,fd,"iperscare,irrelchld",29217,True,False,False,payload-null
cand_b5454f81c1a9ded04f45,fd,"iperscare,irspouse",29218,True,True,True,valid
cand_a87e37344cee8a694b8d,fd,"iperscare,irvetserv",29219,True,True,True,valid
cand_40af4a1eac5937c577f0,fd,"iperscare,ischool",29220,True,True,True,valid
cand_114652dedcaa266c41da,fd,"iperscare,isept80",29221,True,True,True,valid
cand_7faaf5be68ca44d9310f,fd,"iperscare,isex",29222,True,False,False,payload-null
cand_df93a5c86611a41d7e85,fd,"iperscare,isubfam1",29223,True,False,False,payload-null
cand_0176758e6e8b11674a24,fd,"iperscare,isubfam2",29224,True,True,True,valid
cand_001612315166d16fb2a6,fd,"iperscare,itmpabsnt",29225,True,True,True,valid
cand_bbfa49e1463da536c301,fd,"iperscare,ivietnam",29226,True,True,True,valid
cand_2296a6d7358dd3e0c2ba,fd,"iperscare,dweek89",29227,True,True,True,valid
cand_a2a6bba66a3c313354c5,fd,"iperscare,iwork89",29228,True,True,True,valid
cand_14d580d695ca8b785639,fd,"iperscare,iworklwk",29229,True,False,False,payload-null
cand_569209d2b0d6fb0c2c73,fd,"iperscare,iwwii",29230,True,True,True,valid
cand_a7a47c2303191680cb50,fd,"iperscare,iyearsch",29231,True,True,True,valid
cand_03ff1ea8781940cc92e3,fd,"iperscare,dyrsserv",29232,True,True,True,valid
cand_2c96e6e7ddcd1ef0c71b,fd,"dpob,dpoverty",29233,True,False,False,payload-null
cand_f5b3e99b97110ba2a9f7,fd,"dpob,dpwgt1",29234,True,False,False,payload-null
cand_275ec18e3c582738ff38,fd,"dpob,drearning",29235,True,False,False,payload-null
cand_9c4d762ca0fc14c28f80,fd,"dpob,irelat1",29236,True,False,False,payload-null
cand_abd7cdf0334fe5966b50,fd,"dpob,iremplpar",29237,True,False,False,payload-null
cand_8d45079e3f6c71f7a20e,fd,"dpob,iriders",29238,True,False,False,payload-null
cand_b727f415ae0b41fc19f7,fd,"dpob,irlabor",29239,True,True,True,valid
cand_20ffc8d1c1e00b42327a,fd,"dpob,irownchld",29240,True,False,False,payload-null
cand_6fdd2c5900cb105ef9b2,fd,"dpob,drpincome",29241,True,False,False,payload-null
cand_0c26c20afb630c01140f,fd,"dpob,irpob",29242,True,True,True,valid
cand_fffe9fdb91759ea67531,fd,"dpob,irrelchld",29243,True,False,False,payload-null
cand_15d29cefb79b653aebe0,fd,"dpob,irspouse",29244,True,False,False,payload-null
cand_6e9fb7e175d238131180,fd,"dpob,irvetserv",29245,True,True,True,valid
cand_eda82d4d8ab0c1222095,fd,"dpob,ischool",29246,True,False,False,payload-null
cand_8c72d8e041c966f11660,fd,"dpob,isept80",29247,True,False,False,payload-null
cand_76c8a2941d9926217d3b,fd,"dpob,isex",29248,True,False,False,payload-null
cand_20d5a53a62e1967006ec,fd,"dpob,isubfam1",29249,True,False,False,payload-null
cand_06ed8f33e352e4ed3f3b,fd,"dpob,isubfam2",29250,True,True,True,valid
cand_0188825962e41731f310,fd,"dpob,itmpabsnt",29251,True,False,False,payload-null
cand_e15c5213ccdbbca458e5,fd,"dpob,dtravtime",29252,True,False,False,payload-null
cand_5ffec8dbafe1af362141,fd,"dpob,ivietnam",29253,True,True,True,valid
cand_2dcb0ab23ebbcfb3ee37,fd,"dpob,dweek89",29254,True,False,False,payload-null
cand_5352c506e8b84fca1b54,fd,"dpob,iwork89",29255,True,False,False,payload-null
cand_f4971e4106cb65ab3ab2,fd,"dpob,iworklwk",29256,True,False,False,payload-null
cand_dcae8d5f1f8af2b9a916,fd,"dpob,iwwii",29257,True,True,True,valid
cand_62f2e385fd43af151648,fd,"dpob,iyearsch",29258,True,False,False,payload-null
cand_efd30df289fbc97ab05a,fd,"dpob,iyearwrk",29259,True,False,False,payload-null
cand_503ea34b6d65e597b1e4,fd,"dpob,dyrsserv",29260,True,False,False,payload-null
cand_70174ae30a8a60ab088f,fd,"dpoverty,dpwgt1",29261,True,False,False,payload-null
cand_206d56eea2ad709b9cbe,fd,"dpoverty,iragechld",29262,True,False,False,payload-null
cand_75e12f2cb168b61700e3,fd,"dpoverty,drearning",29263,True,True,True,valid
cand_7c6f8538e676d5b2099d,fd,"dpoverty,irelat1",29264,True,True,True,valid
cand_2423d14c604427323b8f,fd,"dpoverty,irelat2",29265,True,True,True,valid
cand_43c0f4d1359e5f5ced30,fd,"dpoverty,iremplpar",29266,True,True,True,valid
cand_fd5f8c1a79f3f2281c67,fd,"dpoverty,iriders",29267,True,False,False,payload-null
cand_98d699196bb5f7b1ec74,fd,"dpoverty,irlabor",29268,True,False,False,payload-null
cand_d4891f3013f9c7b986b8,fd,"dpoverty,irownchld",29269,True,True,True,valid
cand_a8f8625ed80136f0ab4f,fd,"dpoverty,drpincome",29270,True,False,False,payload-null
cand_b3f5a144de7d124f2bc1,fd,"dpoverty,irpob",29271,True,True,True,valid
cand_631588481bd5232beac6,fd,"dpoverty,irrelchld",29272,True,True,True,valid
cand_8d5384f438be4956de68,fd,"dpoverty,irspouse",29273,True,False,False,payload-null
cand_88d6c5060c2d191acd7f,fd,"dpoverty,irvetserv",29274,True,False,False,payload-null
cand_9373e99e32ca742db3fc,fd,"dpoverty,ischool",29275,True,False,False,payload-null
cand_9b323a443598aa08358a,fd,"dpoverty,isept80",29276,True,False,False,payload-null
cand_753a2f95385a238bb356,fd,"dpoverty,isex",29277,True,False,False,payload-null
cand_2d5dfd28be766d28fa66,fd,"dpoverty,isubfam1",29278,True,True,True,valid
cand_523097ae2a5b51ba0691,fd,"dpoverty,isubfam2",29279,True,True,True,valid
cand_29c4e59967363fc86ab0,fd,"dpoverty,itmpabsnt",29280,True,False,False,payload-null
cand_04aaadbe743b2575ff6a,fd,"dpoverty,dtravtime",29281,True,False,False,payload-null
cand_b27fec8a4c22a4eee9d5,fd,"dpoverty,ivietnam",29282,True,False,False,payload-null
cand_da121f08ceb648f6e1d7,fd,"dpoverty,dweek89",29283,True,False,False,payload-null
cand_65e79d879311408dcc75,fd,"dpoverty,iwork89",29284,True,False,False,payload-null
cand_48080eb96221bdf80591,fd,"dpoverty,iworklwk",29285,True,False,False,payload-null
cand_bdc90de202c2d168775d,fd,"dpoverty,iwwii",29286,True,False,False,payload-null
cand_68fc00176c45bceb4552,fd,"dpoverty,iyearsch",29287,True,False,False,payload-null
cand_c9c6eed9abb0d7162b90,fd,"dpoverty,iyearwrk",29288,True,False,False,payload-null
cand_0266fc0ff0b55373443b,fd,"dpoverty,dyrsserv",29289,True,False,False,payload-null
cand_0e3947bc39f532a56ab0,fd,"dpwgt1,iragechld",29290,True,False,False,payload-null
cand_7166b848f878efe4cb6b,fd,"dpwgt1,drearning",29291,True,False,False,payload-null
cand_fcadfb2592a82847425f,fd,"dpwgt1,irelat1",29292,True,False,False,payload-null
cand_d013fccc306aa0858988,fd,"dpwgt1,irelat2",29293,True,False,False,payload-null
cand_0723bf4e5b104a4b03e8,fd,"dpwgt1,iremplpar",29294,True,False,False,payload-null
cand_a6b1f7ed3363767cd554,fd,"dpwgt1,iriders",29295,True,False,False,payload-null
cand_3b96c1e484c4faebd50a,fd,"dpwgt1,irlabor",29296,True,False,False,payload-null
cand_a6cdb77ca9e3961190d0,fd,"dpwgt1,irownchld",29297,True,False,False,payload-null
cand_4b78706d2ec4ac4d0dc9,fd,"dpwgt1,drpincome",29298,True,False,False,payload-null
cand_05d3e4981d80c5b48ba5,fd,"dpwgt1,irpob",29299,True,True,True,valid
cand_6401594db523dc8ce67b,fd,"dpwgt1,irrelchld",29300,True,False,False,payload-null
cand_3481d7ca1ed88744959e,fd,"dpwgt1,irspouse",29301,True,False,False,payload-null
cand_ada78613daa930c6685c,fd,"dpwgt1,irvetserv",29302,True,False,False,payload-null
cand_2112a4ae1fca6e48f912,fd,"dpwgt1,ischool",29303,True,False,False,payload-null
cand_f052dfe9de1423f35f06,fd,"dpwgt1,isept80",29304,True,False,False,payload-null
cand_5dcd8d5b315cbbaaf995,fd,"dpwgt1,isex",29305,True,False,False,payload-null
cand_c84f9cef55639b2170b4,fd,"dpwgt1,isubfam1",29306,True,False,False,payload-null
cand_6131a047ac9efbbd696d,fd,"dpwgt1,isubfam2",29307,True,True,True,valid
cand_eda6981b18b0a6067835,fd,"dpwgt1,itmpabsnt",29308,True,False,False,payload-null
cand_e5dbdc38037dc4b477ce,fd,"dpwgt1,dtravtime",29309,True,False,False,payload-null
cand_895ab0419294c456d186,fd,"dpwgt1,ivietnam",29310,True,False,False,payload-null
cand_00a30a3d713b746cfbb7,fd,"dpwgt1,dweek89",29311,True,False,False,payload-null
cand_7180b5b61687438d3889,fd,"dpwgt1,iwork89",29312,True,False,False,payload-null
cand_da3c180c5ff1243464d4,fd,"dpwgt1,iworklwk",29313,True,False,False,payload-null
cand_cfbcfb2bcc2643fc3410,fd,"dpwgt1,iwwii",29314,True,False,False,payload-null
cand_45d99780c0b55ce84662,fd,"dpwgt1,iyearsch",29315,True,False,False,payload-null
cand_5f945a8ef76d37def447,fd,"dpwgt1,iyearwrk",29316,True,False,False,payload-null
cand_5b4994e9f5e011b9bbaa,fd,"dpwgt1,dyrsserv",29317,True,False,False,payload-null
cand_4706b6061d74e966bffd,fd,"iragechld,drearning",29318,True,False,False,payload-null
cand_9f37dbc8dad9473bba34,fd,"iragechld,irelat1",29319,True,False,False,payload-null
cand_576ce07b9c51cea5d8a6,fd,"iragechld,irelat2",29320,True,True,True,valid
cand_e528156c827bc1078cdd,fd,"iragechld,iremplpar",29321,True,True,True,valid
cand_494939e1eddba96dd7ca,fd,"iragechld,iriders",29322,True,False,False,payload-null
cand_bc3c56f996d1fbbedf78,fd,"iragechld,irlabor",29323,True,True,True,valid
cand_753a048657a06aaf9257,fd,"iragechld,irownchld",29324,True,True,True,valid
cand_1cb147eba544cdbcb818,fd,"iragechld,drpincome",29325,True,False,False,payload-null
cand_a44ce439e2cf18b55496,fd,"iragechld,irpob",29326,True,True,True,valid
cand_dfc7bd162afc987929c9,fd,"iragechld,irrelchld",29327,True,True,True,valid
cand_d444f7a1fb2c38b88b5f,fd,"iragechld,irspouse",29328,True,False,False,payload-null
cand_b102bbbff14f7bacdd73,fd,"iragechld,irvetserv",29329,True,True,True,valid
cand_c138927619cac1d2f3a3,fd,"iragechld,ischool",29330,True,False,False,payload-null
cand_cd193d2621dede61e2c6,fd,"iragechld,isept80",29331,True,False,False,payload-null
cand_7e5945a7c4113ee63d6f,fd,"iragechld,isex",29332,True,True,True,valid
cand_bdb85e6fd8e92622461a,fd,"iragechld,isubfam1",29333,True,False,False,payload-null
cand_d7d23e4adc9772605c1f,fd,"iragechld,isubfam2",29334,True,True,True,valid
cand_1093f36c677a1ef97e18,fd,"iragechld,itmpabsnt",29335,True,False,False,payload-null
cand_7de694305f9460725494,fd,"iragechld,dtravtime",29336,True,False,False,payload-null
cand_e0696d4f75ae3c2b6547,fd,"iragechld,ivietnam",29337,True,False,False,payload-null
cand_da3f0eae23f35abb5590,fd,"iragechld,dweek89",29338,True,False,False,payload-null
cand_b2c13df8f9a41261813f,fd,"iragechld,iwork89",29339,True,False,False,payload-null
cand_f4c162812eb94c1ffccd,fd,"iragechld,iworklwk",29340,True,False,False,payload-null
cand_a848445ecf583bebf8da,fd,"iragechld,iwwii",29341,True,True,True,valid
cand_00f72088e703c5d6f72f,fd,"iragechld,iyearsch",29342,True,False,False,payload-null
cand_897779344766519749c3,fd,"iragechld,iyearwrk",29343,True,False,False,payload-null
cand_9cb2d38fb92b562e6e6b,fd,"iragechld,dyrsserv",29344,True,False,False,payload-null
cand_93b2839ade203e8f6d45,fd,"drearning,irelat1",29345,True,False,False,payload-null
cand_a7536c4b9574a2e1c5cc,fd,"drearning,irelat2",29346,True,True,True,valid
cand_07ab1ad00c6602856c8e,fd,"drearning,iremplpar",29347,True,True,True,valid
cand_1aa905a43d1aa0dff979,fd,"drearning,iriders",29348,True,False,False,payload-null
cand_8ab482402ca277694515,fd,"drearning,irlabor",29349,True,True,True,valid
cand_87218c752d9c3cb71d73,fd,"drearning,irownchld",29350,True,True,True,valid
cand_4381fa6280a8df636342,fd,"drearning,drpincome",29351,True,True,True,valid
cand_f1bca4178a46836c5e42,fd,"drearning,irpob",29352,True,True,True,valid
cand_7d42259247289e45c18d,fd,"drearning,irrelchld",29353,True,True,True,valid
cand_698c5ae459bf4026786e,fd,"drearning,irspouse",29354,True,True,True,valid
cand_3c6bdbafd8c6c8a37616,fd,"drearning,irvetserv",29355,True,False,False,payload-null
cand_0d45b8b377f38e640f0c,fd,"drearning,ischool",29356,True,True,True,valid
cand_7aec1bc613c53205a8e0,fd,"drearning,isept80",29357,True,False,False,payload-null
cand_ecc018133e13d2b53d73,fd,"drearning,isex",29358,True,False,False,payload-null
cand_d3d267d230e117afcf76,fd,"drearning,isubfam1",29359,True,True,True,valid
cand_ba04cb26bdb69ff76808,fd,"drearning,isubfam2",29360,True,True,True,valid
cand_a75864e89a12ac9ddf5e,fd,"drearning,itmpabsnt",29361,True,False,False,payload-null
cand_7e17573c966b853093e4,fd,"drearning,dtravtime",29362,True,False,False,payload-null
cand_9fbf00a0b5f3c4aab17a,fd,"drearning,ivietnam",29363,True,False,False,payload-null
cand_900c8f589ad7374666a7,fd,"drearning,dweek89",29364,True,False,False,payload-null
cand_fb39b3286fc92328a7fa,fd,"drearning,iwork89",29365,True,True,True,valid
cand_13fc9746423023eba4d7,fd,"drearning,iworklwk",29366,True,False,False,payload-null
cand_b7d87c80102c9d841ebc,fd,"drearning,iwwii",29367,True,False,False,payload-null
cand_deaa00517496a79bf26e,fd,"drearning,iyearsch",29368,True,True,True,valid
cand_1bdea2aa93318cabbf7d,fd,"drearning,iyearwrk",29369,True,True,True,valid
cand_a2e22cffde92d73ec016,fd,"drearning,dyrsserv",29370,True,False,False,payload-null
cand_388b313f3a80a4575743,fd,"irelat1,irelat2",29371,True,True,True,valid
cand_8dfbc025b7bda3f5a01c,fd,"irelat1,iremplpar",29372,True,True,True,valid
cand_d61169980d4f4f43bcca,fd,"irelat1,iriders",29373,True,True,True,valid
cand_f8fc3de2815c95f87a0d,fd,"irelat1,irlabor",29374,True,False,False,payload-null
cand_930c1f2f50727cd00f7e,fd,"irelat1,irownchld",29375,True,True,True,valid
cand_3ab3060e699bfcc1d119,fd,"irelat1,drpincome",29376,True,False,False,payload-null
cand_0f7c16bc3d6e32129a05,fd,"irelat1,irpob",29377,True,True,True,valid
cand_c082b612dc83d9f1f25a,fd,"irelat1,irrelchld",29378,True,True,True,valid
cand_cdd8d79b2af5300f7418,fd,"irelat1,irspouse",29379,True,True,True,valid
cand_8fa777010d5ea0f1366e,fd,"irelat1,irvetserv",29380,True,False,False,payload-null
cand_69fb9d38b137242fbef3,fd,"irelat1,ischool",29381,True,False,False,payload-null
cand_8036569fe231122361ea,fd,"irelat1,isept80",29382,True,True,True,valid
cand_ab925c7eb9a3ad2fc7b2,fd,"irelat1,isex",29383,True,False,False,payload-null
cand_e6d81e8bf8dffdaa73ad,fd,"irelat1,isubfam1",29384,True,True,True,valid
cand_73b33db90558195cfe62,fd,"irelat1,isubfam2",29385,True,True,True,valid
cand_3e1a50eb51d831cf0bd3,fd,"irelat1,itmpabsnt",29386,True,False,False,payload-null
cand_e1bd2950c297cd0b9f2e,fd,"irelat1,dtravtime",29387,True,True,True,valid
cand_cd606394f8370b23d962,fd,"irelat1,ivietnam",29388,True,True,True,valid
cand_577fa0d6b75c5fa57741,fd,"irelat1,dweek89",29389,True,False,False,payload-null
cand_9098a9e144f2d4963c41,fd,"irelat1,iwork89",29390,True,False,False,payload-null
cand_c1e234d21d5039579ffd,fd,"irelat1,iworklwk",29391,True,False,False,payload-null
cand_0a2ee8f8d7af72859c42,fd,"irelat1,iwwii",29392,True,True,True,valid
cand_ca7fd4e86f76667d4490,fd,"irelat1,iyearsch",29393,True,False,False,payload-null
cand_57fbbad880d568b19c2b,fd,"irelat1,iyearwrk",29394,True,False,False,payload-null
cand_a7b18a9a07a44ec241c7,fd,"irelat1,dyrsserv",29395,True,False,False,payload-null
cand_1a4d61459c42fbe9dc98,fd,"irelat2,iremplpar",29396,True,True,True,valid
cand_eac91f7c136814d6f641,fd,"irelat2,iriders",29397,True,True,True,valid
cand_75b154885768172559b9,fd,"irelat2,irlabor",29398,True,True,True,valid
cand_55003fcf50aa64182680,fd,"irelat2,irownchld",29399,True,True,True,valid
cand_8cd4371c6e802e025e82,fd,"irelat2,drpincome",29400,True,True,True,valid
cand_a1504a1d773befa93633,fd,"irelat2,irpob",29401,True,True,True,valid
cand_a836b9330dcc21365575,fd,"irelat2,irrelchld",29402,True,True,True,valid
cand_7fa1bbeed5574f788849,fd,"irelat2,irspouse",29403,True,True,True,valid
cand_d0d0d4a4377bc63b4ebd,fd,"irelat2,irvetserv",29404,True,True,True,valid
cand_81812e52d33adef964b4,fd,"irelat2,ischool",29405,True,True,True,valid
cand_2063540318eb6c7ce3bb,fd,"irelat2,isept80",29406,True,True,True,valid
cand_c086c189a38bd3d24b44,fd,"irelat2,isex",29407,True,True,True,valid
cand_e6b6dd74a356a1b5a270,fd,"irelat2,isubfam1",29408,True,True,True,valid
cand_6688f1771cff1c65f52f,fd,"irelat2,isubfam2",29409,True,True,True,valid
cand_a13007ed3b146a1962f0,fd,"irelat2,itmpabsnt",29410,True,False,False,payload-null
cand_ed206228bb07c133f356,fd,"irelat2,dtravtime",29411,True,True,True,valid
cand_dd0cd4210f624fa93b14,fd,"irelat2,ivietnam",29412,True,True,True,valid
cand_c527b04e5b77b8cd74aa,fd,"irelat2,dweek89",29413,True,True,True,valid
cand_8bedfe5b81b588c24c8c,fd,"irelat2,iwork89",29414,True,True,True,valid
cand_2ccad55f6ef3b6e6965a,fd,"irelat2,iworklwk",29415,True,True,True,valid
cand_ea6c14ca61460ff1204e,fd,"irelat2,iwwii",29416,True,True,True,valid
cand_9c3c0c501c8b115b8805,fd,"irelat2,iyearsch",29417,True,True,True,valid
cand_e2b4f40ed387340b730b,fd,"irelat2,iyearwrk",29418,True,True,True,valid
cand_ea6d097f293fb740be22,fd,"irelat2,dyrsserv",29419,True,True,True,valid
cand_9bb75829529a9a7201f8,fd,"iremplpar,iriders",29420,True,True,True,valid
cand_a34f6d810e21793bcd77,fd,"iremplpar,irlabor",29421,True,True,True,valid
cand_32202b8fc4e2571726f6,fd,"iremplpar,irownchld",29422,True,True,True,valid
cand_e4d8ca3bb621de9af548,fd,"iremplpar,drpincome",29423,True,True,True,valid
cand_02eed22c0ad2411e17eb,fd,"iremplpar,irpob",29424,True,True,True,valid
cand_880cbe65511615fbc56f,fd,"iremplpar,irrelchld",29425,True,True,True,valid
cand_c4a175f54730615e9267,fd,"iremplpar,irspouse",29426,True,True,True,valid
cand_ac79328fe1fa4af58658,fd,"iremplpar,irvetserv",29427,True,True,True,valid
cand_68d64590a253275950d3,fd,"iremplpar,ischool",29428,True,False,False,payload-null
cand_17cfc9648a7301d356cc,fd,"iremplpar,isept80",29429,True,True,True,valid
cand_b17a0549e5ac293217d8,fd,"iremplpar,isex",29430,True,False,False,payload-null
cand_70c16dc1c0aa834235f6,fd,"iremplpar,isubfam1",29431,True,True,True,valid
cand_066acc3c5400a8b2c96a,fd,"iremplpar,isubfam2",29432,True,True,True,valid
cand_ca2de7bdebe1e7eb62e1,fd,"iremplpar,itmpabsnt",29433,True,True,True,valid
cand_0b80d37dc86e99585431,fd,"iremplpar,dtravtime",29434,True,True,True,valid
cand_b31facd74ab15ee0ff6e,fd,"iremplpar,ivietnam",29435,True,True,True,valid
cand_a8b6ee4e2c658a591a28,fd,"iremplpar,dweek89",29436,True,False,False,payload-null
cand_2f53cfd5d128e4d90f35,fd,"iremplpar,iwork89",29437,True,False,False,payload-null
cand_6ea37d11c86b92c14a0f,fd,"iremplpar,iworklwk",29438,True,False,False,payload-null
cand_93822189b5ccbcf3dc23,fd,"iremplpar,iwwii",29439,True,True,True,valid
cand_31be3464dcae716f6f37,fd,"iremplpar,iyearsch",29440,True,True,True,valid
cand_7264ed8dabf193959998,fd,"iremplpar,iyearwrk",29441,True,True,True,valid
cand_207143fc811bf825c35f,fd,"iremplpar,dyrsserv",29442,True,True,True,valid
cand_66aafdf1011548098646,fd,"iriders,irlabor",29443,True,True,True,valid
cand_f8e0d0991e34beb566c2,fd,"iriders,irownchld",29444,True,True,True,valid
cand_05a2171e3a32a1fb099f,fd,"iriders,drpincome",29445,True,False,False,payload-null
cand_f2cb4b484fc7c035e22c,fd,"iriders,irrelchld",29446,True,True,True,valid
cand_c349932497817b17f9a8,fd,"iriders,irspouse",29447,True,True,True,valid
cand_01556b5e1d63bebe74c0,fd,"iriders,irvetserv",29448,True,True,True,valid
cand_6625b09c626d28132748,fd,"iriders,ischool",29449,True,True,True,valid
cand_12337902eb76c67492d3,fd,"iriders,isept80",29450,True,True,True,valid
cand_16a5059de3d737d0e83d,fd,"iriders,isex",29451,True,False,False,payload-null
cand_b9dc166dca27265e8121,fd,"iriders,isubfam1",29452,True,True,True,valid
cand_fc8d40b8274950cb8fe9,fd,"iriders,isubfam2",29453,True,True,True,valid
cand_dc9dc52a9ccac9b52e68,fd,"iriders,itmpabsnt",29454,True,True,True,valid
cand_00defae32b3750fc6d05,fd,"iriders,dtravtime",29455,True,True,True,valid
cand_788eeaaa9be4bd8796a6,fd,"iriders,ivietnam",29456,True,True,True,valid
cand_4594e75b2efe08583a61,fd,"iriders,dweek89",29457,True,False,False,payload-null
cand_84d0b4633834322cfea9,fd,"iriders,iwork89",29458,True,True,True,valid
cand_d7e9e854ea55311d7b6a,fd,"iriders,iworklwk",29459,True,True,True,valid
cand_4bc6ef2d20310fb6aeb1,fd,"iriders,iyearsch",29460,True,True,True,valid
cand_62c6347bd6fcb95e6cdc,fd,"iriders,iyearwrk",29461,True,True,True,valid
cand_425cf44a90e5f05bf8de,fd,"iriders,dyrsserv",29462,True,True,True,valid
cand_00b6ac0c10ceb55e531c,fd,"irlabor,irownchld",29463,True,True,True,valid
cand_d5ebc58d3cbe276c29cf,fd,"irlabor,drpincome",29464,True,False,False,payload-null
cand_446c446ffb4479752209,fd,"irlabor,irpob",29465,True,True,True,valid
cand_3f97236671c627500605,fd,"irlabor,irrelchld",29466,True,True,True,valid
cand_b50e41268f1ab2657e45,fd,"irlabor,irspouse",29467,True,True,True,valid
cand_65c993c49819e1aa92d8,fd,"irlabor,irvetserv",29468,True,True,True,valid
cand_fd231ffa45cfc832c7c0,fd,"irlabor,ischool",29469,True,True,True,valid
cand_e81b9d36301c95283e96,fd,"irlabor,isept80",29470,True,True,True,valid
cand_99c305ef8e1214cd8389,fd,"irlabor,isex",29471,True,True,True,valid
cand_9f99407ef5a8fae680ff,fd,"irlabor,isubfam1",29472,True,True,True,valid
cand_281c9a14a746602b23d3,fd,"irlabor,isubfam2",29473,True,True,True,valid
cand_8b2162b633c94e53d57d,fd,"irlabor,itmpabsnt",29474,True,True,True,valid
cand_ff2e71c9fd074a364e0a,fd,"irlabor,dtravtime",29475,True,True,True,valid
cand_b0c0b51a03c2d991e5f2,fd,"irlabor,ivietnam",29476,True,True,True,valid
cand_f337c3802e994d32d8eb,fd,"irlabor,dweek89",29477,True,True,True,valid
cand_568de14b28bf6091b1d7,fd,"irlabor,iwork89",29478,True,True,True,valid
cand_d32f162074f1c861ce3e,fd,"irlabor,iworklwk",29479,True,True,True,valid
cand_d333ff3f3829b386f01d,fd,"irlabor,iwwii",29480,True,True,True,valid
cand_90727e644ffc41b78f84,fd,"irlabor,iyearsch",29481,True,True,True,valid
cand_8f416f9f30368e63f04f,fd,"irlabor,iyearwrk",29482,True,True,True,valid
cand_15ef53913c74cc495a26,fd,"irlabor,dyrsserv",29483,True,True,True,valid
cand_8695f13e5cc970c88fa2,fd,"irownchld,drpincome",29484,True,True,True,valid
cand_b8cbb6f897df619d696b,fd,"irownchld,irpob",29485,True,True,True,valid
cand_02cc784576213788e0c4,fd,"irownchld,irrelchld",29486,True,True,True,valid
cand_92c647b227733448c001,fd,"irownchld,irspouse",29487,True,True,True,valid
cand_7cc29f3b1fffd593fd30,fd,"irownchld,irvetserv",29488,True,True,True,valid
cand_133f01fb054425957767,fd,"irownchld,ischool",29489,True,False,False,payload-null
cand_2ff0aa97576e6fdd3e3a,fd,"irownchld,isept80",29490,True,True,True,valid
cand_0f1777e2953704cc2fb4,fd,"irownchld,isex",29491,True,False,False,payload-null
cand_e2561d0f55d83075d7ea,fd,"irownchld,isubfam1",29492,True,True,True,valid
cand_2f525e15a53a1ebdda1e,fd,"irownchld,isubfam2",29493,True,True,True,valid
cand_285de75c9a0594012db8,fd,"irownchld,itmpabsnt",29494,True,False,False,payload-null
cand_4af074fd46873450994f,fd,"irownchld,dtravtime",29495,True,False,False,payload-null
cand_7969028ec74cbe08d3aa,fd,"irownchld,ivietnam",29496,True,True,True,valid
cand_d6f1f6a6e5d193249bbc,fd,"irownchld,dweek89",29497,True,False,False,payload-null
cand_ba4403b3930c2159b0a3,fd,"irownchld,iwork89",29498,True,False,False,payload-null
cand_f33e119938bdd3b86978,fd,"irownchld,iworklwk",29499,True,False,False,payload-null
cand_8f7296baf336bca4a83f,fd,"irownchld,iwwii",29500,True,True,True,valid
cand_0c218f51e3dd092c41ab,fd,"irownchld,iyearsch",29501,True,True,True,valid
cand_0fc5c2853b96a8cceca5,fd,"irownchld,iyearwrk",29502,True,True,True,valid
cand_58cef92a7274f3076981,fd,"irownchld,dyrsserv",29503,True,True,True,valid
cand_33a3ed80c2d39fbb6dd0,fd,"drpincome,irpob",29504,True,True,True,valid
cand_56f441a5705cb4c5481b,fd,"drpincome,irrelchld",29505,True,True,True,valid
cand_f10d66823d982d22c061,fd,"drpincome,irspouse",29506,True,True,True,valid
cand_77464bf855393f6cd969,fd,"drpincome,irvetserv",29507,True,False,False,payload-null
cand_089825ade56d5c08cc38,fd,"drpincome,ischool",29508,True,True,True,valid
cand_6dfd9df5a56de9d751e7,fd,"drpincome,isept80",29509,True,True,True,valid
cand_58725faf39c4937675a3,fd,"drpincome,isex",29510,True,False,False,payload-null
cand_e7a254254124057e7304,fd,"drpincome,isubfam1",29511,True,True,True,valid
cand_d7340c44e36c5d27d400,fd,"drpincome,isubfam2",29512,True,True,True,valid
cand_6370194fccde39d9412d,fd,"drpincome,itmpabsnt",29513,True,False,False,payload-null
cand_dabc32e700367374a647,fd,"drpincome,dtravtime",29514,True,False,False,payload-null
cand_ab9a0fba8b0142368d08,fd,"drpincome,ivietnam",29515,True,False,False,payload-null
cand_3ad9335a7a43dc009eee,fd,"drpincome,dweek89",29516,True,False,False,payload-null
cand_47257261f5adccebaee8,fd,"drpincome,iwork89",29517,True,False,False,payload-null
cand_a191959280b42b726ecd,fd,"drpincome,iworklwk",29518,True,False,False,payload-null
cand_fcb114f63e308a8dd1dc,fd,"drpincome,iwwii",29519,True,True,True,valid
cand_6f90c84dd8800eae7fcc,fd,"drpincome,iyearsch",29520,True,True,True,valid
cand_a3cb9e590f75a94c6fdb,fd,"drpincome,iyearwrk",29521,True,False,False,payload-null
cand_7ce7d2a0f4d6f0f555d7,fd,"drpincome,dyrsserv",29522,True,False,False,payload-null
cand_b3e61d5da36104cd6f2e,fd,"irpob,irrelchld",29523,True,True,True,valid
cand_4e97a97475e8746c7edf,fd,"irpob,irspouse",29524,True,True,True,valid
cand_6165c354e6f20eab37c2,fd,"irpob,irvetserv",29525,True,True,True,valid
cand_93a0474c0e47a49688b6,fd,"irpob,ischool",29526,True,True,True,valid
cand_70d374b9386ea28d1008,fd,"irpob,isept80",29527,True,True,True,valid
cand_847df0f6e612cd20a9ff,fd,"irpob,isex",29528,True,True,True,valid
cand_9ff1d3b21240cf6ef3f2,fd,"irpob,isubfam1",29529,True,True,True,valid
cand_691437435c58b9f2b37f,fd,"irpob,isubfam2",29530,True,True,True,valid
cand_480ff7951aecf008e720,fd,"irpob,itmpabsnt",29531,True,True,True,valid
cand_309ab8ccb4c279966d15,fd,"irpob,dtravtime",29532,True,True,True,valid
cand_6ac1eb6f197003124268,fd,"irpob,ivietnam",29533,True,True,True,valid
cand_66830dbffc8de3c8ad2f,fd,"irpob,dweek89",29534,True,True,True,valid
cand_32a5c8e6c63d9c1b5f63,fd,"irpob,iwork89",29535,True,True,True,valid
cand_fc2cf210d685822c984b,fd,"irpob,iworklwk",29536,True,True,True,valid
cand_4adb4d20ad99efca2f44,fd,"irpob,iwwii",29537,True,True,True,valid
cand_a99b9f9fb9515dccd6b4,fd,"irpob,iyearsch",29538,True,True,True,valid
cand_8e7595dd92dd421172f1,fd,"irpob,iyearwrk",29539,True,True,True,valid
cand_a890fa06805eeb6279ea,fd,"irpob,dyrsserv",29540,True,True,True,valid
cand_424c76346a67a2f4d3b3,fd,"irrelchld,irspouse",29541,True,True,True,valid
cand_b8ff577598477c465375,fd,"irrelchld,irvetserv",29542,True,True,True,valid
cand_797b120d6efc58bc3fb9,fd,"irrelchld,ischool",29543,True,False,False,payload-null
cand_3813aec4715dbc9dfe80,fd,"irrelchld,isept80",29544,True,True,True,valid
cand_28bc7187176f5eadeaf1,fd,"irrelchld,isex",29545,True,False,False,payload-null
cand_ac6068ab5093b6be7a24,fd,"irrelchld,isubfam1",29546,True,True,True,valid
cand_13671b6b3574d4478f4b,fd,"irrelchld,isubfam2",29547,True,True,True,valid
cand_ecfea718e3ff8b7fc83f,fd,"irrelchld,itmpabsnt",29548,True,False,False,payload-null
cand_3e451543651bdeafe939,fd,"irrelchld,dtravtime",29549,True,False,False,payload-null
cand_ec3f090020f6ce265e52,fd,"irrelchld,ivietnam",29550,True,True,True,valid
cand_21970a0d36b2b085e59c,fd,"irrelchld,dweek89",29551,True,False,False,payload-null
cand_8d8b06f2274b2614a15a,fd,"irrelchld,iwork89",29552,True,False,False,payload-null
cand_64d2aa4e9388378f4f56,fd,"irrelchld,iworklwk",29553,True,False,False,payload-null
cand_1eb30f2dbce5b00e934a,fd,"irrelchld,iwwii",29554,True,True,True,valid
cand_e4ac395646d4006a6eb2,fd,"irrelchld,iyearsch",29555,True,True,True,valid
cand_de9e1bdaca8355530be3,fd,"irrelchld,iyearwrk",29556,True,True,True,valid
cand_20636b22ad1fcf740d6f,fd,"irrelchld,dyrsserv",29557,True,True,True,valid
cand_4c91444faa2d5560d8a4,fd,"irspouse,irvetserv",29558,True,True,True,valid
cand_e01fd6145cc6ae72af07,fd,"irspouse,ischool",29559,True,True,True,valid
cand_b99154c7ba4b84e1823c,fd,"irspouse,isept80",29560,True,True,True,valid
cand_c8327c40d0e871edfdc9,fd,"irspouse,isex",29561,True,False,False,payload-null
cand_d812f11a3cfcf7c0ad30,fd,"irspouse,isubfam1",29562,True,True,True,valid
cand_cd11a13d66906945b235,fd,"irspouse,isubfam2",29563,True,True,True,valid
cand_9cd102104e10a0a784f4,fd,"irspouse,itmpabsnt",29564,True,True,True,valid
cand_a7a4ced2f7da7381f9b1,fd,"irspouse,dtravtime",29565,True,True,True,valid
cand_3df81e43ad2e073fec87,fd,"irspouse,ivietnam",29566,True,True,True,valid
cand_696b6c56fa939e638e4f,fd,"irspouse,dweek89",29567,True,True,True,valid
cand_7e48514b1f02d9f47f3e,fd,"irspouse,iwork89",29568,True,True,True,valid
cand_280f3079c7f751af4cb6,fd,"irspouse,iworklwk",29569,True,False,False,payload-null
cand_15c4e431b3d2fec2c7e8,fd,"irspouse,iwwii",29570,True,True,True,valid
cand_152750c2fd69a847eb4d,fd,"irspouse,iyearsch",29571,True,True,True,valid
cand_9fc7218580ff3222ce1e,fd,"irspouse,iyearwrk",29572,True,True,True,valid
cand_f8a2d402c30b5184c5a5,fd,"irspouse,dyrsserv",29573,True,True,True,valid
cand_d45a6c65e9571602542f,fd,"irvetserv,ischool",29574,True,True,True,valid
cand_1867940cc4a62c140fb7,fd,"irvetserv,isept80",29575,True,True,True,valid
cand_60e675a7177027afb3a7,fd,"irvetserv,isex",29576,True,True,True,valid
cand_bd00cddc0d2e260e401e,fd,"irvetserv,isubfam1",29577,True,True,True,valid
cand_2623874631f0087e6e8d,fd,"irvetserv,isubfam2",29578,True,True,True,valid
cand_eac2887b66711cd5098e,fd,"irvetserv,itmpabsnt",29579,True,False,False,payload-null
cand_d7623ee16bd0d15154dd,fd,"irvetserv,dtravtime",29580,True,False,False,payload-null
cand_007e10e68a334aa68fe2,fd,"irvetserv,ivietnam",29581,True,True,True,valid
cand_829575b5d8b084e9a1c6,fd,"irvetserv,dweek89",29582,True,False,False,payload-null
cand_ce07f8531e1a42c0a36b,fd,"irvetserv,iwork89",29583,True,True,True,valid
cand_c00de15066c2e5403ec2,fd,"irvetserv,iworklwk",29584,True,False,False,payload-null
cand_375c72579f5cc6293a69,fd,"irvetserv,iwwii",29585,True,True,True,valid
cand_0f7454c67172cdda3eb3,fd,"irvetserv,iyearsch",29586,True,True,True,valid
cand_4f05508726a95029e4fd,fd,"irvetserv,iyearwrk",29587,True,True,True,valid
cand_452d1943ecac1b421912,fd,"irvetserv,dyrsserv",29588,True,True,True,valid
cand_0c333dedbe72b66a1c13,fd,"ischool,isept80",29589,True,True,True,valid
cand_38c695186dab96e41984,fd,"ischool,isex",29590,True,False,False,payload-null
cand_ec9cbf4040bbb9a14073,fd,"ischool,isubfam1",29591,True,False,False,payload-null
cand_e157db1395b7f9c8ef67,fd,"ischool,isubfam2",29592,True,True,True,valid
cand_6affda997c840d3edc6c,fd,"ischool,itmpabsnt",29593,True,True,True,valid
cand_15da9313cd73e3798866,fd,"ischool,dtravtime",29594,True,True,True,valid
cand_0aece1cf5794ff4eb98c,fd,"ischool,ivietnam",29595,True,True,True,valid
cand_98a8fa445c318d735838,fd,"ischool,dweek89",29596,True,True,True,valid
cand_1b2c8a9f7eb517a2afbf,fd,"ischool,iwork89",29597,True,True,True,valid
cand_9d7acb1d6705a7694ea8,fd,"ischool,iworklwk",29598,True,False,False,payload-null
cand_711b2c96e1eb100f8925,fd,"ischool,iwwii",29599,True,True,True,valid
cand_33fda49ed9e2582cd4c9,fd,"ischool,iyearsch",29600,True,True,True,valid
cand_021d40a58d236214e66d,fd,"ischool,iyearwrk",29601,True,True,True,valid
cand_c8bf520dba0209d80bef,fd,"ischool,dyrsserv",29602,True,True,True,valid
cand_35116d0ab5bf94c1bde8,fd,"isept80,isex",29603,True,False,False,payload-null
cand_5661a271d763c50d6a3a,fd,"isept80,isubfam1",29604,True,True,True,valid
cand_c26a15d10ce7e470d33a,fd,"isept80,isubfam2",29605,True,True,True,valid
cand_ecf62321d0aa40d4c577,fd,"isept80,itmpabsnt",29606,True,False,False,payload-null
cand_9273d1f84badc64fab13,fd,"isept80,dtravtime",29607,True,False,False,payload-null
cand_4c311e80076e3f2a2f1a,fd,"isept80,ivietnam",29608,True,False,False,payload-null
cand_b38dc1e6a0928bf8b260,fd,"isept80,dweek89",29609,True,False,False,payload-null
cand_bcb7ec3542265dfdece0,fd,"isept80,iwork89",29610,True,True,True,valid
cand_e3cb51d0bfd29bc92c69,fd,"isept80,iworklwk",29611,True,False,False,payload-null
cand_2dcf653b869393d7fc7e,fd,"isept80,iwwii",29612,True,False,False,payload-null
cand_2312172a7432a3b23b71,fd,"isept80,iyearsch",29613,True,True,True,valid
cand_f5c4295581153972c6a9,fd,"isept80,iyearwrk",29614,True,True,True,valid
cand_acc3aeeb75aebef29253,fd,"isept80,dyrsserv",29615,True,True,True,valid
cand_ee58a2cd5a73c142565e,fd,"isex,isubfam1",29616,True,False,False,payload-null
cand_5fb09f3bc883181d9a3c,fd,"isex,isubfam2",29617,True,True,True,valid
cand_e52ab15a0056c4297b33,fd,"isex,itmpabsnt",29618,True,False,False,payload-null
cand_ed347370531c1fc4b083,fd,"isex,dtravtime",29619,True,False,False,payload-null
cand_170e9858ba019a2c64f4,fd,"isex,ivietnam",29620,True,False,False,payload-null
cand_9c19b6395ebc8920e276,fd,"isex,dweek89",29621,True,False,False,payload-null
cand_c0d0789fed3799822a96,fd,"isex,iwork89",29622,True,False,False,payload-null
cand_2363a8edc7c9ffc0a3d1,fd,"isex,iworklwk",29623,True,False,False,payload-null
cand_382f714d11e33824cf74,fd,"isex,iwwii",29624,True,False,False,payload-null
cand_f5f1afaeda4087f5d215,fd,"isex,iyearsch",29625,True,False,False,payload-null
cand_ac9deb7c7b0209c3e824,fd,"isex,iyearwrk",29626,True,False,False,payload-null
cand_2a1adf51d62d31c622d3,fd,"isex,dyrsserv",29627,True,False,False,payload-null
cand_7e7004b029cb5d68f0e0,fd,"isubfam1,isubfam2",29628,True,True,True,valid
cand_b358401ad7531dee1ed9,fd,"isubfam1,itmpabsnt",29629,True,False,False,payload-null
cand_263d5b447e7c4584f92f,fd,"isubfam1,dtravtime",29630,True,False,False,payload-null
cand_368c52c74fa123bdb8cc,fd,"isubfam1,ivietnam",29631,True,True,True,valid
cand_37dab6f4d6944ff8464c,fd,"isubfam1,dweek89",29632,True,False,False,payload-null
cand_a42d21645669ce60df8b,fd,"isubfam1,iwork89",29633,True,False,False,payload-null
cand_7d6eec8d795de8386070,fd,"isubfam1,iworklwk",29634,True,False,False,payload-null
cand_525b5d06efc03524638f,fd,"isubfam1,iwwii",29635,True,True,True,valid
cand_3f2fa888dae172fbdac4,fd,"isubfam1,iyearsch",29636,True,True,True,valid
cand_c364ba1eb22b43ea5eb1,fd,"isubfam1,iyearwrk",29637,True,False,False,payload-null
cand_a9ddd76a184b2d597907,fd,"isubfam1,dyrsserv",29638,True,True,True,valid
cand_316bc4b9d2a9803f10d5,fd,"isubfam2,itmpabsnt",29639,True,True,True,valid
cand_99fc82dfaa7d296093a3,fd,"isubfam2,dtravtime",29640,True,True,True,valid
cand_b3c1636dcdb6aadbbafd,fd,"isubfam2,ivietnam",29641,True,True,True,valid
cand_aa3e57518f2ad33ab9fd,fd,"isubfam2,dweek89",29642,True,True,True,valid
cand_11679aa58f6a82242162,fd,"isubfam2,iwork89",29643,True,True,True,valid
cand_3455cebf26f2ae707158,fd,"isubfam2,iworklwk",29644,True,True,True,valid
cand_26798a77d5923295c026,fd,"isubfam2,iwwii",29645,True,True,True,valid
cand_4841b4cb99f680888eaa,fd,"isubfam2,iyearsch",29646,True,True,True,valid
cand_79969318cdd0c8185cfe,fd,"isubfam2,iyearwrk",29647,True,True,True,valid
cand_29b67ac7806f2339cae7,fd,"itmpabsnt,dtravtime",29648,True,True,True,valid
cand_08d2c0826a065670ce08,fd,"itmpabsnt,ivietnam",29649,True,False,False,payload-null
cand_0228c641f2480140e17d,fd,"itmpabsnt,dweek89",29650,True,False,False,payload-null
cand_19c9701467ad81a85e7d,fd,"itmpabsnt,iwork89",29651,True,True,True,valid
cand_a1230a389ee77cf389c7,fd,"itmpabsnt,iworklwk",29652,True,False,False,payload-null
cand_5ca9e1149705ddb07905,fd,"itmpabsnt,iwwii",29653,True,False,False,payload-null
cand_d9a7ec226d76b8456ca2,fd,"itmpabsnt,iyearsch",29654,True,True,True,valid
cand_1b34e6ab1363452bbbd7,fd,"itmpabsnt,dyrsserv",29655,True,False,False,payload-null
cand_4ad4bc25b4fa96c28790,fd,"dtravtime,ivietnam",29656,True,False,False,payload-null
cand_3e9f7285f17cea034d73,fd,"dtravtime,dweek89",29657,True,False,False,payload-null
cand_0bdf844e36ea7e2c70fc,fd,"dtravtime,iwork89",29658,True,True,True,valid
cand_fba3b7a10c3a5066abd2,fd,"dtravtime,iworklwk",29659,True,False,False,payload-null
cand_3cb11084a51640c184f7,fd,"dtravtime,iwwii",29660,True,False,False,payload-null
cand_20420247ebe07d4821a3,fd,"dtravtime,iyearsch",29661,True,True,True,valid
cand_10a2f8a94c773f1c4f3a,fd,"dtravtime,iyearwrk",29662,True,True,True,valid
cand_d9344f9a30731a7396a6,fd,"dtravtime,dyrsserv",29663,True,False,False,payload-null
cand_e648e366445a1928ca6c,fd,"ivietnam,dweek89",29664,True,False,False,payload-null
cand_1957dd09e46630702ffe,fd,"ivietnam,iwork89",29665,True,True,True,valid
cand_b23e5de93eaf5747447c,fd,"ivietnam,iworklwk",29666,True,False,False,payload-null
cand_1049cc62baf24e94b6ae,fd,"ivietnam,iwwii",29667,True,False,False,payload-null
cand_c8f0d076fb4a2adbeccb,fd,"ivietnam,iyearsch",29668,True,True,True,valid
cand_f520d3f4de46a61900e7,fd,"ivietnam,iyearwrk",29669,True,True,True,valid
cand_0bd0385a1252d56f1156,fd,"ivietnam,dyrsserv",29670,True,True,True,valid
cand_81e18e9a4eb2bd67f231,fd,"dweek89,iwork89",29671,True,True,True,valid
cand_4decef2811c0172a2e0f,fd,"dweek89,iworklwk",29672,True,False,False,payload-null
cand_7644c567a4d6866fa9b5,fd,"dweek89,iwwii",29673,True,False,False,payload-null
cand_6c44aee712ae51128c41,fd,"dweek89,iyearsch",29674,True,True,True,valid
cand_b6017b522f2faf575857,fd,"dweek89,iyearwrk",29675,True,True,True,valid
cand_4c64337b2a83f845b493,fd,"dweek89,dyrsserv",29676,True,False,False,payload-null
cand_99623755c2ab062bf743,fd,"iwork89,iworklwk",29677,True,False,False,payload-null
cand_61906de94f0080acfd98,fd,"iwork89,iwwii",29678,True,True,True,valid
cand_2846038398aa578c2b74,fd,"iwork89,iyearsch",29679,True,True,True,valid
cand_a624daf74003ce0aa81b,fd,"iwork89,iyearwrk",29680,True,True,True,valid
cand_3f62a5f90d7aa642efb9,fd,"iwork89,dyrsserv",29681,True,True,True,valid
cand_7bc5c5680a7d6c297a98,fd,"iworklwk,iwwii",29682,True,False,False,payload-null
cand_93efe2e1c9938ccf7552,fd,"iworklwk,iyearsch",29683,True,False,False,payload-null
cand_ae2cf7ec2df04b525983,fd,"iworklwk,iyearwrk",29684,True,False,False,payload-null
cand_45880507e5c587f8353e,fd,"iworklwk,dyrsserv",29685,True,False,False,payload-null
cand_e06d2f4c210730d34374,fd,"iwwii,iyearsch",29686,True,True,True,valid
cand_c99b60361ba985104fb5,fd,"iwwii,iyearwrk",29687,True,True,True,valid
cand_816fc4ad1ff18afee18d,fd,"iwwii,dyrsserv",29688,True,True,True,valid
cand_a358c9a5297320e4b580,fd,"iyearsch,iyearwrk",29689,True,True,True,valid
cand_d53c719b31f92c272315,fd,"iyearsch,dyrsserv",29690,True,True,True,valid
cand_b3d1d226ccb34a438c1c,fd,"iyearwrk,dyrsserv",29691,True,True,True,valid
